axis,donor_index,to1_index,to2_index,step,minimum_corner_weight,loss00,loss10,loss01,loss11,interaction_loss,complementarity_benefit,all_corners_training_hull_supported,is_empirical_complementarity_evidence
Q_A_topsis_0_1,0,1,2,0.0005078420881752764,0.0018266505543980808,2.3855781852659437,2.385656028572577,2.3844226061686635,2.3845004494752975,4.440892098500626e-16,-4.440892098500626e-16,True,False
Q_A_topsis_0_1,0,1,3,0.001,0.0018726389675587085,2.3855781852659437,2.3857314677693955,2.3855188357097497,2.385672118213201,-4.440892098500626e-16,4.440892098500626e-16,True,False
Q_A_topsis_0_1,0,1,4,0.001,0.0018750907876170918,2.3855781852659437,2.3857314677693955,2.3854250056248842,2.385578288128336,0.0,-0.0,True,False
Q_A_topsis_0_1,0,1,5,0.001,0.001868061831854567,2.3855781852659437,2.3857314677693955,2.3841764511955996,2.384329733699052,4.440892098500626e-16,-4.440892098500626e-16,True,False
Q_A_topsis_0_1,0,1,6,0.001,0.0018764001451444959,2.3855781852659437,2.3857314677693955,2.3858000151730048,2.3859532976764566,0.0,-0.0,True,False
Q_A_topsis_0_1,0,1,7,0.0004929559886726816,0.0018519866191583304,2.3855781852659437,2.385653746793979,2.3834134497014676,2.383489011229503,0.0,-0.0,True,False
Q_A_topsis_0_1,0,1,8,0.001,0.0018731137311515966,2.3855781852659437,2.3857314677693955,2.3852908973656763,2.385444179869128,0.0,-0.0,True,False
Q_A_topsis_0_1,0,1,9,0.0002058725585497028,0.0018822916036562865,2.3855781852659437,2.3856097419271105,2.3846334990376294,2.3846650556987963,0.0,-0.0,True,False
Q_A_topsis_0_1,0,1,10,0.001,0.0018702096757874935,2.3855781852659437,2.3857314677693955,2.385252300352736,2.3854055828561878,0.0,-0.0,True,False
Q_A_topsis_0_1,0,1,11,0.001,0.0018752868405773474,2.3855781852659437,2.3857314677693955,2.385446222744704,2.385599505248156,0.0,-0.0,True,False
Q_A_topsis_0_1,0,1,12,0.001,0.0018551435226511082,2.3855781852659437,2.3857314677693955,2.3832599002932566,2.383413182796709,4.440892098500626e-16,-4.440892098500626e-16,True,False
Q_A_topsis_0_1,0,1,13,0.001,0.0018455800415628075,2.3855781852659437,2.3857314677693955,2.384283486089201,2.3844367685926526,0.0,-0.0,True,False
Q_A_topsis_0_1,0,1,14,0.001,0.0018352363994991745,2.3855781852659437,2.3857314677693955,2.3835569802044962,2.3837102627079485,4.440892098500626e-16,-4.440892098500626e-16,True,False
Q_A_topsis_0_1,0,1,15,0.001,0.0018729022401284883,2.3855781852659437,2.3857314677693955,2.38523977222687,2.3853930547303213,-4.440892098500626e-16,4.440892098500626e-16,True,False
Q_A_topsis_0_1,0,1,16,0.001,0.0018756733900869896,2.3855781852659437,2.3857314677693955,2.3854495335266876,2.3856028160301395,0.0,-0.0,True,False
Q_A_topsis_0_1,0,2,3,0.0005128720771091377,0.0018256547515307236,2.3855781852659437,2.384411160583103,2.385547746535783,2.384380721852942,0.0,-0.0,True,False
Q_A_topsis_0_1,0,2,4,0.0005103094800106895,0.0018300201682804691,2.3855781852659437,2.3844169916942115,2.3855000162429665,2.3843388226712343,0.0,-0.0,True,False
Q_A_topsis_0_1,0,2,5,0.0005037505364682142,0.0018252197937921619,2.3855781852659437,2.3844319163690946,2.384872060976022,2.383725792079173,0.0,-0.0,True,False
Q_A_topsis_0_1,0,2,6,0.0005115136027635266,0.0018246804286910963,2.3855781852659437,2.384414251749815,2.385691654280905,2.3845277207647766,4.440892098500626e-16,-4.440892098500626e-16,True,False
Q_A_topsis_0_1,0,2,7,0.0003229484609717128,0.0018461041775654334,2.3855781852659437,2.384843325947098,2.384160009941934,2.3834251506230886,4.440892098500626e-16,-4.440892098500626e-16,True,False
Q_A_topsis_0_1,0,2,8,0.0005127876160141002,0.0018247110686122482,2.3855781852659437,2.3844113527717345,2.3854308675884557,2.384264035094247,4.440892098500626e-16,-4.440892098500626e-16,True,False
Q_A_topsis_0_1,0,2,9,0.00019633702745256552,0.0018616890626250455,2.3855781852659437,2.385131426381186,2.3846772546744694,2.3842304957897116,0.0,-0.0,True,False
Q_A_topsis_0_1,0,2,10,0.0005080683193920412,0.0018210640447891117,2.3855781852659437,2.384422091386468,2.385412613465775,2.384256519586299,-4.440892098500626e-16,4.440892098500626e-16,True,False
Q_A_topsis_0_1,0,2,11,0.0005128648285276837,0.001826018588515594,2.3855781852659437,2.3844111770770278,2.385510506330116,2.3843434981412,0.0,-0.0,True,False
Q_A_topsis_0_1,0,2,12,0.0004567737093835837,0.0018279390472888493,2.3855781852659437,2.384538810698453,2.3845192536395614,2.3834798790720706,0.0,-0.0,True,False
Q_A_topsis_0_1,0,2,13,0.00047045312874173083,0.0018188684305099892,2.3855781852659437,2.38450768359922,2.3849690899874654,2.383898588320742,4.440892098500626e-16,-4.440892098500626e-16,True,False
Q_A_topsis_0_1,0,2,14,0.00045882315087658783,0.0018492551600183616,2.3855781852659437,2.3845341472571873,2.3846508095910828,2.3836067715823264,0.0,-0.0,True,False
Q_A_topsis_0_1,0,2,15,0.0004746031452597716,0.001832561869358216,2.3855781852659437,2.384498240363905,2.3854175733732026,2.3843376284711635,-4.440892098500626e-16,4.440892098500626e-16,True,False
Q_A_topsis_0_1,0,2,16,0.0005121654783729103,0.0018286364665256695,2.3855781852659437,2.3844127684268575,2.385512294286364,2.384346877447278,0.0,-0.0,True,False
Q_A_topsis_0_1,0,3,4,0.001,0.0018749945582302856,2.3855781852659437,2.3855188357097497,2.3854250056248842,2.3853656560686898,-4.440892098500626e-16,4.440892098500626e-16,True,False
Q_A_topsis_0_1,0,3,5,0.001,0.00186759989616445,2.3855781852659437,2.3855188357097497,2.3841764511955996,2.3841171016394056,0.0,-0.0,True,False
Q_A_topsis_0_1,0,3,6,0.001,0.0018759382094543787,2.3855781852659437,2.3855188357097497,2.3858000151730048,2.3857406656168108,0.0,-0.0,True,False
Q_A_topsis_0_1,0,3,7,0.0004942223216713174,0.00185172680921174,2.3855781852659437,2.385548853390491,2.3834078888073074,2.383378556931855,0.0,-0.0,True,False
Q_A_topsis_0_1,0,3,8,0.001,0.0018726517954614794,2.3855781852659437,2.3855188357097497,2.3852908973656763,2.3852315478094823,0.0,-0.0,True,False
Q_A_topsis_0_1,0,3,9,0.00020387336597682237,0.0018829794544358166,2.3855781852659437,2.3855660854721528,2.384642672721119,2.3846305729273287,4.440892098500626e-16,-4.440892098500626e-16,True,False
Q_A_topsis_0_1,0,3,10,0.001,0.001869107552021912,2.3855781852659437,2.3855188357097497,2.385252300352736,2.3851929507965415,-4.440892098500626e-16,4.440892098500626e-16,True,False
Q_A_topsis_0_1,0,3,11,0.001,0.0018748249048872302,2.3855781852659437,2.3855188357097497,2.385446222744704,2.38538687318851,0.0,-0.0,True,False
Q_A_topsis_0_1,0,3,12,0.001,0.0018569201843287282,2.3855781852659437,2.3855188357097497,2.3832599002932566,2.383200550737062,-4.440892098500626e-16,4.440892098500626e-16,True,False
Q_A_topsis_0_1,0,3,13,0.001,0.0018455537952373274,2.3855781852659437,2.3855188357097497,2.384283486089201,2.3842241365330064,-4.440892098500626e-16,4.440892098500626e-16,True,False
Q_A_topsis_0_1,0,3,14,0.001,0.0018267138427613878,2.3855781852659437,2.3855188357097497,2.3835569802044962,2.383497630648302,-4.440892098500626e-16,4.440892098500626e-16,True,False
Q_A_topsis_0_1,0,3,15,0.001,0.0018724403044383712,2.3855781852659437,2.3855188357097497,2.38523977222687,2.3851804226706754,-4.440892098500626e-16,4.440892098500626e-16,True,False
Q_A_topsis_0_1,0,3,16,0.001,0.0018758249892833032,2.3855781852659437,2.3855188357097497,2.3854495335266876,2.3853901839704936,0.0,-0.0,True,False
Q_A_topsis_0_1,0,4,5,0.001,0.0018691803237610202,2.3855781852659437,2.3854250056248842,2.3841764511955996,2.3840232715545406,4.440892098500626e-16,-4.440892098500626e-16,True,False
Q_A_topsis_0_1,0,4,6,0.001,0.001878133475795524,2.3855781852659437,2.3854250056248842,2.3858000151730048,2.3856468355319453,0.0,-0.0,True,False
Q_A_topsis_0_1,0,4,7,0.0004939927130071343,0.001850556396846851,2.3855781852659437,2.3855025156394793,2.3834088970961864,2.383333227469722,0.0,-0.0,True,False
Q_A_topsis_0_1,0,4,8,0.001,0.0018750162325799108,2.3855781852659437,2.3854250056248842,2.3852908973656763,2.3851377177246174,4.440892098500626e-16,-4.440892098500626e-16,True,False
Q_A_topsis_0_1,0,4,9,0.00020603495184768006,0.001881909501381561,2.3855781852659437,2.3855466249059742,2.3846327538644347,2.3846011935044653,0.0,-0.0,True,False
Q_A_topsis_0_1,0,4,10,0.001,0.0018692726335182324,2.3855781852659437,2.3854250056248842,2.385252300352736,2.3850991207116765,0.0,-0.0,True,False
Q_A_topsis_0_1,0,4,11,0.001,0.001877397364901979,2.3855781852659437,2.3854250056248842,2.385446222744704,2.385293043103645,4.440892098500626e-16,-4.440892098500626e-16,True,False
Q_A_topsis_0_1,0,4,12,0.001,0.0018563537836717493,2.3855781852659437,2.3854250056248842,2.3832599002932566,2.383106720652197,0.0,-0.0,True,False
Q_A_topsis_0_1,0,4,13,0.001,0.0018464744353615247,2.3855781852659437,2.3854250056248842,2.384283486089201,2.384130306448141,-4.440892098500626e-16,4.440892098500626e-16,True,False
Q_A_topsis_0_1,0,4,14,0.001,0.0018230804198250438,2.3855781852659437,2.3854250056248842,2.3835569802044962,2.383403800563437,0.0,-0.0,True,False
Q_A_topsis_0_1,0,4,15,0.001,0.001874269547151095,2.3855781852659437,2.3854250056248842,2.38523977222687,2.38508659258581,-4.440892098500626e-16,4.440892098500626e-16,True,False
Q_A_topsis_0_1,0,4,16,0.001,0.0018766393229577548,2.3855781852659437,2.3854250056248842,2.3854495335266876,2.385296353885628,0.0,-0.0,True,False
Q_A_topsis_0_1,0,5,6,0.001,0.0018713610737502372,2.3855781852659437,2.3841764511955996,2.3858000151730048,2.384398281102661,4.440892098500626e-16,-4.440892098500626e-16,True,False
Q_A_topsis_0_1,0,5,7,0.0004744449616161041,0.0018557844740322708,2.3855781852659437,2.3849131395987433,2.3834947378479248,2.382829692180725,4.440892098500626e-16,-4.440892098500626e-16,True,False
Q_A_topsis_0_1,0,5,8,0.001,0.001868074659757338,2.3855781852659437,2.3841764511955996,2.3852908973656763,2.3838891632953327,4.440892098500626e-16,-4.440892098500626e-16,True,False
Q_A_topsis_0_1,0,5,9,0.00020478655080546646,0.0018770188157524184,2.3855781852659437,2.3852911289805316,2.384638482395135,2.384351426109723,0.0,-0.0,True,False
Q_A_topsis_0_1,0,5,10,0.001,0.0018649299879509285,2.3855781852659437,2.3841764511955996,2.385252300352736,2.3838505662823914,-4.440892098500626e-16,4.440892098500626e-16,True,False
Q_A_topsis_0_1,0,5,11,0.001,0.0018702477691830888,2.3855781852659437,2.3841764511955996,2.385446222744704,2.3840444886743604,4.440892098500626e-16,-4.440892098500626e-16,True,False
Q_A_topsis_0_1,0,5,12,0.001,0.001855669631317382,2.3855781852659437,2.3841764511955996,2.3832599002932566,2.3818581662229126,0.0,-0.0,True,False
Q_A_topsis_0_1,0,5,13,0.001,0.0018311820164108002,2.3855781852659437,2.3841764511955996,2.384283486089201,2.3828817520188568,0.0,-0.0,True,False
Q_A_topsis_0_1,0,5,14,0.0009219625080533301,0.0018274874229202607,2.3855781852659437,2.384285839006826,2.3837147099782015,2.3824223637190833,-4.440892098500626e-16,4.440892098500626e-16,True,False
Q_A_topsis_0_1,0,5,15,0.001,0.0018678631687342297,2.3855781852659437,2.3841764511955996,2.38523977222687,2.383838038156526,0.0,-0.0,True,False
Q_A_topsis_0_1,0,5,16,0.001,0.001869906911366887,2.3855781852659437,2.3841764511955996,2.3854495335266876,2.3840477994563436,0.0,-0.0,True,False
Q_A_topsis_0_1,0,6,7,0.00047602325031265136,0.0018554606610206887,2.3855781852659437,2.3856837814593193,2.3834878070513614,2.383593403244737,0.0,-0.0,True,False
Q_A_topsis_0_1,0,6,8,0.001,0.0018764129730472667,2.3855781852659437,2.3858000151730048,2.3852908973656763,2.3855127272727374,0.0,-0.0,True,False
Q_A_topsis_0_1,0,6,9,0.00020622065583120067,0.0018821718358111683,2.3855781852659437,2.385623931174861,2.3846319017256308,2.3846776476345477,-4.440892098500626e-16,4.440892098500626e-16,True,False
Q_A_topsis_0_1,0,6,10,0.001,0.0018731078529845868,2.3855781852659437,2.3858000151730048,2.385252300352736,2.385474130259797,0.0,-0.0,True,False
Q_A_topsis_0_1,0,6,11,0.001,0.0018785860824730176,2.3855781852659437,2.3858000151730048,2.385446222744704,2.3856680526517655,4.440892098500626e-16,-4.440892098500626e-16,True,False
Q_A_topsis_0_1,0,6,12,0.001,0.0018572038018526307,2.3855781852659437,2.3858000151730048,2.3832599002932566,2.3834817302003177,0.0,-0.0,True,False
Q_A_topsis_0_1,0,6,13,0.001,0.0018486213046482955,2.3855781852659437,2.3858000151730048,2.384283486089201,2.3845053159962615,-4.440892098500626e-16,4.440892098500626e-16,True,False
Q_A_topsis_0_1,0,6,14,0.001,0.0018301048744061535,2.3855781852659437,2.3858000151730048,2.3835569802044962,2.3837788101115573,0.0,-0.0,True,False
Q_A_topsis_0_1,0,6,15,0.001,0.0018762014820241585,2.3855781852659437,2.3858000151730048,2.38523977222687,2.385461602133931,0.0,-0.0,True,False
Q_A_topsis_0_1,0,6,16,0.001,0.0018788924986942713,2.3855781852659437,2.3858000151730048,2.3854495335266876,2.3856713634337487,0.0,-0.0,True,False
Q_A_topsis_0_1,0,7,8,0.0004924031365207104,0.0018521000462649688,2.3855781852659437,2.3834158774612324,2.3854367238027674,2.3832744159980566,4.440892098500626e-16,-4.440892098500626e-16,True,False
Q_A_topsis_0_1,0,7,9,0.00018616760038207893,0.001878234988435371,2.3855781852659437,2.384760660710485,2.3847239190661247,2.383906394510666,0.0,-0.0,True,False
Q_A_topsis_0_1,0,7,10,0.00048703283313126193,0.0018532018561667,2.3855781852659437,2.383439460269853,2.385419468613389,2.383280743617299,4.440892098500626e-16,-4.440892098500626e-16,True,False
Q_A_topsis_0_1,0,7,11,0.0004940614411185312,0.0018517598166180637,2.3855781852659437,2.383408595287931,2.3855129876725263,2.3833433976945138,0.0,-0.0,True,False
Q_A_topsis_0_1,0,7,12,0.0004858792445405099,0.0018305123441610363,2.3855781852659437,2.383444526065394,2.384451778714785,2.382318119514235,0.0,-0.0,True,False
Q_A_topsis_0_1,0,7,13,0.0004752983804234408,0.0018344613184716166,2.3855781852659437,2.3834909901988732,2.3849628168441024,2.382875621777031,-8.881784197001252e-16,8.881784197001252e-16,True,False
Q_A_topsis_0_1,0,7,14,0.000462231379098248,0.0018456190842860182,2.3855781852659437,2.3835483717971084,2.3846439208629504,2.382614107394115,0.0,-0.0,True,False
Q_A_topsis_0_1,0,7,15,0.0004940086273554212,0.0018517706522679185,2.3855781852659437,2.3834088272109297,2.3854110063050316,2.3832416482500176,0.0,-0.0,True,False
Q_A_topsis_0_1,0,7,16,0.0004926438107742593,0.00185031941115398,2.3855781852659437,2.3834148205796284,2.385514805782854,2.3833514410965386,0.0,-0.0,True,False
Q_A_topsis_0_1,0,8,9,0.0002058083478348299,0.001882251598724808,2.385578185265944,2.385519059017837,2.3846337936809685,2.3845746674328616,4.440892098500626e-16,-4.440892098500626e-16,True,False
Q_A_topsis_0_1,0,8,10,0.001,0.0018702225036902644,2.3855781852659437,2.3852908973656763,2.385252300352736,2.3849650124524686,0.0,-0.0,True,False
Q_A_topsis_0_1,0,8,11,0.001,0.0018752996684801182,2.3855781852659437,2.3852908973656763,2.385446222744704,2.385158934844437,4.440892098500626e-16,-4.440892098500626e-16,True,False
Q_A_topsis_0_1,0,8,12,0.001,0.0018562726624715123,2.3855781852659437,2.3852908973656763,2.3832599002932566,2.3829726123929897,4.440892098500626e-16,-4.440892098500626e-16,True,False
Q_A_topsis_0_1,0,8,13,0.001,0.0018459349206691794,2.3855781852659437,2.3852908973656763,2.3842834860892004,2.3839961981889335,4.440892098500626e-16,-4.440892098500626e-16,True,False
Q_A_topsis_0_1,0,8,14,0.001,0.001827557784386793,2.3855781852659437,2.3852908973656763,2.3835569802044962,2.3832696923042294,4.440892098500626e-16,-4.440892098500626e-16,True,False
Q_A_topsis_0_1,0,8,15,0.001,0.0018729150680312592,2.3855781852659437,2.3852908973656763,2.3852397722268694,2.384952484326603,8.881784197001252e-16,-8.881784197001252e-16,True,False
Q_A_topsis_0_1,0,8,16,0.001,0.0018755988350498086,2.3855781852659437,2.3852908973656763,2.3854495335266876,2.3851622456264208,4.440892098500626e-16,-4.440892098500626e-16,True,False
Q_A_topsis_0_1,0,9,10,0.00020519812164724194,0.0018791807628922566,2.3855781852659437,2.384636593822375,2.38551131429388,2.3845697228503115,4.440892098500626e-16,-4.440892098500626e-16,True,False
Q_A_topsis_0_1,0,9,11,0.0002061869316992268,0.001882183439080799,2.3855781852659437,2.384632056475362,2.38555097631859,2.384604847528008,0.0,-0.0,True,False
Q_A_topsis_0_1,0,9,12,0.0001967976784437209,0.0018854139458656953,2.3855781852659437,2.3846751408879086,2.385121952165348,2.384218907787313,0.0,-0.0,True,False
Q_A_topsis_0_1,0,9,13,0.00020348687641240658,0.0018758457175461155,2.3855781852659437,2.3846444462035663,2.3853147309745744,2.384380991912197,0.0,-0.0,True,False
Q_A_topsis_0_1,0,9,14,0.0001925140159875051,0.0018724961447158528,2.3855781852659437,2.384694797305246,2.38518907496243,2.3843056870017327,4.440892098500626e-16,-4.440892098500626e-16,True,False
Q_A_topsis_0_1,0,9,15,0.0002057619128890874,0.0018823296728773004,2.3855781852659437,2.3846340067567375,2.385508552751677,2.3845643742424714,4.440892098500626e-16,-4.440892098500626e-16,True,False
Q_A_topsis_0_1,0,9,16,0.00020602611152755495,0.00188111181035182,2.3855781852659437,2.3846327944299612,2.3855516796483633,2.384606288812381,0.0,-0.0,True,False
Q_A_topsis_0_1,0,10,11,0.001,0.001871510358693605,2.3855781852659437,2.385252300352736,2.385446222744704,2.3851203378314962,0.0,-0.0,True,False
Q_A_topsis_0_1,0,10,12,0.001,0.0018552257902328332,2.3855781852659437,2.385252300352736,2.3832599002932566,2.382934015380049,0.0,-0.0,True,False
Q_A_topsis_0_1,0,10,13,0.001,0.0018461787774508931,2.3855781852659437,2.385252300352736,2.3842834860892004,2.3839576011759926,0.0,-0.0,True,False
Q_A_topsis_0_1,0,10,14,0.001,0.0018127194570174859,2.3855781852659437,2.385252300352736,2.3835569802044962,2.383231095291289,4.440892098500626e-16,-4.440892098500626e-16,True,False
Q_A_topsis_0_1,0,10,15,0.001,0.0018683825409427212,2.3855781852659437,2.385252300352736,2.3852397722268694,2.3849138873136617,0.0,-0.0,True,False
Q_A_topsis_0_1,0,10,16,0.001,0.0018707523167493811,2.3855781852659437,2.385252300352736,2.3854495335266876,2.38512364861348,0.0,-0.0,True,False
Q_A_topsis_0_1,0,11,12,0.001,0.00185850988539155,2.3855781852659437,2.385446222744704,2.3832599002932566,2.383127937772017,0.0,-0.0,True,False
Q_A_topsis_0_1,0,11,13,0.001,0.0018490042240712622,2.3855781852659437,2.385446222744704,2.3842834860892004,2.3841515235679607,0.0,-0.0,True,False
Q_A_topsis_0_1,0,11,14,0.001,0.001826654541493812,2.3855781852659437,2.385446222744704,2.3835569802044962,2.383425017683257,4.440892098500626e-16,-4.440892098500626e-16,True,False
Q_A_topsis_0_1,0,11,15,0.001,0.0018750881774570103,2.3855781852659437,2.385446222744704,2.3852397722268694,2.38510780970563,4.440892098500626e-16,-4.440892098500626e-16,True,False
Q_A_topsis_0_1,0,11,16,0.001,0.0018781969281941467,2.3855781852659437,2.385446222744704,2.3854495335266876,2.3853175710054484,4.440892098500626e-16,-4.440892098500626e-16,True,False
Q_A_topsis_0_1,0,12,13,0.000979800872921985,0.0018254127718766654,2.3855781852659437,2.383306727626023,2.3843096378823994,2.382038180242479,0.0,-0.0,True,False
Q_A_topsis_0_1,0,12,14,0.001,0.0018101416104737017,2.3855781852659437,2.3832599002932566,2.3835569802044962,2.381238695231809,0.0,-0.0,True,False
Q_A_topsis_0_1,0,12,15,0.001,0.0018565358736490724,2.3855781852659437,2.3832599002932566,2.3852397722268694,2.3829214872541824,0.0,-0.0,True,False
Q_A_topsis_0_1,0,12,16,0.001,0.0018569871261110693,2.3855781852659437,2.3832599002932566,2.3854495335266876,2.3831312485540006,0.0,-0.0,True,False
Q_A_topsis_0_1,0,13,14,0.0005903303731249064,0.001865626508018335,2.3855781852659437,2.384813885017852,2.384385006527858,2.3836207062797663,0.0,-0.0,True,False
Q_A_topsis_0_1,0,13,15,0.001,0.0018456068460152764,2.3855781852659437,2.3842834860892004,2.3852397722268694,2.3839450730501266,4.440892098500626e-16,-4.440892098500626e-16,True,False
Q_A_topsis_0_1,0,13,16,0.001,0.001847233458260272,2.3855781852659437,2.3842834860892004,2.3854495335266876,2.3841548343499444,0.0,-0.0,True,False
Q_A_topsis_0_1,0,14,15,0.001,0.001822683317818443,2.3855781852659437,2.3835569802044962,2.3852397722268694,2.3832185671654225,4.440892098500626e-16,-4.440892098500626e-16,True,False
Q_A_topsis_0_1,0,14,16,0.001,0.0018250403498995572,2.3855781852659437,2.3835569802044962,2.3854495335266876,2.3834283284652407,4.440892098500626e-16,-4.440892098500626e-16,True,False
Q_A_topsis_0_1,0,15,16,0.001,0.0018757492303822436,2.3855781852659437,2.3852397722268694,2.3854495335266876,2.385111120487614,4.440892098500626e-16,-4.440892098500626e-16,True,False
Q_A_topsis_0_1,1,0,2,0.0005156482544246566,0.0018473033366562645,2.3855781852659437,2.385499145410605,2.384325803621422,2.384246763766083,-4.440892098500626e-16,4.440892098500626e-16,True,False
Q_A_topsis_0_1,1,0,3,0.001,0.0018523324459310494,2.3855781852659437,2.385424902762492,2.3853655532062974,2.3852122707028456,0.0,-0.0,True,False
Q_A_topsis_0_1,1,0,4,0.001,0.0018535419647677674,2.3855781852659437,2.385424902762492,2.3852717231214324,2.3851184406179806,0.0,-0.0,True,False
Q_A_topsis_0_1,1,0,5,0.001,0.0018350440414748425,2.3855781852659437,2.385424902762492,2.384023168692148,2.383869886188696,0.0,-0.0,True,False
Q_A_topsis_0_1,1,0,6,0.001,0.00185515223864049,2.3855781852659437,2.385424902762492,2.385646732669553,2.385493450166101,0.0,-0.0,True,False
Q_A_topsis_0_1,1,0,7,0.0004910185151886694,0.0018482155285736831,2.3855781852659437,2.385502920718694,2.3833466932520047,2.3832714287047554,4.440892098500626e-16,-4.440892098500626e-16,True,False
Q_A_topsis_0_1,1,0,8,0.001,0.0018537174835859757,2.3855781852659437,2.385424902762492,2.3851376148622245,2.3849843323587727,0.0,-0.0,True,False
Q_A_topsis_0_1,1,0,9,0.00020625465927938603,0.0018804937264666698,2.3855781852659437,2.3855465700354204,2.38460013046368,2.3845685152331573,4.440892098500626e-16,-4.440892098500626e-16,True,False
Q_A_topsis_0_1,1,0,10,0.001,0.0018483305172966027,2.3855781852659437,2.385424902762492,2.3850990178492837,2.384945735345832,0.0,-0.0,True,False
Q_A_topsis_0_1,1,0,11,0.001,0.0018551087843989508,2.3855781852659437,2.385424902762492,2.385292940241252,2.3851396577378,-4.440892098500626e-16,4.440892098500626e-16,True,False
Q_A_topsis_0_1,1,0,12,0.001,0.0018512874299246181,2.3855781852659437,2.385424902762492,2.383106617789805,2.382953335286353,0.0,-0.0,True,False
Q_A_topsis_0_1,1,0,13,0.001,0.0018222530294978929,2.3855781852659437,2.385424902762492,2.3841302035857486,2.3839769210822968,0.0,-0.0,True,False
Q_A_topsis_0_1,1,0,14,0.001,0.0018098205626884852,2.3855781852659437,2.385424902762492,2.3834036977010444,2.3832504151975926,0.0,-0.0,True,False
Q_A_topsis_0_1,1,0,15,0.001,0.0018518196151781818,2.3855781852659437,2.385424902762492,2.3850864897234176,2.384933207219966,0.0,-0.0,True,False
Q_A_topsis_0_1,1,0,16,0.001,0.0018519958436158575,2.3855781852659437,2.385424902762492,2.3852962510232354,2.3851429685197836,0.0,-0.0,True,False
Q_A_topsis_0_1,1,2,3,0.0005184546502167023,0.0018475036125663714,2.3855781852659437,2.38431898758249,2.385467945185835,2.3842087475023814,0.0,-0.0,True,False
Q_A_topsis_0_1,1,2,4,0.0005210999166237063,0.001846964709678872,2.3855781852659437,2.384312562886848,2.3854184878679905,2.384152865488895,4.440892098500626e-16,-4.440892098500626e-16,True,False
Q_A_topsis_0_1,1,2,5,0.0005060826610868413,0.0018385270231539607,2.3855781852659437,2.3843490360738007,2.3847912183402427,2.3835620691481,4.440892098500626e-16,-4.440892098500626e-16,True,False
Q_A_topsis_0_1,1,2,6,0.0005198502929741142,0.0018454189447443428,2.3855781852659437,2.3843155979125807,2.3856138196537926,2.3843512323004297,0.0,-0.0,True,False
Q_A_topsis_0_1,1,2,7,0.00032512013752439566,0.0018479132752440052,2.3855781852659437,2.3847885491351004,2.3841006381510907,2.383311002020247,-4.440892098500626e-16,4.440892098500626e-16,True,False
Q_A_topsis_0_1,1,2,8,0.0005185409886154928,0.0018467702442224532,2.3855781852659437,2.3843187778879456,2.3853497314532444,2.3840903240752462,0.0,-0.0,True,False
Q_A_topsis_0_1,1,2,9,0.00019897370378367123,0.0018619081854491892,2.3855781852659437,2.3850949275176183,2.384634656585478,2.3841513988371528,0.0,-0.0,True,False
Q_A_topsis_0_1,1,2,10,0.0005080683193920412,0.0018440893837239187,2.3855781852659437,2.3843442134025468,2.385334735481854,2.384100763618457,0.0,-0.0,True,False
Q_A_topsis_0_1,1,2,11,0.0005184620576680059,0.0018475021034945872,2.3855781852659437,2.384318969591629,2.3854302965435026,2.384171080869188,0.0,-0.0,True,False
Q_A_topsis_0_1,1,2,12,0.0004630433720416467,0.0018472055849806622,2.3855781852659437,2.3844535678260774,2.384433742327564,2.3833091248876976,0.0,-0.0,True,False
Q_A_topsis_0_1,1,2,13,0.00047127823579111075,0.0018335159300876451,2.3855781852659437,2.384433567385629,2.3848957830142434,2.383751165133929,0.0,-0.0,True,False
Q_A_topsis_0_1,1,2,14,0.00045882315087658783,0.00185965194934456,2.3855781852659437,2.3844638176959796,2.3845804800298747,2.38346611245991,-4.440892098500626e-16,4.440892098500626e-16,True,False
Q_A_topsis_0_1,1,2,15,0.0004884232878526409,0.0018511861858302287,2.3855781852659437,2.384391926308961,2.385338029712441,2.384151770755458,-4.440892098500626e-16,4.440892098500626e-16,True,False
Q_A_topsis_0_1,1,2,16,0.0005121654783729103,0.0018487848645633825,2.3855781852659437,2.384334262420151,2.3854337882796575,2.3841898654338647,0.0,-0.0,True,False
Q_A_topsis_0_1,1,3,4,0.001,0.0018535623626260585,2.3855781852659437,2.3853655532062974,2.3852717231214324,2.385059091061786,0.0,-0.0,True,False
Q_A_topsis_0_1,1,3,5,0.001,0.0018350644393331336,2.3855781852659437,2.3853655532062974,2.384023168692148,2.3838105366325015,0.0,-0.0,True,False
Q_A_topsis_0_1,1,3,6,0.001,0.0018551726364987812,2.3855781852659437,2.3853655532062974,2.385646732669553,2.3854341006099067,0.0,-0.0,True,False
Q_A_topsis_0_1,1,3,7,0.0004903427669904881,0.001849645715905495,2.3855781852659437,2.385473922673466,2.383349764270023,2.3832455016775453,0.0,-0.0,True,False
Q_A_topsis_0_1,1,3,8,0.001,0.0018537378814442668,2.3855781852659437,2.3853655532062974,2.3851376148622245,2.3849249828025783,0.0,-0.0,True,False
Q_A_topsis_0_1,1,3,9,0.00020462416386754414,0.0018816529834537728,2.3855781852659437,2.385534675608527,2.3846078622350415,2.3845643525776246,-4.440892098500626e-16,4.440892098500626e-16,True,False
Q_A_topsis_0_1,1,3,10,0.001,0.0018483509151548938,2.3855781852659437,2.3853655532062974,2.3850990178492837,2.3848863857896374,0.0,-0.0,True,False
Q_A_topsis_0_1,1,3,11,0.001,0.0018551291822572417,2.3855781852659437,2.3853655532062974,2.385292940241252,2.385080308181606,0.0,-0.0,True,False
Q_A_topsis_0_1,1,3,12,0.001,0.0018513078277829092,2.3855781852659437,2.3853655532062974,2.383106617789805,2.3828939857301585,0.0,-0.0,True,False
Q_A_topsis_0_1,1,3,13,0.001,0.001822273427356184,2.3855781852659437,2.3853655532062974,2.3841302035857486,2.3839175715261023,0.0,-0.0,True,False
Q_A_topsis_0_1,1,3,14,0.001,0.0018152378814805172,2.3855781852659437,2.3853655532062974,2.3834036977010444,2.383191065641398,0.0,-0.0,True,False
Q_A_topsis_0_1,1,3,15,0.001,0.001851840013036473,2.3855781852659437,2.3853655532062974,2.3850864897234176,2.3848738576637714,0.0,-0.0,True,False
Q_A_topsis_0_1,1,3,16,0.001,0.0018520162414741486,2.3855781852659437,2.3853655532062974,2.3852962510232354,2.385083618963589,0.0,-0.0,True,False
Q_A_topsis_0_1,1,4,5,0.001,0.0018362739581698516,2.3855781852659437,2.3852717231214324,2.384023168692148,2.3837167065476366,0.0,-0.0,True,False
Q_A_topsis_0_1,1,4,6,0.001,0.0018563821553354992,2.3855781852659437,2.3852717231214324,2.385646732669553,2.3853402705250413,-4.440892098500626e-16,4.440892098500626e-16,True,False
Q_A_topsis_0_1,1,4,7,0.0004901167481255308,0.001847200229672794,2.3855781852659437,2.385427983036252,2.383350791439624,2.3832005892099324,0.0,-0.0,True,False
Q_A_topsis_0_1,1,4,8,0.001,0.0018549474002809848,2.3855781852659437,2.3852717231214324,2.3851376148622245,2.384831152717713,-4.440892098500626e-16,4.440892098500626e-16,True,False
Q_A_topsis_0_1,1,4,9,0.00020603495184768006,0.0018802448665094743,2.3855781852659437,2.3855150433527563,2.384601172311217,2.3845380303980295,0.0,-0.0,True,False
Q_A_topsis_0_1,1,4,10,0.001,0.0018495604339916118,2.3855781852659437,2.3852717231214324,2.3850990178492837,2.3847925557047724,0.0,-0.0,True,False
Q_A_topsis_0_1,1,4,11,0.001,0.0018563387010939597,2.3855781852659437,2.3852717231214324,2.385292940241252,2.384986478096741,0.0,-0.0,True,False
Q_A_topsis_0_1,1,4,12,0.001,0.0018525173466196272,2.3855781852659437,2.385271723121432,2.383106617789805,2.3828001556452936,4.440892098500626e-16,-4.440892098500626e-16,True,False
Q_A_topsis_0_1,1,4,13,0.001,0.0018234829461929018,2.3855781852659437,2.385271723121432,2.3841302035857486,2.3838237414412373,4.440892098500626e-16,-4.440892098500626e-16,True,False
Q_A_topsis_0_1,1,4,14,0.001,0.001809711710692624,2.3855781852659437,2.385271723121432,2.3834036977010444,2.3830972355565327,0.0,-0.0,True,False
Q_A_topsis_0_1,1,4,15,0.001,0.001853049531873191,2.3855781852659437,2.385271723121432,2.3850864897234176,2.3847800275789064,4.440892098500626e-16,-4.440892098500626e-16,True,False
Q_A_topsis_0_1,1,4,16,0.001,0.0018532257603108666,2.3855781852659437,2.385271723121432,2.3852962510232354,2.3849897888787246,8.881784197001252e-16,-8.881784197001252e-16,True,False
Q_A_topsis_0_1,1,5,6,0.001,0.0018378842320425743,2.3855781852659437,2.384023168692148,2.3856467326695525,2.3840917160957567,0.0,-0.0,True,False
Q_A_topsis_0_1,1,5,7,0.0004744449616161041,0.0018537705279645688,2.3855781852659437,2.3848404154872767,2.383422013736458,2.3826842439577915,4.440892098500626e-16,-4.440892098500626e-16,True,False
Q_A_topsis_0_1,1,5,8,0.001,0.00183644947698806,2.3855781852659437,2.384023168692148,2.3851376148622245,2.3835825982884287,0.0,-0.0,True,False
Q_A_topsis_0_1,1,5,9,0.00020558921647087053,0.0018750594821808552,2.3855781852659437,2.3852584906269376,2.3846032859780175,2.384283591339012,4.440892098500626e-16,-4.440892098500626e-16,True,False
Q_A_topsis_0_1,1,5,10,0.001,0.001831062510698687,2.3855781852659437,2.384023168692148,2.3850990178492837,2.383544001275488,0.0,-0.0,True,False
Q_A_topsis_0_1,1,5,11,0.001,0.001837840777801035,2.3855781852659437,2.384023168692148,2.385292940241252,2.3837379236674563,0.0,-0.0,True,False
Q_A_topsis_0_1,1,5,12,0.001,0.0018340194233267024,2.3855781852659437,2.384023168692148,2.383106617789805,2.381551601216009,0.0,-0.0,True,False
Q_A_topsis_0_1,1,5,13,0.0009962176671406862,0.0018055453376031405,2.3855781852659437,2.3840290502824315,2.3841356803344373,2.382586545350925,0.0,-0.0,True,False
Q_A_topsis_0_1,1,5,14,0.000905452103477958,0.0018053825806544936,2.3855781852659437,2.384170192238257,2.3836092909263193,2.3822012978986327,0.0,-0.0,True,False
Q_A_topsis_0_1,1,5,15,0.001,0.001834551608580266,2.3855781852659437,2.384023168692148,2.3850864897234176,2.383531473149622,4.440892098500626e-16,-4.440892098500626e-16,True,False
Q_A_topsis_0_1,1,5,16,0.001,0.0018347278370179417,2.3855781852659437,2.384023168692148,2.3852962510232354,2.38374123444944,4.440892098500626e-16,-4.440892098500626e-16,True,False
Q_A_topsis_0_1,1,6,7,0.00047242311312789114,0.0018523770681744222,2.3855781852659437,2.3856105686437536,2.3834312022672677,2.3834635856450777,0.0,-0.0,True,False
Q_A_topsis_0_1,1,6,8,0.001,0.0018565576741537075,2.3855781852659437,2.3856467326695525,2.3851376148622245,2.3852061622658334,0.0,-0.0,True,False
Q_A_topsis_0_1,1,6,9,0.0002062886739429869,0.001881315090812833,2.3855781852659437,2.3855923258189367,2.3845999691669357,2.3846141097199287,0.0,-0.0,True,False
Q_A_topsis_0_1,1,6,10,0.001,0.0018511707078643347,2.3855781852659437,2.3856467326695525,2.3850990178492837,2.385167565252893,4.440892098500626e-16,-4.440892098500626e-16,True,False
Q_A_topsis_0_1,1,6,11,0.001,0.0018579489749666826,2.3855781852659437,2.3856467326695525,2.385292940241252,2.385361487644861,0.0,-0.0,True,False
Q_A_topsis_0_1,1,6,12,0.001,0.0018541276204923501,2.3855781852659437,2.3856467326695525,2.383106617789805,2.3831751651934137,0.0,-0.0,True,False
Q_A_topsis_0_1,1,6,13,0.001,0.0018250932200656246,2.3855781852659437,2.3856467326695525,2.3841302035857486,2.384198750989358,4.440892098500626e-16,-4.440892098500626e-16,True,False
Q_A_topsis_0_1,1,6,14,0.001,0.0018154390380928306,2.3855781852659437,2.3856467326695525,2.3834036977010444,2.3834722451046533,0.0,-0.0,True,False
Q_A_topsis_0_1,1,6,15,0.001,0.0018546598057459138,2.3855781852659437,2.3856467326695525,2.3850864897234176,2.385155037127027,4.440892098500626e-16,-4.440892098500626e-16,True,False
Q_A_topsis_0_1,1,6,16,0.001,0.0018548360341835895,2.3855781852659437,2.3856467326695525,2.3852962510232354,2.385364798426845,8.881784197001252e-16,-8.881784197001252e-16,True,False
Q_A_topsis_0_1,1,7,8,0.0004924031365207104,0.0018500098705001298,2.3855781852659437,2.3833404006757593,2.3853612470172942,2.38312346242711,0.0,-0.0,True,False
Q_A_topsis_0_1,1,7,9,0.00018853656523151066,0.001877007943486228,2.3855781852659437,2.3847213584322593,2.3846841492540003,2.3838273224203155,-4.440892098500626e-16,4.440892098500626e-16,True,False
Q_A_topsis_0_1,1,7,10,0.00048703283313126193,0.0018479554330404417,2.3855781852659437,2.3833648066579274,2.3853448150014636,2.3831314363934473,0.0,-0.0,True,False
Q_A_topsis_0_1,1,7,11,0.0004918554720378722,0.0018501245580191195,2.3855781852659437,2.383342889602107,2.3854378859396776,2.383202590275841,0.0,-0.0,True,False
Q_A_topsis_0_1,1,7,12,0.0004858792445405099,0.0018263873784723412,2.3855781852659437,2.3833700492784153,2.3843773019278065,2.382169165940278,0.0,-0.0,True,False
Q_A_topsis_0_1,1,7,13,0.0004752983804234408,0.0018304261810724197,2.3855781852659437,2.383418135273235,2.3848899619184643,2.3827299119257557,0.0,-0.0,True,False
Q_A_topsis_0_1,1,7,14,0.0004588555179285574,0.0018425087005684677,2.3855781852659437,2.38349286181655,2.3845804096481227,2.3824950861987286,-4.440892098500626e-16,4.440892098500626e-16,True,False
Q_A_topsis_0_1,1,7,15,0.0004901324137153191,0.0018502503374020545,2.3855781852659437,2.383350720245489,2.3853371893428723,2.3831097243224177,0.0,-0.0,True,False
Q_A_topsis_0_1,1,7,16,0.0004926438107742593,0.0018461370163737427,2.3855781852659437,2.383339306903003,2.3854392921062284,2.383200413743287,-4.440892098500626e-16,4.440892098500626e-16,True,False
Q_A_topsis_0_1,1,8,9,0.00020657349189282177,0.0018803191231698505,2.3855781852659437,2.385487175099223,2.384598618566835,2.3845076084001144,0.0,-0.0,True,False
Q_A_topsis_0_1,1,8,10,0.001,0.0018497359528098201,2.3855781852659437,2.3851376148622245,2.3850990178492837,2.3846584474455645,0.0,-0.0,True,False
Q_A_topsis_0_1,1,8,11,0.001,0.0018565142199121682,2.3855781852659437,2.3851376148622245,2.385292940241252,2.384852369837533,0.0,-0.0,True,False
Q_A_topsis_0_1,1,8,12,0.001,0.0018526928654378355,2.3855781852659437,2.3851376148622245,2.383106617789805,2.3826660473860852,-4.440892098500626e-16,4.440892098500626e-16,True,False
Q_A_topsis_0_1,1,8,13,0.001,0.0018236584650111103,2.3855781852659437,2.3851376148622245,2.3841302035857486,2.3836896331820294,0.0,-0.0,True,False
Q_A_topsis_0_1,1,8,14,0.001,0.001814772617028558,2.3855781852659437,2.3851376148622245,2.3834036977010444,2.3829631272973253,0.0,-0.0,True,False
Q_A_topsis_0_1,1,8,15,0.001,0.0018532250506913992,2.3855781852659437,2.3851376148622245,2.3850864897234176,2.3846459193196985,0.0,-0.0,True,False
Q_A_topsis_0_1,1,8,16,0.001,0.0018534012791290749,2.3855781852659437,2.3851376148622245,2.3852962510232354,2.3848556806195167,4.440892098500626e-16,-4.440892098500626e-16,True,False
Q_A_topsis_0_1,1,9,10,0.00020519812164724194,0.0018775228890901784,2.3855781852659437,2.384605140540585,2.3854798610120906,2.384506816286732,0.0,-0.0,True,False
Q_A_topsis_0_1,1,9,11,0.0002061869316992268,0.0018813505076931943,2.3855781852659437,2.3846004516262918,2.38551937146952,2.3845416378298685,4.440892098500626e-16,-4.440892098500626e-16,True,False
Q_A_topsis_0_1,1,9,12,0.00019896314471094762,0.0018838651367210544,2.3855781852659437,2.3846347066563562,2.385086434428526,2.3841429558189375,-8.881784197001252e-16,8.881784197001252e-16,True,False
Q_A_topsis_0_1,1,9,13,0.00020423482515426504,0.0018752963701017522,2.3855781852659437,2.3846097084701734,2.3852824569806623,2.3843139801848925,4.440892098500626e-16,-4.440892098500626e-16,True,False
Q_A_topsis_0_1,1,9,14,0.0001929257429361126,0.0018707649843673973,2.3855781852659437,2.3846633358753015,2.38515867063698,2.384243821246338,4.440892098500626e-16,-4.440892098500626e-16,True,False
Q_A_topsis_0_1,1,9,15,0.0002057619128890874,0.0018814984584341419,2.3855781852659437,2.384602467055615,2.3854770130505547,2.3845012948402258,-4.440892098500626e-16,4.440892098500626e-16,True,False
Q_A_topsis_0_1,1,9,16,0.00020602611152755495,0.0018794472469040474,2.3855781852659437,2.384601214231809,2.3855200994502117,2.384543128416078,8.881784197001252e-16,-8.881784197001252e-16,True,False
Q_A_topsis_0_1,1,10,11,0.001,0.0018511272536227952,2.3855781852659437,2.3850990178492837,2.385292940241252,2.384813772824592,0.0,-0.0,True,False
Q_A_topsis_0_1,1,10,12,0.001,0.0018473058991484628,2.3855781852659437,2.3850990178492837,2.383106617789805,2.382627450373145,0.0,-0.0,True,False
Q_A_topsis_0_1,1,10,13,0.001,0.0018182714987217373,2.3855781852659437,2.3850990178492837,2.3841302035857486,2.383651036169089,4.440892098500626e-16,-4.440892098500626e-16,True,False
Q_A_topsis_0_1,1,10,14,0.001,0.0018108205111462567,2.3855781852659437,2.3850990178492837,2.3834036977010444,2.3829245302843844,0.0,-0.0,True,False
Q_A_topsis_0_1,1,10,15,0.001,0.0018478380844020263,2.3855781852659437,2.3850990178492837,2.3850864897234176,2.384607322306758,4.440892098500626e-16,-4.440892098500626e-16,True,False
Q_A_topsis_0_1,1,10,16,0.001,0.0018480143128397019,2.3855781852659437,2.3850990178492837,2.3852962510232354,2.384817083606576,4.440892098500626e-16,-4.440892098500626e-16,True,False
Q_A_topsis_0_1,1,11,12,0.001,0.0018540841662508106,2.3855781852659437,2.385292940241252,2.383106617789805,2.3828213727651133,0.0,-0.0,True,False
Q_A_topsis_0_1,1,11,13,0.001,0.0018250497658240852,2.3855781852659437,2.385292940241252,2.3841302035857486,2.383844958561057,0.0,-0.0,True,False
Q_A_topsis_0_1,1,11,14,0.001,0.0018131972739663658,2.3855781852659437,2.385292940241252,2.3834036977010444,2.3831184526763534,4.440892098500626e-16,-4.440892098500626e-16,True,False
Q_A_topsis_0_1,1,11,15,0.001,0.0018546163515043743,2.3855781852659437,2.385292940241252,2.3850864897234176,2.384801244698726,0.0,-0.0,True,False
Q_A_topsis_0_1,1,11,16,0.001,0.00185479257994205,2.3855781852659437,2.385292940241252,2.3852962510232354,2.3850110059985443,4.440892098500626e-16,-4.440892098500626e-16,True,False
Q_A_topsis_0_1,1,12,13,0.0009305006620636543,0.0018303951369370074,2.3855781852659437,2.3832783900930616,2.3842308373538663,2.381931042180984,-4.440892098500626e-16,4.440892098500626e-16,True,False
Q_A_topsis_0_1,1,12,14,0.001,0.001798724205543514,2.3855781852659437,2.383106617789805,2.3834036977010444,2.380932130224905,-4.440892098500626e-16,4.440892098500626e-16,True,False
Q_A_topsis_0_1,1,12,15,0.001,0.0018507949970300419,2.3855781852659437,2.383106617789805,2.3850864897234176,2.3826149222472788,0.0,-0.0,True,False
Q_A_topsis_0_1,1,12,16,0.001,0.0018509712254677175,2.3855781852659437,2.383106617789805,2.3852962510232354,2.3828246835470965,0.0,-0.0,True,False
Q_A_topsis_0_1,1,13,14,0.0005819738228341096,0.0018468885841608803,2.3855781852659437,2.3847354978321267,2.3843126904250944,2.3834700029912774,0.0,-0.0,True,False
Q_A_topsis_0_1,1,13,15,0.001,0.0018217605966033164,2.3855781852659437,2.3841302035857486,2.3850864897234176,2.383638508043223,4.440892098500626e-16,-4.440892098500626e-16,True,False
Q_A_topsis_0_1,1,13,16,0.001,0.001821936825040992,2.3855781852659437,2.3841302035857486,2.3852962510232354,2.3838482693430407,4.440892098500626e-16,-4.440892098500626e-16,True,False
Q_A_topsis_0_1,1,14,15,0.001,0.0018147250507276496,2.3855781852659437,2.3834036977010444,2.3850864897234176,2.3829120021585184,0.0,-0.0,True,False
Q_A_topsis_0_1,1,14,16,0.001,0.0018079506249126347,2.3855781852659437,2.3834036977010444,2.3852962510232354,2.3831217634583366,4.440892098500626e-16,-4.440892098500626e-16,True,False
Q_A_topsis_0_1,1,15,16,0.001,0.001851503410721281,2.3855781852659437,2.3850864897234176,2.3852962510232354,2.38480455548071,4.440892098500626e-16,-4.440892098500626e-16,True,False
Q_A_topsis_0_1,2,0,1,0.0002598210137203678,0.0015625,2.3855781852659437,2.3861694000145444,2.386209226029977,2.3868004407785777,0.0,-0.0,True,False
Q_A_topsis_0_1,2,0,3,0.0002585238221290034,0.0015625,2.3855781852659437,2.38616644829486,2.386151105020751,2.3867393680496676,0.0,-0.0,True,False
Q_A_topsis_0_1,2,0,4,0.0002591798759732883,0.0015625,2.3855781852659437,2.386167941125263,2.3861282400448918,2.386717995904211,0.0,-0.0,True,False
Q_A_topsis_0_1,2,0,5,0.00025668095419740725,0.0015625,2.3855781852659437,2.3861622549053987,2.3858024564666915,2.386386526106146,-4.440892098500626e-16,4.440892098500626e-16,True,False
Q_A_topsis_0_1,2,0,6,0.00025887037389635113,0.0015625,2.3855781852659437,2.3861672368627787,2.386224662053761,2.386813713650596,0.0,-0.0,True,False
Q_A_topsis_0_1,2,0,7,0.00025357468968553954,0.0015625,2.3855781852659437,2.3861551866957633,2.385041654937094,2.3856186563669146,8.881784197001252e-16,-8.881784197001252e-16,True,False
Q_A_topsis_0_1,2,0,8,0.00025854528794091715,0.0015625,2.3855781852659437,2.386166497139657,2.38609222020676,2.3866805320804736,4.440892098500626e-16,-4.440892098500626e-16,True,False
Q_A_topsis_0_1,2,0,9,0.00018584668671604772,0.0016517101040676961,2.3855781852659437,2.3860010737020705,2.3851482800769497,2.3855711685130765,0.0,-0.0,True,False
Q_A_topsis_0_1,2,0,10,0.00025591511236965157,0.0015625,2.3855781852659437,2.386160512255806,2.3860771133816225,2.3866594403714845,-4.440892098500626e-16,4.440892098500626e-16,True,False
Q_A_topsis_0_1,2,0,11,0.0002585256639409348,0.0015625,2.3855781852659437,2.3861664524858464,2.3861323367874276,2.3867206040073308,4.440892098500626e-16,-4.440892098500626e-16,True,False
Q_A_topsis_0_1,2,0,12,0.00025336152441426696,0.0015624999999999999,2.3855781852659437,2.386154701644726,2.3855673374300195,2.386143853808802,0.0,-0.0,True,False
Q_A_topsis_0_1,2,0,13,0.0002686493997267447,0.0015625,2.3855781852659437,2.3861894887361554,2.3858416685794968,2.386452972049708,-4.440892098500626e-16,4.440892098500626e-16,True,False
Q_A_topsis_0_1,2,0,14,0.00024278942978936806,0.0015625,2.3855781852659437,2.386130645167629,2.385639917943273,2.3861923778449587,4.440892098500626e-16,-4.440892098500626e-16,True,False
Q_A_topsis_0_1,2,0,15,0.00026947670570173906,0.0015625,2.3855781852659437,2.3861913712455296,2.3861001768145935,2.38671336279418,4.440892098500626e-16,-4.440892098500626e-16,True,False
Q_A_topsis_0_1,2,0,16,0.0002569504828279772,0.0015625,2.385578185265944,2.386162868209531,2.3861298110830127,2.3867144940266005,8.881784197001252e-16,-8.881784197001252e-16,True,False
Q_A_topsis_0_1,2,1,3,0.00026053160402988366,0.0015625,2.3855781852659437,2.3862109518774957,2.3861555545059274,2.3867883211174794,0.0,-0.0,True,False
Q_A_topsis_0_1,2,1,4,0.000261197900840684,0.0015625,2.3855781852659437,2.3862125701470975,2.386132522878264,2.3867669077594185,4.440892098500626e-16,-4.440892098500626e-16,True,False
Q_A_topsis_0_1,2,1,5,0.00025866010390414155,0.0015625,2.3855781852659437,2.38620640646813,2.385804185719579,2.3864324069217644,-8.881784197001252e-16,8.881784197001252e-16,True,False
Q_A_topsis_0_1,2,1,6,0.00026088356323633485,0.0015625,2.3855781852659437,2.3862118066990643,2.3862296895899684,2.386863311023089,0.0,-0.0,True,False
Q_A_topsis_0_1,2,1,7,0.0002555060470469223,0.0015625,2.3855781852659437,2.3861987460467478,2.385037568441705,2.3856581292225094,4.440892098500626e-16,-4.440892098500626e-16,True,False
Q_A_topsis_0_1,2,1,8,0.000260553404571841,0.0015625,2.3855781852659437,2.386211004825602,2.386096212706959,2.3867290322666173,0.0,-0.0,True,False
Q_A_topsis_0_1,2,1,9,0.00018565544207703298,0.0016486305879427814,2.3855781852659437,2.3860290962617006,2.385148722468817,2.3855996334645737,0.0,-0.0,True,False
Q_A_topsis_0_1,2,1,10,0.0002578824243223284,0.0015625,2.3855781852659437,2.3862045176774176,2.3860809488223533,2.386707281233827,-4.440892098500626e-16,4.440892098500626e-16,True,False
Q_A_topsis_0_1,2,1,11,0.000260533474561256,0.0015625,2.3855781852659437,2.386210956420552,2.386136640543168,2.386769411697776,0.0,-0.0,True,False
Q_A_topsis_0_1,2,1,12,0.0002552896236391142,0.0015625,2.3855781852659437,2.3861982204079983,2.385567254877216,2.3861872900192713,4.440892098500626e-16,-4.440892098500626e-16,True,False
Q_A_topsis_0_1,2,1,13,0.0002653178670236934,0.0015625,2.3855781852659437,2.386222576522528,2.3858384011116494,2.3864827923682332,-4.440892098500626e-16,4.440892098500626e-16,True,False
Q_A_topsis_0_1,2,1,14,0.00024455941532012545,0.0015625,2.3855781852659437,2.3861721593948464,2.3856403679873535,2.3862343421162557,-4.440892098500626e-16,4.440892098500626e-16,True,False
Q_A_topsis_0_1,2,1,15,0.00027023854118765324,0.0015625,2.3855781852659437,2.3862345276189365,2.386101652532816,2.386757994885809,4.440892098500626e-16,-4.440892098500626e-16,True,False
Q_A_topsis_0_1,2,1,16,0.00025893380719944426,0.0015625,2.3855781852659437,2.3862070712255106,2.386134068918666,2.3867629548782334,4.440892098500626e-16,-4.440892098500626e-16,True,False
Q_A_topsis_0_1,2,3,4,0.0002598869589137903,0.0015625,2.3855781852659437,2.3861541258951373,2.3861297406797273,2.386705681308921,0.0,-0.0,True,False
Q_A_topsis_0_1,2,3,5,0.0002573744497345486,0.0015625,2.3855781852659437,2.3861485578738577,2.385803062398196,2.38637343500611,0.0,-0.0,True,False
Q_A_topsis_0_1,2,3,6,0.00025957576680766436,0.0015625,2.3855781852659437,2.3861534362561567,2.3862264236309416,2.386801674621155,4.440892098500626e-16,-4.440892098500626e-16,True,False
Q_A_topsis_0_1,2,3,7,0.0002542514797684829,0.0015625,2.3855781852659437,2.3861416369983557,2.385040222939263,2.3856036746716747,-4.440892098500626e-16,4.440892098500626e-16,True,False
Q_A_topsis_0_1,2,3,8,0.00025924890791095373,0.0015624999999999999,2.3855781852659437,2.386152711897692,2.38609361913092,2.3866681457626684,0.0,-0.0,True,False
Q_A_topsis_0_1,2,3,9,0.00018595809013798717,0.0016505863130013632,2.3855781852659437,2.3859902906670203,2.3851480223757773,2.3855601277768534,-4.440892098500626e-16,4.440892098500626e-16,True,False
Q_A_topsis_0_1,2,3,10,0.0002566044702506625,0.0015625,2.3855781852659437,2.386146851507096,2.3860784573430065,2.3866471235841598,8.881784197001252e-16,-8.881784197001252e-16,True,False
Q_A_topsis_0_1,2,3,11,0.00025922917695794784,0.0015625,2.3855781852659437,2.386152668171537,2.3861338447723712,2.3867083276779644,0.0,-0.0,True,False
Q_A_topsis_0_1,2,3,12,0.00025403717558461155,0.0015625,2.3855781852659437,2.386141162074616,2.3855673085015816,2.386130285310254,4.440892098500626e-16,-4.440892098500626e-16,True,False
Q_A_topsis_0_1,2,3,13,0.0002677156131601202,0.0015625,2.3855781852659437,2.3861714751306327,2.3858407527495005,2.3864340426141895,0.0,-0.0,True,False
Q_A_topsis_0_1,2,3,14,0.00024340980213909396,0.0015625,2.3855781852659437,2.3861176105421555,2.3856400756817964,2.386179500958008,-4.440892098500626e-16,4.440892098500626e-16,True,False
Q_A_topsis_0_1,2,3,15,0.0002702411702268197,0.0015625,2.3855781852659437,2.3861770720675937,2.386101657625413,2.3867005444270633,4.440892098500626e-16,-4.440892098500626e-16,True,False
Q_A_topsis_0_1,2,3,16,0.00025764543751564126,0.0015625,2.3855781852659437,2.3861491584152383,2.3861313030239626,2.3867022761732573,0.0,-0.0,True,False
Q_A_topsis_0_1,2,4,5,0.00025802467570403085,0.0015625,2.3855781852659437,2.386125788375269,2.385803630523554,2.386351233632879,0.0,-0.0,True,False
Q_A_topsis_0_1,2,4,6,0.0002602371773672847,0.0015625,2.3855781852659437,2.386130483944741,2.3862280753710294,2.386780374049826,-4.440892098500626e-16,4.440892098500626e-16,True,False
Q_A_topsis_0_1,2,4,7,0.0002548860023961271,0.0015625,2.3855781852659437,2.3861191272012636,2.3850388803737466,2.3855798223090665,0.0,-0.0,True,False
Q_A_topsis_0_1,2,4,8,0.0002599086517005962,0.0015625,2.3855781852659437,2.386129786718105,2.3860949308212724,2.3866465322734336,0.0,-0.0,True,False
Q_A_topsis_0_1,2,4,9,0.00018394682847568784,0.0016507574748505919,2.3855781852659437,2.385968573723749,2.3851526748763963,2.3855430633342016,0.0,-0.0,True,False
Q_A_topsis_0_1,2,4,10,0.00025725080663127674,0.0015625,2.3855781852659437,2.3861241460009133,2.3860797174303436,2.3866256781653137,4.440892098500626e-16,-4.440892098500626e-16,True,False
Q_A_topsis_0_1,2,4,11,0.0002598888201999012,0.0015624999999999999,2.3855781852659437,2.3861297446299155,2.3861352587221534,2.386686818086125,0.0,-0.0,True,False
Q_A_topsis_0_1,2,4,12,0.00025467062767421965,0.0015625,2.3855781852659437,2.386118670113712,2.385567281379925,2.386107766227693,-4.440892098500626e-16,4.440892098500626e-16,True,False
Q_A_topsis_0_1,2,4,13,0.00026465782436825547,0.0015625,2.3855781852659437,2.3861398658382993,2.385837753761512,2.386399434333867,-4.440892098500626e-16,4.440892098500626e-16,True,False
Q_A_topsis_0_1,2,4,14,0.00024399130257921433,0.0015625,2.3855781852659437,2.386096005492153,2.3856402235365817,2.386158043762791,0.0,-0.0,True,False
Q_A_topsis_0_1,2,4,15,0.00026955382034661313,0.0015625,2.3855781852659437,2.386150256560093,2.386100326190002,2.3866723974841504,-8.881784197001252e-16,8.881784197001252e-16,True,False
Q_A_topsis_0_1,2,4,16,0.00025829703517607705,0.0015624999999999999,2.3855781852659437,2.3861263664009686,2.3861327018852836,2.3866808830203086,0.0,-0.0,True,False
Q_A_topsis_0_1,2,5,6,0.000257717924832259,0.0015625,2.3855781852659437,2.3858033625045008,2.38622178404359,2.386446961282147,0.0,-0.0,True,False
Q_A_topsis_0_1,2,5,7,0.0002524688086861884,0.0015625,2.3855781852659437,2.38579877616663,2.385043994834254,2.385264585734941,4.440892098500626e-16,-4.440892098500626e-16,True,False
Q_A_topsis_0_1,2,5,8,0.0002573957250929754,0.0015625,2.3855781852659437,2.385803080987227,2.3860899346672513,2.3863148303885344,0.0,-0.0,True,False
Q_A_topsis_0_1,2,5,9,0.00018642267059769727,0.001645193798119927,2.3855781852659437,2.385741069326868,2.385146947696675,2.385309831757599,-4.440892098500626e-16,4.440892098500626e-16,True,False
Q_A_topsis_0_1,2,5,10,0.0002547887685629697,0.0015625,2.3855781852659437,2.3858008031973807,2.3860749174792866,2.3862975354107236,0.0,-0.0,True,False
Q_A_topsis_0_1,2,5,11,0.0002573762752057852,0.0015625,2.3855781852659437,2.385803063993175,2.3861298730648457,2.3863547517920765,-4.440892098500626e-16,4.440892098500626e-16,True,False
Q_A_topsis_0_1,2,5,12,0.0002522574978835979,0.0015625,2.3855781852659437,2.3857985915369304,2.3855673846996224,2.385787790970609,0.0,-0.0,True,False
Q_A_topsis_0_1,2,5,13,0.000263228622151288,0.0015625,2.3855781852659437,2.385808177395066,2.385836352042631,2.3860663441717533,0.0,-0.0,True,False
Q_A_topsis_0_1,2,5,14,0.00024177543270271053,0.0015625,2.3855781852659437,2.3857894329869644,2.3856396601200434,2.3858509078410637,-4.440892098500626e-16,4.440892098500626e-16,True,False
Q_A_topsis_0_1,2,5,15,0.00026807139850855053,0.0015625,2.3855781852659437,2.385812408699535,2.3860974546554514,2.386331678089043,0.0,-0.0,True,False
Q_A_topsis_0_1,2,5,16,0.00025581502697588073,0.0015625,2.3855781852659437,2.3858016998755436,2.3861273734664135,2.3863508880760134,0.0,-0.0,True,False
Q_A_topsis_0_1,2,6,7,0.0002545866645866147,0.0015625,2.3855781852659437,2.38621396434976,2.3850395137327527,2.385675292816569,0.0,-0.0,True,False
Q_A_topsis_0_1,2,6,8,0.00025959740767294664,0.0015625,2.3855781852659437,2.3862264776746582,2.3860943120116755,2.3867426044203905,4.440892098500626e-16,-4.440892098500626e-16,True,False
Q_A_topsis_0_1,2,6,9,0.00018599894428002013,0.0016487254140050117,2.3855781852659437,2.3860426802880115,2.385147927870957,2.3856124228930247,0.0,-0.0,True,False
Q_A_topsis_0_1,2,6,10,0.0002569458919309229,0.0015625,2.3855781852659437,2.386219856046413,2.386079122973395,2.386720793753864,-4.440892098500626e-16,4.440892098500626e-16,True,False
Q_A_topsis_0_1,2,6,11,0.0002595776236389704,0.0015625,2.3855781852659437,2.3862264282680052,2.3861345916702055,2.386782834672267,0.0,-0.0,True,False
Q_A_topsis_0_1,2,6,12,0.0002543717952260544,0.0015625,2.3855781852659437,2.38621342775667,2.3855672941746278,2.386202536665354,0.0,-0.0,True,False
Q_A_topsis_0_1,2,6,13,0.0002659571148431188,0.0015625,2.3855781852659437,2.3862423597665368,2.3858390280668327,2.3865032025674253,-4.440892098500626e-16,4.440892098500626e-16,True,False
Q_A_topsis_0_1,2,6,14,0.0002437169935540693,0.0015625,2.3855781852659437,2.3861868195285587,2.3856401537895975,2.3862487880522125,0.0,-0.0,True,False
Q_A_topsis_0_1,2,6,15,0.00027061987117697566,0.0015624999999999999,2.3855781852659437,2.3862540040643827,2.3861023911904717,2.3867782099889103,-4.440892098500626e-16,4.440892098500626e-16,True,False
Q_A_topsis_0_1,2,6,16,0.00025798963676288236,0.0015625,2.3855781852659437,2.3862224625895876,2.3861320419569623,2.386776319280606,0.0,-0.0,True,False
Q_A_topsis_0_1,2,7,8,0.00025427224193003714,0.0015625,2.3855781852659437,2.385040179009289,2.3860837246160234,2.385545718359369,0.0,-0.0,True,False
Q_A_topsis_0_1,2,7,9,0.0001870904358976656,0.001655432673254958,2.3855781852659437,2.3851823267785637,2.3851454030053354,2.3847495445179554,0.0,-0.0,True,False
Q_A_topsis_0_1,2,7,10,0.0002517278593419735,0.0015625,2.3855781852659437,2.385045562584552,2.386068949978361,2.38553632729697,4.440892098500626e-16,-4.440892098500626e-16,True,False
Q_A_topsis_0_1,2,7,11,0.0002542532612079642,0.0015625,2.3855781852659437,2.3850402191699738,2.38612317886307,2.3855852127671007,4.440892098500626e-16,-4.440892098500626e-16,True,False
Q_A_topsis_0_1,2,7,12,0.0002492567473337053,0.0015624999999999999,2.3855781852659437,2.38505079112901,2.3855675131786787,2.3850401190417454,4.440892098500626e-16,-4.440892098500626e-16,True,False
Q_A_topsis_0_1,2,7,13,0.00026560086808393693,0.0015625,2.3855781852659437,2.385016209142568,2.3858386786706434,2.3852767025472668,-8.881784197001252e-16,8.881784197001252e-16,True,False
Q_A_topsis_0_1,2,7,14,0.00023901751825959757,0.0015625,2.3855781852659437,2.385072455976354,2.3856389588809384,2.3851332295913488,0.0,-0.0,True,False
Q_A_topsis_0_1,2,7,15,0.0002648379296792707,0.0015625,2.3855781852659437,2.385017823418794,2.3860911912443066,2.385530829397157,0.0,-0.0,True,False
Q_A_topsis_0_1,2,7,16,0.0002527295594520196,0.0015625,2.3855781852659437,2.3850434431203027,2.3861207495304506,2.385586007384809,-4.440892098500626e-16,4.440892098500626e-16,True,False
Q_A_topsis_0_1,2,8,9,0.00018571165212172242,0.0016487142965799116,2.3855781852659437,2.3859474137243994,2.38514859244234,2.3855178209007954,-4.440892098500626e-16,4.440892098500626e-16,True,False
Q_A_topsis_0_1,2,8,10,0.00025662561849656203,0.0015625,2.3855781852659437,2.3860884035556156,2.3860784985732972,2.386588716862969,0.0,-0.0,True,False
Q_A_topsis_0_1,2,8,11,0.00025925076006892765,0.0015625,2.3855781852659437,2.386093622813346,2.386133891035917,2.386649328583319,-4.440892098500626e-16,4.440892098500626e-16,True,False
Q_A_topsis_0_1,2,8,12,0.00025405790275935444,0.0015625,2.3855781852659437,2.3860832984708638,2.385567307614135,2.386072420819055,0.0,-0.0,True,False
Q_A_topsis_0_1,2,8,13,0.0002654886626263088,0.0015625,2.3855781852659437,2.386106024895385,2.385838568622879,2.3863664082523206,0.0,-0.0,True,False
Q_A_topsis_0_1,2,8,14,0.00024342883132469283,0.0015625,2.3855781852659437,2.3860621659483985,2.3856400805202385,2.386124061202693,-4.440892098500626e-16,4.440892098500626e-16,True,False
Q_A_topsis_0_1,2,8,15,0.0002702646260588869,0.0015625,2.3855781852659437,2.386115520377202,2.38610170306068,2.3866390381719382,0.0,-0.0,True,False
Q_A_topsis_0_1,2,8,16,0.0002576667577008652,0.0015625,2.3855781852659437,2.38609047352925,2.3861313487945113,2.386643637057817,-4.440892098500626e-16,4.440892098500626e-16,True,False
Q_A_topsis_0_1,2,9,10,0.00018728144339369532,0.0016446975251150824,2.3855781852659437,2.385144961162034,2.385943306249964,2.385510082146054,-4.440892098500626e-16,4.440892098500626e-16,True,False
Q_A_topsis_0_1,2,9,11,0.00018591882316606337,0.0016485591912458557,2.3855781852659437,2.385148113209115,2.3859767035296993,2.3855466314728715,8.881784197001252e-16,-8.881784197001252e-16,True,False
Q_A_topsis_0_1,2,9,12,0.00018249711942577504,0.0016507874316811551,2.3855781852659437,2.3851560283795123,2.385570371534902,2.3851482146484706,0.0,-0.0,True,False
Q_A_topsis_0_1,2,9,13,0.0001887862078041176,0.0016391641062505615,2.3855781852659437,2.385141480303485,2.3857633411443335,2.3853266361818743,-4.440892098500626e-16,4.440892098500626e-16,True,False
Q_A_topsis_0_1,2,9,14,0.000163390611809964,0.0016724709120029455,2.3855781852659437,2.3852002260292675,2.385619729660715,2.385241770424039,0.0,-0.0,True,False
Q_A_topsis_0_1,2,9,15,0.0001868488729769836,0.0016473951097382843,2.3855781852659437,2.385145961794706,2.385940122051221,2.385507898579983,-4.440892098500626e-16,4.440892098500626e-16,True,False
Q_A_topsis_0_1,2,9,16,0.00018151112789915598,0.0016549454368551735,2.3855781852659437,2.3851583091996935,2.3859678565486457,2.3855479804823956,0.0,-0.0,True,False
Q_A_topsis_0_1,2,10,11,0.00025660628481578276,0.0015624999999999999,2.3855781852659437,2.386078460880655,2.3861282225852003,2.386628498199911,-4.440892098500626e-16,4.440892098500626e-16,True,False
Q_A_topsis_0_1,2,10,12,0.0002515177865197047,0.0015625,2.3855781852659437,2.38606854042366,2.3855674163708382,2.3860577715285545,0.0,-0.0,True,False
Q_A_topsis_0_1,2,10,13,0.0002641050149917402,0.0015625,2.3855781852659437,2.386093080288168,2.3858372115825732,2.3863521066047975,0.0,-0.0,True,False
Q_A_topsis_0_1,2,10,14,0.00024109583581212435,0.0015625,2.3855781852659437,2.386048221950944,2.3856394873228357,2.386109524007836,0.0,-0.0,True,False
Q_A_topsis_0_1,2,10,15,0.0002673919299765268,0.0015625,2.3855781852659437,2.3860994884064093,2.3860961384866552,2.3866174416271213,4.440892098500626e-16,-4.440892098500626e-16,True,False
Q_A_topsis_0_1,2,10,16,0.00025505433599396936,0.0015625,2.3855781852659437,2.386075435225412,2.386125740401631,2.3866229903610994,0.0,-0.0,True,False
Q_A_topsis_0_1,2,11,12,0.00025403895402225887,0.0015625,2.3855781852659437,2.386122719494158,2.3855673084254367,2.386111842653651,0.0,-0.0,True,False
Q_A_topsis_0_1,2,11,13,0.0002656678273417896,0.0015624999999999999,2.3855781852659437,2.386147646063323,2.385838744342285,2.3864082051396642,0.0,-0.0,True,False
Q_A_topsis_0_1,2,11,14,0.0002434114348905947,0.0015625,2.3855781852659437,2.386099939334515,2.3856400760969465,2.386161830165518,4.440892098500626e-16,-4.440892098500626e-16,True,False
Q_A_topsis_0_1,2,11,15,0.0002702431827797529,0.0015625,2.3855781852659437,2.386157453368867,2.386101661523841,2.3866809296267646,0.0,-0.0,True,False
Q_A_topsis_0_1,2,11,16,0.00025764726683296735,0.0015625,2.3855781852659437,2.3861304539372443,2.386131306951173,2.386683575622474,0.0,-0.0,True,False
Q_A_topsis_0_1,2,12,13,0.0002623658720888028,0.0015625,2.3855781852659437,2.3855669519031073,2.3858355058831178,2.385824272520281,-4.440892098500626e-16,4.440892098500626e-16,True,False
Q_A_topsis_0_1,2,12,14,0.00023882811603718652,0.0015625,2.3855781852659437,2.3855679596872066,2.3856389107227205,2.3856286851439834,0.0,-0.0,True,False
Q_A_topsis_0_1,2,12,15,0.00026460541584486197,0.0015625,2.3855781852659437,2.385566856015607,2.3860907408519205,2.3860794116015835,-4.440892098500626e-16,4.440892098500626e-16,True,False
Q_A_topsis_0_1,2,12,16,0.00025251781212183415,0.0015625,2.3855781852659437,2.3855673735541014,2.3861202949475566,2.386109483235715,4.440892098500626e-16,-4.440892098500626e-16,True,False
Q_A_topsis_0_1,2,13,14,0.0002520366824833612,0.0015625,2.3855781852659437,2.3858253753222223,2.3856422691892365,2.3858894592455147,-4.440892098500626e-16,4.440892098500626e-16,True,False
Q_A_topsis_0_1,2,13,15,0.0002660159143069741,0.0015625,2.3855781852659437,2.385839085735592,2.3860934730668433,2.3863543735364914,0.0,-0.0,True,False
Q_A_topsis_0_1,2,13,16,0.000264839931706704,0.0015625,2.3855781852659437,2.3858379323669543,2.3861467482906646,2.3864064953916753,0.0,-0.0,True,False
Q_A_topsis_0_1,2,14,15,0.0002530954592572149,0.0015625,2.3855781852659437,2.385642538398341,2.386068445418078,2.386132798550475,0.0,-0.0,True,False
Q_A_topsis_0_1,2,14,16,0.00024201455246587795,0.0015625,2.3855781852659437,2.3856397209196554,2.3860977463649435,2.3861592820186552,0.0,-0.0,True,False
Q_A_topsis_0_1,2,15,16,0.0002685224527097769,0.0015625,2.3855781852659437,2.3860983283728303,2.3861546539915413,2.3866747970984274,-4.440892098500626e-16,4.440892098500626e-16,True,False
Q_A_topsis_0_1,3,0,1,0.001,0.001869829161149333,2.3855781852659437,2.385637534822138,2.38579081732559,2.385850166881784,-4.440892098500626e-16,4.440892098500626e-16,True,False
Q_A_topsis_0_1,3,0,2,0.0005156482544246566,0.00184493009551193,2.3855781852659437,2.385608788760996,2.3844354469718128,2.384466050466865,0.0,-0.0,True,False
Q_A_topsis_0_1,3,0,4,0.001,0.0018693872720186707,2.3855781852659437,2.385637534822138,2.3854843551810787,2.3855437047372727,-4.440892098500626e-16,4.440892098500626e-16,True,False
Q_A_topsis_0_1,3,0,5,0.001,0.0018644602265982186,2.3855781852659437,2.385637534822138,2.384235800751794,2.384295150307988,-4.440892098500626e-16,4.440892098500626e-16,True,False
Q_A_topsis_0_1,3,0,6,0.001,0.001871624323448092,2.3855781852659437,2.385637534822138,2.3858593647291992,2.3859187142853937,0.0,-0.0,True,False
Q_A_topsis_0_1,3,0,7,0.0004949088125922296,0.001848990398852457,2.3855781852659437,2.3856075578843274,2.383434246813139,2.3834636194315233,4.440892098500626e-16,-4.440892098500626e-16,True,False
Q_A_topsis_0_1,3,0,8,0.001,0.0018701589908363219,2.3855781852659437,2.385637534822138,2.385350246921871,2.3854095964780653,0.0,-0.0,True,False
Q_A_topsis_0_1,3,0,9,0.00020625465927938603,0.0018809806355005068,2.3855781852659437,2.385590426388435,2.3846439868166946,2.384656227939186,0.0,-0.0,True,False
Q_A_topsis_0_1,3,0,10,0.001,0.0018756354253721783,2.3855781852659437,2.385637534822138,2.38531164990893,2.385370999465124,-4.440892098500626e-16,4.440892098500626e-16,True,False
Q_A_topsis_0_1,3,0,11,0.001,0.001872184675082235,2.3855781852659437,2.385637534822138,2.3855055723008984,2.3855649218570925,-4.440892098500626e-16,4.440892098500626e-16,True,False
Q_A_topsis_0_1,3,0,12,0.001,0.0018588713896688313,2.3855781852659437,2.385637534822138,2.3833192498494506,2.383378599405645,0.0,-0.0,True,False
Q_A_topsis_0_1,3,0,13,0.001,0.0018451506045056552,2.3855781852659437,2.385637534822138,2.384342835645395,2.3844021852015893,0.0,-0.0,True,False
Q_A_topsis_0_1,3,0,14,0.001,0.0018439341423477896,2.3855781852659437,2.385637534822138,2.3836163297606903,2.3836756793168847,0.0,-0.0,True,False
Q_A_topsis_0_1,3,0,15,0.001,0.001870364466845034,2.3855781852659437,2.385637534822138,2.385299121783064,2.3853584713392584,0.0,-0.0,True,False
Q_A_topsis_0_1,3,0,16,0.001,0.0018700900075023317,2.3855781852659437,2.385637534822138,2.3855088830828817,2.385568232639076,0.0,-0.0,True,False
Q_A_topsis_0_1,3,1,2,0.0005133151119019495,0.0018434367780489856,2.3855781852659437,2.385687332515435,2.384440617495098,2.3845497647445892,0.0,-0.0,True,False
Q_A_topsis_0_1,3,1,4,0.001,0.001869754491106444,2.3855781852659437,2.38579081732559,2.3854843551810787,2.3856969872407245,-4.440892098500626e-16,4.440892098500626e-16,True,False
Q_A_topsis_0_1,3,1,5,0.001,0.001864827445685992,2.3855781852659437,2.38579081732559,2.384235800751794,2.3844484328114404,0.0,-0.0,True,False
Q_A_topsis_0_1,3,1,6,0.001,0.0018719915425358653,2.3855781852659437,2.38579081732559,2.3858593647291992,2.386071996788845,-4.440892098500626e-16,4.440892098500626e-16,True,False
Q_A_topsis_0_1,3,1,7,0.0004929559886726816,0.0018506939574989337,2.3855781852659437,2.38568300351313,2.383442706420619,2.3835475246678053,0.0,-0.0,True,False
Q_A_topsis_0_1,3,1,8,0.001,0.0018705262099240952,2.3855781852659437,2.38579081732559,2.385350246921871,2.385562878981517,0.0,-0.0,True,False
Q_A_topsis_0_1,3,1,9,0.00020663818100904335,0.00188109892763566,2.3855781852659437,2.3856221231679733,2.3846422497145787,2.3846861876166083,0.0,-0.0,True,False
Q_A_topsis_0_1,3,1,10,0.001,0.0018760026444599514,2.3855781852659437,2.38579081732559,2.38531164990893,2.3855242819685762,0.0,-0.0,True,False
Q_A_topsis_0_1,3,1,11,0.001,0.0018725518941700083,2.3855781852659437,2.38579081732559,2.3855055723008984,2.3857182043605447,0.0,-0.0,True,False
Q_A_topsis_0_1,3,1,12,0.001,0.0018605097464475427,2.3855781852659437,2.38579081732559,2.3833192498494506,2.383531881909097,0.0,-0.0,True,False
Q_A_topsis_0_1,3,1,13,0.001,0.001845942853427769,2.3855781852659437,2.38579081732559,2.384342835645395,2.3845554677050407,-4.440892098500626e-16,4.440892098500626e-16,True,False
Q_A_topsis_0_1,3,1,14,0.001,0.0018452929392151576,2.3855781852659437,2.38579081732559,2.3836163297606903,2.3838289618203365,0.0,-0.0,True,False
Q_A_topsis_0_1,3,1,15,0.001,0.0018707316859328073,2.3855781852659437,2.38579081732559,2.385299121783064,2.38551175384271,0.0,-0.0,True,False
Q_A_topsis_0_1,3,1,16,0.001,0.0018704572265901048,2.3855781852659437,2.38579081732559,2.3855088830828817,2.385721515142528,0.0,-0.0,True,False
Q_A_topsis_0_1,3,2,4,0.0005158361045685359,0.0018432967059415608,2.3855781852659437,2.3844350306733944,2.3855297843204757,2.384386629727926,-4.440892098500626e-16,4.440892098500626e-16,True,False
Q_A_topsis_0_1,3,2,5,0.0005110957478407589,0.0018433587833466174,2.3855781852659437,2.3844455358716843,2.3848920982487947,2.3837594488545353,0.0,-0.0,True,False
Q_A_topsis_0_1,3,2,6,0.0005170664811624805,0.0018424965385566523,2.3855781852659437,2.3844323040114923,2.385723573741584,2.384577692487133,4.440892098500626e-16,-4.440892098500626e-16,True,False
Q_A_topsis_0_1,3,2,7,0.0003244825801312979,0.001845361432519065,2.3855781852659437,2.3848590930031217,2.384172531005788,2.3834534387429662,0.0,-0.0,True,False
Q_A_topsis_0_1,3,2,8,0.0005183683405642534,0.0018429949868116167,2.3855781852659437,2.3844294189351265,2.3854600292447756,2.3843112629139585,0.0,-0.0,True,False
Q_A_topsis_0_1,3,2,9,0.00019668603041462807,0.0018619404271905402,2.3855781852659437,2.3851423054642638,2.384687326435194,2.384251446633514,0.0,-0.0,True,False
Q_A_topsis_0_1,3,2,10,0.0005080683193920412,0.0018435804358816988,2.3855781852659437,2.38445224501574,2.3854427670950473,2.384316826844844,0.0,-0.0,True,False
Q_A_topsis_0_1,3,2,11,0.0005184472429770615,0.0018450861854887289,2.3855781852659437,2.384429244077929,2.3855405392744116,2.384391598086397,0.0,-0.0,True,False
Q_A_topsis_0_1,3,2,12,0.0004621936180206059,0.0018414257718314527,2.3855781852659437,2.3845539088486714,2.38453411973292,2.383509843315647,-4.440892098500626e-16,4.440892098500626e-16,True,False
Q_A_topsis_0_1,3,2,13,0.00047690018115651307,0.0018301255867439043,2.3855781852659437,2.3845213173432676,2.3849890468081125,2.3839321788854364,0.0,-0.0,True,False
Q_A_topsis_0_1,3,2,14,0.00045882315087658783,0.0018594221406321425,2.3855781852659437,2.384561378207564,2.3846780405414587,2.3836612334830787,-4.440892098500626e-16,4.440892098500626e-16,True,False
Q_A_topsis_0_1,3,2,15,0.00047937981200522873,0.0018514299998214454,2.3855781852659437,2.3845158221843064,2.3854444078659833,2.384382044784346,0.0,-0.0,True,False
Q_A_topsis_0_1,3,2,16,0.0005121654783729103,0.0018440664017273104,2.3855781852659437,2.3844431652206968,2.385542691080204,2.384407671034957,0.0,-0.0,True,False
Q_A_topsis_0_1,3,4,5,0.001,0.0018643855565553297,2.3855781852659437,2.3854843551810787,2.384235800751794,2.384141970666929,0.0,-0.0,True,False
Q_A_topsis_0_1,3,4,6,0.001,0.0018715496534052031,2.3855781852659437,2.3854843551810787,2.3858593647291992,2.385765534644334,-4.440892098500626e-16,4.440892098500626e-16,True,False
Q_A_topsis_0_1,3,4,7,0.0004953663256294877,0.0018476732267587856,2.3855781852659437,2.3855317050015707,2.383432264872692,2.3833857846083193,0.0,-0.0,True,False
Q_A_topsis_0_1,3,4,8,0.001,0.001870084320793433,2.3855781852659437,2.3854843551810787,2.385350246921871,2.3852564168370054,-4.440892098500626e-16,4.440892098500626e-16,True,False
Q_A_topsis_0_1,3,4,9,0.00020603495184768006,0.0018801353703343333,2.3855781852659437,2.3855588529889267,2.3846449819473876,2.3846256496703706,0.0,-0.0,True,False
Q_A_topsis_0_1,3,4,10,0.001,0.0018752105780930122,2.3855781852659437,2.3854843551810787,2.38531164990893,2.385217819824065,0.0,-0.0,True,False
Q_A_topsis_0_1,3,4,11,0.001,0.001872110005039346,2.3855781852659437,2.3854843551810787,2.3855055723008984,2.385411742216033,-4.440892098500626e-16,4.440892098500626e-16,True,False
Q_A_topsis_0_1,3,4,12,0.001,0.001858081418830543,2.3855781852659437,2.3854843551810787,2.3833192498494506,2.3832254197645857,0.0,-0.0,True,False
Q_A_topsis_0_1,3,4,13,0.001,0.0018443606336673668,2.3855781852659437,2.3854843551810787,2.384342835645395,2.3842490055605294,-4.440892098500626e-16,4.440892098500626e-16,True,False
Q_A_topsis_0_1,3,4,14,0.001,0.0018433671167497267,2.3855781852659437,2.3854843551810787,2.3836163297606903,2.3835224996758253,0.0,-0.0,True,False
Q_A_topsis_0_1,3,4,15,0.001,0.0018702897968021451,2.3855781852659437,2.3854843551810787,2.385299121783064,2.385205291698199,0.0,-0.0,True,False
Q_A_topsis_0_1,3,4,16,0.001,0.0018700153374594428,2.3855781852659437,2.3854843551810787,2.3855088830828817,2.3854150529980167,0.0,-0.0,True,False
Q_A_topsis_0_1,3,5,6,0.001,0.0018666226079847512,2.3855781852659437,2.384235800751794,2.3858593647291992,2.384516980215049,-4.440892098500626e-16,4.440892098500626e-16,True,False
Q_A_topsis_0_1,3,5,7,0.0004744449616161041,0.001854540353207151,2.3855781852659437,2.384941297696654,2.383522895945836,2.3828860083765457,-4.440892098500626e-16,4.440892098500626e-16,True,False
Q_A_topsis_0_1,3,5,8,0.001,0.0018651572753729808,2.3855781852659437,2.384235800751794,2.385350246921871,2.3840078624077212,0.0,-0.0,True,False
Q_A_topsis_0_1,3,5,9,0.00020516626844896348,0.0018757044219681947,2.3855781852659437,2.385302773244352,2.3846489165139415,2.3843735044923497,0.0,-0.0,True,False
Q_A_topsis_0_1,3,5,10,0.001,0.0018706337099088372,2.3855781852659437,2.384235800751794,2.38531164990893,2.3839692653947804,0.0,-0.0,True,False
Q_A_topsis_0_1,3,5,11,0.001,0.0018671829596188941,2.3855781852659437,2.384235800751794,2.3855055723008984,2.384163187786749,0.0,-0.0,True,False
Q_A_topsis_0_1,3,5,12,0.001,0.0018547366386649946,2.3855781852659437,2.384235800751794,2.3833192498494506,2.381976865335301,0.0,-0.0,True,False
Q_A_topsis_0_1,3,5,13,0.001,0.0018401497535156864,2.3855781852659437,2.384235800751794,2.384342835645395,2.383000451131245,-4.440892098500626e-16,4.440892098500626e-16,True,False
Q_A_topsis_0_1,3,5,14,0.001,0.00183456110920788,2.3855781852659437,2.384235800751794,2.3836163297606903,2.382273945246541,4.440892098500626e-16,-4.440892098500626e-16,True,False
Q_A_topsis_0_1,3,5,15,0.001,0.0018653627513816932,2.3855781852659437,2.384235800751794,2.385299121783064,2.3839567372689148,4.440892098500626e-16,-4.440892098500626e-16,True,False
Q_A_topsis_0_1,3,5,16,0.001,0.0018650882920389906,2.385578185265944,2.384235800751794,2.3855088830828817,2.384166498568732,4.440892098500626e-16,-4.440892098500626e-16,True,False
Q_A_topsis_0_1,3,6,7,0.0004772986185378593,0.0018528862394930285,2.3855781852659437,2.3857123918353165,2.3835105339416645,2.3836447405110373,0.0,-0.0,True,False
Q_A_topsis_0_1,3,6,8,0.001,0.0018723213722228542,2.3855781852659437,2.3858593647291992,2.385350246921871,2.3856314263851264,0.0,-0.0,True,False
Q_A_topsis_0_1,3,6,9,0.0002062886739429869,0.0018812776854323216,2.3855781852659437,2.3856361894045586,2.384643832752558,2.384701836891173,0.0,-0.0,True,False
Q_A_topsis_0_1,3,6,10,0.001,0.0018777978067587107,2.3855781852659437,2.3858593647291992,2.38531164990893,2.3855928293721855,0.0,-0.0,True,False
Q_A_topsis_0_1,3,6,11,0.001,0.0018743470564687675,2.3855781852659437,2.3858593647291992,2.3855055723008984,2.385786751764154,0.0,-0.0,True,False
Q_A_topsis_0_1,3,6,12,0.001,0.001861496324433717,2.3855781852659437,2.3858593647291992,2.3833192498494506,2.383600429312706,0.0,-0.0,True,False
Q_A_topsis_0_1,3,6,13,0.001,0.001847738015726528,2.3855781852659437,2.3858593647291992,2.384342835645395,2.38462401510865,-4.440892098500626e-16,4.440892098500626e-16,True,False
Q_A_topsis_0_1,3,6,14,0.001,0.0018502217913668754,2.3855781852659437,2.3858593647291992,2.3836163297606903,2.3838975092239463,4.440892098500626e-16,-4.440892098500626e-16,True,False
Q_A_topsis_0_1,3,6,15,0.001,0.0018725268482315664,2.3855781852659437,2.3858593647291992,2.385299121783064,2.3855803012463195,0.0,-0.0,True,False
Q_A_topsis_0_1,3,6,16,0.001,0.001872252388888864,2.3855781852659437,2.3858593647291992,2.3855088830828817,2.3857900625461377,4.440892098500626e-16,-4.440892098500626e-16,True,False
Q_A_topsis_0_1,3,7,8,0.0004924031365207104,0.0018508088343308956,2.3855781852659437,2.383445101368854,2.3854659477103892,2.3833328638132993,0.0,-0.0,True,False
Q_A_topsis_0_1,3,7,9,0.00018648135700933692,0.0018759590707098635,2.3855781852659437,2.384770350485372,2.3847335469186666,2.3839257121380943,-4.440892098500626e-16,4.440892098500626e-16,True,False
Q_A_topsis_0_1,3,7,10,0.00048703283313126193,0.001851924726595861,2.3855781852659437,2.383468365452351,2.385448373795888,2.3833385539822953,0.0,-0.0,True,False
Q_A_topsis_0_1,3,7,11,0.0004940614411185312,0.0018504642561684586,2.3855781852659437,2.383437917615194,2.3855423099997894,2.3834020423490396,0.0,-0.0,True,False
Q_A_topsis_0_1,3,7,12,0.0004858792445405099,0.001827964135051313,2.3855781852659437,2.3834733627829214,2.384480615432312,2.38237579294929,0.0,-0.0,True,False
Q_A_topsis_0_1,3,7,13,0.0004752983804234408,0.0018319686010393726,2.3855781852659437,2.383519198946811,2.38499102559204,2.3829320392729074,0.0,-0.0,True,False
Q_A_topsis_0_1,3,7,14,0.0004641392392495715,0.001842741160625323,2.3855781852659437,2.383567540199289,2.3846676111442178,2.382656966077563,0.0,-0.0,True,False
Q_A_topsis_0_1,3,7,15,0.0004953823286061924,0.0018501897897140556,2.3855781852659437,2.383432195548008,2.3854399421479653,2.38329395243003,4.440892098500626e-16,-4.440892098500626e-16,True,False
Q_A_topsis_0_1,3,7,16,0.0004926438107742593,0.0018477357250620769,2.3855781852659437,2.3834440587711594,2.385544043974385,2.383409917479601,4.440892098500626e-16,-4.440892098500626e-16,True,False
Q_A_topsis_0_1,3,8,9,0.00020670291065314275,0.0018803378150482526,2.3855781852659437,2.3855310697467744,2.384641956531708,2.3845948410125386,0.0,-0.0,True,False
Q_A_topsis_0_1,3,8,10,0.001,0.0018763324741469405,2.3855781852659437,2.385350246921871,2.38531164990893,2.385083711564857,0.0,-0.0,True,False
Q_A_topsis_0_1,3,8,11,0.001,0.0018728817238569972,2.3855781852659437,2.385350246921871,2.3855055723008984,2.3852776339568256,0.0,-0.0,True,False
Q_A_topsis_0_1,3,8,12,0.001,0.0018608395761345316,2.3855781852659437,2.385350246921871,2.3833192498494506,2.3830913115053782,4.440892098500626e-16,-4.440892098500626e-16,True,False
Q_A_topsis_0_1,3,8,13,0.001,0.0018462726831147578,2.3855781852659437,2.385350246921871,2.384342835645395,2.384114897301322,0.0,-0.0,True,False
Q_A_topsis_0_1,3,8,14,0.001,0.0018458810080908882,2.3855781852659437,2.385350246921871,2.3836163297606903,2.383388391416618,4.440892098500626e-16,-4.440892098500626e-16,True,False
Q_A_topsis_0_1,3,8,15,0.001,0.0018710615156197962,2.3855781852659437,2.385350246921871,2.385299121783064,2.385071183438991,0.0,-0.0,True,False
Q_A_topsis_0_1,3,8,16,0.001,0.001870787056277094,2.3855781852659437,2.385350246921871,2.3855088830828817,2.3852809447388093,4.440892098500626e-16,-4.440892098500626e-16,True,False
Q_A_topsis_0_1,3,9,10,0.00020519812164724194,0.0018780073039368806,2.3855781852659437,2.384648772239826,2.385523492711332,2.3845940796852148,4.440892098500626e-16,-4.440892098500626e-16,True,False
Q_A_topsis_0_1,3,9,11,0.0002061869316992268,0.0018810820249365366,2.3855781852659437,2.3846442935782517,2.3855632134214795,2.384629321733787,-4.440892098500626e-16,4.440892098500626e-16,True,False
Q_A_topsis_0_1,3,9,12,0.00019843176402345675,0.0018842843331483199,2.3855781852659437,2.3846794194059138,2.385129940726434,2.384231174866404,-4.440892098500626e-16,4.440892098500626e-16,True,False
Q_A_topsis_0_1,3,9,13,0.00020828728030729282,0.0018718612746752286,2.3855781852659437,2.384634780375401,2.3853208776532506,2.3843774727627083,4.440892098500626e-16,-4.440892098500626e-16,True,False
Q_A_topsis_0_1,3,9,14,0.00019227537521397285,0.001871496534291728,2.3855781852659437,2.3847073038129807,2.3852009687625557,2.3843300873095923,-4.440892098500626e-16,4.440892098500626e-16,True,False
Q_A_topsis_0_1,3,9,15,0.0002057619128890874,0.001881741331333487,2.3855781852659437,2.3846462186349493,2.3855207646298884,2.3845887979988944,4.440892098500626e-16,-4.440892098500626e-16,True,False
Q_A_topsis_0_1,3,9,16,0.00020602611152755495,0.0018799336164011513,2.3855781852659437,2.384645021988245,2.385563907206647,2.3846307439289482,0.0,-0.0,True,False
Q_A_topsis_0_1,3,10,11,0.001,0.0018783581583928536,2.3855781852659437,2.38531164990893,2.3855055723008984,2.385239036943885,4.440892098500626e-16,-4.440892098500626e-16,True,False
Q_A_topsis_0_1,3,10,12,0.001,0.0018607097608592926,2.3855781852659437,2.38531164990893,2.3833192498494506,2.3830527144924374,4.440892098500626e-16,-4.440892098500626e-16,True,False
Q_A_topsis_0_1,3,10,13,0.001,0.0018509317673873578,2.3855781852659437,2.38531164990893,2.384342835645395,2.384076300288381,0.0,-0.0,True,False
Q_A_topsis_0_1,3,10,14,0.001,0.0018398007053139522,2.3855781852659437,2.38531164990893,2.3836163297606903,2.383349794403677,4.440892098500626e-16,-4.440892098500626e-16,True,False
Q_A_topsis_0_1,3,10,15,0.001,0.0018743592518456929,2.3855781852659437,2.38531164990893,2.385299121783064,2.3850325864260506,4.440892098500626e-16,-4.440892098500626e-16,True,False
Q_A_topsis_0_1,3,10,16,0.001,0.0018762634908129502,2.3855781852659437,2.38531164990893,2.3855088830828817,2.385242347725869,8.881784197001252e-16,-8.881784197001252e-16,True,False
Q_A_topsis_0_1,3,11,12,0.001,0.0018615242871426801,2.3855781852659437,2.3855055723008984,2.3833192498494506,2.3832466368844054,0.0,-0.0,True,False
Q_A_topsis_0_1,3,11,13,0.001,0.001847803501979504,2.3855781852659437,2.3855055723008984,2.384342835645395,2.3842702226803496,0.0,-0.0,True,False
Q_A_topsis_0_1,3,11,14,0.001,0.0018465978421746336,2.3855781852659437,2.3855055723008984,2.3836163297606903,2.3835437167956455,4.440892098500626e-16,-4.440892098500626e-16,True,False
Q_A_topsis_0_1,3,11,15,0.001,0.0018730871998657095,2.3855781852659437,2.3855055723008984,2.385299121783064,2.3852265088180187,0.0,-0.0,True,False
Q_A_topsis_0_1,3,11,16,0.001,0.001872812740523007,2.3855781852659437,2.3855055723008984,2.3855088830828817,2.385436270117837,4.440892098500626e-16,-4.440892098500626e-16,True,False
Q_A_topsis_0_1,3,12,13,0.0009700455391160649,0.0018346031932752788,2.3855781852659437,2.3833869150420237,2.3843798398772815,2.3821885696533616,0.0,-0.0,True,False
Q_A_topsis_0_1,3,12,14,0.001,0.001824416528603997,2.3855781852659437,2.3833192498494506,2.3836163297606903,2.381357394344198,8.881784197001252e-16,-8.881784197001252e-16,True,False
Q_A_topsis_0_1,3,12,15,0.001,0.0018575221408562703,2.3855781852659437,2.3833192498494506,2.385299121783064,2.383040186366571,0.0,-0.0,True,False
Q_A_topsis_0_1,3,12,16,0.001,0.0018600597240352656,2.3855781852659437,2.3833192498494506,2.3855088830828817,2.383249947666389,4.440892098500626e-16,-4.440892098500626e-16,True,False
Q_A_topsis_0_1,3,13,14,0.0005889294828768708,0.0018718885856436487,2.3855781852659437,2.3848506514527417,2.384422790717756,2.383695256904554,0.0,-0.0,True,False
Q_A_topsis_0_1,3,13,15,0.001,0.0018445007681859712,2.3855781852659437,2.384342835645395,2.385299121783064,2.384063772162515,0.0,-0.0,True,False
Q_A_topsis_0_1,3,13,16,0.001,0.0018462036997807677,2.3855781852659437,2.384342835645395,2.3855088830828817,2.3842735334623333,4.440892098500626e-16,-4.440892098500626e-16,True,False
Q_A_topsis_0_1,3,14,15,0.001,0.0018454816515902585,2.3855781852659437,2.3836163297606903,2.385299121783064,2.3833372662778105,0.0,-0.0,True,False
Q_A_topsis_0_1,3,14,16,0.001,0.0018459512054608024,2.3855781852659437,2.3836163297606903,2.3855088830828817,2.3835470275776287,4.440892098500626e-16,-4.440892098500626e-16,True,False
Q_A_topsis_0_1,3,15,16,0.001,0.001870992532285806,2.3855781852659437,2.385299121783064,2.3855088830828817,2.3852298196000024,4.440892098500626e-16,-4.440892098500626e-16,True,False
Q_A_topsis_0_1,4,0,1,0.001,0.0018392506984915157,2.3855781852659437,2.385731364907003,2.3858846474104554,2.3860378270515143,-4.440892098500626e-16,4.440892098500626e-16,True,False
Q_A_topsis_0_1,4,0,2,0.0005156482544246566,0.001833918013845928,2.3855781852659437,2.3856571720804696,2.3844838302912863,2.384562817105812,0.0,-0.0,True,False
Q_A_topsis_0_1,4,0,3,0.001,0.0018316912085632735,2.3855781852659437,2.385731364907003,2.385672015350809,2.3858251949918685,0.0,-0.0,True,False
Q_A_topsis_0_1,4,0,5,0.001,0.0018176220214604901,2.3855781852659437,2.385731364907003,2.3843296308366595,2.384482810477719,0.0,-0.0,True,False
Q_A_topsis_0_1,4,0,6,0.001,0.0018327908974781599,2.3855781852659437,2.385731364907003,2.3859531948140646,2.3861063744551236,-4.440892098500626e-16,4.440892098500626e-16,True,False
Q_A_topsis_0_1,4,0,7,0.0004949088125922296,0.0018359331883562966,2.3855781852659437,2.3856539952202134,2.383480684149025,2.383556494103295,4.440892098500626e-16,-4.440892098500626e-16,True,False
Q_A_topsis_0_1,4,0,8,0.001,0.0018329385635287411,2.3855781852659437,2.385731364907003,2.3854440770067358,2.385597256647795,0.0,-0.0,True,False
Q_A_topsis_0_1,4,0,9,0.0002058157119931975,0.0018723966708250204,2.3855781852659437,2.3856097120428315,2.3846652866659848,2.3846968134428725,0.0,-0.0,True,False
Q_A_topsis_0_1,4,0,10,0.001,0.0018262104820101488,2.3855781852659437,2.385731364907003,2.3854054799937954,2.385558659634855,0.0,-0.0,True,False
Q_A_topsis_0_1,4,0,11,0.001,0.0018321537841933786,2.3855781852659437,2.385731364907003,2.3855994023857634,2.385752582026823,0.0,-0.0,True,False
Q_A_topsis_0_1,4,0,12,0.001,0.0017968919902398466,2.3855781852659437,2.385731364907003,2.383413079934316,2.383566259575375,-4.440892098500626e-16,4.440892098500626e-16,True,False
Q_A_topsis_0_1,4,0,13,0.001,0.0017893282242066387,2.3855781852659437,2.385731364907003,2.38443666573026,2.3845898453713192,0.0,-0.0,True,False
Q_A_topsis_0_1,4,0,14,0.001,0.0017991519603476772,2.3855781852659437,2.385731364907003,2.3837101598455557,2.383863339486615,0.0,-0.0,True,False
Q_A_topsis_0_1,4,0,15,0.001,0.0018316159261446993,2.3855781852659437,2.385731364907003,2.3853929518679293,2.3855461315089883,-4.440892098500626e-16,4.440892098500626e-16,True,False
Q_A_topsis_0_1,4,0,16,0.001,0.0018251691032127389,2.3855781852659437,2.385731364907003,2.385602713167747,2.3857558928088065,0.0,-0.0,True,False
Q_A_topsis_0_1,4,1,2,0.0005185273391693855,0.0018328861785758958,2.3855781852659437,2.385737094266293,2.384477720039412,2.384636629039762,4.440892098500626e-16,-4.440892098500626e-16,True,False
Q_A_topsis_0_1,4,1,3,0.001,0.0018383372664106331,2.3855781852659437,2.3858846474104554,2.385672015350809,2.3859784774953203,-4.440892098500626e-16,4.440892098500626e-16,True,False
Q_A_topsis_0_1,4,1,5,0.001,0.001819224303396202,2.3855781852659437,2.3858846474104554,2.3843296308366595,2.3846360929811707,-4.440892098500626e-16,4.440892098500626e-16,True,False
Q_A_topsis_0_1,4,1,6,0.001,0.0018410367871175962,2.3855781852659437,2.3858846474104554,2.3859531948140646,2.386259656958576,-4.440892098500626e-16,4.440892098500626e-16,True,False
Q_A_topsis_0_1,4,1,7,0.0004929559886726816,0.0018391879735966945,2.3855781852659437,2.385729257615382,2.383488960522871,2.383640032872309,0.0,-0.0,True,False
Q_A_topsis_0_1,4,1,8,0.001,0.0018404080893720488,2.3855781852659437,2.3858846474104554,2.3854440770067358,2.3857505391512475,0.0,-0.0,True,False
Q_A_topsis_0_1,4,1,9,0.00020543523439202094,0.001872400802658161,2.3855781852659437,2.3856411433884337,2.384666974279948,2.384729932402438,0.0,-0.0,True,False
Q_A_topsis_0_1,4,1,10,0.001,0.0018256643569963078,2.3855781852659437,2.3858846474104554,2.3854054799937954,2.385711942138307,0.0,-0.0,True,False
Q_A_topsis_0_1,4,1,11,0.001,0.001840399673832815,2.3855781852659437,2.3858846474104554,2.3855994023857634,2.385905864530275,0.0,-0.0,True,False
Q_A_topsis_0_1,4,1,12,0.001,0.001805137879879283,2.3855781852659437,2.3858846474104554,2.383413079934316,2.3837195420788273,-4.440892098500626e-16,4.440892098500626e-16,True,False
Q_A_topsis_0_1,4,1,13,0.001,0.0017925857811373193,2.3855781852659437,2.3858846474104554,2.38443666573026,2.384743127874771,-4.440892098500626e-16,4.440892098500626e-16,True,False
Q_A_topsis_0_1,4,1,14,0.001,0.0017986058353338362,2.3855781852659437,2.3858846474104554,2.3837101598455557,2.384016621990067,-4.440892098500626e-16,4.440892098500626e-16,True,False
Q_A_topsis_0_1,4,1,15,0.001,0.0018363884168893312,2.3855781852659437,2.3858846474104554,2.3853929518679293,2.3856994140124406,-4.440892098500626e-16,4.440892098500626e-16,True,False
Q_A_topsis_0_1,4,1,16,0.001,0.0018334149928521753,2.3855781852659437,2.3858846474104554,2.385602713167747,2.3859091753122583,-4.440892098500626e-16,4.440892098500626e-16,True,False
Q_A_topsis_0_1,4,2,3,0.0005184546502167023,0.0018348400710123869,2.3855781852659437,2.3844778743064277,2.3856268319097724,2.384526520950256,-4.440892098500626e-16,4.440892098500626e-16,True,False
Q_A_topsis_0_1,4,2,5,0.0004931046826283025,0.0018336860596553377,2.3855781852659437,2.3845316742813125,2.3849625172303472,2.3839160062457165,4.440892098500626e-16,-4.440892098500626e-16,True,False
Q_A_topsis_0_1,4,2,6,0.0005198502929741142,0.0018335799962928847,2.3855781852659437,2.3844749123481908,2.385773134089402,2.3846698611716493,0.0,-0.0,True,False
Q_A_topsis_0_1,4,2,7,0.00032210516133091656,0.0018482138331060347,2.3855781852659437,2.384894584802564,2.384213053107318,2.383529452643939,4.440892098500626e-16,-4.440892098500626e-16,True,False
Q_A_topsis_0_1,4,2,8,0.0005185409886154928,0.0018342512830144487,2.3855781852659437,2.3844776910713334,2.3855086446366327,2.3844081504420225,0.0,-0.0,True,False
Q_A_topsis_0_1,4,2,9,0.00019605564486953805,0.0018518055642995912,2.3855781852659437,2.3851620983919326,2.3847085775864225,2.3842924907124114,0.0,-0.0,True,False
Q_A_topsis_0_1,4,2,10,0.0005080683193920412,0.0018310083124245449,2.3855781852659437,2.384499917109266,2.385490439188573,2.3844121710318955,4.440892098500626e-16,-4.440892098500626e-16,True,False
Q_A_topsis_0_1,4,2,11,0.0005184620576680059,0.001833884298673768,2.3855781852659437,2.3844778585856696,2.385589185537543,2.3844888588572695,4.440892098500626e-16,-4.440892098500626e-16,True,False
Q_A_topsis_0_1,4,2,12,0.00046920868703694555,0.0018278793450705012,2.3855781852659437,2.3845823885064177,2.384562299035994,2.383566502276468,0.0,-0.0,True,False
Q_A_topsis_0_1,4,2,13,0.0004788055016275779,0.00181695938082619,2.3855781852659437,2.3845620212857432,2.3850316194320427,2.3840154554518427,4.440892098500626e-16,-4.440892098500626e-16,True,False
Q_A_topsis_0_1,4,2,14,0.00045882315087658783,0.0018373781038007856,2.3855781852659437,2.3846044296227484,2.384721091956644,2.3837473363134483,-4.440892098500626e-16,4.440892098500626e-16,True,False
Q_A_topsis_0_1,4,2,15,0.00048392260856099144,0.0018391485758717976,2.3855781852659437,2.3845511613024497,2.385488546636784,2.38446152267329,0.0,-0.0,True,False
Q_A_topsis_0_1,4,2,16,0.0005121654783729103,0.0018314749657299472,2.3855781852659437,2.3844912217509977,2.3855907476105043,2.3845037840955583,0.0,-0.0,True,False
Q_A_topsis_0_1,4,3,5,0.001,0.0018168395943657589,2.3855781852659437,2.3856720153508086,2.3843296308366595,2.3844234609215245,0.0,-0.0,True,False
Q_A_topsis_0_1,4,3,6,0.001,0.001833477297189354,2.3855781852659437,2.3856720153508086,2.385953194814064,2.386047024898929,0.0,-0.0,True,False
Q_A_topsis_0_1,4,3,7,0.0004955972132824236,0.0018356242931183325,2.3855781852659437,2.385624687194525,2.383477766599004,2.383524268527585,0.0,-0.0,True,False
Q_A_topsis_0_1,4,3,8,0.001,0.0018336249632399354,2.3855781852659437,2.3856720153508086,2.3854440770067358,2.385537907091601,4.440892098500626e-16,-4.440892098500626e-16,True,False
Q_A_topsis_0_1,4,3,9,0.00020344448528988895,0.0018743743049383166,2.3855781852659437,2.385597274479264,2.384675804276699,2.3846948934900194,0.0,-0.0,True,False
Q_A_topsis_0_1,4,3,10,0.001,0.001830231616242526,2.3855781852659437,2.3856720153508086,2.3854054799937954,2.3854993100786603,0.0,-0.0,True,False
Q_A_topsis_0_1,4,3,11,0.001,0.0018328401839045729,2.3855781852659437,2.3856720153508086,2.3855994023857634,2.385693232470629,4.440892098500626e-16,-4.440892098500626e-16,True,False
Q_A_topsis_0_1,4,3,12,0.001,0.0017975783899510408,2.3855781852659437,2.3856720153508086,2.383413079934316,2.383506910019181,0.0,-0.0,True,False
Q_A_topsis_0_1,4,3,13,0.001,0.001790014623917833,2.3855781852659437,2.3856720153508086,2.38443666573026,2.384530495815125,4.440892098500626e-16,-4.440892098500626e-16,True,False
Q_A_topsis_0_1,4,3,14,0.001,0.0018054682773528032,2.3855781852659437,2.3856720153508086,2.3837101598455557,2.3838039899304206,0.0,-0.0,True,False
Q_A_topsis_0_1,4,3,15,0.001,0.0018323023258558935,2.3855781852659437,2.3856720153508086,2.385392951867929,2.3854867819527943,4.440892098500626e-16,-4.440892098500626e-16,True,False
Q_A_topsis_0_1,4,3,16,0.001,0.0018258555029239331,2.3855781852659437,2.3856720153508086,2.385602713167747,2.385696543252612,0.0,-0.0,True,False
Q_A_topsis_0_1,4,5,6,0.001,0.0018194081100865707,2.3855781852659437,2.3843296308366595,2.385953194814064,2.3847046403847796,-4.440892098500626e-16,4.440892098500626e-16,True,False
Q_A_topsis_0_1,4,5,7,0.0004744449616161041,0.0018464030933054796,2.3855781852659437,2.384985814907666,2.383567413156848,2.38297504279857,-4.440892098500626e-16,4.440892098500626e-16,True,False
Q_A_topsis_0_1,4,5,8,0.001,0.0018189104173271745,2.3855781852659437,2.3843296308366595,2.3854440770067358,2.3841955225774516,0.0,-0.0,True,False
Q_A_topsis_0_1,4,5,9,0.00020448044690297843,0.001871171920710457,2.3855781852659437,2.385322880298261,2.3846712092538165,2.3844159042861337,0.0,-0.0,True,False
Q_A_topsis_0_1,4,5,10,0.001,0.001811118653228095,2.3855781852659437,2.3843296308366595,2.3854054799937954,2.3841569255645108,-4.440892098500626e-16,4.440892098500626e-16,True,False
Q_A_topsis_0_1,4,5,11,0.001,0.0018187709968017897,2.3855781852659437,2.3843296308366595,2.3855994023857634,2.3843508479564792,0.0,-0.0,True,False
Q_A_topsis_0_1,4,5,12,0.001,0.0017835092028482577,2.3855781852659437,2.3843296308366595,2.383413079934316,2.3821645255050314,-4.440892098500626e-16,4.440892098500626e-16,True,False
Q_A_topsis_0_1,4,5,13,0.0009755530930169754,0.001780276929115525,2.3855781852659437,2.3843601541306554,2.3844645723521682,2.3832465412168795,-4.440892098500626e-16,4.440892098500626e-16,True,False
Q_A_topsis_0_1,4,5,14,0.0009087075929503987,0.0018010047213063663,2.3855781852659437,2.384443614375841,2.383880696382613,2.38274612549251,0.0,-0.0,True,False
Q_A_topsis_0_1,4,5,15,0.001,0.001814890744844457,2.3855781852659437,2.3843296308366595,2.385392951867929,2.3841443974386447,0.0,-0.0,True,False
Q_A_topsis_0_1,4,5,16,0.001,0.00181178631582115,2.3855781852659437,2.3843296308366595,2.385602713167747,2.384354158738463,0.0,-0.0,True,False
Q_A_topsis_0_1,4,6,7,0.0004777275084143968,0.0018410604919253035,2.3855781852659437,2.385757337642999,2.383553501209029,2.3837326535860845,4.440892098500626e-16,-4.440892098500626e-16,True,False
Q_A_topsis_0_1,4,6,8,0.001,0.0018347246521548217,2.3855781852659437,2.385953194814064,2.3854440770067358,2.3858190865548563,0.0,-0.0,True,False
Q_A_topsis_0_1,4,6,9,0.00020578185311012333,0.001872660683793651,2.3855781852659437,2.38565535542569,2.384665436847556,2.384742607007302,-4.440892098500626e-16,4.440892098500626e-16,True,False
Q_A_topsis_0_1,4,6,10,0.001,0.001827628666299389,2.3855781852659437,2.385953194814064,2.3854054799937954,2.385780489541916,0.0,-0.0,True,False
Q_A_topsis_0_1,4,6,11,0.001,0.0018339398728194592,2.3855781852659437,2.385953194814064,2.3855994023857634,2.385974411933884,0.0,-0.0,True,False
Q_A_topsis_0_1,4,6,12,0.001,0.0017986780788659272,2.3855781852659437,2.385953194814064,2.383413079934316,2.3837880894824366,0.0,-0.0,True,False
Q_A_topsis_0_1,4,6,13,0.001,0.0017911143128327193,2.3855781852659437,2.385953194814064,2.38443666573026,2.3848116752783803,0.0,-0.0,True,False
Q_A_topsis_0_1,4,6,14,0.001,0.0018005701446369175,2.3855781852659437,2.385953194814064,2.3837101598455557,2.384085169393676,0.0,-0.0,True,False
Q_A_topsis_0_1,4,6,15,0.001,0.00183340201477078,2.3855781852659437,2.385953194814064,2.385392951867929,2.3857679614160494,0.0,-0.0,True,False
Q_A_topsis_0_1,4,6,16,0.001,0.0018269551918388195,2.3855781852659437,2.385953194814064,2.385602713167747,2.3859777227158676,0.0,-0.0,True,False
Q_A_topsis_0_1,4,7,8,0.0004924031365207104,0.0018387563506539364,2.3855781852659437,2.383491303596941,2.3855121499384766,2.383425268269474,0.0,-0.0,True,False
Q_A_topsis_0_1,4,7,9,0.000185914592978083,0.001870699814625581,2.3855781852659437,2.3847902500817213,2.3847535583703676,2.3839656231861457,4.440892098500626e-16,-4.440892098500626e-16,True,False
Q_A_topsis_0_1,4,7,10,0.00048703283313126193,0.0018319367606450486,2.3855781852659437,2.3835140637844163,2.3854940721279525,2.383429950646425,0.0,-0.0,True,False
Q_A_topsis_0_1,4,7,11,0.0004940614411185312,0.0018434759774756601,2.3855781852659437,2.3834842754421426,2.385588667826738,2.3834947580029375,4.440892098500626e-16,-4.440892098500626e-16,True,False
Q_A_topsis_0_1,4,7,12,0.0004858792445405099,0.0018167711334294765,2.3855781852659437,2.383518952873671,2.384526205523062,2.382466973130789,-4.440892098500626e-16,4.440892098500626e-16,True,False
Q_A_topsis_0_1,4,7,13,0.0004752983804234408,0.0018218290711058697,2.3855781852659437,2.3835637962341822,2.3850356228794114,2.3830212338476504,4.440892098500626e-16,-4.440892098500626e-16,True,False
Q_A_topsis_0_1,4,7,14,0.0004587196047259826,0.0018396157365461636,2.3855781852659437,2.38363405968405,2.384721285383485,2.3827771598015914,0.0,-0.0,True,False
Q_A_topsis_0_1,4,7,15,0.0004958122844629358,0.0018342442074078984,2.3855781852659437,2.3834768550936323,2.3854863442717154,2.3833850140994035,-4.440892098500626e-16,4.440892098500626e-16,True,False
Q_A_topsis_0_1,4,7,16,0.0004926438107742593,0.0018344912060617013,2.3855781852659437,2.383490283581733,2.3855902687849584,2.3835023671007476,0.0,-0.0,True,False
Q_A_topsis_0_1,4,8,9,0.00020537129614387248,0.0018729678381334072,2.3855781852659437,2.3855506432789264,2.384667257878983,2.3846397158919657,0.0,-0.0,True,False
Q_A_topsis_0_1,4,8,10,0.001,0.0018280366499026208,2.3855781852659437,2.3854440770067358,2.3854054799937954,2.3852713717345875,0.0,-0.0,True,False
Q_A_topsis_0_1,4,8,11,0.001,0.0018340875388700407,2.3855781852659437,2.3854440770067358,2.3855994023857634,2.385465294126556,4.440892098500626e-16,-4.440892098500626e-16,True,False
Q_A_topsis_0_1,4,8,12,0.001,0.0017988257449165085,2.3855781852659437,2.3854440770067358,2.383413079934316,2.383278971675108,0.0,-0.0,True,False
Q_A_topsis_0_1,4,8,13,0.001,0.0017912619788833007,2.3855781852659437,2.3854440770067358,2.38443666573026,2.3843025574710524,4.440892098500626e-16,-4.440892098500626e-16,True,False
Q_A_topsis_0_1,4,8,14,0.001,0.0018009781282401491,2.3855781852659437,2.3854440770067358,2.3837101598455557,2.3835760515863478,0.0,-0.0,True,False
Q_A_topsis_0_1,4,8,15,0.001,0.0018335496808213612,2.3855781852659437,2.3854440770067358,2.385392951867929,2.3852588436087214,4.440892098500626e-16,-4.440892098500626e-16,True,False
Q_A_topsis_0_1,4,8,16,0.001,0.001827102857889401,2.3855781852659437,2.3854440770067358,2.385602713167747,2.3854686049085396,4.440892098500626e-16,-4.440892098500626e-16,True,False
Q_A_topsis_0_1,4,9,10,0.00020519812164724194,0.001876351854266772,2.3855781852659437,2.3846680259969943,2.3855427464685,2.384632587199551,4.440892098500626e-16,-4.440892098500626e-16,True,False
Q_A_topsis_0_1,4,9,11,0.00020588319587901707,0.001872615125523968,2.3855781852659437,2.3846649873402224,2.3855825535143795,2.3846693555886582,0.0,-0.0,True,False
Q_A_topsis_0_1,4,9,12,0.00020001362840732251,0.001867521839408365,2.3855781852659437,2.3846910218925674,2.385145134692681,2.384257971319305,0.0,-0.0,True,False
Q_A_topsis_0_1,4,9,13,0.00020305961856721197,0.0018626734764229794,2.3855781852659437,2.3846775113586753,2.385346388744441,2.384445714837172,-4.440892098500626e-16,4.440892098500626e-16,True,False
Q_A_topsis_0_1,4,9,14,0.00019672343856472012,0.0018713561214275534,2.3855781852659437,2.384705615577723,2.3852107008819186,2.384338131193698,4.440892098500626e-16,-4.440892098500626e-16,True,False
Q_A_topsis_0_1,4,9,15,0.0002057619128890874,0.0018726751451269453,2.3855781852659437,2.384665525292698,2.3855400712876373,2.3846274113143915,0.0,-0.0,True,False
Q_A_topsis_0_1,4,9,16,0.00020602611152755495,0.0018710075113000683,2.3855781852659437,2.384664353435774,2.3855832386541764,2.384669406824006,-4.440892098500626e-16,4.440892098500626e-16,True,False
Q_A_topsis_0_1,4,10,11,0.001,0.0018253415605513153,2.3855781852659437,2.3854054799937954,2.3855994023857634,2.385426697113615,0.0,-0.0,True,False
Q_A_topsis_0_1,4,10,12,0.001,0.0017890314621706416,2.3855781852659437,2.3854054799937954,2.383413079934316,2.3832403746621673,-4.440892098500626e-16,4.440892098500626e-16,True,False
Q_A_topsis_0_1,4,10,13,0.001,0.0017932237797453044,2.3855781852659437,2.3854054799937954,2.38443666573026,2.3842639604581115,0.0,-0.0,True,False
Q_A_topsis_0_1,4,10,14,0.001,0.0017801394950058373,2.3855781852659437,2.3854054799937954,2.3837101598455557,2.3835374545734074,0.0,-0.0,True,False
Q_A_topsis_0_1,4,10,15,0.001,0.0018261400723413664,2.3855781852659437,2.3854054799937954,2.385392951867929,2.3852202465957806,0.0,-0.0,True,False
Q_A_topsis_0_1,4,10,16,0.001,0.0018246308915833107,2.3855781852659437,2.3854054799937954,2.385602713167747,2.385430007895599,0.0,-0.0,True,False
Q_A_topsis_0_1,4,11,12,0.001,0.001798040965581146,2.3855781852659437,2.3855994023857634,2.383413079934316,2.3834342970541362,4.440892098500626e-16,-4.440892098500626e-16,True,False
Q_A_topsis_0_1,4,11,13,0.001,0.0017904771995479382,2.3855781852659437,2.3855994023857634,2.38443666573026,2.3844578828500795,0.0,-0.0,True,False
Q_A_topsis_0_1,4,11,14,0.001,0.0017982830388888439,2.3855781852659437,2.3855994023857634,2.3837101598455557,2.383731376965376,4.440892098500626e-16,-4.440892098500626e-16,True,False
Q_A_topsis_0_1,4,11,15,0.001,0.0018327649014859987,2.3855781852659437,2.3855994023857634,2.385392951867929,2.385414168987749,4.440892098500626e-16,-4.440892098500626e-16,True,False
Q_A_topsis_0_1,4,11,16,0.001,0.0018263180785540384,2.3855781852659437,2.3855994023857634,2.385602713167747,2.385623930287567,0.0,-0.0,True,False
Q_A_topsis_0_1,4,12,13,0.0009124478015975689,0.0017725428256695494,2.3855781852659437,2.383602639665873,2.3845366082751283,2.3825610626750575,0.0,-0.0,True,False
Q_A_topsis_0_1,4,12,14,0.001,0.00176197294050817,2.3855781852659437,2.383413079934316,2.3837101598455557,2.381545054513928,0.0,-0.0,True,False
Q_A_topsis_0_1,4,12,15,0.001,0.0017975031075324666,2.3855781852659437,2.383413079934316,2.385392951867929,2.3832278465363013,0.0,-0.0,True,False
Q_A_topsis_0_1,4,12,16,0.001,0.0017910562846005064,2.3855781852659437,2.383413079934316,2.385602713167747,2.3834376078361195,0.0,-0.0,True,False
Q_A_topsis_0_1,4,13,14,0.0005987902645006427,0.0018410132449499903,2.385578185265944,2.3848946544812386,2.384459629830376,2.383776099045671,4.440892098500626e-16,-4.440892098500626e-16,True,False
Q_A_topsis_0_1,4,13,15,0.001,0.0017899393414992587,2.3855781852659437,2.38443666573026,2.3853929518679293,2.3842514323322455,0.0,-0.0,True,False
Q_A_topsis_0_1,4,13,16,0.001,0.0017834925185672985,2.3855781852659437,2.38443666573026,2.385602713167747,2.3844611936320637,4.440892098500626e-16,-4.440892098500626e-16,True,False
Q_A_topsis_0_1,4,14,15,0.001,0.0017990815506788947,2.3855781852659437,2.3837101598455557,2.3853929518679293,2.383524926447541,-4.440892098500626e-16,4.440892098500626e-16,True,False
Q_A_topsis_0_1,4,14,16,0.001,0.0017975723699208393,2.3855781852659437,2.3837101598455557,2.385602713167747,2.3837346877473595,4.440892098500626e-16,-4.440892098500626e-16,True,False
Q_A_topsis_0_1,4,15,16,0.001,0.001825780220505359,2.3855781852659437,2.3853929518679293,2.385602713167747,2.3854174797697327,0.0,-0.0,True,False
Q_A_topsis_0_1,5,0,1,0.001,0.001628120858173704,2.3855781852659437,2.3869799193362877,2.3871332018397395,2.388534935910083,-4.440892098500626e-16,4.440892098500626e-16,True,False
Q_A_topsis_0_1,5,0,2,0.0005066229232479304,0.0017222189640941372,2.3855781852659437,2.3862883358782776,2.3851355309534004,2.3858456815657347,4.440892098500626e-16,-4.440892098500626e-16,True,False
Q_A_topsis_0_1,5,0,3,0.001,0.0016354673905152424,2.3855781852659437,2.3869799193362877,2.3869205697800933,2.388322303850437,-4.440892098500626e-16,4.440892098500626e-16,True,False
Q_A_topsis_0_1,5,0,4,0.001,0.001627291069857037,2.3855781852659437,2.3869799193362877,2.3868267396952283,2.388228473765572,-4.440892098500626e-16,4.440892098500626e-16,True,False
Q_A_topsis_0_1,5,0,6,0.001,0.0016318160571271406,2.3855781852659437,2.3869799193362877,2.387201749243349,2.3886034833136924,-4.440892098500626e-16,4.440892098500626e-16,True,False
Q_A_topsis_0_1,5,0,7,0.0004556062228214187,0.001718274719398708,2.3855781852659437,2.386216824031133,2.384216103852048,2.3848547426172377,0.0,-0.0,True,False
Q_A_topsis_0_1,5,0,8,0.001,0.001629695086191887,2.3855781852659437,2.3869799193362877,2.386692631436021,2.388094365506364,-8.881784197001252e-16,8.881784197001252e-16,True,False
Q_A_topsis_0_1,5,0,9,0.00020492805371177445,0.0018438147504555016,2.3855781852659437,2.3858654399008006,2.3849250877164176,2.385212342351275,4.440892098500626e-16,-4.440892098500626e-16,True,False
Q_A_topsis_0_1,5,0,10,0.001,0.0016203341449105232,2.3855781852659437,2.3869799193362877,2.38665403442308,2.3880557684934236,-4.440892098500626e-16,4.440892098500626e-16,True,False
Q_A_topsis_0_1,5,0,11,0.001,0.001638750267446723,2.3855781852659437,2.3869799193362877,2.386847956815048,2.3882496908853916,-4.440892098500626e-16,4.440892098500626e-16,True,False
Q_A_topsis_0_1,5,0,12,0.001,0.0015942998938580813,2.3855781852659437,2.3869799193362877,2.3846616343636002,2.3860633684339443,0.0,-0.0,True,False
Q_A_topsis_0_1,5,0,13,0.001,0.0015826181297757575,2.3855781852659437,2.3869799193362877,2.3856852201595444,2.3870869542298885,0.0,-0.0,True,False
Q_A_topsis_0_1,5,0,14,0.001,0.0016104000077384428,2.3855781852659437,2.3869799193362877,2.3849587142748403,2.386360448345184,-4.440892098500626e-16,4.440892098500626e-16,True,False
Q_A_topsis_0_1,5,0,15,0.001,0.0016275283530533592,2.3855781852659437,2.3869799193362877,2.3866415062972135,2.388043240367557,-4.440892098500626e-16,4.440892098500626e-16,True,False
Q_A_topsis_0_1,5,0,16,0.001,0.0016374819774515586,2.3855781852659437,2.3869799193362877,2.3868512675970317,2.3882530016673753,-4.440892098500626e-16,4.440892098500626e-16,True,False
Q_A_topsis_0_1,5,1,2,0.00049908562926115,0.0017238852393707687,2.3855781852659437,2.386354271691188,2.3851421165529367,2.3859182029781807,-4.440892098500626e-16,4.440892098500626e-16,True,False
Q_A_topsis_0_1,5,1,3,0.001,0.0016321986152161593,2.3855781852659437,2.3871332018397395,2.3869205697800933,2.3884755863538887,-4.440892098500626e-16,4.440892098500626e-16,True,False
Q_A_topsis_0_1,5,1,4,0.001,0.0016240222945579537,2.3855781852659437,2.3871332018397395,2.3868267396952283,2.388381756269024,0.0,-0.0,True,False
Q_A_topsis_0_1,5,1,6,0.001,0.0016285472818280574,2.3855781852659437,2.3871332018397395,2.387201749243349,2.3887567658171447,0.0,-0.0,True,False
Q_A_topsis_0_1,5,1,7,0.00045727383767019277,0.0017193561751301803,2.3855781852659437,2.386289253662284,2.3842111183468524,2.384922186743193,0.0,-0.0,True,False
Q_A_topsis_0_1,5,1,8,0.001,0.0016264263108928037,2.3855781852659437,2.3871332018397395,2.386692631436021,2.3882476480098163,-4.440892098500626e-16,4.440892098500626e-16,True,False
Q_A_topsis_0_1,5,1,9,0.0002045508479337111,0.0018428646907957225,2.3855781852659437,2.3858962652246647,2.3849262898562165,2.385244369814938,4.440892098500626e-16,-4.440892098500626e-16,True,False
Q_A_topsis_0_1,5,1,10,0.001,0.0016168457465471676,2.3855781852659437,2.3871332018397395,2.38665403442308,2.3882090509968754,-4.440892098500626e-16,4.440892098500626e-16,True,False
Q_A_topsis_0_1,5,1,11,0.001,0.00163548149214764,2.3855781852659437,2.3871332018397395,2.386847956815048,2.388402973388844,0.0,-0.0,True,False
Q_A_topsis_0_1,5,1,12,0.001,0.0015910311185589983,2.3855781852659437,2.3871332018397395,2.3846616343636002,2.3862166509373965,4.440892098500626e-16,-4.440892098500626e-16,True,False
Q_A_topsis_0_1,5,1,13,0.001,0.001579073578729378,2.3855781852659437,2.3871332018397395,2.3856852201595444,2.38724023673334,-4.440892098500626e-16,4.440892098500626e-16,True,False
Q_A_topsis_0_1,5,1,14,0.001,0.0016047717533175894,2.3855781852659437,2.3871332018397395,2.3849587142748403,2.386513730848636,0.0,-0.0,True,False
Q_A_topsis_0_1,5,1,15,0.001,0.001624259577754276,2.3855781852659437,2.3871332018397395,2.3866415062972135,2.3881965228710094,0.0,-0.0,True,False
Q_A_topsis_0_1,5,1,16,0.001,0.0016318537230307051,2.3855781852659437,2.3871332018397395,2.3868512675970317,2.388406284170827,-4.440892098500626e-16,4.440892098500626e-16,True,False
Q_A_topsis_0_1,5,2,3,0.0005039428251087849,0.0017244034500072997,2.3855781852659437,2.3851378726496506,2.3862546703103864,2.385814357694093,-4.440892098500626e-16,4.440892098500626e-16,True,False
Q_A_topsis_0_1,5,2,4,0.0005014684671134213,0.001723762717086334,2.3855781852659437,2.3851400345834812,2.3862042959417047,2.3857661452592427,4.440892098500626e-16,-4.440892098500626e-16,True,False
Q_A_topsis_0_1,5,2,6,0.000502631181364301,0.0017224553371557676,2.3855781852659437,2.385139018679041,2.3863942391459276,2.385955072559024,-8.881784197001252e-16,8.881784197001252e-16,True,False
Q_A_topsis_0_1,5,2,7,0.0003088669814476043,0.0017586410574468242,2.3855781852659437,2.3853083172930076,2.3846547958262856,2.3843849278533495,0.0,-0.0,True,False
Q_A_topsis_0_1,5,2,8,0.0005038612791626939,0.0017231690408193437,2.3855781852659437,2.385137943899219,2.3861397115387564,2.3856994701720318,0.0,-0.0,True,False
Q_A_topsis_0_1,5,2,9,0.00020002435754084,0.0018172535660528496,2.3855781852659437,2.3854034169315157,2.3849407156009113,2.384765947266483,-4.440892098500626e-16,4.440892098500626e-16,True,False
Q_A_topsis_0_1,5,2,10,0.0005080683193920412,0.0017374047811232717,2.3855781852659437,2.385134268059822,2.386124790139129,2.3856808729330075,0.0,-0.0,True,False
Q_A_topsis_0_1,5,2,11,0.0005039358267282534,0.0017224098669135193,2.3855781852659437,2.3851378787643824,2.3862180686412975,2.385777762139736,-4.440892098500626e-16,4.440892098500626e-16,True,False
Q_A_topsis_0_1,5,2,12,0.00043246540972161795,0.0017395460812594798,2.3855781852659437,2.3852003249879052,2.3851818087044308,2.3848039484263928,4.440892098500626e-16,-4.440892098500626e-16,True,False
Q_A_topsis_0_1,5,2,13,0.00046459378535599027,0.0017113392530168354,2.3855781852659437,2.3851722532932054,2.385627913012327,2.3852219810395887,0.0,-0.0,True,False
Q_A_topsis_0_1,5,2,14,0.0004524542638408201,0.0017388606768538929,2.3855781852659437,2.385182860021216,2.3852979029746932,2.3849025777299655,0.0,-0.0,True,False
Q_A_topsis_0_1,5,2,15,0.00046694677806688266,0.0017406530622815762,2.3855781852659437,2.3851701974005026,2.3860746995955457,2.3856667117301047,0.0,-0.0,True,False
Q_A_topsis_0_1,5,2,16,0.0005100304765639023,0.0017328157364574885,2.3855781852659437,2.3851325536539116,2.3862274960539738,2.3857818644419413,-4.440892098500626e-16,4.440892098500626e-16,True,False
Q_A_topsis_0_1,5,3,4,0.001,0.001631368826899492,2.3855781852659437,2.3869205697800933,2.3868267396952283,2.3881691242093774,-4.440892098500626e-16,4.440892098500626e-16,True,False
Q_A_topsis_0_1,5,3,6,0.001,0.0016350735176283216,2.3855781852659437,2.3869205697800933,2.387201749243349,2.388544133757498,-4.440892098500626e-16,4.440892098500626e-16,True,False
Q_A_topsis_0_1,5,3,7,0.00045502437212228334,0.00171976783950237,2.3855781852659437,2.3861890029366415,2.3842178433542394,2.384828661024937,0.0,-0.0,True,False
Q_A_topsis_0_1,5,3,8,0.001,0.001633772843234342,2.3855781852659437,2.3869205697800933,2.386692631436021,2.3880350159501704,0.0,-0.0,True,False
Q_A_topsis_0_1,5,3,9,0.00020257711971361989,0.0018443231657374363,2.3855781852659437,2.3858501216543684,2.3849325800494854,2.3852045164379096,-4.440892098500626e-16,4.440892098500626e-16,True,False
Q_A_topsis_0_1,5,3,10,0.001,0.0016187934690120975,2.3855781852659437,2.3869205697800933,2.38665403442308,2.387996418937229,-4.440892098500626e-16,4.440892098500626e-16,True,False
Q_A_topsis_0_1,5,3,11,0.001,0.0016402688555754422,2.3855781852659437,2.3869205697800933,2.386847956815048,2.3881903413291976,0.0,-0.0,True,False
Q_A_topsis_0_1,5,3,12,0.001,0.0015948858559145238,2.3855781852659437,2.3869205697800933,2.3846616343636002,2.38600401887775,0.0,-0.0,True,False
Q_A_topsis_0_1,5,3,13,0.001,0.0015845289900525915,2.3855781852659437,2.3869205697800933,2.3856852201595444,2.387027604673694,0.0,-0.0,True,False
Q_A_topsis_0_1,5,3,14,0.001,0.0016067194757825192,2.3855781852659437,2.3869205697800933,2.3849587142748403,2.38630109878899,0.0,-0.0,True,False
Q_A_topsis_0_1,5,3,15,0.001,0.0016316061100958143,2.3855781852659437,2.3869205697800933,2.3866415062972135,2.387983890811363,0.0,-0.0,True,False
Q_A_topsis_0_1,5,3,16,0.001,0.001633801445495635,2.3855781852659437,2.3869205697800933,2.3868512675970317,2.3881936521111813,0.0,-0.0,True,False
Q_A_topsis_0_1,5,4,6,0.001,0.00162771749351139,2.3855781852659437,2.3868267396952283,2.387201749243349,2.388450303672633,-4.440892098500626e-16,4.440892098500626e-16,True,False
Q_A_topsis_0_1,5,4,7,0.00045482973356359953,0.0017175539771356208,2.3855781852659437,2.386146064944355,2.3842184252461234,2.3847863049245346,0.0,-0.0,True,False
Q_A_topsis_0_1,5,4,8,0.001,0.0016255965225761364,2.3855781852659437,2.3868267396952283,2.386692631436021,2.387941185865305,-4.440892098500626e-16,4.440892098500626e-16,True,False
Q_A_topsis_0_1,5,4,9,0.00020514540553579752,0.001844200246138801,2.3855781852659437,2.385834320470673,2.384924395024807,2.385180530229536,-4.440892098500626e-16,4.440892098500626e-16,True,False
Q_A_topsis_0_1,5,4,10,0.001,0.0016162355812947729,2.3855781852659437,2.3868267396952283,2.38665403442308,2.387902588852364,-4.440892098500626e-16,4.440892098500626e-16,True,False
Q_A_topsis_0_1,5,4,11,0.001,0.0016346517038309727,2.3855781852659437,2.3868267396952283,2.386847956815048,2.388096511244332,-4.440892098500626e-16,4.440892098500626e-16,True,False
Q_A_topsis_0_1,5,4,12,0.001,0.001590201330242331,2.3855781852659437,2.3868267396952283,2.3846616343636002,2.3859101887928853,4.440892098500626e-16,-4.440892098500626e-16,True,False
Q_A_topsis_0_1,5,4,13,0.0009974946715766819,0.0015819440752288506,2.3855781852659437,2.3868236116563284,2.385684952001983,2.3869303783923677,0.0,-0.0,True,False
Q_A_topsis_0_1,5,4,14,0.001,0.0016100043288725888,2.3855781852659437,2.3868267396952283,2.3849587142748403,2.386207268704125,0.0,-0.0,True,False
Q_A_topsis_0_1,5,4,15,0.001,0.0016234297894376086,2.3855781852659437,2.3868267396952283,2.3866415062972135,2.3878900607264977,-4.440892098500626e-16,4.440892098500626e-16,True,False
Q_A_topsis_0_1,5,4,16,0.001,0.0016368456172565042,2.3855781852659437,2.3868267396952283,2.3868512675970317,2.388099822026316,-4.440892098500626e-16,4.440892098500626e-16,True,False
Q_A_topsis_0_1,5,6,7,0.00043955245690454817,0.0017267253053622998,2.3855781852659437,2.3862918268011537,2.384264098227636,2.3849777397628467,4.440892098500626e-16,-4.440892098500626e-16,True,False
Q_A_topsis_0_1,5,6,8,0.001,0.00163012150984624,2.3855781852659437,2.387201749243349,2.386692631436021,2.388316195413425,-8.881784197001252e-16,8.881784197001252e-16,True,False
Q_A_topsis_0_1,5,6,9,0.00020489448623361496,0.0018427256413303134,2.3855781852659437,2.3859108445729613,2.3849251946946346,2.3852578540016522,0.0,-0.0,True,False
Q_A_topsis_0_1,5,6,10,0.001,0.001617071150434175,2.3855781852659437,2.387201749243349,2.38665403442308,2.3882775984004847,-4.440892098500626e-16,4.440892098500626e-16,True,False
Q_A_topsis_0_1,5,6,11,0.001,0.0016385465369975194,2.3855781852659437,2.387201749243349,2.386847956815048,2.3884715207924527,-4.440892098500626e-16,4.440892098500626e-16,True,False
Q_A_topsis_0_1,5,6,12,0.001,0.0015931635373366013,2.3855781852659437,2.387201749243349,2.3846616343636002,2.386285198341006,4.440892098500626e-16,-4.440892098500626e-16,True,False
Q_A_topsis_0_1,5,6,13,0.001,0.0015794687770459075,2.3855781852659437,2.387201749243349,2.3856852201595444,2.387308784136949,-4.440892098500626e-16,4.440892098500626e-16,True,False
Q_A_topsis_0_1,5,6,14,0.001,0.0016049971572045965,2.3855781852659437,2.387201749243349,2.3849587142748403,2.3865822782522454,0.0,-0.0,True,False
Q_A_topsis_0_1,5,6,15,0.001,0.0016279547767077125,2.3855781852659437,2.387201749243349,2.3866415062972135,2.388265070274618,-4.440892098500626e-16,4.440892098500626e-16,True,False
Q_A_topsis_0_1,5,6,16,0.001,0.0016320791269177125,2.3855781852659437,2.387201749243349,2.3868512675970317,2.3884748315744364,-4.440892098500626e-16,4.440892098500626e-16,True,False
Q_A_topsis_0_1,5,7,8,0.00045775058174722964,0.0017209057716249605,2.3855781852659437,2.3842096930716608,2.386088323648622,2.3847198314543396,4.440892098500626e-16,-4.440892098500626e-16,True,False
Q_A_topsis_0_1,5,7,9,0.0001942111421029555,0.0018165457582908612,2.3855781852659437,2.384997571187866,2.3849592420871026,2.3843786280090247,-4.440892098500626e-16,4.440892098500626e-16,True,False
Q_A_topsis_0_1,5,7,10,0.0004624913893115616,0.0017237674303925614,2.3855781852659437,2.3841955199424394,2.386075756237317,2.384693090913813,0.0,-0.0,True,False
Q_A_topsis_0_1,5,7,11,0.0004563267215848382,0.001725802983762736,2.3855781852659437,2.3842139498472843,2.386157615954108,2.3847933805354486,0.0,-0.0,True,False
Q_A_topsis_0_1,5,7,12,0.00046353647507074247,0.0016923149827856325,2.3855781852659437,2.384192395551645,2.3851533304914483,2.38376754077715,4.440892098500626e-16,-4.440892098500626e-16,True,False
Q_A_topsis_0_1,5,7,13,0.0004735946020166164,0.0016879300377467914,2.3855781852659437,2.3841623257521443,2.3856288764137803,2.384213016899981,0.0,-0.0,True,False
Q_A_topsis_0_1,5,7,14,0.0004641392392495715,0.001701152709008221,2.3855781852659437,2.3841905935264665,2.3852906644713956,2.383903072731919,4.440892098500626e-16,-4.440892098500626e-16,True,False
Q_A_topsis_0_1,5,7,15,0.0004548432245703664,0.0017203806337295039,2.3855781852659437,2.3842183849133782,2.38606182963256,2.3847020292799948,0.0,-0.0,True,False
Q_A_topsis_0_1,5,7,16,0.0004575427861176042,0.0017156685795354752,2.3855781852659437,2.3842103142979543,2.3861606749026665,2.384792803934677,0.0,-0.0,True,False
Q_A_topsis_0_1,5,8,9,0.00020448745891640157,0.0018433486179108166,2.3855781852659437,2.3858060755313617,2.384926491874492,2.3851543821399095,-4.440892098500626e-16,4.440892098500626e-16,True,False
Q_A_topsis_0_1,5,8,10,0.001,0.001618639597629623,2.3855781852659437,2.3866926314360204,2.3866540344230796,2.3877684805931563,0.0,-0.0,True,False
Q_A_topsis_0_1,5,8,11,0.001,0.0016370557201658227,2.3855781852659437,2.3866926314360204,2.386847956815048,2.3879624029851247,0.0,-0.0,True,False
Q_A_topsis_0_1,5,8,12,0.001,0.001592605346577181,2.3855781852659437,2.3866926314360204,2.3846616343636002,2.385776080533677,0.0,-0.0,True,False
Q_A_topsis_0_1,5,8,13,0.001,0.0015820056368661684,2.3855781852659437,2.3866926314360204,2.3856852201595444,2.386799666329621,0.0,-0.0,True,False
Q_A_topsis_0_1,5,8,14,0.001,0.0016069711945119894,2.3855781852659437,2.3866926314360204,2.3849587142748403,2.386073160444917,0.0,-0.0,True,False
Q_A_topsis_0_1,5,8,15,0.001,0.0016258338057724587,2.3855781852659437,2.3866926314360204,2.3866415062972135,2.3877559524672907,4.440892098500626e-16,-4.440892098500626e-16,True,False
Q_A_topsis_0_1,5,8,16,0.001,0.0016340531642251054,2.3855781852659437,2.3866926314360204,2.3868512675970317,2.3879657137671084,0.0,-0.0,True,False
Q_A_topsis_0_1,5,9,10,0.000205198121647242,0.0018392214038988129,2.3855781852659437,2.3849242270206585,2.3857989474921637,2.3851449892468786,0.0,-0.0,True,False
Q_A_topsis_0_1,5,9,11,0.00020499495665856683,0.0018437365248592194,2.3855781852659437,2.3849248744993896,2.3858384820296186,2.3851851712630645,0.0,-0.0,True,False
Q_A_topsis_0_1,5,9,12,0.00020291590375081135,0.0018356370072118756,2.3855781852659437,2.3849315003582445,2.385392202511261,2.384745517603562,0.0,-0.0,True,False
Q_A_topsis_0_1,5,9,13,0.00020219552460062044,0.0018330195712396864,2.3855781852659437,2.38493379617792,2.3855998272424057,2.3849554381543823,4.440892098500626e-16,-4.440892098500626e-16,True,False
Q_A_topsis_0_1,5,9,14,0.0001912895677861478,0.001844632285689259,2.3855781852659437,2.38496855302815,2.385459686927799,2.384850054690006,4.440892098500626e-16,-4.440892098500626e-16,True,False
Q_A_topsis_0_1,5,9,15,0.0002054168096985074,0.001843964080288159,2.3855781852659437,2.384923530070544,2.3857966092798724,2.385141954084473,4.440892098500626e-16,-4.440892098500626e-16,True,False
Q_A_topsis_0_1,5,9,16,0.00020515417043589427,0.0018423247497786955,2.3855781852659437,2.3849243670914193,2.3858393634154744,2.38518554524095,0.0,-0.0,True,False
Q_A_topsis_0_1,5,10,11,0.001,0.0016222664883812953,2.3855781852659437,2.3866540344230796,2.386847956815048,2.387923805972184,0.0,-0.0,True,False
Q_A_topsis_0_1,5,10,12,0.001,0.001576883488720377,2.3855781852659437,2.3866540344230796,2.3846616343636002,2.3857374835207366,4.440892098500626e-16,-4.440892098500626e-16,True,False
Q_A_topsis_0_1,5,10,13,0.001,0.0015921112032481807,2.3855781852659437,2.3866540344230796,2.3856852201595444,2.3867610693166803,0.0,-0.0,True,False
Q_A_topsis_0_1,5,10,14,0.001,0.0015887171085883724,2.3855781852659437,2.3866540344230796,2.3849587142748403,2.386034563431976,0.0,-0.0,True,False
Q_A_topsis_0_1,5,10,15,0.001,0.0016164728644910951,2.3855781852659437,2.3866540344230796,2.3866415062972135,2.3877173554543494,0.0,-0.0,True,False
Q_A_topsis_0_1,5,10,16,0.001,0.0016157990783014884,2.3855781852659437,2.3866540344230796,2.3868512675970317,2.387927116754167,-4.440892098500626e-16,4.440892098500626e-16,True,False
Q_A_topsis_0_1,5,11,12,0.001,0.001596204615776968,2.3855781852659437,2.386847956815048,2.3846616343636002,2.3859314059127046,0.0,-0.0,True,False
Q_A_topsis_0_1,5,11,13,0.001,0.0015805666613165474,2.3855781852659437,2.386847956815048,2.3856852201595444,2.3869549917086488,0.0,-0.0,True,False
Q_A_topsis_0_1,5,11,14,0.001,0.0016101924951517168,2.3855781852659437,2.386847956815048,2.3849587142748403,2.3862284858239446,0.0,-0.0,True,False
Q_A_topsis_0_1,5,11,15,0.001,0.0016348889870272949,2.3855781852659437,2.386847956815048,2.3866415062972135,2.387911277846318,0.0,-0.0,True,False
Q_A_topsis_0_1,5,11,16,0.001,0.0016372744648648328,2.3855781852659437,2.386847956815048,2.3868512675970317,2.3881210391461356,-4.440892098500626e-16,4.440892098500626e-16,True,False
Q_A_topsis_0_1,5,12,13,0.00095601882430761,0.0015625,2.3855781852659437,2.3847019453498675,2.3856805126390834,2.3848042727230077,4.440892098500626e-16,-4.440892098500626e-16,True,False
Q_A_topsis_0_1,5,12,14,0.001,0.0015648094954907987,2.3855781852659437,2.3846616343636002,2.3849587142748403,2.384042163372497,0.0,-0.0,True,False
Q_A_topsis_0_1,5,12,15,0.001,0.0015904386134386532,2.3855781852659437,2.3846616343636002,2.3866415062972135,2.38572495539487,0.0,-0.0,True,False
Q_A_topsis_0_1,5,12,16,0.001,0.0015918914652039147,2.3855781852659437,2.3846616343636002,2.3868512675970317,2.3859347166946883,0.0,-0.0,True,False
Q_A_topsis_0_1,5,13,14,0.0005848674238809396,0.0017260255971020997,2.3855781852659437,2.3856407864884295,2.385215876863208,2.3852784780856937,0.0,-0.0,True,False
Q_A_topsis_0_1,5,13,15,0.001,0.0015833691901612785,2.3855781852659437,2.3856852201595444,2.3866415062972135,2.3867485411908143,0.0,-0.0,True,False
Q_A_topsis_0_1,5,13,16,0.001,0.0015948159841128952,2.3855781852659437,2.3856852201595444,2.3868512675970317,2.3869583024906325,0.0,-0.0,True,False
Q_A_topsis_0_1,5,14,15,0.001,0.001610241612068911,2.3855781852659437,2.3849587142748403,2.3866415062972135,2.38602203530611,0.0,-0.0,True,False
Q_A_topsis_0_1,5,14,16,0.001,0.0016037250850719099,2.3855781852659437,2.3849587142748403,2.3868512675970317,2.3862317966059283,0.0,-0.0,True,False
Q_A_topsis_0_1,5,15,16,0.001,0.001639478095266282,2.3855781852659437,2.3866415062972135,2.3868512675970317,2.3879145886283015,0.0,-0.0,True,False
Q_A_topsis_0_1,6,0,1,0.001,0.0018751831768446276,2.3855781852659437,2.3853563553588826,2.385509637862335,2.3852878079552733,-4.440892098500626e-16,4.440892098500626e-16,True,False
Q_A_topsis_0_1,6,0,2,0.0005156482544246565,0.0018398702797347043,2.3855781852659437,2.385463799061588,2.3842904572724053,2.38417607106805,4.440892098500626e-16,-4.440892098500626e-16,True,False
Q_A_topsis_0_1,6,0,3,0.001,0.0018742225876470801,2.3855781852659437,2.3853563553588826,2.385297005802688,2.3850751758956275,4.440892098500626e-16,-4.440892098500626e-16,True,False
Q_A_topsis_0_1,6,0,4,0.001,0.0018725008110198364,2.3855781852659437,2.3853563553588826,2.385203175717823,2.384981345810762,0.0,-0.0,True,False
Q_A_topsis_0_1,6,0,5,0.001,0.001854680013698788,2.3855781852659437,2.3853563553588826,2.383954621288539,2.383732791381478,0.0,-0.0,True,False
Q_A_topsis_0_1,6,0,7,0.0004949088125922296,0.00185119101052137,2.3855781852659437,2.3854683996900423,2.383295088618854,2.383185303042953,4.440892098500626e-16,-4.440892098500626e-16,True,False
Q_A_topsis_0_1,6,0,8,0.001,0.0018741503448413209,2.3855781852659437,2.3853563553588826,2.3850690674586152,2.3848472375515546,4.440892098500626e-16,-4.440892098500626e-16,True,False
Q_A_topsis_0_1,6,0,9,0.00020625465927938603,0.0018767736810319903,2.3855781852659437,2.385532431814045,2.3845859922423047,2.3845402387904056,-4.440892098500626e-16,4.440892098500626e-16,True,False
Q_A_topsis_0_1,6,0,10,0.001,0.0018607420239124628,2.3855781852659437,2.3853563553588826,2.385030470445675,2.3848086405386137,0.0,-0.0,True,False
Q_A_topsis_0_1,6,0,11,0.001,0.0018727590968449796,2.3855781852659437,2.3853563553588826,2.385224392837643,2.3850025629305818,0.0,-0.0,True,False
Q_A_topsis_0_1,6,0,12,0.001,0.0018601547902056936,2.3855781852659437,2.3853563553588826,2.3830380703861955,2.3828162404791344,0.0,-0.0,True,False
Q_A_topsis_0_1,6,0,13,0.001,0.0018369638608656045,2.3855781852659437,2.3853563553588826,2.3840616561821393,2.383839826275078,0.0,-0.0,True,False
Q_A_topsis_0_1,6,0,14,0.001,0.0017846059313077344,2.3855781852659437,2.3853563553588826,2.383335150297435,2.3831133203903745,4.440892098500626e-16,-4.440892098500626e-16,True,False
Q_A_topsis_0_1,6,0,15,0.001,0.0018709214025941067,2.3855781852659437,2.3853563553588826,2.3850179423198083,2.3847961124127477,4.440892098500626e-16,-4.440892098500626e-16,True,False
Q_A_topsis_0_1,6,0,16,0.001,0.0018712815955974557,2.3855781852659437,2.3853563553588826,2.3852277036196265,2.3850058737125654,0.0,-0.0,True,False
Q_A_topsis_0_1,6,1,2,0.0005160585694143817,0.0018377732256663263,2.3855781852659437,2.3855428107909,2.3842894325930937,2.3842540581180502,4.440892098500626e-16,-4.440892098500626e-16,True,False
Q_A_topsis_0_1,6,1,3,0.001,0.0018748639488718375,2.3855781852659437,2.385509637862335,2.385297005802688,2.385228458399079,-4.440892098500626e-16,4.440892098500626e-16,True,False
Q_A_topsis_0_1,6,1,4,0.001,0.0018743291385293298,2.3855781852659437,2.385509637862335,2.385203175717823,2.385134628314214,-4.440892098500626e-16,4.440892098500626e-16,True,False
Q_A_topsis_0_1,6,1,5,0.001,0.001853326884752435,2.3855781852659437,2.385509637862335,2.383954621288539,2.3838860738849297,-4.440892098500626e-16,4.440892098500626e-16,True,False
Q_A_topsis_0_1,6,1,7,0.0004929559886726816,0.0018517899217183338,2.3855781852659437,2.3855443944128267,2.3833040973203152,2.383270306467198,-4.440892098500626e-16,4.440892098500626e-16,True,False
Q_A_topsis_0_1,6,1,8,0.001,0.0018740728591347367,2.3855781852659437,2.385509637862335,2.3850690674586152,2.3850005200550064,0.0,-0.0,True,False
Q_A_topsis_0_1,6,1,9,0.00020594034719050716,0.0018765795131864106,2.3855781852659437,2.3855640685898454,2.3845875042482048,2.384573387572107,4.440892098500626e-16,-4.440892098500626e-16,True,False
Q_A_topsis_0_1,6,1,10,0.001,0.0018625703514219562,2.3855781852659437,2.385509637862335,2.385030470445675,2.3849619230420656,-4.440892098500626e-16,4.440892098500626e-16,True,False
Q_A_topsis_0_1,6,1,11,0.001,0.0018745874243544733,2.3855781852659437,2.385509637862335,2.385224392837643,2.385155845434034,0.0,-0.0,True,False
Q_A_topsis_0_1,6,1,12,0.001,0.001861983117715187,2.3855781852659437,2.385509637862335,2.3830380703861955,2.3829695229825862,-4.440892098500626e-16,4.440892098500626e-16,True,False
Q_A_topsis_0_1,6,1,13,0.001,0.001837718798391458,2.3855781852659437,2.385509637862335,2.3840616561821393,2.38399310877853,-4.440892098500626e-16,4.440892098500626e-16,True,False
Q_A_topsis_0_1,6,1,14,0.001,0.0017864342588172278,2.3855781852659437,2.385509637862335,2.383335150297435,2.383266602893826,-4.440892098500626e-16,4.440892098500626e-16,True,False
Q_A_topsis_0_1,6,1,15,0.001,0.0018727497301036001,2.3855781852659437,2.385509637862335,2.3850179423198083,2.3849493949161995,0.0,-0.0,True,False
Q_A_topsis_0_1,6,1,16,0.001,0.0018731099231069491,2.3855781852659437,2.385509637862335,2.3852277036196265,2.3851591562160177,0.0,-0.0,True,False
Q_A_topsis_0_1,6,2,3,0.0005184546502167022,0.0018394411228728014,2.3855781852659437,2.3842834488623286,2.3854324064656733,2.3841376700620582,0.0,-0.0,True,False
Q_A_topsis_0_1,6,2,4,0.0005186066483065837,0.001837747153027714,2.3855781852659437,2.3842830692776142,2.38538370282111,2.3840885868327804,0.0,-0.0,True,False
Q_A_topsis_0_1,6,2,5,0.0005110957478407589,0.0018414174407615131,2.3855781852659437,2.384301826243634,2.3847483886207446,2.3834720295984355,4.440892098500626e-16,-4.440892098500626e-16,True,False
Q_A_topsis_0_1,6,2,7,0.0003300751081669567,0.001835625686376628,2.3855781852659437,2.3847538889493953,2.384055493906304,2.3832311975897555,0.0,-0.0,True,False
Q_A_topsis_0_1,6,2,8,0.0005185409886154928,0.0018377360781388268,2.3855781852659437,2.3842832332495107,2.38531418681481,2.3840192347983766,-4.440892098500626e-16,4.440892098500626e-16,True,False
Q_A_topsis_0_1,6,2,9,0.00019930924523211646,0.001861626498499389,2.3855781852659437,2.3850804504394336,2.3846194033244497,2.384121668497939,-4.440892098500626e-16,4.440892098500626e-16,True,False
Q_A_topsis_0_1,6,2,10,0.0005080683193920412,0.0018427748023821591,2.3855781852659437,2.3843093866383964,2.3852999087177036,2.384031110090156,-4.440892098500626e-16,4.440892098500626e-16,True,False
Q_A_topsis_0_1,6,2,11,0.0005184620576680059,0.0018411844221969229,2.3855781852659437,2.384283430363706,2.3853947573155794,2.3841000024133416,0.0,-0.0,True,False
Q_A_topsis_0_1,6,2,12,0.00046594521244012143,0.0018419061264940031,2.3855781852659437,2.384414580641346,2.384394630898677,2.3832310262740792,-4.440892098500626e-16,4.440892098500626e-16,True,False
Q_A_topsis_0_1,6,2,13,0.0004729270739744203,0.0018198622199239007,2.3855781852659437,2.384397144843847,2.384860977603743,2.383679937181647,4.440892098500626e-16,-4.440892098500626e-16,True,False
Q_A_topsis_0_1,6,2,14,0.0004588231508765878,0.0018579925132358793,2.3855781852659437,2.384432366560271,2.3845490288941664,2.383403210188493,-4.440892098500626e-16,4.440892098500626e-16,True,False
Q_A_topsis_0_1,6,2,15,0.0004817716744373474,0.0018445696475750276,2.3855781852659437,2.3843750572298386,2.3853082760836926,2.3841051480475874,0.0,-0.0,True,False
Q_A_topsis_0_1,6,2,16,0.0005121654783729103,0.001837961267841194,2.3855781852659437,2.38429915480639,2.385398680665897,2.384119650206343,0.0,-0.0,True,False
Q_A_topsis_0_1,6,3,4,0.001,0.0018733685493317821,2.3855781852659437,2.385297005802688,2.385203175717823,2.3849219962545676,0.0,-0.0,True,False
Q_A_topsis_0_1,6,3,5,0.001,0.0018555477520107338,2.3855781852659437,2.385297005802688,2.383954621288539,2.3836734418252834,0.0,-0.0,True,False
Q_A_topsis_0_1,6,3,7,0.0004955972132824236,0.0018512469752713125,2.385578185265944,2.3854388335075223,2.3832919129120014,2.3831525611535795,0.0,-0.0,True,False
Q_A_topsis_0_1,6,3,8,0.001,0.0018728653239049695,2.3855781852659437,2.385297005802688,2.3850690674586152,2.38478788799536,4.440892098500626e-16,-4.440892098500626e-16,True,False
Q_A_topsis_0_1,6,3,9,0.0002039398442301616,0.0018781843278713962,2.3855781852659437,2.385520841570007,2.384597127716048,2.384539784020111,-4.440892098500626e-16,4.440892098500626e-16,True,False
Q_A_topsis_0_1,6,3,10,0.001,0.0018616097622244088,2.3855781852659437,2.385297005802688,2.385030470445675,2.3847492909824193,0.0,-0.0,True,False
Q_A_topsis_0_1,6,3,11,0.001,0.0018736268351569256,2.3855781852659437,2.385297005802688,2.385224392837643,2.3849432133743877,4.440892098500626e-16,-4.440892098500626e-16,True,False
Q_A_topsis_0_1,6,3,12,0.001,0.0018610225285176393,2.3855781852659437,2.385297005802688,2.3830380703861955,2.3827568909229404,4.440892098500626e-16,-4.440892098500626e-16,True,False
Q_A_topsis_0_1,6,3,13,0.001,0.001837965469304364,2.3855781852659437,2.385297005802688,2.3840616561821393,2.383780476718884,4.440892098500626e-16,-4.440892098500626e-16,True,False
Q_A_topsis_0_1,6,3,14,0.001,0.0017854736696196801,2.3855781852659437,2.385297005802688,2.383335150297435,2.38305397083418,4.440892098500626e-16,-4.440892098500626e-16,True,False
Q_A_topsis_0_1,6,3,15,0.001,0.0018717891409060525,2.3855781852659437,2.385297005802688,2.3850179423198083,2.3847367628565532,4.440892098500626e-16,-4.440892098500626e-16,True,False
Q_A_topsis_0_1,6,3,16,0.001,0.0018721493339094017,2.3855781852659437,2.385297005802688,2.3852277036196265,2.3849465241563714,4.440892098500626e-16,-4.440892098500626e-16,True,False
Q_A_topsis_0_1,6,4,5,0.001,0.00185382597538349,2.3855781852659437,2.385203175717823,2.383954621288539,2.383579611740418,-4.440892098500626e-16,4.440892098500626e-16,True,False
Q_A_topsis_0_1,6,4,7,0.0004958283162667786,0.0018497795801214385,2.3855781852659437,2.385392244913115,2.383290846795506,2.3831049064426773,0.0,-0.0,True,False
Q_A_topsis_0_1,6,4,8,0.001,0.0018732963065260229,2.3855781852659437,2.385203175717823,2.3850690674586152,2.384694057910495,4.440892098500626e-16,-4.440892098500626e-16,True,False
Q_A_topsis_0_1,6,4,9,0.00020603495184768006,0.0018765287837568072,2.3855781852659437,2.3855009201917543,2.3845870491502152,2.384509784076026,0.0,-0.0,True,False
Q_A_topsis_0_1,6,4,10,0.001,0.001859887985597165,2.3855781852659437,2.385203175717823,2.385030470445675,2.3846554608975543,0.0,-0.0,True,False
Q_A_topsis_0_1,6,4,11,0.001,0.0018719050585296818,2.3855781852659437,2.385203175717823,2.385224392837643,2.3848493832895223,0.0,-0.0,True,False
Q_A_topsis_0_1,6,4,12,0.001,0.0018593007518903956,2.3855781852659437,2.385203175717823,2.3830380703861955,2.382663060838075,0.0,-0.0,True,False
Q_A_topsis_0_1,6,4,13,0.001,0.0018356879635634852,2.3855781852659437,2.385203175717823,2.3840616561821393,2.3836866466340187,0.0,-0.0,True,False
Q_A_topsis_0_1,6,4,14,0.001,0.0017837518929924364,2.3855781852659437,2.385203175717823,2.383335150297435,2.382960140749315,4.440892098500626e-16,-4.440892098500626e-16,True,False
Q_A_topsis_0_1,6,4,15,0.001,0.001870067364278809,2.3855781852659437,2.385203175717823,2.3850179423198083,2.3846429327716883,4.440892098500626e-16,-4.440892098500626e-16,True,False
Q_A_topsis_0_1,6,4,16,0.001,0.001870427557282158,2.3855781852659437,2.385203175717823,2.3852277036196265,2.384852694071506,0.0,-0.0,True,False
Q_A_topsis_0_1,6,5,7,0.0004744449616161041,0.001853441108800998,2.3855781852659437,2.384807893517003,2.3833894917661844,2.382619200017243,-8.881784197001252e-16,8.881784197001252e-16,True,False
Q_A_topsis_0_1,6,5,8,0.001,0.0018524371919412125,2.3855781852659437,2.383954621288539,2.3850690674586152,2.38344550348121,-4.440892098500626e-16,4.440892098500626e-16,True,False
Q_A_topsis_0_1,6,5,9,0.00020558921647087053,0.0018703538337784384,2.3855781852659437,2.385244398019939,2.384589193371019,2.3842554061250136,-4.440892098500626e-16,4.440892098500626e-16,True,False
Q_A_topsis_0_1,6,5,10,0.001,0.0018420671882761167,2.3855781852659437,2.383954621288539,2.385030470445675,2.3834069064682697,-4.440892098500626e-16,4.440892098500626e-16,True,False
Q_A_topsis_0_1,6,5,11,0.001,0.0018540842612086335,2.3855781852659437,2.383954621288539,2.385224392837643,2.383600828860238,0.0,-0.0,True,False
Q_A_topsis_0_1,6,5,12,0.001,0.0018414799545693472,2.3855781852659437,2.383954621288539,2.3830380703861955,2.3814145064087904,-4.440892098500626e-16,4.440892098500626e-16,True,False
Q_A_topsis_0_1,6,5,13,0.0009990814030959696,0.0018177384491832895,2.3855781852659437,2.3839561126893822,2.384063049261061,2.382440976684499,-4.440892098500626e-16,4.440892098500626e-16,True,False
Q_A_topsis_0_1,6,5,14,0.0009043281314832191,0.001783840286273458,2.3855781852659437,2.3841099506879133,2.3835497456440207,2.3820815110659908,4.440892098500626e-16,-4.440892098500626e-16,True,False
Q_A_topsis_0_1,6,5,15,0.001,0.0018522465669577604,2.3855781852659437,2.383954621288539,2.3850179423198083,2.3833943783424036,0.0,-0.0,True,False
Q_A_topsis_0_1,6,5,16,0.001,0.0018526067599611096,2.3855781852659437,2.383954621288539,2.3852277036196265,2.383604139642222,0.0,-0.0,True,False
Q_A_topsis_0_1,6,7,8,0.0004924031365207104,0.0018519035694219534,2.3855781852659437,2.383306647719222,2.385327494060757,2.383055956514035,-4.440892098500626e-16,4.440892098500626e-16,True,False
Q_A_topsis_0_1,6,7,9,0.0001888378017177804,0.0018763406247004639,2.3855781852659437,2.3847070450862256,2.38466977645657,2.383798636276852,4.440892098500626e-16,-4.440892098500626e-16,True,False
Q_A_topsis_0_1,6,7,10,0.00048703283313126193,0.0018530075221618954,2.3855781852659437,2.383331421821744,2.38531143016528,2.38306466672108,0.0,-0.0,True,False
Q_A_topsis_0_1,6,7,11,0.0004940614411185312,0.0018515626780846,2.3855781852659437,2.383298997684365,2.3854033900689604,2.383124202487382,4.440892098500626e-16,-4.440892098500626e-16,True,False
Q_A_topsis_0_1,6,7,12,0.0004858792445405099,0.001830124596752567,2.3855781852659437,2.3833367435177344,2.384343996167126,2.3821025544189163,-4.440892098500626e-16,4.440892098500626e-16,True,False
Q_A_topsis_0_1,6,7,13,0.0004752983804234408,0.0018340820149361607,2.3855781852659437,2.3833855548033176,2.3848573814485463,2.3826647509859202,0.0,-0.0,True,False
Q_A_topsis_0_1,6,7,14,0.0004621134761034118,0.0018452777246468312,2.3855781852659437,2.3834463789593627,2.3845416485796247,2.3824098422730433,-4.440892098500626e-16,4.440892098500626e-16,True,False
Q_A_topsis_0_1,6,7,15,0.0004958122844629358,0.001851202763910838,2.3855781852659437,2.383290920752883,2.3853004099309665,2.3830131454179053,-4.440892098500626e-16,4.440892098500626e-16,True,False
Q_A_topsis_0_1,6,7,16,0.0004926438107742593,0.0018499262654020827,2.3855781852659437,2.3833055374488703,2.3854055226520954,2.3831328748350225,4.440892098500626e-16,-4.440892098500626e-16,True,False
Q_A_topsis_0_1,6,8,9,0.00020587609418933344,0.0018764202287533949,2.3855781852659437,2.385473370080289,2.38458781333882,2.3844829981531652,0.0,-0.0,True,False
Q_A_topsis_0_1,6,8,10,0.001,0.0018615375194186495,2.3855781852659437,2.3850690674586152,2.385030470445675,2.3845213526383464,0.0,-0.0,True,False
Q_A_topsis_0_1,6,8,11,0.001,0.0018731379052546392,2.3855781852659437,2.3850690674586152,2.385224392837643,2.3847152750303144,0.0,-0.0,True,False
Q_A_topsis_0_1,6,8,12,0.001,0.00186095028571188,2.3855781852659437,2.3850690674586152,2.3830380703861955,2.3825289525788675,4.440892098500626e-16,-4.440892098500626e-16,True,False
Q_A_topsis_0_1,6,8,13,0.001,0.0018368462218101126,2.3855781852659437,2.3850690674586152,2.3840616561821393,2.3835525383748113,4.440892098500626e-16,-4.440892098500626e-16,True,False
Q_A_topsis_0_1,6,8,14,0.001,0.0017854014268139208,2.3855781852659437,2.3850690674586152,2.383335150297435,2.382826032490107,4.440892098500626e-16,-4.440892098500626e-16,True,False
Q_A_topsis_0_1,6,8,15,0.001,0.001871347736207258,2.3855781852659437,2.3850690674586152,2.3850179423198083,2.3845088245124804,4.440892098500626e-16,-4.440892098500626e-16,True,False
Q_A_topsis_0_1,6,8,16,0.001,0.0018720770911036424,2.3855781852659437,2.3850690674586152,2.3852277036196265,2.384718585812298,0.0,-0.0,True,False
Q_A_topsis_0_1,6,9,10,0.00020519812164724194,0.0018738218995546906,2.3855781852659437,2.3845910747421204,2.385465795213626,2.384478684689803,4.440892098500626e-16,-4.440892098500626e-16,True,False
Q_A_topsis_0_1,6,9,11,0.0002061869316992268,0.0018768534320951465,2.3855781852659437,2.384586318047466,2.385505237890694,2.384513370672216,0.0,-0.0,True,False
Q_A_topsis_0_1,6,9,12,0.00019746606430778998,0.001877450272429021,2.3855781852659437,2.3846282699908357,2.3850765987777502,2.3841266835026422,0.0,-0.0,True,False
Q_A_topsis_0_1,6,9,13,0.0002035531028136173,0.0018714745002666015,2.3855781852659437,2.3845989881449796,2.3852694910654284,2.3842902939444643,0.0,-0.0,True,False
Q_A_topsis_0_1,6,9,14,0.00019218807995669506,0.001867613554626846,2.3855781852659437,2.384653659862126,2.38514710068207,2.3842225752782524,0.0,-0.0,True,False
Q_A_topsis_0_1,6,9,15,0.0002057619128890874,0.0018775851316651675,2.3855781852659437,2.384588362610725,2.3854629086056645,2.3844730859504453,-4.440892098500626e-16,4.440892098500626e-16,True,False
Q_A_topsis_0_1,6,9,16,0.00020602611152755495,0.0018757313235969542,2.3855781852659437,2.3845870916767886,2.385505976895191,2.384514883306036,0.0,-0.0,True,False
Q_A_topsis_0_1,6,10,11,0.001,0.0018601462714223083,2.3855781852659437,2.385030470445675,2.385224392837643,2.384676678017374,0.0,-0.0,True,False
Q_A_topsis_0_1,6,10,12,0.001,0.0018475419647830222,2.3855781852659437,2.385030470445675,2.3830380703861955,2.3824903555659263,-4.440892098500626e-16,4.440892098500626e-16,True,False
Q_A_topsis_0_1,6,10,13,0.001,0.00183157018669202,2.3855781852659437,2.385030470445675,2.3840616561821393,2.3835139413618704,0.0,-0.0,True,False
Q_A_topsis_0_1,6,10,14,0.001,0.001771993105885063,2.3855781852659437,2.385030470445675,2.383335150297435,2.382787435477166,-4.440892098500626e-16,4.440892098500626e-16,True,False
Q_A_topsis_0_1,6,10,15,0.001,0.0018583085771714353,2.3855781852659437,2.385030470445675,2.3850179423198083,2.3844702274995395,0.0,-0.0,True,False
Q_A_topsis_0_1,6,10,16,0.001,0.0018586687701747844,2.3855781852659437,2.385030470445675,2.3852277036196265,2.3846799887993573,-4.440892098500626e-16,4.440892098500626e-16,True,False
Q_A_topsis_0_1,6,11,12,0.001,0.001859559037715539,2.3855781852659437,2.385224392837643,2.3830380703861955,2.382684277957895,4.440892098500626e-16,-4.440892098500626e-16,True,False
Q_A_topsis_0_1,6,11,13,0.001,0.0018358628328668484,2.3855781852659437,2.385224392837643,2.3840616561821393,2.383707863753839,4.440892098500626e-16,-4.440892098500626e-16,True,False
Q_A_topsis_0_1,6,11,14,0.001,0.0017840101788175798,2.3855781852659437,2.385224392837643,2.383335150297435,2.382981357869135,4.440892098500626e-16,-4.440892098500626e-16,True,False
Q_A_topsis_0_1,6,11,15,0.001,0.0018703256501039522,2.3855781852659437,2.385224392837643,2.3850179423198083,2.384664149891508,4.440892098500626e-16,-4.440892098500626e-16,True,False
Q_A_topsis_0_1,6,11,16,0.001,0.0018706858431073012,2.3855781852659437,2.385224392837643,2.3852277036196265,2.3848739111913257,0.0,-0.0,True,False
Q_A_topsis_0_1,6,12,13,0.0009329985647784222,0.001831666399656708,2.3855781852659437,2.3832082617287664,2.3841632658073095,2.3817933422701323,0.0,-0.0,True,False
Q_A_topsis_0_1,6,12,14,0.001,0.0017714058721782938,2.3855781852659437,2.3830380703861955,2.383335150297435,2.380795035417687,0.0,-0.0,True,False
Q_A_topsis_0_1,6,12,15,0.001,0.001857721343464666,2.3855781852659437,2.3830380703861955,2.3850179423198083,2.3824778274400606,4.440892098500626e-16,-4.440892098500626e-16,True,False
Q_A_topsis_0_1,6,12,16,0.001,0.0018580815364680151,2.3855781852659437,2.3830380703861955,2.3852277036196265,2.382687588739879,4.440892098500626e-16,-4.440892098500626e-16,True,False
Q_A_topsis_0_1,6,13,14,0.0006067914980256531,0.0018379675448526027,2.3855781852659437,2.3846579683113824,2.384217130717279,2.383296913762717,-4.440892098500626e-16,4.440892098500626e-16,True,False
Q_A_topsis_0_1,6,13,15,0.001,0.0018337108631178707,2.3855781852659437,2.3840616561821393,2.3850179423198083,2.3835014132360044,4.440892098500626e-16,-4.440892098500626e-16,True,False
Q_A_topsis_0_1,6,13,16,0.001,0.0018339321802147664,2.3855781852659437,2.3840616561821393,2.3852277036196265,2.3837111745358226,4.440892098500626e-16,-4.440892098500626e-16,True,False
Q_A_topsis_0_1,6,14,15,0.001,0.001782172484566707,2.3855781852659437,2.383335150297435,2.3850179423198083,2.3827749073513007,8.881784197001252e-16,-8.881784197001252e-16,True,False
Q_A_topsis_0_1,6,14,16,0.001,0.001782532677570056,2.3855781852659437,2.383335150297435,2.3852277036196265,2.3829846686511185,4.440892098500626e-16,-4.440892098500626e-16,True,False
Q_A_topsis_0_1,6,15,16,0.001,0.0018688481488564283,2.3855781852659437,2.3850179423198083,2.3852277036196265,2.3846674606734917,4.440892098500626e-16,-4.440892098500626e-16,True,False
Q_A_topsis_0_1,7,0,1,0.00024696523522433066,0.0015625,2.3855781852659437,2.3866626926868166,2.3867005481363375,2.387785055557211,4.440892098500626e-16,-4.440892098500626e-16,True,False
Q_A_topsis_0_1,7,0,2,0.00024394499961507478,0.0015624999999999999,2.3855781852659437,2.3866494298163237,2.3860943404509385,2.387165585001319,4.440892098500626e-16,-4.440892098500626e-16,True,False
Q_A_topsis_0_1,7,0,3,0.00024762638685921673,0.0015625,2.3855781852659437,2.386665596026041,2.3866508995098785,2.387738310269975,-4.440892098500626e-16,4.440892098500626e-16,True,False
Q_A_topsis_0_1,7,0,4,0.0002476840688667855,0.0015625,2.3855781852659437,2.3866658493271387,2.3866279091703735,2.3877155732315685,0.0,-0.0,True,False
Q_A_topsis_0_1,7,0,5,0.00024223044139437918,0.0015625,2.3855781852659437,2.3866419006144417,2.3863023579518647,2.3873660733003628,0.0,-0.0,True,False
Q_A_topsis_0_1,7,0,6,0.0002524624551861016,0.0015625,2.3855781852659437,2.3866868328287976,2.386742836551768,2.387851484114622,0.0,-0.0,True,False
Q_A_topsis_0_1,7,0,8,0.0002468263975039542,0.0015625,2.3855781852659437,2.3866620830036847,2.3865911727662157,2.3876750705039567,0.0,-0.0,True,False
Q_A_topsis_0_1,7,0,9,0.00018349650736002835,0.001607324575228621,2.3855781852659437,2.386383980153453,2.38554197078286,2.386347765670369,0.0,-0.0,True,False
Q_A_topsis_0_1,7,0,10,0.0002454696184729258,0.0015624999999999999,2.3855781852659437,2.3866561249305724,2.3865761300852615,2.3876540697498907,4.440892098500626e-16,-4.440892098500626e-16,True,False
Q_A_topsis_0_1,7,0,11,0.0002472423819160594,0.0015624999999999999,2.3855781852659437,2.386663909731165,2.3866312830030907,2.387717007468312,0.0,-0.0,True,False
Q_A_topsis_0_1,7,0,12,0.00024517623173526135,0.0015625,2.3855781852659437,2.3866548365707194,2.3860864481970276,2.387163099501804,4.440892098500626e-16,-4.440892098500626e-16,True,False
Q_A_topsis_0_1,7,0,13,0.00024245270368612447,0.0015625,2.3855781852659437,2.3866428766429286,2.3863289733270667,2.3873936647040512,-4.440892098500626e-16,4.440892098500626e-16,True,False
Q_A_topsis_0_1,7,0,14,0.00023951521441842967,0.0015625,2.3855781852659437,2.3866299771394552,2.3861458677757788,2.3871976596492903,0.0,-0.0,True,False
Q_A_topsis_0_1,7,0,15,0.0002476800682871993,0.0015624999999999999,2.3855781852659437,2.3866658317592484,2.3865820135946207,2.387669660087925,-4.440892098500626e-16,4.440892098500626e-16,True,False
Q_A_topsis_0_1,7,0,16,0.0002468868571176064,0.0015625,2.3855781852659437,2.3866623485021856,2.386630586078618,2.38771474931486,0.0,-0.0,True,False
Q_A_topsis_0_1,7,1,2,0.0002434695917091672,0.0015625,2.3855781852659437,2.386684661768825,2.3860933345510182,2.3871998110539003,8.881784197001252e-16,-8.881784197001252e-16,True,False
Q_A_topsis_0_1,7,1,3,0.00024713653627734454,0.0015624999999999999,2.3855781852659437,2.386701326634337,2.3866487774836145,2.3877719188520077,0.0,-0.0,True,False
Q_A_topsis_0_1,7,1,4,0.0002471939902728998,0.0015625,2.3855781852659437,2.38670158774085,2.3866258321404805,2.387749234615386,-8.881784197001252e-16,8.881784197001252e-16,True,False
Q_A_topsis_0_1,7,1,5,0.00024176168635602616,0.0015625,2.3855781852659437,2.386676899989914,2.386300956560722,2.387399671284692,-4.440892098500626e-16,4.440892098500626e-16,True,False
Q_A_topsis_0_1,7,1,6,0.0002519533041740108,0.0015625,2.3855781852659437,2.3867232170086545,2.3867404877534866,2.3878855194961974,0.0,-0.0,True,False
Q_A_topsis_0_1,7,1,8,0.00024633970375162055,0.0015625,2.3855781852659437,2.3866977053341976,2.386589175351464,2.387708695419717,-8.881784197001252e-16,8.881784197001252e-16,True,False
Q_A_topsis_0_1,7,1,9,0.0001831940147842319,0.0016073218271209556,2.3855781852659437,2.386410732244005,2.3855420304821555,2.386374577460217,0.0,-0.0,True,False
Q_A_topsis_0_1,7,1,10,0.0002449882554071723,0.0015624999999999999,2.3855781852659437,2.3866915635165378,2.386574173127082,2.3876875513776756,-4.440892098500626e-16,4.440892098500626e-16,True,False
Q_A_topsis_0_1,7,1,11,0.00024675404792309953,0.0015624999999999999,2.3855781852659437,2.3866995883705413,2.386629203006049,2.3877506061106466,0.0,-0.0,True,False
Q_A_topsis_0_1,7,1,12,0.00024469601751231156,0.0015625,2.3855781852659437,2.3866902354066832,2.3860854526882593,2.387197502828999,0.0,-0.0,True,False
Q_A_topsis_0_1,7,1,13,0.00024198308886009434,0.0015625,2.3855781852659437,2.386677906179914,2.3863275191003273,2.387427240014298,4.440892098500626e-16,-4.440892098500626e-16,True,False
Q_A_topsis_0_1,7,1,14,0.00023905689934611686,0.0015625,2.3855781852659437,2.386664607763806,2.3861447815088743,2.3872312040067367,0.0,-0.0,True,False
Q_A_topsis_0_1,7,1,15,0.00024719000550896936,0.0015625,2.3855781852659437,2.3867015696316165,2.3865800274077507,2.387703411773424,4.440892098500626e-16,-4.440892098500626e-16,True,False
Q_A_topsis_0_1,7,1,16,0.0002463999251420061,0.0015625,2.3855781852659437,2.386697979017465,2.3866285104411666,2.387748304192688,0.0,-0.0,True,False
Q_A_topsis_0_1,7,2,3,0.0002441121350530536,0.0015625,2.3855781852659437,2.386094694087303,2.386635675817375,2.387152184638735,4.440892098500626e-16,-4.440892098500626e-16,True,False
Q_A_topsis_0_1,7,2,4,0.0002441681912755237,0.0015625,2.3855781852659437,2.386094812694817,2.3866130083300834,2.3871296357589564,-4.440892098500626e-16,4.440892098500626e-16,True,False
Q_A_topsis_0_1,7,2,5,0.00023886663647430906,0.0015625,2.3855781852659437,2.386083595309737,2.3862923015129223,2.386797711556715,-4.440892098500626e-16,4.440892098500626e-16,True,False
Q_A_topsis_0_1,7,2,6,0.00024881061061324906,0.0015624999999999999,2.3855781852659437,2.3861046354368938,2.3867259899855164,2.3872524401564665,0.0,-0.0,True,False
Q_A_topsis_0_1,7,2,8,0.00024333465542725996,0.0015625,2.3855781852659437,2.3860930490437866,2.3865768424874703,2.3870917062653136,4.440892098500626e-16,-4.440892098500626e-16,True,False
Q_A_topsis_0_1,7,2,9,0.00018819965348258562,0.0015941875534798125,2.3855781852659437,2.385976390710255,2.385541042579876,2.385939248024187,-4.440892098500626e-16,4.440892098500626e-16,True,False
Q_A_topsis_0_1,7,2,10,0.00024201588980690984,0.0015625,2.3855781852659437,2.3860902587110733,2.386562089119007,2.387074162564136,-4.440892098500626e-16,4.440892098500626e-16,True,False
Q_A_topsis_0_1,7,2,11,0.00024373894396038278,0.0015625,2.3855781852659437,2.3860939044645697,2.386616360551063,2.387132079749689,0.0,-0.0,True,False
Q_A_topsis_0_1,7,2,12,0.00024173069602780205,0.0015625,2.3855781852659437,2.386089655278955,2.386079305424397,2.386590775437408,0.0,-0.0,True,False
Q_A_topsis_0_1,7,2,13,0.00023908276585131246,0.0015625,2.3855781852659437,2.3860840526107623,2.3863185378522105,2.386824405197029,0.0,-0.0,True,False
Q_A_topsis_0_1,7,2,14,0.0002362258864346089,0.0015625,2.3855781852659437,2.3860780078337585,2.3861380716365233,2.3866378942043376,-4.440892098500626e-16,4.440892098500626e-16,True,False
Q_A_topsis_0_1,7,2,15,0.00024416430346546283,0.0015625,2.3855781852659437,2.386094804468728,2.3865677644693304,2.3870843836721143,-4.440892098500626e-16,4.440892098500626e-16,True,False
Q_A_topsis_0_1,7,2,16,0.00024339341634682364,0.0015625,2.3855781852659437,2.38609317337408,2.3866156946423174,2.3871306827504535,0.0,-0.0,True,False
Q_A_topsis_0_1,7,3,4,0.00024785636891967543,0.0015625,2.3855781852659437,2.3866518957891327,2.386628639405003,2.387702349928192,0.0,-0.0,True,False
Q_A_topsis_0_1,7,3,5,0.000242395234884941,0.0015625,2.3855781852659437,2.386628238228477,2.386302850618864,2.3873529035813976,4.440892098500626e-16,-4.440892098500626e-16,True,False
Q_A_topsis_0_1,7,3,6,0.0002526414698861117,0.0015625,2.3855781852659437,2.3866726247834475,2.3867436623763463,2.38783810189385,0.0,-0.0,True,False
Q_A_topsis_0_1,7,3,8,0.00024699750594199104,0.0015625,2.3855781852659437,2.3866481752060342,2.38659187500354,2.38766186494363,-4.440892098500626e-16,4.440892098500626e-16,True,False
Q_A_topsis_0_1,7,3,9,0.0001816093219574602,0.0016110800955382767,2.3855781852659437,2.386364914454888,2.3855423432337846,2.3863290724227295,4.440892098500626e-16,-4.440892098500626e-16,True,False
Q_A_topsis_0_1,7,3,10,0.00024563885030570276,0.0015625,2.3855781852659437,2.386642289527726,2.3865768180890634,2.3876409223508457,0.0,-0.0,True,False
Q_A_topsis_0_1,7,3,11,0.0002474140677897214,0.0015625,2.3855781852659437,2.3866499797464678,2.386632014277412,2.3877038087579363,4.440892098500626e-16,-4.440892098500626e-16,True,False
Q_A_topsis_0_1,7,3,12,0.0002453450591369033,0.0015624999999999999,2.3855781852659437,2.3866410168282557,2.3860867981849094,2.387149629747221,-4.440892098500626e-16,4.440892098500626e-16,True,False
Q_A_topsis_0_1,7,3,13,0.00024261779983612638,0.0015625,2.3855781852659437,2.3866292023769122,2.386329484569946,2.3873805016809144,0.0,-0.0,True,False
Q_A_topsis_0_1,7,3,14,0.00023967633295604476,0.0015625,2.3855781852659437,2.386616459981159,2.38614624964787,2.3871845243630854,0.0,-0.0,True,False
Q_A_topsis_0_1,7,3,15,0.0002478523627722362,0.0015625,2.3855781852659437,2.386651878434555,2.3865827118909597,2.3876564050595714,4.440892098500626e-16,-4.440892098500626e-16,True,False
Q_A_topsis_0_1,7,3,16,0.0002470580494202926,0.0015625,2.3855781852659437,2.386648437479584,2.3866313158174166,2.387701568031057,0.0,-0.0,True,False
Q_A_topsis_0_1,7,4,5,0.00024245050527689014,0.0015625,2.3855781852659437,2.3866057285076008,2.3863030158553555,2.387330559097012,-4.440892098500626e-16,4.440892098500626e-16,True,False
Q_A_topsis_0_1,7,4,6,0.0002527015122598063,0.0015625,2.3855781852659437,2.386649173881878,2.3867439393618004,2.3878149279777348,0.0,-0.0,True,False
Q_A_topsis_0_1,7,4,8,0.00024705489530502366,0.0015625,2.3855781852659437,2.3866252426342056,2.386592110532267,2.3876391679005295,4.440892098500626e-16,-4.440892098500626e-16,True,False
Q_A_topsis_0_1,7,4,9,0.00018367075539669475,0.0016072650455396095,2.3855781852659437,2.3863566107148095,2.3855419363936354,2.3863203618425013,0.0,-0.0,True,False
Q_A_topsis_0_1,7,4,10,0.0002456956099709622,0.0015625,2.3855781852659437,2.3866194817699133,2.3865770488427276,2.3876183453466973,0.0,-0.0,True,False
Q_A_topsis_0_1,7,4,11,0.0002474716509131292,0.0015625,2.3855781852659437,2.3866270089097927,2.386632259545462,2.387681083189311,0.0,-0.0,True,False
Q_A_topsis_0_1,7,4,12,0.0002454016830953054,0.0015624999999999999,2.3855781852659437,2.3866182360617456,2.386086915569286,2.3871269663650883,4.440892098500626e-16,-4.440892098500626e-16,True,False
Q_A_topsis_0_1,7,4,13,0.00024267317178373987,0.0015625,2.3855781852659437,2.3866066722031563,2.386329656036779,2.3873581429739916,0.0,-0.0,True,False
Q_A_topsis_0_1,7,4,14,0.00023973037024847553,0.0015625,2.3855781852659437,2.386594200149012,2.386146377723349,2.3871623926064176,0.0,-0.0,True,False
Q_A_topsis_0_1,7,4,15,0.0002479101501176323,0.0015625,2.3855781852659437,2.3866288673381493,2.3865829460986405,2.387633628170846,0.0,-0.0,True,False
Q_A_topsis_0_1,7,4,16,0.00024711546692434897,0.0015625,2.3855781852659437,2.386625499346222,2.3866315605701285,2.387678874650407,0.0,-0.0,True,False
Q_A_topsis_0_1,7,5,6,0.0002470272247801649,0.0015625,2.3855781852659437,2.386316698426531,2.386717762930123,2.3874562760907105,0.0,-0.0,True,False
Q_A_topsis_0_1,7,5,8,0.00024162863603539864,0.0015625,2.3855781852659437,2.3863005587931765,2.3865698409011866,2.3872922144284194,0.0,-0.0,True,False
Q_A_topsis_0_1,7,5,9,0.0001840264326502894,0.0016000609922314753,2.3855781852659437,2.386128351113166,2.385541866197924,2.3860920320451466,4.440892098500626e-16,-4.440892098500626e-16,True,False
Q_A_topsis_0_1,7,5,10,0.00024032824791492876,0.0015625,2.3855781852659437,2.3862966711498546,2.386555228092809,2.38727371397672,0.0,-0.0,True,False
Q_A_topsis_0_1,7,5,11,0.00024202727086328215,0.0015625,2.3855781852659437,2.386301750552777,2.3866090698954263,2.3873326351822595,0.0,-0.0,True,False
Q_A_topsis_0_1,7,5,12,0.00024004701542271564,0.0015625,2.3855781852659437,2.386295830376547,2.3860758150679566,2.3867934601785605,4.440892098500626e-16,-4.440892098500626e-16,True,False
Q_A_topsis_0_1,7,5,13,0.00023743564379396983,0.0015625,2.3855781852659437,2.3862880234139072,2.386313437312777,2.3870232754607406,0.0,-0.0,True,False
Q_A_topsis_0_1,7,5,14,0.00023461776082229796,0.0015625,2.3855781852659437,2.38627959906448,2.3861342601676525,2.3868356739661887,0.0,-0.0,True,False
Q_A_topsis_0_1,7,5,15,0.00024244667197429777,0.0015625,2.3855781852659437,2.386303004395305,2.3865608030405765,2.3872856221699377,0.0,-0.0,True,False
Q_A_topsis_0_1,7,5,16,0.00024168657579953695,0.0015625,2.3855781852659437,2.386300732010029,2.3866084189193404,2.3873309656634256,0.0,-0.0,True,False
Q_A_topsis_0_1,7,6,8,0.00025180880312039984,0.0015625,2.3855781852659437,2.386739821146098,2.386611620800388,2.3877732566805423,0.0,-0.0,True,False
Q_A_topsis_0_1,7,6,9,0.00018346959331784712,0.0016131204360341927,2.3855781852659437,2.386424561007675,2.385541976094559,2.386388351836289,-8.881784197001252e-16,8.881784197001252e-16,True,False
Q_A_topsis_0_1,7,6,10,0.0002503968523822641,0.0015625,2.3855781852659437,2.3867333075825607,2.386596161515562,2.3877512838321793,0.0,-0.0,True,False
Q_A_topsis_0_1,7,6,11,0.0002522417657774252,0.0015625,2.3855781852659437,2.386741818474829,2.386652577247996,2.3878162104568816,4.440892098500626e-16,-4.440892098500626e-16,True,False
Q_A_topsis_0_1,7,6,12,0.00025009157664111504,0.0015625,2.3855781852659437,2.386731899294805,2.386096637959679,2.3872503519885404,0.0,-0.0,True,False
Q_A_topsis_0_1,7,6,13,0.00024725838115603765,0.0015624999999999999,2.3855781852659437,2.386718829292922,2.386343854766684,2.387484498793662,-4.440892098500626e-16,4.440892098500626e-16,True,False
Q_A_topsis_0_1,7,6,14,0.00024420402282155143,0.0015625,2.3855781852659437,2.386704739030039,2.3861569808674,2.387283534631495,0.0,-0.0,True,False
Q_A_topsis_0_1,7,6,15,0.00025269734795694583,0.0015624999999999999,2.3855781852659437,2.3867439201511784,2.386602348244479,2.3877680831297137,0.0,-0.0,True,False
Q_A_topsis_0_1,7,6,16,0.0002518717285404501,0.0015625,2.3855781852659437,2.386740111431524,2.3866518350134447,2.387813761179025,0.0,-0.0,True,False
Q_A_topsis_0_1,7,8,9,0.0001831431698062047,0.0016072548626469526,2.3855781852659437,2.386329813712698,2.385542040516813,2.3862936689635674,0.0,-0.0,True,False
Q_A_topsis_0_1,7,8,10,0.00024485163099290325,0.0015625,2.3855781852659437,2.3865830682287275,2.3865736176871573,2.387578500649941,0.0,-0.0,True,False
Q_A_topsis_0_1,7,8,11,0.00024661544748307793,0.0015625,2.3855781852659437,2.3865903070171037,2.3866286126549583,2.387640734406119,4.440892098500626e-16,-4.440892098500626e-16,True,False
Q_A_topsis_0_1,7,8,12,0.00024455971876190653,0.0015625,2.3855781852659437,2.386581870206781,2.386085170133944,2.387088855074781,0.0,-0.0,True,False
Q_A_topsis_0_1,7,8,13,0.00024184979480322864,0.0015625,2.3855781852659437,2.3865707485474905,2.3863271063369926,2.38731966961854,4.440892098500626e-16,-4.440892098500626e-16,True,False
Q_A_topsis_0_1,7,8,14,0.00023892680865788556,0.0015625,2.3855781852659437,2.3865587524706586,2.3861444731768606,2.3871250403815756,0.0,-0.0,True,False
Q_A_topsis_0_1,7,8,15,0.00024705091502421364,0.0015625,2.3855781852659437,2.386592094197002,2.3865794636846793,2.3875933726157377,0.0,-0.0,True,False
Q_A_topsis_0_1,7,8,16,0.0002462617221228958,0.0015625,2.3855781852659437,2.386588855311079,2.386627921325281,2.387638591370416,0.0,-0.0,True,False
Q_A_topsis_0_1,7,9,10,0.00018434092517405042,0.0016033803669166337,2.3855781852659437,2.3855418041303436,2.3863276143497143,2.3862912332141146,4.440892098500626e-16,-4.440892098500626e-16,True,False
Q_A_topsis_0_1,7,9,11,0.00018355014667135636,0.0016069750167147091,2.3855781852659437,2.3855419601967185,2.386359993961583,2.386323768892358,4.440892098500626e-16,-4.440892098500626e-16,True,False
Q_A_topsis_0_1,7,9,12,0.0001750197004819762,0.0016207319716598223,2.385578185265944,2.3855436437475595,2.385941010101511,2.3859064685831273,8.881784197001252e-16,-8.881784197001252e-16,True,False
Q_A_topsis_0_1,7,9,13,0.00018130257308273293,0.0016055548786355189,2.3855781852659437,2.3855424037730946,2.3861396135579445,2.386103832065095,-4.440892098500626e-16,4.440892098500626e-16,True,False
Q_A_topsis_0_1,7,9,14,0.0001754191670026592,0.0016133675959242762,2.3855781852659437,2.3855435649096908,2.3859939517267055,2.3859593313704526,0.0,-0.0,True,False
Q_A_topsis_0_1,7,9,15,0.0001838882822099877,0.0016068507488336478,2.3855781852659437,2.385541893463003,2.386323470376169,2.386287178573229,4.440892098500626e-16,-4.440892098500626e-16,True,False
Q_A_topsis_0_1,7,9,16,0.0001836777812885785,0.0016063164220731408,2.3855781852659437,2.3855419350070206,2.3863611457222236,2.3863248954633,-4.440892098500626e-16,4.440892098500626e-16,True,False
Q_A_topsis_0_1,7,10,11,0.00024526098023848816,0.0015624999999999999,2.3855781852659437,2.386575281876646,2.3866228434725905,2.3876199400832934,4.440892098500626e-16,-4.440892098500626e-16,True,False
Q_A_topsis_0_1,7,10,12,0.00024322767746344696,0.0015625,2.3855781852659437,2.386567015582907,2.3860824087438615,2.3870712390608246,0.0,-0.0,True,False
Q_A_topsis_0_1,7,10,13,0.00024054703156229916,0.0015625,2.3855781852659437,2.3865561175471086,2.38632307215188,2.387301004433045,0.0,-0.0,True,False
Q_A_topsis_0_1,7,10,14,0.0002376552626206632,0.0015625,2.3855781852659437,2.3865443612008366,2.386141459445781,2.3871076353806737,0.0,-0.0,True,False
Q_A_topsis_0_1,7,10,15,0.00024569167336797924,0.0015625,2.3855781852659437,2.3865770328386593,2.3865739547824507,2.387572802355167,4.440892098500626e-16,-4.440892098500626e-16,True,False
Q_A_topsis_0_1,7,10,16,0.00024491112693006867,0.0015625,2.3855781852659437,2.386573859565002,2.3866221641639025,2.387617838462961,0.0,-0.0,True,False
Q_A_topsis_0_1,7,11,12,0.00024496809172263673,0.0015625,2.3855781852659437,2.386621595950904,2.3860860167120825,2.3871294273970434,4.440892098500626e-16,-4.440892098500626e-16,True,False
Q_A_topsis_0_1,7,11,13,0.00024224916029608862,0.0015625,2.3855781852659437,2.3866100150054748,2.3863283430270337,2.3873601727665648,0.0,-0.0,True,False
Q_A_topsis_0_1,7,11,14,0.00023931657127942028,0.0015625,2.3855781852659437,2.3865975240124926,2.3861453969654547,2.387164735712004,4.440892098500626e-16,-4.440892098500626e-16,True,False
Q_A_topsis_0_1,7,11,15,0.00024746765719247163,0.0015625,2.3855781852659437,2.3866322425347124,2.386581152708738,2.3876352099775073,4.440892098500626e-16,-4.440892098500626e-16,True,False
Q_A_topsis_0_1,7,11,16,0.00024667580378471676,0.0015625,2.3855781852659437,2.3866288697350115,2.3866296864248184,2.3876803708938863,0.0,-0.0,True,False
Q_A_topsis_0_1,7,12,13,0.00024026528709522417,0.0015625,2.3855781852659437,2.3860762675563536,2.3863221996914827,2.3868202819818927,0.0,-0.0,True,False
Q_A_topsis_0_1,7,12,14,0.000237380247622655,0.0015625,2.3855781852659437,2.3860702867212287,2.3861408076241224,2.386632909079407,-4.440892098500626e-16,4.440892098500626e-16,True,False
Q_A_topsis_0_1,7,12,15,0.0002453977559053686,0.0015625,2.3855781852659437,2.3860869074280195,2.386572763557508,2.387081485719584,0.0,-0.0,True,False
Q_A_topsis_0_1,7,12,16,0.00024461907290427253,0.0015625,2.3855781852659437,2.3860852931781316,2.386620919229694,2.387128027141882,4.440892098500626e-16,-4.440892098500626e-16,True,False
Q_A_topsis_0_1,7,13,14,0.00023482626636037266,0.0015625,2.3855781852659437,2.386305357017551,2.3861347543531575,2.3868619261047654,4.440892098500626e-16,-4.440892098500626e-16,True,False
Q_A_topsis_0_1,7,13,15,0.00024266933143696104,0.0015625,2.3855781852659437,2.3863296441446185,2.386561705462309,2.3873131643409833,-4.440892098500626e-16,4.440892098500626e-16,True,False
Q_A_topsis_0_1,7,13,16,0.00024190784069129628,0.0015625,2.3855781852659437,2.3863272860840485,2.3866093621017948,2.3873584629199005,8.881784197001252e-16,-8.881784197001252e-16,True,False
Q_A_topsis_0_1,7,14,15,0.00023972662247696882,0.0015625,2.3855781852659437,2.3861463688406386,2.3865497788884933,2.3871179624631877,-4.440892098500626e-16,4.440892098500626e-16,True,False
Q_A_topsis_0_1,7,14,16,0.00023898345978022855,0.0015625,2.3855781852659437,2.3861446074474597,2.3865968963882156,2.3871633185697316,0.0,-0.0,True,False
Q_A_topsis_0_1,7,15,16,0.0002471114846915868,0.0015625,2.3855781852659437,2.3865797091688976,2.3866315435951266,2.3876330674980806,0.0,-0.0,True,False
Q_A_topsis_0_1,8,0,1,0.001,0.0018537329812295085,2.3855781852659437,2.385865473166211,2.3860187556696624,2.3863060435699297,0.0,-0.0,True,False
Q_A_topsis_0_1,8,0,2,0.0005156482544246566,0.0018487871274303156,2.3855781852659437,2.385726324770234,2.3845529829810506,2.3847011224853403,-4.440892098500626e-16,4.440892098500626e-16,True,False
Q_A_topsis_0_1,8,0,3,0.001,0.001852424762782638,2.3855781852659437,2.385865473166211,2.3858061236100165,2.3860934115102834,-4.440892098500626e-16,4.440892098500626e-16,True,False
Q_A_topsis_0_1,8,0,4,0.001,0.0018551253548593145,2.3855781852659437,2.385865473166211,2.3857122935251516,2.3859995814254185,-4.440892098500626e-16,4.440892098500626e-16,True,False
Q_A_topsis_0_1,8,0,5,0.001,0.0018433514144509514,2.3855781852659437,2.385865473166211,2.384463739095867,2.384751026996134,-4.440892098500626e-16,4.440892098500626e-16,True,False
Q_A_topsis_0_1,8,0,6,0.001,0.0018530140811947547,2.3855781852659437,2.385865473166211,2.386087303073272,2.386374590973539,-4.440892098500626e-16,4.440892098500626e-16,True,False
Q_A_topsis_0_1,8,0,7,0.0004899227046377641,0.0018446109381328097,2.3855781852659437,2.3857189341310523,2.3835675187370953,2.383708267602204,0.0,-0.0,True,False
Q_A_topsis_0_1,8,0,9,0.00020625465927938603,0.001882222368647877,2.3855781852659437,2.3856374397339284,2.384691000162188,2.384750254630173,0.0,-0.0,True,False
Q_A_topsis_0_1,8,0,10,0.001,0.0018527603682941258,2.3855781852659437,2.385865473166211,2.385539588253003,2.3858268761532697,-4.440892098500626e-16,4.440892098500626e-16,True,False
Q_A_topsis_0_1,8,0,11,0.001,0.0018546319965618708,2.3855781852659437,2.385865473166211,2.3857335106449713,2.386020798545238,-4.440892098500626e-16,4.440892098500626e-16,True,False
Q_A_topsis_0_1,8,0,12,0.001,0.0018376350603066989,2.3855781852659437,2.385865473166211,2.3835471881935235,2.3838344760937904,-4.440892098500626e-16,4.440892098500626e-16,True,False
Q_A_topsis_0_1,8,0,13,0.001,0.0018214693832764224,2.3855781852659437,2.385865473166211,2.3845707739894677,2.3848580618897346,-4.440892098500626e-16,4.440892098500626e-16,True,False
Q_A_topsis_0_1,8,0,14,0.001,0.0018221329517077555,2.3855781852659437,2.385865473166211,2.3838442681047636,2.3841315560050305,-4.440892098500626e-16,4.440892098500626e-16,True,False
Q_A_topsis_0_1,8,0,15,0.001,0.001848598281061247,2.3855781852659437,2.385865473166211,2.3855270601271372,2.385814348027404,-4.440892098500626e-16,4.440892098500626e-16,True,False
Q_A_topsis_0_1,8,0,16,0.001,0.0018529496145487478,2.3855781852659437,2.385865473166211,2.385736821426955,2.386024109327222,-4.440892098500626e-16,4.440892098500626e-16,True,False
Q_A_topsis_0_1,8,1,2,0.0005134844097479037,0.0018492249664963966,2.3855781852659437,2.38580441129965,2.384557285096859,2.3847835111305646,-8.881784197001252e-16,8.881784197001252e-16,True,False
Q_A_topsis_0_1,8,1,3,0.001,0.0018541954846066475,2.3855781852659437,2.3860187556696624,2.3858061236100165,2.3862466940137357,4.440892098500626e-16,-4.440892098500626e-16,True,False
Q_A_topsis_0_1,8,1,4,0.001,0.001856896076683324,2.3855781852659437,2.3860187556696624,2.3857122935251516,2.3861528639288703,0.0,-0.0,True,False
Q_A_topsis_0_1,8,1,5,0.001,0.0018451221362749608,2.3855781852659437,2.3860187556696624,2.384463739095867,2.384904309499586,4.440892098500626e-16,-4.440892098500626e-16,True,False
Q_A_topsis_0_1,8,1,6,0.001,0.0018547848030187643,2.3855781852659437,2.3860187556696624,2.386087303073272,2.386527873476991,0.0,-0.0,True,False
Q_A_topsis_0_1,8,1,7,0.0004918515230314607,0.0018462715541371169,2.3855781852659437,2.3857948804900158,2.383559602772908,2.3837762979969797,-4.440892098500626e-16,4.440892098500626e-16,True,False
Q_A_topsis_0_1,8,1,9,0.00020663818100904335,0.001882090528233176,2.3855781852659437,2.385669223932775,2.38468935047938,2.384780389146211,-4.440892098500626e-16,4.440892098500626e-16,True,False
Q_A_topsis_0_1,8,1,10,0.001,0.0018545310901181352,2.3855781852659437,2.3860187556696624,2.385539588253003,2.385980158656722,4.440892098500626e-16,-4.440892098500626e-16,True,False
Q_A_topsis_0_1,8,1,11,0.001,0.0018564027183858803,2.3855781852659437,2.3860187556696624,2.3857335106449713,2.3861740810486904,4.440892098500626e-16,-4.440892098500626e-16,True,False
Q_A_topsis_0_1,8,1,12,0.001,0.0018394057821307082,2.3855781852659437,2.3860187556696624,2.3835471881935235,2.3839877585972427,4.440892098500626e-16,-4.440892098500626e-16,True,False
Q_A_topsis_0_1,8,1,13,0.001,0.0018232401051004319,2.3855781852659437,2.3860187556696624,2.3845707739894677,2.3850113443931864,0.0,-0.0,True,False
Q_A_topsis_0_1,8,1,14,0.001,0.001823903673531765,2.3855781852659437,2.3860187556696624,2.3838442681047636,2.3842848385084827,4.440892098500626e-16,-4.440892098500626e-16,True,False
Q_A_topsis_0_1,8,1,15,0.001,0.0018503690028852566,2.3855781852659437,2.3860187556696624,2.3855270601271372,2.385967630530856,0.0,-0.0,True,False
Q_A_topsis_0_1,8,1,16,0.001,0.0018547203363727571,2.3855781852659437,2.3860187556696624,2.385736821426955,2.386177391830674,4.440892098500626e-16,-4.440892098500626e-16,True,False
Q_A_topsis_0_1,8,2,3,0.0005184546502167023,0.0018482192725718573,2.3855781852659437,2.384547403357046,2.3856963609603907,2.3846655790514935,4.440892098500626e-16,-4.440892098500626e-16,True,False
Q_A_topsis_0_1,8,2,4,0.0005160070696856833,0.0018487145236337162,2.3855781852659437,2.384552269591211,2.385647386075798,2.3846214704010653,0.0,-0.0,True,False
Q_A_topsis_0_1,8,2,5,0.0005057201027559923,0.0018436714742288772,2.3855781852659437,2.384572721947852,2.3850145874342967,2.384009124116205,0.0,-0.0,True,False
Q_A_topsis_0_1,8,2,6,0.0005172382629629424,0.0018481118042101674,2.3855781852659437,2.384549821755598,2.3858415204762498,2.384813156965904,0.0,-0.0,True,False
Q_A_topsis_0_1,8,2,7,0.0003227874219094752,0.0018480235920740496,2.3855781852659437,2.3849364253072185,2.384253450039299,2.383611690080574,4.440892098500626e-16,-4.440892098500626e-16,True,False
Q_A_topsis_0_1,8,2,9,0.00019692524815540348,0.0018624567273083281,2.3855781852659437,2.385186662144068,2.384731129750557,2.3843396066286813,0.0,-0.0,True,False
Q_A_topsis_0_1,8,2,10,0.0005080683193920412,0.0018454920297454802,2.3855781852659437,2.384568053267138,2.3855585753464457,2.3845484433476396,-4.440892098500626e-16,4.440892098500626e-16,True,False
Q_A_topsis_0_1,8,2,11,0.0005184620576680059,0.0018482177737251075,2.3855781852659437,2.384547388629689,2.3856587155815623,2.3846279189453075,0.0,-0.0,True,False
Q_A_topsis_0_1,8,2,12,0.0004596637790499202,0.00184924766758759,2.3855781852659437,2.384664290275471,2.3846446094763953,2.383730714485923,4.440892098500626e-16,-4.440892098500626e-16,True,False
Q_A_topsis_0_1,8,2,13,0.00047283663520139324,0.0018342486305539096,2.3855781852659437,2.3846381002474644,2.3851018443077106,2.3841617592892317,4.440892098500626e-16,-4.440892098500626e-16,True,False
Q_A_topsis_0_1,8,2,14,0.00045882315087658783,0.0018602852957298921,2.3855781852659437,2.384665961596797,2.384782623930692,2.383870400261545,0.0,-0.0,True,False
Q_A_topsis_0_1,8,2,15,0.00047952746196899425,0.0018543666855151044,2.3855781852659437,2.3846247976699204,2.385553669357889,2.3846002817618652,-4.440892098500626e-16,4.440892098500626e-16,True,False
Q_A_topsis_0_1,8,2,16,0.0005121654783729103,0.0018494918431755116,2.3855781852659437,2.3845599073717287,2.3856594332312353,2.3846411553370204,0.0,-0.0,True,False
Q_A_topsis_0_1,8,3,4,0.001,0.0018555878582364534,2.3855781852659437,2.3858061236100165,2.3857122935251516,2.3859402318692244,0.0,-0.0,True,False
Q_A_topsis_0_1,8,3,5,0.001,0.0018438139178280901,2.3855781852659437,2.3858061236100165,2.384463739095867,2.38469167743994,0.0,-0.0,True,False
Q_A_topsis_0_1,8,3,6,0.001,0.0018534765845718937,2.3855781852659437,2.3858061236100165,2.386087303073272,2.386315241417345,0.0,-0.0,True,False
Q_A_topsis_0_1,8,3,7,0.0004892499671547892,0.001846042887729381,2.3855781852659437,2.3856897040932945,2.3835702796843363,2.383681798511687,0.0,-0.0,True,False
Q_A_topsis_0_1,8,3,9,0.00020475115088466772,0.0018827392185547737,2.3855781852659437,2.3856248559042235,2.3846974673627632,2.3847441380010435,4.440892098500626e-16,-4.440892098500626e-16,True,False
Q_A_topsis_0_1,8,3,10,0.001,0.0018532228716712645,2.3855781852659437,2.3858061236100165,2.385539588253003,2.3857675265970757,0.0,-0.0,True,False
Q_A_topsis_0_1,8,3,11,0.001,0.0018550944999390097,2.3855781852659437,2.3858061236100165,2.3857335106449713,2.385961448989044,0.0,-0.0,True,False
Q_A_topsis_0_1,8,3,12,0.001,0.0018380975636838376,2.3855781852659437,2.3858061236100165,2.3835471881935235,2.3837751265375964,0.0,-0.0,True,False
Q_A_topsis_0_1,8,3,13,0.001,0.001821931886653561,2.3855781852659437,2.3858061236100165,2.3845707739894677,2.38479871233354,-4.440892098500626e-16,4.440892098500626e-16,True,False
Q_A_topsis_0_1,8,3,14,0.001,0.0018225954550848945,2.3855781852659437,2.3858061236100165,2.3838442681047636,2.3840722064488364,0.0,-0.0,True,False
Q_A_topsis_0_1,8,3,15,0.001,0.001849060784438386,2.3855781852659437,2.3858061236100165,2.3855270601271372,2.3857549984712096,-4.440892098500626e-16,4.440892098500626e-16,True,False
Q_A_topsis_0_1,8,3,16,0.001,0.0018534121179258865,2.3855781852659437,2.3858061236100165,2.385736821426955,2.385964759771028,0.0,-0.0,True,False
Q_A_topsis_0_1,8,4,5,0.001,0.0018465145099047667,2.3855781852659437,2.3857122935251516,2.384463739095867,2.3845978473550744,-4.440892098500626e-16,4.440892098500626e-16,True,False
Q_A_topsis_0_1,8,4,6,0.001,0.0018561771766485702,2.3855781852659437,2.3857122935251516,2.386087303073272,2.3862214113324796,-4.440892098500626e-16,4.440892098500626e-16,True,False
Q_A_topsis_0_1,8,4,7,0.0004890249543675946,0.0018436045061003782,2.3855781852659437,2.3856437675512834,2.3835712031477225,2.383636785433062,-4.440892098500626e-16,4.440892098500626e-16,True,False
Q_A_topsis_0_1,8,4,9,0.00020603495184768006,0.0018820338332172137,2.3855781852659437,2.385605816254672,2.3846919452131328,2.3847195762018614,4.440892098500626e-16,-4.440892098500626e-16,True,False
Q_A_topsis_0_1,8,4,10,0.001,0.001855923463747941,2.3855781852659437,2.3857122935251516,2.385539588253003,2.3856736965122107,0.0,-0.0,True,False
Q_A_topsis_0_1,8,4,11,0.001,0.0018577950920156863,2.3855781852659437,2.385712293525151,2.3857335106449713,2.385867618904179,4.440892098500626e-16,-4.440892098500626e-16,True,False
Q_A_topsis_0_1,8,4,12,0.001,0.0018407981557605141,2.3855781852659437,2.3857122935251516,2.3835471881935235,2.3836812964527314,0.0,-0.0,True,False
Q_A_topsis_0_1,8,4,13,0.001,0.0018246324787302378,2.3855781852659437,2.3857122935251516,2.3845707739894677,2.384704882248675,-4.440892098500626e-16,4.440892098500626e-16,True,False
Q_A_topsis_0_1,8,4,14,0.001,0.0018252960471615708,2.3855781852659437,2.3857122935251516,2.3838442681047636,2.383978376363971,-4.440892098500626e-16,4.440892098500626e-16,True,False
Q_A_topsis_0_1,8,4,15,0.001,0.0018517613765150626,2.3855781852659437,2.3857122935251516,2.385527060127137,2.3856611683863447,0.0,-0.0,True,False
Q_A_topsis_0_1,8,4,16,0.001,0.001856112710002563,2.3855781852659437,2.3857122935251516,2.385736821426955,2.385870929686163,0.0,-0.0,True,False
Q_A_topsis_0_1,8,5,6,0.001,0.001844403236240207,2.3855781852659437,2.384463739095867,2.386087303073272,2.3849728569031954,0.0,-0.0,True,False
Q_A_topsis_0_1,8,5,7,0.0004744449616161041,0.0018519118058251299,2.3855781852659437,2.3850494418955583,2.38363104014474,2.3831022967743545,0.0,-0.0,True,False
Q_A_topsis_0_1,8,5,9,0.00020542657257230314,0.001876904924926923,2.3855781852659437,2.3853492484089087,2.384694562099619,2.3844656252425835,-4.440892098500626e-16,4.440892098500626e-16,True,False
Q_A_topsis_0_1,8,5,10,0.001,0.001844149523339578,2.3855781852659437,2.384463739095867,2.385539588253003,2.384425142082926,0.0,-0.0,True,False
Q_A_topsis_0_1,8,5,11,0.001,0.001846021151607323,2.3855781852659437,2.384463739095867,2.3857335106449713,2.3846190644748946,0.0,-0.0,True,False
Q_A_topsis_0_1,8,5,12,0.001,0.001829024215352151,2.3855781852659437,2.384463739095867,2.3835471881935235,2.3824327420234472,4.440892098500626e-16,-4.440892098500626e-16,True,False
Q_A_topsis_0_1,8,5,13,0.0009917681355820016,0.0018140131928168013,2.3855781852659437,2.38447291306564,2.384579066862509,2.383473794662205,-4.440892098500626e-16,4.440892098500626e-16,True,False
Q_A_topsis_0_1,8,5,14,0.0009106481964559319,0.0018259958770447786,2.3855781852659437,2.384563316871116,2.3839991967303105,2.3829843283354832,4.440892098500626e-16,-4.440892098500626e-16,True,False
Q_A_topsis_0_1,8,5,15,0.001,0.0018399874361066993,2.3855781852659437,2.384463739095867,2.385527060127137,2.38441261395706,0.0,-0.0,True,False
Q_A_topsis_0_1,8,5,16,0.001,0.0018443387695942,2.3855781852659437,2.384463739095867,2.385736821426955,2.384622375256878,-4.440892098500626e-16,4.440892098500626e-16,True,False
Q_A_topsis_0_1,8,6,7,0.00047140864426550464,0.0018488997579536926,2.3855781852659437,2.385818187801268,2.383643501338333,2.3838835038736566,-4.440892098500626e-16,4.440892098500626e-16,True,False
Q_A_topsis_0_1,8,6,9,0.0002062886739429869,0.0018822106756797652,2.3855781852659437,2.385683210503298,2.384690853851297,2.384795879088652,4.440892098500626e-16,-4.440892098500626e-16,True,False
Q_A_topsis_0_1,8,6,10,0.001,0.0018538121900833814,2.3855781852659437,2.386087303073272,2.385539588253003,2.3860487060603313,0.0,-0.0,True,False
Q_A_topsis_0_1,8,6,11,0.001,0.0018556838183511266,2.3855781852659437,2.386087303073272,2.3857335106449713,2.3862426284522997,0.0,-0.0,True,False
Q_A_topsis_0_1,8,6,12,0.001,0.0018386868820959544,2.3855781852659437,2.386087303073272,2.3835471881935235,2.384056306000852,0.0,-0.0,True,False
Q_A_topsis_0_1,8,6,13,0.001,0.001822521205065678,2.3855781852659437,2.386087303073272,2.3845707739894677,2.3850798917967957,-4.440892098500626e-16,4.440892098500626e-16,True,False
Q_A_topsis_0_1,8,6,14,0.001,0.0018231847734970113,2.3855781852659437,2.386087303073272,2.3838442681047636,2.3843533859120916,-4.440892098500626e-16,4.440892098500626e-16,True,False
Q_A_topsis_0_1,8,6,15,0.001,0.0018496501028505028,2.3855781852659437,2.386087303073272,2.385527060127137,2.386036177934465,0.0,-0.0,True,False
Q_A_topsis_0_1,8,6,16,0.001,0.0018540014363380034,2.3855781852659437,2.386087303073272,2.385736821426955,2.386245939234283,-4.440892098500626e-16,4.440892098500626e-16,True,False
Q_A_topsis_0_1,8,7,9,0.0001866963824227793,0.001877240853746362,2.3855781852659437,2.384811974262369,2.384775128258702,2.384008917255127,-4.440892098500626e-16,4.440892098500626e-16,True,False
Q_A_topsis_0_1,8,7,10,0.00048703283313126193,0.00184922643916095,2.3855781852659437,2.3835793789098445,2.3855593872533807,2.3835605808972815,0.0,-0.0,True,False
Q_A_topsis_0_1,8,7,11,0.0004907559267972129,0.001848432192762254,2.3855781852659437,2.3835640991529625,2.3856544121162835,2.3836403260033023,0.0,-0.0,True,False
Q_A_topsis_0_1,8,7,12,0.0004858792445405099,0.0018225803425377834,2.3855781852659437,2.3835841132933413,2.384591365942732,2.3825972939701296,0.0,-0.0,True,False
Q_A_topsis_0_1,8,7,13,0.0004752983804234408,0.0018267020499549843,2.3855781852659437,2.3836275376725853,2.385099364317814,2.3831487167244556,0.0,-0.0,True,False
Q_A_topsis_0_1,8,7,14,0.0004641392392495715,0.001837598258577983,2.3855781852659437,2.3836733353289024,2.384773406273832,2.38286855633679,-4.440892098500626e-16,4.440892098500626e-16,True,False
Q_A_topsis_0_1,8,7,15,0.0004890405502400545,0.001846647704458674,2.3855781852659437,2.3835711391415058,2.3855531829999306,2.3835461368754927,0.0,-0.0,True,False
Q_A_topsis_0_1,8,7,16,0.0004921626973084259,0.0018423852312880046,2.3855781852659437,2.383558325698591,2.3856562600668374,2.383636400499485,4.440892098500626e-16,-4.440892098500626e-16,True,False
Q_A_topsis_0_1,8,9,10,0.00020519812164724194,0.001879304589742546,2.3855781852659437,2.3846955447598814,2.385570265231387,2.3846876247253244,-4.440892098500626e-16,4.440892098500626e-16,True,False
Q_A_topsis_0_1,8,9,11,0.0002061869316992268,0.0018822456508547623,2.3855781852659437,2.3846912914860323,2.3856102113292605,2.384723317549349,0.0,-0.0,True,False
Q_A_topsis_0_1,8,9,12,0.00019728517478014712,0.0018853057416736794,2.3855781852659437,2.3847295815598826,2.3851774996535333,2.3843288959474727,4.440892098500626e-16,-4.440892098500626e-16,True,False
Q_A_topsis_0_1,8,9,13,0.00020436132924495337,0.0018765945583524338,2.3855781852659437,2.3846991441440446,2.3853723093583867,2.384493268236488,4.440892098500626e-16,-4.440892098500626e-16,True,False
Q_A_topsis_0_1,8,9,14,0.00019280445870401063,0.0018724908491852326,2.3855781852659437,2.384748854940522,2.3852438783062446,2.3844145479808234,4.440892098500626e-16,-4.440892098500626e-16,True,False
Q_A_topsis_0_1,8,9,15,0.0002057619128890874,0.0018823917564124177,2.3855781852659437,2.3846931196646466,2.385567665659586,2.384682600058289,0.0,-0.0,True,False
Q_A_topsis_0_1,8,9,16,0.00020602611152755495,0.0018812361368527794,2.3855781852659437,2.384691983238942,2.3856108684573445,2.3847246664303428,0.0,-0.0,True,False
Q_A_topsis_0_1,8,10,11,0.001,0.0018554301054504974,2.3855781852659437,2.385539588253003,2.3857335106449713,2.3856949136320305,0.0,-0.0,True,False
Q_A_topsis_0_1,8,10,12,0.001,0.0018384331691953255,2.3855781852659437,2.385539588253003,2.3835471881935235,2.383508591180583,4.440892098500626e-16,-4.440892098500626e-16,True,False
Q_A_topsis_0_1,8,10,13,0.001,0.001822267492165049,2.3855781852659437,2.385539588253003,2.3845707739894677,2.384532176976527,0.0,-0.0,True,False
Q_A_topsis_0_1,8,10,14,0.001,0.0018229310605963822,2.3855781852659437,2.385539588253003,2.3838442681047636,2.3838056710918227,0.0,-0.0,True,False
Q_A_topsis_0_1,8,10,15,0.001,0.0018493963899498737,2.3855781852659437,2.385539588253003,2.385527060127137,2.385488463114196,0.0,-0.0,True,False
Q_A_topsis_0_1,8,10,16,0.001,0.0018537477234373744,2.3855781852659437,2.385539588253003,2.385736821426955,2.385698224414014,0.0,-0.0,True,False
Q_A_topsis_0_1,8,11,12,0.001,0.0018403047974630705,2.3855781852659437,2.3857335106449713,2.3835471881935235,2.383702513572551,0.0,-0.0,True,False
Q_A_topsis_0_1,8,11,13,0.001,0.0018241391204327942,2.3855781852659437,2.3857335106449713,2.3845707739894677,2.3847260993684953,0.0,-0.0,True,False
Q_A_topsis_0_1,8,11,14,0.001,0.0018248026888641274,2.3855781852659437,2.3857335106449713,2.3838442681047636,2.3839995934837908,-4.440892098500626e-16,4.440892098500626e-16,True,False
Q_A_topsis_0_1,8,11,15,0.001,0.001851268018217619,2.3855781852659437,2.3857335106449713,2.385527060127137,2.3856823855061644,0.0,-0.0,True,False
Q_A_topsis_0_1,8,11,16,0.001,0.0018556193517051194,2.3855781852659437,2.3857335106449713,2.385736821426955,2.385892146805982,-4.440892098500626e-16,4.440892098500626e-16,True,False
Q_A_topsis_0_1,8,12,13,0.0009266176641013045,0.0018178547442037373,2.3855781852659437,2.3836962275029014,2.3846447001821462,2.3827627424191036,-4.440892098500626e-16,4.440892098500626e-16,True,False
Q_A_topsis_0_1,8,12,14,0.001,0.0018078057526089552,2.3855781852659437,2.3835471881935235,2.3838442681047636,2.3818132710323434,0.0,-0.0,True,False
Q_A_topsis_0_1,8,12,15,0.001,0.001834271081962447,2.3855781852659437,2.3835471881935235,2.385527060127137,2.3834960630547166,0.0,-0.0,True,False
Q_A_topsis_0_1,8,12,16,0.001,0.0018386224154499475,2.3855781852659437,2.3835471881935235,2.385736821426955,2.383705824354535,0.0,-0.0,True,False
Q_A_topsis_0_1,8,13,14,0.000582658978687066,0.001859034358863315,2.3855781852659437,2.3849912080404745,2.3845679028636826,2.383980925638213,-4.440892098500626e-16,4.440892098500626e-16,True,False
Q_A_topsis_0_1,8,13,15,0.001,0.0018181054049321705,2.3855781852659437,2.3845707739894677,2.385527060127137,2.384519648850661,0.0,-0.0,True,False
Q_A_topsis_0_1,8,13,16,0.001,0.001822456738419671,2.3855781852659437,2.3845707739894677,2.385736821426955,2.384729410150479,0.0,-0.0,True,False
Q_A_topsis_0_1,8,14,15,0.001,0.0018187689733635036,2.3855781852659437,2.3838442681047636,2.385527060127137,2.3837931429659567,0.0,-0.0,True,False
Q_A_topsis_0_1,8,14,16,0.001,0.0018231203068510041,2.3855781852659437,2.3838442681047636,2.385736821426955,2.3840029042657744,-4.440892098500626e-16,4.440892098500626e-16,True,False
Q_A_topsis_0_1,8,15,16,0.001,0.0018495856362044957,2.3855781852659437,2.385527060127137,2.385736821426955,2.385685696288148,0.0,-0.0,True,False
Q_A_topsis_0_1,9,0,1,0.00010322312101212449,0.0015625,2.3855781852659437,2.3860518446091348,2.386067666907538,2.386541326250729,0.0,-0.0,True,False
Q_A_topsis_0_1,9,0,2,0.00010154586873586767,0.0015625,2.3855781852659437,2.386044148211237,2.38581308370111,2.3862790466464037,4.440892098500626e-16,-4.440892098500626e-16,True,False
Q_A_topsis_0_1,9,0,3,0.00010373314453155817,0.0015625,2.3855781852659437,2.3860541849511328,2.3860480284350416,2.3865240281202307,0.0,-0.0,True,False
Q_A_topsis_0_1,9,0,4,0.00010307237351147069,0.0015625,2.3855781852659437,2.3860511528749435,2.3860353642857657,2.3865083318947655,0.0,-0.0,True,False
Q_A_topsis_0_1,9,0,5,0.00010296070013780925,0.0015625,2.3855781852659437,2.3860506404399744,2.385906316918685,2.3863787720927156,0.0,-0.0,True,False
Q_A_topsis_0_1,9,0,6,0.00010313583260445638,0.0015625,2.3855781852659437,2.3860514440693192,2.3860743226814805,2.3865475814848565,4.440892098500626e-16,-4.440892098500626e-16,True,False
Q_A_topsis_0_1,9,0,7,0.00010002590184838643,0.0015625,2.3855781852659437,2.386037173547901,2.3855979261666422,2.3860569144486,4.440892098500626e-16,-4.440892098500626e-16,True,False
Q_A_topsis_0_1,9,0,8,0.00010323927084273334,0.0015625,2.3855781852659437,2.38605191871577,2.3860222593224245,2.3864959927722507,0.0,-0.0,True,False
Q_A_topsis_0_1,9,0,10,0.00010286251698143007,0.0015625,2.3855781852659437,2.386050189907488,2.386016668565069,2.3864886732066135,0.0,-0.0,True,False
Q_A_topsis_0_1,9,0,11,0.00010311039496424429,0.0015625,2.3855781852659437,2.3860513273437656,2.38603772063608,2.3865108627139024,4.440892098500626e-16,-4.440892098500626e-16,True,False
Q_A_topsis_0_1,9,0,12,0.0001024557899475188,0.0015624999999999999,2.3855781852659437,2.386048323561481,2.385810801843281,2.386280940138818,0.0,-0.0,True,False
Q_A_topsis_0_1,9,0,13,0.00010383348956138803,0.0015625,2.3855781852659437,2.386054645403795,2.3859202122703413,2.386396672408193,4.440892098500626e-16,-4.440892098500626e-16,True,False
Q_A_topsis_0_1,9,0,14,0.00010540819024224943,0.0015625,2.3855781852659437,2.386061871223775,2.3858488196561396,2.3863325056139715,4.440892098500626e-16,-4.440892098500626e-16,True,False
Q_A_topsis_0_1,9,0,15,0.00010300399571855084,0.0015625,2.3855781852659437,2.3860508391101574,2.3860159812149297,2.386488635059143,-4.440892098500626e-16,4.440892098500626e-16,True,False
Q_A_topsis_0_1,9,0,16,0.00010307016102788664,0.0015625,2.3855781852659437,2.3860511427225326,2.386037882567051,2.38651084002364,0.0,-0.0,True,False
Q_A_topsis_0_1,9,1,2,0.00010163874338445271,0.0015625,2.3855781852659437,2.386060153825638,2.3858132985410627,2.3862952671007567,-4.440892098500626e-16,4.440892098500626e-16,True,False
Q_A_topsis_0_1,9,1,3,0.0001038300651790694,0.0015624999999999999,2.3855781852659437,2.386070545022676,2.386048467422064,2.3865408271787962,0.0,-0.0,True,False
Q_A_topsis_0_1,9,1,4,0.00010316806277008594,0.0015624999999999999,2.3855781852659437,2.3860674058226334,2.3860357887168715,2.3865250092735613,0.0,-0.0,True,False
Q_A_topsis_0_1,9,1,5,0.00010305618206437903,0.0015624999999999999,2.3855781852659437,2.386066875286926,2.385906621215784,2.3863953112367664,0.0,-0.0,True,False
Q_A_topsis_0_1,9,1,6,0.00010323163978109015,0.0015625,2.3855781852659437,2.3860677073033423,2.3860747835642195,2.386564305601618,0.0,-0.0,True,False
Q_A_topsis_0_1,9,1,7,0.00010011601572451872,0.0015625,2.3855781852659437,2.3860529330864533,2.385597943951327,2.3860726917718367,0.0,-0.0,True,False
Q_A_topsis_0_1,9,1,8,0.00010333527038136417,0.0015625,2.3855781852659437,2.3860681987172407,2.3860226722554505,2.386512685706748,4.440892098500626e-16,-4.440892098500626e-16,True,False
Q_A_topsis_0_1,9,1,10,0.00010295781680772956,0.0015624999999999999,2.3855781852659437,2.3860664088411645,2.3860170748100598,2.3865052983852806,0.0,-0.0,True,False
Q_A_topsis_0_1,9,1,11,0.00010320615486459615,0.0015625,2.3855781852659437,2.3860675864544607,2.386038147412268,2.3865275486007844,-4.440892098500626e-16,4.440892098500626e-16,True,False
Q_A_topsis_0_1,9,1,12,0.00010255033727040904,0.0015625,2.385578185265944,2.3860644765826655,2.3858110165044013,2.386297307821123,4.440892098500626e-16,-4.440892098500626e-16,True,False
Q_A_topsis_0_1,9,1,13,0.00010393059789744247,0.0015625,2.3855781852659437,2.3860710217464907,2.3859205321447234,2.3864133686252704,0.0,-0.0,True,False
Q_A_topsis_0_1,9,1,14,0.00010563735177223683,0.0015625,2.3855781852659437,2.3860791151337106,2.3858494080258934,2.3863503378936604,0.0,-0.0,True,False
Q_A_topsis_0_1,9,1,15,0.00010309955800069467,0.0015625,2.3855781852659437,2.386067080974608,2.386016387381503,2.386505283090168,4.440892098500626e-16,-4.440892098500626e-16,True,False
Q_A_topsis_0_1,9,1,16,0.00010316584617663414,0.0015625,2.3855781852659437,2.3860673953115987,2.3860383093268833,2.3865275193725384,0.0,-0.0,True,False
Q_A_topsis_0_1,9,2,3,0.00010213319280266567,0.0015625,2.3855781852659437,2.3858144423137833,2.386040781702148,2.386277038749988,4.440892098500626e-16,-4.440892098500626e-16,True,False
Q_A_topsis_0_1,9,2,4,0.00010149258475652434,0.0015625,2.3855781852659437,2.3858129604432805,2.386028357109644,2.3862631322869805,-4.440892098500626e-16,4.440892098500626e-16,True,False
Q_A_topsis_0_1,9,2,5,0.00010138430658319955,0.0015624999999999999,2.3855781852659437,2.3858127099715105,2.385901293015179,2.3861358177207452,-4.440892098500626e-16,4.440892098500626e-16,True,False
Q_A_topsis_0_1,9,2,6,0.00010155411290331755,0.0015625,2.3855781852659437,2.3858131027717233,2.386066713780628,2.386301631286408,4.440892098500626e-16,-4.440892098500626e-16,True,False
Q_A_topsis_0_1,9,2,7,9.853744516035703e-05,0.0015625,2.3855781852659437,2.385806124540693,2.3855976324079746,2.385825571682724,0.0,-0.0,True,False
Q_A_topsis_0_1,9,2,8,0.00010165440121289662,0.0015625,2.3855781852659437,2.3858133347611417,2.3860154421541147,2.3862505916493126,0.0,-0.0,True,False
Q_A_topsis_0_1,9,2,10,0.00010128910551387761,0.0015625,2.3855781852659437,2.3858124897500237,2.3860099614119545,2.386244265896034,-4.440892098500626e-16,4.440892098500626e-16,True,False
Q_A_topsis_0_1,9,2,11,0.00010152944942424052,0.0015625,2.3855781852659437,2.3858130457195488,2.38603067478591,2.3862655352395157,4.440892098500626e-16,-4.440892098500626e-16,True,False
Q_A_topsis_0_1,9,2,12,0.00010089470226350897,0.0015625,2.3855781852659437,2.3858115774065918,2.3858072575353,2.3860406496759485,4.440892098500626e-16,-4.440892098500626e-16,True,False
Q_A_topsis_0_1,9,2,13,0.00010223046486367254,0.0015625,2.3855781852659437,2.38581466732594,2.385914931914864,2.386151413974861,4.440892098500626e-16,-4.440892098500626e-16,True,False
Q_A_topsis_0_1,9,2,14,0.00010388139260441559,0.0015625,2.3855781852659437,2.385818486293149,2.3858448996196917,2.386085200646897,0.0,-0.0,True,False
Q_A_topsis_0_1,9,2,15,0.0001014262862772761,0.0015625,2.3855781852659437,2.3858128070799856,2.3860092755061144,2.386243897320156,-4.440892098500626e-16,4.440892098500626e-16,True,False
Q_A_topsis_0_1,9,2,16,0.00010149043957389246,0.0015625,2.3855781852659437,2.3858129554809904,2.3860308369421905,2.3862656071572377,4.440892098500626e-16,-4.440892098500626e-16,True,False
Q_A_topsis_0_1,9,3,4,0.00010367754100840995,0.0015624999999999999,2.3855781852659437,2.3860477765875183,2.386038048515047,2.3865076398366223,4.440892098500626e-16,-4.440892098500626e-16,True,False
Q_A_topsis_0_1,9,3,5,0.00010356455317100721,0.0015624999999999999,2.3855781852659437,2.3860472648266553,2.385908241374264,2.3863773209349755,0.0,-0.0,True,False
Q_A_topsis_0_1,9,3,6,0.00010374174769416095,0.0015624999999999999,2.3855781852659437,2.3860480674017306,2.3860772374506647,2.386547119586452,4.440892098500626e-16,-4.440892098500626e-16,True,False
Q_A_topsis_0_1,9,3,7,0.00010059572571194289,0.0015625,2.3855781852659437,2.3860338179837184,2.385598038625877,2.3860536713436518,0.0,-0.0,True,False
Q_A_topsis_0_1,9,3,8,0.00010384640550263891,0.0015625,2.3855781852659437,2.3860485414330217,2.3860248708553136,2.3864952270223916,0.0,-0.0,True,False
Q_A_topsis_0_1,9,3,10,0.00010346521552645763,0.0015625,2.3855781852659437,2.3860468148922207,2.3860192377540623,2.3864878673803394,0.0,-0.0,True,False
Q_A_topsis_0_1,9,3,11,0.00010371601032490701,0.0015625,2.3855781852659437,2.3860479508283134,2.3860404197012812,2.386510185263651,0.0,-0.0,True,False
Q_A_topsis_0_1,9,3,12,0.00010305371782143893,0.0015625,2.3855781852659437,2.3860449510772685,2.385812159384281,2.386278925195606,0.0,-0.0,True,False
Q_A_topsis_0_1,9,3,13,0.00010444765414568461,0.0015625,2.3855781852659437,2.3860512646953804,2.3859222353254648,2.386395314754901,-4.440892098500626e-16,4.440892098500626e-16,True,False
Q_A_topsis_0_1,9,3,14,0.00010545842207410567,0.0015625,2.3855781852659437,2.3860558428117473,2.3858489486258256,2.386326606171629,-4.440892098500626e-16,4.440892098500626e-16,True,False
Q_A_topsis_0_1,9,3,15,0.00010360835819652926,0.0015624999999999999,2.3855781852659437,2.3860474632347155,2.386018549925422,2.3864878278941943,4.440892098500626e-16,-4.440892098500626e-16,True,False
Q_A_topsis_0_1,9,3,16,0.00010367530246858661,0.0015625,2.3855781852659437,2.3860477664484,2.3860405815236096,2.3865101627060663,4.440892098500626e-16,-4.440892098500626e-16,True,False
Q_A_topsis_0_1,9,4,5,0.00010290592141129415,0.0015625,2.3855781852659437,2.3860346259850416,2.385906142341064,2.386362583060162,0.0,-0.0,True,False
Q_A_topsis_0_1,9,4,6,0.00010308086741588586,0.0015625,2.3855781852659437,2.386035401960603,2.3860740582701125,2.386531274964772,0.0,-0.0,True,False
Q_A_topsis_0_1,9,4,7,9.99742006636561e-05,0.0015625,2.3855781852659437,2.3860216222947983,2.3855979159630056,2.3860413529918607,4.440892098500626e-16,-4.440892098500626e-16,True,False
Q_A_topsis_0_1,9,4,8,0.00010318419537560763,0.0015625,2.3855781852659437,2.3860358602732794,2.38602202242046,2.386479697427795,-4.440892098500626e-16,4.440892098500626e-16,True,False
Q_A_topsis_0_1,9,4,10,0.00010280784265117225,0.0015625,2.3855781852659437,2.386034190955267,2.386016435498823,2.386472441188147,4.440892098500626e-16,-4.440892098500626e-16,True,False
Q_A_topsis_0_1,9,4,11,0.00010305545687856982,0.0015625,2.3855781852659437,2.3860352892517933,2.38603747579177,2.3864945797776196,0.0,-0.0,True,False
Q_A_topsis_0_1,9,4,12,0.00010240154702222743,0.0015625,2.3855781852659437,2.386032388825064,2.3858106786896394,2.38626488224876,4.440892098500626e-16,-4.440892098500626e-16,True,False
Q_A_topsis_0_1,9,4,13,0.0001037777784402761,0.0015625,2.3855781852659437,2.3860384931196417,2.3859200287581825,2.3863803366118805,0.0,-0.0,True,False
Q_A_topsis_0_1,9,4,14,0.00010536759575302327,0.0015625,2.3855781852659437,2.3860455447775784,2.385848715430227,2.386316074941862,4.440892098500626e-16,-4.440892098500626e-16,True,False
Q_A_topsis_0_1,9,4,15,0.00010294917092506092,0.0015625,2.3855781852659437,2.3860348178188926,2.386015748194139,2.386472380747088,0.0,-0.0,True,False
Q_A_topsis_0_1,9,4,16,0.00010301526579639389,0.0015625,2.3855781852659437,2.3860351109836606,2.3860376377319845,2.3864945634497015,0.0,-0.0,True,False
Q_A_topsis_0_1,9,5,6,0.00010296917564606102,0.0015625,2.3855781852659437,2.3859063439297925,2.3860735209741546,2.386401679638003,-4.440892098500626e-16,4.440892098500626e-16,True,False
Q_A_topsis_0_1,9,5,7,9.986913637919255e-05,0.0015625,2.3855781852659437,2.385896464228053,2.3855978952277406,2.3859161741898505,4.440892098500626e-16,-4.440892098500626e-16,True,False
Q_A_topsis_0_1,9,5,8,0.00010307227969610401,0.0015625,2.3855781852659437,2.3859066725182956,2.386021541025644,2.3863500282779957,0.0,-0.0,True,False
Q_A_topsis_0_1,9,5,10,0.0001026967414429436,0.0015625,2.3855781852659437,2.3859054756928315,2.386015961895554,2.3863432523224417,0.0,-0.0,True,False
Q_A_topsis_0_1,9,5,11,0.00010294382013857314,0.0015625,2.3855781852659437,2.3859062631227994,2.3860369782567674,2.3863650561136227,-4.440892098500626e-16,4.440892098500626e-16,True,False
Q_A_topsis_0_1,9,5,12,0.00010229132174990906,0.0015625,2.3855781852659437,2.3859041836364088,2.385810428433157,2.3861364268036223,0.0,-0.0,True,False
Q_A_topsis_0_1,9,5,13,0.00010366457213892851,0.0015624999999999999,2.3855781852659437,2.385908560130733,2.385919655857182,2.3862500307219716,4.440892098500626e-16,-4.440892098500626e-16,True,False
Q_A_topsis_0_1,9,5,14,0.000105362528444321,0.0015625,2.3855781852659437,2.385913971449887,2.385848702419967,2.3861844886039103,0.0,-0.0,True,False
Q_A_topsis_0_1,9,5,15,0.00010283776421432338,0.0015625,2.3855781852659437,2.3859059251267905,2.386015274684288,2.3863430145451354,4.440892098500626e-16,-4.440892098500626e-16,True,False
Q_A_topsis_0_1,9,5,16,0.00010290371606776568,0.0015624999999999999,2.3855781852659437,2.385906135312722,2.386037140215451,2.3863650902622298,0.0,-0.0,True,False
Q_A_topsis_0_1,9,6,7,0.00010003390105122016,0.0015625,2.3855781852659437,2.3860594007647706,2.3855979277453487,2.3860791432441752,-4.440892098500626e-16,4.440892098500626e-16,True,False
Q_A_topsis_0_1,9,6,8,0.00010324779227763499,0.0015625,2.3855781852659437,2.3860748612661946,2.386022295976579,2.38651897197683,0.0,-0.0,True,False
Q_A_topsis_0_1,9,6,10,0.0001028709763322632,0.0015625,2.3855781852659437,2.3860730485839814,2.386016704625669,2.386511567943707,0.0,-0.0,True,False
Q_A_topsis_0_1,9,6,11,0.00010311889513655564,0.0015625,2.3855781852659437,2.386074241203382,2.386037758519068,2.3865338144565063,0.0,-0.0,True,False
Q_A_topsis_0_1,9,6,12,0.00010246418252991513,0.0015625,2.3855781852659437,2.3860710916925636,2.385810820897878,2.386303727324498,0.0,-0.0,True,False
Q_A_topsis_0_1,9,6,13,0.00010384210937706777,0.0015625,2.3855781852659437,2.3860777202429664,2.385920240663972,2.3864197756409946,0.0,-0.0,True,False
Q_A_topsis_0_1,9,6,14,0.00010554593433964807,0.0015625,2.3855781852659437,2.38608591653413,2.3858491733126224,2.386356904580809,4.440892098500626e-16,-4.440892098500626e-16,True,False
Q_A_topsis_0_1,9,6,15,0.00010301247835659718,0.0015625,2.3855781852659437,2.38607372928289,2.3860160172685267,2.386511561285473,-4.440892098500626e-16,4.440892098500626e-16,True,False
Q_A_topsis_0_1,9,6,16,0.00010307865456764162,0.0015625,2.3855781852659437,2.386074047625153,2.3860379204485995,2.3865337828078084,-4.440892098500626e-16,4.440892098500626e-16,True,False
Q_A_topsis_0_1,9,7,8,0.00010013120786857078,0.0015625,2.3855781852659437,2.3855979469496162,2.386008890280572,2.3860286519642444,0.0,-0.0,True,False
Q_A_topsis_0_1,9,7,10,9.977675827623405e-05,0.0015624999999999999,2.3855781852659437,2.3855978769961936,2.3860035145640097,2.3860232062942597,0.0,-0.0,True,False
Q_A_topsis_0_1,9,7,11,0.00010000997035713679,0.0015624999999999999,2.3855781852659437,2.3855979230224373,2.386023902875321,2.3860436406318146,0.0,-0.0,True,False
Q_A_topsis_0_1,9,7,12,9.93940225146678e-05,0.0015625,2.3855781852659437,2.385597801460272,2.385803850378057,2.385823466572385,-4.440892098500626e-16,4.440892098500626e-16,True,False
Q_A_topsis_0_1,9,7,13,0.00010069008988320055,0.0015625,2.3855781852659437,2.38559805724939,2.3859098579272477,2.385929729910694,0.0,-0.0,True,False
Q_A_topsis_0_1,9,7,14,0.00010229125156167102,0.0015625,2.3855781852659437,2.385598373251277,2.3858408169497354,2.385861004935069,4.440892098500626e-16,-4.440892098500626e-16,True,False
Q_A_topsis_0_1,9,7,15,9.99098704393312e-05,0.0015625,2.3855781852659437,2.385597903266929,2.3860028303123513,2.386022548313336,-4.440892098500626e-16,4.440892098500626e-16,True,False
Q_A_topsis_0_1,9,7,16,9.997211918642634e-05,0.0015624999999999999,2.3855781852659437,2.3855979155522102,2.386024065168698,2.3860437954549645,0.0,-0.0,True,False
Q_A_topsis_0_1,9,8,10,0.00010297388372192958,0.0015624999999999999,2.3855781852659437,2.3860211177845745,2.386017143300252,2.3864600758188823,-4.440892098500626e-16,4.440892098500626e-16,True,False
Q_A_topsis_0_1,9,8,11,0.0001032222993863301,0.0015625,2.3855781852659437,2.386022186321294,2.38603821936407,2.3864822204194205,0.0,-0.0,True,False
Q_A_topsis_0_1,9,8,12,0.00010256627724932141,0.0015625,2.3855781852659437,2.3860193645034995,2.3858110526946774,2.3862522319322332,0.0,-0.0,True,False
Q_A_topsis_0_1,9,8,13,0.00010394696988162865,0.0015625,2.3855781852659437,2.3860253034235734,2.385920586073959,2.3863677042315885,-4.440892098500626e-16,4.440892098500626e-16,True,False
Q_A_topsis_0_1,9,8,14,0.00010549277727298469,0.0015625,2.3855781852659437,2.3860319525693217,2.385849036832428,2.3863028041358056,-4.440892098500626e-16,4.440892098500626e-16,True,False
Q_A_topsis_0_1,9,8,15,0.00010311566918718871,0.0015625,2.3855781852659437,2.386021727661477,2.3860164558585764,2.38645999825411,4.440892098500626e-16,-4.440892098500626e-16,True,False
Q_A_topsis_0_1,9,8,16,0.00010318197808888242,0.0015625,2.3855781852659437,2.3860220128830085,2.386038381275898,2.386482208892963,0.0,-0.0,True,False
Q_A_topsis_0_1,9,10,11,0.00010284566915768983,0.0015625,2.3855781852659437,2.3860165967460083,2.386036540824175,2.38647495230424,4.440892098500626e-16,-4.440892098500626e-16,True,False
Q_A_topsis_0_1,9,10,12,0.00010219441047910469,0.0015625,2.3855781852659437,2.3860138205544246,2.3858102084049073,2.386245843693388,0.0,-0.0,True,False
Q_A_topsis_0_1,9,10,13,0.00010356504262038619,0.0015625,2.3855781852659437,2.3860196632979314,2.385919328007437,2.386360806039425,0.0,-0.0,True,False
Q_A_topsis_0_1,9,10,14,0.00010525971338683034,0.0015625,2.3855781852659437,2.3860268873563193,2.3858484384434164,2.3862971405337925,4.440892098500626e-16,-4.440892098500626e-16,True,False
Q_A_topsis_0_1,9,10,15,0.00010273981526943758,0.0015624999999999999,2.3855781852659437,2.386016145511064,2.386014858373727,2.3864528186188476,4.440892098500626e-16,-4.440892098500626e-16,True,False
Q_A_topsis_0_1,9,10,16,0.00010280564150938389,0.0015625,2.3855781852659437,2.3860164261157752,2.3860367027987506,2.3864749436485817,-4.440892098500626e-16,4.440892098500626e-16,True,False
Q_A_topsis_0_1,9,11,12,0.00010243907508496235,0.0015625,2.3855781852659437,2.3860347287434656,2.385810763893702,2.3862673073712233,-4.440892098500626e-16,4.440892098500626e-16,True,False
Q_A_topsis_0_1,9,11,13,0.00010381632219230258,0.0015625,2.3855781852659437,2.3860408667643647,2.3859201557211125,2.3863828372195335,0.0,-0.0,True,False
Q_A_topsis_0_1,9,11,14,0.00010549239206410838,0.0015625,2.3855781852659437,2.3860483365581637,2.385849035843408,2.386319187135628,0.0,-0.0,True,False
Q_A_topsis_0_1,9,11,15,0.00010298710152121642,0.0015625,2.3855781852659437,2.3860371711502792,2.38601590940984,2.386474895294175,-4.440892098500626e-16,4.440892098500626e-16,True,False
Q_A_topsis_0_1,9,11,16,0.00010305324512116096,0.0015625,2.3855781852659437,2.3860374659345602,2.3860378071213875,2.386497087790005,8.881784197001252e-16,-8.881784197001252e-16,True,False
Q_A_topsis_0_1,9,12,13,0.00010315275205775984,0.0015625,2.3855781852659437,2.3858123842325307,2.38591796992435,2.386152168890937,0.0,-0.0,True,False
Q_A_topsis_0_1,9,12,14,0.00010436844946979786,0.0015624999999999999,2.3855781852659437,2.3858151443632294,2.385846150132934,2.38608310923022,4.440892098500626e-16,-4.440892098500626e-16,True,False
Q_A_topsis_0_1,9,12,15,0.00010233405608868385,0.0015625,2.3855781852659437,2.3858105254575968,2.3860131337830994,2.3862454739747525,0.0,-0.0,True,False
Q_A_topsis_0_1,9,12,16,0.00010239936324365973,0.0015625,2.3855781852659437,2.385810673731568,2.3860348907804085,2.386267379246033,0.0,-0.0,True,False
Q_A_topsis_0_1,9,13,14,0.00010612869155062247,0.0015625,2.3855781852659437,2.385927772654416,2.385850669535469,2.386200256923941,-4.440892098500626e-16,4.440892098500626e-16,True,False
Q_A_topsis_0_1,9,13,15,0.00010370846183391245,0.0015624999999999999,2.3855781852659437,2.385919800429622,2.386018975394032,2.3863605905577105,0.0,-0.0,True,False
Q_A_topsis_0_1,9,13,16,0.00010377553556988079,0.0015625,2.3855781852659437,2.3859200213701786,2.3860410285675036,2.3863828646717384,0.0,-0.0,True,False
Q_A_topsis_0_1,9,14,15,0.0001053554330016976,0.0015624999999999999,2.3855781852659437,2.3858486842024944,2.3860259754846633,2.386296474421214,0.0,-0.0,True,False
Q_A_topsis_0_1,9,14,16,0.00010534084589011604,0.0015625,2.3855781852659437,2.385848646750243,2.3860480099180945,2.3863184714023937,0.0,-0.0,True,False
Q_A_topsis_0_1,9,15,16,0.00010294696372743005,0.0015625,2.3855781852659437,2.3860157388129286,2.3860373331018523,2.3864748866488372,0.0,-0.0,True,False
Q_A_topsis_0_1,10,0,1,0.001,0.0017520407071024784,2.3855781852659437,2.3859040701791514,2.3860573526826037,2.3863832375958114,0.0,-0.0,True,False
Q_A_topsis_0_1,10,0,2,0.0005007080033182525,0.0017781607046883667,2.3855781852659437,2.3857413584501472,2.3846020127441734,2.384765185928377,0.0,-0.0,True,False
Q_A_topsis_0_1,10,0,3,0.001,0.0017548861752481786,2.3855781852659437,2.3859040701791514,2.3858447206229574,2.3861706055361656,4.440892098500626e-16,-4.440892098500626e-16,True,False
Q_A_topsis_0_1,10,0,4,0.001,0.001750929890525491,2.3855781852659437,2.3859040701791514,2.385750890538092,2.3860767754513,4.440892098500626e-16,-4.440892098500626e-16,True,False
Q_A_topsis_0_1,10,0,5,0.001,0.001731726409110698,2.3855781852659437,2.3859040701791514,2.384502336108808,2.3848282210220155,0.0,-0.0,True,False
Q_A_topsis_0_1,10,0,6,0.001,0.001752790458467411,2.3855781852659437,2.3859040701791514,2.3861259000862125,2.3864517849994207,4.440892098500626e-16,-4.440892098500626e-16,True,False
Q_A_topsis_0_1,10,0,7,0.0004794036035857651,0.0017876437007430738,2.3855781852659437,2.38573441566769,2.383629193184818,2.383785423586564,0.0,-0.0,True,False
Q_A_topsis_0_1,10,0,8,0.001,0.0017527028877575752,2.3855781852659437,2.3859040701791514,2.3856167822788845,2.3859426671920922,0.0,-0.0,True,False
Q_A_topsis_0_1,10,0,9,0.00020415235305974928,0.0018539961270416761,2.3855781852659437,2.385644715437802,2.3847079227065504,2.3847744528784087,0.0,-0.0,True,False
Q_A_topsis_0_1,10,0,11,0.001,0.0017538132562699021,2.3855781852659437,2.3859040701791514,2.385772107657912,2.3860979925711194,-4.440892098500626e-16,4.440892098500626e-16,True,False
Q_A_topsis_0_1,10,0,12,0.001,0.0017350514160834726,2.3855781852659437,2.3859040701791514,2.3835857852064644,2.3839116701196725,4.440892098500626e-16,-4.440892098500626e-16,True,False
Q_A_topsis_0_1,10,0,13,0.001,0.0016770744098106622,2.3855781852659437,2.3859040701791514,2.3846093710024086,2.3849352559156163,0.0,-0.0,True,False
Q_A_topsis_0_1,10,0,14,0.001,0.0017247211119347126,2.3855781852659437,2.3859040701791514,2.383882865117704,2.384208750030912,4.440892098500626e-16,-4.440892098500626e-16,True,False
Q_A_topsis_0_1,10,0,15,0.001,0.0017500798582957527,2.3855781852659437,2.3859040701791514,2.3855656571400776,2.385891542053286,4.440892098500626e-16,-4.440892098500626e-16,True,False
Q_A_topsis_0_1,10,0,16,0.001,0.0017476548717696278,2.3855781852659437,2.3859040701791514,2.385775418439896,2.386101303353103,-4.440892098500626e-16,4.440892098500626e-16,True,False
Q_A_topsis_0_1,10,1,2,0.0004933444015894783,0.0017780919327771848,2.3855781852659437,2.3858145798283767,2.384616368707372,2.3848527632698056,4.440892098500626e-16,-4.440892098500626e-16,True,False
Q_A_topsis_0_1,10,1,3,0.001,0.001754433204426551,2.3855781852659437,2.3860573526826037,2.3858447206229574,2.386323888039617,-4.440892098500626e-16,4.440892098500626e-16,True,False
Q_A_topsis_0_1,10,1,4,0.001,0.0017504769197038631,2.3855781852659437,2.3860573526826037,2.385750890538092,2.386230057954752,0.0,-0.0,True,False
Q_A_topsis_0_1,10,1,5,0.001,0.0017312734382890702,2.3855781852659437,2.3860573526826037,2.384502336108808,2.3849815035254673,-4.440892098500626e-16,4.440892098500626e-16,True,False
Q_A_topsis_0_1,10,1,6,0.001,0.0017544949233718327,2.3855781852659437,2.3860573526826037,2.3861259000862125,2.3866050675028725,0.0,-0.0,True,False
Q_A_topsis_0_1,10,1,7,0.0004812503279737068,0.0017853004291246504,2.3855781852659437,2.3858087847423652,2.3836216854164545,2.3838522848928765,4.440892098500626e-16,-4.440892098500626e-16,True,False
Q_A_topsis_0_1,10,1,8,0.001,0.0017522499169359473,2.3855781852659437,2.3860573526826037,2.3856167822788845,2.386095949695544,-4.440892098500626e-16,4.440892098500626e-16,True,False
Q_A_topsis_0_1,10,1,9,0.0002037779948931156,0.0018534369083915347,2.3855781852659437,2.385675829041329,2.3847095185240432,2.3848071622994285,0.0,-0.0,True,False
Q_A_topsis_0_1,10,1,11,0.001,0.0017593602798044784,2.3855781852659437,2.3860573526826037,2.385772107657912,2.3862512750745717,-4.440892098500626e-16,4.440892098500626e-16,True,False
Q_A_topsis_0_1,10,1,12,0.001,0.0017367558809878944,2.3855781852659437,2.3860573526826037,2.3835857852064644,2.384064952623125,4.440892098500626e-16,-4.440892098500626e-16,True,False
Q_A_topsis_0_1,10,1,13,0.001,0.0016780891692469194,2.3855781852659437,2.3860573526826037,2.3846093710024086,2.3850885384190685,0.0,-0.0,True,False
Q_A_topsis_0_1,10,1,14,0.001,0.0017278055248225955,2.3855781852659437,2.3860573526826037,2.383882865117704,2.3843620325343644,4.440892098500626e-16,-4.440892098500626e-16,True,False
Q_A_topsis_0_1,10,1,15,0.001,0.0017500014042443387,2.3855781852659437,2.3860573526826037,2.3855656571400776,2.386044824556737,-4.440892098500626e-16,4.440892098500626e-16,True,False
Q_A_topsis_0_1,10,1,16,0.001,0.001747201900948,2.3855781852659437,2.3860573526826037,2.385775418439896,2.3862545858565554,-4.440892098500626e-16,4.440892098500626e-16,True,False
Q_A_topsis_0_1,10,2,3,0.0004980899594768466,0.0017769303858406933,2.3855781852659437,2.3846071168416554,2.3857109438511177,2.3847398754268294,0.0,-0.0,True,False
Q_A_topsis_0_1,10,2,4,0.0004956726049795063,0.00177321213545523,2.3855781852659437,2.3846118296783185,2.385663790538083,2.384697434950458,0.0,-0.0,True,False
Q_A_topsis_0_1,10,2,5,0.0005050765451345165,0.001756999921447965,2.3855781852659437,2.3845934959031143,2.3850347990905716,2.3840501097277422,0.0,-0.0,True,False
Q_A_topsis_0_1,10,2,6,0.0004968085673161528,0.00177785880512877,2.3855781852659437,2.3846096150238467,2.3858502946810995,2.384881724439002,-4.440892098500626e-16,4.440892098500626e-16,True,False
Q_A_topsis_0_1,10,2,7,0.0003144773321456874,0.0017974276809268144,2.3855781852659437,2.384965085159043,2.38429969293618,2.3836865928292794,0.0,-0.0,True,False
Q_A_topsis_0_1,10,2,8,0.0004980102965545141,0.0017773730576582515,2.3855781852659437,2.3846072721512472,2.3855974069758044,2.384626493861108,0.0,-0.0,True,False
Q_A_topsis_0_1,10,2,9,0.00019725006153955584,0.0018258338172537365,2.3855781852659437,2.3851936296193066,2.3847373458593775,2.38435279021274,-4.440892098500626e-16,4.440892098500626e-16,True,False
Q_A_topsis_0_1,10,2,11,0.000498083122711641,0.0017758982677474012,2.3855781852659437,2.384607130170506,2.385674774736499,2.3847037196410614,4.440892098500626e-16,-4.440892098500626e-16,True,False
Q_A_topsis_0_1,10,2,12,0.0004850310444333586,0.0017726587032075064,2.3855781852659437,2.3846325762989538,2.384611809384165,2.3836662004171756,4.440892098500626e-16,-4.440892098500626e-16,True,False
Q_A_topsis_0_1,10,2,13,0.00045961473135560575,0.0017591455526588399,2.3855781852659437,2.3846821275469203,2.3851329039584757,2.384236846239452,-4.440892098500626e-16,4.440892098500626e-16,True,False
Q_A_topsis_0_1,10,2,14,0.0004588231508765878,0.0017955837201853052,2.3855781852659437,2.384683670799889,2.384800333133784,2.383905818667729,0.0,-0.0,True,False
Q_A_topsis_0_1,10,2,15,0.0004619174352622515,0.0017866547306674124,2.3855781852659437,2.384677638231262,2.385572398306175,2.3846718512714937,4.440892098500626e-16,-4.440892098500626e-16,True,False
Q_A_topsis_0_1,10,2,16,0.000504036192084975,0.001771353293844993,2.3855781852659437,2.3845955241592103,2.3856775979238956,2.3846949368171617,-4.440892098500626e-16,4.440892098500626e-16,True,False
Q_A_topsis_0_1,10,3,4,0.001,0.0017533223878495635,2.3855781852659437,2.3858447206229574,2.385750890538092,2.3860174258951057,0.0,-0.0,True,False
Q_A_topsis_0_1,10,3,5,0.001,0.0017341189064347705,2.3855781852659437,2.3858447206229574,2.384502336108808,2.384768871465821,-4.440892098500626e-16,4.440892098500626e-16,True,False
Q_A_topsis_0_1,10,3,6,0.001,0.001755838015125744,2.3855781852659437,2.3858447206229574,2.3861259000862125,2.386392435443226,0.0,-0.0,True,False
Q_A_topsis_0_1,10,3,7,0.0004787594255901877,0.0017887809014978547,2.3855781852659437,2.385705791580367,2.3836318120591917,2.3837594183736153,0.0,-0.0,True,False
Q_A_topsis_0_1,10,3,8,0.001,0.0017550953850816477,2.3855781852659437,2.3858447206229574,2.3856167822788845,2.385883317635898,-4.440892098500626e-16,4.440892098500626e-16,True,False
Q_A_topsis_0_1,10,3,9,0.00020181908172795353,0.0018549167276673297,2.3855781852659437,2.385631977186944,2.384717868997399,2.3847716609183998,4.440892098500626e-16,-4.440892098500626e-16,True,False
Q_A_topsis_0_1,10,3,11,0.001,0.0017583359279323885,2.3855781852659437,2.3858447206229574,2.385772107657912,2.386038643014926,0.0,-0.0,True,False
Q_A_topsis_0_1,10,3,12,0.001,0.0017380989727418057,2.3855781852659437,2.3858447206229574,2.3835857852064644,2.383852320563478,0.0,-0.0,True,False
Q_A_topsis_0_1,10,3,13,0.001,0.0016801219664689952,2.3855781852659437,2.3858447206229574,2.3846093710024086,2.3848759063594223,0.0,-0.0,True,False
Q_A_topsis_0_1,10,3,14,0.001,0.0017274679588246058,2.3855781852659437,2.3858447206229574,2.383882865117704,2.3841494004747177,0.0,-0.0,True,False
Q_A_topsis_0_1,10,3,15,0.001,0.0017528468723900389,2.3855781852659437,2.3858447206229574,2.3855656571400776,2.3858321924970913,0.0,-0.0,True,False
Q_A_topsis_0_1,10,3,16,0.001,0.0017500473690937003,2.3855781852659437,2.3858447206229574,2.385775418439896,2.386041953796909,-4.440892098500626e-16,4.440892098500626e-16,True,False
Q_A_topsis_0_1,10,4,5,0.001,0.0017301626217120828,2.3855781852659437,2.385750890538092,2.384502336108808,2.384675041380956,0.0,-0.0,True,False
Q_A_topsis_0_1,10,4,6,0.001,0.0017508023476595419,2.3855781852659437,2.385750890538092,2.3861259000862125,2.3862986053583612,4.440892098500626e-16,-4.440892098500626e-16,True,False
Q_A_topsis_0_1,10,4,7,0.00047854395671417105,0.0017871717401470313,2.3855781852659437,2.385660832330223,2.3836326880374488,2.383715335101728,0.0,-0.0,True,False
Q_A_topsis_0_1,10,4,8,0.001,0.00175113910035896,2.3855781852659437,2.385750890538092,2.3856167822788845,2.385789487551033,0.0,-0.0,True,False
Q_A_topsis_0_1,10,4,9,0.0002043680616769187,0.0018543902655899038,2.3855781852659437,2.385613480707654,2.3847070031818403,2.384742298623551,4.440892098500626e-16,-4.440892098500626e-16,True,False
Q_A_topsis_0_1,10,4,11,0.001,0.0017527078381085054,2.3855781852659437,2.385750890538092,2.385772107657912,2.38594481293006,-4.440892098500626e-16,4.440892098500626e-16,True,False
Q_A_topsis_0_1,10,4,12,0.001,0.0017330633052756036,2.3855781852659437,2.385750890538092,2.3835857852064644,2.383758490478613,4.440892098500626e-16,-4.440892098500626e-16,True,False
Q_A_topsis_0_1,10,4,13,0.0009698431149653711,0.0016834710801439435,2.3855781852659437,2.3857456822850547,2.384638587422774,2.3848060844418852,4.440892098500626e-16,-4.440892098500626e-16,True,False
Q_A_topsis_0_1,10,4,14,0.001,0.0017266947082456082,2.3855781852659437,2.385750890538092,2.383882865117704,2.3840555703898527,4.440892098500626e-16,-4.440892098500626e-16,True,False
Q_A_topsis_0_1,10,4,15,0.001,0.0017483744585303604,2.3855781852659437,2.385750890538092,2.3855656571400776,2.385738362412226,0.0,-0.0,True,False
Q_A_topsis_0_1,10,4,16,0.001,0.0017460910843710127,2.3855781852659437,2.385750890538092,2.385775418439896,2.3859481237120437,-4.440892098500626e-16,4.440892098500626e-16,True,False
Q_A_topsis_0_1,10,5,6,0.001,0.0017357747452741198,2.3855781852659437,2.384502336108808,2.3861259000862125,2.3850500509290766,0.0,-0.0,True,False
Q_A_topsis_0_1,10,5,7,0.0004744449616161041,0.0017883119575687564,2.3855781852659437,2.3850677540538814,2.383649352303063,2.383138921091001,4.440892098500626e-16,-4.440892098500626e-16,True,False
Q_A_topsis_0_1,10,5,8,0.001,0.0017319356189441672,2.3855781852659437,2.384502336108808,2.3856167822788845,2.3845409331217486,0.0,-0.0,True,False
Q_A_topsis_0_1,10,5,9,0.0002048085119671216,0.0018478651996581036,2.3855781852659437,2.38535784220097,2.3847051256262253,2.384484782561251,-4.440892098500626e-16,4.440892098500626e-16,True,False
Q_A_topsis_0_1,10,5,11,0.001,0.001739045981812698,2.3855781852659437,2.384502336108808,2.385772107657912,2.3846962585007763,0.0,-0.0,True,False
Q_A_topsis_0_1,10,5,12,0.001,0.001716648101795986,2.3855781852659437,2.384502336108808,2.3835857852064644,2.3825099360493285,0.0,-0.0,True,False
Q_A_topsis_0_1,10,5,13,0.0009199080097523041,0.0016814300508862282,2.3855781852659437,2.384588503009009,2.3846869652649554,2.3836972830080203,-4.440892098500626e-16,4.440892098500626e-16,True,False
Q_A_topsis_0_1,10,5,14,0.0009060109311253642,0.0017276420528597927,2.3855781852659437,2.384603454169336,2.3840422066798816,2.3830674755832746,4.440892098500626e-16,-4.440892098500626e-16,True,False
Q_A_topsis_0_1,10,5,15,0.001,0.0017296871062525583,2.3855781852659437,2.384502336108808,2.3855656571400776,2.3844898079829417,0.0,-0.0,True,False
Q_A_topsis_0_1,10,5,16,0.001,0.0017268876029562198,2.385578185265944,2.3845023361088082,2.385775418439896,2.3846995692827595,-4.440892098500626e-16,4.440892098500626e-16,True,False
Q_A_topsis_0_1,10,6,7,0.00046166164126896646,0.0017923139641965386,2.3855781852659437,2.3858310441888166,2.3837013222714587,2.3839541811943317,0.0,-0.0,True,False
Q_A_topsis_0_1,10,6,8,0.001,0.0017549917974487128,2.3855781852659437,2.386125900086213,2.3856167822788845,2.386164497099154,0.0,-0.0,True,False
Q_A_topsis_0_1,10,6,9,0.00020411903920150394,0.0018533355437442612,2.3855781852659437,2.3856899842888133,2.384708064717177,2.384819863740047,4.440892098500626e-16,-4.440892098500626e-16,True,False
Q_A_topsis_0_1,10,6,11,0.001,0.0017555579098509095,2.3855781852659437,2.386125900086213,2.385772107657912,2.386319822478181,-4.440892098500626e-16,4.440892098500626e-16,True,False
Q_A_topsis_0_1,10,6,12,0.001,0.0017346152417131854,2.3855781852659437,2.386125900086213,2.3835857852064644,2.384133500026733,-4.440892098500626e-16,4.440892098500626e-16,True,False
Q_A_topsis_0_1,10,6,13,0.001,0.001676638235440375,2.3855781852659437,2.386125900086213,2.3846093710024086,2.385157085822678,0.0,-0.0,True,False
Q_A_topsis_0_1,10,6,14,0.001,0.0017262703102771202,2.3855781852659437,2.386125900086213,2.383882865117704,2.3844305799379732,0.0,-0.0,True,False
Q_A_topsis_0_1,10,6,15,0.001,0.0017499263949679422,2.3855781852659437,2.386125900086213,2.3855656571400776,2.386113371960347,0.0,-0.0,True,False
Q_A_topsis_0_1,10,6,16,0.001,0.0017501967142717078,2.3855781852659437,2.386125900086213,2.385775418439896,2.3863231332601647,-4.440892098500626e-16,4.440892098500626e-16,True,False
Q_A_topsis_0_1,10,7,8,0.00048177840638842577,0.0017865288766722635,2.3855781852659437,2.3836195385392913,2.3855967804733296,2.3836381337466777,4.440892098500626e-16,-4.440892098500626e-16,True,False
Q_A_topsis_0_1,10,7,9,0.00018698830367420378,0.001844900540238062,2.3855781852659437,2.384817993393379,2.3847810897767507,2.3840208979041857,-4.440892098500626e-16,4.440892098500626e-16,True,False
Q_A_topsis_0_1,10,7,11,0.0004802014006030818,0.0017863831978708706,2.3855781852659437,2.383625949779767,2.3856713070701754,2.383719071583999,0.0,-0.0,True,False
Q_A_topsis_0_1,10,7,12,0.0004858792445405099,0.0017669019487033771,2.3855781852659437,2.3836028667808304,2.3846101194302216,2.3826348009451084,0.0,-0.0,True,False
Q_A_topsis_0_1,10,7,13,0.0004752983804234408,0.0017583331673213787,2.3855781852659437,2.3836458827703253,2.385117709415554,2.383185406919936,4.440892098500626e-16,-4.440892098500626e-16,True,False
Q_A_topsis_0_1,10,7,14,0.0004457596755615443,0.0017913290251107652,2.3855781852659437,2.383765970941194,2.3848224799066915,2.383010265581942,0.0,-0.0,True,False
Q_A_topsis_0_1,10,7,15,0.00047855889122519853,0.0017882947065260976,2.3855781852659437,2.383632627321919,2.3855721898199205,2.383626631875895,-4.440892098500626e-16,4.440892098500626e-16,True,False
Q_A_topsis_0_1,10,7,16,0.00048154822886526804,0.0017949329050338477,2.3855781852659437,2.38362047431484,2.3856731625515337,2.3837154516004295,-4.440892098500626e-16,4.440892098500626e-16,True,False
Q_A_topsis_0_1,10,8,9,0.00020371508390179877,0.001853669689783972,2.3855781852659437,2.3855860480596736,2.384709786701605,2.384717649495335,0.0,-0.0,True,False
Q_A_topsis_0_1,10,8,11,0.001,0.0017565396858798413,2.3855781852659437,2.3856167822788845,2.385772107657912,2.3858107046708525,-4.440892098500626e-16,4.440892098500626e-16,True,False
Q_A_topsis_0_1,10,8,12,0.001,0.0017372527550647745,2.3855781852659437,2.3856167822788845,2.3835857852064644,2.3836243822194056,4.440892098500626e-16,-4.440892098500626e-16,True,False
Q_A_topsis_0_1,10,8,13,0.001,0.0016787513499020162,2.3855781852659437,2.3856167822788845,2.3846093710024086,2.3846479680153494,0.0,-0.0,True,False
Q_A_topsis_0_1,10,8,14,0.001,0.00172577738486289,2.3855781852659437,2.3856167822788845,2.383882865117704,2.3839214621306453,4.440892098500626e-16,-4.440892098500626e-16,True,False
Q_A_topsis_0_1,10,8,15,0.001,0.0017506635848994355,2.3855781852659437,2.3856167822788845,2.3855656571400776,2.3856042541530185,0.0,-0.0,True,False
Q_A_topsis_0_1,10,8,16,0.001,0.001747864081603097,2.3855781852659437,2.3856167822788845,2.385775418439896,2.3858140154528362,-4.440892098500626e-16,4.440892098500626e-16,True,False
Q_A_topsis_0_1,10,9,11,0.00020421875039644728,0.0018538478994782489,2.3855781852659437,2.3847076396673628,2.385617787854505,2.384747242255924,0.0,-0.0,True,False
Q_A_topsis_0_1,10,9,12,0.000194098590917507,0.001852533564574544,2.3855781852659437,2.3847507799778107,2.385191463221855,2.3843640579337215,-4.440892098500626e-16,4.440892098500626e-16,True,False
Q_A_topsis_0_1,10,9,13,0.0002014403344387648,0.0018404402500491043,2.3855781852659437,2.3847194835248846,2.385383026996688,2.384524325255629,0.0,-0.0,True,False
Q_A_topsis_0_1,10,9,14,0.0001895062464050626,0.0018551186398847476,2.3855781852659437,2.384770356266935,2.385256911508196,2.3844490825091875,0.0,-0.0,True,False
Q_A_topsis_0_1,10,9,15,0.00020463741155871885,0.0018540911891421646,2.3855781852659437,2.3847058549946456,2.385575621542695,2.3847032912713972,4.440892098500626e-16,-4.440892098500626e-16,True,False
Q_A_topsis_0_1,10,9,16,0.0002043767602769487,0.0018518729332772117,2.3855781852659437,2.384706966101367,2.385618495143055,2.3847472759784782,0.0,-0.0,True,False
Q_A_topsis_0_1,10,11,12,0.001,0.0017402511752116143,2.3855781852659437,2.385772107657912,2.3835857852064644,2.383779707598433,0.0,-0.0,True,False
Q_A_topsis_0_1,10,11,13,0.0009753434593920313,0.0016910045748400866,2.3855781852659437,2.3857673262025796,2.384633258610639,2.384822399547275,0.0,-0.0,True,False
Q_A_topsis_0_1,10,11,14,0.001,0.0017248081634464024,2.3855781852659437,2.385772107657912,2.383882865117704,2.384076787509673,4.440892098500626e-16,-4.440892098500626e-16,True,False
Q_A_topsis_0_1,10,11,15,0.001,0.0017517070740326564,2.3855781852659437,2.385772107657912,2.3855656571400776,2.3857595795320456,-4.440892098500626e-16,4.440892098500626e-16,True,False
Q_A_topsis_0_1,10,11,16,0.001,0.0017500792764276042,2.3855781852659437,2.385772107657912,2.385775418439896,2.385969340831864,-4.440892098500626e-16,4.440892098500626e-16,True,False
Q_A_topsis_0_1,10,12,13,0.0008635885946776421,0.0016990349488637127,2.3855781852659437,2.3838575712985426,2.3847415283175937,2.383020914350192,-4.440892098500626e-16,4.440892098500626e-16,True,False
Q_A_topsis_0_1,10,12,14,0.001,0.0017131801883295114,2.3855781852659437,2.3835857852064644,2.383882865117704,2.381890465058225,4.440892098500626e-16,-4.440892098500626e-16,True,False
Q_A_topsis_0_1,10,12,15,0.001,0.001732187352584004,2.3855781852659437,2.3835857852064644,2.3855656571400776,2.3835732570805988,4.440892098500626e-16,-4.440892098500626e-16,True,False
Q_A_topsis_0_1,10,12,16,0.001,0.0017309636580299503,2.3855781852659437,2.3835857852064644,2.385775418439896,2.3837830183804165,0.0,-0.0,True,False
Q_A_topsis_0_1,10,13,14,0.0005717210407720413,0.0017822844379054715,2.3855781852659437,2.3850242937668806,2.3846089350663506,2.3840550435672876,0.0,-0.0,True,False
Q_A_topsis_0_1,10,13,15,0.001,0.0016742103463111935,2.3855781852659437,2.3846093710024086,2.3855656571400776,2.3845968428765425,0.0,-0.0,True,False
Q_A_topsis_0_1,10,13,16,0.001,0.001673703333914069,2.3855781852659437,2.3846093710024086,2.385775418439896,2.3848066041763603,-4.440892098500626e-16,4.440892098500626e-16,True,False
Q_A_topsis_0_1,10,14,15,0.001,0.0017262191927860837,2.3855781852659437,2.383882865117704,2.3855656571400776,2.3838703369918384,4.440892098500626e-16,-4.440892098500626e-16,True,False
Q_A_topsis_0_1,10,14,16,0.001,0.0017160378407768792,2.3855781852659437,2.383882865117704,2.385775418439896,2.384080098291656,0.0,-0.0,True,False
Q_A_topsis_0_1,10,15,16,0.001,0.0017456155689114883,2.3855781852659437,2.3855656571400776,2.385775418439896,2.3857628903140293,-4.440892098500626e-16,4.440892098500626e-16,True,False
Q_A_topsis_0_1,11,0,1,0.001,0.0018793064588020713,2.3855781852659437,2.3857101477871834,2.385863430290635,2.385995392811875,0.0,-0.0,True,False
Q_A_topsis_0_1,11,0,2,0.0005156482544246566,0.0018474530705933046,2.3855781852659437,2.3856462315096705,2.384472889720487,2.384540935964214,0.0,-0.0,True,False
Q_A_topsis_0_1,11,0,3,0.001,0.0018785232461969075,2.3855781852659437,2.3857101477871834,2.385650798230989,2.3857827607522286,0.0,-0.0,True,False
Q_A_topsis_0_1,11,0,4,0.001,0.0018782176516551603,2.3855781852659437,2.3857101477871834,2.385556968146124,2.3856889306673636,0.0,-0.0,True,False
Q_A_topsis_0_1,11,0,5,0.001,0.0018693011393404871,2.3855781852659437,2.3857101477871834,2.3843084137168393,2.384440376238079,0.0,-0.0,True,False
Q_A_topsis_0_1,11,0,6,0.001,0.0018779166307011294,2.3855781852659437,2.3857101477871834,2.3859319776942445,2.386063940215484,0.0,-0.0,True,False
Q_A_topsis_0_1,11,0,7,0.0004932169663849543,0.0018348565145497621,2.3855781852659437,2.385643271420346,2.383477389814949,2.3835424759693513,0.0,-0.0,True,False
Q_A_topsis_0_1,11,0,8,0.001,0.0018787871873546344,2.3855781852659437,2.3857101477871834,2.385422859886916,2.3855548224081558,0.0,-0.0,True,False
Q_A_topsis_0_1,11,0,9,0.00020611924858370554,0.0018793032127427522,2.3855781852659437,2.3856053852816625,2.384659567068205,2.3846867670839242,4.440892098500626e-16,-4.440892098500626e-16,True,False
Q_A_topsis_0_1,11,0,10,0.001,0.0018726630563863714,2.3855781852659437,2.3857101477871834,2.385384262873975,2.385516225395215,0.0,-0.0,True,False
Q_A_topsis_0_1,11,0,12,0.001,0.0018587999178433397,2.3855781852659437,2.3857101477871834,2.3833918628144963,2.3835238253357356,-4.440892098500626e-16,4.440892098500626e-16,True,False
Q_A_topsis_0_1,11,0,13,0.001,0.0018340362703862254,2.3855781852659437,2.3857101477871834,2.3844154486104405,2.3845474111316793,-8.881784197001252e-16,8.881784197001252e-16,True,False
Q_A_topsis_0_1,11,0,14,0.001,0.0018448016773508233,2.3855781852659437,2.3857101477871834,2.383688942725736,2.383820905246975,-4.440892098500626e-16,4.440892098500626e-16,True,False
Q_A_topsis_0_1,11,0,15,0.001,0.0018768813855836912,2.3855781852659437,2.3857101477871834,2.385371734748109,2.385503697269349,0.0,-0.0,True,False
Q_A_topsis_0_1,11,0,16,0.001,0.0018741911916429809,2.3855781852659437,2.3857101477871834,2.385581496047927,2.385713458569167,4.440892098500626e-16,-4.440892098500626e-16,True,False
Q_A_topsis_0_1,11,1,2,0.0005133296347379946,0.0018471803488176463,2.3855781852659437,2.3857246099902794,2.384477859697578,2.3846242844219137,0.0,-0.0,True,False
Q_A_topsis_0_1,11,1,3,0.001,0.001879003655231138,2.3855781852659437,2.385863430290635,2.385650798230989,2.385936043255681,4.440892098500626e-16,-4.440892098500626e-16,True,False
Q_A_topsis_0_1,11,1,4,0.001,0.0018787551099961658,2.3855781852659437,2.385863430290635,2.385556968146124,2.3858422131708155,0.0,-0.0,True,False
Q_A_topsis_0_1,11,1,5,0.001,0.0018697815483747174,2.3855781852659437,2.385863430290635,2.3843084137168393,2.3845936587415313,4.440892098500626e-16,-4.440892098500626e-16,True,False
Q_A_topsis_0_1,11,1,6,0.001,0.00187839703973536,2.3855781852659437,2.385863430290635,2.3859319776942445,2.386217222718936,0.0,-0.0,True,False
Q_A_topsis_0_1,11,1,7,0.0004929559886726816,0.0018370116169270099,2.3855781852659437,2.3857187985091044,2.3834785014165933,2.3836191146597536,-4.440892098500626e-16,4.440892098500626e-16,True,False
Q_A_topsis_0_1,11,1,8,0.001,0.0018792675963888647,2.3855781852659437,2.385863430290635,2.385422859886916,2.3857081049116076,0.0,-0.0,True,False
Q_A_topsis_0_1,11,1,9,0.000205737648940183,0.0018787012020452286,2.3855781852659437,2.3856368709066955,2.384661267755449,2.3847199533962007,0.0,-0.0,True,False
Q_A_topsis_0_1,11,1,10,0.001,0.001874218881817061,2.3855781852659437,2.385863430290635,2.385384262873975,2.385669507898667,4.440892098500626e-16,-4.440892098500626e-16,True,False
Q_A_topsis_0_1,11,1,12,0.001,0.0018603557432740293,2.3855781852659437,2.385863430290635,2.3833918628144963,2.3836771078391874,-4.440892098500626e-16,4.440892098500626e-16,True,False
Q_A_topsis_0_1,11,1,13,0.001,0.0018339927014305992,2.3855781852659437,2.385863430290635,2.3844154486104405,2.3847006936351316,-4.440892098500626e-16,4.440892098500626e-16,True,False
Q_A_topsis_0_1,11,1,14,0.001,0.0018477256905980576,2.3855781852659437,2.385863430290635,2.383688942725736,2.383974187750427,-4.440892098500626e-16,4.440892098500626e-16,True,False
Q_A_topsis_0_1,11,1,15,0.001,0.0018777099828691003,2.3855781852659437,2.385863430290635,2.385371734748109,2.3856569797728007,0.0,-0.0,True,False
Q_A_topsis_0_1,11,1,16,0.001,0.0018746716006772114,2.3855781852659437,2.385863430290635,2.385581496047927,2.385866741072619,4.440892098500626e-16,-4.440892098500626e-16,True,False
Q_A_topsis_0_1,11,2,3,0.0005184546502167023,0.0018465119738737402,2.3855781852659437,2.3844668741919923,2.3856158317953375,2.3845045207213866,4.440892098500626e-16,-4.440892098500626e-16,True,False
Q_A_topsis_0_1,11,2,4,0.0005158507704059836,0.0018472006162965297,2.3855781852659437,2.384472455626102,2.3855672403983386,2.384461510758497,4.440892098500626e-16,-4.440892098500626e-16,True,False
Q_A_topsis_0_1,11,2,5,0.0005110957478407589,0.0018452837880740297,2.3855781852659437,2.384482648049357,2.384929210426467,2.383833673209881,4.440892098500626e-16,-4.440892098500626e-16,True,False
Q_A_topsis_0_1,11,2,6,0.0005170812170465211,0.0018454681604914622,2.3855781852659437,2.384469818155347,2.3857611246853514,2.384652757574755,0.0,-0.0,True,False
Q_A_topsis_0_1,11,2,7,0.0003258791037155961,0.0018427040925988705,2.3855781852659437,2.384879661187556,2.384190144331996,2.383491620253608,-4.440892098500626e-16,4.440892098500626e-16,True,False
Q_A_topsis_0_1,11,2,8,0.0005183831507461849,0.00184555147517617,2.3855781852659437,2.3844670274515947,2.3854976672065726,2.384386509392223,-4.440892098500626e-16,4.440892098500626e-16,True,False
Q_A_topsis_0_1,11,2,9,0.00019692256355718473,0.0018616400602198063,2.3855781852659437,2.385156080409713,2.384700554226281,2.38427844937005,0.0,-0.0,True,False
Q_A_topsis_0_1,11,2,10,0.0005080683193920412,0.0018428631368544927,2.3855781852659437,2.3844891373628565,2.385479659442164,2.384390611539077,0.0,-0.0,True,False
Q_A_topsis_0_1,11,2,12,0.0004574327327869109,0.0018473309522331325,2.3855781852659437,2.3845976750876257,2.384578089812225,2.3835975796339066,-4.440892098500626e-16,4.440892098500626e-16,True,False
Q_A_topsis_0_1,11,2,13,0.00046899468569013735,0.0018290076529307627,2.3855781852659437,2.3845728919628284,2.3850328679536554,2.38402757465054,0.0,-0.0,True,False
Q_A_topsis_0_1,11,2,14,0.0004588231508765878,0.0018590982536791268,2.3855781852659437,2.3845946947169803,2.384711357050876,2.383727866501912,-4.440892098500626e-16,4.440892098500626e-16,True,False
Q_A_topsis_0_1,11,2,15,0.0004793924780787223,0.0018519139695759154,2.3855781852659437,2.384550604224024,2.3854792144405983,2.3844516333986783,-4.440892098500626e-16,4.440892098500626e-16,True,False
Q_A_topsis_0_1,11,2,16,0.0005121654783729103,0.001845986326219937,2.3855781852659437,2.3844803550746754,2.385579880934182,2.3844820507429136,0.0,-0.0,True,False
Q_A_topsis_0_1,11,3,4,0.001,0.001877971897391002,2.3855781852659437,2.385650798230989,2.385556968146124,2.385629581111169,0.0,-0.0,True,False
Q_A_topsis_0_1,11,3,5,0.001,0.0018689983357695536,2.3855781852659437,2.385650798230989,2.3843084137168393,2.384381026681885,4.440892098500626e-16,-4.440892098500626e-16,True,False
Q_A_topsis_0_1,11,3,6,0.001,0.0018776138271301961,2.3855781852659437,2.385650798230989,2.3859319776942445,2.3860045906592897,0.0,-0.0,True,False
Q_A_topsis_0_1,11,3,7,0.0004925351577482149,0.0018363115635565022,2.3855781852659437,2.385613949704137,2.3834802938928297,2.383516058331023,0.0,-0.0,True,False
Q_A_topsis_0_1,11,3,8,0.001,0.001878484383783701,2.3855781852659437,2.385650798230989,2.385422859886916,2.3854954728519613,0.0,-0.0,True,False
Q_A_topsis_0_1,11,3,9,0.0002037410629708481,0.0018801677993265813,2.3855781852659437,2.3855929795086275,2.3846701660035134,2.3846849602461972,0.0,-0.0,True,False
Q_A_topsis_0_1,11,3,10,0.001,0.0018727637362116552,2.3855781852659437,2.385650798230989,2.385384262873975,2.385456875839021,4.440892098500626e-16,-4.440892098500626e-16,True,False
Q_A_topsis_0_1,11,3,12,0.001,0.0018589005976686235,2.3855781852659437,2.385650798230989,2.3833918628144963,2.3834644757795416,0.0,-0.0,True,False
Q_A_topsis_0_1,11,3,13,0.001,0.0018353601454543505,2.3855781852659437,2.385650798230989,2.3844154486104405,2.3844880615754853,-4.440892098500626e-16,4.440892098500626e-16,True,False
Q_A_topsis_0_1,11,3,14,0.001,0.001847993425491168,2.3855781852659437,2.385650798230989,2.383688942725736,2.383761555690781,0.0,-0.0,True,False
Q_A_topsis_0_1,11,3,15,0.001,0.0018769267702639365,2.3855781852659437,2.385650798230989,2.3853717347481096,2.3854443477131544,-4.440892098500626e-16,4.440892098500626e-16,True,False
Q_A_topsis_0_1,11,3,16,0.001,0.0018738883880720476,2.3855781852659437,2.385650798230989,2.385581496047927,2.3856541090129726,4.440892098500626e-16,-4.440892098500626e-16,True,False
Q_A_topsis_0_1,11,4,5,0.001,0.001868163709053099,2.3855781852659437,2.385556968146124,2.3843084137168393,2.3842871965970196,0.0,-0.0,True,False
Q_A_topsis_0_1,11,4,6,0.001,0.001877365281895224,2.3855781852659437,2.385556968146124,2.3859319776942445,2.3859107605744247,0.0,-0.0,True,False
Q_A_topsis_0_1,11,4,7,0.0004923071137112722,0.001833861321996534,2.3855781852659437,2.3855677399269237,2.3834812652176383,2.3834708198786183,0.0,-0.0,True,False
Q_A_topsis_0_1,11,4,8,0.001,0.0018782358385487287,2.3855781852659437,2.385556968146124,2.385422859886916,2.3854016427670963,0.0,-0.0,True,False
Q_A_topsis_0_1,11,4,9,0.00020603495184768006,0.001878875700205315,2.3855781852659437,2.3855738137976834,2.384659942756144,2.384655571287884,4.440892098500626e-16,-4.440892098500626e-16,True,False
Q_A_topsis_0_1,11,4,10,0.001,0.0018720014743611772,2.3855781852659437,2.385556968146124,2.385384262873975,2.385363045754156,4.440892098500626e-16,-4.440892098500626e-16,True,False
Q_A_topsis_0_1,11,4,12,0.001,0.0018581383358181455,2.3855781852659437,2.385556968146124,2.3833918628144963,2.383370645694676,-4.440892098500626e-16,4.440892098500626e-16,True,False
Q_A_topsis_0_1,11,4,13,0.001,0.0018329263232462261,2.3855781852659437,2.385556968146124,2.3844154486104405,2.38439423149062,-8.881784197001252e-16,8.881784197001252e-16,True,False
Q_A_topsis_0_1,11,4,14,0.001,0.0018444764078202301,2.3855781852659437,2.385556968146124,2.383688942725736,2.3836677256059158,-4.440892098500626e-16,4.440892098500626e-16,True,False
Q_A_topsis_0_1,11,4,15,0.001,0.0018762198035584968,2.3855781852659437,2.385556968146124,2.3853717347481096,2.3853505176282894,-4.440892098500626e-16,4.440892098500626e-16,True,False
Q_A_topsis_0_1,11,4,16,0.001,0.0018736398428370754,2.3855781852659437,2.385556968146124,2.385581496047927,2.385560278928107,0.0,-0.0,True,False
Q_A_topsis_0_1,11,5,6,0.001,0.0018683917202737758,2.3855781852659437,2.3843084137168393,2.3859319776942445,2.38466220614514,0.0,-0.0,True,False
Q_A_topsis_0_1,11,5,7,0.0004744449616161041,0.0018475711635949832,2.3855781852659437,2.3849757485520677,2.383557346801249,2.3829549100873737,4.440892098500626e-16,-4.440892098500626e-16,True,False
Q_A_topsis_0_1,11,5,8,0.001,0.0018692622769272806,2.3855781852659437,2.3843084137168393,2.385422859886916,2.384153088337812,4.440892098500626e-16,-4.440892098500626e-16,True,False
Q_A_topsis_0_1,11,5,9,0.00020542365118269703,0.0018745475291044678,2.3855781852659437,2.3853173441581585,2.3846626671592213,2.384401826051436,0.0,-0.0,True,False
Q_A_topsis_0_1,11,5,10,0.001,0.0018644532354534877,2.3855781852659437,2.3843084137168393,2.385384262873975,2.3841144913248713,4.440892098500626e-16,-4.440892098500626e-16,True,False
Q_A_topsis_0_1,11,5,12,0.001,0.001844689525873146,2.3855781852659437,2.3843084137168393,2.3833918628144963,2.3821220912653915,-4.440892098500626e-16,4.440892098500626e-16,True,False
Q_A_topsis_0_1,11,5,13,0.0009953482097223504,0.0018197952969795342,2.3855781852659437,2.3843143204277863,2.3844208574175094,2.383156992579352,0.0,-0.0,True,False
Q_A_topsis_0_1,11,5,14,0.0009282453144486884,0.001845018703798139,2.3855781852659437,2.384399525775067,2.3838245047301387,2.3826458452392623,0.0,-0.0,True,False
Q_A_topsis_0_1,11,5,15,0.001,0.001867704663407516,2.3855781852659437,2.3843084137168393,2.3853717347481096,2.3841019631990052,0.0,-0.0,True,False
Q_A_topsis_0_1,11,5,16,0.001,0.0018646662812156272,2.3855781852659437,2.3843084137168393,2.385581496047927,2.384311724498823,4.440892098500626e-16,-4.440892098500626e-16,True,False
Q_A_topsis_0_1,11,6,7,0.0004744578569228991,0.0018395440773775746,2.3855781852659437,2.3857460448632706,2.383557291875317,2.383725151472644,0.0,-0.0,True,False
Q_A_topsis_0_1,11,6,8,0.001,0.0018778777682879229,2.3855781852659437,2.3859319776942445,2.385422859886916,2.385776652315217,0.0,-0.0,True,False
Q_A_topsis_0_1,11,6,9,0.00020608528976520353,0.0018786832985456562,2.3855781852659437,2.385651096681047,2.384659718413549,2.3847326298286524,0.0,-0.0,True,False
Q_A_topsis_0_1,11,6,10,0.001,0.001872385793422689,2.3855781852659437,2.3859319776942445,2.385384262873975,2.385738055302276,0.0,-0.0,True,False
Q_A_topsis_0_1,11,6,12,0.001,0.001858522654879657,2.3855781852659437,2.3859319776942445,2.3833918628144963,2.3837456552427967,-4.440892098500626e-16,4.440892098500626e-16,True,False
Q_A_topsis_0_1,11,6,13,0.001,0.0018331226890938893,2.3855781852659437,2.3859319776942445,2.3844154486104405,2.384769241038741,-4.440892098500626e-16,4.440892098500626e-16,True,False
Q_A_topsis_0_1,11,6,14,0.001,0.001851603644932973,2.3855781852659437,2.3859319776942445,2.383688942725736,2.3840427351540363,-4.440892098500626e-16,4.440892098500626e-16,True,False
Q_A_topsis_0_1,11,6,15,0.001,0.0018763201547681585,2.3855781852659437,2.3859319776942445,2.3853717347481096,2.38572552717641,-4.440892098500626e-16,4.440892098500626e-16,True,False
Q_A_topsis_0_1,11,6,16,0.001,0.0018732817725762695,2.3855781852659437,2.3859319776942445,2.385581496047927,2.3859352884762277,0.0,-0.0,True,False
Q_A_topsis_0_1,11,7,8,0.0004924031365207104,0.0018390709150289226,2.3855781852659437,2.3834808562205945,2.3855017025621295,2.38340437351678,-4.440892098500626e-16,4.440892098500626e-16,True,False
Q_A_topsis_0_1,11,7,9,0.00018669396947119455,0.0018785052987004122,2.3855781852659437,2.384782985853669,2.3847461403262176,2.3839509409139423,-4.440892098500626e-16,4.440892098500626e-16,True,False
Q_A_topsis_0_1,11,7,10,0.00048703283313126193,0.0018447706319462281,2.3855781852659437,2.3835037303504394,2.3854837386939756,2.3834092837784713,0.0,-0.0,True,False
Q_A_topsis_0_1,11,7,12,0.0004858792445405099,0.0018136898362062573,2.3855781852659437,2.3835086439155213,2.3845158965649125,2.38244635521449,0.0,-0.0,True,False
Q_A_topsis_0_1,11,7,13,0.0004752983804234407,0.0018180051498342252,2.3855781852659437,2.383553711771495,2.385025538416724,2.3830010649222753,0.0,-0.0,True,False
Q_A_topsis_0_1,11,7,14,0.0004640445899775415,0.0018291308364292358,2.3855781852659437,2.383601645872279,2.3847014924860046,2.3827249530923402,4.440892098500626e-16,-4.440892098500626e-16,True,False
Q_A_topsis_0_1,11,7,15,0.0004923229196374051,0.0018369246330488217,2.3855781852659437,2.383481197894289,2.3854765449442428,2.3833795575725887,4.440892098500626e-16,-4.440892098500626e-16,True,False
Q_A_topsis_0_1,11,7,16,0.0004926438107742593,0.0018332626948633713,2.3855781852659437,2.3834798310989713,2.385579816302197,2.3834814621352245,0.0,-0.0,True,False
Q_A_topsis_0_1,11,8,9,0.00020567352234001713,0.0018789350071350226,2.3855781852659437,2.3855462389481303,2.3846615535505036,2.38462960723269,-4.440892098500626e-16,4.440892098500626e-16,True,False
Q_A_topsis_0_1,11,8,10,0.001,0.0018735593450667225,2.3855781852659437,2.385422859886916,2.385384262873975,2.385228937494948,4.440892098500626e-16,-4.440892098500626e-16,True,False
Q_A_topsis_0_1,11,8,12,0.001,0.0018596962065236908,2.3855781852659437,2.385422859886916,2.3833918628144963,2.3832365374354687,0.0,-0.0,True,False
Q_A_topsis_0_1,11,8,13,0.001,0.0018345439878134375,2.3855781852659437,2.385422859886916,2.3844154486104405,2.384260123231413,0.0,-0.0,True,False
Q_A_topsis_0_1,11,8,14,0.001,0.0018469933437677848,2.3855781852659437,2.385422859886916,2.383688942725736,2.3835336173467088,4.440892098500626e-16,-4.440892098500626e-16,True,False
Q_A_topsis_0_1,11,8,15,0.001,0.0018771907114216633,2.3855781852659437,2.385422859886916,2.3853717347481096,2.385216409369082,0.0,-0.0,True,False
Q_A_topsis_0_1,11,8,16,0.001,0.0018741523292297745,2.3855781852659437,2.385422859886916,2.385581496047927,2.3854261706688997,4.440892098500626e-16,-4.440892098500626e-16,True,False
Q_A_topsis_0_1,11,9,10,0.00020519812164724194,0.0018760365926848565,2.3855781852659437,2.384663672283861,2.3855383927553664,2.3846238797732835,0.0,-0.0,True,False
Q_A_topsis_0_1,11,9,12,0.00019688129064519768,0.0018762694343954836,2.3855781852659437,2.384700738168578,2.385147739279936,2.3842702921825705,4.440892098500626e-16,-4.440892098500626e-16,True,False
Q_A_topsis_0_1,11,9,13,0.00020335507439128857,0.0018750625879196267,2.3855781852659437,2.3846718862510676,2.385341736866866,2.3844354378519905,4.440892098500626e-16,-4.440892098500626e-16,True,False
Q_A_topsis_0_1,11,9,14,0.00019235939005840356,0.0018704684962858422,2.3855781852659437,2.384720891066456,2.385214771723237,2.3843574775237495,4.440892098500626e-16,-4.440892098500626e-16,True,False
Q_A_topsis_0_1,11,9,15,0.0002057619128890874,0.0018797396183320172,2.3855781852659437,2.3846611596175378,2.3855357056124773,2.384618679964071,-4.440892098500626e-16,4.440892098500626e-16,True,False
Q_A_topsis_0_1,11,9,16,0.00020602611152755495,0.0018780069959102033,2.3855781852659437,2.384659982155079,2.3855788673734817,2.3846606642626176,4.440892098500626e-16,-4.440892098500626e-16,True,False
Q_A_topsis_0_1,11,10,12,0.001,0.0018479265137916925,2.3855781852659437,2.385384262873975,2.3833918628144963,2.383197940422528,0.0,-0.0,True,False
Q_A_topsis_0_1,11,10,13,0.001,0.0018299851410937937,2.3855781852659437,2.385384262873975,2.3844154486104405,2.3842215262184716,-4.440892098500626e-16,4.440892098500626e-16,True,False
Q_A_topsis_0_1,11,10,14,0.001,0.001832157793884949,2.3855781852659437,2.385384262873975,2.383688942725736,2.3834950203337675,0.0,-0.0,True,False
Q_A_topsis_0_1,11,10,15,0.001,0.001870665208289708,2.3855781852659437,2.385384262873975,2.3853717347481096,2.385177812356141,0.0,-0.0,True,False
Q_A_topsis_0_1,11,10,16,0.001,0.0018684641882297562,2.3855781852659437,2.385384262873975,2.385581496047927,2.385387573655959,4.440892098500626e-16,-4.440892098500626e-16,True,False
Q_A_topsis_0_1,11,12,13,0.0009297420876049767,0.0018252369422556366,2.3855781852659437,2.383545469265757,2.384497140060521,2.3824644240603345,0.0,-0.0,True,False
Q_A_topsis_0_1,11,12,14,0.001,0.0018129138831907718,2.3855781852659437,2.3833918628144963,2.383688942725736,2.381502620274288,-4.440892098500626e-16,4.440892098500626e-16,True,False
Q_A_topsis_0_1,11,12,15,0.001,0.0018568020697466764,2.3855781852659437,2.3833918628144963,2.3853717347481096,2.383185412296662,-4.440892098500626e-16,4.440892098500626e-16,True,False
Q_A_topsis_0_1,11,12,16,0.001,0.0018546010496867246,2.3855781852659437,2.3833918628144963,2.385581496047927,2.38339517359648,4.440892098500626e-16,-4.440892098500626e-16,True,False
Q_A_topsis_0_1,11,13,14,0.0005860272898689105,0.0018712939556095069,2.3855781852659437,2.3848967898548876,2.3844710375802003,2.3837896421691442,0.0,-0.0,True,False
Q_A_topsis_0_1,11,13,15,0.001,0.0018328505310575228,2.3855781852659437,2.3844154486104405,2.3853717347481096,2.384208998092606,-4.440892098500626e-16,4.440892098500626e-16,True,False
Q_A_topsis_0_1,11,13,16,0.001,0.0018287359421658663,2.3855781852659437,2.3844154486104405,2.385581496047927,2.3844187593924233,-4.440892098500626e-16,4.440892098500626e-16,True,False
Q_A_topsis_0_1,11,14,15,0.001,0.001850243560394609,2.3855781852659437,2.383688942725736,2.3853717347481096,2.3834824922079014,-4.440892098500626e-16,4.440892098500626e-16,True,False
Q_A_topsis_0_1,11,14,16,0.001,0.0018459296761026698,2.3855781852659437,2.383688942725736,2.385581496047927,2.3836922535077196,4.440892098500626e-16,-4.440892098500626e-16,True,False
Q_A_topsis_0_1,11,15,16,0.001,0.00187259471571001,2.3855781852659437,2.3853717347481096,2.385581496047927,2.3853750455300933,4.440892098500626e-16,-4.440892098500626e-16,True,False
Q_A_topsis_0_1,12,0,1,0.000936660510875388,0.0015625,2.3855781852659437,2.3877496312528157,2.387893204920807,2.3900646509076786,-4.440892098500626e-16,4.440892098500626e-16,True,False
Q_A_topsis_0_1,12,0,2,0.0004817097282625998,0.001681214319287045,2.3855781852659437,2.3866949256901724,2.3855988099764533,2.386715550400681,-8.881784197001252e-16,8.881784197001252e-16,True,False
Q_A_topsis_0_1,12,0,3,0.0009651014811224504,0.0015625,2.3855781852659437,2.387815565526748,2.3877582871821605,2.3899956674429648,0.0,-0.0,True,False
Q_A_topsis_0_1,12,0,4,0.0009113134754350268,0.0015625,2.3855781852659437,2.387690869601452,2.387551274930392,2.3896639592659,0.0,-0.0,True,False
Q_A_topsis_0_1,12,0,5,0.0008784501621675252,0.0015625,2.385578185265944,2.3876146830761513,2.386383329554742,2.3884198273649493,0.0,-0.0,True,False
Q_A_topsis_0_1,12,0,6,0.0009298579620272868,0.0015624999999999999,2.3855781852659437,2.387733861006045,2.3879401313113413,2.3900958070514426,0.0,-0.0,True,False
Q_A_topsis_0_1,12,0,7,0.0004771732600947717,0.0017029507239853746,2.3855781852659437,2.3866844088641894,2.384588980569819,2.385695204168065,0.0,-0.0,True,False
Q_A_topsis_0_1,12,0,8,0.0009296351868369143,0.0015624999999999999,2.3855781852659437,2.3877333445496687,2.387466271608828,2.389621430892553,0.0,-0.0,True,False
Q_A_topsis_0_1,12,0,9,0.00020098528042182572,0.0018071443688553884,2.3855781852659437,2.386044126421277,2.3851218664180696,2.385587807573403,0.0,-0.0,True,False
Q_A_topsis_0_1,12,0,10,0.0009462529635817256,0.0015625,2.3855781852659437,2.3877718692917758,2.3874634997268664,2.389657183752698,-4.440892098500626e-16,4.440892098500626e-16,True,False
Q_A_topsis_0_1,12,0,11,0.0009265098785725987,0.0015625,2.3855781852659437,2.3877260991944844,2.387603834614955,2.389751748543496,4.440892098500626e-16,-4.440892098500626e-16,True,False
Q_A_topsis_0_1,12,0,13,0.0008579147419853187,0.0015625,2.3855781852659437,2.387567076120135,2.3864563346099708,2.388445225464162,0.0,-0.0,True,False
Q_A_topsis_0_1,12,0,14,0.0008873607748030359,0.0015625,2.3855781852659437,2.3876353404155215,2.38584180232616,2.3878989574757377,0.0,-0.0,True,False
Q_A_topsis_0_1,12,0,15,0.0009102859202347543,0.0015625,2.3855781852659437,2.3876884874356725,2.3873804348109795,2.3894907369807084,0.0,-0.0,True,False
Q_A_topsis_0_1,12,0,16,0.0009229242164360244,0.0015625,2.3855781852659437,2.3877177866078365,2.3875990508021903,2.3897386521440827,-4.440892098500626e-16,4.440892098500626e-16,True,False
Q_A_topsis_0_1,12,1,2,0.00047489051200543566,0.0016825205197047435,2.3855781852659437,2.3867519092101435,2.3855985180073422,2.3867722419515416,-4.440892098500626e-16,4.440892098500626e-16,True,False
Q_A_topsis_0_1,12,1,3,0.0009761445703870038,0.0015625,2.3855781852659437,2.387990792438122,2.3877832328076076,2.390195839979786,0.0,-0.0,True,False
Q_A_topsis_0_1,12,1,4,0.0009234775730420137,0.0015624999999999999,2.3855781852659437,2.387860622400418,2.3875776114829756,2.3898600486174497,-4.440892098500626e-16,4.440892098500626e-16,True,False
Q_A_topsis_0_1,12,1,5,0.0008897473297704821,0.0015625,2.3855781852659437,2.387777255828186,2.3863936839839024,2.3885927545461443,-4.440892098500626e-16,4.440892098500626e-16,True,False
Q_A_topsis_0_1,12,1,6,0.0009425255963669095,0.0015625,2.3855781852659437,2.3879077008753526,2.3879723085578184,2.390301824167228,4.440892098500626e-16,-4.440892098500626e-16,True,False
Q_A_topsis_0_1,12,1,7,0.00047900280852509417,0.0017078322097681768,2.3855781852659437,2.3867620730284735,2.3845851878218793,2.385769075584409,0.0,-0.0,True,False
Q_A_topsis_0_1,12,1,8,0.0009422967107596665,0.0015625,2.3855781852659437,2.38790713516913,2.3874919871268476,2.389820937030034,0.0,-0.0,True,False
Q_A_topsis_0_1,12,1,9,0.0002006224368858475,0.0018075510109712852,2.3855781852659437,2.3860740371559346,2.3851226902214044,2.3856185421113953,0.0,-0.0,True,False
Q_A_topsis_0_1,12,1,10,0.0009554507301317585,0.0015625,2.3855781852659437,2.3879396462155906,2.387481825357488,2.3898432863071344,-4.440892098500626e-16,4.440892098500626e-16,True,False
Q_A_topsis_0_1,12,1,11,0.0009390858370914097,0.0015625,2.3855781852659437,2.3878991992782015,2.387631329715413,2.389952343727671,0.0,-0.0,True,False
Q_A_topsis_0_1,12,1,13,0.0008530177638093666,0.0015625,2.3855781852659437,2.3876864762275436,2.3864513221326664,2.3885596130942672,8.881784197001252e-16,-8.881784197001252e-16,True,False
Q_A_topsis_0_1,12,1,14,0.0008988897957618622,0.0015625,2.3855781852659437,2.387799852049782,2.385845227366683,2.3880668941505214,0.0,-0.0,True,False
Q_A_topsis_0_1,12,1,15,0.0009224224192920929,0.0015625,2.3855781852659437,2.3878580145167274,2.3874044635248355,2.3896842927756192,0.0,-0.0,True,False
Q_A_topsis_0_1,12,1,16,0.0009354023680396512,0.0015625,2.3855781852659437,2.387890095335894,2.3876263733776333,2.3899382834475835,0.0,-0.0,True,False
Q_A_topsis_0_1,12,2,3,0.000479286106456366,0.001680518212813353,2.3855781852659437,2.3855987062075332,2.3866608616264506,2.3866813825680406,4.440892098500626e-16,-4.440892098500626e-16,True,False
Q_A_topsis_0_1,12,2,4,0.00047704741610959294,0.0016773900080522364,2.3855781852659437,2.3855986103565723,2.386611043170002,2.3866314682606307,0.0,-0.0,True,False
Q_A_topsis_0_1,12,2,5,0.00048575171160628424,0.001660049704488173,2.3855781852659437,2.3855989830365587,2.3860234014355313,2.386044199206146,-4.440892098500626e-16,4.440892098500626e-16,True,False
Q_A_topsis_0_1,12,2,6,0.00047809952283599325,0.0016816503598982874,2.3855781852659437,2.385598655403196,2.3867926129779002,2.386813083115152,-4.440892098500626e-16,4.440892098500626e-16,True,False
Q_A_topsis_0_1,12,2,7,0.0003330314723610026,0.0017520873351458575,2.3855781852659437,2.3855924442217114,2.3848877939050546,2.384902052860822,-4.440892098500626e-16,4.440892098500626e-16,True,False
Q_A_topsis_0_1,12,2,8,0.0004792123444092353,0.0016809590133075604,2.3855781852659437,2.385598703049364,2.3865514641345067,2.386571981917927,0.0,-0.0,True,False
Q_A_topsis_0_1,12,2,9,0.00018931131664479437,0.001798229414267914,2.3855781852659437,2.3855862907512035,2.3851483710938832,2.385156476579143,0.0,-0.0,True,False
Q_A_topsis_0_1,12,2,10,0.0004885183008366967,0.001712682073569151,2.3855781852659437,2.3855991014898486,2.3865515091575875,2.386572425381492,-4.440892098500626e-16,4.440892098500626e-16,True,False
Q_A_topsis_0_1,12,2,11,0.00047927977614611666,0.0016795263320383378,2.3855781852659437,2.3855987059364976,2.386626045401057,2.38664656607161,-8.881784197001252e-16,8.881784197001252e-16,True,False
Q_A_topsis_0_1,12,2,13,0.0004435568783109228,0.0016705419551778676,2.3855781852659437,2.3855971764377486,2.386032203786276,2.386051194958081,0.0,-0.0,True,False
Q_A_topsis_0_1,12,2,14,0.000435856425852507,0.0017269761949499757,2.3855781852659437,2.385596846737945,2.3857076694542494,2.385726330926251,0.0,-0.0,True,False
Q_A_topsis_0_1,12,2,15,0.0004457011155886382,0.0016966570548859485,2.3855781852659437,2.3855972682446414,2.3864606163954774,2.386479699374175,0.0,-0.0,True,False
Q_A_topsis_0_1,12,2,16,0.0004847893700289502,0.0016740470595024448,2.3855781852659437,2.3855989418332877,2.3866396961817733,2.3866604527491173,0.0,-0.0,True,False
Q_A_topsis_0_1,12,3,4,0.0009667928601844043,0.0015624999999999999,2.3855781852659437,2.3877621078982263,2.387671393642109,2.3898553162743914,0.0,-0.0,True,False
Q_A_topsis_0_1,12,3,5,0.0009110053719290515,0.0015625,2.3855781852659437,2.3876360875652094,2.3864131680616247,2.388471070360891,4.440892098500626e-16,-4.440892098500626e-16,True,False
Q_A_topsis_0_1,12,3,6,0.0009678144745198987,0.0015625,2.3855781852659437,2.387764415659031,2.3880365452135073,2.3902227756065946,0.0,-0.0,True,False
Q_A_topsis_0_1,12,3,7,0.0004765350580233474,0.0017039445517110945,2.3855781852659437,2.386654647185713,2.3845903035955183,2.3856667655152877,0.0,-0.0,True,False
Q_A_topsis_0_1,12,3,8,0.000970633782531072,0.0015625,2.3855781852659437,2.3877707842937475,2.3875495396366566,2.38974213866446,-4.440892098500626e-16,4.440892098500626e-16,True,False
Q_A_topsis_0_1,12,3,9,0.0001987234399144579,0.001810581806301908,2.3855781852659437,2.3860270886824533,2.385127001721771,2.3855759051382806,0.0,-0.0,True,False
Q_A_topsis_0_1,12,3,10,0.0009494346215180786,0.0015625,2.3855781852659437,2.3877228967581354,2.387469838862328,2.3896145503545196,0.0,-0.0,True,False
Q_A_topsis_0_1,12,3,11,0.0009665726074560288,0.0015625,2.3855781852659437,2.387761610361538,2.387691424658579,2.389874849754173,-4.440892098500626e-16,4.440892098500626e-16,True,False
Q_A_topsis_0_1,12,3,13,0.0008549748823649782,0.0015625,2.3855781852659437,2.38750951830793,2.3864533254114213,2.388384658453407,-4.440892098500626e-16,4.440892098500626e-16,True,False
Q_A_topsis_0_1,12,3,14,0.0009102586695555027,0.0015625,2.3855781852659437,2.387634400812772,2.3858486048307004,2.387904820377529,0.0,-0.0,True,False
Q_A_topsis_0_1,12,3,15,0.0009446313150391107,0.0015625,2.3855781852659437,2.3877120463990136,2.387448434294202,2.389582295427272,0.0,-0.0,True,False
Q_A_topsis_0_1,12,3,16,0.0009501277555888269,0.0015625,2.3855781852659437,2.387724462503236,2.3876586165755866,2.389804893812878,-8.881784197001252e-16,8.881784197001252e-16,True,False
Q_A_topsis_0_1,12,4,5,0.0008668447098738028,0.0015625,2.3855781852659437,2.3874549953689845,2.3863726925669697,2.388249502670011,4.440892098500626e-16,-4.440892098500626e-16,True,False
Q_A_topsis_0_1,12,4,6,0.0009168644843532237,0.0015625,2.3855781852659437,2.387563293449397,2.387907126385362,2.389892234568815,0.0,-0.0,True,False
Q_A_topsis_0_1,12,4,7,0.0004763215862327303,0.0017049063809236858,2.3855781852659437,2.3866094716718655,2.3845907461335134,2.3856220325394353,0.0,-0.0,True,False
Q_A_topsis_0_1,12,4,8,0.0009166478908879537,0.0015624999999999999,2.3855781852659437,2.3875628245017304,2.387439894448777,2.3894245336845636,0.0,-0.0,True,False
Q_A_topsis_0_1,12,4,9,0.00020119434482856818,0.0018059897860753498,2.3855781852659437,2.386013792214625,2.3851213917562983,2.3855569987049803,4.440892098500626e-16,-4.440892098500626e-16,True,False
Q_A_topsis_0_1,12,4,10,0.0009391379911753918,0.0015625,2.3855781852659437,2.3876115179377715,2.387449323855421,2.3894826565272487,0.0,-0.0,True,False
Q_A_topsis_0_1,12,4,11,0.0009136091530187276,0.0015625,2.3855781852659437,2.387556245314168,2.3875756294690365,2.3895536895172613,4.440892098500626e-16,-4.440892098500626e-16,True,False
Q_A_topsis_0_1,12,4,13,0.0008380508136315794,0.0015625,2.3855781852659437,2.3873926535507124,2.386436002175056,2.388250470459825,4.440892098500626e-16,-4.440892098500626e-16,True,False
Q_A_topsis_0_1,12,4,14,0.0008755202739199272,0.0015625,2.3855781852659437,2.387473778878956,2.3858382847512085,2.3877338783642204,-4.440892098500626e-16,4.440892098500626e-16,True,False
Q_A_topsis_0_1,12,4,15,0.0008978300067920145,0.0015625,2.3855781852659437,2.3875220818005443,2.3873557736975473,2.3892996702321474,-4.440892098500626e-16,4.440892098500626e-16,True,False
Q_A_topsis_0_1,12,4,16,0.0009101224613493434,0.0015624999999999999,2.3855781852659437,2.3875486962594454,2.3875710196538065,2.389541530647308,-4.440892098500626e-16,4.440892098500626e-16,True,False
Q_A_topsis_0_1,12,5,6,0.0008836069018640744,0.0015625,2.3855781852659437,2.386388055969164,2.387822648305217,2.3886325190084374,0.0,-0.0,True,False
Q_A_topsis_0_1,12,5,7,0.0004544297979753832,0.0017068629120718178,2.3855781852659437,2.38599469330733,2.3846361289358655,2.385052636977252,0.0,-0.0,True,False
Q_A_topsis_0_1,12,5,8,0.0008834057347574262,0.0015625,2.3855781852659437,2.386387871589271,2.3873723797269952,2.388182066050322,-4.440892098500626e-16,4.440892098500626e-16,True,False
Q_A_topsis_0_1,12,5,9,0.00019715486619829292,0.001805393542251894,2.3855781852659437,2.3857588877364595,2.3851305630261086,2.385311265496624,-4.440892098500626e-16,4.440892098500626e-16,True,False
Q_A_topsis_0_1,12,5,10,0.000904275640378437,0.0015625,2.3855781852659437,2.3864069999200996,2.387379864105619,2.388208678759775,0.0,-0.0,True,False
Q_A_topsis_0_1,12,5,11,0.0008805830602978352,0.0015625,2.3855781852659437,2.386385284464448,2.3875034237810375,2.3883105229795416,-4.440892098500626e-16,4.440892098500626e-16,True,False
Q_A_topsis_0_1,12,5,13,0.0007948387931476062,0.0015624999999999999,2.3855781852659437,2.3863066954790204,2.3863917709646745,2.387120281177751,0.0,-0.0,True,False
Q_A_topsis_0_1,12,5,14,0.0008014689514851003,0.0015826869087154306,2.3855781852659437,2.3863127723566273,2.3858162855909124,2.386550872681596,0.0,-0.0,True,False
Q_A_topsis_0_1,12,5,15,0.0008659149386960963,0.0015625,2.3855781852659437,2.3863718403843577,2.3872925859499645,2.3880862410683785,0.0,-0.0,True,False
Q_A_topsis_0_1,12,5,16,0.0008773434465548281,0.0015625,2.3855781852659437,2.3863823151935484,2.387499245633653,2.388303375561258,4.440892098500626e-16,-4.440892098500626e-16,True,False
Q_A_topsis_0_1,12,6,7,0.00045959296978305674,0.0017124380498272594,2.3855781852659437,2.3867456042071176,2.3846254254153076,2.385792844356481,-4.440892098500626e-16,4.440892098500626e-16,True,False
Q_A_topsis_0_1,12,6,8,0.0009354123500299535,0.0015625,2.3855781852659437,2.387954240094955,2.3874780050103603,2.3898540598393714,-4.440892098500626e-16,4.440892098500626e-16,True,False
Q_A_topsis_0_1,12,6,9,0.000200952992078897,0.001807366616830428,2.3855781852659437,2.3860886289512533,2.385121939725823,2.385632383411133,0.0,-0.0,True,False
Q_A_topsis_0_1,12,6,10,0.0009476028125289485,0.0015625,2.3855781852659437,2.38798520527014,2.3874661891659894,2.3898732091701853,-4.440892098500626e-16,4.440892098500626e-16,True,False
Q_A_topsis_0_1,12,6,11,0.0009322481430866647,0.0015625,2.3855781852659437,2.3879462026458156,2.3876163803114943,2.389984397691366,0.0,-0.0,True,False
Q_A_topsis_0_1,12,6,13,0.0008567683281802267,0.0015625,2.3855781852659437,2.387754475244851,2.3864551611570834,2.3886314511359914,4.440892098500626e-16,-4.440892098500626e-16,True,False
Q_A_topsis_0_1,12,6,14,0.0008926229738312635,0.0015624999999999999,2.3855781852659437,2.3878455501637776,2.38584336561978,2.388110730517614,0.0,-0.0,True,False
Q_A_topsis_0_1,12,6,15,0.000915824380046081,0.0015625,2.3855781852659437,2.387904484400935,2.3873914002521155,2.3897176993871065,-4.440892098500626e-16,4.440892098500626e-16,True,False
Q_A_topsis_0_1,12,6,16,0.0009286180153992972,0.0015624999999999999,2.3855781852659437,2.387936981704462,2.3876115181336246,2.389970314572143,0.0,-0.0,True,False
Q_A_topsis_0_1,12,7,8,0.00047952596334761117,0.0017025613923454595,2.3855781852659437,2.384584103295041,2.386552101093652,2.3855580191227492,0.0,-0.0,True,False
Q_A_topsis_0_1,12,7,9,0.00017983911558716923,0.0018216844681120514,2.3855781852659437,2.3852053695351327,2.3851698768671636,2.3847970611363523,-4.440892098500626e-16,4.440892098500626e-16,True,False
Q_A_topsis_0_1,12,7,10,0.00048473110782870204,0.0016954858700223294,2.3855781852659437,2.3845733127629734,2.386543963554013,2.385539091051043,0.0,-0.0,True,False
Q_A_topsis_0_1,12,7,11,0.000477963645031387,0.0017043661839023804,2.3855781852659437,2.3845873420612174,2.3866231679140517,2.385632324709325,-4.440892098500626e-16,4.440892098500626e-16,True,False
Q_A_topsis_0_1,12,7,13,0.00044604665380875656,0.0017019736039073604,2.3855781852659437,2.3846535076246385,2.3860347522851106,2.3851100746438054,0.0,-0.0,True,False
Q_A_topsis_0_1,12,7,14,0.00044870687476092174,0.0017067173628713443,2.3855781852659437,2.3846479928498625,2.3857114870644702,2.384781294648389,0.0,-0.0,True,False
Q_A_topsis_0_1,12,7,15,0.0004763363823511966,0.001700014069965343,2.3855781852659437,2.384590715460399,2.3865212703003196,2.385533800494775,0.0,-0.0,True,False
Q_A_topsis_0_1,12,7,16,0.00047929793256695107,0.0017018488008204871,2.3855781852659437,2.38458457601457,2.386627671947807,2.385634062696434,4.440892098500626e-16,-4.440892098500626e-16,True,False
Q_A_topsis_0_1,12,8,9,0.00020056145890518388,0.0018068786504012758,2.3855781852659437,2.3859855250018205,2.3851228286663786,2.3855301684022554,0.0,-0.0,True,False
Q_A_topsis_0_1,12,8,10,0.0009503054298850097,0.0015624999999999999,2.3855781852659437,2.3875082528119447,2.38747157386097,2.389401641406971,0.0,-0.0,True,False
Q_A_topsis_0_1,12,8,11,0.0009320242212840038,0.0015624999999999999,2.3855781852659437,2.3874711237307964,2.38761589074623,2.389508829211082,-4.440892098500626e-16,4.440892098500626e-16,True,False
Q_A_topsis_0_1,12,8,13,0.0008565352113502168,0.0015625,2.3855781852659437,2.3873178057726205,2.3864549225420078,2.3881945430486846,0.0,-0.0,True,False
Q_A_topsis_0_1,12,8,14,0.0008924176809536711,0.0015625,2.3855781852659437,2.3873906829633365,2.3858433046313903,2.387655802328783,0.0,-0.0,True,False
Q_A_topsis_0_1,12,8,15,0.0009156082776576726,0.0015625,2.3855781852659437,2.38743778299735,2.387390972397062,2.389250570128468,0.0,-0.0,True,False
Q_A_topsis_0_1,12,8,16,0.0009283958338741572,0.0015625,2.3855781852659437,2.387463754486589,2.3876110316375736,2.3894966008582186,-4.440892098500626e-16,4.440892098500626e-16,True,False
Q_A_topsis_0_1,12,9,10,0.00020199877354498704,0.001807863417214388,2.3855781852659437,2.3851195653738673,2.3859806476343697,2.385522027742293,-4.440892098500626e-16,4.440892098500626e-16,True,False
Q_A_topsis_0_1,12,9,11,0.00020104963333217546,0.0018070711815744822,2.3855781852659437,2.3851217203106243,2.386017744593153,2.385561279637834,0.0,-0.0,True,False
Q_A_topsis_0_1,12,9,13,0.00019835621192444927,0.0018009456109374753,2.3855781852659437,2.3851278354796106,2.3857812198670065,2.385330870080674,4.440892098500626e-16,-4.440892098500626e-16,True,False
Q_A_topsis_0_1,12,9,14,0.00018560487389101204,0.0018124006159712072,2.3855781852659437,2.385156786235945,2.3856333247454047,2.385211925715406,0.0,-0.0,True,False
Q_A_topsis_0_1,12,9,15,0.0002014553886314371,0.0018188258526577858,2.3855781852659437,2.385120799080023,2.38597704113577,2.38551965494985,4.440892098500626e-16,-4.440892098500626e-16,True,False
Q_A_topsis_0_1,12,9,16,0.0002012027753524303,0.001805848969014956,2.3855781852659437,2.3851213726155587,2.386018745549514,2.385561932899129,0.0,-0.0,True,False
Q_A_topsis_0_1,12,10,11,0.0009526428804243289,0.0015625,2.3855781852659437,2.3874762309975632,2.387660969783627,2.3895590155152466,0.0,-0.0,True,False
Q_A_topsis_0_1,12,10,13,0.0008764618974142791,0.0015625,2.3855781852659437,2.3873244480024827,2.386475319214823,2.388221581951362,0.0,-0.0,True,False
Q_A_topsis_0_1,12,10,14,0.0008924918234978303,0.0015625,2.3855781852659437,2.387356386028165,2.3858433266576506,2.387621527419872,0.0,-0.0,True,False
Q_A_topsis_0_1,12,10,15,0.0009302840167853643,0.0015625,2.3855781852659437,2.3874316831963194,2.3874200284810656,2.3892735264114413,0.0,-0.0,True,False
Q_A_topsis_0_1,12,10,16,0.0009437587548912557,0.0015625,2.3855781852659437,2.387458530265323,2.387644670799995,2.3895250157993746,4.440892098500626e-16,-4.440892098500626e-16,True,False
Q_A_topsis_0_1,12,11,13,0.0008511056855709347,0.0015625,2.3855781852659437,2.387438976734862,2.3864493649565413,2.3883101564254594,0.0,-0.0,True,False
Q_A_topsis_0_1,12,11,14,0.0008895372163580522,0.0015624999999999999,2.3855781852659437,2.387523000453465,2.3858424489032237,2.3877872640907456,4.440892098500626e-16,-4.440892098500626e-16,True,False
Q_A_topsis_0_1,12,11,15,0.0009125764172300722,0.0015625,2.3855781852659437,2.3875733715755953,2.387384969701695,2.3893801560113466,0.0,-0.0,True,False
Q_A_topsis_0_1,12,11,16,0.0009252788391605082,0.0015625,2.3855781852659437,2.3876011431658495,2.38760420656236,2.389627164462266,0.0,-0.0,True,False
Q_A_topsis_0_1,12,13,14,0.000553313503304609,0.0016914946560907048,2.3855781852659437,2.3861445491086304,2.3857425635923932,2.3863089274350795,-4.440892098500626e-16,4.440892098500626e-16,True,False
Q_A_topsis_0_1,12,13,15,0.0008423799166845224,0.0015625,2.3855781852659437,2.3864404333834504,2.3872459896204266,2.3881082377379337,4.440892098500626e-16,-4.440892098500626e-16,True,False
Q_A_topsis_0_1,12,13,16,0.0008422699814168775,0.0015625,2.3855781852659437,2.386440320855272,2.3874224476087758,2.388284583198104,0.0,-0.0,True,False
Q_A_topsis_0_1,12,14,15,0.0008745718091031602,0.0015625,2.3855781852659437,2.385838002981365,2.387309725444716,2.3875695431601374,0.0,-0.0,True,False
Q_A_topsis_0_1,12,14,16,0.000886231507675442,0.0015625,2.3855781852659437,2.3858414668435817,2.387518707227663,2.3877819888053016,4.440892098500626e-16,-4.440892098500626e-16,True,False
Q_A_topsis_0_1,12,15,16,0.0009090975887492009,0.0015625,2.3855781852659437,2.3873780820668236,2.387568775558701,2.389368672359581,0.0,-0.0,True,False
Q_A_topsis_0_1,13,0,1,0.0005625936277515547,0.0015625,2.3855781852659437,2.386306574772634,2.3863928105323224,2.3871212000390134,4.440892098500626e-16,-4.440892098500626e-16,True,False
Q_A_topsis_0_1,13,0,2,0.0004747571847159113,0.0015625,2.3855781852659437,2.3861928530021483,2.385112557588051,2.385727225324256,0.0,-0.0,True,False
Q_A_topsis_0_1,13,0,3,0.0005659717997286783,0.0015625,2.3855781852659437,2.386310948489112,2.38627735831398,2.3870101215371484,0.0,-0.0,True,False
Q_A_topsis_0_1,13,0,4,0.0005633335515229581,0.0015625,2.3855781852659437,2.386307532751332,2.3862212415201136,2.386950589005502,0.0,-0.0,True,False
Q_A_topsis_0_1,13,0,5,0.0005591988008883444,0.0015625,2.3855781852659437,2.3863021794930894,2.385518331481789,2.3862423257089347,0.0,-0.0,True,False
Q_A_topsis_0_1,13,0,6,0.0005631420624766344,0.0015625,2.3855781852659437,2.3863072848306217,2.386432206582003,2.387161306146681,0.0,-0.0,True,False
Q_A_topsis_0_1,13,0,7,0.00045718281575965773,0.001610327697413857,2.3855781852659437,2.3861700994811286,2.3841624559521253,2.3847543701673106,4.440892098500626e-16,-4.440892098500626e-16,True,False
Q_A_topsis_0_1,13,0,8,0.0005624068967805524,0.0015625,2.3855781852659437,2.3863063330122,2.386144760315728,2.3868729080619846,4.440892098500626e-16,-4.440892098500626e-16,True,False
Q_A_topsis_0_1,13,0,9,0.00020625465927938603,0.0017723058977469777,2.3855781852659437,2.3858452230035123,2.3848987834317716,2.3851658211693403,0.0,-0.0,True,False
Q_A_topsis_0_1,13,0,10,0.0005498735106992278,0.0015625,2.3855781852659437,2.386290106047559,2.386110910566249,2.3868228313478648,4.440892098500626e-16,-4.440892098500626e-16,True,False
Q_A_topsis_0_1,13,0,11,0.0005800177304545066,0.0015625,2.3855781852659437,2.3863291337440597,2.386252593141985,2.387003541620101,0.0,-0.0,True,False
Q_A_topsis_0_1,13,0,12,0.0005463959076399493,0.0015625,2.3855781852659437,2.386285603597741,2.3850189021759216,2.385726320507719,0.0,-0.0,True,False
Q_A_topsis_0_1,13,0,14,0.0005509397703892159,0.0015625,2.3855781852659437,2.3862914865331017,2.3851779242806384,2.3858912255477964,0.0,-0.0,True,False
Q_A_topsis_0_1,13,0,15,0.0005661350756429113,0.0015625,2.3855781852659437,2.386311159882304,2.3861195723908293,2.38685254700719,4.440892098500626e-16,-4.440892098500626e-16,True,False
Q_A_topsis_0_1,13,0,16,0.0005642930151472144,0.0015625,2.3855781852659437,2.386308774968097,2.3862361776902477,2.386966767392401,0.0,-0.0,True,False
Q_A_topsis_0_1,13,1,2,0.00047203171612012477,0.0015625,2.3855781852659437,2.386261678543357,2.38511523064631,2.3857987239237226,-4.440892098500626e-16,4.440892098500626e-16,True,False
Q_A_topsis_0_1,13,1,3,0.0005653920199152328,0.0015625,2.3855781852659437,2.3863968625529095,2.3862766420832076,2.387095319370173,-4.440892098500626e-16,4.440892098500626e-16,True,False
Q_A_topsis_0_1,13,1,4,0.0005627591615956998,0.0015625,2.3855781852659437,2.386393050222296,2.38622058584279,2.387035450799143,4.440892098500626e-16,-4.440892098500626e-16,True,False
Q_A_topsis_0_1,13,1,5,0.0005586328075856852,0.0015625,2.3855781852659437,2.3863870753372836,2.385518392062822,2.386327282134162,0.0,-0.0,True,False
Q_A_topsis_0_1,13,1,6,0.0005625680627787502,0.0015625,2.3855781852659437,2.3863927735147104,2.386431336094767,2.3872459243435338,0.0,-0.0,True,False
Q_A_topsis_0_1,13,1,7,0.00045886201317116217,0.0016087211393192532,2.3855781852659437,2.386242609054753,2.384157256086957,2.3848216798757664,0.0,-0.0,True,False
Q_A_topsis_0_1,13,1,8,0.0005618343940226815,0.0015625,2.3855781852659437,2.386391711175792,2.386144183569994,2.3869577094798426,0.0,-0.0,True,False
Q_A_topsis_0_1,13,1,9,0.00020663818100904335,0.001772119867932474,2.3855781852659437,2.385877393566474,2.384897520113079,2.385196728413609,0.0,-0.0,True,False
Q_A_topsis_0_1,13,1,10,0.0005493262279523435,0.0015625,2.3855781852659437,2.386373599580469,2.3861103803509183,2.3869057946654433,-4.440892098500626e-16,4.440892098500626e-16,True,False
Q_A_topsis_0_1,13,1,11,0.0005701895980883164,0.0015625,2.3855781852659437,2.3864038093582134,2.3862411656122275,2.3870667897044977,4.440892098500626e-16,-4.440892098500626e-16,True,False
Q_A_topsis_0_1,13,1,12,0.0005458555220377733,0.0015625,2.3855781852659437,2.386368574061888,2.3850194553069484,2.3858098441028925,0.0,-0.0,True,False
Q_A_topsis_0_1,13,1,14,0.0005503903641729431,0.0015625,2.3855781852659437,2.386375140430222,2.3851783234274877,2.385975278591766,0.0,-0.0,True,False
Q_A_topsis_0_1,13,1,15,0.000565554961433939,0.0015625,2.3855781852659437,2.3863970984892435,2.3861190176356533,2.3869379308589527,-4.440892098500626e-16,4.440892098500626e-16,True,False
Q_A_topsis_0_1,13,1,16,0.0005637166679651815,0.0015625,2.3855781852659437,2.3863944366739775,2.3862355056420936,2.3870517570501275,0.0,-0.0,True,False
Q_A_topsis_0_1,13,2,3,0.00047430351104391045,0.0015625,2.3855781852659437,2.385113002537649,2.3861641159283367,2.3856989332000422,4.440892098500626e-16,-4.440892098500626e-16,True,False
Q_A_topsis_0_1,13,2,4,0.0004774697634452325,0.0015624999999999999,2.3855781852659437,2.3851098971717892,2.3861232263286145,2.38565493823446,0.0,-0.0,True,False
Q_A_topsis_0_1,13,2,5,0.0004628113013286598,0.0015708987027747336,2.3855781852659437,2.385124273753959,2.385528648307549,2.385074736795564,0.0,-0.0,True,False
Q_A_topsis_0_1,13,2,6,0.00047999320760344253,0.0015625,2.3855781852659437,2.3851074222530695,2.386306108925303,2.3858353459124286,0.0,-0.0,True,False
Q_A_topsis_0_1,13,2,7,0.00030820499096538773,0.0016727225077895673,2.3855781852659437,2.38527590700902,2.384623786226142,2.384321507969218,0.0,-0.0,True,False
Q_A_topsis_0_1,13,2,8,0.00047225692784682064,0.0015625,2.3855781852659437,2.3851150097653697,2.3860539422204505,2.385590766719876,-4.440892098500626e-16,4.440892098500626e-16,True,False
Q_A_topsis_0_1,13,2,9,0.00020002435754084,0.0017521938669852722,2.3855781852659437,2.385382007345689,2.3849193060150844,2.384723128094829,-4.440892098500626e-16,4.440892098500626e-16,True,False
Q_A_topsis_0_1,13,2,10,0.00046862356060373085,0.0015625,2.3855781852659437,2.385118573263526,2.3860321944556855,2.385572582453267,-4.440892098500626e-16,4.440892098500626e-16,True,False
Q_A_topsis_0_1,13,2,11,0.0004733595314097743,0.0015625,2.3855781852659437,2.3851139283647016,2.386128577744346,2.385664320843104,0.0,-0.0,True,False
Q_A_topsis_0_1,13,2,12,0.00041312191937256437,0.0016040687070065349,2.3855781852659437,2.385173007616828,2.3851553195372808,2.384750141888165,0.0,-0.0,True,False
Q_A_topsis_0_1,13,2,14,0.00042813876895484994,0.0016237262230386746,2.3855781852659437,2.3851582795389277,2.385267139930828,2.384847234203812,0.0,-0.0,True,False
Q_A_topsis_0_1,13,2,15,0.00047090026508211534,0.0015625,2.3855781852659437,2.3851163403397204,2.3860285006616664,2.385566655735443,0.0,-0.0,True,False
Q_A_topsis_0_1,13,2,16,0.00048226537079745904,0.0015625,2.3855781852659437,2.3851051937832204,2.3861405295657505,2.3856675380830272,0.0,-0.0,True,False
Q_A_topsis_0_1,13,3,4,0.0005661393277793965,0.0015625,2.3855781852659437,2.386277565269694,2.3862244443685228,2.386923824372273,0.0,-0.0,True,False
Q_A_topsis_0_1,13,3,5,0.0005619634396083726,0.0015625,2.3855781852659437,2.386272406587826,2.385518035568978,2.38621225689086,0.0,-0.0,True,False
Q_A_topsis_0_1,13,3,6,0.0005659459268242743,0.0015624999999999999,2.3855781852659437,2.3862773263518973,2.3864364587238334,2.387135599809787,0.0,-0.0,True,False
Q_A_topsis_0_1,13,3,7,0.0004565969337763461,0.0016122310360887726,2.3855781852659437,2.386142242114828,2.384164270216069,2.3847283270649533,0.0,-0.0,True,False
Q_A_topsis_0_1,13,3,8,0.0005652034270017093,0.0015625,2.3855781852659437,2.386276409105023,2.386147577571808,2.3868458014108875,4.440892098500626e-16,-4.440892098500626e-16,True,False
Q_A_topsis_0_1,13,3,9,0.00020869223824835403,0.0017713717951267942,2.3855781852659437,2.3858359931432753,2.3848907540586257,2.3851485619359574,0.0,-0.0,True,False
Q_A_topsis_0_1,13,3,10,0.00055254649074372,0.0015625,2.3855781852659437,2.3862607733636194,2.3861135001874425,2.3867960882851182,0.0,-0.0,True,False
Q_A_topsis_0_1,13,3,11,0.00057070214474971,0.0015625,2.3855781852659437,2.3862832019439066,2.3862417615690186,2.386946778246982,4.440892098500626e-16,-4.440892098500626e-16,True,False
Q_A_topsis_0_1,13,3,12,0.0005490351036348361,0.0015624999999999999,2.3855781852659437,2.386256435572887,2.3850162007323887,2.3856944510393316,-4.440892098500626e-16,4.440892098500626e-16,True,False
Q_A_topsis_0_1,13,3,14,0.0005518475898094159,0.0015625,2.3855781852659437,2.3862599099766153,2.3851772647444873,2.385858989455159,0.0,-0.0,True,False
Q_A_topsis_0_1,13,3,15,0.0005681822749811806,0.0015625,2.3855781852659437,2.3862800890237446,2.3861215300991776,2.3868234338569785,0.0,-0.0,True,False
Q_A_topsis_0_1,13,3,16,0.0005671083809612614,0.0015625,2.3855781852659437,2.3862787623891744,2.3862394605403408,2.386940037663572,4.440892098500626e-16,-4.440892098500626e-16,True,False
Q_A_topsis_0_1,13,4,5,0.0005593623427265585,0.0015625,2.385578185265944,2.3862167083076917,2.385518313977106,2.3861568370188535,0.0,-0.0,True,False
Q_A_topsis_0_1,13,4,6,0.0005633079192613024,0.0015625,2.3855781852659437,2.386221212260386,2.386432458108641,2.3870754851030824,-8.881784197001252e-16,8.881784197001252e-16,True,False
Q_A_topsis_0_1,13,4,7,0.00045640094784313474,0.001611007157654376,2.3855781852659437,2.386099175864011,2.3841648771134,2.3846858677114673,0.0,-0.0,True,False
Q_A_topsis_0_1,13,4,8,0.0005625723207417959,0.0015625,2.3855781852659437,2.386220372560305,2.386144926965692,2.386787114260054,4.440892098500626e-16,-4.440892098500626e-16,True,False
Q_A_topsis_0_1,13,4,9,0.00020603495184768006,0.0017733643558272981,2.3855781852659437,2.3858133781885114,2.3848995071469723,2.38513470006954,0.0,-0.0,True,False
Q_A_topsis_0_1,13,4,10,0.0005500316427456841,0.0015625,2.3855781852659437,2.386206057131382,2.3861110637668315,2.3867389356322697,0.0,-0.0,True,False
Q_A_topsis_0_1,13,4,11,0.0005687136039946603,0.0015624999999999999,2.3855781852659437,2.386227382955113,2.386239449419792,2.386888647108961,0.0,-0.0,True,False
Q_A_topsis_0_1,13,4,12,0.0005465520455564707,0.0015625,2.3855781852659437,2.386202085103214,2.385018742355368,2.385642642192639,4.440892098500626e-16,-4.440892098500626e-16,True,False
Q_A_topsis_0_1,13,4,14,0.0005499880572637424,0.0015625,2.3855781852659437,2.386206007377703,2.385178615705825,2.3858064378175836,-4.440892098500626e-16,4.440892098500626e-16,True,False
Q_A_topsis_0_1,13,4,15,0.000566211225480556,0.0015624999999999999,2.3855781852659437,2.3862245264411532,2.3861196452118634,2.386765986387073,0.0,-0.0,True,False
Q_A_topsis_0_1,13,4,16,0.000564459550682849,0.0015625,2.3855781852659437,2.3862225268701516,2.386236371878583,2.3868807134827903,-4.440892098500626e-16,4.440892098500626e-16,True,False
Q_A_topsis_0_1,13,5,6,0.0005591735435082748,0.0015625,2.3855781852659437,2.3855183341852095,2.386426188207568,2.386366337126834,4.440892098500626e-16,-4.440892098500626e-16,True,False
Q_A_topsis_0_1,13,5,7,0.0004484962090755425,0.0016146330292999302,2.3855781852659437,2.385530180521925,2.3841893552215123,2.3841413504774938,0.0,-0.0,True,False
Q_A_topsis_0_1,13,5,8,0.0005584486962079872,0.0015625,2.3855781852659437,2.385518411769164,2.3861407727798367,2.386080999283057,0.0,-0.0,True,False
Q_A_topsis_0_1,13,5,9,0.00020558921647087053,0.001771744399129463,2.3855781852659437,2.3855561800460334,2.3849009753971133,2.384878970177203,0.0,-0.0,True,False
Q_A_topsis_0_1,13,5,10,0.0005460891698948074,0.0015624999999999999,2.3855781852659437,2.385519734669747,2.3861072442428997,2.3860487936467036,4.440892098500626e-16,-4.440892098500626e-16,True,False
Q_A_topsis_0_1,13,5,11,0.0005639551802862679,0.0015625,2.3855781852659437,2.385517822383226,2.3862339166261233,2.386173553743406,4.440892098500626e-16,-4.440892098500626e-16,True,False
Q_A_topsis_0_1,13,5,12,0.0005426591199612864,0.0015624999999999999,2.3855781852659437,2.385520101804777,2.3850227270987117,2.384964643637545,0.0,-0.0,True,False
Q_A_topsis_0_1,13,5,14,0.000545536601556506,0.0015624999999999999,2.3855781852659437,2.385519793813841,2.3851818497145914,2.3851234582624885,0.0,-0.0,True,False
Q_A_topsis_0_1,13,5,15,0.0005614944107705835,0.0015625,2.3855781852659437,2.3855180857714293,2.3861151345873424,2.386055035092828,0.0,-0.0,True,False
Q_A_topsis_0_1,13,5,16,0.0005603083152337007,0.0015625,2.3855781852659437,2.385518212725039,2.386231531341125,2.3861715588002204,0.0,-0.0,True,False
Q_A_topsis_0_1,13,6,7,0.0004410197225710267,0.0016224329268891204,2.3855781852659437,2.386247004501754,2.3842125071877365,2.384881326423547,0.0,-0.0,True,False
Q_A_topsis_0_1,13,6,8,0.0005623813487751336,0.0015625,2.3855781852659437,2.3864310529375503,2.3861447345783797,2.3869976022499864,0.0,-0.0,True,False
Q_A_topsis_0_1,13,6,9,0.0002062886739429869,0.001772724084981584,2.3855781852659437,2.3858910280396377,2.3848986713876372,2.385211514161331,-4.440892098500626e-16,4.440892098500626e-16,True,False
Q_A_topsis_0_1,13,6,10,0.0005498490886691863,0.0015625,2.3855781852659437,2.3864120474006136,2.386110886905838,2.3869447490405085,4.440892098500626e-16,-4.440892098500626e-16,True,False
Q_A_topsis_0_1,13,6,11,0.00057178058975642,0.0015625,2.3855781852659437,2.386445307159864,2.3862430155165586,2.3871101374104793,4.440892098500626e-16,-4.440892098500626e-16,True,False
Q_A_topsis_0_1,13,6,12,0.0005463717935341768,0.0015625,2.3855781852659437,2.3864067739814083,2.385018926858778,2.3858475155742425,0.0,-0.0,True,False
Q_A_topsis_0_1,13,6,14,0.0005509152535559426,0.0015625,2.3855781852659437,2.3864136642706724,2.385177942092262,2.386013421096991,4.440892098500626e-16,-4.440892098500626e-16,True,False
Q_A_topsis_0_1,13,6,15,0.0005661091878086649,0.0015625,2.3855781852659437,2.3864367063138645,2.386119547634652,2.386978068682573,0.0,-0.0,True,False
Q_A_topsis_0_1,13,6,16,0.0005642672955000138,0.0015624999999999999,2.3855781852659437,2.3864339130306087,2.386236147699919,2.3870918754645847,4.440892098500626e-16,-4.440892098500626e-16,True,False
Q_A_topsis_0_1,13,7,8,0.00045934207633402445,0.001608277684727513,2.3855781852659437,2.3841557695055093,2.386040931653403,2.384618515892968,-4.440892098500626e-16,4.440892098500626e-16,True,False
Q_A_topsis_0_1,13,7,9,0.00019074171870921562,0.0017632174619593443,2.3855781852659437,2.3849875273644736,2.384949882981782,2.3843592250803125,4.440892098500626e-16,-4.440892098500626e-16,True,False
Q_A_topsis_0_1,13,7,10,0.0004641160785252721,0.0015973461071042622,2.3855781852659437,2.384140986152738,2.3860278275427547,2.384590628429549,0.0,-0.0,True,False
Q_A_topsis_0_1,13,7,11,0.00045790831359039327,0.0016104999015401783,2.3855781852659437,2.384160209348555,2.386110612047015,2.3846926361296266,4.440892098500626e-16,-4.440892098500626e-16,True,False
Q_A_topsis_0_1,13,7,12,0.00046516852811381225,0.001594436129718805,2.3855781852659437,2.3841377270981923,2.385102045367846,2.3836615872000952,4.440892098500626e-16,-4.440892098500626e-16,True,False
Q_A_topsis_0_1,13,7,14,0.0004641392392495715,0.0015979664757033434,2.3855781852659437,2.3841409144323777,2.385240985377307,2.383803714543741,0.0,-0.0,True,False
Q_A_topsis_0_1,13,7,15,0.0004564145322219507,0.00160965060489732,2.3855781852659437,2.384164835047507,2.3860146481561384,2.3846012979377016,0.0,-0.0,True,False
Q_A_topsis_0_1,13,7,16,0.00045913283360660183,0.0016095006610894174,2.3855781852659437,2.3841564174543226,2.386113555930037,2.3846917881184155,-4.440892098500626e-16,4.440892098500626e-16,True,False
Q_A_topsis_0_1,13,8,9,0.00020670291065314275,0.0017723455042903727,2.3855781852659437,2.385786420109016,2.384897306893949,2.3851055417370217,4.440892098500626e-16,-4.440892098500626e-16,True,False
Q_A_topsis_0_1,13,8,10,0.0005491481989296582,0.0015625,2.3855781852659437,2.386131403354002,2.3861102078738616,2.3866634259619195,-4.440892098500626e-16,4.440892098500626e-16,True,False
Q_A_topsis_0_1,13,8,11,0.0005702195880103102,0.0015625,2.3855781852659437,2.386152630908973,2.3862412004826092,2.3868156461256382,-4.440892098500626e-16,4.440892098500626e-16,True,False
Q_A_topsis_0_1,13,8,12,0.0005456797351639207,0.0015625,2.3855781852659437,2.3861279091844922,2.3850196352398956,2.385569359158444,0.0,-0.0,True,False
Q_A_topsis_0_1,13,8,14,0.0005502116448507622,0.0015625,2.3855781852659437,2.386132474681415,2.3851784532681264,2.3857327426835977,0.0,-0.0,True,False
Q_A_topsis_0_1,13,8,15,0.0005653662598209128,0.0015624999999999999,2.3855781852659437,2.3861477416114263,2.3861188371829165,2.386688393528399,0.0,-0.0,True,False
Q_A_topsis_0_1,13,8,16,0.0005635291908756862,0.0015624999999999999,2.3855781852659437,2.3861458909274553,2.3862352870349137,2.386802992696425,-4.440892098500626e-16,4.440892098500626e-16,True,False
Q_A_topsis_0_1,13,9,10,0.00020519812164724194,0.0017706114873030116,2.3855781852659437,2.3849022636615405,2.3857769841330465,2.3851010625286433,0.0,-0.0,True,False
Q_A_topsis_0_1,13,9,11,0.0002061869316992268,0.0017720990802467865,2.3855781852659437,2.384899006526088,2.385817926369316,2.3851387476294605,0.0,-0.0,True,False
Q_A_topsis_0_1,13,9,12,0.00019393020133858568,0.0017774248567972708,2.3855781852659437,2.384939380135669,2.385379681066449,2.384740875936174,0.0,-0.0,True,False
Q_A_topsis_0_1,13,9,14,0.00018649787867207394,0.001781971714533076,2.3855781852659437,2.3849638621700113,2.3854426934596034,2.384828370363671,0.0,-0.0,True,False
Q_A_topsis_0_1,13,9,15,0.0002057619128890874,0.0017719315337368462,2.3855781852659437,2.38490040653596,2.3857749525308996,2.3850971738009163,4.440892098500626e-16,-4.440892098500626e-16,True,False
Q_A_topsis_0_1,13,9,16,0.00020602611152755495,0.0017712512217270026,2.3855781852659437,2.3848995362669436,2.3858184214853457,2.3851397724863457,0.0,-0.0,True,False
Q_A_topsis_0_1,13,10,11,0.0005659260866991122,0.0015625,2.3855781852659437,2.3861264625308447,2.3862362082712543,2.386784485536155,-4.440892098500626e-16,4.440892098500626e-16,True,False
Q_A_topsis_0_1,13,10,12,0.0005338729749188044,0.0015625,2.3855781852659437,2.386095409018961,2.385031720471978,2.3855489442249955,0.0,-0.0,True,False
Q_A_topsis_0_1,13,10,14,0.0005382101148637506,0.0015625,2.3855781852659437,2.386099610902003,2.3851871724502876,2.385708598086347,0.0,-0.0,True,False
Q_A_topsis_0_1,13,10,15,0.0005527021113910158,0.0015625,2.3855781852659437,2.3861136509549454,2.3861067266333276,2.386642192322329,-4.440892098500626e-16,4.440892098500626e-16,True,False
Q_A_topsis_0_1,13,10,16,0.0005509462932152173,0.0015625,2.3855781852659437,2.386111949893252,2.38622061477934,2.3867543794066495,8.881784197001252e-16,-8.881784197001252e-16,True,False
Q_A_topsis_0_1,13,11,12,0.0005622431550164419,0.0015625,2.3855781852659437,2.386231925991587,2.3850026811586025,2.3856564218842458,0.0,-0.0,True,False
Q_A_topsis_0_1,13,11,14,0.0005514510930708778,0.0015624999999999999,2.3855781852659437,2.3862193776655745,2.385177552801701,2.3858187452013317,0.0,-0.0,True,False
Q_A_topsis_0_1,13,11,15,0.0005677619671851035,0.0015625,2.3855781852659437,2.3862383429167906,2.3861211281646586,2.3867812858155055,0.0,-0.0,True,False
Q_A_topsis_0_1,13,11,16,0.0005780824424427573,0.0015625,2.3855781852659437,2.386250342911675,2.38625225681661,2.3869244144623414,0.0,-0.0,True,False
Q_A_topsis_0_1,13,12,14,0.0005348780274537693,0.0015625,2.3855781852659437,2.3850306917144795,2.3851895932313996,2.3846420996799353,0.0,-0.0,True,False
Q_A_topsis_0_1,13,12,15,0.0005491887523792581,0.0015624999999999999,2.3855781852659437,2.385016043459716,2.3861033668568075,2.3855412250505803,4.440892098500626e-16,-4.440892098500626e-16,True,False
Q_A_topsis_0_1,13,12,16,0.0005474551506498652,0.0015625,2.3855781852659437,2.3850178179498225,2.386216543941498,2.3856561766253765,-4.440892098500626e-16,4.440892098500626e-16,True,False
Q_A_topsis_0_1,13,14,15,0.0005490980071807919,0.0015624999999999999,2.3855781852659437,2.3851792623324477,2.3861032800784323,2.3857043571449363,0.0,-0.0,True,False
Q_A_topsis_0_1,13,14,16,0.0005520167214782281,0.0015625,2.3855781852659437,2.3851771418693346,2.3862218629494736,2.385820819552864,-4.440892098500626e-16,4.440892098500626e-16,True,False
Q_A_topsis_0_1,13,15,16,0.0005672723134083905,0.0015624999999999999,2.3855781852659437,2.3861206599155396,2.386239651693351,2.3867821263429465,-4.440892098500626e-16,4.440892098500626e-16,True,False
Q_A_topsis_0_1,14,0,1,0.0005835839976116242,0.0015625,2.3855781852659437,2.386757728195696,2.386847181411824,2.388026724341577,4.440892098500626e-16,-4.440892098500626e-16,True,False
Q_A_topsis_0_1,14,0,2,0.0004132792444297563,0.0016071652350203238,2.3855781852659437,2.386413507366576,2.3854731031202117,2.3863084252208444,4.440892098500626e-16,-4.440892098500626e-16,True,False
Q_A_topsis_0_1,14,0,3,0.0005859325270369223,0.0015625,2.3855781852659437,2.3867624750552574,2.3867277002198177,2.3879119900091315,0.0,-0.0,True,False
Q_A_topsis_0_1,14,0,4,0.000586130638478978,0.0015625,2.3855781852659437,2.386762875479107,2.386673092198291,2.3878577824114537,-4.440892098500626e-16,4.440892098500626e-16,True,False
Q_A_topsis_0_1,14,0,5,0.0005804714900027405,0.0015625,2.3855781852659437,2.386751437179563,2.3859377705151625,2.3871110224287824,4.440892098500626e-16,-4.440892098500626e-16,True,False
Q_A_topsis_0_1,14,0,6,0.0005958018072394971,0.0015625,2.3855781852659437,2.3867824228943557,2.3869145895538826,2.388118827182294,-4.440892098500626e-16,4.440892098500626e-16,True,False
Q_A_topsis_0_1,14,0,7,0.0004369717415068278,0.001624693682599322,2.3855781852659437,2.3864613947615867,2.3845425048581332,2.3854257143537763,0.0,-0.0,True,False
Q_A_topsis_0_1,14,0,8,0.0005836305819353539,0.0015625,2.3855781852659437,2.386757822352167,2.386590152347751,2.3877697894339738,-4.440892098500626e-16,4.440892098500626e-16,True,False
Q_A_topsis_0_1,14,0,9,0.0002036783566290102,0.0017888030160261856,2.3855781852659437,2.3859898609912698,2.3850552432847207,2.3854669190100464,-4.440892098500626e-16,4.440892098500626e-16,True,False
Q_A_topsis_0_1,14,0,10,0.0005783835181286293,0.0015625,2.3855781852659437,2.386747216960243,2.386558730497637,2.387727762191936,0.0,-0.0,True,False
Q_A_topsis_0_1,14,0,11,0.0005856149084518841,0.0015625,2.3855781852659437,2.3867618330829656,2.3866845538631707,2.3878682016801926,0.0,-0.0,True,False
Q_A_topsis_0_1,14,0,12,0.0005688116947074375,0.0015625,2.3855781852659437,2.386727870342297,2.3854092027381677,2.386558887814521,0.0,-0.0,True,False
Q_A_topsis_0_1,14,0,13,0.0005513228488541828,0.0015625,2.3855781852659437,2.3866925217985395,2.385978724560008,2.3870930610926036,-4.440892098500626e-16,4.440892098500626e-16,True,False
Q_A_topsis_0_1,14,0,15,0.0005817563266566017,0.0015625,2.3855781852659437,2.386754034097911,2.3865571601714066,2.387733009003374,0.0,-0.0,True,False
Q_A_topsis_0_1,14,0,16,0.0005844758418751168,0.0015624999999999999,2.3855781852659437,2.3867595307958354,2.386684336962225,2.3878656824921163,-4.440892098500626e-16,4.440892098500626e-16,True,False
Q_A_topsis_0_1,14,1,2,0.00040824974148472444,0.001602124665417391,2.3855781852659437,2.3864659192521755,2.3854743819431103,2.386362115929342,0.0,-0.0,True,False
Q_A_topsis_0_1,14,1,3,0.0005827295542409356,0.0015625,2.3855781852659437,2.38684532343534,2.386721416450005,2.387988554619401,0.0,-0.0,True,False
Q_A_topsis_0_1,14,1,4,0.000580279123686687,0.0015625,2.3855781852659437,2.386839995004571,2.3866621614199106,2.3879239711585383,4.440892098500626e-16,-4.440892098500626e-16,True,False
Q_A_topsis_0_1,14,1,5,0.0005761537737854677,0.0015625,2.3855781852659437,2.38683102448251,2.385935095815219,2.387187935031785,-4.440892098500626e-16,4.440892098500626e-16,True,False
Q_A_topsis_0_1,14,1,6,0.0005878567329968508,0.0015625,2.3855781852659437,2.3868564724217873,2.3868967684745286,2.3881750556303727,4.440892098500626e-16,-4.440892098500626e-16,True,False
Q_A_topsis_0_1,14,1,7,0.00043850550414163973,0.0016214576824793753,2.3855781852659437,2.3865317100318397,2.384538869639284,2.3854923944051802,0.0,-0.0,True,False
Q_A_topsis_0_1,14,1,8,0.000579810671640412,0.0015625,2.3855781852659437,2.3868389763614215,2.3865835289397364,2.3878443200352146,4.440892098500626e-16,-4.440892098500626e-16,True,False
Q_A_topsis_0_1,14,1,9,0.00020228794365613375,0.0017875511796484386,2.3855781852659437,2.386018057883953,2.385058813155014,2.3854986857730234,0.0,-0.0,True,False
Q_A_topsis_0_1,14,1,10,0.0005743434744917873,0.0015625,2.3855781852659437,2.3868270880092073,2.3865518813302593,2.3878007840735225,-4.440892098500626e-16,4.440892098500626e-16,True,False
Q_A_topsis_0_1,14,1,11,0.0005814735715607819,0.0015624999999999999,2.3855781852659437,2.3868425923166203,2.3866767298733427,2.3879411369240193,0.0,-0.0,True,False
Q_A_topsis_0_1,14,1,12,0.0005649038123723934,0.0015625,2.3855781852659437,2.3868065615813117,2.385410363691505,2.3866387400068727,-4.440892098500626e-16,4.440892098500626e-16,True,False
Q_A_topsis_0_1,14,1,13,0.0005484861693549355,0.0015625,2.3855781852659437,2.3867708616207253,2.3859766636956588,2.3871693400504403,0.0,-0.0,True,False
Q_A_topsis_0_1,14,1,15,0.000577767035394053,0.0015625,2.3855781852659437,2.386834532499817,2.386550447023895,2.387806794257768,-4.440892098500626e-16,4.440892098500626e-16,True,False
Q_A_topsis_0_1,14,1,16,0.0005812887317721509,0.0015625,2.3855781852659437,2.3868421903847983,2.3866783051864116,2.387942310305266,0.0,-0.0,True,False
Q_A_topsis_0_1,14,2,3,0.00041149402451764983,0.0015995414357136233,2.3855781852659437,2.3854735570378507,2.3863854770833224,2.38628084885523,4.440892098500626e-16,-4.440892098500626e-16,True,False
Q_A_topsis_0_1,14,2,4,0.00040984275321932784,0.0016039547778498048,2.3855781852659437,2.3854739768971434,2.386343781947319,2.386239573578519,4.440892098500626e-16,-4.440892098500626e-16,True,False
Q_A_topsis_0_1,14,2,5,0.00041625086603884546,0.0015932213266776072,2.3855781852659437,2.38547234754301,2.385836040602477,2.3857302028795426,-4.440892098500626e-16,4.440892098500626e-16,True,False
Q_A_topsis_0_1,14,2,6,0.0004106190652372017,0.0015992400796461833,2.3855781852659437,2.385473779508734,2.386499218188007,2.3863948124307974,0.0,-0.0,True,False
Q_A_topsis_0_1,14,2,7,0.0002874205679338887,0.001689965679707752,2.3855781852659437,2.385505104484818,2.384896960777641,2.3848238799965147,-4.440892098500626e-16,4.440892098500626e-16,True,False
Q_A_topsis_0_1,14,2,8,0.0004114396519551056,0.0015988141408003354,2.3855781852659437,2.385473570862851,2.3862915875392585,2.386186973136166,0.0,-0.0,True,False
Q_A_topsis_0_1,14,2,9,0.00018814913852869,0.0017704784722455905,2.3855781852659437,2.3855303456624295,2.3850951143845007,2.3850472747809865,0.0,-0.0,True,False
Q_A_topsis_0_1,14,2,10,0.00041828075620291137,0.0015889474551375672,2.3855781852659437,2.385471831414468,2.386287305059555,2.386180951208079,-4.440892098500626e-16,4.440892098500626e-16,True,False
Q_A_topsis_0_1,14,2,11,0.00041148935831932903,0.0015998359188756715,2.3855781852659437,2.3854735582242985,2.386355588466523,2.386250961424878,0.0,-0.0,True,False
Q_A_topsis_0_1,14,2,12,0.00042528665508827435,0.001576835030656557,2.3855781852659437,2.3854700500646957,2.3854518411441985,2.385343705942951,4.440892098500626e-16,-4.440892098500626e-16,True,False
Q_A_topsis_0_1,14,2,13,0.00038487668682679567,0.001608235866818909,2.3855781852659437,2.38548032487581,2.3858578004438087,2.3857599400536755,4.440892098500626e-16,-4.440892098500626e-16,True,False
Q_A_topsis_0_1,14,2,15,0.0003864900783000373,0.001618905710939972,2.3855781852659437,2.3854799146480037,2.3862285676864334,2.3861302970684934,0.0,-0.0,True,False
Q_A_topsis_0_1,14,2,16,0.00041554400508419,0.001598338135468121,2.3855781852659437,2.385472527272495,2.3863646244532823,2.3862589664598337,0.0,-0.0,True,False
Q_A_topsis_0_1,14,3,4,0.0005825353420632811,0.0015625,2.3855781852659437,2.386721035433775,2.3866663760931925,2.387809226261023,-8.881784197001252e-16,8.881784197001252e-16,True,False
Q_A_topsis_0_1,14,3,5,0.0005783779646685301,0.0015625,2.3855781852659437,2.386712879260046,2.3859364736369493,2.3870711676310514,0.0,-0.0,True,False
Q_A_topsis_0_1,14,3,6,0.0005901723796140303,0.0015625,2.3855781852659437,2.3867360181979373,2.3869019625508656,2.38805979548286,8.881784197001252e-16,-8.881784197001252e-16,True,False
Q_A_topsis_0_1,14,3,7,0.0004364364853684932,0.0016247525089245313,2.3855781852659437,2.386434410587457,2.3845437734854675,2.385399998806981,4.440892098500626e-16,-4.440892098500626e-16,True,False
Q_A_topsis_0_1,14,3,8,0.0005819187061933816,0.0015625,2.3855781852659437,2.386719825683299,2.3865871840970243,2.3877288245143795,0.0,-0.0,True,False
Q_A_topsis_0_1,14,3,9,0.00020349106704640487,0.001787096967569421,2.3855781852659437,2.3859774053360985,2.3850557241487014,2.385454944218856,0.0,-0.0,True,False
Q_A_topsis_0_1,14,3,10,0.0005777103218184498,0.0015625,2.3855781852659437,2.3867115694412444,2.3865575892143682,2.3876909733896694,4.440892098500626e-16,-4.440892098500626e-16,True,False
Q_A_topsis_0_1,14,3,11,0.0005849247833274177,0.0015625,2.3855781852659437,2.3867257231722734,2.386683250049428,2.3878307879557576,0.0,-0.0,True,False
Q_A_topsis_0_1,14,3,12,0.0005681605832929455,0.0015625,2.3855781852659437,2.386692834234145,2.385409396170289,2.38652404513849,-4.440892098500626e-16,4.440892098500626e-16,True,False
Q_A_topsis_0_1,14,3,13,0.000549795006091005,0.0015625,2.3855781852659437,2.3866568036254043,2.3859776145732496,2.3870562329327103,0.0,-0.0,True,False
Q_A_topsis_0_1,14,3,15,0.0005800554121803653,0.0015625,2.3855781852659437,2.3867161701696817,2.3865542978860956,2.3876922827898333,-4.440892098500626e-16,4.440892098500626e-16,True,False
Q_A_topsis_0_1,14,3,16,0.0005827590112880758,0.0015625,2.3855781852659437,2.386721474240475,2.386681087768794,2.387824376743325,0.0,-0.0,True,False
Q_A_topsis_0_1,14,4,5,0.0005742169285781601,0.0015624999999999999,2.3855781852659437,2.386650837085345,2.3859338959957985,2.3870065478151994,-4.440892098500626e-16,4.440892098500626e-16,True,False
Q_A_topsis_0_1,14,4,6,0.0005858405431142883,0.0015625,2.3855781852659437,2.386672550292775,2.386892246090119,2.38798661111695,0.0,-0.0,True,False
Q_A_topsis_0_1,14,4,7,0.00043625742096918443,0.0016266061811170299,2.3855781852659437,2.386393125218147,2.3845441978916075,2.3853591378438113,4.440892098500626e-16,-4.440892098500626e-16,True,False
Q_A_topsis_0_1,14,4,8,0.0005782434182271761,0.0015625,2.3855781852659437,2.3866583586703642,2.386580811452147,2.3876609848565673,-4.440892098500626e-16,4.440892098500626e-16,True,False
Q_A_topsis_0_1,14,4,9,0.00020383009619777035,0.001785822787182179,2.3855781852659437,2.385958945067081,2.3850548536950162,2.385435613496154,4.440892098500626e-16,-4.440892098500626e-16,True,False
Q_A_topsis_0_1,14,4,10,0.0005758319312473184,0.0015625,2.3855781852659437,2.3866538539513846,2.386554404740987,2.3876300734264277,0.0,-0.0,True,False
Q_A_topsis_0_1,14,4,11,0.0005836211252813758,0.0015625,2.3855781852659437,2.386668404363845,2.386680787123189,2.3877710062210897,-4.440892098500626e-16,4.440892098500626e-16,True,False
Q_A_topsis_0_1,14,4,12,0.0005727099310191126,0.0015625,2.3855781852659437,2.3866480219755957,2.3854080446504704,2.3864778813601224,0.0,-0.0,True,False
Q_A_topsis_0_1,14,4,13,0.0005499694303428242,0.0015625,2.3855781852659437,2.3866055421422603,2.385977741293495,2.3870050981698117,0.0,-0.0,True,False
Q_A_topsis_0_1,14,4,15,0.000580032431809319,0.0015625,2.3855781852659437,2.386661700593213,2.3865542592149103,2.387637774542179,-4.440892098500626e-16,4.440892098500626e-16,True,False
Q_A_topsis_0_1,14,4,16,0.0005799222292156108,0.0015624999999999999,2.3855781852659437,2.3866614947319666,2.3866757190074583,2.387759028473481,-4.440892098500626e-16,4.440892098500626e-16,True,False
Q_A_topsis_0_1,14,5,6,0.0005816360257075588,0.0015625,2.3855781852659437,2.3859384919112503,2.38688281521055,2.3872431218558567,0.0,-0.0,True,False
Q_A_topsis_0_1,14,5,7,0.00044690044168784024,0.0016158501261191905,2.3855781852659437,2.385855027125481,2.3845189725349285,2.384795814394465,-4.440892098500626e-16,4.440892098500626e-16,True,False
Q_A_topsis_0_1,14,5,8,0.0005741468600672769,0.0015625,2.3855781852659437,2.3859338525903886,2.386573708359652,2.386929375684097,0.0,-0.0,True,False
Q_A_topsis_0_1,14,5,9,0.0001958947108289086,0.0017913918828312847,2.3855781852659437,2.3856995363566127,2.385075227711261,2.3851965788019296,-4.440892098500626e-16,4.440892098500626e-16,True,False
Q_A_topsis_0_1,14,5,10,0.0005717693501094943,0.0015625,2.3855781852659437,2.3859323797919387,2.38654751736533,2.3869017118913245,-4.440892098500626e-16,4.440892098500626e-16,True,False
Q_A_topsis_0_1,14,5,11,0.0005794482911421138,0.0015625,2.3855781852659437,2.3859371366731508,2.3866729036274204,2.387031855034627,-4.440892098500626e-16,4.440892098500626e-16,True,False
Q_A_topsis_0_1,14,5,12,0.0005662635053445172,0.0015625,2.3855781852659437,2.385928969080825,2.3854099597540377,2.385760743568919,0.0,-0.0,True,False
Q_A_topsis_0_1,14,5,13,0.0005449840520930741,0.0015625,2.3855781852659437,2.3859157870768293,2.385974119386859,2.3863117211977447,0.0,-0.0,True,False
Q_A_topsis_0_1,14,5,15,0.0005747028776846403,0.0015625,2.3855781852659437,2.385934197027173,2.3865452906837468,2.3869013024449757,-4.440892098500626e-16,4.440892098500626e-16,True,False
Q_A_topsis_0_1,14,5,16,0.0005758019342427228,0.0015625,2.3855781852659437,2.3859348778608283,2.386667921129519,2.3870246137244036,0.0,-0.0,True,False
Q_A_topsis_0_1,14,6,7,0.0004221830183168205,0.001639598271786711,2.3855781852659437,2.3865251565391388,2.384577556074058,2.3855245273472527,-4.440892098500626e-16,4.440892098500626e-16,True,False
Q_A_topsis_0_1,14,6,8,0.0005857676093416444,0.0015624999999999999,2.3855781852659437,2.3868920824971167,2.3865938577762447,2.3879077550074177,0.0,-0.0,True,False
Q_A_topsis_0_1,14,6,9,0.00020211497733536583,0.0017889843528862176,2.3855781852659437,2.386031536227766,2.385059257244175,2.3855126082059974,0.0,-0.0,True,False
Q_A_topsis_0_1,14,6,10,0.0005832930910699414,0.0015625,2.3855781852659437,2.386886532066103,2.3865670537955634,2.387875400595722,-4.440892098500626e-16,4.440892098500626e-16,True,False
Q_A_topsis_0_1,14,6,11,0.0005912868459136688,0.0015625,2.3855781852659437,2.386904462337747,2.386695269528709,2.3880215466005126,0.0,-0.0,True,False
Q_A_topsis_0_1,14,6,12,0.0005718149033434044,0.0015625,2.3855781852659437,2.386860786089657,2.3854083105452126,2.3866909113689267,8.881784197001252e-16,-8.881784197001252e-16,True,False
Q_A_topsis_0_1,14,6,13,0.0005572367251341175,0.0015625,2.3855781852659437,2.386828086726157,2.385983021025927,2.38723292248614,-4.440892098500626e-16,4.440892098500626e-16,True,False
Q_A_topsis_0_1,14,6,15,0.0005876035575766364,0.0015625,2.3855781852659437,2.386896200593208,2.386566999844952,2.387885015172216,0.0,-0.0,True,False
Q_A_topsis_0_1,14,6,16,0.0005874904595525507,0.0015625,2.3855781852659437,2.386895946910385,2.3866900422869257,2.3880078039313672,0.0,-0.0,True,False
Q_A_topsis_0_1,14,7,8,0.00043894389764686343,0.0016212993248584035,2.3855781852659437,2.38453783058911,2.3863392776228687,2.3852989229460353,4.440892098500626e-16,-4.440892098500626e-16,True,False
Q_A_topsis_0_1,14,7,9,0.00017879000498050924,0.0017933238016235632,2.3855781852659437,2.385154429476537,2.3851191438588213,2.3846953880694146,0.0,-0.0,True,False
Q_A_topsis_0_1,14,7,10,0.0004433013012941289,0.001615162357527982,2.3855781852659437,2.3845275029702786,2.3863297228937683,2.3852790405981033,0.0,-0.0,True,False
Q_A_topsis_0_1,14,7,11,0.0004376344652971858,0.0016231323905444817,2.3855781852659437,2.384540934115725,2.386404982914844,2.385367731764626,4.440892098500626e-16,-4.440892098500626e-16,True,False
Q_A_topsis_0_1,14,7,12,0.0004378635509808271,0.001614331643427738,2.3855781852659437,2.3845403911525733,2.385448104801083,2.3844103106877124,-4.440892098500626e-16,4.440892098500626e-16,True,False
Q_A_topsis_0_1,14,7,13,0.00045349207055514696,0.0016011166363021757,2.3855781852659437,2.384503349508941,2.385907649923869,2.384832814166866,0.0,-0.0,True,False
Q_A_topsis_0_1,14,7,15,0.0004263315224325237,0.0016298178738480525,2.3855781852659437,2.3845677235745475,2.3862956125507795,2.3852851508593833,0.0,-0.0,True,False
Q_A_topsis_0_1,14,7,16,0.00043875282226744146,0.001625560089184479,2.3855781852659437,2.38453828346285,2.386408548377347,2.3853686465742534,0.0,-0.0,True,False
Q_A_topsis_0_1,14,8,9,0.0002033632742578873,0.0017861890678600556,2.3855781852659437,2.3859308003371336,2.385056052255306,2.3854086673264954,-4.440892098500626e-16,4.440892098500626e-16,True,False
Q_A_topsis_0_1,14,8,10,0.0005746769292632462,0.0015624999999999999,2.3855781852659437,2.3865746274557273,2.386552446642852,2.3875488888326357,0.0,-0.0,True,False
Q_A_topsis_0_1,14,8,11,0.0005818153594304114,0.0015624999999999999,2.3855781852659437,2.386587004902298,2.386677375593526,2.3876861952298802,-4.440892098500626e-16,4.440892098500626e-16,True,False
Q_A_topsis_0_1,14,8,12,0.0005652263931029897,0.0015625,2.3855781852659437,2.386558241008897,2.38541026785925,2.3863903236022037,4.440892098500626e-16,-4.440892098500626e-16,True,False
Q_A_topsis_0_1,14,8,13,0.0005477677595345645,0.0015625,2.3855781852659437,2.386527969184542,2.3859761417666965,2.3869259256852953,4.440892098500626e-16,-4.440892098500626e-16,True,False
Q_A_topsis_0_1,14,8,15,0.000577799325262127,0.0015625,2.3855781852659437,2.386580041431734,2.3865505013610275,2.3875523575268183,4.440892098500626e-16,-4.440892098500626e-16,True,False
Q_A_topsis_0_1,14,8,16,0.0005798507615017495,0.0015625,2.3855781852659437,2.386583598452235,2.386675583750999,2.38768099693729,-4.440892098500626e-16,4.440892098500626e-16,True,False
Q_A_topsis_0_1,14,9,10,0.00020319050705120035,0.0017857560549171575,2.3855781852659437,2.3850564958332434,2.3859226582264785,2.3854009687937783,0.0,-0.0,True,False
Q_A_topsis_0_1,14,9,11,0.00020336470578813251,0.0017874537684321706,2.3855781852659437,2.3850560485798677,2.3859623905192957,2.3854402538332193,-4.440892098500626e-16,4.440892098500626e-16,True,False
Q_A_topsis_0_1,14,9,12,0.0001947633005505824,0.0017916845082457502,2.3855781852659437,2.385078132594933,2.3855203250019033,2.3850202723308924,0.0,-0.0,True,False
Q_A_topsis_0_1,14,9,13,0.00020104107033996687,0.001782530542488846,2.3855781852659437,2.385062014488789,2.3857242427866128,2.385208072009458,0.0,-0.0,True,False
Q_A_topsis_0_1,14,9,15,0.0002038756265949435,0.0017861932820560475,2.3855781852659437,2.385054736796213,2.3859212655439337,2.3853978170742036,4.440892098500626e-16,-4.440892098500626e-16,True,False
Q_A_topsis_0_1,14,9,16,0.00020393027312331377,0.0017861224396616855,2.385578185265944,2.385054596491842,2.3859641341818385,2.3854405454077368,4.440892098500626e-16,-4.440892098500626e-16,True,False
Q_A_topsis_0_1,14,10,11,0.0005763104708691513,0.0015625,2.3855781852659437,2.3865552160188495,2.3866669755238767,2.3876440062767825,0.0,-0.0,True,False
Q_A_topsis_0_1,14,10,12,0.0005600295427655227,0.0015625,2.3855781852659437,2.3865276146334033,2.3854118117390875,2.3863612411065467,-4.440892098500626e-16,4.440892098500626e-16,True,False
Q_A_topsis_0_1,14,10,13,0.0005460271390844406,0.0015625,2.3855781852659437,2.3865038760763193,2.3859748771956966,2.3869005680060718,-4.440892098500626e-16,4.440892098500626e-16,True,False
Q_A_topsis_0_1,14,10,15,0.0005726692595543984,0.0015625,2.3855781852659437,2.3865490429999436,2.3865418685273805,2.38751272626138,-4.440892098500626e-16,4.440892098500626e-16,True,False
Q_A_topsis_0_1,14,10,16,0.0005774258775780335,0.0015625,2.3855781852659437,2.3865571069903164,2.386670994528873,2.387649916253246,0.0,-0.0,True,False
Q_A_topsis_0_1,14,11,12,0.0005668065755759932,0.0015625,2.3855781852659437,2.3866490203605912,2.3854097984187814,2.386480633513429,0.0,-0.0,True,False
Q_A_topsis_0_1,14,11,13,0.0005510192767082983,0.0015625,2.3855781852659437,2.3866191943239756,2.3859785040130577,2.3870195130710896,0.0,-0.0,True,False
Q_A_topsis_0_1,14,11,15,0.0005797575921398862,0.0015624999999999999,2.3855781852659437,2.386673487972023,2.3865537967169073,2.387649099422986,-4.440892098500626e-16,4.440892098500626e-16,True,False
Q_A_topsis_0_1,14,11,16,0.0005841346735621152,0.0015624999999999999,2.3855781852659437,2.3866817573404475,2.3866836912830007,2.387787263357504,-4.440892098500626e-16,4.440892098500626e-16,True,False
Q_A_topsis_0_1,14,12,13,0.0005438129116237188,0.0015625,2.3855781852659437,2.3854166293744274,2.3859732685464166,2.3858117126549003,0.0,-0.0,True,False
Q_A_topsis_0_1,14,12,15,0.0005632841009348079,0.0015625,2.3855781852659437,2.3854108448752354,2.3865260752573265,2.3863587348666178,-4.440892098500626e-16,4.440892098500626e-16,True,False
Q_A_topsis_0_1,14,12,16,0.0005760424581608123,0.0015624999999999999,2.3855781852659437,2.385407054623603,2.386668376333859,2.3864972456915186,4.440892098500626e-16,-4.440892098500626e-16,True,False
Q_A_topsis_0_1,14,13,15,0.0005461164392944924,0.0015625,2.3855781852659437,2.3859749420728247,2.3864971856532753,2.3868939424601567,4.440892098500626e-16,-4.440892098500626e-16,True,False
Q_A_topsis_0_1,14,13,16,0.0005485122660308328,0.0015625,2.3855781852659437,2.3859766826550475,2.386616273977283,2.387014771366387,0.0,-0.0,True,False
Q_A_topsis_0_1,14,15,16,0.0005786277670202769,0.0015625,2.3855781852659437,2.386551895456209,2.38667326916873,2.3876469793589954,0.0,-0.0,True,False
Q_A_topsis_0_1,15,0,1,0.001,0.0018248008233518937,2.3855781852659437,2.3859165983050175,2.3860698808084697,2.386408293847543,-4.440892098500626e-16,4.440892098500626e-16,True,False
Q_A_topsis_0_1,15,0,2,0.0005156482544246565,0.0018237600746804233,2.3855781852659437,2.3857526873588166,2.3845793455696334,2.3847538476625068,4.440892098500626e-16,-4.440892098500626e-16,True,False
Q_A_topsis_0_1,15,0,3,0.001,0.0018253883020205863,2.3855781852659437,2.3859165983050175,2.3858572487488234,2.386195661787897,0.0,-0.0,True,False
Q_A_topsis_0_1,15,0,4,0.001,0.0018275774037936937,2.3855781852659437,2.3859165983050175,2.3857634186639585,2.386101831703032,-4.440892098500626e-16,4.440892098500626e-16,True,False
Q_A_topsis_0_1,15,0,5,0.001,0.0018107723950682043,2.3855781852659437,2.3859165983050175,2.384514864234674,2.3848532772737476,0.0,-0.0,True,False
Q_A_topsis_0_1,15,0,6,0.001,0.001824842397885168,2.3855781852659437,2.3859165983050175,2.386138428212079,2.386476841251153,0.0,-0.0,True,False
Q_A_topsis_0_1,15,0,7,0.0004949088125922296,0.0018435278061968152,2.3855781852659437,2.3857456688612775,2.383572357790089,2.3837398413854225,-4.440892098500626e-16,4.440892098500626e-16,True,False
Q_A_topsis_0_1,15,0,8,0.001,0.0018263220673852673,2.3855781852659437,2.3859165983050175,2.3856293104047506,2.385967723443825,4.440892098500626e-16,-4.440892098500626e-16,True,False
Q_A_topsis_0_1,15,0,9,0.00020527151524898826,0.0018606349918302444,2.3855781852659437,2.3856476518232546,2.384705723598886,2.384775190156197,0.0,-0.0,True,False
Q_A_topsis_0_1,15,0,10,0.001,0.001810794185649399,2.3855781852659437,2.3859165983050175,2.3855907133918097,2.3859291264308835,0.0,-0.0,True,False
Q_A_topsis_0_1,15,0,11,0.001,0.0018262073822106141,2.3855781852659437,2.3859165983050175,2.3857846357837778,2.386123048822852,4.440892098500626e-16,-4.440892098500626e-16,True,False
Q_A_topsis_0_1,15,0,12,0.001,0.0017939091848482235,2.3855781852659437,2.3859165983050175,2.3835983133323304,2.383936726371404,0.0,-0.0,True,False
Q_A_topsis_0_1,15,0,13,0.001,0.001787124964287349,2.3855781852659437,2.3859165983050175,2.3846218991282746,2.3849603121673484,0.0,-0.0,True,False
Q_A_topsis_0_1,15,0,14,0.001,0.001728274754727649,2.3855781852659437,2.3859165983050175,2.38389539324357,2.3842338062826443,4.440892098500626e-16,-4.440892098500626e-16,True,False
Q_A_topsis_0_1,15,0,16,0.001,0.0018169446857962492,2.3855781852659437,2.3859165983050175,2.3857879465657614,2.3861263596048357,4.440892098500626e-16,-4.440892098500626e-16,True,False
Q_A_topsis_0_1,15,1,2,0.0005236981480897722,0.001821411048751456,2.3855781852659437,2.3858356853109886,2.38456375247245,2.384821252517495,0.0,-0.0,True,False
Q_A_topsis_0_1,15,1,3,0.001,0.0018250100999143179,2.3855781852659437,2.3860698808084697,2.3858572487488234,2.3863489442913495,0.0,-0.0,True,False
Q_A_topsis_0_1,15,1,4,0.001,0.0018271992016874253,2.3855781852659437,2.3860698808084697,2.3857634186639585,2.386255114206484,-4.440892098500626e-16,4.440892098500626e-16,True,False
Q_A_topsis_0_1,15,1,5,0.001,0.0018114856741592502,2.3855781852659437,2.3860698808084697,2.384514864234674,2.3850065597772,0.0,-0.0,True,False
Q_A_topsis_0_1,15,1,6,0.001,0.0018244641957788994,2.3855781852659437,2.3860698808084697,2.386138428212079,2.3866301237546046,-4.440892098500626e-16,4.440892098500626e-16,True,False
Q_A_topsis_0_1,15,1,7,0.0004929559886726816,0.001847077498969625,2.3855781852659437,2.3858205695282355,2.383580272435724,2.383822656698016,0.0,-0.0,True,False
Q_A_topsis_0_1,15,1,8,0.001,0.00183161778424571,2.3855781852659437,2.3860698808084697,2.3856293104047506,2.3861210059472766,0.0,-0.0,True,False
Q_A_topsis_0_1,15,1,9,0.00020489304517735623,0.00186095166653017,2.3855781852659437,2.385678930262952,2.3847073322031256,2.3848080772001334,-4.440892098500626e-16,4.440892098500626e-16,True,False
Q_A_topsis_0_1,15,1,10,0.001,0.0018224385446975954,2.3855781852659437,2.3860698808084697,2.3855907133918097,2.3860824089343358,0.0,-0.0,True,False
Q_A_topsis_0_1,15,1,11,0.001,0.00182676705526722,2.3855781852659437,2.3860698808084697,2.3857846357837778,2.386276331326304,0.0,-0.0,True,False
Q_A_topsis_0_1,15,1,12,0.001,0.001793530982741955,2.3855781852659437,2.3860698808084697,2.3835983133323304,2.3840900088748564,0.0,-0.0,True,False
Q_A_topsis_0_1,15,1,13,0.001,0.0017867467621810803,2.3855781852659437,2.3860698808084697,2.3846218991282746,2.3851135946708,-4.440892098500626e-16,4.440892098500626e-16,True,False
Q_A_topsis_0_1,15,1,14,0.001,0.0017399191137758454,2.3855781852659437,2.3860698808084697,2.38389539324357,2.384387088786096,0.0,-0.0,True,False
Q_A_topsis_0_1,15,1,16,0.001,0.001820435099509945,2.3855781852659437,2.3860698808084697,2.3857879465657614,2.3862796421082875,0.0,-0.0,True,False
Q_A_topsis_0_1,15,2,3,0.0005184546502167022,0.001822881777526431,2.3855781852659437,2.384573909423003,2.385722867026348,2.384718591183408,4.440892098500626e-16,-4.440892098500626e-16,True,False
Q_A_topsis_0_1,15,2,4,0.0005210999166237063,0.0018223305493317865,2.3855781852659437,2.384568785393063,2.385674710374205,2.384665310501324,-4.440892098500626e-16,4.440892098500626e-16,True,False
Q_A_topsis_0_1,15,2,5,0.0004955521414473954,0.0018252405827312976,2.3855781852659437,2.384618272871745,2.385051254251852,2.384091341857653,0.0,-0.0,True,False
Q_A_topsis_0_1,15,2,6,0.0005198502929741141,0.001821078685406434,2.3855781852659437,2.384571205984417,2.3858694277256287,2.3848624484441023,4.440892098500626e-16,-4.440892098500626e-16,True,False
Q_A_topsis_0_1,15,2,7,0.0003473226441841568,0.001840136353393803,2.3855781852659437,2.384905401752256,2.384170513216133,2.3834977297024458,4.440892098500626e-16,-4.440892098500626e-16,True,False
Q_A_topsis_0_1,15,2,8,0.0005185409886154928,0.0018214768952270297,2.3855781852659437,2.3845737421806645,2.385604695745964,2.3846002526606846,0.0,-0.0,True,False
Q_A_topsis_0_1,15,2,9,0.00019597145303361992,0.0018468193742726183,2.3855781852659437,2.385198577529558,2.384745251478701,2.384365643742315,-4.440892098500626e-16,4.440892098500626e-16,True,False
Q_A_topsis_0_1,15,2,10,0.0005080683193920412,0.0018235193288808525,2.3855781852659437,2.3845940283304907,2.385584550409798,2.3846003934743445,-4.440892098500626e-16,4.440892098500626e-16,True,False
Q_A_topsis_0_1,15,2,11,0.0005184620576680059,0.001832938359810428,2.3855781852659437,2.3845738950743534,2.385685222026227,2.3846809318346365,0.0,-0.0,True,False
Q_A_topsis_0_1,15,2,12,0.0004475924989786249,0.0018280684126180918,2.3855781852659437,2.3847111733990087,2.38469200943952,2.383824997572585,0.0,-0.0,True,False
Q_A_topsis_0_1,15,2,13,0.00046605388506185835,0.0018146483673448163,2.3855781852659437,2.3846754126549152,2.385132504396252,2.3842297317852235,0.0,-0.0,True,False
Q_A_topsis_0_1,15,2,14,0.0004582452086339579,0.0018417211010985635,2.3855781852659437,2.384690538500731,2.3848070538845634,2.3839194071193512,4.440892098500626e-16,-4.440892098500626e-16,True,False
Q_A_topsis_0_1,15,2,16,0.0005121654783729103,0.0018213406757329922,2.3855781852659437,2.3845860919029023,2.3856856177624093,2.384693524399368,0.0,-0.0,True,False
Q_A_topsis_0_1,15,3,4,0.001,0.0018277866803561179,2.3855781852659437,2.3858572487488234,2.3857634186639585,2.386042482146838,-4.440892098500626e-16,4.440892098500626e-16,True,False
Q_A_topsis_0_1,15,3,5,0.001,0.001819448932575192,2.3855781852659437,2.3858572487488234,2.384514864234674,2.3847939277175536,0.0,-0.0,True,False
Q_A_topsis_0_1,15,3,6,0.001,0.0018250516744475922,2.3855781852659437,2.3858572487488234,2.386138428212079,2.3864174916949583,-4.440892098500626e-16,4.440892098500626e-16,True,False
Q_A_topsis_0_1,15,3,7,0.0004955972132824236,0.0018449142779595011,2.3855781852659437,2.3857164883503876,2.383569567754867,2.383707870839311,0.0,-0.0,True,False
Q_A_topsis_0_1,15,3,8,0.001,0.0018304226411529948,2.3855781852659437,2.3858572487488234,2.3856293104047506,2.3859083738876303,0.0,-0.0,True,False
Q_A_topsis_0_1,15,3,9,0.00020291273962026689,0.0018635302331663798,2.3855781852659437,2.3856348108017826,2.3847157490586524,2.3847723745944913,0.0,-0.0,True,False
Q_A_topsis_0_1,15,3,10,0.001,0.0018148947594171265,2.3855781852659437,2.3858572487488234,2.3855907133918097,2.3858697768746895,0.0,-0.0,True,False
Q_A_topsis_0_1,15,3,11,0.001,0.0018273545339359128,2.3855781852659437,2.3858572487488234,2.3857846357837778,2.3860636992666575,0.0,-0.0,True,False
Q_A_topsis_0_1,15,3,12,0.001,0.0017941184614106477,2.3855781852659437,2.3858572487488234,2.3835983133323304,2.38387737681521,0.0,-0.0,True,False
Q_A_topsis_0_1,15,3,13,0.001,0.0017873342408497729,2.3855781852659437,2.3858572487488234,2.3846218991282746,2.3849009626111544,0.0,-0.0,True,False
Q_A_topsis_0_1,15,3,14,0.001,0.0017323753284953763,2.3855781852659437,2.3858572487488234,2.38389539324357,2.38417445672645,0.0,-0.0,True,False
Q_A_topsis_0_1,15,3,16,0.001,0.0018210225781786376,2.3855781852659437,2.3858572487488234,2.3857879465657614,2.386067010048641,0.0,-0.0,True,False
Q_A_topsis_0_1,15,4,5,0.001,0.0018057884872032467,2.3855781852659437,2.3857634186639585,2.384514864234674,2.3847000976326886,0.0,-0.0,True,False
Q_A_topsis_0_1,15,4,6,0.001,0.0018272407762206994,2.3855781852659437,2.3857634186639585,2.386138428212079,2.3863236616100933,-4.440892098500626e-16,4.440892098500626e-16,True,False
Q_A_topsis_0_1,15,4,7,0.0004957962536957843,0.0018417985997274487,2.3855781852659437,2.3856700232907384,2.3835687610593306,2.3836605990841258,4.440892098500626e-16,-4.440892098500626e-16,True,False
Q_A_topsis_0_1,15,4,8,0.001,0.0018259205972897064,2.3855781852659437,2.3857634186639585,2.3856293104047506,2.385814543802765,-4.440892098500626e-16,4.440892098500626e-16,True,False
Q_A_topsis_0_1,15,4,9,0.00020548959663902987,0.001859512588808665,2.3855781852659437,2.3856162488021857,2.384704796691649,2.384742860227891,0.0,-0.0,True,False
Q_A_topsis_0_1,15,4,10,0.001,0.0018187194620390605,2.3855781852659437,2.3857634186639585,2.3855907133918097,2.385775946789824,-4.440892098500626e-16,4.440892098500626e-16,True,False
Q_A_topsis_0_1,15,4,11,0.001,0.0018286487818327073,2.3855781852659437,2.3857634186639585,2.3857846357837778,2.3859698691817925,0.0,-0.0,True,False
Q_A_topsis_0_1,15,4,12,0.001,0.001796307563183755,2.3855781852659437,2.3857634186639585,2.3835983133323304,2.3837835467303448,-4.440892098500626e-16,4.440892098500626e-16,True,False
Q_A_topsis_0_1,15,4,13,0.001,0.0017879027718099372,2.3855781852659437,2.3857634186639585,2.3846218991282746,2.384807132526289,-4.440892098500626e-16,4.440892098500626e-16,True,False
Q_A_topsis_0_1,15,4,14,0.001,0.0017362000311173104,2.3855781852659437,2.3857634186639585,2.38389539324357,2.384080626641585,0.0,-0.0,True,False
Q_A_topsis_0_1,15,4,16,0.001,0.001823127180366836,2.3855781852659437,2.3857634186639585,2.3857879465657614,2.3859731799637762,0.0,-0.0,True,False
Q_A_topsis_0_1,15,5,6,0.001,0.0018117616619745202,2.3855781852659437,2.384514864234674,2.386138428212079,2.385075107180809,0.0,-0.0,True,False
Q_A_topsis_0_1,15,5,7,0.0004744449616161041,0.0018422719080787267,2.3855781852659437,2.385073697960077,2.383655296209259,2.3831508089033924,0.0,-0.0,True,False
Q_A_topsis_0_1,15,5,8,0.001,0.001807912670100537,2.3855781852659437,2.384514864234674,2.3856293104047506,2.3845659893734807,0.0,-0.0,True,False
Q_A_topsis_0_1,15,5,9,0.00020438886559643848,0.001856333415732068,2.3855781852659437,2.385360854286598,2.3847094751081315,2.384492144128785,-4.440892098500626e-16,4.440892098500626e-16,True,False
Q_A_topsis_0_1,15,5,10,0.001,0.0018040465006930431,2.3855781852659437,2.384514864234674,2.3855907133918097,2.38452739236054,0.0,-0.0,True,False
Q_A_topsis_0_1,15,5,11,0.001,0.0018106408546435379,2.3855781852659437,2.384514864234674,2.3857846357837778,2.384721314752508,0.0,-0.0,True,False
Q_A_topsis_0_1,15,5,12,0.001,0.0017881323894734932,2.3855781852659437,2.384514864234674,2.3835983133323304,2.3825349923010606,0.0,-0.0,True,False
Q_A_topsis_0_1,15,5,13,0.001,0.0017698948446207678,2.3855781852659437,2.384514864234674,2.3846218991282746,2.3835585780970043,-4.440892098500626e-16,4.440892098500626e-16,True,False
Q_A_topsis_0_1,15,5,14,0.0009119938046527747,0.0017419091224610138,2.3855781852659437,2.3846084430730685,2.38404348936702,2.3830737471741448,0.0,-0.0,True,False
Q_A_topsis_0_1,15,5,16,0.001,0.0018051192531776665,2.3855781852659437,2.384514864234674,2.3857879465657614,2.3847246255344916,0.0,-0.0,True,False
Q_A_topsis_0_1,15,6,7,0.00047769774400854576,0.0018492425155612084,2.3855781852659437,2.3858458120574095,2.383642112931593,2.383909739723058,-8.881784197001252e-16,8.881784197001252e-16,True,False
Q_A_topsis_0_1,15,6,8,0.001,0.00183189377206098,2.3855781852659437,2.386138428212079,2.3856293104047506,2.3861895533508855,-4.440892098500626e-16,4.440892098500626e-16,True,False
Q_A_topsis_0_1,15,6,9,0.00020523783516690258,0.0018608532021978797,2.3855781852659437,2.385693168315376,2.3847058667487064,2.384820849798139,0.0,-0.0,True,False
Q_A_topsis_0_1,15,6,10,0.001,0.0018169175235005779,2.3855781852659437,2.386138428212079,2.3855907133918097,2.3861509563379446,-4.440892098500626e-16,4.440892098500626e-16,True,False
Q_A_topsis_0_1,15,6,11,0.001,0.0018268086298004944,2.3855781852659437,2.386138428212079,2.3857846357837778,2.386344878729913,0.0,-0.0,True,False
Q_A_topsis_0_1,15,6,12,0.001,0.0017935725572752292,2.3855781852659437,2.386138428212079,2.3835983133323304,2.3841585562784653,-4.440892098500626e-16,4.440892098500626e-16,True,False
Q_A_topsis_0_1,15,6,13,0.001,0.0017867883367143546,2.3855781852659437,2.386138428212079,2.3846218991282746,2.385182142074409,-8.881784197001252e-16,8.881784197001252e-16,True,False
Q_A_topsis_0_1,15,6,14,0.001,0.0017343980925788277,2.3855781852659437,2.386138428212079,2.38389539324357,2.3844556361897054,0.0,-0.0,True,False
Q_A_topsis_0_1,15,6,16,0.001,0.0018204766740432194,2.3855781852659437,2.386138428212079,2.3857879465657614,2.3863481895118968,0.0,-0.0,True,False
Q_A_topsis_0_1,15,7,8,0.0004924031365207104,0.0018455015774492894,2.3855781852659437,2.383582513103112,2.385603359444647,2.383607687281816,4.440892098500626e-16,-4.440892098500626e-16,True,False
Q_A_topsis_0_1,15,7,9,0.00018583888391270195,0.0018685446220157757,2.3855781852659437,2.384824994516557,2.384788317746985,2.3840351269975986,0.0,-0.0,True,False
Q_A_topsis_0_1,15,7,10,0.00048703283313126193,0.0018513680397894742,2.3855781852659437,2.383604278531042,2.385584286874578,2.383610380139676,0.0,-0.0,True,False
Q_A_topsis_0_1,15,7,11,0.0004940614411185312,0.0018456793363500954,2.3855781852659437,2.383575792121709,2.3856801845063047,2.38367779136207,0.0,-0.0,True,False
Q_A_topsis_0_1,15,7,12,0.0004858792445405099,0.0018268533985812733,2.3855781852659437,2.383608953937162,2.3846162065865526,2.382646975257771,0.0,-0.0,True,False
Q_A_topsis_0_1,15,7,13,0.0004752983804234408,0.0018308820527843913,2.3855781852659437,2.383651837368259,2.3851236640134883,2.3831973161158033,-4.440892098500626e-16,4.440892098500626e-16,True,False
Q_A_topsis_0_1,15,7,14,0.00046302996460189836,0.0018338577536177163,2.3855781852659437,2.383701560317041,2.384799002135392,2.382922377186489,-4.440892098500626e-16,4.440892098500626e-16,True,False
Q_A_topsis_0_1,15,7,16,0.0004926438107742593,0.0018425232471720576,2.3855781852659437,2.383581537668814,2.385681522872039,2.3836848752749087,-4.440892098500626e-16,4.440892098500626e-16,True,False
Q_A_topsis_0_1,15,8,9,0.00020482944392608102,0.0018602484218005694,2.3855781852659437,2.3855886571996963,2.3847076025263294,2.384718074460082,0.0,-0.0,True,False
Q_A_topsis_0_1,15,8,10,0.001,0.0018150202092708457,2.3855781852659437,2.3856293104047506,2.3855907133918097,2.3856418385306166,0.0,-0.0,True,False
Q_A_topsis_0_1,15,8,11,0.001,0.001830433405832061,2.3855781852659437,2.3856293104047506,2.3857846357837778,2.3858357609225846,0.0,-0.0,True,False
Q_A_topsis_0_1,15,8,12,0.001,0.0017996360325608907,2.3855781852659437,2.3856293104047506,2.3835983133323304,2.3836494384711373,0.0,-0.0,True,False
Q_A_topsis_0_1,15,8,13,0.001,0.0017900269547072275,2.3855781852659437,2.3856293104047506,2.3846218991282746,2.3846730242670815,0.0,-0.0,True,False
Q_A_topsis_0_1,15,8,14,0.001,0.0017325007783490958,2.3855781852659437,2.3856293104047506,2.38389539324357,2.383946518382377,0.0,-0.0,True,False
Q_A_topsis_0_1,15,8,16,0.001,0.001821170709417696,2.3855781852659437,2.3856293104047506,2.3857879465657614,2.3858390717045683,0.0,-0.0,True,False
Q_A_topsis_0_1,15,9,10,0.000205198121647242,0.0018617628076983944,2.3855781852659437,2.3847060355423335,2.385580756013839,2.384708606290229,0.0,-0.0,True,False
Q_A_topsis_0_1,15,9,11,0.00020533864268050298,0.0018605777356225086,2.3855781852659437,2.384705438288424,2.3856205775350565,2.3847478305575374,4.440892098500626e-16,-4.440892098500626e-16,True,False
Q_A_topsis_0_1,15,9,12,0.0001951130145876209,0.0018730043135268754,2.3855781852659437,2.3847489000835096,2.385191886484479,2.3843626013020454,4.440892098500626e-16,-4.440892098500626e-16,True,False
Q_A_topsis_0_1,15,9,13,0.0002025298802382938,0.0018535913758931154,2.3855781852659437,2.3847173763186946,2.385384508749008,2.384523699801759,0.0,-0.0,True,False
Q_A_topsis_0_1,15,9,14,0.00019039829428002178,0.0018572205601925461,2.3855781852659437,2.384768938970709,2.3852577845352556,2.384448538240021,0.0,-0.0,True,False
Q_A_topsis_0_1,15,9,16,0.0002054983909757701,0.001859371055963556,2.3855781852659437,2.3847047593132444,2.3856212908755454,2.3847478649228457,-4.440892098500626e-16,4.440892098500626e-16,True,False
Q_A_topsis_0_1,15,10,11,0.001,0.0018149055240961926,2.3855781852659437,2.3855907133918097,2.3857846357837778,2.3857971639096442,4.440892098500626e-16,-4.440892098500626e-16,True,False
Q_A_topsis_0_1,15,10,12,0.001,0.0017841081508250224,2.3855781852659437,2.3855907133918097,2.3835983133323304,2.3836108414581965,0.0,-0.0,True,False
Q_A_topsis_0_1,15,10,13,0.001,0.001785059606071496,2.3855781852659437,2.3855907133918097,2.3846218991282746,2.38463442725414,-4.440892098500626e-16,4.440892098500626e-16,True,False
Q_A_topsis_0_1,15,10,14,0.001,0.0017169728966132274,2.3855781852659437,2.3855907133918097,2.38389539324357,2.383907921369436,0.0,-0.0,True,False
Q_A_topsis_0_1,15,10,16,0.001,0.0018056428276818277,2.3855781852659437,2.3855907133918097,2.3857879465657614,2.385800474691628,4.440892098500626e-16,-4.440892098500626e-16,True,False
Q_A_topsis_0_1,15,11,12,0.001,0.00179587541676355,2.3855781852659437,2.3857846357837778,2.3835983133323304,2.383804763850165,4.440892098500626e-16,-4.440892098500626e-16,True,False
Q_A_topsis_0_1,15,11,13,0.001,0.0017890911962026752,2.3855781852659437,2.3857846357837778,2.3846218991282746,2.3848283496461087,0.0,-0.0,True,False
Q_A_topsis_0_1,15,11,14,0.001,0.0017323860931744426,2.3855781852659437,2.3857846357837778,2.38389539324357,2.3841018437614045,4.440892098500626e-16,-4.440892098500626e-16,True,False
Q_A_topsis_0_1,15,11,16,0.001,0.0018210560242430428,2.3855781852659437,2.3857846357837778,2.3857879465657614,2.385994397083596,4.440892098500626e-16,-4.440892098500626e-16,True,False
Q_A_topsis_0_1,15,12,13,0.0009910438114406487,0.0017576219098868352,2.3855781852659437,2.3836160454386914,2.38463046380724,2.382668323979988,0.0,-0.0,True,False
Q_A_topsis_0_1,15,12,14,0.001,0.0017015887199032724,2.3855781852659437,2.3835983133323304,2.38389539324357,2.381915521309957,4.440892098500626e-16,-4.440892098500626e-16,True,False
Q_A_topsis_0_1,15,12,16,0.001,0.0017895434610062748,2.3855781852659437,2.3835983133323304,2.3857879465657614,2.3838080746321486,4.440892098500626e-16,-4.440892098500626e-16,True,False
Q_A_topsis_0_1,15,13,14,0.0005785460892579782,0.0018318758067120038,2.3855781852659437,2.3850249296607835,2.384604612522365,2.3840513569172046,-4.440892098500626e-16,4.440892098500626e-16,True,False
Q_A_topsis_0_1,15,13,16,0.001,0.0017827592404454002,2.3855781852659437,2.3846218991282746,2.3857879465657614,2.3848316604280924,0.0,-0.0,True,False
Q_A_topsis_0_1,15,14,16,0.001,0.0017231233967600777,2.3855781852659437,2.38389539324357,2.3857879465657614,2.3841051545433882,4.440892098500626e-16,-4.440892098500626e-16,True,False
Q_A_topsis_0_1,16,0,1,0.001,0.0018242202229187324,2.3855781852659437,2.3857068370051997,2.385860119508652,2.3859887712479075,-4.440892098500626e-16,4.440892098500626e-16,True,False
Q_A_topsis_0_1,16,0,2,0.0005087294332168897,0.0018100473332539058,2.3855781852659437,2.3856436341923377,2.3844860359686284,2.3845514848950224,0.0,-0.0,True,False
Q_A_topsis_0_1,16,0,3,0.001,0.0018218929718261073,2.3855781852659437,2.3857068370051997,2.3856474874490057,2.3857761391882613,-4.440892098500626e-16,4.440892098500626e-16,True,False
Q_A_topsis_0_1,16,0,4,0.001,0.0018132221132789589,2.3855781852659437,2.3857068370051997,2.3855536573641403,2.3856823091033963,0.0,-0.0,True,False
Q_A_topsis_0_1,16,0,5,0.001,0.0018081578752940377,2.3855781852659437,2.3857068370051997,2.3843051029348556,2.3844337546741117,0.0,-0.0,True,False
Q_A_topsis_0_1,16,0,6,0.001,0.001825910258947664,2.3855781852659437,2.3857068370051997,2.385928666912261,2.386057318651517,0.0,-0.0,True,False
Q_A_topsis_0_1,16,0,7,0.000490399446540517,0.0018350306160960278,2.3855781852659437,2.385641276007671,2.383487767079655,2.383550857821383,4.440892098500626e-16,-4.440892098500626e-16,True,False
Q_A_topsis_0_1,16,0,8,0.001,0.0018231226565976592,2.3855781852659437,2.3857068370051997,2.3854195491049324,2.3855482008441884,0.0,-0.0,True,False
Q_A_topsis_0_1,16,0,9,0.00020579806971589808,0.0018768383060118968,2.3855781852659437,2.3856046615455484,2.384660317123718,2.384686793403323,0.0,-0.0,True,False
Q_A_topsis_0_1,16,0,10,0.001,0.001803379747950639,2.3855781852659437,2.3857068370051997,2.3853809520919915,2.3855096038312475,0.0,-0.0,True,False
Q_A_topsis_0_1,16,0,11,0.001,0.0018191205301585284,2.3855781852659437,2.3857068370051997,2.38557487448396,2.3857035262232165,4.440892098500626e-16,-4.440892098500626e-16,True,False
Q_A_topsis_0_1,16,0,12,0.001,0.00180788962993681,2.3855781852659437,2.3857068370051997,2.383388552032512,2.3835172037717687,4.440892098500626e-16,-4.440892098500626e-16,True,False
Q_A_topsis_0_1,16,0,13,0.001,0.0017888831409677438,2.3855781852659437,2.3857068370051997,2.384412137828457,2.384540789567713,0.0,-0.0,True,False
Q_A_topsis_0_1,16,0,14,0.001,0.0017746995822471132,2.3855781852659437,2.3857068370051997,2.3836856319437523,2.3838142836830083,0.0,-0.0,True,False
Q_A_topsis_0_1,16,0,15,0.001,0.0018123391720710072,2.3855781852659437,2.3857068370051997,2.385368423966126,2.3854970757053815,-4.440892098500626e-16,4.440892098500626e-16,True,False
Q_A_topsis_0_1,16,1,2,0.0005011297997349374,0.0018132697112368083,2.3855781852659437,2.3857194709165306,2.384502350995488,2.3846436366460746,-4.440892098500626e-16,4.440892098500626e-16,True,False
Q_A_topsis_0_1,16,1,3,0.001,0.001824631134282323,2.3855781852659437,2.385860119508652,2.3856474874490057,2.3859294216917135,-4.440892098500626e-16,4.440892098500626e-16,True,False
Q_A_topsis_0_1,16,1,4,0.001,0.0018159602757351744,2.3855781852659437,2.385860119508652,2.3855536573641403,2.385835591606848,-4.440892098500626e-16,4.440892098500626e-16,True,False
Q_A_topsis_0_1,16,1,5,0.001,0.001805965637900492,2.3855781852659437,2.385860119508652,2.3843051029348556,2.384587037177564,0.0,-0.0,True,False
Q_A_topsis_0_1,16,1,6,0.001,0.0018237180215541183,2.3855781852659437,2.385860119508652,2.385928666912261,2.3862106011549686,-4.440892098500626e-16,4.440892098500626e-16,True,False
Q_A_topsis_0_1,16,1,7,0.0004923320280160341,0.0018385483836833314,2.3855781852659437,2.3857169905234232,2.3834795290942914,2.383618334351771,0.0,-0.0,True,False
Q_A_topsis_0_1,16,1,8,0.001,0.0018246039157751913,2.3855781852659437,2.385860119508652,2.3854195491049324,2.3857014833476407,0.0,-0.0,True,False
Q_A_topsis_0_1,16,1,9,0.0002054176572798169,0.0018762511851671863,2.3855781852659437,2.385636099537588,2.3846620137793595,2.3847199280510036,0.0,-0.0,True,False
Q_A_topsis_0_1,16,1,10,0.001,0.0018061179104068548,2.3855781852659437,2.385860119508652,2.3853809520919915,2.3856628863347,0.0,-0.0,True,False
Q_A_topsis_0_1,16,1,11,0.001,0.0018218586926147442,2.3855781852659437,2.385860119508652,2.38557487448396,2.3858568087266683,0.0,-0.0,True,False
Q_A_topsis_0_1,16,1,12,0.001,0.0018056973925432644,2.3855781852659437,2.385860119508652,2.383388552032512,2.3836704862752205,0.0,-0.0,True,False
Q_A_topsis_0_1,16,1,13,0.001,0.0017916213034239598,2.3855781852659437,2.385860119508652,2.384412137828457,2.3846940720711642,-8.881784197001252e-16,8.881784197001252e-16,True,False
Q_A_topsis_0_1,16,1,14,0.001,0.0017739940492110706,2.3855781852659437,2.385860119508652,2.3836856319437523,2.38396756618646,-4.440892098500626e-16,4.440892098500626e-16,True,False
Q_A_topsis_0_1,16,1,15,0.001,0.001815077334527223,2.3855781852659437,2.385860119508652,2.385368423966126,2.3856503582088338,-4.440892098500626e-16,4.440892098500626e-16,True,False
Q_A_topsis_0_1,16,2,3,0.0005060270607860256,0.0018101701818929608,2.3855781852659437,2.384491837469306,2.3856132540459445,2.384526906249307,0.0,-0.0,True,False
Q_A_topsis_0_1,16,2,4,0.0005035322439445577,0.0018176847962195137,2.3855781852659437,2.3844971933859926,2.385565834676509,2.3844848427965584,4.440892098500626e-16,-4.440892098500626e-16,True,False
Q_A_topsis_0_1,16,2,5,0.0004967735215277165,0.0018101837940650647,2.3855781852659437,2.3845117031301832,2.3849457516731345,2.383879269537374,0.0,-0.0,True,False
Q_A_topsis_0_1,16,2,6,0.0005047045592986839,0.0018103109273224897,2.3855781852659437,2.3844946766387656,2.3857550749507905,2.3846715663236124,0.0,-0.0,True,False
Q_A_topsis_0_1,16,2,7,0.0003200536998354652,0.0018314683802484986,2.3855781852659437,2.384891088352427,2.3842138972769487,2.383526800363432,0.0,-0.0,True,False
Q_A_topsis_0_1,16,2,8,0.0005059448389752782,0.001811603726704287,2.385578185265944,2.3844920139845356,2.3854979241190053,2.384411752837597,4.440892098500626e-16,-4.440892098500626e-16,True,False
Q_A_topsis_0_1,16,2,9,0.00019587054923482215,0.001856387330806043,2.3855781852659437,2.385157686924893,2.3847045942872187,2.3842840959461675,-4.440892098500626e-16,4.440892098500626e-16,True,False
Q_A_topsis_0_1,16,2,10,0.0005080683193920412,0.0018020521846221391,2.3855781852659437,2.3844874552594186,2.385477977338726,2.3843872473322008,0.0,-0.0,True,False
Q_A_topsis_0_1,16,2,11,0.0005060200043975816,0.001810396675533126,2.3855781852659437,2.3844918526180847,2.38557650994403,2.3844901772961706,-4.440892098500626e-16,4.440892098500626e-16,True,False
Q_A_topsis_0_1,16,2,12,0.00045005978898070455,0.0018095508694239556,2.3855781852659437,2.3846119889930506,2.3845927193949605,2.3836265231220675,0.0,-0.0,True,False
Q_A_topsis_0_1,16,2,13,0.00046364995593453146,0.0018075516574900482,2.3855781852659437,2.3845828133835423,2.385037547422935,2.3840421755405337,0.0,-0.0,True,False
Q_A_topsis_0_1,16,2,14,0.0004588231508765878,0.0018223261814733615,2.3855781852659437,2.3845931756535585,2.3847098379874536,2.383724828375069,4.440892098500626e-16,-4.440892098500626e-16,True,False
Q_A_topsis_0_1,16,2,15,0.00046873568281206824,0.0018160110347769226,2.3855781852659437,2.3845718952556085,2.385479862659846,2.3844735726495103,-4.440892098500626e-16,4.440892098500626e-16,True,False
Q_A_topsis_0_1,16,3,4,0.001,0.0018136330246425493,2.3855781852659437,2.3856474874490057,2.3855536573641403,2.3856229595472023,0.0,-0.0,True,False
Q_A_topsis_0_1,16,3,5,0.001,0.0018088858886844156,2.3855781852659437,2.3856474874490057,2.384305102934856,2.384374405117917,-8.881784197001252e-16,8.881784197001252e-16,True,False
Q_A_topsis_0_1,16,3,6,0.001,0.0018266382723380417,2.3855781852659437,2.3856474874490057,2.385928666912261,2.385997969095323,0.0,-0.0,True,False
Q_A_topsis_0_1,16,3,7,0.0004897254000446586,0.001837549637031654,2.3855781852659437,2.3856121243052675,2.383490640327297,2.383524579366621,0.0,-0.0,True,False
Q_A_topsis_0_1,16,3,8,0.001,0.0018235335679612499,2.3855781852659437,2.3856474874490057,2.385419549104933,2.3854888512879944,-4.440892098500626e-16,4.440892098500626e-16,True,False
Q_A_topsis_0_1,16,3,9,0.00020342724717124658,0.0018775502608088291,2.3855781852659437,2.385592283218267,2.3846708910930836,2.384684989045407,0.0,-0.0,True,False
Q_A_topsis_0_1,16,3,10,0.001,0.0018037906593142297,2.3855781852659437,2.3856474874490057,2.385380952091992,2.385450254275054,0.0,-0.0,True,False
Q_A_topsis_0_1,16,3,11,0.001,0.001819531441522119,2.3855781852659437,2.3856474874490057,2.3855748744839604,2.385644176667022,-4.440892098500626e-16,4.440892098500626e-16,True,False
Q_A_topsis_0_1,16,3,12,0.001,0.0018086176433271877,2.3855781852659437,2.3856474874490057,2.3833885520325127,2.383457854215574,-4.440892098500626e-16,4.440892098500626e-16,True,False
Q_A_topsis_0_1,16,3,13,0.001,0.0017892940523313344,2.3855781852659437,2.3856474874490057,2.384412137828457,2.3844814400115184,-4.440892098500626e-16,4.440892098500626e-16,True,False
Q_A_topsis_0_1,16,3,14,0.001,0.001776412336810666,2.3855781852659437,2.3856474874490057,2.3836856319437523,2.383754934126814,-4.440892098500626e-16,4.440892098500626e-16,True,False
Q_A_topsis_0_1,16,3,15,0.001,0.001812750083434598,2.3855781852659437,2.3856474874490057,2.385368423966126,2.3854377261491875,-4.440892098500626e-16,4.440892098500626e-16,True,False
Q_A_topsis_0_1,16,4,5,0.001,0.0018012488439088157,2.3855781852659437,2.3855536573641403,2.384305102934856,2.3842805750330527,0.0,-0.0,True,False
Q_A_topsis_0_1,16,4,6,0.001,0.001819001227562442,2.3855781852659437,2.3855536573641403,2.385928666912261,2.3859041390104574,0.0,-0.0,True,False
Q_A_topsis_0_1,16,4,7,0.0004894999498294938,0.001832442041390139,2.3855781852659437,2.3855661788592415,2.3834916013504652,2.383479594943763,0.0,-0.0,True,False
Q_A_topsis_0_1,16,4,8,0.001,0.0018148627094141012,2.3855781852659437,2.3855536573641403,2.385419549104933,2.385395021203129,-4.440892098500626e-16,4.440892098500626e-16,True,False
Q_A_topsis_0_1,16,4,9,0.00020601727196601868,0.0018813872169841336,2.3855781852659437,2.385573132094527,2.384659339472362,2.384654286300945,0.0,-0.0,True,False
Q_A_topsis_0_1,16,4,10,0.001,0.001795119800767081,2.3855781852659437,2.3855536573641403,2.385380952091992,2.3853564241901886,0.0,-0.0,True,False
Q_A_topsis_0_1,16,4,11,0.001,0.0018108605829749705,2.3855781852659437,2.3855536573641403,2.3855748744839604,2.3855503465821566,-4.440892098500626e-16,4.440892098500626e-16,True,False
Q_A_topsis_0_1,16,4,12,0.001,0.001800980598551588,2.3855781852659437,2.3855536573641403,2.3833885520325127,2.3833640241307092,0.0,-0.0,True,False
Q_A_topsis_0_1,16,4,13,0.001,0.001780623193784186,2.3855781852659437,2.3855536573641403,2.384412137828457,2.384387609926653,-4.440892098500626e-16,4.440892098500626e-16,True,False
Q_A_topsis_0_1,16,4,14,0.001,0.001766304210070525,2.3855781852659437,2.3855536573641403,2.3836856319437523,2.383661104041949,0.0,-0.0,True,False
Q_A_topsis_0_1,16,4,15,0.001,0.0018040792248874493,2.3855781852659437,2.3855536573641403,2.385368423966126,2.3853438960643225,0.0,-0.0,True,False
Q_A_topsis_0_1,16,5,6,0.001,0.0018068817273006802,2.3855781852659437,2.384305102934856,2.385928666912261,2.384655584581173,0.0,-0.0,True,False
Q_A_topsis_0_1,16,5,7,0.0004744449616161041,0.0018347232070050144,2.3855781852659437,2.3849741777682367,2.383555776017418,2.382951768519711,-4.440892098500626e-16,4.440892098500626e-16,True,False
Q_A_topsis_0_1,16,5,8,0.001,0.0018077676215217532,2.3855781852659437,2.384305102934856,2.385419549104933,2.384146466773845,-4.440892098500626e-16,4.440892098500626e-16,True,False
Q_A_topsis_0_1,16,5,9,0.00020427910998003503,0.0018734919117208346,2.3855781852659437,2.3853181211404175,2.384667091748732,2.3844070276232063,4.440892098500626e-16,-4.440892098500626e-16,True,False
Q_A_topsis_0_1,16,5,10,0.001,0.00179176000166658,2.3855781852659437,2.384305102934856,2.385380952091992,2.384107869760904,-4.440892098500626e-16,4.440892098500626e-16,True,False
Q_A_topsis_0_1,16,5,11,0.001,0.0018052130887227888,2.3855781852659437,2.384305102934856,2.3855748744839604,2.3843017921528724,-4.440892098500626e-16,4.440892098500626e-16,True,False
Q_A_topsis_0_1,16,5,12,0.001,0.0017888610982898262,2.3855781852659437,2.384305102934856,2.3833885520325127,2.3821154697014246,-4.440892098500626e-16,4.440892098500626e-16,True,False
Q_A_topsis_0_1,16,5,13,0.001,0.0017772633946836849,2.3855781852659437,2.384305102934856,2.384412137828457,2.383139055497369,-4.440892098500626e-16,4.440892098500626e-16,True,False
Q_A_topsis_0_1,16,5,14,0.0009086099585007232,0.0017751221038102296,2.3855781852659437,2.384421449981926,2.3838585924704074,2.3827018571863894,-4.440892098500626e-16,4.440892098500626e-16,True,False
Q_A_topsis_0_1,16,5,15,0.001,0.0018007194257869481,2.3855781852659437,2.384305102934856,2.385368423966126,2.384095341635038,-4.440892098500626e-16,4.440892098500626e-16,True,False
Q_A_topsis_0_1,16,6,7,0.00047185001883424455,0.0018408637448327715,2.3855781852659437,2.3857435600373598,2.3835668374401457,2.383732212211562,0.0,-0.0,True,False
Q_A_topsis_0_1,16,6,8,0.001,0.0018255200051753794,2.3855781852659437,2.385928666912261,2.385419549104933,2.3857700307512495,-4.440892098500626e-16,4.440892098500626e-16,True,False
Q_A_topsis_0_1,16,6,9,0.0002057642166367838,0.0018766603252884054,2.3855781852659437,2.385650301847344,2.3846604681098906,2.3847325846912906,-4.440892098500626e-16,4.440892098500626e-16,True,False
Q_A_topsis_0_1,16,6,10,0.001,0.001812133928956744,2.3855781852659437,2.385928666912261,2.385380952091992,2.385731433738309,0.0,-0.0,True,False
Q_A_topsis_0_1,16,6,11,0.001,0.001822965472376415,2.3855781852659437,2.385928666912261,2.3855748744839604,2.385925356130277,-4.440892098500626e-16,4.440892098500626e-16,True,False
Q_A_topsis_0_1,16,6,12,0.001,0.0018066134819434525,2.3855781852659437,2.385928666912261,2.3833885520325127,2.3837390336788298,0.0,-0.0,True,False
Q_A_topsis_0_1,16,6,13,0.001,0.0017973941677835881,2.3855781852659437,2.385928666912261,2.384412137828457,2.3847626194747735,-4.440892098500626e-16,4.440892098500626e-16,True,False
Q_A_topsis_0_1,16,6,14,0.001,0.0017756914004419817,2.3855781852659437,2.385928666912261,2.3836856319437523,2.3840361135900694,0.0,-0.0,True,False
Q_A_topsis_0_1,16,6,15,0.001,0.0018185130345445915,2.3855781852659437,2.385928666912261,2.385368423966126,2.385718905612443,0.0,-0.0,True,False
Q_A_topsis_0_1,16,7,8,0.0004924031365207103,0.0018373406434950236,2.3855781852659437,2.3834792259811612,2.3855000723226962,2.3834011130379134,-4.440892098500626e-16,4.440892098500626e-16,True,False
Q_A_topsis_0_1,16,7,9,0.00018574814227139105,0.0018704601846538463,2.3855781852659437,2.384786399513711,2.3847497406527176,2.3839579549004855,4.440892098500626e-16,-4.440892098500626e-16,True,False
Q_A_topsis_0_1,16,7,10,0.00048703283313126193,0.0018432440628316801,2.3855781852659437,2.38350211789091,2.3854821262344466,2.3834060588594133,4.440892098500626e-16,-4.440892098500626e-16,True,False
Q_A_topsis_0_1,16,7,11,0.0004912342924811668,0.0018354658468147864,2.3855781852659437,2.3834842083946906,2.3855765588962985,2.3834825820250454,0.0,-0.0,True,False
Q_A_topsis_0_1,16,7,12,0.0004858792445405099,0.0018216814345262573,2.3855781852659437,2.3835070352752723,2.3845142879246635,2.382443137933992,0.0,-0.0,True,False
Q_A_topsis_0_1,16,7,13,0.0004752983804234407,0.0018171009525568998,2.3855781852659437,2.38355213816218,2.385023964807409,2.3829979177036456,4.440892098500626e-16,-4.440892098500626e-16,True,False
Q_A_topsis_0_1,16,7,14,0.0004584681944145032,0.0018321490235198973,2.3855781852659437,2.3836238799375025,2.3847105097614856,2.382756204433044,-4.440892098500626e-16,4.440892098500626e-16,True,False
Q_A_topsis_0_1,16,7,15,0.0004895155760140456,0.0018323946653768916,2.3855781852659437,2.3834915347409686,2.385475503842438,2.383388853317463,0.0,-0.0,True,False
Q_A_topsis_0_1,16,8,9,0.00020535372997065686,0.0018771059377049827,2.3855781852659437,2.385545608738572,2.384662298897877,2.384629722370505,-4.440892098500626e-16,4.440892098500626e-16,True,False
Q_A_topsis_0_1,16,8,10,0.001,0.0018050203440857816,2.3855781852659437,2.385419549104933,2.385380952091992,2.3852223159309807,-4.440892098500626e-16,4.440892098500626e-16,True,False
Q_A_topsis_0_1,16,8,11,0.001,0.0018207611262936708,2.3855781852659437,2.385419549104933,2.3855748744839604,2.385416238322949,-4.440892098500626e-16,4.440892098500626e-16,True,False
Q_A_topsis_0_1,16,8,12,0.001,0.0018074993761645255,2.3855781852659437,2.385419549104933,2.3833885520325127,2.3832299158715013,-4.440892098500626e-16,4.440892098500626e-16,True,False
Q_A_topsis_0_1,16,8,13,0.001,0.0017905237371028864,2.3855781852659437,2.385419549104933,2.384412137828457,2.384253501667445,-8.881784197001252e-16,8.881784197001252e-16,True,False
Q_A_topsis_0_1,16,8,14,0.001,0.0017754773830856653,2.3855781852659437,2.385419549104933,2.3836856319437523,2.3835269957827414,0.0,-0.0,True,False
Q_A_topsis_0_1,16,8,15,0.001,0.0018139797682061496,2.3855781852659437,2.385419549104933,2.385368423966126,2.3852097878051146,-4.440892098500626e-16,4.440892098500626e-16,True,False
Q_A_topsis_0_1,16,9,10,0.00020519812164724194,0.0018774576308138939,2.3855781852659437,2.3846629929176166,2.3855377133891222,2.384622521040795,0.0,-0.0,True,False
Q_A_topsis_0_1,16,9,11,0.00020586554203104077,0.001876428265743039,2.3855781852659437,2.3846600161943234,2.3855775036900164,2.384659334618396,0.0,-0.0,True,False
Q_A_topsis_0_1,16,9,12,0.00019617318329055033,0.0018738777379410615,2.3855781852659437,2.3847032445264613,2.3851486379443023,2.3842736972048204,4.440892098500626e-16,-4.440892098500626e-16,True,False
Q_A_topsis_0_1,16,9,13,0.0002030424456046529,0.0018693685744758282,2.3855781852659437,2.384672607324434,2.3853414281425454,2.384435850201035,-4.440892098500626e-16,4.440892098500626e-16,True,False
Q_A_topsis_0_1,16,9,14,0.00019682964644318529,0.001872841982571818,2.3855781852659437,2.3847003166728853,2.385205674664662,2.384327806071603,-4.440892098500626e-16,4.440892098500626e-16,True,False
Q_A_topsis_0_1,16,9,15,0.0002057619128890874,0.0018768178484589134,2.3855781852659437,2.3846604783847036,2.385535024379643,2.3846173174984027,-4.440892098500626e-16,4.440892098500626e-16,True,False
Q_A_topsis_0_1,16,10,11,0.001,0.0018010182176466509,2.3855781852659437,2.385380952091992,2.3855748744839604,2.3853776413100083,-4.440892098500626e-16,4.440892098500626e-16,True,False
Q_A_topsis_0_1,16,10,12,0.001,0.0017988465289782343,2.3855781852659437,2.385380952091992,2.3833885520325127,2.383191318858561,0.0,-0.0,True,False
Q_A_topsis_0_1,16,10,13,0.001,0.0017707808284558662,2.3855781852659437,2.385380952091992,2.384412137828457,2.3842149046545047,-4.440892098500626e-16,4.440892098500626e-16,True,False
Q_A_topsis_0_1,16,10,14,0.001,0.0017684867937057557,2.3855781852659437,2.385380952091992,2.3836856319437523,2.3834883987698006,0.0,-0.0,True,False
Q_A_topsis_0_1,16,10,15,0.001,0.0017942368595591294,2.3855781852659437,2.385380952091992,2.385368423966126,2.385171190792174,0.0,-0.0,True,False
Q_A_topsis_0_1,16,11,12,0.001,0.001804944843365561,2.3855781852659437,2.3855748744839604,2.3833885520325127,2.383385241250529,-4.440892098500626e-16,4.440892098500626e-16,True,False
Q_A_topsis_0_1,16,11,13,0.001,0.0017865216106637556,2.3855781852659437,2.3855748744839604,2.384412137828457,2.384408827046473,-4.440892098500626e-16,4.440892098500626e-16,True,False
Q_A_topsis_0_1,16,11,14,0.001,0.0017713087270004185,2.3855781852659437,2.3855748744839604,2.3836856319437523,2.383682321161769,0.0,-0.0,True,False
Q_A_topsis_0_1,16,11,15,0.001,0.0018099776417670188,2.3855781852659437,2.3855748744839604,2.385368423966126,2.3853651131841422,-4.440892098500626e-16,4.440892098500626e-16,True,False
Q_A_topsis_0_1,16,12,13,0.0009522500948257119,0.0017887201498516124,2.3855781852659437,2.383493106811775,2.3844678164830255,2.382382738028857,0.0,-0.0,True,False
Q_A_topsis_0_1,16,12,14,0.001,0.001782865906864899,2.3855781852659437,2.3833885520325127,2.3836856319437523,2.3814959987103212,0.0,-0.0,True,False
Q_A_topsis_0_1,16,12,15,0.001,0.0018004924055337376,2.3855781852659437,2.3833885520325127,2.385368423966126,2.3831787907326945,-4.440892098500626e-16,4.440892098500626e-16,True,False
Q_A_topsis_0_1,16,13,14,0.000614106791155096,0.0018308349588111066,2.3855781852659437,2.3848621076157737,2.384415955418163,2.383699877767993,0.0,-0.0,True,False
Q_A_topsis_0_1,16,13,15,0.001,0.0017797402525762344,2.3855781852659437,2.384412137828457,2.385368423966126,2.3842023765286386,-4.440892098500626e-16,4.440892098500626e-16,True,False
Q_A_topsis_0_1,16,14,15,0.001,0.0017774462178261237,2.3855781852659437,2.3836856319437523,2.385368423966126,2.3834758706439345,0.0,-0.0,True,False
quality_score_soft_proxy_0_1,0,1,2,0.0005078420881752764,0.0018266505543980808,2.3855781852659437,2.3855656912133547,2.384375989968101,2.3843634959155127,4.440892098500626e-16,-4.440892098500626e-16,True,False
quality_score_soft_proxy_0_1,0,1,3,0.001,0.0018726389675587085,2.3855781852659437,2.3855535830266263,2.3854375071636826,2.3854129049243653,0.0,-0.0,True,False
quality_score_soft_proxy_0_1,0,1,4,0.001,0.0018750907876170918,2.3855781852659437,2.3855535830266263,2.385070683704734,2.3850460814654166,0.0,-0.0,True,False
quality_score_soft_proxy_0_1,0,1,5,0.001,0.001868061831854567,2.3855781852659437,2.3855535830266263,2.38410558681157,2.384080984572252,-4.440892098500626e-16,4.440892098500626e-16,True,False
quality_score_soft_proxy_0_1,0,1,6,0.001,0.0018764001451444959,2.3855781852659437,2.3855535830266263,2.385327838567132,2.385303236327814,-4.440892098500626e-16,4.440892098500626e-16,True,False
quality_score_soft_proxy_0_1,0,1,7,0.0004929559886726816,0.0018519866191583304,2.3855781852659437,2.3855660574447373,2.3833685274498486,2.383356399628642,0.0,-0.0,True,False
quality_score_soft_proxy_0_1,0,1,8,0.001,0.0018731137311515966,2.3855781852659437,2.3855535830266263,2.3850179147761046,2.3849933125367873,0.0,-0.0,True,False
quality_score_soft_proxy_0_1,0,1,9,0.0002058725585497028,0.0018822916036562865,2.3855781852659437,2.385573120339989,2.384591278699275,2.3845862137733205,0.0,-0.0,True,False
quality_score_soft_proxy_0_1,0,1,10,0.001,0.0018702096757874935,2.3855781852659437,2.3855535830266263,2.3851509806674334,2.385126378428116,0.0,-0.0,True,False
quality_score_soft_proxy_0_1,0,1,11,0.001,0.0018752868405773474,2.3855781852659437,2.3855535830266263,2.3853415811243375,2.3853169788850197,-4.440892098500626e-16,4.440892098500626e-16,True,False
quality_score_soft_proxy_0_1,0,1,12,0.001,0.0018551435226511082,2.3855781852659437,2.3855535830266263,2.3830629542552297,2.383038352015912,-4.440892098500626e-16,4.440892098500626e-16,True,False
quality_score_soft_proxy_0_1,0,1,13,0.001,0.0018455800415628075,2.3855781852659437,2.3855535830266263,2.384054668705955,2.384030066466637,-4.440892098500626e-16,4.440892098500626e-16,True,False
quality_score_soft_proxy_0_1,0,1,14,0.001,0.0018352363994991745,2.3855781852659437,2.3855535830266263,2.3833600341664694,2.383335431927152,0.0,-0.0,True,False
quality_score_soft_proxy_0_1,0,1,15,0.001,0.0018729022401284883,2.3855781852659437,2.3855535830266263,2.385158443680803,2.3851338414414855,0.0,-0.0,True,False
quality_score_soft_proxy_0_1,0,1,16,0.001,0.0018756733900869896,2.3855781852659437,2.3855535830266263,2.3853276771065,2.3853030748671826,0.0,-0.0,True,False
quality_score_soft_proxy_0_1,0,2,3,0.0005128720771091377,0.0018256547515307236,2.3855781852659437,2.384364082666235,2.3855060353954336,2.3842919327957244,-4.440892098500626e-16,4.440892098500626e-16,True,False
quality_score_soft_proxy_0_1,0,2,4,0.0005103094800106895,0.0018300201682804691,2.3855781852659437,2.3843701490050706,2.385319202408138,2.384111166147265,0.0,-0.0,True,False
quality_score_soft_proxy_0_1,0,2,5,0.0005037505364682142,0.0018252197937921619,2.3855781852659437,2.3843856757431436,2.384836363004551,2.3836438534817503,-4.440892098500626e-16,4.440892098500626e-16,True,False
quality_score_soft_proxy_0_1,0,2,6,0.0005115136027635266,0.0018246804286910963,2.3855781852659437,2.384367298530986,2.3854501295240946,2.384239242789137,0.0,-0.0,True,False
quality_score_soft_proxy_0_1,0,2,7,0.0003229484609717128,0.0018461041775654334,2.3855781852659437,2.384813681633288,2.384130580190887,2.383366076558231,-4.440892098500626e-16,4.440892098500626e-16,True,False
quality_score_soft_proxy_0_1,0,2,8,0.0005127876160141002,0.0018247110686122482,2.3855781852659437,2.3843642826077787,2.385290885497136,2.3840769828389714,4.440892098500626e-16,-4.440892098500626e-16,True,False
quality_score_soft_proxy_0_1,0,2,9,0.00019633702745256552,0.0018616890626250455,2.3855781852659437,2.385113404073735,2.3846369898825563,2.3841722086903476,0.0,-0.0,True,False
quality_score_soft_proxy_0_1,0,2,10,0.0005080683193920412,0.0018210640447891117,2.3855781852659437,2.384375454419529,2.3853611361435423,2.3841584052971276,0.0,-0.0,True,False
quality_score_soft_proxy_0_1,0,2,11,0.0005128648285276837,0.001826018588515594,2.3855781852659437,2.384364099825526,2.38545683932343,2.3842427538830124,0.0,-0.0,True,False
quality_score_soft_proxy_0_1,0,2,12,0.0004567737093835837,0.0018279390472888493,2.3855781852659437,2.3844968822026784,2.3844292938672234,2.3833479908039577,-4.440892098500626e-16,4.440892098500626e-16,True,False
quality_score_soft_proxy_0_1,0,2,13,0.00047045312874173083,0.0018188684305099892,2.3855781852659437,2.3844644994324975,2.3848614421336074,2.383747756300161,-4.440892098500626e-16,4.440892098500626e-16,True,False
quality_score_soft_proxy_0_1,0,2,14,0.00045882315087658783,0.0018492551600183616,2.3855781852659437,2.384492030637628,2.384560446189363,2.3834742915610465,-4.440892098500626e-16,4.440892098500626e-16,True,False
quality_score_soft_proxy_0_1,0,2,15,0.0004746031452597716,0.001832561869358216,2.3855781852659437,2.384454675255927,2.3853789745894396,2.384255464579423,0.0,-0.0,True,False
quality_score_soft_proxy_0_1,0,2,16,0.0005121654783729103,0.0018286364665256695,2.3855781852659437,2.3843657553706006,2.385449883634626,2.3842374537392828,0.0,-0.0,True,False
quality_score_soft_proxy_0_1,0,3,4,0.001,0.0018749945582302856,2.3855781852659437,2.3854375071636826,2.385070683704734,2.3849300056024734,4.440892098500626e-16,-4.440892098500626e-16,True,False
quality_score_soft_proxy_0_1,0,3,5,0.001,0.00186759989616445,2.3855781852659437,2.3854375071636826,2.38410558681157,2.383964908709309,0.0,-0.0,True,False
quality_score_soft_proxy_0_1,0,3,6,0.001,0.0018759382094543787,2.3855781852659437,2.3854375071636826,2.385327838567132,2.385187160464871,0.0,-0.0,True,False
quality_score_soft_proxy_0_1,0,3,7,0.0004942223216713174,0.00185172680921174,2.3855781852659437,2.385508659007636,2.383362851156888,2.38329332489858,-4.440892098500626e-16,4.440892098500626e-16,True,False
quality_score_soft_proxy_0_1,0,3,8,0.001,0.0018726517954614794,2.3855781852659437,2.3854375071636826,2.3850179147761046,2.384877236673844,4.440892098500626e-16,-4.440892098500626e-16,True,False
quality_score_soft_proxy_0_1,0,3,9,0.00020387336597682237,0.0018829794544358166,2.3855781852659437,2.3855495047477167,2.3846008623771198,2.3845721818588927,0.0,-0.0,True,False
quality_score_soft_proxy_0_1,0,3,10,0.001,0.001869107552021912,2.3855781852659437,2.3854375071636826,2.3851509806674334,2.3850103025651728,4.440892098500626e-16,-4.440892098500626e-16,True,False
quality_score_soft_proxy_0_1,0,3,11,0.001,0.0018748249048872302,2.3855781852659437,2.3854375071636826,2.3853415811243375,2.3852009030220764,0.0,-0.0,True,False
quality_score_soft_proxy_0_1,0,3,12,0.001,0.0018569201843287282,2.3855781852659437,2.3854375071636826,2.3830629542552297,2.3829222761529683,-4.440892098500626e-16,4.440892098500626e-16,True,False
quality_score_soft_proxy_0_1,0,3,13,0.001,0.0018455537952373274,2.3855781852659437,2.3854375071636826,2.384054668705955,2.3839139906036944,4.440892098500626e-16,-4.440892098500626e-16,True,False
quality_score_soft_proxy_0_1,0,3,14,0.001,0.0018267138427613878,2.3855781852659437,2.3854375071636826,2.3833600341664694,2.3832193560642083,0.0,-0.0,True,False
quality_score_soft_proxy_0_1,0,3,15,0.001,0.0018724403044383712,2.3855781852659437,2.3854375071636826,2.385158443680803,2.3850177655785423,4.440892098500626e-16,-4.440892098500626e-16,True,False
quality_score_soft_proxy_0_1,0,3,16,0.001,0.0018758249892833032,2.3855781852659437,2.3854375071636826,2.3853276771065,2.3851869990042394,4.440892098500626e-16,-4.440892098500626e-16,True,False
quality_score_soft_proxy_0_1,0,4,5,0.001,0.0018691803237610202,2.3855781852659437,2.385070683704734,2.38410558681157,2.38359808525036,0.0,-0.0,True,False
quality_score_soft_proxy_0_1,0,4,6,0.001,0.001878133475795524,2.3855781852659437,2.385070683704734,2.385327838567132,2.384820337005922,0.0,-0.0,True,False
quality_score_soft_proxy_0_1,0,4,7,0.0004939927130071343,0.001850556396846851,2.3855781852659437,2.3853274831928664,2.383363880369619,2.3831131782965422,4.440892098500626e-16,-4.440892098500626e-16,True,False
quality_score_soft_proxy_0_1,0,4,8,0.001,0.0018750162325799108,2.3855781852659437,2.385070683704734,2.3850179147761046,2.384510413214895,0.0,-0.0,True,False
quality_score_soft_proxy_0_1,0,4,9,0.00020603495184768006,0.001881909501381561,2.3855781852659437,2.3854736222062174,2.3845905002224677,2.384485937162741,-4.440892098500626e-16,4.440892098500626e-16,True,False
quality_score_soft_proxy_0_1,0,4,10,0.001,0.0018692726335182324,2.3855781852659437,2.385070683704734,2.3851509806674334,2.384643479106224,4.440892098500626e-16,-4.440892098500626e-16,True,False
quality_score_soft_proxy_0_1,0,4,11,0.001,0.001877397364901979,2.3855781852659437,2.385070683704734,2.3853415811243375,2.3848340795631278,0.0,-0.0,True,False
quality_score_soft_proxy_0_1,0,4,12,0.001,0.0018563537836717493,2.3855781852659437,2.385070683704734,2.3830629542552297,2.38255545269402,0.0,-0.0,True,False
quality_score_soft_proxy_0_1,0,4,13,0.001,0.0018464744353615247,2.3855781852659437,2.385070683704734,2.384054668705955,2.3835471671447457,4.440892098500626e-16,-4.440892098500626e-16,True,False
quality_score_soft_proxy_0_1,0,4,14,0.001,0.0018230804198250438,2.3855781852659437,2.385070683704734,2.3833600341664694,2.3828525326052596,0.0,-0.0,True,False
quality_score_soft_proxy_0_1,0,4,15,0.001,0.001874269547151095,2.3855781852659437,2.385070683704734,2.385158443680803,2.3846509421195936,4.440892098500626e-16,-4.440892098500626e-16,True,False
quality_score_soft_proxy_0_1,0,4,16,0.001,0.0018766393229577548,2.3855781852659437,2.385070683704734,2.3853276771065,2.3848201755452907,4.440892098500626e-16,-4.440892098500626e-16,True,False
quality_score_soft_proxy_0_1,0,5,6,0.001,0.0018713610737502372,2.3855781852659437,2.38410558681157,2.385327838567132,2.383855240112758,0.0,-0.0,True,False
quality_score_soft_proxy_0_1,0,5,7,0.0004744449616161041,0.0018557844740322708,2.3855781852659437,2.3848795183487823,2.3834515024751233,2.382752835557962,0.0,-0.0,True,False
quality_score_soft_proxy_0_1,0,5,8,0.001,0.001868074659757338,2.3855781852659437,2.38410558681157,2.3850179147761046,2.383545316321731,0.0,-0.0,True,False
quality_score_soft_proxy_0_1,0,5,9,0.00020478655080546646,0.0018770188157524184,2.3855781852659437,2.3852766169077513,2.384596484775217,2.3842949164170246,0.0,-0.0,True,False
quality_score_soft_proxy_0_1,0,5,10,0.001,0.0018649299879509285,2.3855781852659437,2.38410558681157,2.3851509806674334,2.3836783822130596,0.0,-0.0,True,False
quality_score_soft_proxy_0_1,0,5,11,0.001,0.0018702477691830888,2.3855781852659437,2.38410558681157,2.3853415811243375,2.3838689826699637,0.0,-0.0,True,False
quality_score_soft_proxy_0_1,0,5,12,0.001,0.001855669631317382,2.3855781852659437,2.38410558681157,2.3830629542552297,2.381590355800856,0.0,-0.0,True,False
quality_score_soft_proxy_0_1,0,5,13,0.001,0.0018311820164108002,2.3855781852659437,2.38410558681157,2.384054668705955,2.382582070251581,0.0,-0.0,True,False
quality_score_soft_proxy_0_1,0,5,14,0.0009219625080533301,0.0018274874229202607,2.3855781852659437,2.3842205047015934,2.383533133115031,2.382175452550681,4.440892098500626e-16,-4.440892098500626e-16,True,False
quality_score_soft_proxy_0_1,0,5,15,0.001,0.0018678631687342297,2.3855781852659437,2.38410558681157,2.385158443680803,2.383685845226429,0.0,-0.0,True,False
quality_score_soft_proxy_0_1,0,5,16,0.001,0.001869906911366887,2.3855781852659437,2.38410558681157,2.3853276771065,2.383855078652126,0.0,-0.0,True,False
quality_score_soft_proxy_0_1,0,6,7,0.00047602325031265136,0.0018554606610206887,2.3855781852659437,2.3854590144166705,2.38344442785176,2.383325257002487,0.0,-0.0,True,False
quality_score_soft_proxy_0_1,0,6,8,0.001,0.0018764129730472667,2.3855781852659437,2.385327838567132,2.3850179147761046,2.384767568077293,0.0,-0.0,True,False
quality_score_soft_proxy_0_1,0,6,9,0.00020622065583120067,0.0018821718358111683,2.3855781852659437,2.3855265586055294,2.384589609999496,2.3845379833390816,0.0,-0.0,True,False
quality_score_soft_proxy_0_1,0,6,10,0.001,0.0018731078529845868,2.3855781852659437,2.385327838567132,2.3851509806674334,2.3849006339686216,0.0,-0.0,True,False
quality_score_soft_proxy_0_1,0,6,11,0.001,0.0018785860824730176,2.3855781852659437,2.385327838567132,2.3853415811243375,2.3850912344255257,0.0,-0.0,True,False
quality_score_soft_proxy_0_1,0,6,12,0.001,0.0018572038018526307,2.3855781852659437,2.385327838567132,2.3830629542552297,2.3828126075564176,-4.440892098500626e-16,4.440892098500626e-16,True,False
quality_score_soft_proxy_0_1,0,6,13,0.001,0.0018486213046482955,2.3855781852659437,2.385327838567132,2.384054668705955,2.383804322007143,0.0,-0.0,True,False
quality_score_soft_proxy_0_1,0,6,14,0.001,0.0018301048744061535,2.3855781852659437,2.385327838567132,2.3833600341664694,2.3831096874676576,0.0,-0.0,True,False
quality_score_soft_proxy_0_1,0,6,15,0.001,0.0018762014820241585,2.3855781852659437,2.385327838567132,2.385158443680803,2.3849080969819916,4.440892098500626e-16,-4.440892098500626e-16,True,False
quality_score_soft_proxy_0_1,0,6,16,0.001,0.0018788924986942713,2.3855781852659437,2.385327838567132,2.3853276771065,2.385077330407688,0.0,-0.0,True,False
quality_score_soft_proxy_0_1,0,7,8,0.0004924031365207104,0.0018521000462649688,2.3855781852659437,2.3833710055901016,2.385302306319447,2.383095126643605,0.0,-0.0,True,False
quality_score_soft_proxy_0_1,0,7,9,0.00018616760038207893,0.001878234988435371,2.3855781852659437,2.384743695569621,2.384685739820022,2.383851250123699,0.0,-0.0,True,False
quality_score_soft_proxy_0_1,0,7,10,0.00048703283313126193,0.0018532018561667,2.3855781852659437,2.3833950777854542,2.385370122600005,2.383187015119515,-4.440892098500626e-16,4.440892098500626e-16,True,False
quality_score_soft_proxy_0_1,0,7,11,0.0004940614411185312,0.0018517598166180637,2.3855781852659437,2.383363572298286,2.385461288282767,2.38324667531511,4.440892098500626e-16,-4.440892098500626e-16,True,False
quality_score_soft_proxy_0_1,0,7,12,0.0004858792445405099,0.0018305123441610363,2.3855781852659437,2.383400248705586,2.384356086722613,2.3821781501622556,4.440892098500626e-16,-4.440892098500626e-16,True,False
quality_score_soft_proxy_0_1,0,7,13,0.0004752983804234408,0.0018344613184716166,2.3855781852659437,2.383447677055448,2.3848540603124326,2.382723552101937,0.0,-0.0,True,False
quality_score_soft_proxy_0_1,0,7,14,0.000462231379098248,0.0018456190842860182,2.3855781852659437,2.3835062494275756,2.3845528862241854,2.3824809503858178,4.440892098500626e-16,-4.440892098500626e-16,True,False
quality_score_soft_proxy_0_1,0,7,15,0.0004940086273554212,0.0018517706522679185,2.3855781852659437,2.383363809034115,2.3853708293016247,2.3831564530697955,-4.440892098500626e-16,4.440892098500626e-16,True,False
quality_score_soft_proxy_0_1,0,7,16,0.0004926438107742593,0.00185031941115398,2.3855781852659437,2.3833699267762567,2.385454773971645,2.3832465154819586,4.440892098500626e-16,-4.440892098500626e-16,True,False
quality_score_soft_proxy_0_1,0,8,9,0.0002058083478348299,0.001882251598724808,2.3855781852659437,2.385462876922089,2.3845915865109455,2.384476278167091,0.0,-0.0,True,False
quality_score_soft_proxy_0_1,0,8,10,0.001,0.0018702225036902644,2.3855781852659437,2.3850179147761046,2.3851509806674334,2.3845907101775947,4.440892098500626e-16,-4.440892098500626e-16,True,False
quality_score_soft_proxy_0_1,0,8,11,0.001,0.0018752996684801182,2.3855781852659437,2.3850179147761046,2.3853415811243375,2.3847813106344984,0.0,-0.0,True,False
quality_score_soft_proxy_0_1,0,8,12,0.001,0.0018562726624715123,2.3855781852659437,2.3850179147761046,2.3830629542552297,2.3825026837653906,0.0,-0.0,True,False
quality_score_soft_proxy_0_1,0,8,13,0.001,0.0018459349206691794,2.3855781852659437,2.3850179147761046,2.384054668705955,2.383494398216116,0.0,-0.0,True,False
quality_score_soft_proxy_0_1,0,8,14,0.001,0.001827557784386793,2.3855781852659437,2.3850179147761046,2.3833600341664694,2.3827997636766303,0.0,-0.0,True,False
quality_score_soft_proxy_0_1,0,8,15,0.001,0.0018729150680312592,2.3855781852659437,2.3850179147761046,2.385158443680803,2.3845981731909642,4.440892098500626e-16,-4.440892098500626e-16,True,False
quality_score_soft_proxy_0_1,0,8,16,0.001,0.0018755988350498086,2.3855781852659437,2.3850179147761046,2.3853276771065,2.384767406616661,0.0,-0.0,True,False
quality_score_soft_proxy_0_1,0,9,10,0.00020519812164724194,0.0018791807628922566,2.3855781852659437,2.3845945117975207,2.3854905236847705,2.384506850216347,-4.440892098500626e-16,4.440892098500626e-16,True,False
quality_score_soft_proxy_0_1,0,9,11,0.0002061869316992268,0.001882183439080799,2.3855781852659437,2.3845897716653712,2.3855294005839585,2.384540986983386,0.0,-0.0,True,False
quality_score_soft_proxy_0_1,0,9,12,0.0001967976784437209,0.0018854139458656953,2.3855781852659437,2.384634781625704,2.385083193642285,2.384139790002046,4.440892098500626e-16,-4.440892098500626e-16,True,False
quality_score_soft_proxy_0_1,0,9,13,0.00020348687641240658,0.0018758457175461155,2.3855781852659437,2.384602715120835,2.3852681696399887,2.384292699494881,8.881784197001252e-16,-8.881784197001252e-16,True,False
quality_score_soft_proxy_0_1,0,9,14,0.0001925140159875051,0.0018724961447158528,2.3855781852659437,2.384655316536414,2.3851511600897166,2.384228291360187,0.0,-0.0,True,False
quality_score_soft_proxy_0_1,0,9,15,0.0002057619128890874,0.0018823296728773004,2.3855781852659437,2.3845918091095917,2.385491818434466,2.3845054422781145,4.440892098500626e-16,-4.440892098500626e-16,True,False
quality_score_soft_proxy_0_1,0,9,16,0.00020602611152755495,0.00188111181035182,2.3855781852659437,2.3845905426009666,2.3855265740439475,2.3845389313789704,0.0,-0.0,True,False
quality_score_soft_proxy_0_1,0,10,11,0.001,0.001871510358693605,2.3855781852659437,2.3851509806674334,2.3853415811243375,2.384914376525827,0.0,-0.0,True,False
quality_score_soft_proxy_0_1,0,10,12,0.001,0.0018552257902328332,2.3855781852659437,2.3851509806674334,2.3830629542552297,2.3826357496567194,0.0,-0.0,True,False
quality_score_soft_proxy_0_1,0,10,13,0.001,0.0018461787774508931,2.3855781852659437,2.3851509806674334,2.384054668705955,2.383627464107445,4.440892098500626e-16,-4.440892098500626e-16,True,False
quality_score_soft_proxy_0_1,0,10,14,0.001,0.0018127194570174859,2.3855781852659437,2.3851509806674334,2.3833600341664694,2.382932829567959,0.0,-0.0,True,False
quality_score_soft_proxy_0_1,0,10,15,0.001,0.0018683825409427212,2.3855781852659437,2.3851509806674334,2.385158443680803,2.384731239082293,4.440892098500626e-16,-4.440892098500626e-16,True,False
quality_score_soft_proxy_0_1,0,10,16,0.001,0.0018707523167493811,2.3855781852659437,2.3851509806674334,2.3853276771065,2.38490047250799,4.440892098500626e-16,-4.440892098500626e-16,True,False
quality_score_soft_proxy_0_1,0,11,12,0.001,0.00185850988539155,2.3855781852659437,2.3853415811243375,2.3830629542552297,2.382826350113623,-4.440892098500626e-16,4.440892098500626e-16,True,False
quality_score_soft_proxy_0_1,0,11,13,0.001,0.0018490042240712622,2.3855781852659437,2.3853415811243375,2.384054668705955,2.3838180645643487,0.0,-0.0,True,False
quality_score_soft_proxy_0_1,0,11,14,0.001,0.001826654541493812,2.3855781852659437,2.3853415811243375,2.3833600341664694,2.383123430024863,0.0,-0.0,True,False
quality_score_soft_proxy_0_1,0,11,15,0.001,0.0018750881774570103,2.3855781852659437,2.3853415811243375,2.385158443680803,2.384921839539197,4.440892098500626e-16,-4.440892098500626e-16,True,False
quality_score_soft_proxy_0_1,0,11,16,0.001,0.0018781969281941467,2.3855781852659437,2.3853415811243375,2.3853276771065,2.3850910729648938,0.0,-0.0,True,False
quality_score_soft_proxy_0_1,0,12,13,0.000979800872921985,0.0018254127718766654,2.3855781852659437,2.3831137597260454,2.3840854424105555,2.3816210168706573,0.0,-0.0,True,False
quality_score_soft_proxy_0_1,0,12,14,0.001,0.0018101416104737017,2.3855781852659437,2.3830629542552297,2.3833600341664694,2.3808448031557554,0.0,-0.0,True,False
quality_score_soft_proxy_0_1,0,12,15,0.001,0.0018565358736490724,2.3855781852659437,2.3830629542552297,2.385158443680803,2.382643212670089,0.0,-0.0,True,False
quality_score_soft_proxy_0_1,0,12,16,0.001,0.0018569871261110693,2.3855781852659437,2.3830629542552297,2.3853276771065,2.382812446095786,0.0,-0.0,True,False
quality_score_soft_proxy_0_1,0,13,14,0.0005903303731249064,0.001865626508018335,2.3855781852659437,2.384678807166624,2.3842687432997436,2.3833693652004238,0.0,-0.0,True,False
quality_score_soft_proxy_0_1,0,13,15,0.001,0.0018456068460152764,2.3855781852659437,2.384054668705955,2.385158443680803,2.3836349271208146,4.440892098500626e-16,-4.440892098500626e-16,True,False
quality_score_soft_proxy_0_1,0,13,16,0.001,0.001847233458260272,2.3855781852659437,2.384054668705955,2.3853276771065,2.3838041605465117,4.440892098500626e-16,-4.440892098500626e-16,True,False
quality_score_soft_proxy_0_1,0,14,15,0.001,0.001822683317818443,2.3855781852659437,2.3833600341664694,2.385158443680803,2.3829402925813286,0.0,-0.0,True,False
quality_score_soft_proxy_0_1,0,14,16,0.001,0.0018250403498995572,2.3855781852659437,2.3833600341664694,2.3853276771065,2.3831095260070256,0.0,-0.0,True,False
quality_score_soft_proxy_0_1,0,15,16,0.001,0.0018757492303822436,2.3855781852659437,2.385158443680803,2.3853276771065,2.3849079355213596,4.440892098500626e-16,-4.440892098500626e-16,True,False
quality_score_soft_proxy_0_1,1,0,2,0.0005156482544246566,0.0018473033366562645,2.3855781852659437,2.385590871367703,2.384370196828817,2.384382882930576,0.0,-0.0,True,False
quality_score_soft_proxy_0_1,1,0,3,0.001,0.0018523324459310494,2.3855781852659437,2.385602787505261,2.3854621094030004,2.3854867116423177,0.0,-0.0,True,False
quality_score_soft_proxy_0_1,1,0,4,0.001,0.0018535419647677674,2.3855781852659437,2.385602787505261,2.3850952859440517,2.385119888183369,0.0,-0.0,True,False
quality_score_soft_proxy_0_1,1,0,5,0.001,0.0018350440414748425,2.3855781852659437,2.385602787505261,2.3841301890508872,2.384154791290205,4.440892098500626e-16,-4.440892098500626e-16,True,False
quality_score_soft_proxy_0_1,1,0,6,0.001,0.00185515223864049,2.3855781852659437,2.385602787505261,2.3853524408064493,2.385377043045767,4.440892098500626e-16,-4.440892098500626e-16,True,False
quality_score_soft_proxy_0_1,1,0,7,0.0004910185151886694,0.0018482155285736831,2.3855781852659437,2.385590265420964,2.3833892922613606,2.3834013724163805,-4.440892098500626e-16,4.440892098500626e-16,True,False
quality_score_soft_proxy_0_1,1,0,8,0.001,0.0018537174835859757,2.3855781852659437,2.385602787505261,2.3850425170154224,2.3850671192547397,0.0,-0.0,True,False
quality_score_soft_proxy_0_1,1,0,9,0.00020625465927938603,0.0018804937264666698,2.3855781852659437,2.3855832595924316,2.38459452132113,2.384599595647618,0.0,-0.0,True,False
quality_score_soft_proxy_0_1,1,0,10,0.001,0.0018483305172966027,2.3855781852659437,2.385602787505261,2.385175582906751,2.3852001851460685,0.0,-0.0,True,False
quality_score_soft_proxy_0_1,1,0,11,0.001,0.0018551087843989508,2.3855781852659437,2.385602787505261,2.385366183363655,2.3853907856029726,4.440892098500626e-16,-4.440892098500626e-16,True,False
quality_score_soft_proxy_0_1,1,0,12,0.001,0.0018512874299246181,2.3855781852659437,2.385602787505261,2.383087556494547,2.383112158733865,4.440892098500626e-16,-4.440892098500626e-16,True,False
quality_score_soft_proxy_0_1,1,0,13,0.001,0.0018222530294978929,2.3855781852659437,2.385602787505261,2.3840792709452723,2.38410387318459,4.440892098500626e-16,-4.440892098500626e-16,True,False
quality_score_soft_proxy_0_1,1,0,14,0.001,0.0018098205626884852,2.3855781852659437,2.385602787505261,2.3833846364057867,2.3834092386451045,4.440892098500626e-16,-4.440892098500626e-16,True,False
quality_score_soft_proxy_0_1,1,0,15,0.001,0.0018518196151781818,2.3855781852659437,2.385602787505261,2.3851830459201206,2.385207648159438,0.0,-0.0,True,False
quality_score_soft_proxy_0_1,1,0,16,0.001,0.0018519958436158575,2.3855781852659437,2.385602787505261,2.3853522793458177,2.385376881585135,0.0,-0.0,True,False
quality_score_soft_proxy_0_1,1,2,3,0.0005184546502167023,0.0018475036125663714,2.3855781852659437,2.3843636223982094,2.385518005195023,2.384303442327288,-4.440892098500626e-16,4.440892098500626e-16,True,False
quality_score_soft_proxy_0_1,1,2,4,0.0005210999166237063,0.001846964709678872,2.3855781852659437,2.3843574254389344,2.3853265464695683,2.384105786642559,0.0,-0.0,True,False
quality_score_soft_proxy_0_1,1,2,5,0.0005060826610868413,0.0018385270231539607,2.3855781852659437,2.384392605759803,2.3848453794881843,2.3836597999820435,0.0,-0.0,True,False
quality_score_soft_proxy_0_1,1,2,6,0.0005198502929741142,0.0018454189447443428,2.3855781852659437,2.384360352882025,2.385460831942538,2.38424299955862,4.440892098500626e-16,-4.440892098500626e-16,True,False
quality_score_soft_proxy_0_1,1,2,7,0.00032512013752439566,0.0018479132752440052,2.3855781852659437,2.384816539389251,2.384128844410838,2.383367198534145,-4.440892098500626e-16,4.440892098500626e-16,True,False
quality_score_soft_proxy_0_1,1,2,8,0.0005185409886154928,0.0018467702442224532,2.3855781852659437,2.384363420136713,2.3853004193217484,2.3840856541925177,0.0,-0.0,True,False
quality_score_soft_proxy_0_1,1,2,9,0.00019897370378367123,0.0018619081854491892,2.3855781852659437,2.3851120575686218,2.384629245450175,2.3841631177528533,0.0,-0.0,True,False
quality_score_soft_proxy_0_1,1,2,10,0.0005080683193920412,0.0018440893837239187,2.3855781852659437,2.3843879540379125,2.3853736357619257,2.3841834045338945,0.0,-0.0,True,False
quality_score_soft_proxy_0_1,1,2,11,0.0005184620576680059,0.0018475021034945872,2.3855781852659437,2.384363605045071,2.3854682703234538,2.384253690102581,0.0,-0.0,True,False
quality_score_soft_proxy_0_1,1,2,12,0.0004630433720416467,0.0018472055849806622,2.3855781852659437,2.384493432172115,2.384424916121132,2.383340163027304,8.881784197001252e-16,-8.881784197001252e-16,True,False
quality_score_soft_proxy_0_1,1,2,13,0.00047127823579111075,0.0018335159300876451,2.3855781852659437,2.3844741406878422,2.3848717795692957,2.3837677349911943,0.0,-0.0,True,False
quality_score_soft_proxy_0_1,1,2,14,0.00045882315087658783,0.00185965194934456,2.3855781852659437,2.3845033187145903,2.384571734266325,2.3834968677149715,0.0,-0.0,True,False
quality_score_soft_proxy_0_1,1,2,15,0.0004884232878526409,0.0018511861858302287,2.3855781852659437,2.384433975663591,2.3853851900074967,2.384240980405144,0.0,-0.0,True,False
quality_score_soft_proxy_0_1,1,2,16,0.0005121654783729103,0.0018487848645633825,2.3855781852659437,2.38437835578827,2.385462484052295,2.384262654574621,-4.440892098500626e-16,4.440892098500626e-16,True,False
quality_score_soft_proxy_0_1,1,3,4,0.001,0.0018535623626260585,2.3855781852659437,2.3854621094030004,2.3850952859440517,2.3849792100811085,0.0,-0.0,True,False
quality_score_soft_proxy_0_1,1,3,5,0.001,0.0018350644393331336,2.3855781852659437,2.3854621094030004,2.3841301890508872,2.384014113187944,0.0,-0.0,True,False
quality_score_soft_proxy_0_1,1,3,6,0.001,0.0018551726364987812,2.3855781852659437,2.3854621094030004,2.3853524408064493,2.385236364943506,0.0,-0.0,True,False
quality_score_soft_proxy_0_1,1,3,7,0.0004903427669904881,0.001849645715905495,2.3855781852659437,2.3855212683061273,2.3833923046538836,2.3833353876940673,0.0,-0.0,True,False
quality_score_soft_proxy_0_1,1,3,8,0.001,0.0018537378814442668,2.3855781852659437,2.3854621094030004,2.3850425170154224,2.3849264411524786,-4.440892098500626e-16,4.440892098500626e-16,True,False
quality_score_soft_proxy_0_1,1,3,9,0.00020462416386754414,0.0018816529834537728,2.3855781852659437,2.3855544333395438,2.384602297434186,2.384578545507786,0.0,-0.0,True,False
quality_score_soft_proxy_0_1,1,3,10,0.001,0.0018483509151548938,2.3855781852659437,2.3854621094030004,2.385175582906751,2.385059507043808,0.0,-0.0,True,False
quality_score_soft_proxy_0_1,1,3,11,0.001,0.0018551291822572417,2.3855781852659437,2.3854621094030004,2.385366183363655,2.3852501075007115,0.0,-0.0,True,False
quality_score_soft_proxy_0_1,1,3,12,0.001,0.0018513078277829092,2.3855781852659437,2.3854621094030004,2.383087556494547,2.3829714806316034,-4.440892098500626e-16,4.440892098500626e-16,True,False
quality_score_soft_proxy_0_1,1,3,13,0.001,0.001822273427356184,2.3855781852659437,2.3854621094030004,2.3840792709452723,2.3839631950823295,4.440892098500626e-16,-4.440892098500626e-16,True,False
quality_score_soft_proxy_0_1,1,3,14,0.001,0.0018152378814805172,2.3855781852659437,2.3854621094030004,2.3833846364057867,2.3832685605428434,0.0,-0.0,True,False
quality_score_soft_proxy_0_1,1,3,15,0.001,0.001851840013036473,2.3855781852659437,2.3854621094030004,2.3851830459201206,2.3850669700571774,0.0,-0.0,True,False
quality_score_soft_proxy_0_1,1,3,16,0.001,0.0018520162414741486,2.3855781852659437,2.3854621094030004,2.3853522793458177,2.3852362034828745,0.0,-0.0,True,False
quality_score_soft_proxy_0_1,1,4,5,0.001,0.0018362739581698516,2.3855781852659437,2.3850952859440517,2.3841301890508872,2.3836472897289953,0.0,-0.0,True,False
quality_score_soft_proxy_0_1,1,4,6,0.001,0.0018563821553354992,2.3855781852659437,2.3850952859440517,2.3853524408064493,2.3848695414845573,0.0,-0.0,True,False
quality_score_soft_proxy_0_1,1,4,7,0.0004901167481255308,0.001847200229672794,2.3855781852659437,2.385341508220626,2.3833933122148965,2.3831566351695788,0.0,-0.0,True,False
quality_score_soft_proxy_0_1,1,4,8,0.001,0.0018549474002809848,2.3855781852659437,2.3850952859440517,2.3850425170154224,2.38455961769353,-4.440892098500626e-16,4.440892098500626e-16,True,False
quality_score_soft_proxy_0_1,1,4,9,0.00020603495184768006,0.0018802448665094743,2.3855781852659437,2.3854786911274104,2.3845955691436607,2.3844960750051274,0.0,-0.0,True,False
quality_score_soft_proxy_0_1,1,4,10,0.001,0.0018495604339916118,2.3855781852659437,2.3850952859440517,2.385175582906751,2.384692683584859,0.0,-0.0,True,False
quality_score_soft_proxy_0_1,1,4,11,0.001,0.0018563387010939597,2.3855781852659437,2.3850952859440517,2.385366183363655,2.384883284041763,0.0,-0.0,True,False
quality_score_soft_proxy_0_1,1,4,12,0.001,0.0018525173466196272,2.3855781852659437,2.3850952859440517,2.383087556494547,2.382604657172655,0.0,-0.0,True,False
quality_score_soft_proxy_0_1,1,4,13,0.001,0.0018234829461929018,2.3855781852659437,2.3850952859440517,2.3840792709452723,2.383596371623381,4.440892098500626e-16,-4.440892098500626e-16,True,False
quality_score_soft_proxy_0_1,1,4,14,0.001,0.001809711710692624,2.3855781852659437,2.3850952859440517,2.3833846364057867,2.3829017370838947,0.0,-0.0,True,False
quality_score_soft_proxy_0_1,1,4,15,0.001,0.001853049531873191,2.3855781852659437,2.3850952859440517,2.3851830459201206,2.3847001465982287,0.0,-0.0,True,False
quality_score_soft_proxy_0_1,1,4,16,0.001,0.0018532257603108666,2.3855781852659437,2.3850952859440517,2.3853522793458177,2.384869380023926,0.0,-0.0,True,False
quality_score_soft_proxy_0_1,1,5,6,0.001,0.0018378842320425743,2.3855781852659437,2.3841301890508872,2.3853524408064493,2.3839044445913933,4.440892098500626e-16,-4.440892098500626e-16,True,False
quality_score_soft_proxy_0_1,1,5,7,0.0004744449616161041,0.0018537705279645688,2.3855781852659437,2.384891190757271,2.383463174883612,2.382776180374939,0.0,-0.0,True,False
quality_score_soft_proxy_0_1,1,5,8,0.001,0.00183644947698806,2.3855781852659437,2.3841301890508872,2.3850425170154224,2.383594520800366,0.0,-0.0,True,False
quality_score_soft_proxy_0_1,1,5,9,0.00020558921647087053,0.0018750594821808552,2.3855781852659437,2.3852804928586377,2.384597694932337,2.3843000025250305,-4.440892098500626e-16,4.440892098500626e-16,True,False
quality_score_soft_proxy_0_1,1,5,10,0.001,0.001831062510698687,2.3855781852659437,2.3841301890508872,2.385175582906751,2.3837275866916947,0.0,-0.0,True,False
quality_score_soft_proxy_0_1,1,5,11,0.001,0.001837840777801035,2.3855781852659437,2.3841301890508872,2.385366183363655,2.383918187148599,4.440892098500626e-16,-4.440892098500626e-16,True,False
quality_score_soft_proxy_0_1,1,5,12,0.001,0.0018340194233267024,2.3855781852659437,2.3841301890508872,2.383087556494547,2.3816395602794906,0.0,-0.0,True,False
quality_score_soft_proxy_0_1,1,5,13,0.0009962176671406862,0.0018055453376031405,2.3855781852659437,2.3841356658545516,2.3840849403381608,2.382642420926769,4.440892098500626e-16,-4.440892098500626e-16,True,False
quality_score_soft_proxy_0_1,1,5,14,0.000905452103477958,0.0018053825806544936,2.3855781852659437,2.384267094047193,2.3835920318364328,2.382280940617682,0.0,-0.0,True,False
quality_score_soft_proxy_0_1,1,5,15,0.001,0.001834551608580266,2.3855781852659437,2.3841301890508872,2.3851830459201206,2.3837350497050642,0.0,-0.0,True,False
quality_score_soft_proxy_0_1,1,5,16,0.001,0.0018347278370179417,2.3855781852659437,2.3841301890508872,2.3853522793458177,2.3839042831307613,0.0,-0.0,True,False
quality_score_soft_proxy_0_1,1,6,7,0.00047242311312789114,0.0018523770681744222,2.3855781852659437,2.3854715383656178,2.383472188006081,2.3833655411057557,4.440892098500626e-16,-4.440892098500626e-16,True,False
quality_score_soft_proxy_0_1,1,6,8,0.001,0.0018565576741537075,2.3855781852659437,2.3853524408064493,2.3850425170154224,2.384816772555928,0.0,-0.0,True,False
quality_score_soft_proxy_0_1,1,6,9,0.0002062886739429869,0.001881315090812833,2.3855781852659437,2.3855316167407445,2.384594359099349,2.38454779057415,4.440892098500626e-16,-4.440892098500626e-16,True,False
quality_score_soft_proxy_0_1,1,6,10,0.001,0.0018511707078643347,2.3855781852659437,2.3853524408064493,2.385175582906751,2.3849498384472567,0.0,-0.0,True,False
quality_score_soft_proxy_0_1,1,6,11,0.001,0.0018579489749666826,2.3855781852659437,2.3853524408064493,2.385366183363655,2.3851404389041604,0.0,-0.0,True,False
quality_score_soft_proxy_0_1,1,6,12,0.001,0.0018541276204923501,2.3855781852659437,2.3853524408064493,2.383087556494547,2.3828618120350527,0.0,-0.0,True,False
quality_score_soft_proxy_0_1,1,6,13,0.001,0.0018250932200656246,2.3855781852659437,2.3853524408064493,2.3840792709452723,2.383853526485778,0.0,-0.0,True,False
quality_score_soft_proxy_0_1,1,6,14,0.001,0.0018154390380928306,2.3855781852659437,2.3853524408064493,2.3833846364057867,2.3831588919462927,4.440892098500626e-16,-4.440892098500626e-16,True,False
quality_score_soft_proxy_0_1,1,6,15,0.001,0.0018546598057459138,2.3855781852659437,2.3853524408064493,2.3851830459201206,2.3849573014606267,4.440892098500626e-16,-4.440892098500626e-16,True,False
quality_score_soft_proxy_0_1,1,6,16,0.001,0.0018548360341835895,2.3855781852659437,2.3853524408064493,2.3853522793458177,2.3851265348863233,0.0,-0.0,True,False
quality_score_soft_proxy_0_1,1,7,8,0.0004924031365207104,0.0018500098705001298,2.3855781852659437,2.383383119809907,2.3853144205392525,2.383119355083216,0.0,-0.0,True,False
quality_score_soft_proxy_0_1,1,7,9,0.00018853656523151066,0.001877007943486228,2.3855781852659437,2.384737715190014,2.384679021959063,2.3838385518831333,0.0,-0.0,True,False
quality_score_soft_proxy_0_1,1,7,10,0.00048703283313126193,0.0018479554330404417,2.3855781852659437,2.38340705988377,2.385382104698321,2.383210979316147,-4.440892098500626e-16,4.440892098500626e-16,True,False
quality_score_soft_proxy_0_1,1,7,11,0.0004918554720378722,0.0018501245580191195,2.3855781852659437,2.3833855612228443,2.3854739109702203,2.3832812869271214,4.440892098500626e-16,-4.440892098500626e-16,True,False
quality_score_soft_proxy_0_1,1,7,12,0.0004858792445405099,0.0018263873784723412,2.3855781852659437,2.3834122024230395,2.3843680404400667,2.3822020575971625,0.0,-0.0,True,False
quality_score_soft_proxy_0_1,1,7,13,0.0004752983804234408,0.0018304261810724197,2.3855781852659437,2.3834593704599505,2.3848657537169355,2.382746938910942,-4.440892098500626e-16,4.440892098500626e-16,True,False
quality_score_soft_proxy_0_1,1,7,14,0.0004588555179285574,0.0018425087005684677,2.3855781852659437,2.383532670479353,2.384571663267615,2.3825261484810243,0.0,-0.0,True,False
quality_score_soft_proxy_0_1,1,7,15,0.0004901324137153191,0.0018502503374020545,2.3855781852659437,2.3833932423798516,2.3853845146646218,2.3831995717785297,0.0,-0.0,True,False
quality_score_soft_proxy_0_1,1,7,16,0.0004926438107742593,0.0018461370163737427,2.3855781852659437,2.383382046917188,2.3854668941125765,2.383270755763821,0.0,-0.0,True,False
quality_score_soft_proxy_0_1,1,8,9,0.00020657349189282177,0.0018803191231698505,2.3855781852659437,2.385467530404937,2.384593000753559,2.3844823458925526,0.0,-0.0,True,False
quality_score_soft_proxy_0_1,1,8,10,0.001,0.0018497359528098201,2.3855781852659437,2.3850425170154224,2.385175582906751,2.3846399146562294,-4.440892098500626e-16,4.440892098500626e-16,True,False
quality_score_soft_proxy_0_1,1,8,11,0.001,0.0018565142199121682,2.3855781852659437,2.3850425170154224,2.385366183363655,2.3848305151131335,0.0,-0.0,True,False
quality_score_soft_proxy_0_1,1,8,12,0.001,0.0018526928654378355,2.3855781852659437,2.3850425170154224,2.383087556494547,2.3825518882440258,0.0,-0.0,True,False
quality_score_soft_proxy_0_1,1,8,13,0.001,0.0018236584650111103,2.3855781852659437,2.3850425170154224,2.3840792709452723,2.383543602694751,0.0,-0.0,True,False
quality_score_soft_proxy_0_1,1,8,14,0.001,0.001814772617028558,2.3855781852659437,2.3850425170154224,2.3833846364057867,2.3828489681552654,0.0,-0.0,True,False
quality_score_soft_proxy_0_1,1,8,15,0.001,0.0018532250506913992,2.3855781852659437,2.3850425170154224,2.3851830459201206,2.384647377669599,-4.440892098500626e-16,4.440892098500626e-16,True,False
quality_score_soft_proxy_0_1,1,8,16,0.001,0.0018534012791290749,2.3855781852659437,2.3850425170154224,2.3853522793458177,2.384816611095296,-4.440892098500626e-16,4.440892098500626e-16,True,False
quality_score_soft_proxy_0_1,1,9,10,0.00020519812164724194,0.0018775228890901784,2.3855781852659437,2.3845995601308165,2.3854955720180664,2.3845169468829397,4.440892098500626e-16,-4.440892098500626e-16,True,False
quality_score_soft_proxy_0_1,1,9,11,0.0002061869316992268,0.0018813505076931943,2.3855781852659437,2.384594844325609,2.3855344732441965,2.3845511323038613,-4.440892098500626e-16,4.440892098500626e-16,True,False
quality_score_soft_proxy_0_1,1,9,12,0.00019896314471094762,0.0018838651367210544,2.3855781852659437,2.384629295808209,2.385082641933279,2.3841337524755444,0.0,-0.0,True,False
quality_score_soft_proxy_0_1,1,9,13,0.00020423482515426504,0.0018752963701017522,2.3855781852659437,2.3846041542574734,2.38527205476174,2.3842980237532703,4.440892098500626e-16,-4.440892098500626e-16,True,False
quality_score_soft_proxy_0_1,1,9,14,0.0001929257429361126,0.0018707649843673973,2.3855781852659437,2.384658089215675,2.3851549932224314,2.384234897172162,-4.440892098500626e-16,4.440892098500626e-16,True,False
quality_score_soft_proxy_0_1,1,9,15,0.0002057619128890874,0.0018814984584341419,2.3855781852659437,2.3845968713134154,2.3854968806382897,2.384515566685761,-4.440892098500626e-16,4.440892098500626e-16,True,False
quality_score_soft_proxy_0_1,1,9,16,0.00020602611152755495,0.0018794472469040474,2.3855781852659437,2.384595611304668,2.385531642747649,2.384549068786373,-4.440892098500626e-16,4.440892098500626e-16,True,False
quality_score_soft_proxy_0_1,1,10,11,0.001,0.0018511272536227952,2.3855781852659437,2.385175582906751,2.385366183363655,2.3849635810044623,0.0,-0.0,True,False
quality_score_soft_proxy_0_1,1,10,12,0.001,0.0018473058991484628,2.3855781852659437,2.385175582906751,2.383087556494547,2.3826849541353545,0.0,-0.0,True,False
quality_score_soft_proxy_0_1,1,10,13,0.001,0.0018182714987217373,2.3855781852659437,2.385175582906751,2.3840792709452723,2.3836766685860797,0.0,-0.0,True,False
quality_score_soft_proxy_0_1,1,10,14,0.001,0.0018108205111462567,2.3855781852659437,2.385175582906751,2.3833846364057867,2.382982034046594,0.0,-0.0,True,False
quality_score_soft_proxy_0_1,1,10,15,0.001,0.0018478380844020263,2.3855781852659437,2.385175582906751,2.3851830459201206,2.384780443560928,0.0,-0.0,True,False
quality_score_soft_proxy_0_1,1,10,16,0.001,0.0018480143128397019,2.3855781852659437,2.385175582906751,2.3853522793458177,2.3849496769866247,-4.440892098500626e-16,4.440892098500626e-16,True,False
quality_score_soft_proxy_0_1,1,11,12,0.001,0.0018540841662508106,2.3855781852659437,2.385366183363655,2.383087556494547,2.382875554592258,0.0,-0.0,True,False
quality_score_soft_proxy_0_1,1,11,13,0.001,0.0018250497658240852,2.3855781852659437,2.385366183363655,2.3840792709452723,2.383867269042984,4.440892098500626e-16,-4.440892098500626e-16,True,False
quality_score_soft_proxy_0_1,1,11,14,0.001,0.0018131972739663658,2.3855781852659437,2.385366183363655,2.3833846364057867,2.3831726345034983,4.440892098500626e-16,-4.440892098500626e-16,True,False
quality_score_soft_proxy_0_1,1,11,15,0.001,0.0018546163515043743,2.3855781852659437,2.385366183363655,2.3851830459201206,2.3849710440178318,0.0,-0.0,True,False
quality_score_soft_proxy_0_1,1,11,16,0.001,0.00185479257994205,2.3855781852659437,2.385366183363655,2.3853522793458177,2.385140277443529,0.0,-0.0,True,False
quality_score_soft_proxy_0_1,1,12,13,0.0009305006620636543,0.0018303951369370074,2.3855781852659437,2.383260653545204,2.3841834444981824,2.381865912777443,0.0,-0.0,True,False
quality_score_soft_proxy_0_1,1,12,14,0.001,0.001798724205543514,2.3855781852659437,2.383087556494547,2.3833846364057867,2.3808940076343905,4.440892098500626e-16,-4.440892098500626e-16,True,False
quality_score_soft_proxy_0_1,1,12,15,0.001,0.0018507949970300419,2.3855781852659437,2.383087556494547,2.3851830459201206,2.382692417148724,0.0,-0.0,True,False
quality_score_soft_proxy_0_1,1,12,16,0.001,0.0018509712254677175,2.3855781852659437,2.383087556494547,2.3853522793458177,2.382861650574421,0.0,-0.0,True,False
quality_score_soft_proxy_0_1,1,13,14,0.0005819738228341096,0.0018468885841608803,2.3855781852659437,2.3847058563686416,2.3843015972502246,2.383429268352923,4.440892098500626e-16,-4.440892098500626e-16,True,False
quality_score_soft_proxy_0_1,1,13,15,0.001,0.0018217605966033164,2.3855781852659437,2.3840792709452723,2.3851830459201206,2.3836841315994497,4.440892098500626e-16,-4.440892098500626e-16,True,False
quality_score_soft_proxy_0_1,1,13,16,0.001,0.001821936825040992,2.3855781852659437,2.3840792709452723,2.3853522793458177,2.3838533650251468,4.440892098500626e-16,-4.440892098500626e-16,True,False
quality_score_soft_proxy_0_1,1,14,15,0.001,0.0018147250507276496,2.3855781852659437,2.3833846364057867,2.3851830459201206,2.3829894970599637,0.0,-0.0,True,False
quality_score_soft_proxy_0_1,1,14,16,0.001,0.0018079506249126347,2.3855781852659437,2.3833846364057867,2.3853522793458177,2.3831587304856607,0.0,-0.0,True,False
quality_score_soft_proxy_0_1,1,15,16,0.001,0.001851503410721281,2.3855781852659437,2.3851830459201206,2.3853522793458177,2.3849571399999947,0.0,-0.0,True,False
quality_score_soft_proxy_0_1,2,0,1,0.0002598210137203678,0.0015625,2.3855781852659437,2.386193249689016,2.386186857510257,2.3868019219333285,-8.881784197001252e-16,8.881784197001252e-16,True,False
quality_score_soft_proxy_0_1,2,0,3,0.0002585238221290034,0.0015625,2.3855781852659437,2.3861901788966025,2.3861538102559163,2.386765803886575,0.0,-0.0,True,False
quality_score_soft_proxy_0_1,2,0,4,0.0002591798759732883,0.0015625,2.3855781852659437,2.3861917319479646,2.386060197756274,2.3866737444382946,-4.440892098500626e-16,4.440892098500626e-16,True,False
quality_score_soft_proxy_0_1,2,0,5,0.00025668095419740725,0.0015625,2.3855781852659437,2.3861858163453027,2.3858078283688844,2.386415459448243,-4.440892098500626e-16,4.440892098500626e-16,True,False
quality_score_soft_proxy_0_1,2,0,6,0.00025887037389635113,0.0015625,2.3855781852659437,2.3861909992754464,2.3861261919319214,2.3867390059414237,-4.440892098500626e-16,4.440892098500626e-16,True,False
quality_score_soft_proxy_0_1,2,0,7,0.00025357468968553954,0.0015625,2.3855781852659437,2.3861784630032363,2.385041823408825,2.3856421011461175,0.0,-0.0,True,False
quality_score_soft_proxy_0_1,2,0,8,0.00025854528794091715,0.0015625,2.3855781852659437,2.3861902297118043,2.386045374416684,2.3866574188625442,-4.440892098500626e-16,4.440892098500626e-16,True,False
quality_score_soft_proxy_0_1,2,0,9,0.00018584668671604772,0.0016517101040676961,2.3855781852659437,2.3860181330727364,2.3851272260144776,2.3855671738212703,0.0,-0.0,True,False
quality_score_soft_proxy_0_1,2,0,10,0.00025591511236965157,0.0015625,2.3855781852659437,2.3861840033970148,2.386074675284182,2.3866804934152532,0.0,-0.0,True,False
quality_score_soft_proxy_0_1,2,0,11,0.0002585256639409348,0.0015625,2.3855781852659437,2.3861901832566543,2.386129015013854,2.3867410130045648,0.0,-0.0,True,False
quality_score_soft_proxy_0_1,2,0,12,0.00025336152441426696,0.0015624999999999999,2.3855781852659437,2.386177958385181,2.3855406956220526,2.3861404687412904,4.440892098500626e-16,-4.440892098500626e-16,True,False
quality_score_soft_proxy_0_1,2,0,13,0.0002686493997267447,0.0015625,2.3855781852659437,2.3862141487920865,2.3858048569827717,2.3864408205089145,0.0,-0.0,True,False
quality_score_soft_proxy_0_1,2,0,14,0.00024278942978936806,0.0015625,2.3855781852659437,2.3861529314668886,2.3856143878262603,2.3861891340272052,0.0,-0.0,True,False
quality_score_soft_proxy_0_1,2,0,15,0.00026947670570173906,0.0015625,2.3855781852659437,2.386216107242117,2.3861029966625074,2.3867409186386803,-4.440892098500626e-16,4.440892098500626e-16,True,False
quality_score_soft_proxy_0_1,2,0,16,0.0002569504828279772,0.0015625,2.3855781852659437,2.3861864543901987,2.3861220861976773,2.386730355321932,-4.440892098500626e-16,4.440892098500626e-16,True,False
quality_score_soft_proxy_0_1,2,1,3,0.00026053160402988366,0.0015625,2.3855781852659437,2.3861885221816097,2.386158280750848,2.3867686176665144,4.440892098500626e-16,-4.440892098500626e-16,True,False
quality_score_soft_proxy_0_1,2,1,4,0.000261197900840684,0.0015625,2.3855781852659437,2.386190083088364,2.3860639507991683,2.386675848621589,4.440892098500626e-16,-4.440892098500626e-16,True,False
quality_score_soft_proxy_0_1,2,1,5,0.00025866010390414155,0.0015625,2.3855781852659437,2.3861841378934976,2.3858095990420582,2.3864155516696117,-4.440892098500626e-16,4.440892098500626e-16,True,False
quality_score_soft_proxy_0_1,2,1,6,0.00026088356323633485,0.0015625,2.3855781852659437,2.3861893467022943,2.3861304536833203,2.3867416151196714,4.440892098500626e-16,-4.440892098500626e-16,True,False
quality_score_soft_proxy_0_1,2,1,7,0.0002555060470469223,0.0015625,2.3855781852659437,2.386176749011288,2.385037738196605,2.3856363019419486,-4.440892098500626e-16,4.440892098500626e-16,True,False
quality_score_soft_proxy_0_1,2,1,8,0.000260553404571841,0.0015625,2.3855781852659437,2.386188573252863,2.3860490030664687,2.386659391053388,0.0,-0.0,True,False
quality_score_soft_proxy_0_1,2,1,9,0.00018565544207703298,0.0016486305879427814,2.3855781852659437,2.3860131128069453,2.385127690071926,2.3855626176129276,0.0,-0.0,True,False
quality_score_soft_proxy_0_1,2,1,10,0.0002578824243223284,0.0015625,2.3855781852659437,2.386182316054803,2.386078491982377,2.386682622771236,-4.440892098500626e-16,4.440892098500626e-16,True,False
quality_score_soft_proxy_0_1,2,1,11,0.000260533474561256,0.0015625,2.3855781852659437,2.3861885265636285,2.3861332929714116,2.386743634269096,-4.440892098500626e-16,4.440892098500626e-16,True,False
quality_score_soft_proxy_0_1,2,1,12,0.0002552896236391142,0.0015625,2.3855781852659437,2.38617624200487,2.3855404103231956,2.386138467062122,0.0,-0.0,True,False
quality_score_soft_proxy_0_1,2,1,13,0.0002653178670236934,0.0015625,2.3855781852659437,2.386199734767523,2.3858020460171105,2.38642359551869,4.440892098500626e-16,-4.440892098500626e-16,True,False
quality_score_soft_proxy_0_1,2,1,14,0.00024455941532012545,0.0015625,2.3855781852659437,2.3861511047771846,2.385614651750468,2.386187571261709,0.0,-0.0,True,False
quality_score_soft_proxy_0_1,2,1,15,0.00027023854118765324,0.0015625,2.3855781852659437,2.3862112622330804,2.3861044803526994,2.386737557319836,0.0,-0.0,True,False
quality_score_soft_proxy_0_1,2,1,16,0.00025893380719944426,0.0015625,2.3855781852659437,2.386184779087205,2.3861262844072373,2.3867328782284987,0.0,-0.0,True,False
quality_score_soft_proxy_0_1,2,3,4,0.0002598869589137903,0.0015625,2.3855781852659437,2.386156845394387,2.386061512761182,2.386640172889625,-4.440892098500626e-16,4.440892098500626e-16,True,False
quality_score_soft_proxy_0_1,2,3,5,0.0002573744497345486,0.0015625,2.3855781852659437,2.3861512510818037,2.3858084488140885,2.3863815146299485,0.0,-0.0,True,False
quality_score_soft_proxy_0_1,2,3,6,0.00025957576680766436,0.0015625,2.3855781852659437,2.3861561524990416,2.386127685188997,2.386705652422095,0.0,-0.0,True,False
quality_score_soft_proxy_0_1,2,3,7,0.0002542514797684829,0.0015625,2.3855781852659437,2.386144297527038,2.385040391860644,2.3856065041217382,0.0,-0.0,True,False
quality_score_soft_proxy_0_1,2,3,8,0.00025924890791095373,0.0015624999999999999,2.3855781852659437,2.3861554247202723,2.3860466458520246,2.386623885306353,-4.440892098500626e-16,4.440892098500626e-16,True,False
quality_score_soft_proxy_0_1,2,3,9,0.00018595809013798717,0.0016505863130013632,2.3855781852659437,2.3859922365626076,2.3851269556927157,2.3855410069893797,0.0,-0.0,True,False
quality_score_soft_proxy_0_1,2,3,10,0.0002566044702506625,0.0015625,2.3855781852659437,2.3861495366578525,2.3860760126780693,2.386647364069978,0.0,-0.0,True,False
quality_score_soft_proxy_0_1,2,3,11,0.00025922917695794784,0.0015625,2.3855781852659437,2.386155380787649,2.386130513959421,2.386707709481126,0.0,-0.0,True,False
quality_score_soft_proxy_0_1,2,3,12,0.00025403717558461155,0.0015625,2.3855781852659437,2.3861438203607848,2.3855405956466447,2.3861062307414853,-4.440892098500626e-16,4.440892098500626e-16,True,False
quality_score_soft_proxy_0_1,2,3,13,0.0002677156131601202,0.0015625,2.3855781852659437,2.3861742765501885,2.385804069104577,2.3864001603888214,-4.440892098500626e-16,4.440892098500626e-16,True,False
quality_score_soft_proxy_0_1,2,3,14,0.00024340980213909396,0.0015625,2.3855781852659437,2.3861201576217663,2.3856144803305654,2.386156452686388,0.0,-0.0,True,False
quality_score_soft_proxy_0_1,2,3,15,0.0002702411702268197,0.0015625,2.3855781852659437,2.386179899914988,2.3861044854728073,2.3867062001218518,0.0,-0.0,True,False
quality_score_soft_proxy_0_1,2,3,16,0.00025764543751564126,0.0015625,2.3855781852659437,2.3861518544588445,2.3861235572457096,2.3866972264386104,0.0,-0.0,True,False
quality_score_soft_proxy_0_1,2,4,5,0.00025802467570403085,0.0015625,2.3855781852659437,2.3860580493604675,2.3858090305475863,2.38628889464211,0.0,-0.0,True,False
quality_score_soft_proxy_0_1,2,4,6,0.0002602371773672847,0.0015625,2.3855781852659437,2.3860621640836213,2.386129085339158,2.3866130641568355,0.0,-0.0,True,False
quality_score_soft_proxy_0_1,2,4,7,0.0002548860023961271,0.0015625,2.3855781852659437,2.3860522121798926,2.385039049716697,2.385513076630646,0.0,-0.0,True,False
quality_score_soft_proxy_0_1,2,4,8,0.0002599086517005962,0.0015625,2.3855781852659437,2.38606155310457,2.386047838003478,2.3865312058421044,0.0,-0.0,True,False
quality_score_soft_proxy_0_1,2,4,9,0.00018394682847568784,0.0016507574748505919,2.3855781852659437,2.385920282307811,2.385131836043664,2.3854739330855312,0.0,-0.0,True,False
quality_score_soft_proxy_0_1,2,4,10,0.00025725080663127674,0.0015625,2.3855781852659437,2.38605661014935,2.3860772666077743,2.386555691491181,4.440892098500626e-16,-4.440892098500626e-16,True,False
quality_score_soft_proxy_0_1,2,4,11,0.0002598888201999012,0.0015624999999999999,2.3855781852659437,2.3860615162227288,2.3861319194335047,2.3866152503902898,0.0,-0.0,True,False
quality_score_soft_proxy_0_1,2,4,12,0.00025467062767421965,0.0015625,2.3855781852659437,2.3860518116344966,2.3855405019153912,2.386014128283944,0.0,-0.0,True,False
quality_score_soft_proxy_0_1,2,4,13,0.00026465782436825547,0.0015625,2.3855781852659437,2.386070385428206,2.3858014891091033,2.3862936892713655,0.0,-0.0,True,False
quality_score_soft_proxy_0_1,2,4,14,0.00024399130257921433,0.0015625,2.3855781852659437,2.386031950647741,2.385614567038643,2.3860683324204404,0.0,-0.0,True,False
quality_score_soft_proxy_0_1,2,4,15,0.00026955382034661313,0.0015625,2.3855781852659437,2.386079490808033,2.3861031468448552,2.3866044523869445,0.0,-0.0,True,False
quality_score_soft_proxy_0_1,2,4,16,0.00025829703517607705,0.0015624999999999999,2.3855781852659437,2.38605855588385,2.386124936517586,2.386605307135492,0.0,-0.0,True,False
quality_score_soft_proxy_0_1,2,5,6,0.000257717924832259,0.0015625,2.3855781852659437,2.385808756108751,2.386123752294817,2.3863543231376245,0.0,-0.0,True,False
quality_score_soft_proxy_0_1,2,5,7,0.0002524688086861884,0.0015625,2.3855781852659437,2.3858040599156762,2.3850441625712517,2.3852700372209847,4.440892098500626e-16,-4.440892098500626e-16,True,False
quality_score_soft_proxy_0_1,2,5,8,0.0002573957250929754,0.0015625,2.3855781852659437,2.3858084678483773,2.386043297166331,2.386273579748764,-4.440892098500626e-16,4.440892098500626e-16,True,False
quality_score_soft_proxy_0_1,2,5,9,0.00018642267059769727,0.001645193798119927,2.3855781852659437,2.385744970840933,2.3851258283825656,2.3852926139575543,-4.440892098500626e-16,4.440892098500626e-16,True,False
quality_score_soft_proxy_0_1,2,5,10,0.0002547887685629697,0.0015625,2.3855781852659437,2.3858061354992994,2.386072490112498,2.3863004403458534,-4.440892098500626e-16,4.440892098500626e-16,True,False
quality_score_soft_proxy_0_1,2,5,11,0.0002573762752057852,0.0015625,2.3855781852659437,2.385808450447271,2.3861265660596667,2.386356831240994,0.0,-0.0,True,False
quality_score_soft_proxy_0_1,2,5,12,0.0002522574978835979,0.0015625,2.3855781852659437,2.385803870863596,2.3855408589837217,2.3857665445813745,4.440892098500626e-16,-4.440892098500626e-16,True,False
quality_score_soft_proxy_0_1,2,5,13,0.000263228622151288,0.0015625,2.3855781852659437,2.3858136863289756,2.3858002832261924,2.3860357842892244,0.0,-0.0,True,False
quality_score_soft_proxy_0_1,2,5,14,0.00024177543270271053,0.0015625,2.3855781852659437,2.3857944929415726,2.385614236628201,2.38583054430383,0.0,-0.0,True,False
quality_score_soft_proxy_0_1,2,5,15,0.00026807139850855053,0.0015625,2.3855781852659437,2.385818018984638,2.3861002597980026,2.3863400935166967,0.0,-0.0,True,False
quality_score_soft_proxy_0_1,2,5,16,0.00025581502697588073,0.0015625,2.3855781852659437,2.385807053655331,2.3861196827170956,2.386348551106483,0.0,-0.0,True,False
quality_score_soft_proxy_0_1,2,6,7,0.0002545866645866147,0.0015625,2.3855781852659437,2.3861171236819643,2.385039682876826,2.385578621292847,4.440892098500626e-16,-4.440892098500626e-16,True,False
quality_score_soft_proxy_0_1,2,6,8,0.00025959740767294664,0.0015625,2.3855781852659437,2.386127731000877,2.38604727558815,2.3865968213230833,0.0,-0.0,True,False
quality_score_soft_proxy_0_1,2,6,9,0.00018599894428002013,0.0016487254140050117,2.3855781852659437,2.385971929284605,2.385126856559642,2.385520600578303,0.0,-0.0,True,False
quality_score_soft_proxy_0_1,2,6,10,0.0002569458919309229,0.0015625,2.3855781852659437,2.386122117966524,2.386076675055741,2.3866206077563215,0.0,-0.0,True,False
quality_score_soft_proxy_0_1,2,6,11,0.0002595776236389704,0.0015625,2.3855781852659437,2.3861276891197516,2.3861312563800943,2.3866807602339017,-4.440892098500626e-16,4.440892098500626e-16,True,False
quality_score_soft_proxy_0_1,2,6,12,0.0002543717952260544,0.0015625,2.3855781852659437,2.386116668821719,2.385540546133321,2.386079029689096,0.0,-0.0,True,False
quality_score_soft_proxy_0_1,2,6,13,0.0002659571148431188,0.0015625,2.3855781852659437,2.386141193962553,2.3858025853795692,2.386365594076179,4.440892098500626e-16,-4.440892098500626e-16,True,False
quality_score_soft_proxy_0_1,2,6,14,0.0002437169935540693,0.0015625,2.3855781852659437,2.386094113508598,2.385614526136166,2.3861304543788204,0.0,-0.0,True,False
quality_score_soft_proxy_0_1,2,6,15,0.00027061987117697566,0.0015624999999999999,2.3855781852659437,2.38615106462297,2.3861052230006536,2.386678102357681,8.881784197001252e-16,-8.881784197001252e-16,True,False
quality_score_soft_proxy_0_1,2,6,16,0.00025798963676288236,0.0015625,2.3855781852659437,2.3861243274859714,2.386124285830802,2.38667042805083,4.440892098500626e-16,-4.440892098500626e-16,True,False
quality_score_soft_proxy_0_1,2,7,8,0.00025427224193003714,0.0015625,2.3855781852659437,2.385040347944465,2.386037653058647,2.3854998157371683,0.0,-0.0,True,False
quality_score_soft_proxy_0_1,2,7,9,0.0001870904358976656,0.001655432673254958,2.3855781852659437,2.38518245107902,2.3851242080419226,2.3847284738549988,0.0,-0.0,True,False
quality_score_soft_proxy_0_1,2,7,10,0.0002517278593419735,0.0015625,2.3855781852659437,2.385045729829273,2.386066551772785,2.385534096336114,0.0,-0.0,True,False
quality_score_soft_proxy_0_1,2,7,11,0.0002542532612079642,0.0015625,2.3855781852659437,2.385040388092538,2.3861199119852246,2.385582114811819,0.0,-0.0,True,False
quality_score_soft_proxy_0_1,2,7,12,0.0002492567473337053,0.0015624999999999999,2.3855781852659437,2.385050956731956,2.3855413030016908,2.385014074467703,0.0,-0.0,True,False
quality_score_soft_proxy_0_1,2,7,13,0.00026560086808393693,0.0015625,2.3855781852659437,2.3850163856043354,2.3858022847979763,2.385240485136368,0.0,-0.0,True,False
quality_score_soft_proxy_0_1,2,7,14,0.00023901751825959757,0.0015625,2.3855781852659437,2.3850726147764894,2.3856138253929835,2.3851082549035283,-8.881784197001252e-16,8.881784197001252e-16,True,False
quality_score_soft_proxy_0_1,2,7,15,0.0002648379296792707,0.0015625,2.3855781852659437,2.385017999373675,2.3860939625513162,2.3855337766590474,0.0,-0.0,True,False
quality_score_soft_proxy_0_1,2,7,16,0.0002527295594520196,0.0015625,2.3855781852659437,2.3850436110305395,2.38611315154174,2.385578577306336,0.0,-0.0,True,False
quality_score_soft_proxy_0_1,2,8,9,0.00018571165212172242,0.0016487142965799116,2.3855781852659437,2.3859137646521638,2.3851275536775676,2.3854631330637877,0.0,-0.0,True,False
quality_score_soft_proxy_0_1,2,8,10,0.00025662561849656203,0.0015625,2.3855781852659437,2.3860419055902184,2.3860760537068813,2.3865397740311556,-4.440892098500626e-16,4.440892098500626e-16,True,False
quality_score_soft_proxy_0_1,2,8,11,0.00025925076006892765,0.0015625,2.3855781852659437,2.3860466491988586,2.386130559945647,2.3865990238785613,-4.440892098500626e-16,4.440892098500626e-16,True,False
quality_score_soft_proxy_0_1,2,8,12,0.00025405790275935444,0.0015625,2.3855781852659437,2.386037265749577,2.3855405925796664,2.3859996730632993,-4.440892098500626e-16,4.440892098500626e-16,True,False
quality_score_soft_proxy_0_1,2,8,13,0.0002654886626263088,0.0015625,2.3855781852659437,2.3860579210360724,2.385802190125129,2.3862819258952577,0.0,-0.0,True,False
quality_score_soft_proxy_0_1,2,8,14,0.00024342883132469283,0.0015625,2.3855781852659437,2.3860180591073044,2.385614483168025,2.3860543570093857,0.0,-0.0,True,False
quality_score_soft_proxy_0_1,2,8,15,0.0002702646260588869,0.0015625,2.3855781852659437,2.3860665511616412,2.38610453115352,2.3865928970492174,0.0,-0.0,True,False
quality_score_soft_proxy_0_1,2,8,16,0.0002576667577008652,0.0015625,2.3855781852659437,2.3860437869199638,2.3861236023752945,2.3865892040293137,-8.881784197001252e-16,8.881784197001252e-16,True,False
quality_score_soft_proxy_0_1,2,9,10,0.00018728144339369532,0.0016446975251150824,2.3855781852659437,2.385123744559904,2.385941522023923,2.385487081317884,4.440892098500626e-16,-4.440892098500626e-16,True,False
quality_score_soft_proxy_0_1,2,9,11,0.00018591882316606337,0.0016485591912458557,2.3855781852659437,2.385127050974502,2.3859743146750523,2.3855231803836108,0.0,-0.0,True,False
quality_score_soft_proxy_0_1,2,9,12,0.00018249711942577504,0.0016507874316811551,2.3855781852659437,2.385135353780351,2.3855511813550923,2.3851083498695,4.440892098500626e-16,-4.440892098500626e-16,True,False
quality_score_soft_proxy_0_1,2,9,13,0.0001887862078041176,0.0016391641062505615,2.3855781852659437,2.385120093230714,2.3857374727755376,2.3852793807403083,4.440892098500626e-16,-4.440892098500626e-16,True,False
quality_score_soft_proxy_0_1,2,9,14,0.000163390611809964,0.0016724709120029455,2.3855781852659437,2.385181715954059,2.385602548593805,2.38520607928192,-4.440892098500626e-16,4.440892098500626e-16,True,False
quality_score_soft_proxy_0_1,2,9,15,0.0001868488729769836,0.0016473951097382843,2.3855781852659437,2.3851247941972953,2.385942077268104,2.3854886861994555,0.0,-0.0,True,False
quality_score_soft_proxy_0_1,2,9,16,0.00018151112789915598,0.0016549454368551735,2.3855781852659437,2.385137746300813,2.3859623996503565,2.3855219606852263,4.440892098500626e-16,-4.440892098500626e-16,True,False
quality_score_soft_proxy_0_1,2,10,11,0.00025660628481578276,0.0015624999999999999,2.3855781852659437,2.38607601619843,2.38612492547356,2.3866227564060467,4.440892098500626e-16,-4.440892098500626e-16,True,False
quality_score_soft_proxy_0_1,2,10,12,0.0002515177865197047,0.0015625,2.3855781852659437,2.3860661442194426,2.3855409684380504,2.38602892739155,4.440892098500626e-16,-4.440892098500626e-16,True,False
quality_score_soft_proxy_0_1,2,10,13,0.0002641050149917402,0.0015625,2.3855781852659437,2.3860905641657126,2.3858010226786908,2.3863134015784593,-4.440892098500626e-16,4.440892098500626e-16,True,False
quality_score_soft_proxy_0_1,2,10,14,0.00024109583581212435,0.0015625,2.3855781852659437,2.3860459250364134,2.385614135292869,2.386081875063339,4.440892098500626e-16,-4.440892098500626e-16,True,False
quality_score_soft_proxy_0_1,2,10,15,0.0002673919299765268,0.0015625,2.3855781852659437,2.3860969409695896,2.386098936519138,2.3866176922227833,-4.440892098500626e-16,4.440892098500626e-16,True,False
quality_score_soft_proxy_0_1,2,10,16,0.00025505433599396936,0.0015625,2.3855781852659437,2.386073005328569,2.3861180725215076,2.386612892584133,0.0,-0.0,True,False
quality_score_soft_proxy_0_1,2,11,12,0.00025403895402225887,0.0015625,2.3855781852659437,2.3861194553699265,2.385540595383491,2.386081865487474,0.0,-0.0,True,False
quality_score_soft_proxy_0_1,2,11,13,0.0002656678273417896,0.0015624999999999999,2.3855781852659437,2.386144232520718,2.3858023412945473,2.3863683885493225,8.881784197001252e-16,-8.881784197001252e-16,True,False
quality_score_soft_proxy_0_1,2,11,14,0.0002434114348905947,0.0015625,2.3855781852659437,2.3860968117623442,2.3856144805740263,2.386133107070427,0.0,-0.0,True,False
quality_score_soft_proxy_0_1,2,11,15,0.0002702431827797529,0.0015625,2.3855781852659437,2.386153981037922,2.386104489392295,2.3866802851642737,0.0,-0.0,True,False
quality_score_soft_proxy_0_1,2,11,16,0.00025764726683296735,0.0015625,2.3855781852659437,2.3861271434501177,2.386123561117924,2.3866725193020977,-4.440892098500626e-16,4.440892098500626e-16,True,False
quality_score_soft_proxy_0_1,2,12,13,0.0002623658720888028,0.0015625,2.3855781852659437,2.385539363257999,2.3857995552847266,2.3857607332767814,-4.440892098500626e-16,4.440892098500626e-16,True,False
quality_score_soft_proxy_0_1,2,12,14,0.00023882811603718652,0.0015625,2.3855781852659437,2.3855428461155257,2.3856137971510396,2.385578458000622,4.440892098500626e-16,-4.440892098500626e-16,True,False
quality_score_soft_proxy_0_1,2,12,15,0.00026460541584486197,0.0015625,2.3855781852659437,2.3855390318750156,2.3860935097258675,2.386054356334939,-4.440892098500626e-16,4.440892098500626e-16,True,False
quality_score_soft_proxy_0_1,2,12,16,0.00025251781212183415,0.0015625,2.3855781852659437,2.385540820465292,2.386112703324757,2.386075338524105,0.0,-0.0,True,False
quality_score_soft_proxy_0_1,2,13,14,0.0002520366824833612,0.0015625,2.3855781852659437,2.385790840077681,2.3856157666928106,2.3858284215045473,-4.440892098500626e-16,4.440892098500626e-16,True,False
quality_score_soft_proxy_0_1,2,13,15,0.0002660159143069741,0.0015625,2.3855781852659437,2.385802634991351,2.3860962567004744,2.3863207064258822,4.440892098500626e-16,-4.440892098500626e-16,True,False
quality_score_soft_proxy_0_1,2,13,16,0.000264839931706704,0.0015625,2.3855781852659437,2.385801642761347,2.3861387862192096,2.3863622437146135,4.440892098500626e-16,-4.440892098500626e-16,True,False
quality_score_soft_proxy_0_1,2,14,15,0.0002530954592572149,0.0015625,2.3855781852659437,2.3856159245680115,2.3860710938499743,2.386108833152042,0.0,-0.0,True,False
quality_score_soft_proxy_0_1,2,14,16,0.00024201455246587795,0.0015625,2.3855781852659437,2.385614272283574,2.3860904705091177,2.386126557526748,0.0,-0.0,True,False
quality_score_soft_proxy_0_1,2,15,16,0.0002685224527097769,0.0015625,2.3855781852659437,2.386101138235286,2.3861465812098346,2.386669534179177,0.0,-0.0,True,False
quality_score_soft_proxy_0_1,3,0,1,0.001,0.001869829161149333,2.3855781852659437,2.3857188633682047,2.3856942611288874,2.385834939231148,-4.440892098500626e-16,4.440892098500626e-16,True,False
quality_score_soft_proxy_0_1,3,0,2,0.0005156482544246566,0.00184493009551193,2.3855781852659437,2.3856507256838104,2.384430051144925,2.3845025915627915,0.0,-0.0,True,False
quality_score_soft_proxy_0_1,3,0,4,0.001,0.0018693872720186707,2.3855781852659437,2.3857188633682047,2.385211361806995,2.385352039909256,0.0,-0.0,True,False
quality_score_soft_proxy_0_1,3,0,5,0.001,0.0018644602265982186,2.3855781852659437,2.3857188633682047,2.3842462649138305,2.3843869430160916,0.0,-0.0,True,False
quality_score_soft_proxy_0_1,3,0,6,0.001,0.001871624323448092,2.3855781852659437,2.3857188633682047,2.385468516669393,2.3856091947716536,-4.440892098500626e-16,4.440892098500626e-16,True,False
quality_score_soft_proxy_0_1,3,0,7,0.0004949088125922296,0.001848990398852457,2.3855781852659437,2.3856478080984913,2.3834293968181184,2.383499019650666,0.0,-0.0,True,False
quality_score_soft_proxy_0_1,3,0,8,0.001,0.0018701589908363219,2.3855781852659437,2.3857188633682047,2.3851585928783656,2.3852992709806267,0.0,-0.0,True,False
quality_score_soft_proxy_0_1,3,0,9,0.00020625465927938603,0.0018809806355005068,2.3855781852659437,2.3856072007799933,2.384618462508692,2.384647478022742,4.440892098500626e-16,-4.440892098500626e-16,True,False
quality_score_soft_proxy_0_1,3,0,10,0.001,0.0018756354253721783,2.3855781852659437,2.3857188633682047,2.385291658769695,2.3854323368719554,-4.440892098500626e-16,4.440892098500626e-16,True,False
quality_score_soft_proxy_0_1,3,0,11,0.001,0.001872184675082235,2.3855781852659437,2.3857188633682047,2.3854822592265985,2.385622937328859,-4.440892098500626e-16,4.440892098500626e-16,True,False
quality_score_soft_proxy_0_1,3,0,12,0.001,0.0018588713896688313,2.3855781852659437,2.3857188633682047,2.3832036323574903,2.3833443104597514,0.0,-0.0,True,False
quality_score_soft_proxy_0_1,3,0,13,0.001,0.0018451506045056552,2.3855781852659437,2.3857188633682047,2.384195346808216,2.3843360249104766,-4.440892098500626e-16,4.440892098500626e-16,True,False
quality_score_soft_proxy_0_1,3,0,14,0.001,0.0018439341423477896,2.3855781852659437,2.3857188633682047,2.38350071226873,2.383641390370991,0.0,-0.0,True,False
quality_score_soft_proxy_0_1,3,0,15,0.001,0.001870364466845034,2.3855781852659437,2.3857188633682047,2.385299121783064,2.385439799885325,0.0,-0.0,True,False
quality_score_soft_proxy_0_1,3,0,16,0.001,0.0018700900075023317,2.3855781852659437,2.3857188633682047,2.385468355208761,2.385609033311022,0.0,-0.0,True,False
quality_score_soft_proxy_0_1,3,1,2,0.0005133151119019495,0.0018434367780489856,2.3855781852659437,2.3856377687605193,2.384435246082591,2.384494829577167,4.440892098500626e-16,-4.440892098500626e-16,True,False
quality_score_soft_proxy_0_1,3,1,4,0.001,0.001869754491106444,2.3855781852659437,2.3856942611288874,2.385211361806995,2.3853274376699383,-4.440892098500626e-16,4.440892098500626e-16,True,False
quality_score_soft_proxy_0_1,3,1,5,0.001,0.001864827445685992,2.3855781852659437,2.3856942611288874,2.3842462649138305,2.3843623407767742,0.0,-0.0,True,False
quality_score_soft_proxy_0_1,3,1,6,0.001,0.0018719915425358653,2.3855781852659437,2.3856942611288874,2.385468516669393,2.3855845925323362,-4.440892098500626e-16,4.440892098500626e-16,True,False
quality_score_soft_proxy_0_1,3,1,7,0.0004929559886726816,0.0018506939574989337,2.3855781852659437,2.3856354055577222,2.383437875562833,2.3834950958546113,-4.440892098500626e-16,4.440892098500626e-16,True,False
quality_score_soft_proxy_0_1,3,1,8,0.001,0.0018705262099240952,2.3855781852659437,2.3856942611288874,2.3851585928783656,2.385274668741309,-4.440892098500626e-16,4.440892098500626e-16,True,False
quality_score_soft_proxy_0_1,3,1,9,0.00020663818100904335,0.00188109892763566,2.3855781852659437,2.3856021709711213,2.3846166779452154,2.384640663650393,0.0,-0.0,True,False
quality_score_soft_proxy_0_1,3,1,10,0.001,0.0018760026444599514,2.3855781852659437,2.3856942611288874,2.385291658769695,2.3854077346326377,-8.881784197001252e-16,8.881784197001252e-16,True,False
quality_score_soft_proxy_0_1,3,1,11,0.001,0.0018725518941700083,2.3855781852659437,2.3856942611288874,2.3854822592265985,2.3855983350895418,-4.440892098500626e-16,4.440892098500626e-16,True,False
quality_score_soft_proxy_0_1,3,1,12,0.001,0.0018605097464475427,2.3855781852659437,2.3856942611288874,2.3832036323574903,2.383319708220434,0.0,-0.0,True,False
quality_score_soft_proxy_0_1,3,1,13,0.001,0.001845942853427769,2.3855781852659437,2.3856942611288874,2.384195346808216,2.3843114226711597,0.0,-0.0,True,False
quality_score_soft_proxy_0_1,3,1,14,0.001,0.0018452929392151576,2.3855781852659437,2.3856942611288874,2.38350071226873,2.3836167881316737,0.0,-0.0,True,False
quality_score_soft_proxy_0_1,3,1,15,0.001,0.0018707316859328073,2.3855781852659437,2.3856942611288874,2.385299121783064,2.3854151976460076,0.0,-0.0,True,False
quality_score_soft_proxy_0_1,3,1,16,0.001,0.0018704572265901048,2.3855781852659437,2.3856942611288874,2.385468355208761,2.3855844310717047,0.0,-0.0,True,False
quality_score_soft_proxy_0_1,3,2,4,0.0005158361045685359,0.0018432967059415608,2.3855781852659437,2.3844296328808117,2.385388964481815,2.3842404120966836,4.440892098500626e-16,-4.440892098500626e-16,True,False
quality_score_soft_proxy_0_1,3,2,5,0.0005110957478407589,0.0018433587833466174,2.3855781852659437,2.3844401876829626,2.3848974464375163,2.3837594488545353,0.0,-0.0,True,False
quality_score_soft_proxy_0_1,3,2,6,0.0005170664811624805,0.0018424965385566523,2.3855781852659437,2.38442689334405,2.3855214793106314,2.3843701873887375,0.0,-0.0,True,False
quality_score_soft_proxy_0_1,3,2,7,0.0003244825801312979,0.001845361432519065,2.3855781852659437,2.384855697564825,2.3841693511495037,2.3834468634483854,4.440892098500626e-16,-4.440892098500626e-16,True,False
quality_score_soft_proxy_0_1,3,2,8,0.0005183683405642534,0.0018429949868116167,2.3855781852659437,2.3844239946448162,2.3853606818562816,2.384206491235154,0.0,-0.0,True,False
quality_score_soft_proxy_0_1,3,2,9,0.00019668603041462807,0.0018619404271905402,2.3855781852659437,2.3851402473097707,2.384662986258649,2.3842250483024765,4.440892098500626e-16,-4.440892098500626e-16,True,False
quality_score_soft_proxy_0_1,3,2,10,0.0005080683193920412,0.0018435804358816988,2.3855781852659437,2.3844469285065206,2.3854326102305334,2.38430135347111,-4.440892098500626e-16,4.440892098500626e-16,True,False
quality_score_soft_proxy_0_1,3,2,11,0.0005184472429770615,0.0018450861854887289,2.3855781852659437,2.384423818961971,2.3855284526753153,2.3843740863713427,0.0,-0.0,True,False
quality_score_soft_proxy_0_1,3,2,12,0.0004621936180206059,0.0018414257718314527,2.3855781852659437,2.3845490723797598,2.384480682066004,2.3834515691798206,4.440892098500626e-16,-4.440892098500626e-16,True,False
quality_score_soft_proxy_0_1,3,2,13,0.00047690018115651307,0.0018301255867439043,2.3855781852659437,2.3845163269824967,2.384918709354943,2.383856851071496,0.0,-0.0,True,False
quality_score_soft_proxy_0_1,3,2,14,0.00045882315087658783,0.0018594221406321425,2.3855781852659437,2.384556577007767,2.384624992559501,2.383603384301324,0.0,-0.0,True,False
quality_score_soft_proxy_0_1,3,2,15,0.00047937981200522873,0.0018514299998214454,2.3855781852659437,2.3845108058762765,2.3854444078659833,2.384377028476316,0.0,-0.0,True,False
quality_score_soft_proxy_0_1,3,2,16,0.0005121654783729103,0.0018440664017273104,2.3855781852659437,2.3844378058381417,2.385521934102167,2.3843815546743654,4.440892098500626e-16,-4.440892098500626e-16,True,False
quality_score_soft_proxy_0_1,3,4,5,0.001,0.0018643855565553297,2.3855781852659437,2.385211361806995,2.3842462649138305,2.3838794414548823,4.440892098500626e-16,-4.440892098500626e-16,True,False
quality_score_soft_proxy_0_1,3,4,6,0.001,0.0018715496534052031,2.3855781852659437,2.385211361806995,2.385468516669393,2.385101693210444,-4.440892098500626e-16,4.440892098500626e-16,True,False
quality_score_soft_proxy_0_1,3,4,7,0.0004953663256294877,0.0018476732267587856,2.3855781852659437,2.3853964732769297,2.3834274103941464,2.3832456984051325,0.0,-0.0,True,False
quality_score_soft_proxy_0_1,3,4,8,0.001,0.001870084320793433,2.3855781852659437,2.385211361806995,2.3851585928783656,2.384791769419417,0.0,-0.0,True,False
quality_score_soft_proxy_0_1,3,4,9,0.00020603495184768006,0.0018801353703343333,2.3855781852659437,2.385502606812243,2.3846194848284927,2.3845439063747915,-4.440892098500626e-16,4.440892098500626e-16,True,False
quality_score_soft_proxy_0_1,3,4,10,0.001,0.0018752105780930122,2.3855781852659437,2.385211361806995,2.385291658769695,2.3849248353107457,-4.440892098500626e-16,4.440892098500626e-16,True,False
quality_score_soft_proxy_0_1,3,4,11,0.001,0.001872110005039346,2.3855781852659437,2.385211361806995,2.3854822592265985,2.38511543576765,0.0,-0.0,True,False
quality_score_soft_proxy_0_1,3,4,12,0.001,0.001858081418830543,2.3855781852659437,2.385211361806995,2.3832036323574903,2.3828368088985417,0.0,-0.0,True,False
quality_score_soft_proxy_0_1,3,4,13,0.001,0.0018443606336673668,2.3855781852659437,2.385211361806995,2.384195346808216,2.3838285233492678,4.440892098500626e-16,-4.440892098500626e-16,True,False
quality_score_soft_proxy_0_1,3,4,14,0.001,0.0018433671167497267,2.3855781852659437,2.385211361806995,2.38350071226873,2.3831338888097817,4.440892098500626e-16,-4.440892098500626e-16,True,False
quality_score_soft_proxy_0_1,3,4,15,0.001,0.0018702897968021451,2.3855781852659437,2.385211361806995,2.385299121783064,2.3849322983241157,4.440892098500626e-16,-4.440892098500626e-16,True,False
quality_score_soft_proxy_0_1,3,4,16,0.001,0.0018700153374594428,2.3855781852659437,2.385211361806995,2.385468355208761,2.3851015317498128,4.440892098500626e-16,-4.440892098500626e-16,True,False
quality_score_soft_proxy_0_1,3,5,6,0.001,0.0018666226079847512,2.3855781852659437,2.3842462649138305,2.385468516669393,2.38413659631728,0.0,-0.0,True,False
quality_score_soft_proxy_0_1,3,5,7,0.0004744449616161041,0.001854540353207151,2.3855781852659437,2.3849462623656095,2.383518246491951,2.3828863235916167,0.0,-0.0,True,False
quality_score_soft_proxy_0_1,3,5,8,0.001,0.0018651572753729808,2.3855781852659437,2.3842462649138305,2.3851585928783656,2.383826672526253,4.440892098500626e-16,-4.440892098500626e-16,True,False
quality_score_soft_proxy_0_1,3,5,9,0.00020516626844896348,0.0018757044219681947,2.3855781852659437,2.3853049201374295,2.384623526895855,2.3843502617673407,0.0,-0.0,True,False
quality_score_soft_proxy_0_1,3,5,10,0.001,0.0018706337099088372,2.3855781852659437,2.3842462649138305,2.385291658769695,2.3839597384175817,0.0,-0.0,True,False
quality_score_soft_proxy_0_1,3,5,11,0.001,0.0018671829596188941,2.3855781852659437,2.3842462649138305,2.3854822592265985,2.3841503388744854,0.0,-0.0,True,False
quality_score_soft_proxy_0_1,3,5,12,0.001,0.0018547366386649946,2.3855781852659437,2.3842462649138305,2.3832036323574903,2.3818717120053776,4.440892098500626e-16,-4.440892098500626e-16,True,False
quality_score_soft_proxy_0_1,3,5,13,0.001,0.0018401497535156864,2.3855781852659437,2.3842462649138305,2.384195346808216,2.382863426456103,0.0,-0.0,True,False
quality_score_soft_proxy_0_1,3,5,14,0.001,0.00183456110920788,2.3855781852659437,2.3842462649138305,2.38350071226873,2.3821687919166172,4.440892098500626e-16,-4.440892098500626e-16,True,False
quality_score_soft_proxy_0_1,3,5,15,0.001,0.0018653627513816932,2.3855781852659437,2.3842462649138305,2.385299121783064,2.3839672014309508,0.0,-0.0,True,False
quality_score_soft_proxy_0_1,3,5,16,0.001,0.0018650882920389906,2.3855781852659437,2.3842462649138305,2.385468355208761,2.384136434856648,0.0,-0.0,True,False
quality_score_soft_proxy_0_1,3,6,7,0.0004772986185378593,0.0018528862394930285,2.3855781852659437,2.385525840596313,2.3835058565225835,2.3834535118529527,0.0,-0.0,True,False
quality_score_soft_proxy_0_1,3,6,8,0.001,0.0018723213722228542,2.3855781852659437,2.385468516669393,2.3851585928783656,2.3850489242818145,-4.440892098500626e-16,4.440892098500626e-16,True,False
quality_score_soft_proxy_0_1,3,6,9,0.0002062886739429869,0.0018812776854323216,2.3855781852659437,2.385555561876588,2.3846183042351927,2.3845956808458366,-4.440892098500626e-16,4.440892098500626e-16,True,False
quality_score_soft_proxy_0_1,3,6,10,0.001,0.0018777978067587107,2.3855781852659437,2.385468516669393,2.385291658769695,2.3851819901731437,-4.440892098500626e-16,4.440892098500626e-16,True,False
quality_score_soft_proxy_0_1,3,6,11,0.001,0.0018743470564687675,2.3855781852659437,2.385468516669393,2.3854822592265985,2.3853725906300474,-4.440892098500626e-16,4.440892098500626e-16,True,False
quality_score_soft_proxy_0_1,3,6,12,0.001,0.001861496324433717,2.3855781852659437,2.385468516669393,2.3832036323574903,2.3830939637609396,0.0,-0.0,True,False
quality_score_soft_proxy_0_1,3,6,13,0.001,0.001847738015726528,2.3855781852659437,2.385468516669393,2.384195346808216,2.3840856782116653,0.0,-0.0,True,False
quality_score_soft_proxy_0_1,3,6,14,0.001,0.0018502217913668754,2.3855781852659437,2.385468516669393,2.38350071226873,2.3833910436721792,0.0,-0.0,True,False
quality_score_soft_proxy_0_1,3,6,15,0.001,0.0018725268482315664,2.3855781852659437,2.385468516669393,2.385299121783064,2.385189453186513,0.0,-0.0,True,False
quality_score_soft_proxy_0_1,3,6,16,0.001,0.001872252388888864,2.3855781852659437,2.385468516669393,2.385468355208761,2.3853586866122103,0.0,-0.0,True,False
quality_score_soft_proxy_0_1,3,7,8,0.0004924031365207104,0.0018508088343308956,2.3855781852659437,2.383440275928895,2.3853715766582404,2.383233667321191,-8.881784197001252e-16,8.881784197001252e-16,True,False
quality_score_soft_proxy_0_1,3,7,9,0.00018648135700933692,0.0018759590707098635,2.3855781852659437,2.384768523010027,2.384710469584997,2.3839008073290806,0.0,-0.0,True,False
quality_score_soft_proxy_0_1,3,7,10,0.00048703283313126193,0.001851924726595861,2.3855781852659437,2.3834635926401573,2.3854386374547083,2.3833240448289224,4.440892098500626e-16,-4.440892098500626e-16,True,False
quality_score_soft_proxy_0_1,3,7,11,0.0004940614411185312,0.0018504642561684586,2.3855781852659437,2.383433075924223,2.385530791908704,2.3833856825669835,0.0,-0.0,True,False
quality_score_soft_proxy_0_1,3,7,12,0.0004858792445405099,0.001827964135051313,2.3855781852659437,2.3834686012756356,2.384424439292663,2.3823148553023556,8.881784197001252e-16,-8.881784197001252e-16,True,False
quality_score_soft_proxy_0_1,3,7,13,0.0004752983804234408,0.0018319686010393726,2.3855781852659437,2.383514541129614,2.3849209243865985,2.3828572802502688,0.0,-0.0,True,False
quality_score_soft_proxy_0_1,3,7,14,0.0004641392392495715,0.001842741160625323,2.3855781852659437,2.3835629917391645,2.3846139485294557,2.382598755002676,-4.440892098500626e-16,4.440892098500626e-16,True,False
quality_score_soft_proxy_0_1,3,7,15,0.0004953823286061924,0.0018501897897140556,2.3855781852659437,2.3834273409126365,2.3854399421479657,2.3832890977946586,0.0,-0.0,True,False
quality_score_soft_proxy_0_1,3,7,16,0.0004926438107742593,0.0018477357250620769,2.3855781852659437,2.3834392309726473,2.3855240781680354,2.3833851238747394,4.440892098500626e-16,-4.440892098500626e-16,True,False
quality_score_soft_proxy_0_1,3,8,9,0.00020670291065314275,0.0018803378150482526,2.3855781852659437,2.3854914542981436,2.384616376751959,2.3845296457841587,0.0,-0.0,True,False
quality_score_soft_proxy_0_1,3,8,10,0.001,0.0018763324741469405,2.3855781852659437,2.3851585928783656,2.385291658769695,2.3848720663821164,-4.440892098500626e-16,4.440892098500626e-16,True,False
quality_score_soft_proxy_0_1,3,8,11,0.001,0.0018728817238569972,2.3855781852659437,2.3851585928783656,2.3854822592265985,2.3850626668390205,0.0,-0.0,True,False
quality_score_soft_proxy_0_1,3,8,12,0.001,0.0018608395761345316,2.3855781852659437,2.3851585928783656,2.3832036323574903,2.3827840399699123,0.0,-0.0,True,False
quality_score_soft_proxy_0_1,3,8,13,0.001,0.0018462726831147578,2.3855781852659437,2.3851585928783656,2.384195346808216,2.383775754420638,0.0,-0.0,True,False
quality_score_soft_proxy_0_1,3,8,14,0.001,0.0018458810080908882,2.3855781852659437,2.3851585928783656,2.38350071226873,2.3830811198811523,4.440892098500626e-16,-4.440892098500626e-16,True,False
quality_score_soft_proxy_0_1,3,8,15,0.001,0.0018710615156197962,2.3855781852659437,2.3851585928783656,2.385299121783064,2.3848795293954863,4.440892098500626e-16,-4.440892098500626e-16,True,False
quality_score_soft_proxy_0_1,3,8,16,0.001,0.001870787056277094,2.3855781852659437,2.3851585928783656,2.385468355208761,2.385048762821183,0.0,-0.0,True,False
quality_score_soft_proxy_0_1,3,9,10,0.00020519812164724194,0.0018780073039368806,2.3855781852659437,2.3846233786798616,2.3855193905671115,2.384564583981029,-4.440892098500626e-16,4.440892098500626e-16,True,False
quality_score_soft_proxy_0_1,3,9,11,0.0002061869316992268,0.0018810820249365366,2.3855781852659437,2.3846187776516334,2.385558406570221,2.3845989989559104,-4.440892098500626e-16,4.440892098500626e-16,True,False
quality_score_soft_proxy_0_1,3,9,12,0.00019843176402345675,0.0018842843331483199,2.3855781852659437,2.3846548631923468,2.3851069985435522,2.3841836764699553,0.0,-0.0,True,False
quality_score_soft_proxy_0_1,3,9,13,0.00020828728030729282,0.0018718612746752286,2.3855781852659437,2.38460900452765,2.385290157604479,2.3843209768661855,0.0,-0.0,True,False
quality_score_soft_proxy_0_1,3,9,14,0.00019227537521397285,0.001871496534291728,2.3855781852659437,2.384683509461302,2.3851787383659078,2.384284062561266,0.0,-0.0,True,False
quality_score_soft_proxy_0_1,3,9,15,0.0002057619128890874,0.001881741331333487,2.3855781852659437,2.384620755305015,2.385520764629889,2.38456333466896,0.0,-0.0,True,False
quality_score_soft_proxy_0_1,3,9,16,0.00020602611152755495,0.0018799336164011513,2.3855781852659437,2.3846195259633522,2.3855555574063336,2.384596898103742,0.0,-0.0,True,False
quality_score_soft_proxy_0_1,3,10,11,0.001,0.0018783581583928536,2.3855781852659437,2.385291658769695,2.3854822592265985,2.3851957327303492,-4.440892098500626e-16,4.440892098500626e-16,True,False
quality_score_soft_proxy_0_1,3,10,12,0.001,0.0018607097608592926,2.3855781852659437,2.385291658769695,2.3832036323574903,2.382917105861241,-4.440892098500626e-16,4.440892098500626e-16,True,False
quality_score_soft_proxy_0_1,3,10,13,0.001,0.0018509317673873578,2.3855781852659437,2.385291658769695,2.384195346808216,2.383908820311967,0.0,-0.0,True,False
quality_score_soft_proxy_0_1,3,10,14,0.001,0.0018398007053139522,2.3855781852659437,2.385291658769695,2.38350071226873,2.383214185772481,0.0,-0.0,True,False
quality_score_soft_proxy_0_1,3,10,15,0.001,0.0018743592518456929,2.3855781852659437,2.385291658769695,2.385299121783064,2.385012595286815,0.0,-0.0,True,False
quality_score_soft_proxy_0_1,3,10,16,0.001,0.0018762634908129502,2.3855781852659437,2.385291658769695,2.385468355208761,2.385181828712512,0.0,-0.0,True,False
quality_score_soft_proxy_0_1,3,11,12,0.001,0.0018615242871426801,2.3855781852659437,2.3854822592265985,2.3832036323574903,2.383107706318145,0.0,-0.0,True,False
quality_score_soft_proxy_0_1,3,11,13,0.001,0.001847803501979504,2.3855781852659437,2.3854822592265985,2.384195346808216,2.384099420768871,0.0,-0.0,True,False
quality_score_soft_proxy_0_1,3,11,14,0.001,0.0018465978421746336,2.3855781852659437,2.3854822592265985,2.38350071226873,2.383404786229385,0.0,-0.0,True,False
quality_score_soft_proxy_0_1,3,11,15,0.001,0.0018730871998657095,2.3855781852659437,2.3854822592265985,2.385299121783064,2.3852031957437188,0.0,-0.0,True,False
quality_score_soft_proxy_0_1,3,11,16,0.001,0.001872812740523007,2.3855781852659437,2.3854822592265985,2.385468355208761,2.3853724291694154,-4.440892098500626e-16,4.440892098500626e-16,True,False
quality_score_soft_proxy_0_1,3,12,13,0.0009700455391160649,0.0018346031932752788,2.3855781852659437,2.383274760809704,2.384236768988707,2.3819333445324666,-4.440892098500626e-16,4.440892098500626e-16,True,False
quality_score_soft_proxy_0_1,3,12,14,0.001,0.001824416528603997,2.3855781852659437,2.3832036323574903,2.38350071226873,2.381126159360277,4.440892098500626e-16,-4.440892098500626e-16,True,False
quality_score_soft_proxy_0_1,3,12,15,0.001,0.0018575221408562703,2.3855781852659437,2.3832036323574903,2.385299121783064,2.3829245688746106,0.0,-0.0,True,False
quality_score_soft_proxy_0_1,3,12,16,0.001,0.0018600597240352656,2.3855781852659437,2.3832036323574903,2.385468355208761,2.3830938023003077,0.0,-0.0,True,False
quality_score_soft_proxy_0_1,3,13,14,0.0005889294828768708,0.0018718885856436487,2.3855781852659437,2.384763790928132,2.384354700168004,2.3835403058301923,0.0,-0.0,True,False
quality_score_soft_proxy_0_1,3,13,15,0.001,0.0018445007681859712,2.3855781852659437,2.384195346808216,2.385299121783064,2.3839162833253362,0.0,-0.0,True,False
quality_score_soft_proxy_0_1,3,13,16,0.001,0.0018462036997807677,2.3855781852659437,2.384195346808216,2.385468355208761,2.3840855167510333,0.0,-0.0,True,False
quality_score_soft_proxy_0_1,3,14,15,0.001,0.0018454816515902585,2.3855781852659437,2.38350071226873,2.385299121783064,2.38322164878585,0.0,-0.0,True,False
quality_score_soft_proxy_0_1,3,14,16,0.001,0.0018459512054608024,2.3855781852659437,2.38350071226873,2.385468355208761,2.3833908822115477,4.440892098500626e-16,-4.440892098500626e-16,True,False
quality_score_soft_proxy_0_1,3,15,16,0.001,0.001870992532285806,2.3855781852659437,2.385299121783064,2.385468355208761,2.3851892917258817,4.440892098500626e-16,-4.440892098500626e-16,True,False
quality_score_soft_proxy_0_1,4,0,1,0.001,0.0018392506984915157,2.3855781852659437,2.3860856868271534,2.3860610845878356,2.3865685861490453,0.0,-0.0,True,False
quality_score_soft_proxy_0_1,4,0,2,0.0005156482544246566,0.001833918013845928,2.3855781852659437,2.385839877560099,2.384619203021214,2.384880895315369,-4.440892098500626e-16,4.440892098500626e-16,True,False
quality_score_soft_proxy_0_1,4,0,3,0.001,0.0018316912085632735,2.3855781852659437,2.3860856868271534,2.385945008724892,2.3864525102861016,0.0,-0.0,True,False
quality_score_soft_proxy_0_1,4,0,5,0.001,0.0018176220214604901,2.3855781852659437,2.3860856868271534,2.3846130883727796,2.3851205899339885,-8.881784197001252e-16,8.881784197001252e-16,True,False
quality_score_soft_proxy_0_1,4,0,6,0.001,0.0018327908974781599,2.3855781852659437,2.3860856868271534,2.385835340128341,2.386342841689551,0.0,-0.0,True,False
quality_score_soft_proxy_0_1,4,0,7,0.0004949088125922296,0.0018359331883562966,2.3855781852659437,2.3858293522609904,2.3836109409806174,2.383862107975664,0.0,-0.0,True,False
quality_score_soft_proxy_0_1,4,0,8,0.001,0.0018329385635287411,2.3855781852659437,2.3860856868271534,2.3855254163373143,2.386032917898524,0.0,-0.0,True,False
quality_score_soft_proxy_0_1,4,0,9,0.0002058157119931975,0.0018723966708250204,2.3855781852659437,2.3856826370611017,2.3846960030039908,2.384800454799149,0.0,-0.0,True,False
quality_score_soft_proxy_0_1,4,0,10,0.001,0.0018262104820101488,2.3855781852659437,2.3860856868271534,2.385658482228643,2.386165983789853,0.0,-0.0,True,False
quality_score_soft_proxy_0_1,4,0,11,0.001,0.0018321537841933786,2.3855781852659437,2.3860856868271534,2.385849082685547,2.3863565842467565,-4.440892098500626e-16,4.440892098500626e-16,True,False
quality_score_soft_proxy_0_1,4,0,12,0.001,0.0017968919902398466,2.3855781852659437,2.3860856868271534,2.383570455816439,2.3840779573776483,-4.440892098500626e-16,4.440892098500626e-16,True,False
quality_score_soft_proxy_0_1,4,0,13,0.001,0.0017893282242066387,2.3855781852659437,2.3860856868271534,2.3845621702671647,2.385069671828374,-4.440892098500626e-16,4.440892098500626e-16,True,False
quality_score_soft_proxy_0_1,4,0,14,0.001,0.0017991519603476772,2.3855781852659437,2.3860856868271534,2.383867535727679,2.384375037288888,-8.881784197001252e-16,8.881784197001252e-16,True,False
quality_score_soft_proxy_0_1,4,0,15,0.001,0.0018316159261446993,2.3855781852659437,2.3860856868271534,2.3856659452420126,2.386173446803222,-4.440892098500626e-16,4.440892098500626e-16,True,False
quality_score_soft_proxy_0_1,4,0,16,0.001,0.0018251691032127389,2.3855781852659437,2.3860856868271534,2.3858351786677097,2.3863426802289194,0.0,-0.0,True,False
quality_score_soft_proxy_0_1,4,1,2,0.0005185273391693855,0.0018328861785758958,2.3855781852659437,2.385828581766411,2.384613848613189,2.3848642451136564,0.0,-0.0,True,False
quality_score_soft_proxy_0_1,4,1,3,0.001,0.0018383372664106331,2.3855781852659437,2.3860610845878356,2.385945008724892,2.3864279080467843,4.440892098500626e-16,-4.440892098500626e-16,True,False
quality_score_soft_proxy_0_1,4,1,5,0.001,0.001819224303396202,2.3855781852659437,2.3860610845878356,2.3846130883727796,2.385095987694671,-4.440892098500626e-16,4.440892098500626e-16,True,False
quality_score_soft_proxy_0_1,4,1,6,0.001,0.0018410367871175962,2.3855781852659437,2.3860610845878356,2.385835340128341,2.3863182394502336,4.440892098500626e-16,-4.440892098500626e-16,True,False
quality_score_soft_proxy_0_1,4,1,7,0.0004929559886726816,0.0018391879735966945,2.3855781852659437,2.385816233378596,2.383618703383707,2.38385675149636,4.440892098500626e-16,-4.440892098500626e-16,True,False
quality_score_soft_proxy_0_1,4,1,8,0.001,0.0018404080893720488,2.3855781852659437,2.3860610845878356,2.3855254163373143,2.3860083156592062,0.0,-0.0,True,False
quality_score_soft_proxy_0_1,4,1,9,0.00020543523439202094,0.001872400802658161,2.3855781852659437,2.385677389801324,2.3846976338347354,2.384796838370116,4.440892098500626e-16,-4.440892098500626e-16,True,False
quality_score_soft_proxy_0_1,4,1,10,0.001,0.0018256643569963078,2.3855781852659437,2.3860610845878356,2.385658482228643,2.386141381550535,0.0,-0.0,True,False
quality_score_soft_proxy_0_1,4,1,11,0.001,0.001840399673832815,2.3855781852659437,2.3860610845878356,2.385849082685547,2.386331982007439,0.0,-0.0,True,False
quality_score_soft_proxy_0_1,4,1,12,0.001,0.001805137879879283,2.3855781852659437,2.3860610845878356,2.383570455816439,2.384053355138331,0.0,-0.0,True,False
quality_score_soft_proxy_0_1,4,1,13,0.001,0.0017925857811373193,2.3855781852659437,2.3860610845878356,2.3845621702671647,2.3850450695890566,0.0,-0.0,True,False
quality_score_soft_proxy_0_1,4,1,14,0.001,0.0017986058353338362,2.3855781852659437,2.3860610845878356,2.383867535727679,2.3843504350495706,-4.440892098500626e-16,4.440892098500626e-16,True,False
quality_score_soft_proxy_0_1,4,1,15,0.001,0.0018363884168893312,2.3855781852659437,2.3860610845878356,2.3856659452420126,2.3861488445639045,0.0,-0.0,True,False
quality_score_soft_proxy_0_1,4,1,16,0.001,0.0018334149928521753,2.3855781852659437,2.3860610845878356,2.3858351786677097,2.3863180779896016,0.0,-0.0,True,False
quality_score_soft_proxy_0_1,4,2,3,0.0005184546502167023,0.0018348400710123869,2.3855781852659437,2.3846139837972307,2.385768366594044,2.384804165125331,0.0,-0.0,True,False
quality_score_soft_proxy_0_1,4,2,5,0.0004931046826283025,0.0018336860596553377,2.3855781852659437,2.3846611286651,2.3851022914687343,2.3841852348678905,0.0,-0.0,True,False
quality_score_soft_proxy_0_1,4,2,6,0.0005198502929741142,0.0018335799962928847,2.3855781852659437,2.3846113882359874,2.385711867296501,2.3847450702665447,0.0,-0.0,True,False
quality_score_soft_proxy_0_1,4,2,7,0.00032210516133091656,0.0018482138331060347,2.3855781852659437,2.384979146816765,2.3842978291240047,2.383698790674826,0.0,-0.0,True,False
quality_score_soft_proxy_0_1,4,2,8,0.0005185409886154928,0.0018342512830144487,2.3855781852659437,2.384613823228489,2.385550822413524,2.384586460376069,0.0,-0.0,True,False
quality_score_soft_proxy_0_1,4,2,9,0.00019605564486953805,0.0018518055642995912,2.3855781852659437,2.3852135687258977,2.384737837312988,2.3843732207729422,0.0,-0.0,True,False
quality_score_soft_proxy_0_1,4,2,10,0.0005080683193920412,0.0018310083124245449,2.3855781852659437,2.384633299884822,2.3856189816088347,2.384674096227713,0.0,-0.0,True,False
quality_score_soft_proxy_0_1,4,2,11,0.0005184620576680059,0.001833884298673768,2.3855781852659437,2.3846139700211455,2.3857186352995283,2.38475442005473,0.0,-0.0,True,False
quality_score_soft_proxy_0_1,4,2,12,0.00046920868703694555,0.0018278793450705012,2.3855781852659437,2.384705569493311,2.3846361411670163,2.383763525394383,-4.440892098500626e-16,4.440892098500626e-16,True,False
quality_score_soft_proxy_0_1,4,2,13,0.0004788055016275779,0.00181695938082619,2.3855781852659437,2.3846877217168094,2.385091711694792,2.3842012481456574,-4.440892098500626e-16,4.440892098500626e-16,True,False
quality_score_soft_proxy_0_1,4,2,14,0.00045882315087658783,0.0018373781038007856,2.3855781852659437,2.384724884103017,2.3847932996547514,2.3839399984918246,0.0,-0.0,True,False
quality_score_soft_proxy_0_1,4,2,15,0.00048392260856099144,0.0018391485758717976,2.3855781852659437,2.3846782051235667,2.3856206543024903,2.3847206741601132,0.0,-0.0,True,False
quality_score_soft_proxy_0_1,4,2,16,0.0005121654783729103,0.0018314749657299472,2.3855781852659437,2.384625680150472,2.385709808414498,2.384757303299027,4.440892098500626e-16,-4.440892098500626e-16,True,False
quality_score_soft_proxy_0_1,4,3,5,0.001,0.0018168395943657589,2.3855781852659437,2.385945008724892,2.3846130883727796,2.384979911831728,0.0,-0.0,True,False
quality_score_soft_proxy_0_1,4,3,6,0.001,0.001833477297189354,2.3855781852659437,2.385945008724892,2.385835340128341,2.38620216358729,4.440892098500626e-16,-4.440892098500626e-16,True,False
quality_score_soft_proxy_0_1,4,3,7,0.0004955972132824236,0.0018356242931183325,2.3855781852659437,2.385759981949965,2.383608204613252,2.3837900012972733,0.0,-0.0,True,False
quality_score_soft_proxy_0_1,4,3,8,0.001,0.0018336249632399354,2.3855781852659437,2.385945008724892,2.3855254163373143,2.3858922397962625,0.0,-0.0,True,False
quality_score_soft_proxy_0_1,4,3,9,0.00020344448528988895,0.0018743743049383166,2.3855781852659437,2.3856528134757418,2.3847061667282103,2.3847807949380084,0.0,-0.0,True,False
quality_score_soft_proxy_0_1,4,3,10,0.001,0.001830231616242526,2.3855781852659437,2.385945008724892,2.385658482228643,2.3860253056875917,4.440892098500626e-16,-4.440892098500626e-16,True,False
quality_score_soft_proxy_0_1,4,3,11,0.001,0.0018328401839045729,2.3855781852659437,2.385945008724892,2.385849082685547,2.3862159061444954,0.0,-0.0,True,False
quality_score_soft_proxy_0_1,4,3,12,0.001,0.0017975783899510408,2.3855781852659437,2.385945008724892,2.383570455816439,2.3839372792753877,4.440892098500626e-16,-4.440892098500626e-16,True,False
quality_score_soft_proxy_0_1,4,3,13,0.001,0.001790014623917833,2.3855781852659437,2.385945008724892,2.3845621702671647,2.384928993726113,0.0,-0.0,True,False
quality_score_soft_proxy_0_1,4,3,14,0.001,0.0018054682773528032,2.3855781852659437,2.385945008724892,2.383867535727679,2.3842343591866273,0.0,-0.0,True,False
quality_score_soft_proxy_0_1,4,3,15,0.001,0.0018323023258558935,2.3855781852659437,2.385945008724892,2.3856659452420126,2.386032768700961,0.0,-0.0,True,False
quality_score_soft_proxy_0_1,4,3,16,0.001,0.0018258555029239331,2.3855781852659437,2.385945008724892,2.3858351786677097,2.386202002126658,0.0,-0.0,True,False
quality_score_soft_proxy_0_1,4,5,6,0.001,0.0018194081100865707,2.3855781852659437,2.3846130883727796,2.385835340128341,2.384870243235177,0.0,-0.0,True,False
quality_score_soft_proxy_0_1,4,5,7,0.0004744449616161041,0.0018464030933054796,2.3855781852659437,2.3851202999075105,2.383692284033851,2.3832343986754183,4.440892098500626e-16,-4.440892098500626e-16,True,False
quality_score_soft_proxy_0_1,4,5,8,0.001,0.0018189104173271745,2.3855781852659437,2.3846130883727796,2.3855254163373143,2.38456031944415,-4.440892098500626e-16,4.440892098500626e-16,True,False
quality_score_soft_proxy_0_1,4,5,9,0.00020448044690297843,0.001871171920710457,2.3855781852659437,2.3853808418219247,2.384701726314258,2.384504382870239,0.0,-0.0,True,False
quality_score_soft_proxy_0_1,4,5,10,0.001,0.001811118653228095,2.3855781852659437,2.3846130883727796,2.385658482228643,2.384693385335479,0.0,-0.0,True,False
quality_score_soft_proxy_0_1,4,5,11,0.001,0.0018187709968017897,2.3855781852659437,2.3846130883727796,2.385849082685547,2.3848839857923823,-8.881784197001252e-16,8.881784197001252e-16,True,False
quality_score_soft_proxy_0_1,4,5,12,0.001,0.0017835092028482577,2.3855781852659437,2.3846130883727796,2.383570455816439,2.3826053589232745,-4.440892098500626e-16,4.440892098500626e-16,True,False
quality_score_soft_proxy_0_1,4,5,13,0.0009755530930169754,0.001780276929115525,2.3855781852659437,2.384636682006756,2.384587008691333,2.3836455054321455,0.0,-0.0,True,False
quality_score_soft_proxy_0_1,4,5,14,0.0009087075929503987,0.0018010047213063663,2.3855781852659437,2.384701194391192,2.3840237050416455,2.383146714166894,0.0,-0.0,True,False
quality_score_soft_proxy_0_1,4,5,15,0.001,0.001814890744844457,2.3855781852659437,2.3846130883727796,2.3856659452420126,2.384700848348848,-4.440892098500626e-16,4.440892098500626e-16,True,False
quality_score_soft_proxy_0_1,4,5,16,0.001,0.00181178631582115,2.3855781852659437,2.3846130883727796,2.3858351786677097,2.384870081774545,-4.440892098500626e-16,4.440892098500626e-16,True,False
quality_score_soft_proxy_0_1,4,6,7,0.0004777275084143968,0.0018410604919253035,2.3855781852659437,2.3857010352176338,2.383679236031339,2.3838020859830285,-4.440892098500626e-16,4.440892098500626e-16,True,False
quality_score_soft_proxy_0_1,4,6,8,0.001,0.0018347246521548217,2.3855781852659437,2.385835340128341,2.3855254163373143,2.385782571199712,0.0,-0.0,True,False
quality_score_soft_proxy_0_1,4,6,9,0.00020578185311012333,0.001872660683793651,2.3855781852659437,2.385631103070064,2.3846961481323965,2.384749065936517,0.0,-0.0,True,False
quality_score_soft_proxy_0_1,4,6,10,0.001,0.001827628666299389,2.3855781852659437,2.385835340128341,2.385658482228643,2.385915637091041,4.440892098500626e-16,-4.440892098500626e-16,True,False
quality_score_soft_proxy_0_1,4,6,11,0.001,0.0018339398728194592,2.3855781852659437,2.385835340128341,2.385849082685547,2.3861062375479447,0.0,-0.0,True,False
quality_score_soft_proxy_0_1,4,6,12,0.001,0.0017986780788659272,2.3855781852659437,2.385835340128341,2.383570455816439,2.3838276106788365,0.0,-0.0,True,False
quality_score_soft_proxy_0_1,4,6,13,0.001,0.0017911143128327193,2.3855781852659437,2.385835340128341,2.3845621702671647,2.384819325129562,0.0,-0.0,True,False
quality_score_soft_proxy_0_1,4,6,14,0.001,0.0018005701446369175,2.3855781852659437,2.385835340128341,2.383867535727679,2.384124690590076,-4.440892098500626e-16,4.440892098500626e-16,True,False
quality_score_soft_proxy_0_1,4,6,15,0.001,0.00183340201477078,2.3855781852659437,2.385835340128341,2.3856659452420126,2.38592310010441,0.0,-0.0,True,False
quality_score_soft_proxy_0_1,4,6,16,0.001,0.0018269551918388195,2.3855781852659437,2.385835340128341,2.3858351786677097,2.386092333530107,0.0,-0.0,True,False
quality_score_soft_proxy_0_1,4,7,8,0.0004924031365207104,0.0018387563506539364,2.3855781852659437,2.3836209009506306,2.3855522016799755,2.3835949173646624,0.0,-0.0,True,False
quality_score_soft_proxy_0_1,4,7,9,0.000185914592978083,0.001870699814625581,2.3855781852659437,2.3848391816125654,2.384781304626584,2.3840423009732055,-4.440892098500626e-16,4.440892098500626e-16,True,False
quality_score_soft_proxy_0_1,4,7,10,0.00048703283313126193,0.0018319367606450486,2.3855781852659437,2.3836422477086283,2.385617292523179,2.3836813549658635,0.0,-0.0,True,False
quality_score_soft_proxy_0_1,4,7,11,0.0004940614411185312,0.0018434759774756601,2.3855781852659437,2.3836143092509876,2.385712025235468,2.3837481492205117,-4.440892098500626e-16,4.440892098500626e-16,True,False
quality_score_soft_proxy_0_1,4,7,12,0.0004858792445405099,0.0018167711334294765,2.3855781852659437,2.38364683318075,2.3846026711977766,2.382671319112583,0.0,-0.0,True,False
quality_score_soft_proxy_0_1,4,7,13,0.0004752983804234408,0.0018218290711058697,2.3855781852659437,2.383688891725553,2.3850952749825383,2.3832059814421473,-4.440892098500626e-16,4.440892098500626e-16,True,False
quality_score_soft_proxy_0_1,4,7,14,0.0004587196047259826,0.0018396157365461636,2.3855781852659437,2.383754791747777,2.384793476785926,2.382970083267759,0.0,-0.0,True,False
quality_score_soft_proxy_0_1,4,7,15,0.0004958122844629358,0.0018342442074078984,2.3855781852659437,2.383607349713238,2.3856216977401625,2.383650862187457,0.0,-0.0,True,False
quality_score_soft_proxy_0_1,4,7,16,0.0004926438107742593,0.0018344912060617013,2.3855781852659437,2.3836199442793453,2.3857047914747334,2.383746550488135,0.0,-0.0,True,False
quality_score_soft_proxy_0_1,4,8,9,0.00020537129614387248,0.0018729678381334072,2.3855781852659437,2.3855673480426747,2.3846979078915016,2.3846870706682326,0.0,-0.0,True,False
quality_score_soft_proxy_0_1,4,8,10,0.001,0.0018280366499026208,2.3855781852659437,2.3855254163373143,2.385658482228643,2.3856057133000137,0.0,-0.0,True,False
quality_score_soft_proxy_0_1,4,8,11,0.001,0.0018340875388700407,2.3855781852659437,2.3855254163373143,2.385849082685547,2.385796313756918,0.0,-0.0,True,False
quality_score_soft_proxy_0_1,4,8,12,0.001,0.0017988257449165085,2.3855781852659437,2.3855254163373143,2.383570455816439,2.383517686887809,-4.440892098500626e-16,4.440892098500626e-16,True,False
quality_score_soft_proxy_0_1,4,8,13,0.001,0.0017912619788833007,2.3855781852659437,2.3855254163373143,2.3845621702671647,2.3845094013385353,0.0,-0.0,True,False
quality_score_soft_proxy_0_1,4,8,14,0.001,0.0018009781282401491,2.3855781852659437,2.3855254163373143,2.383867535727679,2.3838147667990492,-4.440892098500626e-16,4.440892098500626e-16,True,False
quality_score_soft_proxy_0_1,4,8,15,0.001,0.0018335496808213612,2.3855781852659437,2.3855254163373143,2.3856659452420126,2.385613176313383,0.0,-0.0,True,False
quality_score_soft_proxy_0_1,4,8,16,0.001,0.001827102857889401,2.3855781852659437,2.3855254163373143,2.3858351786677097,2.3857824097390803,0.0,-0.0,True,False
quality_score_soft_proxy_0_1,4,9,10,0.00020519812164724194,0.001876351854266772,2.3855781852659437,2.3846986501646135,2.3855946620518633,2.384715126950534,8.881784197001252e-16,-8.881784197001252e-16,True,False
quality_score_soft_proxy_0_1,4,9,11,0.00020588319587901707,0.001872615125523968,2.3855781852659437,2.384695713749655,2.3856339584924466,2.3847514869761586,4.440892098500626e-16,-4.440892098500626e-16,True,False
quality_score_soft_proxy_0_1,4,9,12,0.00020001362840732251,0.001867521839408365,2.3855781852659437,2.3847208723163105,2.385176612013888,2.3843192990642548,0.0,-0.0,True,False
quality_score_soft_proxy_0_1,4,9,13,0.00020305961856721197,0.0018626734764229794,2.3855781852659437,2.3847078163719266,2.385371873647833,2.384501504753816,0.0,-0.0,True,False
quality_score_soft_proxy_0_1,4,9,14,0.00019672343856472012,0.0018713561214275534,2.3855781852659437,2.384734974967121,2.385241660406597,2.3843984501077746,0.0,-0.0,True,False
quality_score_soft_proxy_0_1,4,9,15,0.0002057619128890874,0.0018726751451269453,2.3855781852659437,2.3846962336016206,2.385596242926495,2.3847142912621715,-4.440892098500626e-16,4.440892098500626e-16,True,False
quality_score_soft_proxy_0_1,4,9,16,0.00020602611152755495,0.0018710075113000683,2.3855781852659437,2.3846951011742163,2.3856311326171977,2.3847480485254704,0.0,-0.0,True,False
quality_score_soft_proxy_0_1,4,10,11,0.001,0.0018253415605513153,2.3855781852659437,2.385658482228643,2.385849082685547,2.3859293796482466,0.0,-0.0,True,False
quality_score_soft_proxy_0_1,4,10,12,0.001,0.0017890314621706416,2.3855781852659437,2.385658482228643,2.383570455816439,2.3836507527791384,0.0,-0.0,True,False
quality_score_soft_proxy_0_1,4,10,13,0.001,0.0017932237797453044,2.3855781852659437,2.385658482228643,2.3845621702671647,2.384642467229864,0.0,-0.0,True,False
quality_score_soft_proxy_0_1,4,10,14,0.001,0.0017801394950058373,2.3855781852659437,2.385658482228643,2.383867535727679,2.3839478326903785,0.0,-0.0,True,False
quality_score_soft_proxy_0_1,4,10,15,0.001,0.0018261400723413664,2.3855781852659437,2.385658482228643,2.3856659452420126,2.385746242204712,0.0,-0.0,True,False
quality_score_soft_proxy_0_1,4,10,16,0.001,0.0018246308915833107,2.3855781852659437,2.385658482228643,2.3858351786677097,2.385915475630409,0.0,-0.0,True,False
quality_score_soft_proxy_0_1,4,11,12,0.001,0.001798040965581146,2.3855781852659437,2.385849082685547,2.383570455816439,2.383841353236042,-4.440892098500626e-16,4.440892098500626e-16,True,False
quality_score_soft_proxy_0_1,4,11,13,0.001,0.0017904771995479382,2.3855781852659437,2.385849082685547,2.3845621702671647,2.3848330676867677,-4.440892098500626e-16,4.440892098500626e-16,True,False
quality_score_soft_proxy_0_1,4,11,14,0.001,0.0017982830388888439,2.3855781852659437,2.385849082685547,2.383867535727679,2.3841384331472817,-8.881784197001252e-16,8.881784197001252e-16,True,False
quality_score_soft_proxy_0_1,4,11,15,0.001,0.0018327649014859987,2.3855781852659437,2.385849082685547,2.3856659452420126,2.3859368426616157,-4.440892098500626e-16,4.440892098500626e-16,True,False
quality_score_soft_proxy_0_1,4,11,16,0.001,0.0018263180785540384,2.3855781852659437,2.385849082685547,2.3858351786677097,2.3861060760873127,-4.440892098500626e-16,4.440892098500626e-16,True,False
quality_score_soft_proxy_0_1,4,12,13,0.0009124478015975689,0.0017725428256695494,2.3855781852659437,2.3837462369435407,2.3846511246139177,2.3828191762915143,-4.440892098500626e-16,4.440892098500626e-16,True,False
quality_score_soft_proxy_0_1,4,12,14,0.001,0.00176197294050817,2.3855781852659437,2.383570455816439,2.383867535727679,2.381859806278174,-4.440892098500626e-16,4.440892098500626e-16,True,False
quality_score_soft_proxy_0_1,4,12,15,0.001,0.0017975031075324666,2.3855781852659437,2.383570455816439,2.3856659452420126,2.383658215792508,0.0,-0.0,True,False
quality_score_soft_proxy_0_1,4,12,16,0.001,0.0017910562846005064,2.3855781852659437,2.383570455816439,2.3858351786677097,2.383827449218205,0.0,-0.0,True,False
quality_score_soft_proxy_0_1,4,13,14,0.0005987902645006427,0.0018410132449499903,2.3855781852659437,2.384969805376088,2.384553864976458,2.3839454850866026,4.440892098500626e-16,-4.440892098500626e-16,True,False
quality_score_soft_proxy_0_1,4,13,15,0.001,0.0017899393414992587,2.3855781852659437,2.3845621702671647,2.3856659452420126,2.384649930243233,-4.440892098500626e-16,4.440892098500626e-16,True,False
quality_score_soft_proxy_0_1,4,13,16,0.001,0.0017834925185672985,2.3855781852659437,2.3845621702671647,2.3858351786677097,2.38481916366893,-4.440892098500626e-16,4.440892098500626e-16,True,False
quality_score_soft_proxy_0_1,4,14,15,0.001,0.0017990815506788947,2.3855781852659437,2.383867535727679,2.3856659452420126,2.3839552957037475,-4.440892098500626e-16,4.440892098500626e-16,True,False
quality_score_soft_proxy_0_1,4,14,16,0.001,0.0017975723699208393,2.3855781852659437,2.383867535727679,2.3858351786677097,2.384124529129445,0.0,-0.0,True,False
quality_score_soft_proxy_0_1,4,15,16,0.001,0.001825780220505359,2.3855781852659437,2.3856659452420126,2.3858351786677097,2.385922938643778,-4.440892098500626e-16,4.440892098500626e-16,True,False
quality_score_soft_proxy_0_1,5,0,1,0.001,0.001628120858173704,2.3855781852659437,2.3870507837203174,2.387026181481,2.388498779935374,0.0,-0.0,True,False
quality_score_soft_proxy_0_1,5,0,2,0.0005066229232479304,0.0017222189640941372,2.3855781852659437,2.386324237399669,2.38512492818468,2.3858709803184053,0.0,-0.0,True,False
quality_score_soft_proxy_0_1,5,0,3,0.001,0.0016354673905152424,2.3855781852659437,2.3870507837203174,2.386910105618057,2.3883827040724306,0.0,-0.0,True,False
quality_score_soft_proxy_0_1,5,0,4,0.001,0.001627291069857037,2.3855781852659437,2.3870507837203174,2.3865432821591077,2.388015880613482,4.440892098500626e-16,-4.440892098500626e-16,True,False
quality_score_soft_proxy_0_1,5,0,6,0.001,0.0016318160571271406,2.3855781852659437,2.3870507837203174,2.3868004370215057,2.3882730354758794,0.0,-0.0,True,False
quality_score_soft_proxy_0_1,5,0,7,0.0004556062228214187,0.001718274719398708,2.3855781852659437,2.3862491102854735,2.384206871476225,2.3848777964957546,0.0,-0.0,True,False
quality_score_soft_proxy_0_1,5,0,8,0.001,0.001629695086191887,2.3855781852659437,2.3870507837203174,2.3864905132304783,2.387963111684852,0.0,-0.0,True,False
quality_score_soft_proxy_0_1,5,0,9,0.00020492805371177445,0.0018438147504555016,2.3855781852659437,2.3858799620010975,2.384897583177385,2.3851993599125385,-4.440892098500626e-16,4.440892098500626e-16,True,False
quality_score_soft_proxy_0_1,5,0,10,0.001,0.0016203341449105232,2.3855781852659437,2.3870507837203174,2.386623579121807,2.3880961775761813,4.440892098500626e-16,-4.440892098500626e-16,True,False
quality_score_soft_proxy_0_1,5,0,11,0.001,0.001638750267446723,2.3855781852659437,2.3870507837203174,2.3868141795787112,2.388286778033085,0.0,-0.0,True,False
quality_score_soft_proxy_0_1,5,0,12,0.001,0.0015942998938580813,2.3855781852659437,2.3870507837203174,2.3845355527096035,2.3860081511639772,0.0,-0.0,True,False
quality_score_soft_proxy_0_1,5,0,13,0.001,0.0015826181297757575,2.3855781852659437,2.3870507837203174,2.385527267160329,2.386999865614703,0.0,-0.0,True,False
quality_score_soft_proxy_0_1,5,0,14,0.001,0.0016104000077384428,2.3855781852659437,2.3870507837203174,2.384832632620843,2.386305231075217,0.0,-0.0,True,False
quality_score_soft_proxy_0_1,5,0,15,0.001,0.0016275283530533592,2.3855781852659437,2.3870507837203174,2.386631042135177,2.388103640589551,0.0,-0.0,True,False
quality_score_soft_proxy_0_1,5,0,16,0.001,0.0016374819774515586,2.3855781852659437,2.3870507837203174,2.386800275560874,2.388272874015248,0.0,-0.0,True,False
quality_score_soft_proxy_0_1,5,1,2,0.00049908562926115,0.0017238852393707687,2.3855781852659437,2.3863008593681028,2.3851316715271467,2.3858543456293058,0.0,-0.0,True,False
quality_score_soft_proxy_0_1,5,1,3,0.001,0.0016321986152161593,2.3855781852659437,2.387026181481,2.386910105618057,2.388358101833113,-4.440892098500626e-16,4.440892098500626e-16,True,False
quality_score_soft_proxy_0_1,5,1,4,0.001,0.0016240222945579537,2.3855781852659437,2.387026181481,2.3865432821591077,2.3879912783741646,4.440892098500626e-16,-4.440892098500626e-16,True,False
quality_score_soft_proxy_0_1,5,1,6,0.001,0.0016285472818280574,2.3855781852659437,2.387026181481,2.3868004370215057,2.388248433236562,0.0,-0.0,True,False
quality_score_soft_proxy_0_1,5,1,7,0.00045727383767019277,0.0017193561751301803,2.3855781852659437,2.386240316052134,2.3842018521785864,2.3848639829647773,4.440892098500626e-16,-4.440892098500626e-16,True,False
quality_score_soft_proxy_0_1,5,1,8,0.001,0.0016264263108928037,2.3855781852659437,2.387026181481,2.3864905132304783,2.3879385094455348,0.0,-0.0,True,False
quality_score_soft_proxy_0_1,5,1,9,0.0002045508479337111,0.0018428646907957225,2.3855781852659437,2.3858743741195383,2.3848988359440786,2.385195024797673,0.0,-0.0,True,False
quality_score_soft_proxy_0_1,5,1,10,0.001,0.0016168457465471676,2.3855781852659437,2.387026181481,2.386623579121807,2.3880715753368635,0.0,-0.0,True,False
quality_score_soft_proxy_0_1,5,1,11,0.001,0.00163548149214764,2.3855781852659437,2.387026181481,2.3868141795787112,2.3882621757937676,0.0,-0.0,True,False
quality_score_soft_proxy_0_1,5,1,12,0.001,0.0015910311185589983,2.3855781852659437,2.387026181481,2.3845355527096035,2.3859835489246595,-4.440892098500626e-16,4.440892098500626e-16,True,False
quality_score_soft_proxy_0_1,5,1,13,0.001,0.001579073578729378,2.3855781852659437,2.387026181481,2.385527267160329,2.3869752633753856,0.0,-0.0,True,False
quality_score_soft_proxy_0_1,5,1,14,0.001,0.0016047717533175894,2.3855781852659437,2.387026181481,2.384832632620843,2.3862806288358995,0.0,-0.0,True,False
quality_score_soft_proxy_0_1,5,1,15,0.001,0.001624259577754276,2.3855781852659437,2.387026181481,2.386631042135177,2.3880790383502335,0.0,-0.0,True,False
quality_score_soft_proxy_0_1,5,1,16,0.001,0.0016318537230307051,2.3855781852659437,2.387026181481,2.386800275560874,2.3882482717759306,0.0,-0.0,True,False
quality_score_soft_proxy_0_1,5,2,3,0.0005039428251087849,0.0017244034500072997,2.3855781852659437,2.385127325970892,2.3862493969710075,2.3857985376759556,0.0,-0.0,True,False
quality_score_soft_proxy_0_1,5,2,4,0.0005014684671134213,0.001723762717086334,2.3855781852659437,2.385129539688889,2.3860621509255746,2.38561350534852,0.0,-0.0,True,False
quality_score_soft_proxy_0_1,5,2,6,0.000502631181364301,0.0017224553371557676,2.3855781852659437,2.3851284994507878,2.3861925271097664,2.385742841294611,4.440892098500626e-16,-4.440892098500626e-16,True,False
quality_score_soft_proxy_0_1,5,2,7,0.0003088669814476043,0.0017586410574468242,2.3855781852659437,2.385301853224724,2.3846485369652135,2.384372204923994,4.440892098500626e-16,-4.440892098500626e-16,True,False
quality_score_soft_proxy_0_1,5,2,8,0.0005038612791626939,0.0017231690408193437,2.3855781852659437,2.3851273989270805,2.38603787200117,2.385587085662307,4.440892098500626e-16,-4.440892098500626e-16,True,False
quality_score_soft_proxy_0_1,5,2,9,0.00020002435754084,0.0018172535660528496,2.3855781852659437,2.3853992307569385,2.384913869214339,2.384734914705333,-4.440892098500626e-16,4.440892098500626e-16,True,False
quality_score_soft_proxy_0_1,5,2,10,0.0005080683193920412,0.0017374047811232717,2.3855781852659437,2.3851236350413827,2.386109316765395,2.385654766540834,0.0,-0.0,True,False
quality_score_soft_proxy_0_1,5,2,11,0.0005039358267282534,0.0017224098669135193,2.3855781852659437,2.385127332232088,2.3862010470817796,2.385750194047924,4.440892098500626e-16,-4.440892098500626e-16,True,False
quality_score_soft_proxy_0_1,5,2,12,0.00043246540972161795,0.0017395460812594798,2.3855781852659437,2.3851912742116603,2.3851272827502767,2.3847403716959934,0.0,-0.0,True,False
quality_score_soft_proxy_0_1,5,2,13,0.00046459378535599027,0.0017113392530168354,2.3855781852659437,2.385162530123903,2.3855545290305127,2.3851388738884722,4.440892098500626e-16,-4.440892098500626e-16,True,False
quality_score_soft_proxy_0_1,5,2,14,0.0004524542638408201,0.0017388606768538929,2.3855781852659437,2.385173390911754,2.38524085679275,2.3848360624385605,0.0,-0.0,True,False
quality_score_soft_proxy_0_1,5,2,15,0.00046694677806688266,0.0017406530622815762,2.3855781852659437,2.385160424987006,2.3860698133887976,2.3856520531098604,4.440892098500626e-16,-4.440892098500626e-16,True,False
quality_score_soft_proxy_0_1,5,2,16,0.0005100304765639023,0.0017328157364574885,2.3855781852659437,2.385121879570811,2.386201488561471,2.385745182866338,-4.440892098500626e-16,4.440892098500626e-16,True,False
quality_score_soft_proxy_0_1,5,3,4,0.001,0.001631368826899492,2.3855781852659437,2.386910105618057,2.3865432821591077,2.387875202511221,0.0,-0.0,True,False
quality_score_soft_proxy_0_1,5,3,6,0.001,0.0016350735176283216,2.3855781852659437,2.386910105618057,2.3868004370215057,2.388132357373619,0.0,-0.0,True,False
quality_score_soft_proxy_0_1,5,3,7,0.00045502437212228334,0.00171976783950237,2.3855781852659437,2.386184241487881,2.384208622769002,2.384814678990939,0.0,-0.0,True,False
quality_score_soft_proxy_0_1,5,3,8,0.001,0.001633772843234342,2.3855781852659437,2.386910105618057,2.3864905132304783,2.3878224335825915,0.0,-0.0,True,False
quality_score_soft_proxy_0_1,5,3,9,0.00020257711971361989,0.0018443231657374363,2.3855781852659437,2.3858480018545625,2.384905391042439,2.385175207631058,0.0,-0.0,True,False
quality_score_soft_proxy_0_1,5,3,10,0.001,0.0016187934690120975,2.3855781852659437,2.386910105618057,2.386623579121807,2.3879554994739203,0.0,-0.0,True,False
quality_score_soft_proxy_0_1,5,3,11,0.001,0.0016402688555754422,2.3855781852659437,2.386910105618057,2.3868141795787112,2.3881460999308244,0.0,-0.0,True,False
quality_score_soft_proxy_0_1,5,3,12,0.001,0.0015948858559145238,2.3855781852659437,2.386910105618057,2.3845355527096035,2.3858674730617166,0.0,-0.0,True,False
quality_score_soft_proxy_0_1,5,3,13,0.001,0.0015845289900525915,2.3855781852659437,2.386910105618057,2.385527267160329,2.386859187512442,-4.440892098500626e-16,4.440892098500626e-16,True,False
quality_score_soft_proxy_0_1,5,3,14,0.001,0.0016067194757825192,2.3855781852659437,2.386910105618057,2.384832632620843,2.3861645529729563,0.0,-0.0,True,False
quality_score_soft_proxy_0_1,5,3,15,0.001,0.0016316061100958143,2.3855781852659437,2.386910105618057,2.386631042135177,2.38796296248729,-4.440892098500626e-16,4.440892098500626e-16,True,False
quality_score_soft_proxy_0_1,5,3,16,0.001,0.001633801445495635,2.3855781852659437,2.386910105618057,2.386800275560874,2.388132195912987,-4.440892098500626e-16,4.440892098500626e-16,True,False
quality_score_soft_proxy_0_1,5,4,6,0.001,0.00162771749351139,2.3855781852659437,2.3865432821591077,2.3868004370215057,2.38776553391467,4.440892098500626e-16,-4.440892098500626e-16,True,False
quality_score_soft_proxy_0_1,5,4,7,0.00045482973356359953,0.0017175539771356208,2.3855781852659437,2.3860171400287244,2.384209208605029,2.38464816336781,0.0,-0.0,True,False
quality_score_soft_proxy_0_1,5,4,8,0.001,0.0016255965225761364,2.3855781852659437,2.3865432821591077,2.3864905132304783,2.3874556101236433,8.881784197001252e-16,-8.881784197001252e-16,True,False
quality_score_soft_proxy_0_1,5,4,9,0.00020514540553579752,0.001844200246138801,2.3855781852659437,2.385776170459473,2.3848968613137713,2.3850948465073007,0.0,-0.0,True,False
quality_score_soft_proxy_0_1,5,4,10,0.001,0.0016162355812947729,2.3855781852659437,2.3865432821591077,2.386623579121807,2.387588676014972,8.881784197001252e-16,-8.881784197001252e-16,True,False
quality_score_soft_proxy_0_1,5,4,11,0.001,0.0016346517038309727,2.3855781852659437,2.3865432821591077,2.3868141795787112,2.3877792764718757,4.440892098500626e-16,-4.440892098500626e-16,True,False
quality_score_soft_proxy_0_1,5,4,12,0.001,0.001590201330242331,2.3855781852659437,2.3865432821591077,2.3845355527096035,2.3855006496027675,0.0,-0.0,True,False
quality_score_soft_proxy_0_1,5,4,13,0.0009974946715766819,0.0015819440752288506,2.3855781852659437,2.3865408642744304,2.385527394726906,2.386490073735393,4.440892098500626e-16,-4.440892098500626e-16,True,False
quality_score_soft_proxy_0_1,5,4,14,0.001,0.0016100043288725888,2.3855781852659437,2.3865432821591077,2.384832632620843,2.385797729514007,0.0,-0.0,True,False
quality_score_soft_proxy_0_1,5,4,15,0.001,0.0016234297894376086,2.3855781852659437,2.3865432821591077,2.386631042135177,2.387596139028341,0.0,-0.0,True,False
quality_score_soft_proxy_0_1,5,4,16,0.001,0.0016368456172565042,2.3855781852659437,2.3865432821591077,2.386800275560874,2.387765372454038,0.0,-0.0,True,False
quality_score_soft_proxy_0_1,5,6,7,0.00043955245690454817,0.0017267253053622998,2.3855781852659437,2.386115429028057,2.384255191164315,2.3847924349264282,0.0,-0.0,True,False
quality_score_soft_proxy_0_1,5,6,8,0.001,0.00163012150984624,2.3855781852659437,2.3868004370215057,2.3864905132304783,2.3877127649860403,0.0,-0.0,True,False
quality_score_soft_proxy_0_1,5,6,9,0.00020489448623361496,0.0018427256413303134,2.3855781852659437,2.385828617911448,2.3848976946608804,2.3851481273063846,0.0,-0.0,True,False
quality_score_soft_proxy_0_1,5,6,10,0.001,0.001617071150434175,2.3855781852659437,2.3868004370215057,2.386623579121807,2.3878458308773696,4.440892098500626e-16,-4.440892098500626e-16,True,False
quality_score_soft_proxy_0_1,5,6,11,0.001,0.0016385465369975194,2.3855781852659437,2.3868004370215057,2.3868141795787112,2.3880364313342737,4.440892098500626e-16,-4.440892098500626e-16,True,False
quality_score_soft_proxy_0_1,5,6,12,0.001,0.0015931635373366013,2.3855781852659437,2.3868004370215057,2.3845355527096035,2.3857578044651655,0.0,-0.0,True,False
quality_score_soft_proxy_0_1,5,6,13,0.001,0.0015794687770459075,2.3855781852659437,2.3868004370215057,2.385527267160329,2.386749518915891,0.0,-0.0,True,False
quality_score_soft_proxy_0_1,5,6,14,0.001,0.0016049971572045965,2.3855781852659437,2.3868004370215057,2.384832632620843,2.386054884376405,0.0,-0.0,True,False
quality_score_soft_proxy_0_1,5,6,15,0.001,0.0016279547767077125,2.3855781852659437,2.3868004370215057,2.386631042135177,2.387853293890739,0.0,-0.0,True,False
quality_score_soft_proxy_0_1,5,6,16,0.001,0.0016320791269177125,2.3855781852659437,2.3868004370215057,2.386800275560874,2.388022527316436,0.0,-0.0,True,False
quality_score_soft_proxy_0_1,5,7,8,0.00045775058174722964,0.0017209057716249605,2.3855781852659437,2.3842004172426834,2.385995803922454,2.384618035899193,-4.440892098500626e-16,4.440892098500626e-16,True,False
quality_score_soft_proxy_0_1,5,7,9,0.0001942111421029555,0.0018165457582908612,2.3855781852659437,2.384993635705506,2.384933175924653,2.3843486263642153,0.0,-0.0,True,False
quality_score_soft_proxy_0_1,5,7,10,0.0004624913893115616,0.0017237674303925614,2.3855781852659437,2.384186148046035,2.38606167092272,2.3846696337028117,4.440892098500626e-16,-4.440892098500626e-16,True,False
quality_score_soft_proxy_0_1,5,7,11,0.0004563267215848382,0.001725802983762736,2.3855781852659437,2.3842047028713194,2.3861422024985863,2.384768720103962,0.0,-0.0,True,False
quality_score_soft_proxy_0_1,5,7,12,0.00046353647507074247,0.0016923149827856325,2.3855781852659437,2.384183002477689,2.385094887045984,2.3836997042577286,-4.440892098500626e-16,4.440892098500626e-16,True,False
quality_score_soft_proxy_0_1,5,7,13,0.0004735946020166164,0.0016879300377467914,2.3855781852659437,2.3841527288609368,2.3855540707259797,2.3841286143209723,-4.440892098500626e-16,4.440892098500626e-16,True,False
quality_score_soft_proxy_0_1,5,7,14,0.0004641392392495715,0.001701152709008221,2.3855781852659437,2.384181188238135,2.385232145028426,2.3838351480006175,0.0,-0.0,True,False
quality_score_soft_proxy_0_1,5,7,15,0.0004548432245703664,0.0017203806337295039,2.3855781852659437,2.384209167998903,2.3860570700793566,2.384688052812316,0.0,-0.0,True,False
quality_score_soft_proxy_0_1,5,7,16,0.0004575427861176042,0.0017156685795354752,2.3855781852659437,2.384201042679734,2.386137343864373,2.3847602012781635,0.0,-0.0,True,False
quality_score_soft_proxy_0_1,5,8,9,0.00020448745891640157,0.0018433486179108166,2.3855781852659437,2.3857647448931094,2.384899046470148,2.385085606097314,0.0,-0.0,True,False
quality_score_soft_proxy_0_1,5,8,10,0.001,0.001618639597629623,2.3855781852659437,2.3864905132304783,2.386623579121807,2.3875359070863422,4.440892098500626e-16,-4.440892098500626e-16,True,False
quality_score_soft_proxy_0_1,5,8,11,0.001,0.0016370557201658227,2.3855781852659437,2.3864905132304783,2.3868141795787112,2.387726507543246,0.0,-0.0,True,False
quality_score_soft_proxy_0_1,5,8,12,0.001,0.001592605346577181,2.3855781852659437,2.3864905132304783,2.3845355527096035,2.385447880674138,0.0,-0.0,True,False
quality_score_soft_proxy_0_1,5,8,13,0.001,0.0015820056368661684,2.3855781852659437,2.3864905132304783,2.385527267160329,2.386439595124864,0.0,-0.0,True,False
quality_score_soft_proxy_0_1,5,8,14,0.001,0.0016069711945119894,2.3855781852659437,2.3864905132304783,2.384832632620843,2.3857449605853778,0.0,-0.0,True,False
quality_score_soft_proxy_0_1,5,8,15,0.001,0.0016258338057724587,2.3855781852659437,2.3864905132304783,2.386631042135177,2.3875433700997117,0.0,-0.0,True,False
quality_score_soft_proxy_0_1,5,8,16,0.001,0.0016340531642251054,2.3855781852659437,2.3864905132304783,2.386800275560874,2.387712603525409,0.0,-0.0,True,False
quality_score_soft_proxy_0_1,5,9,10,0.000205198121647242,0.0018392214038988129,2.3855781852659437,2.384896686234299,2.3857926981215485,2.3851111990899034,-4.440892098500626e-16,4.440892098500626e-16,True,False
quality_score_soft_proxy_0_1,5,9,11,0.00020499495665856683,0.0018437365248592194,2.3855781852659437,2.3848973609809385,2.3858315578665197,2.385150733581514,-4.440892098500626e-16,4.440892098500626e-16,True,False
quality_score_soft_proxy_0_1,5,9,12,0.00020291590375081135,0.0018356370072118756,2.3855781852659437,2.3849042658811004,2.385366618538494,2.3846926991536503,-4.440892098500626e-16,4.440892098500626e-16,True,False
quality_score_soft_proxy_0_1,5,9,13,0.00020219552460062044,0.0018330195712396864,2.3855781852659437,2.384906658386886,2.3855678898528674,2.3848963629738096,0.0,-0.0,True,False
quality_score_soft_proxy_0_1,5,9,14,0.0001912895677861478,0.001844632285689259,2.3855781852659437,2.384942878986512,2.3854355688227007,2.384800262543269,0.0,-0.0,True,False
quality_score_soft_proxy_0_1,5,9,15,0.0002054168096985074,0.001843964080288159,2.3855781852659437,2.3848959599328396,2.385794459765091,2.3851122344319866,-4.440892098500626e-16,4.440892098500626e-16,True,False
quality_score_soft_proxy_0_1,5,9,16,0.00020515417043589427,0.0018423247497786955,2.3855781852659437,2.384896832203997,2.3858289021865975,2.385147549124652,8.881784197001252e-16,-8.881784197001252e-16,True,False
quality_score_soft_proxy_0_1,5,10,11,0.001,0.0016222664883812953,2.3855781852659437,2.386623579121807,2.3868141795787112,2.3878595734345747,0.0,-0.0,True,False
quality_score_soft_proxy_0_1,5,10,12,0.001,0.001576883488720377,2.3855781852659437,2.386623579121807,2.3845355527096035,2.385580946565467,0.0,-0.0,True,False
quality_score_soft_proxy_0_1,5,10,13,0.001,0.0015921112032481807,2.3855781852659437,2.386623579121807,2.385527267160329,2.3865726610161926,0.0,-0.0,True,False
quality_score_soft_proxy_0_1,5,10,14,0.001,0.0015887171085883724,2.3855781852659437,2.386623579121807,2.384832632620843,2.3858780264767065,0.0,-0.0,True,False
quality_score_soft_proxy_0_1,5,10,15,0.001,0.0016164728644910951,2.3855781852659437,2.386623579121807,2.386631042135177,2.3876764359910405,0.0,-0.0,True,False
quality_score_soft_proxy_0_1,5,10,16,0.001,0.0016157990783014884,2.3855781852659437,2.386623579121807,2.386800275560874,2.387845669416738,4.440892098500626e-16,-4.440892098500626e-16,True,False
quality_score_soft_proxy_0_1,5,11,12,0.001,0.001596204615776968,2.3855781852659437,2.3868141795787112,2.3845355527096035,2.385771547022371,0.0,-0.0,True,False
quality_score_soft_proxy_0_1,5,11,13,0.001,0.0015805666613165474,2.3855781852659437,2.3868141795787112,2.385527267160329,2.3867632614730967,0.0,-0.0,True,False
quality_score_soft_proxy_0_1,5,11,14,0.001,0.0016101924951517168,2.3855781852659437,2.3868141795787112,2.384832632620843,2.3860686269336107,0.0,-0.0,True,False
quality_score_soft_proxy_0_1,5,11,15,0.001,0.0016348889870272949,2.3855781852659437,2.3868141795787112,2.386631042135177,2.3878670364479446,0.0,-0.0,True,False
quality_score_soft_proxy_0_1,5,11,16,0.001,0.0016372744648648328,2.3855781852659437,2.3868141795787112,2.386800275560874,2.3880362698736417,0.0,-0.0,True,False
quality_score_soft_proxy_0_1,5,12,13,0.00095601882430761,0.0015625,2.3855781852659437,2.3845814089152464,2.385529506598478,2.3845327302477806,0.0,-0.0,True,False
quality_score_soft_proxy_0_1,5,12,14,0.001,0.0015648094954907987,2.3855781852659437,2.3845355527096035,2.384832632620843,2.383790000064503,0.0,-0.0,True,False
quality_score_soft_proxy_0_1,5,12,15,0.001,0.0015904386134386532,2.3855781852659437,2.3845355527096035,2.386631042135177,2.385588409578837,0.0,-0.0,True,False
quality_score_soft_proxy_0_1,5,12,16,0.001,0.0015918914652039147,2.3855781852659437,2.3845355527096035,2.386800275560874,2.3857576430045335,-4.440892098500626e-16,4.440892098500626e-16,True,False
quality_score_soft_proxy_0_1,5,13,14,0.0005848674238809396,0.0017260255971020997,2.3855781852659437,2.385548404924684,2.3851421358110363,2.385112355469776,-4.440892098500626e-16,4.440892098500626e-16,True,False
quality_score_soft_proxy_0_1,5,13,15,0.001,0.0015833691901612785,2.3855781852659437,2.385527267160329,2.386631042135177,2.386580124029562,-4.440892098500626e-16,4.440892098500626e-16,True,False
quality_score_soft_proxy_0_1,5,13,16,0.001,0.0015948159841128952,2.3855781852659437,2.385527267160329,2.386800275560874,2.386749357455259,-4.440892098500626e-16,4.440892098500626e-16,True,False
quality_score_soft_proxy_0_1,5,14,15,0.001,0.001610241612068911,2.3855781852659437,2.384832632620843,2.386631042135177,2.3858854894900765,0.0,-0.0,True,False
quality_score_soft_proxy_0_1,5,14,16,0.001,0.0016037250850719099,2.3855781852659437,2.384832632620843,2.386800275560874,2.386054722915773,-4.440892098500626e-16,4.440892098500626e-16,True,False
quality_score_soft_proxy_0_1,5,15,16,0.001,0.001639478095266282,2.3855781852659437,2.386631042135177,2.386800275560874,2.387853132430107,-4.440892098500626e-16,4.440892098500626e-16,True,False
quality_score_soft_proxy_0_1,6,0,1,0.001,0.0018751831768446276,2.3855781852659437,2.3858285319647554,2.385803929725438,2.38605427642425,0.0,-0.0,True,False
quality_score_soft_proxy_0_1,6,0,2,0.0005156482544246565,0.0018398702797347043,2.3855781852659437,2.385707276104187,2.384486601565302,2.384615692403545,-4.440892098500626e-16,4.440892098500626e-16,True,False
quality_score_soft_proxy_0_1,6,0,3,0.001,0.0018742225876470801,2.3855781852659437,2.3858285319647554,2.3856878538624944,2.385938200561306,0.0,-0.0,True,False
quality_score_soft_proxy_0_1,6,0,4,0.001,0.0018725008110198364,2.3855781852659437,2.3858285319647554,2.385321030403546,2.385571377102358,0.0,-0.0,True,False
quality_score_soft_proxy_0_1,6,0,5,0.001,0.001854680013698788,2.3855781852659437,2.3858285319647554,2.3843559335103817,2.3846062802091934,0.0,-0.0,True,False
quality_score_soft_proxy_0_1,6,0,7,0.0004949088125922296,0.00185119101052137,2.3855781852659437,2.385702084053389,2.383483672773016,2.3836075715604617,4.440892098500626e-16,-4.440892098500626e-16,True,False
quality_score_soft_proxy_0_1,6,0,8,0.001,0.0018741503448413209,2.3855781852659437,2.3858285319647554,2.3852682614749163,2.3855186081737285,4.440892098500626e-16,-4.440892098500626e-16,True,False
quality_score_soft_proxy_0_1,6,0,9,0.00020625465927938603,0.0018767736810319903,2.3855781852659437,2.385629820439009,2.384641082167707,2.384692717340773,4.440892098500626e-16,-4.440892098500626e-16,True,False
quality_score_soft_proxy_0_1,6,0,10,0.001,0.0018607420239124628,2.3855781852659437,2.3858285319647554,2.3854013273662455,2.3856516740650573,0.0,-0.0,True,False
quality_score_soft_proxy_0_1,6,0,11,0.001,0.0018727590968449796,2.3855781852659437,2.3858285319647554,2.385591927823149,2.385842274521961,0.0,-0.0,True,False
quality_score_soft_proxy_0_1,6,0,12,0.001,0.0018601547902056936,2.3855781852659437,2.3858285319647554,2.3833133009540415,2.3835636476528532,0.0,-0.0,True,False
quality_score_soft_proxy_0_1,6,0,13,0.001,0.0018369638608656045,2.3855781852659437,2.3858285319647554,2.3843050154047667,2.3845553621035784,0.0,-0.0,True,False
quality_score_soft_proxy_0_1,6,0,14,0.001,0.0017846059313077344,2.3855781852659437,2.3858285319647554,2.383610380865281,2.3838607275640933,4.440892098500626e-16,-4.440892098500626e-16,True,False
quality_score_soft_proxy_0_1,6,0,15,0.001,0.0018709214025941067,2.3855781852659437,2.3858285319647554,2.3854087903796146,2.385659137078427,4.440892098500626e-16,-4.440892098500626e-16,True,False
quality_score_soft_proxy_0_1,6,0,16,0.001,0.0018712815955974557,2.3855781852659437,2.3858285319647554,2.3855780238053117,2.385828370504124,4.440892098500626e-16,-4.440892098500626e-16,True,False
quality_score_soft_proxy_0_1,6,1,2,0.0005160585694143817,0.0018377732256663263,2.3855781852659437,2.3856946826287633,2.384485732963205,2.3846022303260246,0.0,-0.0,True,False
quality_score_soft_proxy_0_1,6,1,3,0.001,0.0018748639488718375,2.3855781852659437,2.385803929725438,2.3856878538624944,2.385913598321989,0.0,-0.0,True,False
quality_score_soft_proxy_0_1,6,1,4,0.001,0.0018743291385293298,2.3855781852659437,2.385803929725438,2.385321030403546,2.38554677486304,-4.440892098500626e-16,4.440892098500626e-16,True,False
quality_score_soft_proxy_0_1,6,1,5,0.001,0.001853326884752435,2.3855781852659437,2.385803929725438,2.3843559335103817,2.384581677969876,0.0,-0.0,True,False
quality_score_soft_proxy_0_1,6,1,7,0.0004929559886726816,0.0018517899217183338,2.3855781852659437,2.385689467349161,2.383491937354272,2.3836032194374894,4.440892098500626e-16,-4.440892098500626e-16,True,False
quality_score_soft_proxy_0_1,6,1,8,0.001,0.0018740728591347367,2.3855781852659437,2.385803929725438,2.3852682614749163,2.3854940059344107,0.0,-0.0,True,False
quality_score_soft_proxy_0_1,6,1,9,0.00020594034719050716,0.0018765795131864106,2.3855781852659437,2.3856246751583083,2.384642510221907,2.3846890001142715,0.0,-0.0,True,False
quality_score_soft_proxy_0_1,6,1,10,0.001,0.0018625703514219562,2.3855781852659437,2.385803929725438,2.3854013273662455,2.3856270718257395,-4.440892098500626e-16,4.440892098500626e-16,True,False
quality_score_soft_proxy_0_1,6,1,11,0.001,0.0018745874243544733,2.3855781852659437,2.385803929725438,2.385591927823149,2.3858176722826436,0.0,-0.0,True,False
quality_score_soft_proxy_0_1,6,1,12,0.001,0.001861983117715187,2.3855781852659437,2.385803929725438,2.3833133009540415,2.383539045413536,0.0,-0.0,True,False
quality_score_soft_proxy_0_1,6,1,13,0.001,0.001837718798391458,2.3855781852659437,2.385803929725438,2.3843050154047667,2.384530759864261,0.0,-0.0,True,False
quality_score_soft_proxy_0_1,6,1,14,0.001,0.0017864342588172278,2.3855781852659437,2.385803929725438,2.383610380865281,2.3838361253247755,0.0,-0.0,True,False
quality_score_soft_proxy_0_1,6,1,15,0.001,0.0018727497301036001,2.3855781852659437,2.385803929725438,2.3854087903796146,2.385634534839109,0.0,-0.0,True,False
quality_score_soft_proxy_0_1,6,1,16,0.001,0.0018731099231069491,2.3855781852659437,2.385803929725438,2.3855780238053117,2.385803768264806,0.0,-0.0,True,False
quality_score_soft_proxy_0_1,6,2,3,0.0005184546502167022,0.0018394411228728014,2.3855781852659437,2.384480660662995,2.3856350434598084,2.3845375188568596,0.0,-0.0,True,False
quality_score_soft_proxy_0_1,6,2,4,0.0005186066483065837,0.001837747153027714,2.3855781852659437,2.3844803388959064,2.3854448230446597,2.384346976674623,4.440892098500626e-16,-4.440892098500626e-16,True,False
quality_score_soft_proxy_0_1,6,2,5,0.0005110957478407589,0.0018414174407615131,2.3855781852659437,2.3844962388363315,2.384953497590885,2.3838715511612727,0.0,-0.0,True,False
quality_score_soft_proxy_0_1,6,2,7,0.0003300751081669567,0.001835625686376628,2.3855781852659437,2.384879444205597,2.3841812684601202,2.3834825273997735,0.0,-0.0,True,False
quality_score_soft_proxy_0_1,6,2,8,0.0005185409886154928,0.0018377360781388268,2.3855781852659437,2.3844804778919135,2.385417477076949,2.3843197697029193,4.440892098500626e-16,-4.440892098500626e-16,True,False
quality_score_soft_proxy_0_1,6,2,9,0.00019930924523211646,0.001861626498499389,2.3855781852659437,2.385156264466996,2.384672638153133,2.384250717354186,4.440892098500626e-16,-4.440892098500626e-16,True,False
quality_score_soft_proxy_0_1,6,2,10,0.0005080683193920412,0.0018427748023821591,2.3855781852659437,2.3845026476460602,2.3854883293700726,2.384412791750189,0.0,-0.0,True,False
quality_score_soft_proxy_0_1,6,2,11,0.0005184620576680059,0.0018411844221969229,2.3855781852659437,2.3844806449820473,2.38558531026043,2.384487769976534,4.440892098500626e-16,-4.440892098500626e-16,True,False
quality_score_soft_proxy_0_1,6,2,12,0.00046594521244012143,0.0018419061264940031,2.3855781852659437,2.384591818697401,2.3845228732640824,2.383536506695539,-4.440892098500626e-16,4.440892098500626e-16,True,False
quality_score_soft_proxy_0_1,6,2,13,0.0004729270739744203,0.0018198622199239007,2.3855781852659437,2.3845770386876066,2.3849760687688253,2.3839749221904873,-8.881784197001252e-16,8.881784197001252e-16,True,False
quality_score_soft_proxy_0_1,6,2,14,0.0004588231508765878,0.0018579925132358793,2.3855781852659437,2.3846068954987882,2.384675311050523,2.383704021283368,0.0,-0.0,True,False
quality_score_soft_proxy_0_1,6,2,15,0.0004817716744373474,0.0018445696475750276,2.3855781852659437,2.384558315417196,2.385496575607916,2.3844767057591683,0.0,-0.0,True,False
quality_score_soft_proxy_0_1,6,2,16,0.0005121654783729103,0.001837961267841194,2.3855781852659437,2.3844939743073565,2.385578102571382,2.384493891612795,4.440892098500626e-16,-4.440892098500626e-16,True,False
quality_score_soft_proxy_0_1,6,3,4,0.001,0.0018733685493317821,2.3855781852659437,2.3856878538624944,2.385321030403546,2.3854306990000973,4.440892098500626e-16,-4.440892098500626e-16,True,False
quality_score_soft_proxy_0_1,6,3,5,0.001,0.0018555477520107338,2.3855781852659437,2.3856878538624944,2.3843559335103817,2.3844656021069324,0.0,-0.0,True,False
quality_score_soft_proxy_0_1,6,3,7,0.0004955972132824236,0.0018512469752713125,2.3855781852659437,2.385632536716779,2.3834807593800655,2.3835351108309006,-4.440892098500626e-16,4.440892098500626e-16,True,False
quality_score_soft_proxy_0_1,6,3,8,0.001,0.0018728653239049695,2.3855781852659437,2.3856878538624944,2.3852682614749163,2.3853779300714675,4.440892098500626e-16,-4.440892098500626e-16,True,False
quality_score_soft_proxy_0_1,6,3,9,0.0002039398442301616,0.0018781843278713962,2.3855781852659437,2.385600551062441,2.384651599362141,2.3846739651586386,0.0,-0.0,True,False
quality_score_soft_proxy_0_1,6,3,10,0.001,0.0018616097622244088,2.3855781852659437,2.3856878538624944,2.3854013273662455,2.3855109959627967,4.440892098500626e-16,-4.440892098500626e-16,True,False
quality_score_soft_proxy_0_1,6,3,11,0.001,0.0018736268351569256,2.3855781852659437,2.3856878538624944,2.385591927823149,2.3857015964197,0.0,-0.0,True,False
quality_score_soft_proxy_0_1,6,3,12,0.001,0.0018610225285176393,2.3855781852659437,2.3856878538624944,2.3833133009540415,2.383422969550592,0.0,-0.0,True,False
quality_score_soft_proxy_0_1,6,3,13,0.001,0.001837965469304364,2.3855781852659437,2.3856878538624944,2.3843050154047667,2.384414684001318,4.440892098500626e-16,-4.440892098500626e-16,True,False
quality_score_soft_proxy_0_1,6,3,14,0.001,0.0017854736696196801,2.3855781852659437,2.3856878538624944,2.383610380865281,2.383720049461832,0.0,-0.0,True,False
quality_score_soft_proxy_0_1,6,3,15,0.001,0.0018717891409060525,2.3855781852659437,2.3856878538624944,2.3854087903796146,2.3855184589761658,4.440892098500626e-16,-4.440892098500626e-16,True,False
quality_score_soft_proxy_0_1,6,3,16,0.001,0.0018721493339094017,2.3855781852659437,2.3856878538624944,2.3855780238053117,2.385687692401863,4.440892098500626e-16,-4.440892098500626e-16,True,False
quality_score_soft_proxy_0_1,6,4,5,0.001,0.00185382597538349,2.3855781852659437,2.385321030403546,2.3843559335103817,2.384098778647984,0.0,-0.0,True,False
quality_score_soft_proxy_0_1,6,4,7,0.0004958283162667786,0.0018497795801214385,2.3855781852659437,2.385450680603501,2.3834797813249664,2.383352276662524,0.0,-0.0,True,False
quality_score_soft_proxy_0_1,6,4,8,0.001,0.0018732963065260229,2.3855781852659437,2.385321030403546,2.3852682614749163,2.385011106612519,0.0,-0.0,True,False
quality_score_soft_proxy_0_1,6,4,9,0.00020603495184768006,0.0018765287837568072,2.3855781852659437,2.385525202376252,2.3846420803925024,2.384589097502811,0.0,-0.0,True,False
quality_score_soft_proxy_0_1,6,4,10,0.001,0.001859887985597165,2.3855781852659437,2.385321030403546,2.3854013273662455,2.3851441725038476,-4.440892098500626e-16,4.440892098500626e-16,True,False
quality_score_soft_proxy_0_1,6,4,11,0.001,0.0018719050585296818,2.3855781852659437,2.385321030403546,2.385591927823149,2.3853347729607517,0.0,-0.0,True,False
quality_score_soft_proxy_0_1,6,4,12,0.001,0.0018593007518903956,2.3855781852659437,2.385321030403546,2.3833133009540415,2.3830561460916435,-4.440892098500626e-16,4.440892098500626e-16,True,False
quality_score_soft_proxy_0_1,6,4,13,0.001,0.0018356879635634852,2.3855781852659437,2.385321030403546,2.3843050154047667,2.3840478605423696,4.440892098500626e-16,-4.440892098500626e-16,True,False
quality_score_soft_proxy_0_1,6,4,14,0.001,0.0017837518929924364,2.3855781852659437,2.385321030403546,2.383610380865281,2.3833532260028836,0.0,-0.0,True,False
quality_score_soft_proxy_0_1,6,4,15,0.001,0.001870067364278809,2.3855781852659437,2.385321030403546,2.3854087903796146,2.3851516355172175,4.440892098500626e-16,-4.440892098500626e-16,True,False
quality_score_soft_proxy_0_1,6,4,16,0.001,0.001870427557282158,2.3855781852659437,2.385321030403546,2.3855780238053117,2.3853208689429146,4.440892098500626e-16,-4.440892098500626e-16,True,False
quality_score_soft_proxy_0_1,6,5,7,0.0004744449616161041,0.001853441108800998,2.3855781852659437,2.3849982940786907,2.3835702782050316,2.382990387017779,4.440892098500626e-16,-4.440892098500626e-16,True,False
quality_score_soft_proxy_0_1,6,5,8,0.001,0.0018524371919412125,2.3855781852659437,2.3843559335103817,2.3852682614749163,2.3840460097193548,4.440892098500626e-16,-4.440892098500626e-16,True,False
quality_score_soft_proxy_0_1,6,5,9,0.00020558921647087053,0.0018703538337784384,2.3855781852659437,2.3853269034851876,2.3846441055588867,2.3843928237781307,0.0,-0.0,True,False
quality_score_soft_proxy_0_1,6,5,10,0.001,0.0018420671882761167,2.3855781852659437,2.3843559335103817,2.3854013273662455,2.3841790756106835,0.0,-0.0,True,False
quality_score_soft_proxy_0_1,6,5,11,0.001,0.0018540842612086335,2.3855781852659437,2.3843559335103817,2.385591927823149,2.384369676067587,0.0,-0.0,True,False
quality_score_soft_proxy_0_1,6,5,12,0.001,0.0018414799545693472,2.3855781852659437,2.3843559335103817,2.3833133009540415,2.3820910491984795,0.0,-0.0,True,False
quality_score_soft_proxy_0_1,6,5,13,0.0009990814030959696,0.0018177384491832895,2.3855781852659437,2.38435705626706,2.3843061849346596,2.3830850559357764,4.440892098500626e-16,-4.440892098500626e-16,True,False
quality_score_soft_proxy_0_1,6,5,14,0.0009043281314832191,0.001783840286273458,2.3855781852659437,2.3844728686196346,2.383798644389168,2.382693327742859,0.0,-0.0,True,False
quality_score_soft_proxy_0_1,6,5,15,0.001,0.0018522465669577604,2.3855781852659437,2.3843559335103817,2.3854087903796146,2.3841865386240526,0.0,-0.0,True,False
quality_score_soft_proxy_0_1,6,5,16,0.001,0.0018526067599611096,2.3855781852659437,2.3843559335103817,2.3855780238053117,2.38435577204975,4.440892098500626e-16,-4.440892098500626e-16,True,False
quality_score_soft_proxy_0_1,6,7,8,0.0004924031365207104,0.0018519035694219534,2.3855781852659437,2.3834942770898144,2.3854255778191598,2.3833416696430305,0.0,-0.0,True,False
quality_score_soft_proxy_0_1,6,7,9,0.0001888378017177804,0.0018763406247004639,2.3855781852659437,2.384779001406672,2.38472021439793,2.3839210305386582,0.0,-0.0,True,False
quality_score_soft_proxy_0_1,6,7,10,0.00048703283313126193,0.0018530075221618954,2.3855781852659437,2.3835170048474414,2.385492049661992,2.3834308692434893,-4.440892098500626e-16,4.440892098500626e-16,True,False
quality_score_soft_proxy_0_1,6,7,11,0.0004940614411185312,0.0018515626780846,2.3855781852659437,2.3834872589490805,2.3855849749335616,2.3834940486166984,0.0,-0.0,True,False
quality_score_soft_proxy_0_1,6,7,12,0.0004858792445405099,0.001830124596752567,2.3855781852659437,2.383521886970478,2.384477724987505,2.3824214266920394,0.0,-0.0,True,False
quality_score_soft_proxy_0_1,6,7,13,0.0004752983804234408,0.0018340820149361607,2.3855781852659437,2.3835666664359376,2.3849730496929227,2.382961530862916,-4.440892098500626e-16,4.440892098500626e-16,True,False
quality_score_soft_proxy_0_1,6,7,14,0.0004621134761034118,0.0018452777246468312,2.3855781852659437,2.383622466506807,2.3846688363340616,2.382713117574925,4.440892098500626e-16,-4.440892098500626e-16,True,False
quality_score_soft_proxy_0_1,6,7,15,0.0004958122844629358,0.001851202763910838,2.3855781852659437,2.383479849173452,2.3854941972003765,2.3833958611078847,0.0,-0.0,True,False
quality_score_soft_proxy_0_1,6,7,16,0.0004926438107742593,0.0018499262654020827,2.3855781852659437,2.3834932585279742,2.3855781057233627,2.3834931789853937,4.440892098500626e-16,-4.440892098500626e-16,True,False
quality_score_soft_proxy_0_1,6,8,9,0.00020587609418933344,0.0018764202287533949,2.3855781852659437,2.385514379366351,2.3846428021507617,2.384578996251168,-8.881784197001252e-16,8.881784197001252e-16,True,False
quality_score_soft_proxy_0_1,6,8,10,0.001,0.0018615375194186495,2.3855781852659437,2.3852682614749163,2.3854013273662455,2.385091403575218,0.0,-0.0,True,False
quality_score_soft_proxy_0_1,6,8,11,0.001,0.0018731379052546392,2.3855781852659437,2.3852682614749163,2.385591927823149,2.3852820040321223,4.440892098500626e-16,-4.440892098500626e-16,True,False
quality_score_soft_proxy_0_1,6,8,12,0.001,0.00186095028571188,2.3855781852659437,2.3852682614749163,2.3833133009540415,2.383003377163014,0.0,-0.0,True,False
quality_score_soft_proxy_0_1,6,8,13,0.001,0.0018368462218101126,2.3855781852659437,2.3852682614749163,2.3843050154047667,2.38399509161374,4.440892098500626e-16,-4.440892098500626e-16,True,False
quality_score_soft_proxy_0_1,6,8,14,0.001,0.0017854014268139208,2.3855781852659437,2.3852682614749163,2.383610380865281,2.383300457074254,4.440892098500626e-16,-4.440892098500626e-16,True,False
quality_score_soft_proxy_0_1,6,8,15,0.001,0.001871347736207258,2.3855781852659437,2.3852682614749163,2.3854087903796146,2.3850988665885877,4.440892098500626e-16,-4.440892098500626e-16,True,False
quality_score_soft_proxy_0_1,6,8,16,0.001,0.0018720770911036424,2.3855781852659437,2.3852682614749163,2.3855780238053117,2.385268100014285,4.440892098500626e-16,-4.440892098500626e-16,True,False
quality_score_soft_proxy_0_1,6,9,10,0.00020519812164724194,0.0018738218995546906,2.3855781852659437,2.384645882469877,2.385541894357127,2.384609591561061,4.440892098500626e-16,-4.440892098500626e-16,True,False
quality_score_soft_proxy_0_1,6,9,11,0.0002061869316992268,0.0018768534320951465,2.3855781852659437,2.38464138988306,2.3855810188016475,2.384644223418764,4.440892098500626e-16,-4.440892098500626e-16,True,False
quality_score_soft_proxy_0_1,6,9,12,0.00019746606430778998,0.001877450272429021,2.3855781852659437,2.384681012512097,2.3851309474747597,2.3842337747209137,4.440892098500626e-16,-4.440892098500626e-16,True,False
quality_score_soft_proxy_0_1,6,9,13,0.0002035531028136173,0.0018714745002666015,2.3855781852659437,2.3846533564937418,2.3853190275902922,2.384394198818091,4.440892098500626e-16,-4.440892098500626e-16,True,False
quality_score_soft_proxy_0_1,6,9,14,0.00019218807995669506,0.001867613554626846,2.3855781852659437,2.3847049926515282,2.38519999671645,2.384326804102035,4.440892098500626e-16,-4.440892098500626e-16,True,False
quality_score_soft_proxy_0_1,6,9,15,0.0002057619128890874,0.0018775851316651675,2.3855781852659437,2.384643320925225,2.385543330250099,2.3846084659093805,0.0,-0.0,True,False
quality_score_soft_proxy_0_1,6,9,16,0.00020602611152755495,0.0018757313235969542,2.3855781852659437,2.3846421205578565,2.385578152000838,2.38464208729275,-8.881784197001252e-16,8.881784197001252e-16,True,False
quality_score_soft_proxy_0_1,6,10,11,0.001,0.0018601462714223083,2.3855781852659437,2.3854013273662455,2.385591927823149,2.385415069923451,0.0,-0.0,True,False
quality_score_soft_proxy_0_1,6,10,12,0.001,0.0018475419647830222,2.3855781852659437,2.3854013273662455,2.3833133009540415,2.3831364430543434,0.0,-0.0,True,False
quality_score_soft_proxy_0_1,6,10,13,0.001,0.00183157018669202,2.3855781852659437,2.3854013273662455,2.3843050154047667,2.3841281575050686,0.0,-0.0,True,False
quality_score_soft_proxy_0_1,6,10,14,0.001,0.001771993105885063,2.3855781852659437,2.3854013273662455,2.383610380865281,2.383433522965583,0.0,-0.0,True,False
quality_score_soft_proxy_0_1,6,10,15,0.001,0.0018583085771714353,2.3855781852659437,2.3854013273662455,2.3854087903796146,2.385231932479917,4.440892098500626e-16,-4.440892098500626e-16,True,False
quality_score_soft_proxy_0_1,6,10,16,0.001,0.0018586687701747844,2.3855781852659437,2.3854013273662455,2.3855780238053117,2.3854011659056136,0.0,-0.0,True,False
quality_score_soft_proxy_0_1,6,11,12,0.001,0.001859559037715539,2.3855781852659437,2.385591927823149,2.3833133009540415,2.383327043511247,0.0,-0.0,True,False
quality_score_soft_proxy_0_1,6,11,13,0.001,0.0018358628328668484,2.3855781852659437,2.385591927823149,2.3843050154047667,2.3843187579619722,0.0,-0.0,True,False
quality_score_soft_proxy_0_1,6,11,14,0.001,0.0017840101788175798,2.3855781852659437,2.385591927823149,2.383610380865281,2.3836241234224866,0.0,-0.0,True,False
quality_score_soft_proxy_0_1,6,11,15,0.001,0.0018703256501039522,2.3855781852659437,2.385591927823149,2.3854087903796146,2.38542253293682,0.0,-0.0,True,False
quality_score_soft_proxy_0_1,6,11,16,0.001,0.0018706858431073012,2.3855781852659437,2.385591927823149,2.3855780238053117,2.3855917663625172,0.0,-0.0,True,False
quality_score_soft_proxy_0_1,6,12,13,0.0009329985647784222,0.001831666399656708,2.3855781852659437,2.3834650514535496,2.3843903196127467,2.3822771858003526,0.0,-0.0,True,False
quality_score_soft_proxy_0_1,6,12,14,0.001,0.0017714058721782938,2.3855781852659437,2.3833133009540415,2.383610380865281,2.381345496553379,0.0,-0.0,True,False
quality_score_soft_proxy_0_1,6,12,15,0.001,0.001857721343464666,2.3855781852659437,2.3833133009540415,2.3854087903796146,2.3831439060677124,0.0,-0.0,True,False
quality_score_soft_proxy_0_1,6,12,16,0.001,0.0018580815364680151,2.3855781852659437,2.3833133009540415,2.3855780238053117,2.3833131394934095,0.0,-0.0,True,False
quality_score_soft_proxy_0_1,6,13,14,0.0006067914980256531,0.0018379675448526027,2.3855781852659437,2.384805636618639,2.384384138285844,2.38361158963854,4.440892098500626e-16,-4.440892098500626e-16,True,False
quality_score_soft_proxy_0_1,6,13,15,0.001,0.0018337108631178707,2.3855781852659437,2.3843050154047667,2.3854087903796146,2.384135620518438,4.440892098500626e-16,-4.440892098500626e-16,True,False
quality_score_soft_proxy_0_1,6,13,16,0.001,0.0018339321802147664,2.3855781852659437,2.3843050154047667,2.3855780238053117,2.384304853944135,4.440892098500626e-16,-4.440892098500626e-16,True,False
quality_score_soft_proxy_0_1,6,14,15,0.001,0.001782172484566707,2.3855781852659437,2.383610380865281,2.3854087903796146,2.383440985978952,0.0,-0.0,True,False
quality_score_soft_proxy_0_1,6,14,16,0.001,0.001782532677570056,2.3855781852659437,2.383610380865281,2.3855780238053117,2.3836102194046496,4.440892098500626e-16,-4.440892098500626e-16,True,False
quality_score_soft_proxy_0_1,6,15,16,0.001,0.0018688481488564283,2.3855781852659437,2.3854087903796146,2.3855780238053117,2.3854086289189835,8.881784197001252e-16,-8.881784197001252e-16,True,False
quality_score_soft_proxy_0_1,7,0,1,0.00024696523522433066,0.0015625,2.3855781852659437,2.3866851982140704,2.38667912231625,2.387786135264377,4.440892098500626e-16,-4.440892098500626e-16,True,False
quality_score_soft_proxy_0_1,7,0,2,0.00024394499961507478,0.0015624999999999999,2.3855781852659437,2.386671660114577,2.3860941783770486,2.3871876532256824,4.440892098500626e-16,-4.440892098500626e-16,True,False
quality_score_soft_proxy_0_1,7,0,3,0.00024762638685921673,0.0015625,2.3855781852659437,2.3866881618029328,2.38665332619276,2.387763302729749,0.0,-0.0,True,False
quality_score_soft_proxy_0_1,7,0,4,0.0002476840688667855,0.0015625,2.3855781852659437,2.386688420360495,2.3865627203088584,2.3876729554034104,4.440892098500626e-16,-4.440892098500626e-16,True,False
quality_score_soft_proxy_0_1,7,0,5,0.00024223044139437918,0.0015625,2.3855781852659437,2.386663974667883,2.386307266494283,2.3873930558962226,4.440892098500626e-16,-4.440892098500626e-16,True,False
quality_score_soft_proxy_0_1,7,0,6,0.0002524624551861016,0.0015625,2.3855781852659437,2.386709839308477,2.3866466361662475,2.387778290208781,0.0,-0.0,True,False
quality_score_soft_proxy_0_1,7,0,8,0.0002468263975039542,0.0015625,2.3855781852659437,2.38668457587889,2.3865462863322557,2.3876526769452022,0.0,-0.0,True,False
quality_score_soft_proxy_0_1,7,0,9,0.00018349650736002835,0.001607324575228621,2.3855781852659437,2.3864007018820943,2.3855210610530784,2.386343577669229,0.0,-0.0,True,False
quality_score_soft_proxy_0_1,7,0,10,0.0002454696184729258,0.0015624999999999999,2.3855781852659437,2.3866784941647827,2.3865736284149768,2.3876739373138163,4.440892098500626e-16,-4.440892098500626e-16,True,False
quality_score_soft_proxy_0_1,7,0,11,0.0002472423819160594,0.0015624999999999999,2.3855781852659437,2.386686440514332,2.38662794194279,2.387736197191178,-4.440892098500626e-16,4.440892098500626e-16,True,False
quality_score_soft_proxy_0_1,7,0,12,0.00024517623173526135,0.0015625,2.3855781852659437,2.386677179069089,2.3860605042079386,2.3871594980110835,-4.440892098500626e-16,4.440892098500626e-16,True,False
quality_score_soft_proxy_0_1,7,0,13,0.00024245270368612447,0.0015625,2.3855781852659437,2.3866649709507595,2.3862955902416796,2.3873823759264945,-8.881784197001252e-16,8.881784197001252e-16,True,False
quality_score_soft_proxy_0_1,7,0,14,0.00023951521441842967,0.0015625,2.3855781852659437,2.386651803758821,2.3861205228226177,2.387194141315495,0.0,-0.0,True,False
quality_score_soft_proxy_0_1,7,0,15,0.0002476800682871993,0.0015624999999999999,2.3855781852659437,2.386688402428039,2.386584440803568,2.3876946579656626,-4.440892098500626e-16,4.440892098500626e-16,True,False
quality_score_soft_proxy_0_1,7,0,16,0.0002468868571176064,0.0015625,2.3855781852659437,2.386684846886974,2.3866229997148065,2.387729661335837,0.0,-0.0,True,False
quality_score_soft_proxy_0_1,7,1,2,0.0002434695917091672,0.0015625,2.3855781852659437,2.3866635392182607,2.3860931727929837,2.3871785267453007,0.0,-0.0,True,False
quality_score_soft_proxy_0_1,7,1,3,0.00024713653627734454,0.0015624999999999999,2.3855781852659437,2.386679885952783,2.38665119936607,2.38775290005291,4.440892098500626e-16,-4.440892098500626e-16,True,False
quality_score_soft_proxy_0_1,7,1,4,0.0002471939902728998,0.0015625,2.3855781852659437,2.3866801420747934,2.386560772264515,2.3876627290733645,0.0,-0.0,True,False
quality_score_soft_proxy_0_1,7,1,5,0.00024176168635602616,0.0015625,2.3855781852659437,2.386655925611107,2.3863058556043177,2.3873835959494807,-4.440892098500626e-16,4.440892098500626e-16,True,False
quality_score_soft_proxy_0_1,7,1,6,0.0002519533041740108,0.0015625,2.3855781852659437,2.3867013584415546,2.386644481379086,2.3877676545546964,-4.440892098500626e-16,4.440892098500626e-16,True,False
quality_score_soft_proxy_0_1,7,1,8,0.00024633970375162055,0.0015625,2.3855781852659437,2.3866763337829826,2.38654437742484,2.3876425259418785,-4.440892098500626e-16,4.440892098500626e-16,True,False
quality_score_soft_proxy_0_1,7,1,9,0.0001831940147842319,0.0016073218271209556,2.3855781852659437,2.386394838986809,2.385521155221902,2.386337808942767,0.0,-0.0,True,False
quality_score_soft_proxy_0_1,7,1,10,0.0002449882554071723,0.0015624999999999999,2.3855781852659437,2.3866703092121453,2.3865716763625433,2.387663800308745,0.0,-0.0,True,False
quality_score_soft_proxy_0_1,7,1,11,0.00024675404792309953,0.0015624999999999999,2.3855781852659437,2.386678180872309,2.3866258685447517,2.387725864151117,0.0,-0.0,True,False
quality_score_soft_proxy_0_1,7,1,12,0.00024469601751231156,0.0015625,2.3855781852659437,2.3866690064558047,2.386059559514343,2.387150380704204,0.0,-0.0,True,False
quality_score_soft_proxy_0_1,7,1,13,0.00024198308886009434,0.0015625,2.3855781852659437,2.3866569125930175,2.386294200675765,2.3873729280028386,0.0,-0.0,True,False
quality_score_soft_proxy_0_1,7,1,14,0.00023905689934611686,0.0015625,2.3855781852659437,2.386643868042641,2.3861194850535674,2.387185167830265,0.0,-0.0,True,False
quality_score_soft_proxy_0_1,7,1,15,0.00024719000550896936,0.0015625,2.3855781852659437,2.3866801243112636,2.3865824498141928,2.3876843888595127,0.0,-0.0,True,False
quality_score_soft_proxy_0_1,7,1,16,0.0002463999251420061,0.0015625,2.3855781852659437,2.386676602241658,2.3866209390398496,2.3877193560155634,-4.440892098500626e-16,4.440892098500626e-16,True,False
quality_score_soft_proxy_0_1,7,2,3,0.0002441121350530536,0.0015625,2.3855781852659437,2.3860945319023714,2.3866380680613792,2.387154414697807,0.0,-0.0,True,False
quality_score_soft_proxy_0_1,7,2,4,0.0002441681912755237,0.0015625,2.3855781852659437,2.3860946504726424,2.3865487448250455,2.387065210031744,0.0,-0.0,True,False
quality_score_soft_proxy_0_1,7,2,5,0.00023886663647430906,0.0015625,2.3855781852659437,2.3860834366098453,2.38629714189141,2.3868023932353113,-4.440892098500626e-16,4.440892098500626e-16,True,False
quality_score_soft_proxy_0_1,7,2,6,0.00024881061061324906,0.0015624999999999999,2.3855781852659437,2.3861044701303555,2.3866311811291068,2.387157465993518,-4.440892098500626e-16,4.440892098500626e-16,True,False
quality_score_soft_proxy_0_1,7,2,8,0.00024333465542725996,0.0015625,2.3855781852659437,2.3860928873754017,2.386532591041712,2.3870472931511695,-4.440892098500626e-16,4.440892098500626e-16,True,False
quality_score_soft_proxy_0_1,7,2,9,0.00018819965348258562,0.0015941875534798125,2.3855781852659437,2.3859762656728494,2.385519596918833,2.385917677325739,4.440892098500626e-16,-4.440892098500626e-16,True,False
quality_score_soft_proxy_0_1,7,2,10,0.00024201588980690984,0.0015625,2.3855781852659437,2.386090097918859,2.386559622646929,2.3870715352998437,-4.440892098500626e-16,4.440892098500626e-16,True,False
quality_score_soft_proxy_0_1,7,2,11,0.00024373894396038278,0.0015625,2.3855781852659437,2.386093742527581,2.386613066833768,2.387128624095405,-4.440892098500626e-16,4.440892098500626e-16,True,False
quality_score_soft_proxy_0_1,7,2,12,0.00024173069602780205,0.0015625,2.3855781852659437,2.3860894946762197,2.3860537260340298,2.3865650354443058,0.0,-0.0,True,False
quality_score_soft_proxy_0_1,7,2,13,0.00023908276585131246,0.0015625,2.3855781852659437,2.3860838937672777,2.3862856187704033,2.3867913272717374,0.0,-0.0,True,False
quality_score_soft_proxy_0_1,7,2,14,0.0002362258864346089,0.0015625,2.3855781852659437,2.3860778508883476,2.3861130747525388,2.386612740374943,4.440892098500626e-16,-4.440892098500626e-16,True,False
quality_score_soft_proxy_0_1,7,2,15,0.00024416430346546283,0.0015625,2.3855781852659437,2.3860946422491356,2.3865701572245728,2.3870866142077647,0.0,-0.0,True,False
quality_score_soft_proxy_0_1,7,2,16,0.00024339341634682364,0.0015625,2.3855781852659437,2.386093011666655,2.3866082156253006,2.387123042026012,0.0,-0.0,True,False
quality_score_soft_proxy_0_1,7,3,4,0.00024785636891967543,0.0015625,2.3855781852659437,2.3866543247257868,2.386563405195217,2.3876395446550602,0.0,-0.0,True,False
quality_score_soft_proxy_0_1,7,3,5,0.000242395234884941,0.0015625,2.3855781852659437,2.3866306136472457,2.3863077625006475,2.3873601908819495,0.0,-0.0,True,False
quality_score_soft_proxy_0_1,7,3,6,0.0002526414698861117,0.0015625,2.3855781852659437,2.3866751006130142,2.386647393777581,2.3877443091246517,0.0,-0.0,True,False
quality_score_soft_proxy_0_1,7,3,8,0.00024699750594199104,0.0015625,2.3855781852659437,2.3866505957260236,2.38654695745278,2.38761936791286,4.440892098500626e-16,-4.440892098500626e-16,True,False
quality_score_soft_proxy_0_1,7,3,9,0.0001816093219574602,0.0016110800955382767,2.3855781852659437,2.386366694185386,2.3855216485518933,2.3863101574713355,0.0,-0.0,True,False
quality_score_soft_proxy_0_1,7,3,10,0.00024563885030570276,0.0015625,2.3855781852659437,2.3866446967331965,2.3865743146940757,2.3876408261613284,0.0,-0.0,True,False
quality_score_soft_proxy_0_1,7,3,11,0.0002474140677897214,0.0015625,2.3855781852659437,2.3866524043486703,2.3866286708970685,2.3877028899797947,-4.440892098500626e-16,4.440892098500626e-16,True,False
quality_score_soft_proxy_0_1,7,3,12,0.0002453450591369033,0.0015624999999999999,2.3855781852659437,2.386643421154638,2.38606083633089,2.3871260722195844,0.0,-0.0,True,False
quality_score_soft_proxy_0_1,7,3,13,0.00024261779983612638,0.0015625,2.3855781852659437,2.3866315799767674,2.3862960787526246,2.3873494734634484,0.0,-0.0,True,False
quality_score_soft_proxy_0_1,7,3,14,0.00023967633295604476,0.0015625,2.3855781852659437,2.3866188087553004,2.386120887645513,2.38716151113487,0.0,-0.0,True,False
quality_score_soft_proxy_0_1,7,3,15,0.0002478523627722362,0.0015625,2.3855781852659437,2.3866543073319493,2.386585140788354,2.38766126285436,4.440892098500626e-16,-4.440892098500626e-16,True,False
quality_score_soft_proxy_0_1,7,3,16,0.0002470580494202926,0.0015625,2.3855781852659437,2.3866508585928865,2.3866237241931914,2.387696397520134,0.0,-0.0,True,False
quality_score_soft_proxy_0_1,7,4,5,0.00024245050527689014,0.0015625,2.3855781852659437,2.3865419170865234,2.3863079288571347,2.387271660677714,-4.440892098500626e-16,4.440892098500626e-16,True,False
quality_score_soft_proxy_0_1,7,4,6,0.0002527015122598063,0.0015625,2.3855781852659437,2.386582664461379,2.3866476478839913,2.3876521270794266,0.0,-0.0,True,False
quality_score_soft_proxy_0_1,7,4,8,0.00024705489530502366,0.0015625,2.3855781852659437,2.3865602193671447,2.3865471825450073,2.3875292166462083,0.0,-0.0,True,False
quality_score_soft_proxy_0_1,7,4,9,0.00018367075539669475,0.0016072650455396095,2.3855781852659437,2.3863082697476545,2.3855210068080024,2.3862510912897132,0.0,-0.0,True,False
quality_score_soft_proxy_0_1,7,4,10,0.0002456956099709622,0.0015625,2.3855781852659437,2.386554816258052,2.3865745448692812,2.387551175861389,-4.440892098500626e-16,4.440892098500626e-16,True,False
quality_score_soft_proxy_0_1,7,4,11,0.0002474716509131292,0.0015625,2.3855781852659437,2.3865618759553238,2.386628915386981,2.387612606076361,0.0,-0.0,True,False
quality_score_soft_proxy_0_1,7,4,12,0.0002454016830953054,0.0015624999999999999,2.3855781852659437,2.386553647909557,2.3860609477234482,2.3870364103670614,0.0,-0.0,True,False
quality_score_soft_proxy_0_1,7,4,13,0.00024267317178373987,0.0015625,2.3855781852659437,2.3865428021776793,2.3862962425953462,2.3872608595070814,-4.440892098500626e-16,4.440892098500626e-16,True,False
quality_score_soft_proxy_0_1,7,4,14,0.00023973037024847553,0.0015625,2.3855781852659437,2.3865311046500626,2.386121010002889,2.387073929387008,0.0,-0.0,True,False
quality_score_soft_proxy_0_1,7,4,15,0.0002479101501176323,0.0015625,2.3855781852659437,2.3865636189734967,2.386585375562338,2.387570809269891,0.0,-0.0,True,False
quality_score_soft_proxy_0_1,7,4,16,0.00024711546692434897,0.0015625,2.3855781852659437,2.386560460137099,2.3866239671815728,2.387606242052728,0.0,-0.0,True,False
quality_score_soft_proxy_0_1,7,5,6,0.0002470272247801649,0.0015625,2.3855781852659437,2.386321704170667,2.3866236336298257,2.3873671525345483,-4.440892098500626e-16,4.440892098500626e-16,True,False
quality_score_soft_proxy_0_1,7,5,8,0.00024162863603539864,0.0015625,2.3855781852659437,2.386305455140649,2.386525899702337,2.387253169577042,0.0,-0.0,True,False
quality_score_soft_proxy_0_1,7,5,9,0.0001840264326502894,0.0016000609922314753,2.3855781852659437,2.386132080213215,2.385520896082281,2.3860747910295523,0.0,-0.0,True,False
quality_score_soft_proxy_0_1,7,5,10,0.00024032824791492876,0.0015625,2.3855781852659437,2.3863015411463437,2.3865527788201044,2.387276134700505,4.440892098500626e-16,-4.440892098500626e-16,True,False
quality_score_soft_proxy_0_1,7,5,11,0.00024202727086328215,0.0015625,2.3855781852659437,2.3863066549781604,2.3866057993084824,2.3873342690206987,-4.440892098500626e-16,4.440892098500626e-16,True,False
quality_score_soft_proxy_0_1,7,5,12,0.00024004701542271564,0.0015625,2.3855781852659437,2.3863006946741594,2.3860504138408274,2.386772923249043,0.0,-0.0,True,False
quality_score_soft_proxy_0_1,7,5,13,0.00023743564379396983,0.0015625,2.3855781852659437,2.3862928347948484,2.386280745021661,2.3869953945505658,0.0,-0.0,True,False
quality_score_soft_proxy_0_1,7,5,14,0.00023461776082229796,0.0015625,2.3855781852659437,2.3862843533440183,2.38610943345185,2.386815601529924,-4.440892098500626e-16,4.440892098500626e-16,True,False
quality_score_soft_proxy_0_1,7,5,15,0.00024244667197429777,0.0015625,2.3855781852659437,2.386307917319406,2.386563178963417,2.38729291101688,4.440892098500626e-16,-4.440892098500626e-16,True,False
quality_score_soft_proxy_0_1,7,5,16,0.00024168657579953695,0.0015625,2.3855781852659437,2.386305629531589,2.386600992350289,2.387328436615934,-4.440892098500626e-16,4.440892098500626e-16,True,False
quality_score_soft_proxy_0_1,7,6,8,0.00025180880312039984,0.0015625,2.3855781852659437,2.386643869833576,2.386565828294699,2.3876315128623316,0.0,-0.0,True,False
quality_score_soft_proxy_0_1,7,6,9,0.00018346959331784712,0.0016131204360341927,2.3855781852659437,2.3863546502338306,2.385521069431676,2.3862975343995636,4.440892098500626e-16,-4.440892098500626e-16,True,False
quality_score_soft_proxy_0_1,7,6,10,0.0002503968523822641,0.0015625,2.3855781852659437,2.3866378942914452,2.3865936096300424,2.387653318655544,0.0,-0.0,True,False
quality_score_soft_proxy_0_1,7,6,11,0.0002522417657774252,0.0015625,2.3855781852659437,2.386645702182629,2.3866491686295253,2.38771668554621,-4.440892098500626e-16,4.440892098500626e-16,True,False
quality_score_soft_proxy_0_1,7,6,12,0.00025009157664111504,0.0015625,2.3855781852659437,2.386636602328487,2.386070173840014,2.3871285909025572,0.0,-0.0,True,False
quality_score_soft_proxy_0_1,7,6,13,0.00024725838115603765,0.0015624999999999999,2.3855781852659437,2.386624611910884,2.386309809992073,2.3873562366370136,0.0,-0.0,True,False
quality_score_soft_proxy_0_1,7,6,14,0.00024420402282155143,0.0015625,2.3855781852659437,2.386611685506006,2.386131139755238,2.3871646399953,0.0,-0.0,True,False
quality_score_soft_proxy_0_1,7,6,15,0.00025269734795694583,0.0015624999999999999,2.3855781852659437,2.3866476302601707,2.386604824621638,2.387674269615865,0.0,-0.0,True,False
quality_score_soft_proxy_0_1,7,6,16,0.0002518717285404501,0.0015625,2.3855781852659437,2.3866441361413786,2.38664409547401,2.3877100463494454,4.440892098500626e-16,-4.440892098500626e-16,True,False
quality_score_soft_proxy_0_1,7,8,9,0.0001831431698062047,0.0016072548626469526,2.3855781852659437,2.386296508345526,2.3855211710504283,2.3862394941300105,0.0,-0.0,True,False
quality_score_soft_proxy_0_1,7,8,10,0.00024485163099290325,0.0015625,2.3855781852659437,2.3865385409144864,2.386571122315008,2.387531477963551,4.440892098500626e-16,-4.440892098500626e-16,True,False
quality_score_soft_proxy_0_1,7,8,11,0.00024661544748307793,0.0015625,2.3855781852659437,2.386545458945306,2.3866252800666103,2.387592553745973,0.0,-0.0,True,False
quality_score_soft_proxy_0_1,7,8,12,0.00024455971876190653,0.0015625,2.3855781852659437,2.3865373959780256,2.3860592913828493,2.3870185020949313,0.0,-0.0,True,False
quality_score_soft_proxy_0_1,7,8,13,0.00024184979480322864,0.0015625,2.3855781852659437,2.3865267671299746,2.386293806265564,2.3872423881295948,0.0,-0.0,True,False
quality_score_soft_proxy_0_1,7,8,14,0.00023892680865788556,0.0015625,2.3855781852659437,2.3865153026106496,2.3861191904874532,2.387056307832159,0.0,-0.0,True,False
quality_score_soft_proxy_0_1,7,8,15,0.00024705091502421364,0.0015625,2.3855781852659437,2.386547166933573,2.386581884728066,2.387550866395695,-4.440892098500626e-16,4.440892098500626e-16,True,False
quality_score_soft_proxy_0_1,7,8,16,0.0002462617221228958,0.0015625,2.3855781852659437,2.3865440715657473,2.386620354170679,2.387586240470483,0.0,-0.0,True,False
quality_score_soft_proxy_0_1,7,9,10,0.00018434092517405042,0.0016033803669166337,2.3855781852659437,2.385520798177759,2.3863257356642067,2.3862683485760217,-4.440892098500626e-16,4.440892098500626e-16,True,False
quality_score_soft_proxy_0_1,7,9,11,0.00018355014667135636,0.0016069750167147091,2.3855781852659437,2.385521044354649,2.3863575135935187,2.386300372682224,0.0,-0.0,True,False
quality_score_soft_proxy_0_1,7,9,12,0.0001750197004819762,0.0016207319716598223,2.3855781852659437,2.3855236999639082,2.3859224899163873,2.3858680046143514,-4.440892098500626e-16,4.440892098500626e-16,True,False
quality_score_soft_proxy_0_1,7,9,13,0.00018130257308273293,0.0016055548786355189,2.3855781852659437,2.3855217440457435,2.38611465017669,2.38605820895649,4.440892098500626e-16,-4.440892098500626e-16,True,False
quality_score_soft_proxy_0_1,7,9,14,0.0001754191670026592,0.0016133675959242762,2.3855781852659437,2.38552357560617,2.385975389270946,2.3859207796111725,4.440892098500626e-16,-4.440892098500626e-16,True,False
quality_score_soft_proxy_0_1,7,9,15,0.0001838882822099877,0.0016068507488336478,2.3855781852659437,2.385520939089831,2.3863252724399646,2.3862680262638514,-4.440892098500626e-16,4.440892098500626e-16,True,False
quality_score_soft_proxy_0_1,7,9,16,0.0001836777812885785,0.0016063164220731408,2.3855781852659437,2.385521004620775,2.386355501653158,2.3862983210079896,0.0,-0.0,True,False
quality_score_soft_proxy_0_1,7,10,11,0.00024526098023848816,0.0015624999999999999,2.3855781852659437,2.38657278233267,2.386619529187564,2.38761412625429,-4.440892098500626e-16,4.440892098500626e-16,True,False
quality_score_soft_proxy_0_1,7,10,12,0.00024322767746344696,0.0015625,2.3855781852659437,2.3865645367610595,2.3860566709463367,2.387043022441452,-4.440892098500626e-16,4.440892098500626e-16,True,False
quality_score_soft_proxy_0_1,7,10,13,0.00024054703156229916,0.0015625,2.3855781852659437,2.3865536660446995,2.3862899514566998,2.387265432235456,4.440892098500626e-16,-4.440892098500626e-16,True,False
quality_score_soft_proxy_0_1,7,10,14,0.0002376552626206632,0.0015625,2.3855781852659437,2.3865419391694984,2.3861163113084722,2.387080065212027,0.0,-0.0,True,False
quality_score_soft_proxy_0_1,7,10,15,0.00024569167336797924,0.0015625,2.3855781852659437,2.386574528905332,2.386576362505575,2.387572706144964,4.440892098500626e-16,-4.440892098500626e-16,True,False
quality_score_soft_proxy_0_1,7,10,16,0.00024491112693006867,0.0015625,2.3855781852659437,2.386571363586508,2.3866146385105242,2.3876078168310886,0.0,-0.0,True,False
quality_score_soft_proxy_0_1,7,11,12,0.00024496809172263673,0.0015625,2.3855781852659437,2.3866182856237677,2.386060094747894,2.387100195105718,0.0,-0.0,True,False
quality_score_soft_proxy_0_1,7,11,13,0.00024224916029608862,0.0015625,2.3855781852659437,2.3866067414200725,2.3862949879673443,2.3873235441214735,4.440892098500626e-16,-4.440892098500626e-16,True,False
quality_score_soft_proxy_0_1,7,11,14,0.00023931657127942028,0.0015625,2.3855781852659437,2.3865942900560433,2.3861200730322567,2.3871361778223563,0.0,-0.0,True,False
quality_score_soft_proxy_0_1,7,11,15,0.00024746765719247163,0.0015625,2.3855781852659437,2.3866288984302,2.386583577836104,2.387634291000361,4.440892098500626e-16,-4.440892098500626e-16,True,False
quality_score_soft_proxy_0_1,7,11,16,0.00024667580378471676,0.0015625,2.3855781852659437,2.386625536331051,2.386622106546275,2.3876694576113824,0.0,-0.0,True,False
quality_score_soft_proxy_0_1,7,12,13,0.00024026528709522417,0.0015625,2.3855781852659437,2.386050843232214,2.386289117789434,2.3867617757557045,4.440892098500626e-16,-4.440892098500626e-16,True,False
quality_score_soft_proxy_0_1,7,12,14,0.000237380247622655,0.0015625,2.3855781852659437,2.386045167685379,2.3861156885882733,2.3865826710077083,-4.440892098500626e-16,4.440892098500626e-16,True,False
quality_score_soft_proxy_0_1,7,12,15,0.0002453977559053686,0.0015625,2.3855781852659437,2.386060939997748,2.386575168400307,2.3870579231321116,0.0,-0.0,True,False
quality_score_soft_proxy_0_1,7,12,16,0.00024461907290427253,0.0015625,2.3855781852659437,2.386059408146318,2.3866134025505805,2.387094625430955,0.0,-0.0,True,False
quality_score_soft_proxy_0_1,7,13,14,0.00023482626636037266,0.0015625,2.3855781852659437,2.386273024009167,2.3861099055737744,2.3868047443169975,-4.440892098500626e-16,4.440892098500626e-16,True,False
quality_score_soft_proxy_0_1,7,13,15,0.00024266933143696104,0.0015625,2.3855781852659437,2.3862962312319587,2.3865640835671624,2.3872821295331774,0.0,-0.0,True,False
quality_score_soft_proxy_0_1,7,13,16,0.00024190784069129628,0.0015625,2.3855781852659437,2.3862939780203365,2.3866019287336937,2.3873177214880865,0.0,-0.0,True,False
quality_score_soft_proxy_0_1,7,14,15,0.00023972662247696882,0.0015625,2.3855781852659437,2.386121001516759,2.386552128155461,2.387094944406276,0.0,-0.0,True,False
quality_score_soft_proxy_0_1,7,14,16,0.00023898345978022855,0.0015625,2.3855781852659437,2.38611931876336,2.386589552880781,2.387130686378197,-4.440892098500626e-16,4.440892098500626e-16,True,False
quality_score_soft_proxy_0_1,7,15,16,0.0002471114846915868,0.0015625,2.3855781852659437,2.3865821308058535,2.3866239503289366,2.387627895868847,4.440892098500626e-16,-4.440892098500626e-16,True,False
quality_score_soft_proxy_0_1,8,0,1,0.001,0.0018537329812295085,2.3855781852659437,2.3861384557557828,2.386113853516465,2.386674124006304,0.0,-0.0,True,False
quality_score_soft_proxy_0_1,8,0,2,0.0005156482544246566,0.0018487871274303156,2.3855781852659437,2.385867087766035,2.384646413227149,2.3849353157272404,0.0,-0.0,True,False
quality_score_soft_proxy_0_1,8,0,3,0.001,0.001852424762782638,2.3855781852659437,2.3861384557557828,2.385997777653522,2.386558048143361,-4.440892098500626e-16,4.440892098500626e-16,True,False
quality_score_soft_proxy_0_1,8,0,4,0.001,0.0018551253548593145,2.3855781852659437,2.3861384557557828,2.385630954194573,2.386191224684412,0.0,-0.0,True,False
quality_score_soft_proxy_0_1,8,0,5,0.001,0.0018433514144509514,2.3855781852659437,2.3861384557557828,2.384665857301409,2.385226127791248,0.0,-0.0,True,False
quality_score_soft_proxy_0_1,8,0,6,0.001,0.0018530140811947547,2.3855781852659437,2.3861384557557828,2.385888109056971,2.3864483795468097,-4.440892098500626e-16,4.440892098500626e-16,True,False
quality_score_soft_proxy_0_1,8,0,7,0.0004899227046377641,0.0018446109381328097,2.3855781852659437,2.3858526744996547,2.3836566132721595,2.38393110250587,-4.440892098500626e-16,4.440892098500626e-16,True,False
quality_score_soft_proxy_0_1,8,0,9,0.00020625465927938603,0.001882222368647877,2.3855781852659437,2.38569374366493,2.3847050053936285,2.3848205637926143,-4.440892098500626e-16,4.440892098500626e-16,True,False
quality_score_soft_proxy_0_1,8,0,10,0.001,0.0018527603682941258,2.3855781852659437,2.3861384557557828,2.3857112511572725,2.3862715216471115,0.0,-0.0,True,False
quality_score_soft_proxy_0_1,8,0,11,0.001,0.0018546319965618708,2.3855781852659437,2.3861384557557828,2.3859018516141766,2.386462122104015,-4.440892098500626e-16,4.440892098500626e-16,True,False
quality_score_soft_proxy_0_1,8,0,12,0.001,0.0018376350603066989,2.3855781852659437,2.3861384557557828,2.3836232247450684,2.3841834952349075,0.0,-0.0,True,False
quality_score_soft_proxy_0_1,8,0,13,0.001,0.0018214693832764224,2.3855781852659437,2.3861384557557828,2.3846149391957945,2.3851752096856327,-8.881784197001252e-16,8.881784197001252e-16,True,False
quality_score_soft_proxy_0_1,8,0,14,0.001,0.0018221329517077555,2.3855781852659437,2.3861384557557828,2.3839203046563084,2.3844805751461475,0.0,-0.0,True,False
quality_score_soft_proxy_0_1,8,0,15,0.001,0.001848598281061247,2.3855781852659437,2.3861384557557828,2.3857187141706424,2.3862789846604815,0.0,-0.0,True,False
quality_score_soft_proxy_0_1,8,0,16,0.001,0.0018529496145487478,2.3855781852659437,2.3861384557557828,2.385887947596339,2.386448218086178,0.0,-0.0,True,False
quality_score_soft_proxy_0_1,8,1,2,0.0005134844097479037,0.0018492249664963966,2.3855781852659437,2.3858532425613834,2.384650323276197,2.384925380571637,0.0,-0.0,True,False
quality_score_soft_proxy_0_1,8,1,3,0.001,0.0018541954846066475,2.3855781852659437,2.386113853516465,2.385997777653522,2.3865334459040435,0.0,-0.0,True,False
quality_score_soft_proxy_0_1,8,1,4,0.001,0.001856896076683324,2.3855781852659437,2.386113853516465,2.385630954194573,2.386166622445095,4.440892098500626e-16,-4.440892098500626e-16,True,False
quality_score_soft_proxy_0_1,8,1,5,0.001,0.0018451221362749608,2.3855781852659437,2.386113853516465,2.384665857301409,2.3852015255519303,0.0,-0.0,True,False
quality_score_soft_proxy_0_1,8,1,6,0.001,0.0018547848030187643,2.3855781852659437,2.386113853516465,2.385888109056971,2.3864237773074923,0.0,-0.0,True,False
quality_score_soft_proxy_0_1,8,1,7,0.0004918515230314607,0.0018462715541371169,2.3855781852659437,2.385841654510802,2.38364904807183,2.383912517316689,4.440892098500626e-16,-4.440892098500626e-16,True,False
quality_score_soft_proxy_0_1,8,1,9,0.00020663818100904335,0.001882090528233176,2.3855781852659437,2.3856888747788556,2.38470338175295,2.384814071265862,0.0,-0.0,True,False
quality_score_soft_proxy_0_1,8,1,10,0.001,0.0018545310901181352,2.3855781852659437,2.386113853516465,2.3857112511572725,2.3862469194077938,0.0,-0.0,True,False
quality_score_soft_proxy_0_1,8,1,11,0.001,0.0018564027183858803,2.3855781852659437,2.386113853516465,2.3859018516141766,2.386437519864698,0.0,-0.0,True,False
quality_score_soft_proxy_0_1,8,1,12,0.001,0.0018394057821307082,2.3855781852659437,2.386113853516465,2.3836232247450684,2.38415889299559,4.440892098500626e-16,-4.440892098500626e-16,True,False
quality_score_soft_proxy_0_1,8,1,13,0.001,0.0018232401051004319,2.3855781852659437,2.386113853516465,2.3846149391957945,2.385150607446316,0.0,-0.0,True,False
quality_score_soft_proxy_0_1,8,1,14,0.001,0.001823903673531765,2.3855781852659437,2.386113853516465,2.3839203046563084,2.3844559729068298,0.0,-0.0,True,False
quality_score_soft_proxy_0_1,8,1,15,0.001,0.0018503690028852566,2.3855781852659437,2.386113853516465,2.3857187141706424,2.3862543824211637,0.0,-0.0,True,False
quality_score_soft_proxy_0_1,8,1,16,0.001,0.0018547203363727571,2.3855781852659437,2.386113853516465,2.385887947596339,2.386423615846861,4.440892098500626e-16,-4.440892098500626e-16,True,False
quality_score_soft_proxy_0_1,8,2,3,0.0005184546502167023,0.0018482192725718573,2.3855781852659437,2.3846413420936656,2.385795724890479,2.384858881718201,0.0,-0.0,True,False
quality_score_soft_proxy_0_1,8,2,4,0.0005160070696856833,0.0018487145236337162,2.3855781852659437,2.384645764851004,2.3856054144061765,2.384672993991237,0.0,-0.0,True,False
quality_score_soft_proxy_0_1,8,2,5,0.0005057201027559923,0.0018436714742288772,2.3855781852659437,2.384664353313327,2.3851168026739717,2.3842029707213555,4.440892098500626e-16,-4.440892098500626e-16,True,False
quality_score_soft_proxy_0_1,8,2,6,0.0005172382629629424,0.0018481118042101674,2.3855781852659437,2.3846435400951553,2.3857384897092655,2.384803844538477,0.0,-0.0,True,False
quality_score_soft_proxy_0_1,8,2,7,0.0003227874219094752,0.0018480235920740496,2.3855781852659437,2.3849949111219337,2.3843121503097855,2.3837288761657756,0.0,-0.0,True,False
quality_score_soft_proxy_0_1,8,2,9,0.00019692524815540348,0.0018624567273083281,2.3855781852659437,2.3852223430064394,2.3847445014905526,2.3843886592310484,0.0,-0.0,True,False
quality_score_soft_proxy_0_1,8,2,10,0.0005080683193920412,0.0018454920297454802,2.3855781852659437,2.384660110105707,2.3856457918297194,2.3847277166694827,0.0,-0.0,True,False
quality_score_soft_proxy_0_1,8,2,11,0.0005184620576680059,0.0018482177737251075,2.3855781852659437,2.384641328708464,2.385745993986846,2.3848091374293667,4.440892098500626e-16,-4.440892098500626e-16,True,False
quality_score_soft_proxy_0_1,8,2,12,0.0004596637790499202,0.00184924766758759,2.3855781852659437,2.3847475767011126,2.384679560725025,2.3838489521601938,0.0,-0.0,True,False
quality_score_soft_proxy_0_1,8,2,13,0.00047283663520139324,0.0018342486305539096,2.3855781852659437,2.3847237734613507,2.385122727235263,2.38426831543067,0.0,-0.0,True,False
quality_score_soft_proxy_0_1,8,2,14,0.00045882315087658783,0.0018602852957298921,2.3855781852659437,2.384749095709119,2.3848175112608536,2.383988421704029,0.0,-0.0,True,False
quality_score_soft_proxy_0_1,8,2,15,0.00047952746196899425,0.0018543666855151044,2.3855781852659437,2.3847116831939155,2.385645572734947,2.3847790706629186,0.0,-0.0,True,False
quality_score_soft_proxy_0_1,8,2,16,0.0005121654783729103,0.0018494918431755116,2.3855781852659437,2.3846527065740473,2.3857368348380725,2.384811356146176,0.0,-0.0,True,False
quality_score_soft_proxy_0_1,8,3,4,0.001,0.0018555878582364534,2.3855781852659437,2.385997777653522,2.385630954194573,2.3860505465821515,0.0,-0.0,True,False
quality_score_soft_proxy_0_1,8,3,5,0.001,0.0018438139178280901,2.3855781852659437,2.385997777653522,2.384665857301409,2.3850854496889866,-8.881784197001252e-16,8.881784197001252e-16,True,False
quality_score_soft_proxy_0_1,8,3,6,0.001,0.0018534765845718937,2.3855781852659437,2.385997777653522,2.385888109056971,2.386307701444549,-4.440892098500626e-16,4.440892098500626e-16,True,False
quality_score_soft_proxy_0_1,8,3,7,0.0004892499671547892,0.001846042887729381,2.3855781852659437,2.3857834708277847,2.383659251879218,2.383864537441059,0.0,-0.0,True,False
quality_score_soft_proxy_0_1,8,3,9,0.00020475115088466772,0.0018827392185547737,2.3855781852659437,2.385664097290203,2.3847113705020466,2.3847972825263057,0.0,-0.0,True,False
quality_score_soft_proxy_0_1,8,3,10,0.001,0.0018532228716712645,2.3855781852659437,2.385997777653522,2.3857112511572725,2.386130843544851,0.0,-0.0,True,False
quality_score_soft_proxy_0_1,8,3,11,0.001,0.0018550944999390097,2.3855781852659437,2.385997777653522,2.3859018516141766,2.3863214440017546,-4.440892098500626e-16,4.440892098500626e-16,True,False
quality_score_soft_proxy_0_1,8,3,12,0.001,0.0018380975636838376,2.3855781852659437,2.385997777653522,2.3836232247450684,2.3840428171326464,-4.440892098500626e-16,4.440892098500626e-16,True,False
quality_score_soft_proxy_0_1,8,3,13,0.001,0.001821931886653561,2.3855781852659437,2.385997777653522,2.3846149391957945,2.385034531583372,-8.881784197001252e-16,8.881784197001252e-16,True,False
quality_score_soft_proxy_0_1,8,3,14,0.001,0.0018225954550848945,2.3855781852659437,2.385997777653522,2.3839203046563084,2.384339897043886,-8.881784197001252e-16,8.881784197001252e-16,True,False
quality_score_soft_proxy_0_1,8,3,15,0.001,0.001849060784438386,2.3855781852659437,2.385997777653522,2.3857187141706424,2.38613830655822,-8.881784197001252e-16,8.881784197001252e-16,True,False
quality_score_soft_proxy_0_1,8,3,16,0.001,0.0018534121179258865,2.3855781852659437,2.385997777653522,2.385887947596339,2.386307539983917,-4.440892098500626e-16,4.440892098500626e-16,True,False
quality_score_soft_proxy_0_1,8,4,5,0.001,0.0018465145099047667,2.3855781852659437,2.385630954194573,2.384665857301409,2.3847186262300384,0.0,-0.0,True,False
quality_score_soft_proxy_0_1,8,4,6,0.001,0.0018561771766485702,2.3855781852659437,2.385630954194573,2.385888109056971,2.3859408779856004,0.0,-0.0,True,False
quality_score_soft_proxy_0_1,8,4,7,0.0004890249543675946,0.0018436045061003782,2.3855781852659437,2.3856039905888586,2.3836601344230686,2.3836859397459835,0.0,-0.0,True,False
quality_score_soft_proxy_0_1,8,4,9,0.00020603495184768006,0.0018820338332172137,2.3855781852659437,2.3855890575096126,2.3847059355258633,2.384716807769532,0.0,-0.0,True,False
quality_score_soft_proxy_0_1,8,4,10,0.001,0.001855923463747941,2.3855781852659437,2.385630954194573,2.3857112511572725,2.3857640200859023,4.440892098500626e-16,-4.440892098500626e-16,True,False
quality_score_soft_proxy_0_1,8,4,11,0.001,0.0018577950920156863,2.3855781852659437,2.385630954194573,2.3859018516141766,2.385954620542806,0.0,-0.0,True,False
quality_score_soft_proxy_0_1,8,4,12,0.001,0.0018407981557605141,2.3855781852659437,2.385630954194573,2.3836232247450684,2.383675993673698,4.440892098500626e-16,-4.440892098500626e-16,True,False
quality_score_soft_proxy_0_1,8,4,13,0.001,0.0018246324787302378,2.3855781852659437,2.385630954194573,2.3846149391957945,2.384667708124424,0.0,-0.0,True,False
quality_score_soft_proxy_0_1,8,4,14,0.001,0.0018252960471615708,2.3855781852659437,2.385630954194573,2.3839203046563084,2.383973073584938,0.0,-0.0,True,False
quality_score_soft_proxy_0_1,8,4,15,0.001,0.0018517613765150626,2.3855781852659437,2.385630954194573,2.3857187141706424,2.385771483099272,0.0,-0.0,True,False
quality_score_soft_proxy_0_1,8,4,16,0.001,0.001856112710002563,2.3855781852659437,2.385630954194573,2.385887947596339,2.385940716524969,4.440892098500626e-16,-4.440892098500626e-16,True,False
quality_score_soft_proxy_0_1,8,5,6,0.001,0.001844403236240207,2.3855781852659437,2.384665857301409,2.385888109056971,2.384975781092436,-4.440892098500626e-16,4.440892098500626e-16,True,False
quality_score_soft_proxy_0_1,8,5,7,0.0004744449616161041,0.0018519118058251299,2.3855781852659437,2.385145335859829,2.3837173199861694,2.3832844705800547,0.0,-0.0,True,False
quality_score_soft_proxy_0_1,8,5,9,0.00020542657257230314,0.001876904924926923,2.3855781852659437,2.3853907688591276,2.384708511101803,2.384521094694987,0.0,-0.0,True,False
quality_score_soft_proxy_0_1,8,5,10,0.001,0.001844149523339578,2.3855781852659437,2.384665857301409,2.3857112511572725,2.384798923192738,0.0,-0.0,True,False
quality_score_soft_proxy_0_1,8,5,11,0.001,0.001846021151607323,2.3855781852659437,2.384665857301409,2.3859018516141766,2.3849895236496415,-4.440892098500626e-16,4.440892098500626e-16,True,False
quality_score_soft_proxy_0_1,8,5,12,0.001,0.001829024215352151,2.3855781852659437,2.384665857301409,2.3836232247450684,2.3827108967805337,0.0,-0.0,True,False
quality_score_soft_proxy_0_1,8,5,13,0.0009917681355820016,0.0018140131928168013,2.3855781852659437,2.3846733674615175,2.3846228685068445,2.3837180507024187,4.440892098500626e-16,-4.440892098500626e-16,True,False
quality_score_soft_proxy_0_1,8,5,14,0.0009106481964559319,0.0018259958770447786,2.3855781852659437,2.3847473754504636,2.38406843927884,2.3832376294633604,4.440892098500626e-16,-4.440892098500626e-16,True,False
quality_score_soft_proxy_0_1,8,5,15,0.001,0.0018399874361066993,2.3855781852659437,2.384665857301409,2.3857187141706424,2.384806386206107,-8.881784197001252e-16,8.881784197001252e-16,True,False
quality_score_soft_proxy_0_1,8,5,16,0.001,0.0018443387695942,2.3855781852659437,2.384665857301409,2.385887947596339,2.3849756196318044,0.0,-0.0,True,False
quality_score_soft_proxy_0_1,8,6,7,0.00047140864426550464,0.0018488997579536926,2.3855781852659437,2.3857242860200976,2.3837292290124914,2.383875329766645,-4.440892098500626e-16,4.440892098500626e-16,True,False
quality_score_soft_proxy_0_1,8,6,9,0.0002062886739429869,0.0018822106756797652,2.3855781852659437,2.385642119033818,2.3847048613924224,2.384768795160297,0.0,-0.0,True,False
quality_score_soft_proxy_0_1,8,6,10,0.001,0.0018538121900833814,2.3855781852659437,2.385888109056971,2.3857112511572725,2.3860211749483,0.0,-0.0,True,False
quality_score_soft_proxy_0_1,8,6,11,0.001,0.0018556838183511266,2.3855781852659437,2.385888109056971,2.3859018516141766,2.3862117754052035,-4.440892098500626e-16,4.440892098500626e-16,True,False
quality_score_soft_proxy_0_1,8,6,12,0.001,0.0018386868820959544,2.3855781852659437,2.385888109056971,2.3836232247450684,2.3839331485360957,0.0,-0.0,True,False
quality_score_soft_proxy_0_1,8,6,13,0.001,0.001822521205065678,2.3855781852659437,2.385888109056971,2.3846149391957945,2.3849248629868214,-4.440892098500626e-16,4.440892098500626e-16,True,False
quality_score_soft_proxy_0_1,8,6,14,0.001,0.0018231847734970113,2.3855781852659437,2.385888109056971,2.3839203046563084,2.3842302284473353,-4.440892098500626e-16,4.440892098500626e-16,True,False
quality_score_soft_proxy_0_1,8,6,15,0.001,0.0018496501028505028,2.3855781852659437,2.385888109056971,2.3857187141706424,2.3860286379616693,-4.440892098500626e-16,4.440892098500626e-16,True,False
quality_score_soft_proxy_0_1,8,6,16,0.001,0.0018540014363380034,2.3855781852659437,2.385888109056971,2.385887947596339,2.3861978713873664,0.0,-0.0,True,False
quality_score_soft_proxy_0_1,8,7,9,0.0001866963824227793,0.001877240853746362,2.3855781852659437,2.3848459257964225,2.3847878054319307,2.3840555459624095,0.0,-0.0,True,False
quality_score_soft_proxy_0_1,8,7,10,0.00048703283313126193,0.00184922643916095,2.3855781852659437,2.3836679479094403,2.3856429927239904,2.383732755367487,0.0,-0.0,True,False
quality_score_soft_proxy_0_1,8,7,11,0.0004907559267972129,0.001848432192762254,2.3855781852659437,2.383653345213033,2.385737026444644,2.383812186391733,-4.440892098500626e-16,4.440892098500626e-16,True,False
quality_score_soft_proxy_0_1,8,7,12,0.0004858792445405099,0.0018225803425377834,2.3855781852659437,2.3836724725079277,2.3846283105249544,2.382722597766938,-4.440892098500626e-16,4.440892098500626e-16,True,False
quality_score_soft_proxy_0_1,8,7,13,0.0004752983804234408,0.0018267020499549843,2.3855781852659437,2.3837139727118677,2.3851203559688523,2.3832561434147763,0.0,-0.0,True,False
quality_score_soft_proxy_0_1,8,7,14,0.0004641392392495715,0.001837598258577983,2.3855781852659437,2.38375774103073,2.384808697821021,2.3829882535858067,-4.440892098500626e-16,4.440892098500626e-16,True,False
quality_score_soft_proxy_0_1,8,7,15,0.0004890405502400545,0.001846647704458674,2.3855781852659437,2.3836600732530275,2.385646909598822,2.383728797585906,0.0,-0.0,True,False
quality_score_soft_proxy_0_1,8,7,16,0.0004921626973084259,0.0018423852312880046,2.3855781852659437,2.383647827585884,2.3857306387299957,2.383800281049936,0.0,-0.0,True,False
quality_score_soft_proxy_0_1,8,9,10,0.00020519812164724194,0.001879304589742546,2.3855781852659437,2.3847094782496496,2.3856054901369,2.384736783120606,0.0,-0.0,True,False
quality_score_soft_proxy_0_1,8,9,11,0.0002061869316992268,0.0018822456508547623,2.3855781852659437,2.3847052921185927,2.3856449210371804,2.384772027889829,-4.440892098500626e-16,4.440892098500626e-16,True,False
quality_score_soft_proxy_0_1,8,9,12,0.00019728517478014712,0.0018853057416736794,2.3855781852659437,2.3847429777398395,2.3851925005378947,2.38435729301179,-4.440892098500626e-16,4.440892098500626e-16,True,False
quality_score_soft_proxy_0_1,8,9,13,0.00020436132924495337,0.0018765945583524338,2.3855781852659437,2.384713020813418,2.385381335018658,2.3845161705661324,0.0,-0.0,True,False
quality_score_soft_proxy_0_1,8,9,14,0.00019280445870401063,0.0018724908491852326,2.3855781852659437,2.384761946868124,2.385258538492407,2.3844423000945874,0.0,-0.0,True,False
quality_score_soft_proxy_0_1,8,9,15,0.0002057619128890874,0.0018823917564124177,2.3855781852659437,2.3847070914373165,2.3856071007621904,2.3847360069335637,4.440892098500626e-16,-4.440892098500626e-16,True,False
quality_score_soft_proxy_0_1,8,9,16,0.00020602611152755495,0.0018812361368527794,2.3855781852659437,2.3847059729513918,2.385642004394373,2.3847697920798203,-8.881784197001252e-16,8.881784197001252e-16,True,False
quality_score_soft_proxy_0_1,8,10,11,0.001,0.0018554301054504974,2.3855781852659437,2.3857112511572725,2.3859018516141766,2.3860349175055053,0.0,-0.0,True,False
quality_score_soft_proxy_0_1,8,10,12,0.001,0.0018384331691953255,2.3855781852659437,2.3857112511572725,2.3836232247450684,2.3837562906363976,4.440892098500626e-16,-4.440892098500626e-16,True,False
quality_score_soft_proxy_0_1,8,10,13,0.001,0.001822267492165049,2.3855781852659437,2.3857112511572725,2.3846149391957945,2.3847480050871233,0.0,-0.0,True,False
quality_score_soft_proxy_0_1,8,10,14,0.001,0.0018229310605963822,2.3855781852659437,2.3857112511572725,2.3839203046563084,2.384053370547637,0.0,-0.0,True,False
quality_score_soft_proxy_0_1,8,10,15,0.001,0.0018493963899498737,2.3855781852659437,2.3857112511572725,2.3857187141706424,2.385851780061971,0.0,-0.0,True,False
quality_score_soft_proxy_0_1,8,10,16,0.001,0.0018537477234373744,2.3855781852659437,2.3857112511572725,2.385887947596339,2.3860210134876683,4.440892098500626e-16,-4.440892098500626e-16,True,False
quality_score_soft_proxy_0_1,8,11,12,0.001,0.0018403047974630705,2.3855781852659437,2.3859018516141766,2.3836232247450684,2.3839468910933013,0.0,-0.0,True,False
quality_score_soft_proxy_0_1,8,11,13,0.001,0.0018241391204327942,2.3855781852659437,2.3859018516141766,2.3846149391957945,2.384938605544027,-4.440892098500626e-16,4.440892098500626e-16,True,False
quality_score_soft_proxy_0_1,8,11,14,0.001,0.0018248026888641274,2.3855781852659437,2.3859018516141766,2.3839203046563084,2.384243971004541,-4.440892098500626e-16,4.440892098500626e-16,True,False
quality_score_soft_proxy_0_1,8,11,15,0.001,0.001851268018217619,2.3855781852659437,2.3859018516141766,2.3857187141706424,2.386042380518875,-4.440892098500626e-16,4.440892098500626e-16,True,False
quality_score_soft_proxy_0_1,8,11,16,0.001,0.0018556193517051194,2.3855781852659437,2.3859018516141766,2.385887947596339,2.3862116139445715,-4.440892098500626e-16,4.440892098500626e-16,True,False
quality_score_soft_proxy_0_1,8,12,13,0.0009266176641013045,0.0018178547442037373,2.3855781852659437,2.38376668431468,2.384685624442467,2.382874123491203,0.0,-0.0,True,False
quality_score_soft_proxy_0_1,8,12,14,0.001,0.0018078057526089552,2.3855781852659437,2.3836232247450684,2.3839203046563084,2.381965344135433,0.0,-0.0,True,False
quality_score_soft_proxy_0_1,8,12,15,0.001,0.001834271081962447,2.3855781852659437,2.3836232247450684,2.3857187141706424,2.3837637536497667,-4.440892098500626e-16,4.440892098500626e-16,True,False
quality_score_soft_proxy_0_1,8,12,16,0.001,0.0018386224154499475,2.3855781852659437,2.3836232247450684,2.385887947596339,2.3839329870754637,0.0,-0.0,True,False
quality_score_soft_proxy_0_1,8,13,14,0.000582658978687066,0.001859034358863315,2.3855781852659437,2.385016941294486,2.3846122062431485,2.3840509622716906,-4.440892098500626e-16,4.440892098500626e-16,True,False
quality_score_soft_proxy_0_1,8,13,15,0.001,0.0018181054049321705,2.3855781852659437,2.3846149391957945,2.3857187141706424,2.3847554681004923,-8.881784197001252e-16,8.881784197001252e-16,True,False
quality_score_soft_proxy_0_1,8,13,16,0.001,0.001822456738419671,2.3855781852659437,2.3846149391957945,2.385887947596339,2.38492470152619,0.0,-0.0,True,False
quality_score_soft_proxy_0_1,8,14,15,0.001,0.0018187689733635036,2.3855781852659437,2.3839203046563084,2.3857187141706424,2.3840608335610067,-4.440892098500626e-16,4.440892098500626e-16,True,False
quality_score_soft_proxy_0_1,8,14,16,0.001,0.0018231203068510041,2.3855781852659437,2.3839203046563084,2.385887947596339,2.384230066986704,0.0,-0.0,True,False
quality_score_soft_proxy_0_1,8,15,16,0.001,0.0018495856362044957,2.3855781852659437,2.3857187141706424,2.385887947596339,2.3860284765010378,0.0,-0.0,True,False
quality_score_soft_proxy_0_1,9,0,1,0.00010322312101212449,0.0015625,2.3855781852659437,2.3860730136038075,2.386070474083881,2.386565302421745,0.0,-0.0,True,False
quality_score_soft_proxy_0_1,9,0,2,0.00010154586873586767,0.0015625,2.3855781852659437,2.3860649732350616,2.3858245875546458,2.386311375523764,4.440892098500626e-16,-4.440892098500626e-16,True,False
quality_score_soft_proxy_0_1,9,0,3,0.00010373314453155817,0.0015625,2.3855781852659437,2.3860754585414137,2.3860608655594993,2.3865581388349693,0.0,-0.0,True,False
quality_score_soft_proxy_0_1,9,0,4,0.00010307237351147069,0.0015625,2.3855781852659437,2.3860722909543233,2.386019981563848,2.3865140872522277,0.0,-0.0,True,False
quality_score_soft_proxy_0_1,9,0,5,0.00010296070013780925,0.0015625,2.3855781852659437,2.386071755617382,2.3859201358494975,2.3864137062009356,0.0,-0.0,True,False
quality_score_soft_proxy_0_1,9,0,6,0.00010313583260445638,0.0015625,2.3855781852659437,2.386072595162888,2.386046775447666,2.38654118534461,0.0,-0.0,True,False
quality_score_soft_proxy_0_1,9,0,7,0.00010002590184838643,0.0015625,2.3855781852659437,2.38605768685696,2.3856093242832004,2.3860888258742166,0.0,-0.0,True,False
quality_score_soft_proxy_0_1,9,0,8,0.00010323927084273334,0.0015625,2.3855781852659437,2.3860730910224492,2.3860152491056037,2.3865101548621093,0.0,-0.0,True,False
quality_score_soft_proxy_0_1,9,0,10,0.00010286251698143007,0.0015625,2.3855781852659437,2.3860712849494963,2.386027341609228,2.3865204412927805,0.0,-0.0,True,False
quality_score_soft_proxy_0_1,9,0,11,0.00010311039496424429,0.0015625,2.3855781852659437,2.3860724732205836,2.3860480768740926,2.386542364828732,-4.440892098500626e-16,4.440892098500626e-16,True,False
quality_score_soft_proxy_0_1,9,0,12,0.0001024557899475188,0.0015624999999999999,2.3855781852659437,2.386069335191921,2.3858116352118173,2.386302785137795,4.440892098500626e-16,-4.440892098500626e-16,True,False
quality_score_soft_proxy_0_1,9,0,13,0.00010383348956138803,0.0015625,2.3855781852659437,2.386075939572832,2.385917747532004,2.386415501838892,0.0,-0.0,True,False
quality_score_soft_proxy_0_1,9,0,14,0.00010540819024224943,0.0015625,2.3855781852659437,2.3860834883323823,2.3858496770393027,2.3863549801057418,4.440892098500626e-16,-4.440892098500626e-16,True,False
quality_score_soft_proxy_0_1,9,0,15,0.00010300399571855084,0.0015625,2.3855781852659437,2.386071963166621,2.3860287281061825,2.38652250600686,0.0,-0.0,True,False
quality_score_soft_proxy_0_1,9,0,16,0.00010307016102788664,0.0015625,2.3855781852659437,2.3860722803481758,2.3860464604318437,2.3865405555140757,0.0,-0.0,True,False
quality_score_soft_proxy_0_1,9,1,2,0.00010163874338445271,0.0015625,2.3855781852659437,2.38606291791447,2.3858248129161135,2.38630954556464,0.0,-0.0,True,False
quality_score_soft_proxy_0_1,9,1,3,0.0001038300651790694,0.0015624999999999999,2.3855781852659437,2.3860733687050044,2.3860613165405895,2.3865564999796502,0.0,-0.0,True,False
quality_score_soft_proxy_0_1,9,1,4,0.00010316806277008594,0.0015624999999999999,2.3855781852659437,2.3860702115016554,2.3860203917141023,2.386512417949814,0.0,-0.0,True,False
quality_score_soft_proxy_0_1,9,1,5,0.00010305618206437903,0.0015624999999999999,2.3855781852659437,2.386069677923327,2.3859204529617593,2.386411945619143,4.440892098500626e-16,-4.440892098500626e-16,True,False
quality_score_soft_proxy_0_1,9,1,6,0.00010323163978109015,0.0015625,2.3855781852659437,2.3860705147113555,2.3860472107406308,2.386539540186042,-4.440892098500626e-16,4.440892098500626e-16,True,False
quality_score_soft_proxy_0_1,9,1,7,0.00010011601572451872,0.0015625,2.3855781852659437,2.3860556557643586,2.3856093523365094,2.3860868228349252,8.881784197001252e-16,-8.881784197001252e-16,True,False
quality_score_soft_proxy_0_1,9,1,8,0.00010333527038136417,0.0015625,2.3855781852659437,2.386071008943512,2.3860156555200094,2.386508479197578,4.440892098500626e-16,-4.440892098500626e-16,True,False
quality_score_soft_proxy_0_1,9,1,10,0.00010295781680772956,0.0015624999999999999,2.3855781852659437,2.3860692088024993,2.3860277577425553,2.3865187812791113,4.440892098500626e-16,-4.440892098500626e-16,True,False
quality_score_soft_proxy_0_1,9,1,11,0.00010320615486459615,0.0015625,2.3855781852659437,2.3860703931694056,2.3860485132682463,2.3865407211717082,0.0,-0.0,True,False
quality_score_soft_proxy_0_1,9,1,12,0.00010255033727040904,0.0015625,2.3855781852659437,2.386067265462502,2.3858118506419794,2.3863009308385377,0.0,-0.0,True,False
quality_score_soft_proxy_0_1,9,1,13,0.00010393059789744247,0.0015625,2.3855781852659437,2.3860738481628294,2.385918065101285,2.386413727998171,4.440892098500626e-16,-4.440892098500626e-16,True,False
quality_score_soft_proxy_0_1,9,1,14,0.00010563735177223683,0.0015625,2.3855781852659437,2.386081987965611,2.385850267273041,2.3863540699727084,0.0,-0.0,True,False
quality_score_soft_proxy_0_1,9,1,15,0.00010309955800069467,0.0015625,2.3855781852659437,2.3860698847906274,2.3860291460987244,2.386520845623408,0.0,-0.0,True,False
quality_score_soft_proxy_0_1,9,1,16,0.00010316584617663414,0.0015625,2.3855781852659437,2.38607020093034,2.3860468951549336,2.38653891081933,0.0,-0.0,True,False
quality_score_soft_proxy_0_1,9,2,3,0.00010213319280266567,0.0015625,2.3855781852659437,2.3858260127036557,2.3860534208302986,2.3863012482680106,0.0,-0.0,True,False
quality_score_soft_proxy_0_1,9,2,4,0.00010149258475652434,0.0015625,2.3855781852659437,2.3858244582604207,2.386013210158479,2.3862594831529558,0.0,-0.0,True,False
quality_score_soft_proxy_0_1,9,2,5,0.00010138430658319955,0.0015624999999999999,2.3855781852659437,2.3858241955221127,2.3859149003694045,2.3861609106255735,0.0,-0.0,True,False
quality_score_soft_proxy_0_1,9,2,6,0.00010155411290331755,0.0015625,2.3855781852659437,2.385824607559219,2.386039589018823,2.386286011312098,0.0,-0.0,True,False
quality_score_soft_proxy_0_1,9,2,7,9.853744516035703e-05,0.0015625,2.3855781852659437,2.3858172875781567,2.3856088609124373,2.38584796322465,-4.440892098500626e-16,4.440892098500626e-16,True,False
quality_score_soft_proxy_0_1,9,2,8,0.00010165440121289662,0.0015625,2.3855781852659437,2.385824850910025,2.386008539554092,2.386255205198173,-4.440892098500626e-16,4.440892098500626e-16,True,False
quality_score_soft_proxy_0_1,9,2,10,0.00010128910551387761,0.0015625,2.3855781852659437,2.385823964515557,2.386020471198489,2.3862662504481023,0.0,-0.0,True,False
quality_score_soft_proxy_0_1,9,2,11,0.00010152944942424052,0.0015625,2.3855781852659437,2.385824547712986,2.3860408722363595,2.3862872346834023,4.440892098500626e-16,-4.440892098500626e-16,True,False
quality_score_soft_proxy_0_1,9,2,12,0.00010089470226350897,0.0015625,2.3855781852659437,2.3858230074912607,2.385808078206054,2.3860529004313715,4.440892098500626e-16,-4.440892098500626e-16,True,False
quality_score_soft_proxy_0_1,9,2,13,0.00010223046486367254,0.0015625,2.3855781852659437,2.385826248735498,2.385912505228185,2.3861605686977385,-8.881784197001252e-16,8.881784197001252e-16,True,False
quality_score_soft_proxy_0_1,9,2,14,0.00010388139260441559,0.0015625,2.3855781852659437,2.385830254731792,2.385845744583985,2.3860978140498332,0.0,-0.0,True,False
quality_score_soft_proxy_0_1,9,2,15,0.0001014262862772761,0.0015625,2.3855781852659437,2.385824297386352,2.3860218271535754,2.3862679392739845,8.881784197001252e-16,-8.881784197001252e-16,True,False
quality_score_soft_proxy_0_1,9,2,16,0.00010149043957389246,0.0015625,2.3855781852659437,2.3858244530551085,2.386039283336954,2.3862855511261194,4.440892098500626e-16,-4.440892098500626e-16,True,False
quality_score_soft_proxy_0_1,9,3,4,0.00010367754100840995,0.0015624999999999999,2.3855781852659437,2.386060606830961,2.386022575476753,2.38650499704177,-4.440892098500626e-16,4.440892098500626e-16,True,False
quality_score_soft_proxy_0_1,9,3,5,0.00010356455317100721,0.0015624999999999999,2.3855781852659437,2.3860600810876917,2.385922141351566,2.3864040371733135,-4.440892098500626e-16,4.440892098500626e-16,True,False
quality_score_soft_proxy_0_1,9,3,6,0.00010374174769416095,0.0015624999999999999,2.3855781852659437,2.386060905590842,2.3860495283789684,2.3865322487038667,0.0,-0.0,True,False
quality_score_soft_proxy_0_1,9,3,7,0.00010059572571194289,0.0015625,2.3855781852659437,2.386046266848126,2.385609501674804,2.3860775832569865,0.0,-0.0,True,False
quality_score_soft_proxy_0_1,9,3,8,0.00010384640550263891,0.0015625,2.3855781852659437,2.3860613925736858,2.3860178194124595,2.3865010267202016,0.0,-0.0,True,False
quality_score_soft_proxy_0_1,9,3,10,0.00010346521552645763,0.0015625,2.3855781852659437,2.386059618860082,2.3860299733343937,2.3865114069285323,0.0,-0.0,True,False
quality_score_soft_proxy_0_1,9,3,11,0.00010371601032490701,0.0015625,2.3855781852659437,2.3860607858323886,2.386050836766301,2.386533437332746,0.0,-0.0,True,False
quality_score_soft_proxy_0_1,9,3,12,0.00010305371782143893,0.0015625,2.3855781852659437,2.386057704121703,2.385812997616323,2.3862925164720816,-4.440892098500626e-16,4.440892098500626e-16,True,False
quality_score_soft_proxy_0_1,9,3,13,0.00010444765414568461,0.0015625,2.3855781852659437,2.3860641902414206,2.385919756008449,2.386405760983926,0.0,-0.0,True,False
quality_score_soft_proxy_0_1,9,3,14,0.00010545842207410567,0.0015625,2.3855781852659437,2.386068893441759,2.385849806417571,2.386340514593386,-4.440892098500626e-16,4.440892098500626e-16,True,False
quality_score_soft_proxy_0_1,9,3,15,0.00010360835819652926,0.0015624999999999999,2.3855781852659437,2.3860602849166868,2.386031371607393,2.386513471258136,0.0,-0.0,True,False
quality_score_soft_proxy_0_1,9,3,16,0.00010367530246858661,0.0015625,2.3855781852659437,2.3860605964148203,2.3860492097504213,2.386531620899298,0.0,-0.0,True,False
quality_score_soft_proxy_0_1,9,4,5,0.00010290592141129415,0.0015625,2.3855781852659437,2.3860192681047603,2.385919953919718,2.386361036758534,-4.440892098500626e-16,4.440892098500626e-16,True,False
quality_score_soft_proxy_0_1,9,4,6,0.00010308086741588586,0.0015625,2.3855781852659437,2.3860200179710387,2.386046525717315,2.38648835842241,0.0,-0.0,True,False
quality_score_soft_proxy_0_1,9,4,7,9.99742006636561e-05,0.0015625,2.3855781852659437,2.386006701950235,2.385609308188129,2.38603782487242,0.0,-0.0,True,False
quality_score_soft_proxy_0_1,9,4,8,0.00010318419537560763,0.0015625,2.3855781852659437,2.3860204608628486,2.386015015943407,2.3864572915403124,4.440892098500626e-16,-4.440892098500626e-16,True,False
quality_score_soft_proxy_0_1,9,4,10,0.00010280784265117225,0.0015625,2.3855781852659437,2.3860188477124504,2.3860271028699573,2.386467765316464,0.0,-0.0,True,False
quality_score_soft_proxy_0_1,9,4,11,0.00010305545687856982,0.0015625,2.3855781852659437,2.386019909054547,2.3860478265118914,2.3864895503004946,0.0,-0.0,True,False
quality_score_soft_proxy_0_1,9,4,12,0.00010240154702222743,0.0015625,2.3855781852659437,2.386017106218599,2.3858115116169683,2.386250432569623,-4.440892098500626e-16,4.440892098500626e-16,True,False
quality_score_soft_proxy_0_1,9,4,13,0.0001037777784402761,0.0015625,2.3855781852659437,2.386023005121718,2.3859175653422824,2.3863623851980567,0.0,-0.0,True,False
quality_score_soft_proxy_0_1,9,4,14,0.00010536759575302327,0.0015625,2.3855781852659437,2.38602981951222,2.385849572483197,2.3863012067294735,0.0,-0.0,True,False
quality_score_soft_proxy_0_1,9,4,15,0.00010294917092506092,0.0015625,2.3855781852659437,2.386019453483969,2.3860284883007457,2.386469756518771,0.0,-0.0,True,False
quality_score_soft_proxy_0_1,9,4,16,0.00010301526579639389,0.0015625,2.3855781852659437,2.38601973678461,2.3860462110282006,2.386487762546867,0.0,-0.0,True,False
quality_score_soft_proxy_0_1,9,5,6,0.00010296917564606102,0.0015625,2.3855781852659437,2.38592016399815,2.386046018253852,2.3863879969860586,0.0,-0.0,True,False
quality_score_soft_proxy_0_1,9,5,7,9.986913637919255e-05,0.0015625,2.3855781852659437,2.385909868222821,2.385609275480615,2.385940958437492,0.0,-0.0,True,False
quality_score_soft_proxy_0_1,9,5,8,0.00010307227969610401,0.0015625,2.3855781852659437,2.385920506424824,2.3860145421479593,2.3863568633068395,0.0,-0.0,True,False
quality_score_soft_proxy_0_1,9,5,10,0.0001026967414429436,0.0015625,2.3855781852659437,2.3859192591962732,2.386026617738795,2.3863676916691245,0.0,-0.0,True,False
quality_score_soft_proxy_0_1,9,5,11,0.00010294382013857314,0.0015625,2.3855781852659437,2.385920079788053,2.3860473177642785,2.3863892122863875,-4.440892098500626e-16,4.440892098500626e-16,True,False
quality_score_soft_proxy_0_1,9,5,12,0.00010229132174990906,0.0015625,2.3855781852659437,2.3859179127262085,2.3858112604639206,2.3861509879241853,0.0,-0.0,True,False
quality_score_soft_proxy_0_1,9,5,13,0.00010366457213892851,0.0015624999999999999,2.3855781852659437,2.3859224735321396,2.385917195128507,2.3862614833947027,-4.440892098500626e-16,4.440892098500626e-16,True,False
quality_score_soft_proxy_0_1,9,5,14,0.000105362528444321,0.0015625,2.3855781852659437,2.3859281127434957,2.38584955943172,2.386199486909272,0.0,-0.0,True,False
quality_score_soft_proxy_0_1,9,5,15,0.00010283776421432338,0.0015625,2.3855781852659437,2.385919727557686,2.3860280010041555,2.386369543295898,0.0,-0.0,True,False
quality_score_soft_proxy_0_1,9,5,16,0.00010290371606776568,0.0015624999999999999,2.3855781852659437,2.3859199465953838,2.3860457042281027,2.3863874655575437,8.881784197001252e-16,-8.881784197001252e-16,True,False
quality_score_soft_proxy_0_1,9,6,7,0.00010003390105122016,0.0015625,2.3855781852659437,2.3860326820464346,2.3856093267734284,2.3860638235539193,0.0,-0.0,True,False
quality_score_soft_proxy_0_1,9,6,8,0.00010324779227763499,0.0015625,2.3855781852659437,2.386047284128328,2.38601528518113,2.3864843840435146,4.440892098500626e-16,-4.440892098500626e-16,True,False
quality_score_soft_proxy_0_1,9,6,10,0.0001028709763322632,0.0015625,2.3855781852659437,2.386045572092386,2.386027378547572,2.3864947653740143,0.0,-0.0,True,False
quality_score_soft_proxy_0_1,9,6,11,0.00010311889513655564,0.0015625,2.3855781852659437,2.386046698493508,2.3860481156108237,2.386516628838388,0.0,-0.0,True,False
quality_score_soft_proxy_0_1,9,6,12,0.00010246418252991513,0.0015625,2.3855781852659437,2.3860437238542236,2.3858116543346792,2.386277192922959,0.0,-0.0,True,False
quality_score_soft_proxy_0_1,9,6,13,0.00010384210937706777,0.0015625,2.3855781852659437,2.3860499843650023,2.385917775721022,2.3863895748200807,0.0,-0.0,True,False
quality_score_soft_proxy_0_1,9,6,14,0.00010554593433964807,0.0015625,2.3855781852659437,2.3860577255702524,2.385850031816187,2.386329572120496,0.0,-0.0,True,False
quality_score_soft_proxy_0_1,9,6,15,0.00010301247835659718,0.0015625,2.3855781852659437,2.38604621499658,2.386028765209518,2.3864967949401543,0.0,-0.0,True,False
quality_score_soft_proxy_0_1,9,6,16,0.00010307865456764162,0.0015625,2.3855781852659437,2.3860465156633994,2.3860464990202543,2.38651482941771,0.0,-0.0,True,False
quality_score_soft_proxy_0_1,9,7,8,0.00010013120786857078,0.0015625,2.3855781852659437,2.385609357065969,2.3860020911093653,2.3860332629093906,0.0,-0.0,True,False
quality_score_soft_proxy_0_1,9,7,10,9.977675827623405e-05,0.0015624999999999999,2.3855781852659437,2.38560924672243,2.386013867428963,2.38604492888545,4.440892098500626e-16,-4.440892098500626e-16,True,False
quality_score_soft_proxy_0_1,9,7,11,0.00010000997035713679,0.0015624999999999999,2.3855781852659437,2.3856093193235752,2.386033947711799,2.3860650817694307,0.0,-0.0,True,False
quality_score_soft_proxy_0_1,9,7,12,9.93940225146678e-05,0.0015625,2.3855781852659437,2.3856091275731375,2.3858046588423822,2.385835601149576,0.0,-0.0,True,False
quality_score_soft_proxy_0_1,9,7,13,0.00010069008988320055,0.0015625,2.3855781852659437,2.3856095310512706,2.385907467805084,2.385938813590411,0.0,-0.0,True,False
quality_score_soft_proxy_0_1,9,7,14,0.00010229125156167102,0.0015625,2.3855781852659437,2.385610029508172,2.385841648979928,2.3858734932221566,0.0,-0.0,True,False
quality_score_soft_proxy_0_1,9,7,15,9.99098704393312e-05,0.0015625,2.3855781852659437,2.3856092881615165,2.386015194301191,2.386046297196764,0.0,-0.0,True,False
quality_score_soft_proxy_0_1,9,7,16,9.997211918642634e-05,0.0015624999999999999,2.3855781852659437,2.3856093075401446,2.3860323852034475,2.386063507477649,4.440892098500626e-16,-4.440892098500626e-16,True,False
quality_score_soft_proxy_0_1,9,8,10,0.00010297388372192958,0.0015624999999999999,2.3855781852659437,2.386014125588234,2.386027827899855,2.386463768222145,0.0,-0.0,True,False
quality_score_soft_proxy_0_1,9,8,11,0.0001032222993863301,0.0015625,2.3855781852659437,2.3860151772568794,2.386048586841578,2.3864855788325134,-4.440892098500626e-16,4.440892098500626e-16,True,False
quality_score_soft_proxy_0_1,9,8,12,0.00010256627724932141,0.0015625,2.3855781852659437,2.386012399984706,2.3858118869619105,2.3862461016806726,0.0,-0.0,True,False
quality_score_soft_proxy_0_1,9,8,13,0.00010394696988162865,0.0015625,2.3855781852659437,2.3860182451521346,2.385918118641892,2.386358178528083,0.0,-0.0,True,False
quality_score_soft_proxy_0_1,9,8,14,0.00010549277727298469,0.0015625,2.3855781852659437,2.3860247893335136,2.385849894903616,2.386296498971186,0.0,-0.0,True,False
quality_score_soft_proxy_0_1,9,8,15,0.00010311566918718871,0.0015625,2.3855781852659437,2.3860147258375317,2.3860292165695802,2.3864657571411687,4.440892098500626e-16,-4.440892098500626e-16,True,False
quality_score_soft_proxy_0_1,9,8,16,0.00010318197808888242,0.0015625,2.3855781852659437,2.3860150065565153,2.386046968446503,2.3864837897370754,8.881784197001252e-16,-8.881784197001252e-16,True,False
quality_score_soft_proxy_0_1,9,10,11,0.00010284566915768983,0.0015625,2.3855781852659437,2.386027268042032,2.3860468704735642,2.3864959532496526,0.0,-0.0,True,False
quality_score_soft_proxy_0_1,9,10,12,0.00010219441047910469,0.0015625,2.3855781852659437,2.386024424275661,2.3858110396474013,2.386257278657119,0.0,-0.0,True,False
quality_score_soft_proxy_0_1,9,10,13,0.00010356504262038619,0.0015625,2.3855781852659437,2.386030409236351,2.385916869641335,2.386369093611742,0.0,-0.0,True,False
quality_score_soft_proxy_0_1,9,10,14,0.00010525971338683034,0.0015625,2.3855781852659437,2.3860378091342618,2.385849294618879,2.386308918487197,0.0,-0.0,True,False
quality_score_soft_proxy_0_1,9,10,15,0.00010273981526943758,0.0015624999999999999,2.3855781852659437,2.386026805823658,2.3860275725722726,2.3864761931299867,0.0,-0.0,True,False
quality_score_soft_proxy_0_1,9,10,16,0.00010280564150938389,0.0015625,2.3855781852659437,2.386027093258518,2.386045258649289,2.3864941666418638,4.440892098500626e-16,-4.440892098500626e-16,True,False
quality_score_soft_proxy_0_1,9,11,12,0.00010243907508496235,0.0015625,2.3855781852659437,2.3860450175552157,2.3858115971262808,2.3862784294155532,4.440892098500626e-16,-4.440892098500626e-16,True,False
quality_score_soft_proxy_0_1,9,11,13,0.00010381632219230258,0.0015625,2.3855781852659437,2.3860512939045435,2.3859176913902833,2.386390800028883,0.0,-0.0,True,False
quality_score_soft_proxy_0_1,9,11,14,0.00010549239206410838,0.0015625,2.3855781852659437,2.386058932040036,2.385849893911463,2.3863306406855553,0.0,-0.0,True,False
quality_score_soft_proxy_0_1,9,11,15,0.00010298710152121642,0.0015625,2.3855781852659437,2.3860475150049014,2.3860286542104117,2.386497983949369,-4.440892098500626e-16,4.440892098500626e-16,True,False
quality_score_soft_proxy_0_1,9,11,16,0.00010305324512116096,0.0015625,2.3855781852659437,2.3860478164325367,2.3860463835783783,2.3865160147449713,0.0,-0.0,True,False
quality_score_soft_proxy_0_1,9,12,13,0.00010315275205775984,0.0015625,2.3855781852659437,2.3858132232701106,2.385915521344959,2.386150559349126,0.0,-0.0,True,False
quality_score_soft_proxy_0_1,9,12,14,0.00010436844946979786,0.0015624999999999999,2.3855781852659437,2.3858159932892105,2.385846999058915,2.3860848070821823,4.440892098500626e-16,-4.440892098500626e-16,True,False
quality_score_soft_proxy_0_1,9,12,15,0.00010233405608868385,0.0015625,2.3855781852659437,2.3858113578359585,2.3860257977683688,2.3862589703383836,0.0,-0.0,True,False
quality_score_soft_proxy_0_1,9,12,16,0.00010239936324365973,0.0015625,2.3855781852659437,2.3858115066411343,2.3860434128190273,2.386276734194218,0.0,-0.0,True,False
quality_score_soft_proxy_0_1,9,13,14,0.00010612869155062247,0.0015625,2.3855781852659437,2.3859252534339226,2.385851532779141,2.3861986009471203,4.440892098500626e-16,-4.440892098500626e-16,True,False
quality_score_soft_proxy_0_1,9,13,15,0.00010370846183391245,0.0015624999999999999,2.3855781852659437,2.3859173386591186,2.386031809463971,2.386370962857146,0.0,-0.0,True,False
quality_score_soft_proxy_0_1,9,13,16,0.00010377553556988079,0.0015625,2.3855781852659437,2.3859175580075185,2.38604966513607,2.3863890378776444,-4.440892098500626e-16,4.440892098500626e-16,True,False
quality_score_soft_proxy_0_1,9,14,15,0.0001053554330016976,0.0015624999999999999,2.3855781852659437,2.3858495411565337,2.3860390133696305,2.3863103692602206,0.0,-0.0,True,False
quality_score_soft_proxy_0_1,9,14,16,0.00010534084589011604,0.0015625,2.3855781852659437,2.3858495035856313,2.3860567767573437,2.386328095077032,4.440892098500626e-16,-4.440892098500626e-16,True,False
quality_score_soft_proxy_0_1,9,15,16,0.00010294696372743005,0.0015625,2.3855781852659437,2.3860284786463914,2.386045900713728,2.3864961940941756,0.0,-0.0,True,False
quality_score_soft_proxy_0_1,10,0,1,0.001,0.0017520407071024784,2.3855781852659437,2.386005389864454,2.385980787625136,2.3864079922236465,0.0,-0.0,True,False
quality_score_soft_proxy_0_1,10,0,2,0.0005007080033182525,0.0017781607046883667,2.3855781852659437,2.385792090027472,2.3846067829779045,2.384820687739433,0.0,-0.0,True,False
quality_score_soft_proxy_0_1,10,0,3,0.001,0.0017548861752481786,2.3855781852659437,2.386005389864454,2.3858647117621925,2.386291916360703,0.0,-0.0,True,False
quality_score_soft_proxy_0_1,10,0,4,0.001,0.001750929890525491,2.3855781852659437,2.386005389864454,2.3854978883032443,2.3859250929017546,0.0,-0.0,True,False
quality_score_soft_proxy_0_1,10,0,5,0.001,0.001731726409110698,2.3855781852659437,2.386005389864454,2.3845327914100802,2.38495999600859,-4.440892098500626e-16,4.440892098500626e-16,True,False
quality_score_soft_proxy_0_1,10,0,6,0.001,0.001752790458467411,2.3855781852659437,2.386005389864454,2.385755043165642,2.386182247764152,0.0,-0.0,True,False
quality_score_soft_proxy_0_1,10,0,7,0.0004794036035857651,0.0017876437007430738,2.3855781852659437,2.3857829886899378,2.3836340789615464,2.3838388823855405,0.0,-0.0,True,False
quality_score_soft_proxy_0_1,10,0,8,0.001,0.0017527028877575752,2.3855781852659437,2.386005389864454,2.385445119374615,2.385872323973125,0.0,-0.0,True,False
quality_score_soft_proxy_0_1,10,0,9,0.00020415235305974928,0.0018539961270416761,2.3855781852659437,2.3856654000899677,2.384686739800054,2.3847739546240776,-4.440892098500626e-16,4.440892098500626e-16,True,False
quality_score_soft_proxy_0_1,10,0,11,0.001,0.0017538132562699021,2.3855781852659437,2.386005389864454,2.3857687857228473,2.3861959903213577,0.0,-0.0,True,False
quality_score_soft_proxy_0_1,10,0,12,0.001,0.0017350514160834726,2.3855781852659437,2.386005389864454,2.3834901588537396,2.3839173634522495,-4.440892098500626e-16,4.440892098500626e-16,True,False
quality_score_soft_proxy_0_1,10,0,13,0.001,0.0016770744098106622,2.3855781852659437,2.386005389864454,2.3844818733044653,2.384909077902975,-4.440892098500626e-16,4.440892098500626e-16,True,False
quality_score_soft_proxy_0_1,10,0,14,0.001,0.0017247211119347126,2.3855781852659437,2.386005389864454,2.3837872387649797,2.384214443363489,-8.881784197001252e-16,8.881784197001252e-16,True,False
quality_score_soft_proxy_0_1,10,0,15,0.001,0.0017500798582957527,2.3855781852659437,2.386005389864454,2.385585648279313,2.386012852877823,-4.440892098500626e-16,4.440892098500626e-16,True,False
quality_score_soft_proxy_0_1,10,0,16,0.001,0.0017476548717696278,2.3855781852659437,2.386005389864454,2.3857548817050103,2.38618208630352,-4.440892098500626e-16,4.440892098500626e-16,True,False
quality_score_soft_proxy_0_1,10,1,2,0.0004933444015894783,0.0017780919327771848,2.3855781852659437,2.385776806885918,2.384621068788237,2.3848196904082117,4.440892098500626e-16,-4.440892098500626e-16,True,False
quality_score_soft_proxy_0_1,10,1,3,0.001,0.001754433204426551,2.3855781852659437,2.385980787625136,2.3858647117621925,2.3862673141213855,4.440892098500626e-16,-4.440892098500626e-16,True,False
quality_score_soft_proxy_0_1,10,1,4,0.001,0.0017504769197038631,2.3855781852659437,2.385980787625136,2.3854978883032443,2.385900490662437,0.0,-0.0,True,False
quality_score_soft_proxy_0_1,10,1,5,0.001,0.0017312734382890702,2.3855781852659437,2.385980787625136,2.3845327914100802,2.3849353937692728,0.0,-0.0,True,False
quality_score_soft_proxy_0_1,10,1,6,0.001,0.0017544949233718327,2.3855781852659437,2.385980787625136,2.385755043165642,2.386157645524835,4.440892098500626e-16,-4.440892098500626e-16,True,False
quality_score_soft_proxy_0_1,10,1,7,0.0004812503279737068,0.0017853004291246504,2.3855781852659437,2.3857719377833484,2.3836265900138245,2.3838203425312283,-8.881784197001252e-16,8.881784197001252e-16,True,False
quality_score_soft_proxy_0_1,10,1,8,0.001,0.0017522499169359473,2.3855781852659437,2.385980787625136,2.385445119374615,2.3858477217338074,0.0,-0.0,True,False
quality_score_soft_proxy_0_1,10,1,9,0.0002037779948931156,0.0018534369083915347,2.3855781852659437,2.385660226767439,2.384688374461057,2.3847704159625525,0.0,-0.0,True,False
quality_score_soft_proxy_0_1,10,1,11,0.001,0.0017593602798044784,2.3855781852659437,2.385980787625136,2.3857687857228473,2.3861713880820403,4.440892098500626e-16,-4.440892098500626e-16,True,False
quality_score_soft_proxy_0_1,10,1,12,0.001,0.0017367558809878944,2.3855781852659437,2.385980787625136,2.3834901588537396,2.3838927612129326,4.440892098500626e-16,-4.440892098500626e-16,True,False
quality_score_soft_proxy_0_1,10,1,13,0.001,0.0016780891692469194,2.3855781852659437,2.385980787625136,2.3844818733044653,2.384884475663658,0.0,-0.0,True,False
quality_score_soft_proxy_0_1,10,1,14,0.001,0.0017278055248225955,2.3855781852659437,2.385980787625136,2.3837872387649797,2.384189841124172,0.0,-0.0,True,False
quality_score_soft_proxy_0_1,10,1,15,0.001,0.0017500014042443387,2.3855781852659437,2.385980787625136,2.385585648279313,2.3859882506385057,0.0,-0.0,True,False
quality_score_soft_proxy_0_1,10,1,16,0.001,0.001747201900948,2.3855781852659437,2.385980787625136,2.3857548817050103,2.386157484064203,0.0,-0.0,True,False
quality_score_soft_proxy_0_1,10,2,3,0.0004980899594768466,0.0017769303858406933,2.3855781852659437,2.384611862133342,2.385720901236849,2.384754578104248,4.440892098500626e-16,-4.440892098500626e-16,True,False
quality_score_soft_proxy_0_1,10,2,4,0.0004956726049795063,0.00177321213545523,2.3855781852659437,2.3846165519399243,2.3855383842612703,2.3845767509352513,4.440892098500626e-16,-4.440892098500626e-16,True,False
quality_score_soft_proxy_0_1,10,2,5,0.0005050765451345165,0.001756999921447965,2.3855781852659437,2.3845983077558435,2.385050181348919,2.384070303838819,0.0,-0.0,True,False
quality_score_soft_proxy_0_1,10,2,6,0.0004968085673161528,0.00177785880512877,2.3855781852659437,2.3846143481077395,2.3856660497857116,2.384702212627507,-4.440892098500626e-16,4.440892098500626e-16,True,False
quality_score_soft_proxy_0_1,10,2,7,0.0003144773321456874,0.0017974276809268144,2.3855781852659437,2.3849680811774165,2.3843028978892082,2.3836927938006807,-4.440892098500626e-16,4.440892098500626e-16,True,False
quality_score_soft_proxy_0_1,10,2,8,0.0004980102965545141,0.0017773730576582515,2.3855781852659437,2.3846120166839877,2.3855119170819417,2.3845457484999852,-4.440892098500626e-16,4.440892098500626e-16,True,False
quality_score_soft_proxy_0_1,10,2,9,0.00019725006153955584,0.0018258338172537365,2.3855781852659437,2.3851955088161456,2.3847168791366213,2.3843342026868233,0.0,-0.0,True,False
quality_score_soft_proxy_0_1,10,2,11,0.000498083122711641,0.0017758982677474012,2.3855781852659437,2.3846118753970593,2.3856731201367087,2.384706810267824,-4.440892098500626e-16,4.440892098500626e-16,True,False
quality_score_soft_proxy_0_1,10,2,12,0.0004850310444333586,0.0017726587032075064,2.3855781852659437,2.384637197178655,2.384565427634428,2.383624439547139,-4.440892098500626e-16,4.440892098500626e-16,True,False
quality_score_soft_proxy_0_1,10,2,13,0.00045961473135560575,0.0017591455526588399,2.3855781852659437,2.384686506285986,2.385074304138287,2.3841826251583296,4.440892098500626e-16,-4.440892098500626e-16,True,False
quality_score_soft_proxy_0_1,10,2,14,0.0004588231508765878,0.0017955837201853052,2.3855781852659437,2.3846880419975856,2.3847564575493196,2.3838663142809615,0.0,-0.0,True,False
quality_score_soft_proxy_0_1,10,2,15,0.0004619174352622515,0.0017866547306674124,2.3855781852659437,2.3846820389081356,2.3855816325619386,2.384685486204131,4.440892098500626e-16,-4.440892098500626e-16,True,False
quality_score_soft_proxy_0_1,10,2,16,0.000504036192084975,0.001771353293844993,2.3855781852659437,2.3846003261005198,2.385667246666246,2.3846893875008215,-4.440892098500626e-16,4.440892098500626e-16,True,False
quality_score_soft_proxy_0_1,10,3,4,0.001,0.0017533223878495635,2.3855781852659437,2.3858647117621925,2.3854978883032443,2.385784414799493,0.0,-0.0,True,False
quality_score_soft_proxy_0_1,10,3,5,0.001,0.0017341189064347705,2.3855781852659437,2.3858647117621925,2.3845327914100802,2.384819317906329,0.0,-0.0,True,False
quality_score_soft_proxy_0_1,10,3,6,0.001,0.001755838015125744,2.3855781852659437,2.3858647117621925,2.385755043165642,2.386041569661891,4.440892098500626e-16,-4.440892098500626e-16,True,False
quality_score_soft_proxy_0_1,10,3,7,0.0004787594255901877,0.0017887809014978547,2.3855781852659437,2.3857153625267045,2.3836366912708677,2.3837738685316285,0.0,-0.0,True,False
quality_score_soft_proxy_0_1,10,3,8,0.001,0.0017550953850816477,2.3855781852659437,2.3858647117621925,2.385445119374615,2.3857316458708637,0.0,-0.0,True,False
quality_score_soft_proxy_0_1,10,3,9,0.00020181908172795353,0.0018549167276673297,2.3855781852659437,2.3856360117803073,2.3846969281918025,2.3847547547061665,4.440892098500626e-16,-4.440892098500626e-16,True,False
quality_score_soft_proxy_0_1,10,3,11,0.001,0.0017583359279323885,2.3855781852659437,2.3858647117621925,2.3857687857228473,2.3860553122190966,4.440892098500626e-16,-4.440892098500626e-16,True,False
quality_score_soft_proxy_0_1,10,3,12,0.001,0.0017380989727418057,2.3855781852659437,2.3858647117621925,2.3834901588537396,2.383776685349989,4.440892098500626e-16,-4.440892098500626e-16,True,False
quality_score_soft_proxy_0_1,10,3,13,0.001,0.0016801219664689952,2.3855781852659437,2.3858647117621925,2.3844818733044653,2.384768399800714,0.0,-0.0,True,False
quality_score_soft_proxy_0_1,10,3,14,0.001,0.0017274679588246058,2.3855781852659437,2.3858647117621925,2.3837872387649797,2.3840737652612285,0.0,-0.0,True,False
quality_score_soft_proxy_0_1,10,3,15,0.001,0.0017528468723900389,2.3855781852659437,2.3858647117621925,2.385585648279313,2.3858721747755625,4.440892098500626e-16,-4.440892098500626e-16,True,False
quality_score_soft_proxy_0_1,10,3,16,0.001,0.0017500473690937003,2.3855781852659437,2.3858647117621925,2.3857548817050103,2.386041408201259,0.0,-0.0,True,False
quality_score_soft_proxy_0_1,10,4,5,0.001,0.0017301626217120828,2.3855781852659437,2.3854978883032443,2.3845327914100802,2.3844524944473804,-4.440892098500626e-16,4.440892098500626e-16,True,False
quality_score_soft_proxy_0_1,10,4,6,0.001,0.0017508023476595419,2.3855781852659437,2.3854978883032443,2.385755043165642,2.3856747462029424,0.0,-0.0,True,False
quality_score_soft_proxy_0_1,10,4,7,0.00047854395671417105,0.0017871717401470313,2.3855781852659437,2.3855397596397014,2.3836375650532027,2.383599139426961,4.440892098500626e-16,-4.440892098500626e-16,True,False
quality_score_soft_proxy_0_1,10,4,8,0.001,0.00175113910035896,2.3855781852659437,2.3854978883032443,2.385445119374615,2.3853648224119155,0.0,-0.0,True,False
quality_score_soft_proxy_0_1,10,4,9,0.0002043680616769187,0.0018543902655899038,2.3855781852659437,2.3855617751313183,2.384685797893356,2.3846693877587306,0.0,-0.0,True,False
quality_score_soft_proxy_0_1,10,4,11,0.001,0.0017527078381085054,2.3855781852659437,2.3854978883032443,2.3857687857228473,2.385688488760148,0.0,-0.0,True,False
quality_score_soft_proxy_0_1,10,4,12,0.001,0.0017330633052756036,2.3855781852659437,2.3854978883032443,2.3834901588537396,2.38340986189104,0.0,-0.0,True,False
quality_score_soft_proxy_0_1,10,4,13,0.0009698431149653711,0.0016834710801439435,2.3855781852659437,2.385500309809517,2.3845149346582497,2.384437059201823,0.0,-0.0,True,False
quality_score_soft_proxy_0_1,10,4,14,0.001,0.0017266947082456082,2.3855781852659437,2.3854978883032443,2.3837872387649797,2.3837069418022803,0.0,-0.0,True,False
quality_score_soft_proxy_0_1,10,4,15,0.001,0.0017483744585303604,2.3855781852659437,2.3854978883032443,2.385585648279313,2.385505351316614,0.0,-0.0,True,False
quality_score_soft_proxy_0_1,10,4,16,0.001,0.0017460910843710127,2.3855781852659437,2.3854978883032443,2.3857548817050103,2.385674584742311,0.0,-0.0,True,False
quality_score_soft_proxy_0_1,10,5,6,0.001,0.0017357747452741198,2.3855781852659437,2.3845327914100802,2.385755043165642,2.3847096493097784,0.0,-0.0,True,False
quality_score_soft_proxy_0_1,10,5,7,0.0004744449616161041,0.0017883119575687564,2.3855781852659437,2.3850822034181247,2.3836541875444652,2.3831582056966463,0.0,-0.0,True,False
quality_score_soft_proxy_0_1,10,5,8,0.001,0.0017319356189441672,2.3855781852659437,2.3845327914100802,2.385445119374615,2.384399725518751,-4.440892098500626e-16,4.440892098500626e-16,True,False
quality_score_soft_proxy_0_1,10,5,9,0.0002048085119671216,0.0018478651996581036,2.3855781852659437,2.385364079705905,2.384683874636493,2.3844697690764534,-8.881784197001252e-16,8.881784197001252e-16,True,False
quality_score_soft_proxy_0_1,10,5,11,0.001,0.001739045981812698,2.3855781852659437,2.3845327914100802,2.3857687857228473,2.384723391866984,0.0,-0.0,True,False
quality_score_soft_proxy_0_1,10,5,12,0.001,0.001716648101795986,2.3855781852659437,2.3845327914100802,2.3834901588537396,2.3824447649978757,-4.440892098500626e-16,4.440892098500626e-16,True,False
quality_score_soft_proxy_0_1,10,5,13,0.0009199080097523041,0.0016814300508862282,2.3855781852659437,2.384616519084589,2.3845696791113924,2.3836080129300377,0.0,-0.0,True,False
quality_score_soft_proxy_0_1,10,5,14,0.0009060109311253642,0.0017276420528597927,2.3855781852659437,2.3846310470052,2.3839555681590094,2.3830084298982652,-4.440892098500626e-16,4.440892098500626e-16,True,False
quality_score_soft_proxy_0_1,10,5,15,0.001,0.0017296871062525583,2.3855781852659437,2.3845327914100802,2.385585648279313,2.3845402544234493,-4.440892098500626e-16,4.440892098500626e-16,True,False
quality_score_soft_proxy_0_1,10,5,16,0.001,0.0017268876029562198,2.3855781852659437,2.3845327914100802,2.3857548817050103,2.3847094878491464,-4.440892098500626e-16,4.440892098500626e-16,True,False
quality_score_soft_proxy_0_1,10,6,7,0.00046166164126896646,0.0017923139641965386,2.3855781852659437,2.3856598337741897,2.3837060272333876,2.3837876757416336,0.0,-0.0,True,False
quality_score_soft_proxy_0_1,10,6,8,0.001,0.0017549917974487128,2.3855781852659437,2.385755043165642,2.385445119374615,2.385621977274313,0.0,-0.0,True,False
quality_score_soft_proxy_0_1,10,6,9,0.00020411903920150394,0.0018533355437442612,2.3855781852659437,2.3856142853305053,2.3846868852673353,2.3847229853318974,4.440892098500626e-16,-4.440892098500626e-16,True,False
quality_score_soft_proxy_0_1,10,6,11,0.001,0.0017555579098509095,2.3855781852659437,2.385755043165642,2.3857687857228473,2.385945643622546,4.440892098500626e-16,-4.440892098500626e-16,True,False
quality_score_soft_proxy_0_1,10,6,12,0.001,0.0017346152417131854,2.3855781852659437,2.385755043165642,2.3834901588537396,2.383667016753438,4.440892098500626e-16,-4.440892098500626e-16,True,False
quality_score_soft_proxy_0_1,10,6,13,0.001,0.001676638235440375,2.3855781852659437,2.385755043165642,2.3844818733044653,2.3846587312041634,0.0,-0.0,True,False
quality_score_soft_proxy_0_1,10,6,14,0.001,0.0017262703102771202,2.3855781852659437,2.385755043165642,2.3837872387649797,2.383964096664678,0.0,-0.0,True,False
quality_score_soft_proxy_0_1,10,6,15,0.001,0.0017499263949679422,2.3855781852659437,2.385755043165642,2.385585648279313,2.3857625061790113,0.0,-0.0,True,False
quality_score_soft_proxy_0_1,10,6,16,0.001,0.0017501967142717078,2.3855781852659437,2.385755043165642,2.3857548817050103,2.3859317396047084,0.0,-0.0,True,False
quality_score_soft_proxy_0_1,10,7,8,0.00048177840638842577,0.0017865288766722635,2.3855781852659437,2.3836244485185003,2.3855140769928744,2.383560340245431,0.0,-0.0,True,False
quality_score_soft_proxy_0_1,10,7,9,0.00018698830367420378,0.001844900540238062,2.3855781852659437,2.384819899059285,2.384761687816923,2.384003401610264,-4.440892098500626e-16,4.440892098500626e-16,True,False
quality_score_soft_proxy_0_1,10,7,11,0.0004802014006030818,0.0017863831978708706,2.3855781852659437,2.383630843687136,2.3856697118723047,2.383722370293497,0.0,-0.0,True,False
quality_score_soft_proxy_0_1,10,7,12,0.0004858792445405099,0.0017669019487033771,2.3855781852659437,2.383607818553174,2.3845636565702013,2.3825932898574322,4.440892098500626e-16,-4.440892098500626e-16,True,False
quality_score_soft_proxy_0_1,10,7,13,0.0004752983804234408,0.0017583331673213787,2.3855781852659437,2.3836507267092295,2.385057109966214,2.3831296514095,0.0,-0.0,True,False
quality_score_soft_proxy_0_1,10,7,14,0.0004457596755615443,0.0017913290251107652,2.3855781852659437,2.383770513840399,2.384779853534726,2.3829721821091807,-4.440892098500626e-16,4.440892098500626e-16,True,False
quality_score_soft_proxy_0_1,10,7,15,0.00047855889122519853,0.0017882947065260976,2.3855781852659437,2.3836375044898763,2.3855817567573467,2.38364107598128,4.440892098500626e-16,-4.440892098500626e-16,True,False
quality_score_soft_proxy_0_1,10,7,16,0.00048154822886526804,0.0017949329050338477,2.3855781852659437,2.3836253819482254,2.385663273123223,2.383710469805505,4.440892098500626e-16,-4.440892098500626e-16,True,False
quality_score_soft_proxy_0_1,10,8,9,0.00020371508390179877,0.001853669689783972,2.3855781852659437,2.3855510777367273,2.3846886491662813,2.384661541637065,0.0,-0.0,True,False
quality_score_soft_proxy_0_1,10,8,11,0.001,0.0017565396858798413,2.3855781852659437,2.385445119374615,2.3857687857228473,2.3856357198315186,0.0,-0.0,True,False
quality_score_soft_proxy_0_1,10,8,12,0.001,0.0017372527550647745,2.3855781852659437,2.385445119374615,2.3834901588537396,2.383357092962411,0.0,-0.0,True,False
quality_score_soft_proxy_0_1,10,8,13,0.001,0.0016787513499020162,2.3855781852659437,2.385445119374615,2.3844818733044653,2.384348807413136,-4.440892098500626e-16,4.440892098500626e-16,True,False
quality_score_soft_proxy_0_1,10,8,14,0.001,0.00172577738486289,2.3855781852659437,2.385445119374615,2.3837872387649797,2.3836541728736504,-4.440892098500626e-16,4.440892098500626e-16,True,False
quality_score_soft_proxy_0_1,10,8,15,0.001,0.0017506635848994355,2.3855781852659437,2.385445119374615,2.385585648279313,2.385452582387984,-4.440892098500626e-16,4.440892098500626e-16,True,False
quality_score_soft_proxy_0_1,10,8,16,0.001,0.001747864081603097,2.3855781852659437,2.385445119374615,2.3857548817050103,2.3856218158136815,0.0,-0.0,True,False
quality_score_soft_proxy_0_1,10,9,11,0.00020421875039644728,0.0018538478994782489,2.3855781852659437,2.3846864498714595,2.3856171094530776,2.3847253740585934,0.0,-0.0,True,False
quality_score_soft_proxy_0_1,10,9,12,0.000194098590917507,0.001852533564574544,2.3855781852659437,2.3847306402525468,2.3851729022815364,2.3843253572681395,0.0,-0.0,True,False
quality_score_soft_proxy_0_1,10,9,13,0.0002014403344387648,0.0018404402500491043,2.3855781852659437,2.384698582018215,2.385357343817774,2.3844777405700457,0.0,-0.0,True,False
quality_score_soft_proxy_0_1,10,9,14,0.0001895062464050626,0.0018551186398847476,2.3855781852659437,2.384750693044651,2.3852387897170337,2.3844112974957405,-4.440892098500626e-16,4.440892098500626e-16,True,False
quality_score_soft_proxy_0_1,10,9,15,0.00020463741155871885,0.0018540911891421646,2.3855781852659437,2.384684621758341,2.385579712477682,2.384686148970079,-4.440892098500626e-16,4.440892098500626e-16,True,False
quality_score_soft_proxy_0_1,10,9,16,0.0002043767602769487,0.0018518729332772117,2.3855781852659437,2.3846857599103135,2.3856142979117125,2.384721872556082,-4.440892098500626e-16,4.440892098500626e-16,True,False
quality_score_soft_proxy_0_1,10,11,12,0.001,0.0017402511752116143,2.3855781852659437,2.3857687857228473,2.3834901588537396,2.3836807593106433,0.0,-0.0,True,False
quality_score_soft_proxy_0_1,10,11,13,0.0009753434593920313,0.0016910045748400866,2.3855781852659437,2.385764086174942,2.3845089045648624,2.3846948054738606,0.0,-0.0,True,False
quality_score_soft_proxy_0_1,10,11,14,0.001,0.0017248081634464024,2.3855781852659437,2.3857687857228473,2.3837872387649797,2.383977839221883,-4.440892098500626e-16,4.440892098500626e-16,True,False
quality_score_soft_proxy_0_1,10,11,15,0.001,0.0017517070740326564,2.3855781852659437,2.3857687857228473,2.385585648279313,2.385776248736217,0.0,-0.0,True,False
quality_score_soft_proxy_0_1,10,11,16,0.001,0.0017500792764276042,2.3855781852659437,2.3857687857228473,2.3857548817050103,2.385945482161914,0.0,-0.0,True,False
quality_score_soft_proxy_0_1,10,12,13,0.0008635885946776421,0.0016990349488637127,2.3855781852659437,2.3837749894709788,2.384631422759802,2.382828226964837,0.0,-0.0,True,False
quality_score_soft_proxy_0_1,10,12,14,0.001,0.0017131801883295114,2.3855781852659437,2.3834901588537396,2.3837872387649797,2.381699212352775,-4.440892098500626e-16,4.440892098500626e-16,True,False
quality_score_soft_proxy_0_1,10,12,15,0.001,0.001732187352584004,2.3855781852659437,2.3834901588537396,2.385585648279313,2.383497621867109,0.0,-0.0,True,False
quality_score_soft_proxy_0_1,10,12,16,0.001,0.0017309636580299503,2.3855781852659437,2.3834901588537396,2.3857548817050103,2.383666855292806,0.0,-0.0,True,False
quality_score_soft_proxy_0_1,10,13,14,0.0005717210407720413,0.0017822844379054715,2.3855781852659437,2.3849514006503165,2.3845542634684453,2.3839274788528177,-4.440892098500626e-16,4.440892098500626e-16,True,False
quality_score_soft_proxy_0_1,10,13,15,0.001,0.0016742103463111935,2.3855781852659437,2.3844818733044653,2.385585648279313,2.3844893363178348,0.0,-0.0,True,False
quality_score_soft_proxy_0_1,10,13,16,0.001,0.001673703333914069,2.3855781852659437,2.3844818733044653,2.3857548817050103,2.3846585697435314,-4.440892098500626e-16,4.440892098500626e-16,True,False
quality_score_soft_proxy_0_1,10,14,15,0.001,0.0017262191927860837,2.3855781852659437,2.3837872387649797,2.385585648279313,2.3837947017783487,-4.440892098500626e-16,4.440892098500626e-16,True,False
quality_score_soft_proxy_0_1,10,14,16,0.001,0.0017160378407768792,2.3855781852659437,2.3837872387649797,2.3857548817050103,2.383963935204046,-4.440892098500626e-16,4.440892098500626e-16,True,False
quality_score_soft_proxy_0_1,10,15,16,0.001,0.0017456155689114883,2.3855781852659437,2.385585648279313,2.3857548817050103,2.3857623447183793,-4.440892098500626e-16,4.440892098500626e-16,True,False
quality_score_soft_proxy_0_1,11,0,1,0.001,0.0018793064588020713,2.3855781852659437,2.38581478940755,2.3857901871682325,2.3860267913098387,0.0,-0.0,True,False
quality_score_soft_proxy_0_1,11,0,2,0.0005156482544246566,0.0018474530705933046,2.3855781852659437,2.385700189778553,2.384479515239667,2.384601519752276,-4.440892098500626e-16,4.440892098500626e-16,True,False
quality_score_soft_proxy_0_1,11,0,3,0.001,0.0018785232461969075,2.3855781852659437,2.38581478940755,2.385674111305289,2.385910715446895,0.0,-0.0,True,False
quality_score_soft_proxy_0_1,11,0,4,0.001,0.0018782176516551603,2.3855781852659437,2.38581478940755,2.38530728784634,2.385543891987947,4.440892098500626e-16,-4.440892098500626e-16,True,False
quality_score_soft_proxy_0_1,11,0,5,0.001,0.0018693011393404871,2.3855781852659437,2.38581478940755,2.384342190953176,2.3845787950947823,0.0,-0.0,True,False
quality_score_soft_proxy_0_1,11,0,6,0.001,0.0018779166307011294,2.3855781852659437,2.38581478940755,2.385564442708738,2.3858010468503443,0.0,-0.0,True,False
quality_score_soft_proxy_0_1,11,0,7,0.0004932169663849543,0.0018348565145497621,2.3855781852659437,2.385694882442901,2.3834840548034237,2.3836007519803806,-4.440892098500626e-16,4.440892098500626e-16,True,False
quality_score_soft_proxy_0_1,11,0,8,0.001,0.0018787871873546344,2.3855781852659437,2.38581478940755,2.385254518917711,2.3854911230593174,4.440892098500626e-16,-4.440892098500626e-16,True,False
quality_score_soft_proxy_0_1,11,0,9,0.00020611924858370554,0.0018793032127427522,2.3855781852659437,2.3856269539338233,2.3846388647908263,2.384687633458706,0.0,-0.0,True,False
quality_score_soft_proxy_0_1,11,0,10,0.001,0.0018726630563863714,2.3855781852659437,2.38581478940755,2.38538758480904,2.385624188950646,0.0,-0.0,True,False
quality_score_soft_proxy_0_1,11,0,12,0.001,0.0018587999178433397,2.3855781852659437,2.38581478940755,2.383299558396836,2.383536162538442,0.0,-0.0,True,False
quality_score_soft_proxy_0_1,11,0,13,0.001,0.0018340362703862254,2.3855781852659437,2.38581478940755,2.384291272847561,2.3845278769891673,0.0,-0.0,True,False
quality_score_soft_proxy_0_1,11,0,14,0.001,0.0018448016773508233,2.3855781852659437,2.38581478940755,2.3835966383080756,2.3838332424496818,0.0,-0.0,True,False
quality_score_soft_proxy_0_1,11,0,15,0.001,0.0018768813855836912,2.3855781852659437,2.38581478940755,2.385395047822409,2.3856316519640153,0.0,-0.0,True,False
quality_score_soft_proxy_0_1,11,0,16,0.001,0.0018741911916429809,2.3855781852659437,2.38581478940755,2.385564281248106,2.3858008853897124,0.0,-0.0,True,False
quality_score_soft_proxy_0_1,11,1,2,0.0005133296347379946,0.0018471803488176463,2.3855781852659437,2.3856870121250093,2.384484455425017,2.384593282284082,-4.440892098500626e-16,4.440892098500626e-16,True,False
quality_score_soft_proxy_0_1,11,1,3,0.001,0.001879003655231138,2.3855781852659437,2.3857901871682325,2.385674111305289,2.385886113207578,4.440892098500626e-16,-4.440892098500626e-16,True,False
quality_score_soft_proxy_0_1,11,1,4,0.001,0.0018787551099961658,2.3855781852659437,2.3857901871682325,2.38530728784634,2.385519289748629,0.0,-0.0,True,False
quality_score_soft_proxy_0_1,11,1,5,0.001,0.0018697815483747174,2.3855781852659437,2.3857901871682325,2.384342190953176,2.384554192855465,0.0,-0.0,True,False
quality_score_soft_proxy_0_1,11,1,6,0.001,0.00187839703973536,2.3855781852659437,2.3857901871682325,2.385564442708738,2.385776444611027,0.0,-0.0,True,False
quality_score_soft_proxy_0_1,11,1,7,0.0004929559886726816,0.0018370116169270099,2.3855781852659437,2.385682692873287,2.383485162878398,2.3835896704857413,0.0,-0.0,True,False
quality_score_soft_proxy_0_1,11,1,8,0.001,0.0018792675963888647,2.3855781852659437,2.3857901871682325,2.385254518917711,2.3854665208199997,0.0,-0.0,True,False
quality_score_soft_proxy_0_1,11,1,9,0.000205737648940183,0.0018787012020452286,2.3855781852659437,2.3856218020388917,2.3846406038053085,2.3846842205782566,0.0,-0.0,True,False
quality_score_soft_proxy_0_1,11,1,10,0.001,0.001874218881817061,2.3855781852659437,2.3857901871682325,2.38538758480904,2.3855995867113284,-4.440892098500626e-16,4.440892098500626e-16,True,False
quality_score_soft_proxy_0_1,11,1,12,0.001,0.0018603557432740293,2.3855781852659437,2.3857901871682325,2.383299558396836,2.383511560299125,0.0,-0.0,True,False
quality_score_soft_proxy_0_1,11,1,13,0.001,0.0018339927014305992,2.3855781852659437,2.3857901871682325,2.384291272847561,2.38450327474985,0.0,-0.0,True,False
quality_score_soft_proxy_0_1,11,1,14,0.001,0.0018477256905980576,2.3855781852659437,2.3857901871682325,2.3835966383080756,2.3838086402103644,0.0,-0.0,True,False
quality_score_soft_proxy_0_1,11,1,15,0.001,0.0018777099828691003,2.3855781852659437,2.3857901871682325,2.385395047822409,2.3856070497246984,4.440892098500626e-16,-4.440892098500626e-16,True,False
quality_score_soft_proxy_0_1,11,1,16,0.001,0.0018746716006772114,2.3855781852659437,2.3857901871682325,2.385564281248106,2.385776283150395,0.0,-0.0,True,False
quality_score_soft_proxy_0_1,11,2,3,0.0005184546502167023,0.0018465119738737402,2.3855781852659437,2.3844735357703057,2.3856279185671188,2.3845232690714813,4.440892098500626e-16,-4.440892098500626e-16,True,False
quality_score_soft_proxy_0_1,11,2,4,0.0005158507704059836,0.0018472006162965297,2.3855781852659437,2.384479083747392,2.3854384426233404,2.3843393411047886,0.0,-0.0,True,False
quality_score_soft_proxy_0_1,11,2,5,0.0005110957478407589,0.0018452837880740297,2.3855781852659437,2.3844892150737795,2.384946473828333,2.3838575036361687,0.0,-0.0,True,False
quality_score_soft_proxy_0_1,11,2,6,0.0005170812170465211,0.0018454681604914622,2.3855781852659437,2.384476462086538,2.3855710792477383,2.3844693560683328,0.0,-0.0,True,False
quality_score_soft_proxy_0_1,11,2,7,0.0003258791037155961,0.0018427040925988705,2.3855781852659437,2.3848838483795682,2.384194548033852,2.3835002111474766,0.0,-0.0,True,False
quality_score_soft_proxy_0_1,11,2,8,0.0005183831507461849,0.00184555147517617,2.3855781852659437,2.384473688111217,2.385410402084556,2.3843059049298296,0.0,-0.0,True,False
quality_score_soft_proxy_0_1,11,2,9,0.00019692256355718473,0.0018616400602198063,2.3855781852659437,2.3851586106504548,2.3846807756487785,2.384261201033289,-4.440892098500626e-16,4.440892098500626e-16,True,False
quality_score_soft_proxy_0_1,11,2,10,0.0005080683193920412,0.0018428631368544927,2.3855781852659437,2.3844956654881164,2.3854813472121292,2.384398827434302,0.0,-0.0,True,False
quality_score_soft_proxy_0_1,11,2,12,0.0004574327327869109,0.0018473309522331325,2.3855781852659437,2.3846035526006752,2.384535866750206,2.383561234084938,4.440892098500626e-16,-4.440892098500626e-16,True,False
quality_score_soft_proxy_0_1,11,2,13,0.00046899468569013735,0.0018290076529307627,2.3855781852659437,2.3845789180343973,2.384974630180774,2.383975362949227,-4.440892098500626e-16,4.440892098500626e-16,True,False
quality_score_soft_proxy_0_1,11,2,14,0.0004588231508765878,0.0018590982536791268,2.3855781852659437,2.38460059009539,2.3846690056471247,2.383691410476571,0.0,-0.0,True,False
quality_score_soft_proxy_0_1,11,2,15,0.0004793924780787223,0.0018519139695759154,2.3855781852659437,2.3845567638959144,2.3854903905530587,2.38446896918303,4.440892098500626e-16,-4.440892098500626e-16,True,False
quality_score_soft_proxy_0_1,11,2,16,0.0005121654783729103,0.001845986326219937,2.3855781852659437,2.384486935843971,2.385571064107997,2.384479814686024,0.0,-0.0,True,False
quality_score_soft_proxy_0_1,11,3,4,0.001,0.001877971897391002,2.3855781852659437,2.385674111305289,2.38530728784634,2.3854032138856858,4.440892098500626e-16,-4.440892098500626e-16,True,False
quality_score_soft_proxy_0_1,11,3,5,0.001,0.0018689983357695536,2.3855781852659437,2.385674111305289,2.384342190953176,2.3844381169925213,0.0,-0.0,True,False
quality_score_soft_proxy_0_1,11,3,6,0.001,0.0018776138271301961,2.3855781852659437,2.385674111305289,2.385564442708738,2.3856603687480837,4.440892098500626e-16,-4.440892098500626e-16,True,False
quality_score_soft_proxy_0_1,11,3,7,0.0004925351577482149,0.0018363115635565022,2.3855781852659437,2.3856254322128647,2.3834869496678204,2.3835341966147414,0.0,-0.0,True,False
quality_score_soft_proxy_0_1,11,3,8,0.001,0.001878484383783701,2.3855781852659437,2.385674111305289,2.385254518917711,2.385350444957056,0.0,-0.0,True,False
quality_score_soft_proxy_0_1,11,3,9,0.0002037410629708481,0.0018801677993265813,2.3855781852659437,2.3855977293391666,2.384649702587175,2.384669246660398,0.0,-0.0,True,False
quality_score_soft_proxy_0_1,11,3,10,0.001,0.0018727637362116552,2.3855781852659437,2.385674111305289,2.38538758480904,2.385483510848385,0.0,-0.0,True,False
quality_score_soft_proxy_0_1,11,3,12,0.001,0.0018589005976686235,2.3855781852659437,2.385674111305289,2.383299558396836,2.383395484436181,0.0,-0.0,True,False
quality_score_soft_proxy_0_1,11,3,13,0.001,0.0018353601454543505,2.3855781852659437,2.385674111305289,2.384291272847561,2.3843871988869068,4.440892098500626e-16,-4.440892098500626e-16,True,False
quality_score_soft_proxy_0_1,11,3,14,0.001,0.001847993425491168,2.3855781852659437,2.385674111305289,2.3835966383080756,2.3836925643474207,0.0,-0.0,True,False
quality_score_soft_proxy_0_1,11,3,15,0.001,0.0018769267702639365,2.3855781852659437,2.385674111305289,2.385395047822409,2.3854909738617547,4.440892098500626e-16,-4.440892098500626e-16,True,False
quality_score_soft_proxy_0_1,11,3,16,0.001,0.0018738883880720476,2.3855781852659437,2.385674111305289,2.385564281248106,2.3856602072874518,4.440892098500626e-16,-4.440892098500626e-16,True,False
quality_score_soft_proxy_0_1,11,4,5,0.001,0.001868163709053099,2.3855781852659437,2.38530728784634,2.384342190953176,2.3840712935335726,0.0,-0.0,True,False
quality_score_soft_proxy_0_1,11,4,6,0.001,0.001877365281895224,2.3855781852659437,2.38530728784634,2.385564442708738,2.3852935452891346,0.0,-0.0,True,False
quality_score_soft_proxy_0_1,11,4,7,0.0004923071137112722,0.001833861321996534,2.3855781852659437,2.385444820539187,2.3834879179110016,2.383354553184245,0.0,-0.0,True,False
quality_score_soft_proxy_0_1,11,4,8,0.001,0.0018782358385487287,2.3855781852659437,2.38530728784634,2.385254518917711,2.3849836214981077,4.440892098500626e-16,-4.440892098500626e-16,True,False
quality_score_soft_proxy_0_1,11,4,9,0.00020603495184768006,0.001878875700205315,2.3855781852659437,2.38552237092914,2.38463924894539,2.3845834346085866,0.0,-0.0,True,False
quality_score_soft_proxy_0_1,11,4,10,0.001,0.0018720014743611772,2.3855781852659437,2.38530728784634,2.38538758480904,2.3851166873894365,0.0,-0.0,True,False
quality_score_soft_proxy_0_1,11,4,12,0.001,0.0018581383358181455,2.3855781852659437,2.38530728784634,2.383299558396836,2.3830286609772324,0.0,-0.0,True,False
quality_score_soft_proxy_0_1,11,4,13,0.001,0.0018329263232462261,2.3855781852659437,2.38530728784634,2.384291272847561,2.384020375427958,4.440892098500626e-16,-4.440892098500626e-16,True,False
quality_score_soft_proxy_0_1,11,4,14,0.001,0.0018444764078202301,2.3855781852659437,2.38530728784634,2.3835966383080756,2.3833257408884725,4.440892098500626e-16,-4.440892098500626e-16,True,False
quality_score_soft_proxy_0_1,11,4,15,0.001,0.0018762198035584968,2.3855781852659437,2.38530728784634,2.385395047822409,2.3851241504028065,8.881784197001252e-16,-8.881784197001252e-16,True,False
quality_score_soft_proxy_0_1,11,4,16,0.001,0.0018736398428370754,2.3855781852659437,2.38530728784634,2.385564281248106,2.3852933838285035,8.881784197001252e-16,-8.881784197001252e-16,True,False
quality_score_soft_proxy_0_1,11,5,6,0.001,0.0018683917202737758,2.3855781852659437,2.384342190953176,2.385564442708738,2.3843284483959706,0.0,-0.0,True,False
quality_score_soft_proxy_0_1,11,5,7,0.0004744449616161041,0.0018475711635949832,2.3855781852659437,2.384991773991665,2.383563758118006,2.382977346843727,0.0,-0.0,True,False
quality_score_soft_proxy_0_1,11,5,8,0.001,0.0018692622769272806,2.3855781852659437,2.384342190953176,2.385254518917711,2.3840185246049432,0.0,-0.0,True,False
quality_score_soft_proxy_0_1,11,5,9,0.00020542365118269703,0.0018745475291044678,2.3855781852659437,2.385324282801374,2.384642034746498,2.3843881322819285,0.0,-0.0,True,False
quality_score_soft_proxy_0_1,11,5,10,0.001,0.0018644532354534877,2.3855781852659437,2.384342190953176,2.38538758480904,2.3841515904962725,0.0,-0.0,True,False
quality_score_soft_proxy_0_1,11,5,12,0.001,0.001844689525873146,2.3855781852659437,2.384342190953176,2.383299558396836,2.3820635640840684,0.0,-0.0,True,False
quality_score_soft_proxy_0_1,11,5,13,0.0009953482097223504,0.0018197952969795342,2.3855781852659437,2.384347940539503,2.3842972592942373,2.3830670145677972,4.440892098500626e-16,-4.440892098500626e-16,True,False
quality_score_soft_proxy_0_1,11,5,14,0.0009282453144486884,0.001845018703798139,2.3855781852659437,2.384430879336432,2.3837388235869423,2.382591517657431,0.0,-0.0,True,False
quality_score_soft_proxy_0_1,11,5,15,0.001,0.001867704663407516,2.3855781852659437,2.384342190953176,2.385395047822409,2.3841590535096415,0.0,-0.0,True,False
quality_score_soft_proxy_0_1,11,5,16,0.001,0.0018646662812156272,2.3855781852659437,2.384342190953176,2.385564281248106,2.3843282869353386,0.0,-0.0,True,False
quality_score_soft_proxy_0_1,11,6,7,0.0004744578569228991,0.0018395440773775746,2.3855781852659437,2.3855716650017036,2.3835637033663315,2.383557183102091,-4.440892098500626e-16,4.440892098500626e-16,True,False
quality_score_soft_proxy_0_1,11,6,8,0.001,0.0018778777682879229,2.3855781852659437,2.385564442708738,2.385254518917711,2.3852407763605052,0.0,-0.0,True,False
quality_score_soft_proxy_0_1,11,6,9,0.00020608528976520353,0.0018786832985456562,2.3855781852659437,2.38557535312706,2.384639019546938,2.384636187408054,0.0,-0.0,True,False
quality_score_soft_proxy_0_1,11,6,10,0.001,0.001872385793422689,2.3855781852659437,2.385564442708738,2.38538758480904,2.385373842251834,-4.440892098500626e-16,4.440892098500626e-16,True,False
quality_score_soft_proxy_0_1,11,6,12,0.001,0.001858522654879657,2.3855781852659437,2.385564442708738,2.383299558396836,2.3832858158396304,0.0,-0.0,True,False
quality_score_soft_proxy_0_1,11,6,13,0.001,0.0018331226890938893,2.3855781852659437,2.385564442708738,2.384291272847561,2.384277530290356,4.440892098500626e-16,-4.440892098500626e-16,True,False
quality_score_soft_proxy_0_1,11,6,14,0.001,0.001851603644932973,2.3855781852659437,2.385564442708738,2.3835966383080756,2.38358289575087,0.0,-0.0,True,False
quality_score_soft_proxy_0_1,11,6,15,0.001,0.0018763201547681585,2.3855781852659437,2.385564442708738,2.385395047822409,2.385381305265204,4.440892098500626e-16,-4.440892098500626e-16,True,False
quality_score_soft_proxy_0_1,11,6,16,0.001,0.0018732817725762695,2.3855781852659437,2.385564442708738,2.385564281248106,2.3855505386909006,0.0,-0.0,True,False
quality_score_soft_proxy_0_1,11,7,8,0.0004924031365207104,0.0018390709150289226,2.3855781852659437,2.3834875102115425,2.3854188109408874,2.3833281358864866,4.440892098500626e-16,-4.440892098500626e-16,True,False
quality_score_soft_proxy_0_1,11,7,9,0.00018669396947119455,0.0018785052987004122,2.3855781852659437,2.3847855087051517,2.3847273890918346,2.3839347125310417,-8.881784197001252e-16,8.881784197001252e-16,True,False
quality_score_soft_proxy_0_1,11,7,10,0.00048703283313126193,0.0018447706319462281,2.3855781852659437,2.383510311770871,2.3854853565854217,2.383417483090349,0.0,-0.0,True,False
quality_score_soft_proxy_0_1,11,7,12,0.0004858792445405099,0.0018136898362062573,2.3855781852659437,2.3835152097471646,2.3844710477641917,2.382408072245413,4.440892098500626e-16,-4.440892098500626e-16,True,False
quality_score_soft_proxy_0_1,11,7,13,0.0004752983804234407,0.0018180051498342252,2.3855781852659437,2.3835601346207547,2.3849665178777397,2.382948467232551,4.440892098500626e-16,-4.440892098500626e-16,True,False
quality_score_soft_proxy_0_1,11,7,14,0.0004640445899775415,0.0018291308364292358,2.3855781852659437,2.3836079166457007,2.3846586591203587,2.3826883905001157,0.0,-0.0,True,False
quality_score_soft_proxy_0_1,11,7,15,0.0004923229196374051,0.0018369246330488217,2.3855781852659437,2.3834878508012434,2.385488022505048,2.3833976880403474,-4.440892098500626e-16,4.440892098500626e-16,True,False
quality_score_soft_proxy_0_1,11,7,16,0.0004926438107742593,0.0018332626948633713,2.3855781852659437,2.383486488342223,2.385571335537611,2.3834796386138906,0.0,-0.0,True,False
quality_score_soft_proxy_0_1,11,8,9,0.00020567352234001713,0.0018789350071350226,2.3855781852659437,2.38551161566804,2.3846408960411334,2.384574326443229,-4.440892098500626e-16,4.440892098500626e-16,True,False
quality_score_soft_proxy_0_1,11,8,10,0.001,0.0018735593450667225,2.3855781852659437,2.385254518917711,2.38538758480904,2.385063918460807,0.0,-0.0,True,False
quality_score_soft_proxy_0_1,11,8,12,0.001,0.0018596962065236908,2.3855781852659437,2.385254518917711,2.383299558396836,2.382975892048603,0.0,-0.0,True,False
quality_score_soft_proxy_0_1,11,8,13,0.001,0.0018345439878134375,2.3855781852659437,2.385254518917711,2.384291272847561,2.3839676064993283,0.0,-0.0,True,False
quality_score_soft_proxy_0_1,11,8,14,0.001,0.0018469933437677848,2.3855781852659437,2.385254518917711,2.3835966383080756,2.3832729719598427,0.0,-0.0,True,False
quality_score_soft_proxy_0_1,11,8,15,0.001,0.0018771907114216633,2.3855781852659437,2.385254518917711,2.385395047822409,2.385071381474176,0.0,-0.0,True,False
quality_score_soft_proxy_0_1,11,8,16,0.001,0.0018741523292297745,2.3855781852659437,2.385254518917711,2.385564281248106,2.3852406148998737,4.440892098500626e-16,-4.440892098500626e-16,True,False
quality_score_soft_proxy_0_1,11,9,10,0.00020519812164724194,0.0018760365926848565,2.3855781852659437,2.384643062522952,2.385539074410202,2.38460395166721,-4.440892098500626e-16,4.440892098500626e-16,True,False
quality_score_soft_proxy_0_1,11,9,12,0.00019688129064519768,0.0018762694343954836,2.3855781852659437,2.3846809637364585,2.385129566267055,2.3842323447375695,-4.440892098500626e-16,4.440892098500626e-16,True,False
quality_score_soft_proxy_0_1,11,9,13,0.00020335507439128857,0.0018750625879196267,2.3855781852659437,2.3846514616027856,2.3853164850953688,2.3843897614322107,0.0,-0.0,True,False
quality_score_soft_proxy_0_1,11,9,14,0.00019235939005840356,0.0018704684962858422,2.3855781852659437,2.3847015708065733,2.385197016101756,2.384320401642386,0.0,-0.0,True,False
quality_score_soft_proxy_0_1,11,9,15,0.0002057619128890874,0.0018797396183320172,2.3855781852659437,2.3846404932303664,2.3855405025552403,2.384602810519663,0.0,-0.0,True,False
quality_score_soft_proxy_0_1,11,9,16,0.00020602611152755495,0.0018780069959102033,2.3855781852659437,2.384639289232233,2.385575320675214,2.3846364246415033,0.0,-0.0,True,False
quality_score_soft_proxy_0_1,11,10,12,0.001,0.0018479265137916925,2.3855781852659437,2.38538758480904,2.383299558396836,2.383108957939932,-4.440892098500626e-16,4.440892098500626e-16,True,False
quality_score_soft_proxy_0_1,11,10,13,0.001,0.0018299851410937937,2.3855781852659437,2.38538758480904,2.384291272847561,2.3841006723906575,0.0,-0.0,True,False
quality_score_soft_proxy_0_1,11,10,14,0.001,0.001832157793884949,2.3855781852659437,2.38538758480904,2.3835966383080756,2.383406037851172,0.0,-0.0,True,False
quality_score_soft_proxy_0_1,11,10,15,0.001,0.001870665208289708,2.3855781852659437,2.38538758480904,2.385395047822409,2.385204447365506,4.440892098500626e-16,-4.440892098500626e-16,True,False
quality_score_soft_proxy_0_1,11,10,16,0.001,0.0018684641882297562,2.3855781852659437,2.38538758480904,2.385564281248106,2.3853736807912025,0.0,-0.0,True,False
quality_score_soft_proxy_0_1,11,12,13,0.0009297420876049767,0.0018252369422556366,2.3855781852659437,2.3834596499637866,2.3843816886275118,2.382263153325355,4.440892098500626e-16,-4.440892098500626e-16,True,False
quality_score_soft_proxy_0_1,11,12,14,0.001,0.0018129138831907718,2.3855781852659437,2.383299558396836,2.3835966383080756,2.381318011438968,0.0,-0.0,True,False
quality_score_soft_proxy_0_1,11,12,15,0.001,0.0018568020697466764,2.3855781852659437,2.383299558396836,2.385395047822409,2.3831164209533013,0.0,-0.0,True,False
quality_score_soft_proxy_0_1,11,12,16,0.001,0.0018546010496867246,2.3855781852659437,2.383299558396836,2.385564281248106,2.3832856543789984,0.0,-0.0,True,False
quality_score_soft_proxy_0_1,11,13,14,0.0005860272898689105,0.0018712939556095069,2.3855781852659437,2.3848240194691,2.384416944672476,2.3836627788756326,0.0,-0.0,True,False
quality_score_soft_proxy_0_1,11,13,15,0.001,0.0018328505310575228,2.3855781852659437,2.384291272847561,2.385395047822409,2.384108135404027,4.440892098500626e-16,-4.440892098500626e-16,True,False
quality_score_soft_proxy_0_1,11,13,16,0.001,0.0018287359421658663,2.3855781852659437,2.384291272847561,2.385564281248106,2.384277368829724,4.440892098500626e-16,-4.440892098500626e-16,True,False
quality_score_soft_proxy_0_1,11,14,15,0.001,0.001850243560394609,2.3855781852659437,2.3835966383080756,2.385395047822409,2.383413500864541,0.0,-0.0,True,False
quality_score_soft_proxy_0_1,11,14,16,0.001,0.0018459296761026698,2.3855781852659437,2.3835966383080756,2.385564281248106,2.383582734290238,0.0,-0.0,True,False
quality_score_soft_proxy_0_1,11,15,16,0.001,0.00187259471571001,2.3855781852659437,2.385395047822409,2.385564281248106,2.385381143804572,4.440892098500626e-16,-4.440892098500626e-16,True,False
quality_score_soft_proxy_0_1,12,0,1,0.000936660510875388,0.0015625,2.3855781852659437,2.387934102829409,2.3879110588833607,2.390266976446826,0.0,-0.0,True,False
quality_score_soft_proxy_0_1,12,0,2,0.0004817097282625998,0.001681214319287045,2.3855781852659437,2.3867897965126326,2.385649463358437,2.3868610746051253,-4.440892098500626e-16,4.440892098500626e-16,True,False
quality_score_soft_proxy_0_1,12,0,3,0.0009651014811224504,0.0015625,2.3855781852659437,2.3880056384397492,2.3878698697948955,2.390297322968701,0.0,-0.0,True,False
quality_score_soft_proxy_0_1,12,0,4,0.0009113134754350268,0.0015625,2.3855781852659437,2.3878703491798396,2.387407856168305,2.3897000200822007,-4.440892098500626e-16,4.440892098500626e-16,True,False
quality_score_soft_proxy_0_1,12,0,5,0.0008784501621675252,0.0015625,2.3855781852659437,2.3877876903551942,2.386494086004142,2.3887035910933925,0.0,-0.0,True,False
quality_score_soft_proxy_0_1,12,0,6,0.0009298579620272868,0.0015624999999999999,2.3855781852659437,2.387916992847594,2.387684205976437,2.3900230135580873,0.0,-0.0,True,False
quality_score_soft_proxy_0_1,12,0,7,0.0004771732600947717,0.0017029507239853746,2.3855781852659437,2.386778386247218,2.384639473954785,2.3858396749360593,0.0,-0.0,True,False
quality_score_soft_proxy_0_1,12,0,8,0.0009296351868369143,0.0015624999999999999,2.3855781852659437,2.3879164325165267,2.387395585355026,2.3897338326056095,4.440892098500626e-16,-4.440892098500626e-16,True,False
quality_score_soft_proxy_0_1,12,0,9,0.00020098528042182572,0.0018071443688553884,2.3855781852659437,2.3860837096759577,2.3851202316172526,2.385625756027267,4.440892098500626e-16,-4.440892098500626e-16,True,False
quality_score_soft_proxy_0_1,12,0,10,0.0009462529635817256,0.0015625,2.3855781852659437,2.3879582300639246,2.387553986446529,2.38993403124451,0.0,-0.0,True,False
quality_score_soft_proxy_0_1,12,0,11,0.0009265098785725987,0.0015625,2.3855781852659437,2.3879085716442625,2.387689355569753,2.3900197419480715,-4.440892098500626e-16,4.440892098500626e-16,True,False
quality_score_soft_proxy_0_1,12,0,13,0.0008579147419853187,0.0015625,2.3855781852659437,2.387736039029534,2.386428991713061,2.3885868454766515,0.0,-0.0,True,False
quality_score_soft_proxy_0_1,12,0,14,0.0008873607748030359,0.0015625,2.3855781852659437,2.3878101026044196,2.38584180232616,2.3880737196646358,0.0,-0.0,True,False
quality_score_soft_proxy_0_1,12,0,15,0.0009102859202347543,0.0015625,2.3855781852659437,2.387867764641135,2.387485679786044,2.389775259161235,-4.440892098500626e-16,4.440892098500626e-16,True,False
quality_score_soft_proxy_0_1,12,0,16,0.0009229242164360244,0.0015625,2.3855781852659437,2.387899552875663,2.3876683528288973,2.3899897204386162,-4.440892098500626e-16,4.440892098500626e-16,True,False
quality_score_soft_proxy_0_1,12,1,2,0.00047489051200543566,0.0016825205197047435,2.3855781852659437,2.3867609612384078,2.3856484543260286,2.3868312302984926,0.0,-0.0,True,False
quality_score_soft_proxy_0_1,12,1,3,0.0009761445703870038,0.0015625,2.3855781852659437,2.3880093990179923,2.387896092194627,2.3903273059466756,0.0,-0.0,True,False
quality_score_soft_proxy_0_1,12,1,4,0.0009234775730420137,0.0015624999999999999,2.3855781852659437,2.3878782250791017,2.387432278385297,2.389732318198455,0.0,-0.0,True,False
quality_score_soft_proxy_0_1,12,1,5,0.0008897473297704821,0.0015625,2.3855781852659437,2.3877942155647434,2.3865058647988793,2.388721895097679,0.0,-0.0,True,False
quality_score_soft_proxy_0_1,12,1,6,0.0009425255963669095,0.0015625,2.3855781852659437,2.387925666634033,2.3877128967027215,2.3900603780708107,0.0,-0.0,True,False
quality_score_soft_proxy_0_1,12,1,7,0.00047900280852509417,0.0017078322097681768,2.3855781852659437,2.386771203442436,2.3846358748054834,2.385828892981976,0.0,-0.0,True,False
quality_score_soft_proxy_0_1,12,1,8,0.0009422967107596665,0.0015625,2.3855781852659437,2.3879250965649543,2.387420338134429,2.3897672494334397,0.0,-0.0,True,False
quality_score_soft_proxy_0_1,12,1,9,0.0002006224368858475,0.0018075510109712852,2.3855781852659437,2.3860778612794395,2.385121058371933,2.3856207343854288,0.0,-0.0,True,False
quality_score_soft_proxy_0_1,12,1,10,0.0009554507301317585,0.0015625,2.3855781852659437,2.3879578583440617,2.3875731916260183,2.389952864704137,4.440892098500626e-16,-4.440892098500626e-16,True,False
quality_score_soft_proxy_0_1,12,1,11,0.0009390858370914097,0.0015625,2.3855781852659437,2.3879170994706147,2.387718011486739,2.3900569256914097,-4.440892098500626e-16,4.440892098500626e-16,True,False
quality_score_soft_proxy_0_1,12,1,13,0.0008530177638093666,0.0015625,2.3855781852659437,2.387702735851,2.386424135309039,2.388548685894095,-4.440892098500626e-16,4.440892098500626e-16,True,False
quality_score_soft_proxy_0_1,12,1,14,0.0008988897957618622,0.0015625,2.3855781852659437,2.3878169860535827,2.385845227366683,2.388084028154322,0.0,-0.0,True,False
quality_score_soft_proxy_0_1,12,1,15,0.0009224224192920929,0.0015625,2.3855781852659437,2.387875597082814,2.3875111116914822,2.3898085235083526,0.0,-0.0,True,False
quality_score_soft_proxy_0_1,12,1,16,0.0009354023680396512,0.0015625,2.3855781852659437,2.387907925316616,2.3876966123839756,2.3900263524346474,-4.440892098500626e-16,4.440892098500626e-16,True,False
quality_score_soft_proxy_0_1,12,2,3,0.000479286106456366,0.001680518212813353,2.3855781852659437,2.3856491047376136,2.386716275484011,2.386787194955681,0.0,-0.0,True,False
quality_score_soft_proxy_0_1,12,2,4,0.00047704741610959294,0.0016773900080522364,2.3855781852659437,2.385648773480908,2.386535967412077,2.3866065556270413,0.0,-0.0,True,False
quality_score_soft_proxy_0_1,12,2,5,0.00048575171160628424,0.001660049704488173,2.3855781852659437,2.38565006144655,2.3860846458147624,2.386156521995369,0.0,-0.0,True,False
quality_score_soft_proxy_0_1,12,2,6,0.00047809952283599325,0.0016816503598982874,2.3855781852659437,2.385648929160057,2.386661025374743,2.3867317692688563,0.0,-0.0,True,False
quality_score_soft_proxy_0_1,12,2,7,0.0003330314723610026,0.0017520873351458575,2.3855781852659437,2.385627463589999,2.3849230345351273,2.384972312859183,0.0,-0.0,True,False
quality_score_soft_proxy_0_1,12,2,8,0.0004792123444092353,0.0016809590133075604,2.3855781852659437,2.3856490938231194,2.38651502648038,2.3865859350375556,0.0,-0.0,True,False
quality_score_soft_proxy_0_1,12,2,9,0.00018931131664479437,0.001798229414267914,2.3855781852659437,2.385606197466541,2.3851468312483064,2.3851748434489037,0.0,-0.0,True,False
quality_score_soft_proxy_0_1,12,2,10,0.0004885183008366967,0.001712682073569151,2.3855781852659437,2.38565047081591,2.386598224380936,2.386670509930902,0.0,-0.0,True,False
quality_score_soft_proxy_0_1,12,2,11,0.00047927977614611666,0.0016795263320383378,2.3855781852659437,2.385649103800924,2.3866702850416903,2.3867412035766704,-4.440892098500626e-16,4.440892098500626e-16,True,False
quality_score_soft_proxy_0_1,12,2,13,0.0004435568783109228,0.0016705419551778676,2.3855781852659437,2.385643817920514,2.3860180670318836,2.3860836996864534,-4.440892098500626e-16,4.440892098500626e-16,True,False
quality_score_soft_proxy_0_1,12,2,14,0.000435856425852507,0.0017269761949499757,2.3855781852659437,2.3856426784924927,2.3857076694542494,2.3857721626807984,0.0,-0.0,True,False
quality_score_soft_proxy_0_1,12,2,15,0.0004457011155886382,0.0016966570548859485,2.3855781852659437,2.385644135201096,2.3865121472406257,2.386578097175778,0.0,-0.0,True,False
quality_score_soft_proxy_0_1,12,2,16,0.0004847893700289502,0.0016740470595024448,2.3855781852659437,2.385649919049858,2.3866760988303013,2.3867478326142155,0.0,-0.0,True,False
quality_score_soft_proxy_0_1,12,3,4,0.0009667928601844043,0.0015624999999999999,2.3855781852659437,2.387873886063966,2.3875192437629065,2.3898149445609294,4.440892098500626e-16,-4.440892098500626e-16,True,False
quality_score_soft_proxy_0_1,12,3,5,0.0009110053719290515,0.0015625,2.3855781852659437,2.3877414157214747,2.3865280291257176,2.3886912595812486,0.0,-0.0,True,False
quality_score_soft_proxy_0_1,12,3,6,0.0009678144745198987,0.0015625,2.3855781852659437,2.387876311941258,2.387770173086116,2.39006829976143,0.0,-0.0,True,False
quality_score_soft_proxy_0_1,12,3,7,0.0004765350580233474,0.0017039445517110945,2.3855781852659437,2.3867097429739528,2.3846407294473986,2.3857722871554077,0.0,-0.0,True,False
quality_score_soft_proxy_0_1,12,3,8,0.000970633782531072,0.0015625,2.3855781852659437,2.387883006537296,2.38747573599102,2.389780557262372,-4.440892098500626e-16,4.440892098500626e-16,True,False
quality_score_soft_proxy_0_1,12,3,9,0.0001987234399144579,0.001810581806301908,2.3855781852659437,2.3860500645881704,2.3851253853186134,2.38559726464084,0.0,-0.0,True,False
quality_score_soft_proxy_0_1,12,3,10,0.0009494346215180786,0.0015625,2.3855781852659437,2.3878326680078557,2.3875606298323344,2.3898151125742464,0.0,-0.0,True,False
quality_score_soft_proxy_0_1,12,3,11,0.0009665726074560288,0.0015625,2.3855781852659437,2.3878733630622095,2.387780643580237,2.3900758213765028,0.0,-0.0,True,False
quality_score_soft_proxy_0_1,12,3,13,0.0008549748823649782,0.0015625,2.3855781852659437,2.3876083683595177,2.386426076211792,2.3884562593053666,4.440892098500626e-16,-4.440892098500626e-16,True,False
quality_score_soft_proxy_0_1,12,3,14,0.0009102586695555027,0.0015625,2.3855781852659437,2.3877396426371815,2.3858486048307004,2.3880100622019382,0.0,-0.0,True,False
quality_score_soft_proxy_0_1,12,3,15,0.0009446313150391107,0.0015625,2.3855781852659437,2.3878212623024857,2.3875576501976736,2.389800727234216,4.440892098500626e-16,-4.440892098500626e-16,True,False
quality_score_soft_proxy_0_1,12,3,16,0.0009501277555888269,0.0015625,2.3855781852659437,2.387834313891379,2.387729961305652,2.389986089931088,4.440892098500626e-16,-4.440892098500626e-16,True,False
quality_score_soft_proxy_0_1,12,4,5,0.0008668447098738028,0.0015625,2.3855781852659437,2.3873185749181047,2.3864819857817494,2.3882223754339105,0.0,-0.0,True,False
quality_score_soft_proxy_0_1,12,4,6,0.0009168644843532237,0.0015625,2.3855781852659437,2.3874190010923844,2.387654777252696,2.3894955930791366,0.0,-0.0,True,False
quality_score_soft_proxy_0_1,12,4,7,0.0004763215862327303,0.0017049063809236858,2.3855781852659437,2.3865345101420576,2.384641149396296,2.38559747427241,0.0,-0.0,True,False
quality_score_soft_proxy_0_1,12,4,8,0.0009166478908879537,0.0015624999999999999,2.3855781852659437,2.3874185662313057,2.387370195704173,2.389210576669535,0.0,-0.0,True,False
quality_score_soft_proxy_0_1,12,4,9,0.00020119434482856818,0.0018059897860753498,2.3855781852659437,2.3859821290771297,2.3851197552549657,2.3855236990661517,0.0,-0.0,True,False
quality_score_soft_proxy_0_1,12,4,10,0.0009391379911753918,0.0015625,2.3855781852659437,2.3874637202679754,2.387539130196222,2.3894246651982534,-4.440892098500626e-16,4.440892098500626e-16,True,False
quality_score_soft_proxy_0_1,12,4,11,0.0009136091530187276,0.0015625,2.3855781852659437,2.3874124652677966,2.387659959629875,2.389494239631728,0.0,-0.0,True,False
quality_score_soft_proxy_0_1,12,4,13,0.0008380508136315794,0.0015625,2.3855781852659437,2.3872607645646533,2.3864092923682647,2.388091871666974,-4.440892098500626e-16,4.440892098500626e-16,True,False
quality_score_soft_proxy_0_1,12,4,14,0.0008755202739199272,0.0015625,2.3855781852659437,2.387335993103531,2.3858382847512085,2.387596092588796,0.0,-0.0,True,False
quality_score_soft_proxy_0_1,12,4,15,0.0008978300067920145,0.0015625,2.3855781852659437,2.387380785011229,2.387459578551139,2.3892621782964243,-4.440892098500626e-16,4.440892098500626e-16,True,False
quality_score_soft_proxy_0_1,12,4,16,0.0009101224613493434,0.0015624999999999999,2.3855781852659437,2.3874054649342504,2.387639360401616,2.389466640069923,0.0,-0.0,True,False
quality_score_soft_proxy_0_1,12,5,6,0.0008836069018640744,0.0015625,2.3855781852659437,2.386499462588834,2.3875794526758645,2.388500729998755,0.0,-0.0,True,False
quality_score_soft_proxy_0_1,12,5,7,0.0004544297979753832,0.0017068629120718178,2.3855781852659437,2.386051988567884,2.3846842156595955,2.385158018961536,0.0,-0.0,True,False
quality_score_soft_proxy_0_1,12,5,8,0.0008834057347574262,0.0015625,2.3855781852659437,2.3864992528454594,2.387305208601309,2.388226276180825,0.0,-0.0,True,False
quality_score_soft_proxy_0_1,12,5,9,0.00019715486619829292,0.001805393542251894,2.3855781852659437,2.3857837453480832,2.3851289593816243,2.385334519463764,0.0,-0.0,True,False
quality_score_soft_proxy_0_1,12,5,10,0.000904275640378437,0.0015625,2.3855781852659437,2.3865210124885077,2.3874663366869666,2.3884091639095306,0.0,-0.0,True,False
quality_score_soft_proxy_0_1,12,5,11,0.0008805830602978352,0.0015625,2.3855781852659437,2.3864963098331717,2.38758470548762,2.388502830054848,0.0,-0.0,True,False
quality_score_soft_proxy_0_1,12,5,13,0.0007948387931476062,0.0015624999999999999,2.3855781852659437,2.3864069100687217,2.3863664383831056,2.3871951631858837,0.0,-0.0,True,False
quality_score_soft_proxy_0_1,12,5,14,0.0008014689514851003,0.0015826869087154306,2.3855781852659437,2.386413822887658,2.3858162855909124,2.386651923212627,0.0,-0.0,True,False
quality_score_soft_proxy_0_1,12,5,15,0.0008659149386960963,0.0015625,2.3855781852659437,2.38648101637205,2.3873927008634275,2.3882955319695336,0.0,-0.0,True,False
quality_score_soft_proxy_0_1,12,5,16,0.0008773434465548281,0.0015625,2.3855781852659437,2.3864929321064134,2.387565125017769,2.3884798718582387,0.0,-0.0,True,False
quality_score_soft_proxy_0_1,12,6,7,0.00045959296978305674,0.0017124380498272594,2.3855781852659437,2.386619110173066,2.38467405849409,2.3857149834012126,4.440892098500626e-16,-4.440892098500626e-16,True,False
quality_score_soft_proxy_0_1,12,6,8,0.0009354123500299535,0.0015625,2.3855781852659437,2.387696786022686,2.387406879480991,2.389525480237734,4.440892098500626e-16,-4.440892098500626e-16,True,False
quality_score_soft_proxy_0_1,12,6,9,0.000200952992078897,0.001807366616830428,2.3855781852659437,2.386033320545133,2.385120305187638,2.3855754404668277,4.440892098500626e-16,-4.440892098500626e-16,True,False
quality_score_soft_proxy_0_1,12,6,10,0.0009476028125289485,0.0015625,2.3855781852659437,2.387724396009955,2.387556804966783,2.389703015710794,-4.440892098500626e-16,4.440892098500626e-16,True,False
quality_score_soft_proxy_0_1,12,6,11,0.0009322481430866647,0.0015625,2.3855781852659437,2.3876896194600206,2.387702430933457,2.3898138651275342,4.440892098500626e-16,-4.440892098500626e-16,True,False
quality_score_soft_proxy_0_1,12,6,13,0.0008567683281802267,0.0015625,2.3855781852659437,2.3875186664113737,2.3864278547979243,2.3883683359433543,0.0,-0.0,True,False
quality_score_soft_proxy_0_1,12,6,14,0.0008926229738312635,0.0015624999999999999,2.3855781852659437,2.3875998730358177,2.38584336561978,2.387865053389654,0.0,-0.0,True,False
quality_score_soft_proxy_0_1,12,6,15,0.000915824380046081,0.0015625,2.3855781852659437,2.387652421536768,2.3874972855700127,2.389571521840837,0.0,-0.0,True,False
quality_score_soft_proxy_0_1,12,6,16,0.0009286180153992972,0.0015624999999999999,2.3855781852659437,2.3876813976407716,2.3876812477055203,2.3897844600803477,-4.440892098500626e-16,4.440892098500626e-16,True,False
quality_score_soft_proxy_0_1,12,7,8,0.00047952596334761117,0.0017025613923454595,2.3855781852659437,2.3846348456376942,2.386515639593023,2.3855722999647733,-4.440892098500626e-16,4.440892098500626e-16,True,False
quality_score_soft_proxy_0_1,12,7,9,0.00017983911558716923,0.0018216844681120514,2.3855781852659437,2.38522439969976,2.385168414067836,2.384814628501652,-4.440892098500626e-16,4.440892098500626e-16,True,False
quality_score_soft_proxy_0_1,12,7,10,0.00048473110782870204,0.0016954858700223294,2.3855781852659437,2.384624605902132,2.3865903166219073,2.3856367372580953,-4.440892098500626e-16,4.440892098500626e-16,True,False
quality_score_soft_proxy_0_1,12,7,11,0.000477963645031387,0.0017043661839023804,2.3855781852659437,2.3846379190829134,2.386667286069969,2.3857270198869385,-4.440892098500626e-16,4.440892098500626e-16,True,False
quality_score_soft_proxy_0_1,12,7,13,0.00044604665380875656,0.0017019736039073604,2.3855781852659437,2.3847007072631916,2.386020536178224,2.385143058175472,0.0,-0.0,True,False
quality_score_soft_proxy_0_1,12,7,14,0.00044870687476092174,0.0017067173628713443,2.3855781852659437,2.3846954739869237,2.3857114870644702,2.3848287757854503,0.0,-0.0,True,False
quality_score_soft_proxy_0_1,12,7,15,0.0004763363823511966,0.001700014069965343,2.3855781852659437,2.3846411202888733,2.386576343118177,2.3856392781411064,0.0,-0.0,True,False
quality_score_soft_proxy_0_1,12,7,16,0.00047929793256695107,0.0017018488008204871,2.3855781852659437,2.384635294227527,2.386663662246395,2.3857207712079784,0.0,-0.0,True,False
quality_score_soft_proxy_0_1,12,8,9,0.00020056145890518388,0.0018068786504012758,2.3855781852659437,2.3859702750001124,2.385121197312898,2.3855132870470666,0.0,-0.0,True,False
quality_score_soft_proxy_0_1,12,8,10,0.0009503054298850097,0.0015624999999999999,2.3855781852659437,2.387435994864142,2.3875624481032043,2.389420257701403,4.440892098500626e-16,-4.440892098500626e-16,True,False
quality_score_soft_proxy_0_1,12,8,11,0.0009320242212840038,0.0015624999999999999,2.3855781852659437,2.3874002558230534,2.387701920699221,2.3895239912563304,-4.440892098500626e-16,4.440892098500626e-16,True,False
quality_score_soft_proxy_0_1,12,8,13,0.0008565352113502168,0.0015625,2.3855781852659437,2.3872526777888727,2.386427623612595,2.3881021161355243,0.0,-0.0,True,False
quality_score_soft_proxy_0_1,12,8,14,0.0008924176809536711,0.0015625,2.3855781852659437,2.387322826600339,2.3858433046313903,2.3875879459657856,0.0,-0.0,True,False
quality_score_soft_proxy_0_1,12,8,15,0.0009156082776576726,0.0015625,2.3855781852659437,2.387368163301351,2.387496832729743,2.3892868107651504,0.0,-0.0,True,False
quality_score_soft_proxy_0_1,12,8,16,0.0009283958338741572,0.0015625,2.3855781852659437,2.387393162468913,2.387680744525943,2.389495721728912,-4.440892098500626e-16,4.440892098500626e-16,True,False
quality_score_soft_proxy_0_1,12,9,10,0.00020199877354498704,0.001807863417214388,2.3855781852659437,2.385117922329365,2.385999964040338,2.3855397011037605,8.881784197001252e-16,-8.881784197001252e-16,True,False
quality_score_soft_proxy_0_1,12,9,11,0.00020104963333217546,0.0018070711815744822,2.3855781852659437,2.385120084986365,2.386036302362479,2.3855782020829004,0.0,-0.0,True,False
quality_score_soft_proxy_0_1,12,9,13,0.00019835621192444927,0.0018009456109374753,2.3855781852659437,2.3851262220634615,2.3857748979877007,2.3853229347852176,-8.881784197001252e-16,8.881784197001252e-16,True,False
quality_score_soft_proxy_0_1,12,9,14,0.00018560487389101204,0.0018124006159712072,2.3855781852659437,2.3851552765383253,2.3856333247454047,2.3852104160177867,4.440892098500626e-16,-4.440892098500626e-16,True,False
quality_score_soft_proxy_0_1,12,9,15,0.0002014553886314371,0.0018188258526577858,2.3855781852659437,2.385119160455378,2.3860003329025457,2.38554130809198,0.0,-0.0,True,False
quality_score_soft_proxy_0_1,12,9,16,0.0002012027753524303,0.001805848969014956,2.3855781852659437,2.385119736045653,2.3860338537890238,2.3855754045687325,-4.440892098500626e-16,4.440892098500626e-16,True,False
quality_score_soft_proxy_0_1,12,10,11,0.0009526428804243289,0.0015625,2.3855781852659437,2.387567328761668,2.387748902929943,2.3897380464256672,0.0,-0.0,True,False
quality_score_soft_proxy_0_1,12,10,13,0.0008764618974142791,0.0015625,2.3855781852659437,2.3874082608570353,2.38644738519512,2.3882774607862114,0.0,-0.0,True,False
quality_score_soft_proxy_0_1,12,10,14,0.0008924918234978303,0.0015625,2.3855781852659437,2.3874417317660837,2.3858433266576506,2.3877068731577906,0.0,-0.0,True,False
quality_score_soft_proxy_0_1,12,10,15,0.0009302840167853643,0.0015625,2.3855781852659437,2.3875206428638425,2.3875275855858975,2.3894700431837967,4.440892098500626e-16,-4.440892098500626e-16,True,False
quality_score_soft_proxy_0_1,12,10,16,0.0009437587548912557,0.0015625,2.3855781852659437,2.3875487784729055,2.3877155372842327,2.3896861304911945,0.0,-0.0,True,False
quality_score_soft_proxy_0_1,12,11,13,0.0008511056855709347,0.0015625,2.3855781852659437,2.3875175375495363,2.386422239073419,2.3883615913570115,0.0,-0.0,True,False
quality_score_soft_proxy_0_1,12,11,14,0.0008895372163580522,0.0015624999999999999,2.3855781852659437,2.3876051086682084,2.3858424489032237,2.3878693723054885,0.0,-0.0,True,False
quality_score_soft_proxy_0_1,12,11,15,0.0009125764172300722,0.0015625,2.3855781852659437,2.3876576064103587,2.387490479498277,2.389569900642692,-4.440892098500626e-16,4.440892098500626e-16,True,False
quality_score_soft_proxy_0_1,12,11,16,0.0009252788391605082,0.0015625,2.3855781852659437,2.387686550490272,2.3876736853967877,2.3897820506211156,-4.440892098500626e-16,4.440892098500626e-16,True,False
quality_score_soft_proxy_0_1,12,13,14,0.000553313503304609,0.0016914946560907048,2.3855781852659437,2.3861269142629524,2.3857425635923932,2.386291292589402,0.0,-0.0,True,False
quality_score_soft_proxy_0_1,12,13,15,0.0008423799166845224,0.0015625,2.3855781852659437,2.3864135856023205,2.3873433834736715,2.3881787838100483,0.0,-0.0,True,False
quality_score_soft_proxy_0_1,12,13,16,0.0008422699814168775,0.0015625,2.3855781852659437,2.3864134765779275,2.3874856933397974,2.388320984651781,0.0,-0.0,True,False
quality_score_soft_proxy_0_1,12,14,15,0.0008745718091031602,0.0015625,2.3855781852659437,2.385838002981365,2.387410841243824,2.387670658959245,-4.440892098500626e-16,4.440892098500626e-16,True,False
quality_score_soft_proxy_0_1,12,14,16,0.000886231507675442,0.0015625,2.3855781852659437,2.3858414668435817,2.387585254012892,2.38784853559053,0.0,-0.0,True,False
quality_score_soft_proxy_0_1,12,15,16,0.0009090975887492009,0.0015625,2.3855781852659437,2.387483189649982,2.387637039349219,2.389542043733257,0.0,-0.0,True,False
quality_score_soft_proxy_0_1,13,0,1,0.0005625936277515547,0.0015625,2.3855781852659437,2.3864353059743673,2.386421464911299,2.3872785856197227,0.0,-0.0,True,False
quality_score_soft_proxy_0_1,13,0,2,0.0004747571847159113,0.0015625,2.3855781852659437,2.3863014856988323,2.385177611037058,2.3859009114699465,0.0,-0.0,True,False
quality_score_soft_proxy_0_1,13,0,3,0.0005659717997286783,0.0015625,2.3855781852659437,2.3864404526753167,2.3863608328365977,2.3872231002459707,0.0,-0.0,True,False
quality_score_soft_proxy_0_1,13,0,4,0.0005633335515229581,0.0015625,2.3855781852659437,2.386436433260486,2.3861505406036065,2.3870087885981492,4.440892098500626e-16,-4.440892098500626e-16,True,False
quality_score_soft_proxy_0_1,13,0,5,0.0005591988008883444,0.0015625,2.3855781852659437,2.386430133899423,2.385606658609547,2.3864586072430263,0.0,-0.0,True,False
quality_score_soft_proxy_0_1,13,0,6,0.0005631420624766344,0.0015625,2.3855781852659437,2.386436141523753,2.3862951607674496,2.387153117025259,0.0,-0.0,True,False
quality_score_soft_proxy_0_1,13,0,7,0.00045718281575965773,0.001610327697413857,2.3855781852659437,2.386274710856696,2.3842254050252607,2.3849219306160125,-4.440892098500626e-16,4.440892098500626e-16,True,False
quality_score_soft_proxy_0_1,13,0,8,0.0005624068967805524,0.0015625,2.3855781852659437,2.386435021486641,2.3861199214990925,2.38697675771979,0.0,-0.0,True,False
quality_score_soft_proxy_0_1,13,0,9,0.00020625465927938603,0.0017723058977469777,2.3855781852659437,2.3858924176549303,2.3849036793836293,2.385217911772616,0.0,-0.0,True,False
quality_score_soft_proxy_0_1,13,0,10,0.0005498735106992278,0.0015625,2.3855781852659437,2.3864159266653933,2.3861810181730236,2.387018759572473,-4.440892098500626e-16,4.440892098500626e-16,True,False
quality_score_soft_proxy_0_1,13,0,11,0.0005800177304545066,0.0015625,2.3855781852659437,2.3864618518833782,2.3863246172861476,2.387208283903582,0.0,-0.0,True,False
quality_score_soft_proxy_0_1,13,0,12,0.0005463959076399493,0.0015625,2.3855781852659437,2.386410628479543,2.38503631654852,2.3858687597621193,-4.440892098500626e-16,4.440892098500626e-16,True,False
quality_score_soft_proxy_0_1,13,0,14,0.0005509397703892159,0.0015625,2.3855781852659437,2.386417551129688,2.385195483472255,2.3860348493359993,0.0,-0.0,True,False
quality_score_soft_proxy_0_1,13,0,15,0.0005661350756429113,0.0015625,2.3855781852659437,2.3864407014288758,2.386203070994822,2.387065587157754,0.0,-0.0,True,False
quality_score_soft_proxy_0_1,13,0,16,0.0005642930151472144,0.0015625,2.3855781852659437,2.3864378950192062,2.386296535014595,2.3871562447678576,0.0,-0.0,True,False
quality_score_soft_proxy_0_1,13,1,2,0.00047203171612012477,0.0015625,2.3855781852659437,2.386285720365047,2.3851799106388683,2.3858874457379713,-4.440892098500626e-16,4.440892098500626e-16,True,False
quality_score_soft_proxy_0_1,13,1,3,0.0005653920199152328,0.0015625,2.3855781852659437,2.386425659461388,2.386360031094775,2.387207505290219,-4.440892098500626e-16,4.440892098500626e-16,True,False
quality_score_soft_proxy_0_1,13,1,4,0.0005627591615956998,0.0015625,2.3855781852659437,2.386421713032348,2.3861499570148252,2.3869934847812297,0.0,-0.0,True,False
quality_score_soft_proxy_0_1,13,1,5,0.0005586328075856852,0.0015625,2.3855781852659437,2.3864155279812302,2.3856066297902405,2.386443972505527,0.0,-0.0,True,False
quality_score_soft_proxy_0_1,13,1,6,0.0005625680627787502,0.0015625,2.3855781852659437,2.3864214265915953,2.386294429968334,2.387137671293986,0.0,-0.0,True,False
quality_score_soft_proxy_0_1,13,1,7,0.00045886201317116217,0.0016087211393192532,2.3855781852659437,2.3862659801086976,2.384220436367209,2.3849082312099634,4.440892098500626e-16,-4.440892098500626e-16,True,False
quality_score_soft_proxy_0_1,13,1,8,0.0005618343940226815,0.0015625,2.3855781852659437,2.38642032688499,2.386119370038061,2.3869615116571072,0.0,-0.0,True,False
quality_score_soft_proxy_0_1,13,1,9,0.00020663818100904335,0.001772119867932474,2.3855781852659437,2.3858879181946557,2.3849024251687494,2.3852121580974615,0.0,-0.0,True,False
quality_score_soft_proxy_0_1,13,1,10,0.0005493262279523435,0.0015625,2.3855781852659437,2.3864015782157417,2.386180418180402,2.3870038111302,0.0,-0.0,True,False
quality_score_soft_proxy_0_1,13,1,11,0.0005701895980883164,0.0015625,2.3855781852659437,2.386432850620016,2.386311969340556,2.387166634694628,0.0,-0.0,True,False
quality_score_soft_proxy_0_1,13,1,12,0.0005458555220377733,0.0015625,2.3855781852659437,2.3863963759249436,2.3850368524567305,2.3858550431157304,0.0,-0.0,True,False
quality_score_soft_proxy_0_1,13,1,14,0.0005503903641729431,0.0015625,2.3855781852659437,2.3864031732647617,2.385195865108789,2.3860208531076075,4.440892098500626e-16,-4.440892098500626e-16,True,False
quality_score_soft_proxy_0_1,13,1,15,0.000565554961433939,0.0015625,2.3855781852659437,2.386425903696763,2.3862024306792757,2.3870501491100953,0.0,-0.0,True,False
quality_score_soft_proxy_0_1,13,1,16,0.0005637166679651815,0.0015625,2.3855781852659437,2.3864231482523577,2.3862958013197906,2.3871407643062046,0.0,-0.0,True,False
quality_score_soft_proxy_0_1,13,2,3,0.00047430351104391045,0.0015625,2.3855781852659437,2.3851779938221687,2.3862340704016507,2.3858338789578752,-4.440892098500626e-16,4.440892098500626e-16,True,False
quality_score_soft_proxy_0_1,13,2,4,0.0004774697634452325,0.0015624999999999999,2.3855781852659437,2.3851753223110155,2.3860633017070674,2.385660438752139,0.0,-0.0,True,False
quality_score_soft_proxy_0_1,13,2,5,0.0004628113013286598,0.0015708987027747336,2.3855781852659437,2.3851876903221756,2.385601750740664,2.385211255796896,0.0,-0.0,True,False
quality_score_soft_proxy_0_1,13,2,6,0.00047999320760344253,0.0015625,2.3855781852659437,2.3851731931664117,2.386189298151434,2.3857843060519017,-4.440892098500626e-16,4.440892098500626e-16,True,False
quality_score_soft_proxy_0_1,13,2,7,0.00030820499096538773,0.0016727225077895673,2.3855781852659437,2.385318138697784,2.3846662226822994,2.3844061761141395,-4.440892098500626e-16,4.440892098500626e-16,True,False
quality_score_soft_proxy_0_1,13,2,8,0.00047225692784682064,0.0015625,2.3855781852659437,2.3851797206174914,2.3860330848957934,2.385634620247341,0.0,-0.0,True,False
quality_score_soft_proxy_0_1,13,2,9,0.00020002435754084,0.0017521938669852722,2.3855781852659437,2.385409415618301,2.3849240540757015,2.384755284428059,0.0,-0.0,True,False
quality_score_soft_proxy_0_1,13,2,10,0.00046862356060373085,0.0015625,2.3855781852659437,2.3851827862546813,2.386091942880864,2.3856965438696016,0.0,-0.0,True,False
quality_score_soft_proxy_0_1,13,2,11,0.0004733595314097743,0.0015625,2.3855781852659437,2.385178790300719,2.3861873575252743,2.3857879625600495,0.0,-0.0,True,False
quality_score_soft_proxy_0_1,13,2,12,0.00041312191937256437,0.0016040687070065349,2.3855781852659437,2.3852296155136243,2.3851684862885905,2.3848199165362707,-4.440892098500626e-16,4.440892098500626e-16,True,False
quality_score_soft_proxy_0_1,13,2,14,0.00042813876895484994,0.0016237262230386746,2.3855781852659437,2.3852169451146596,2.3852807852893347,2.3849195451380503,-4.440892098500626e-16,4.440892098500626e-16,True,False
quality_score_soft_proxy_0_1,13,2,15,0.00047090026508211534,0.0015625,2.3855781852659437,2.3851808652955677,2.3860979531941906,2.385700633223814,-4.440892098500626e-16,4.440892098500626e-16,True,False
quality_score_soft_proxy_0_1,13,2,16,0.00048226537079745904,0.0015625,2.3855781852659437,2.385171276038986,2.386192113134261,2.3857852039073033,0.0,-0.0,True,False
quality_score_soft_proxy_0_1,13,3,4,0.0005661393277793965,0.0015625,2.3855781852659437,2.386361064500829,2.3861533913143664,2.3869362705492514,-4.440892098500626e-16,4.440892098500626e-16,True,False
quality_score_soft_proxy_0_1,13,3,5,0.0005619634396083726,0.0015625,2.3855781852659437,2.386355289922071,2.385606799379713,2.3863839040358408,4.440892098500626e-16,-4.440892098500626e-16,True,False
quality_score_soft_proxy_0_1,13,3,6,0.0005659459268242743,0.0015624999999999999,2.3855781852659437,2.3863607970585505,2.386298730563032,2.387081342355639,4.440892098500626e-16,-4.440892098500626e-16,True,False
quality_score_soft_proxy_0_1,13,3,7,0.0004565969337763461,0.0016122310360887726,2.3855781852659437,2.38620958506565,2.3842271386196634,2.3848585384193695,-4.440892098500626e-16,4.440892098500626e-16,True,False
quality_score_soft_proxy_0_1,13,3,8,0.0005652034270017093,0.0015625,2.3855781852659437,2.386359770301241,2.386122615245838,2.3869042002811356,0.0,-0.0,True,False
quality_score_soft_proxy_0_1,13,3,9,0.00020869223824835403,0.0017713717951267942,2.3855781852659437,2.3858667729188228,2.3848957078723,2.385184295525179,0.0,-0.0,True,False
quality_score_soft_proxy_0_1,13,3,10,0.00055254649074372,0.0015625,2.3855781852659437,2.3863422678030264,2.3861839485930187,2.386948031130102,4.440892098500626e-16,-4.440892098500626e-16,True,False
quality_score_soft_proxy_0_1,13,3,11,0.00057070214474971,0.0015625,2.3855781852659437,2.386367374139611,2.3863126289432195,2.387101817816887,0.0,-0.0,True,False
quality_score_soft_proxy_0_1,13,3,12,0.0005490351036348361,0.0015624999999999999,2.3855781852659437,2.3863374121218923,2.3850336992197136,2.3857929260756623,0.0,-0.0,True,False
quality_score_soft_proxy_0_1,13,3,14,0.0005518475898094159,0.0015625,2.3855781852659437,2.3863413013359365,2.3851948528695304,2.3859579689395227,-4.440892098500626e-16,4.440892098500626e-16,True,False
quality_score_soft_proxy_0_1,13,3,15,0.0005681822749811806,0.0015625,2.3855781852659437,2.3863638895667867,2.38620533064222,2.386991034943063,0.0,-0.0,True,False
quality_score_soft_proxy_0_1,13,3,16,0.0005671083809612614,0.0015625,2.3855781852659437,2.3863624045448364,2.386300118998927,2.3870843382778197,0.0,-0.0,True,False
quality_score_soft_proxy_0_1,13,4,5,0.0005593623427265585,0.0015625,2.3855781852659437,2.386146505795906,2.3856066669367877,2.38617498746675,0.0,-0.0,True,False
quality_score_soft_proxy_0_1,13,4,6,0.0005633079192613024,0.0015625,2.3855781852659437,2.386150514560844,2.3862953719313094,2.38686770122621,4.440892098500626e-16,-4.440892098500626e-16,True,False
quality_score_soft_proxy_0_1,13,4,7,0.00045640094784313474,0.001611007157654376,2.3855781852659437,2.3860418954744094,2.384227718531875,2.3846914287403407,0.0,-0.0,True,False
quality_score_soft_proxy_0_1,13,4,8,0.0005625723207417959,0.0015625,2.3855781852659437,2.386149767181715,2.386120080843073,2.3866916627588446,0.0,-0.0,True,False
quality_score_soft_proxy_0_1,13,4,9,0.00020603495184768006,0.0017733643558272981,2.3855781852659437,2.3857875198672938,2.3849043978835436,2.3851137324848937,0.0,-0.0,True,False
quality_score_soft_proxy_0_1,13,4,10,0.0005500316427456841,0.0015625,2.3855781852659437,2.3861370256647763,2.3861811915350777,2.3867400319339103,0.0,-0.0,True,False
quality_score_soft_proxy_0_1,13,4,11,0.0005687136039946603,0.0015624999999999999,2.3855781852659437,2.386156006817612,2.3863100698654276,2.386887891417096,0.0,-0.0,True,False
quality_score_soft_proxy_0_1,13,4,12,0.0005465520455564707,0.0015625,2.3855781852659437,2.3861334903418423,2.385036161704292,2.3855914667801907,0.0,-0.0,True,False
quality_score_soft_proxy_0_1,13,4,14,0.0005499880572637424,0.0015625,2.3855781852659437,2.386136981381273,2.385196144565064,2.3857549406803926,-8.881784197001252e-16,8.881784197001252e-16,True,False
quality_score_soft_proxy_0_1,13,4,15,0.000566211225480556,0.0015624999999999999,2.3855781852659437,2.386153464363509,2.3862031550471072,2.3867784341446723,-4.440892098500626e-16,4.440892098500626e-16,True,False
quality_score_soft_proxy_0_1,13,4,16,0.000564459550682849,0.0015625,2.3855781852659437,2.3861516846356414,2.386296747015731,2.386870246385429,4.440892098500626e-16,-4.440892098500626e-16,True,False
quality_score_soft_proxy_0_1,13,5,6,0.0005591735435082748,0.0015625,2.3855781852659437,2.385606657323489,2.386290108168706,2.386318580226251,0.0,-0.0,True,False
quality_score_soft_proxy_0_1,13,5,7,0.0004484962090755425,0.0016146330292999302,2.3855781852659437,2.3856010218432853,2.38425110824392,2.3842739448212615,0.0,-0.0,True,False
quality_score_soft_proxy_0_1,13,5,8,0.0005584486962079872,0.0015625,2.3855781852659437,2.3856066204156376,2.386116108777946,2.38614454392764,0.0,-0.0,True,False
quality_score_soft_proxy_0_1,13,5,9,0.00020558921647087053,0.001771744399129463,2.3855781852659437,2.385588653479381,2.3849058555530807,2.384916323766518,0.0,-0.0,True,False
quality_score_soft_proxy_0_1,13,5,10,0.0005460891698948074,0.0015624999999999999,2.3855781852659437,2.385605991091971,2.3861768693549332,2.3862046751809607,0.0,-0.0,True,False
quality_score_soft_proxy_0_1,13,5,11,0.0005639551802862679,0.0015625,2.3855781852659437,2.3856069007953753,2.3863039461908655,2.386332661720297,0.0,-0.0,True,False
quality_score_soft_proxy_0_1,13,5,12,0.0005426591199612864,0.0015624999999999999,2.3855781852659437,2.385605816440327,2.3850400223748602,2.385067653549243,-4.440892098500626e-16,4.440892098500626e-16,True,False
quality_score_soft_proxy_0_1,13,5,14,0.000545536601556506,0.0015624999999999999,2.3855781852659437,2.3856059629562387,2.3851992366999486,2.3852270143902436,0.0,-0.0,True,False
quality_score_soft_proxy_0_1,13,5,15,0.0005614944107705835,0.0015625,2.3855781852659437,2.3856067754976533,2.3861979487450693,2.386226538976779,0.0,-0.0,True,False
quality_score_soft_proxy_0_1,13,5,16,0.0005603083152337007,0.0015625,2.3855781852659437,2.3856067151039158,2.3862914624581317,2.3863199922961034,-4.440892098500626e-16,4.440892098500626e-16,True,False
quality_score_soft_proxy_0_1,13,6,7,0.0004410197225710267,0.0016224329268891204,2.3855781852659437,2.3861396782849056,2.3842732307797294,2.3848347237986918,4.440892098500626e-16,-4.440892098500626e-16,True,False
quality_score_soft_proxy_0_1,13,6,8,0.0005623813487751336,0.0015625,2.3855781852659437,2.386294192249692,2.3861198968900768,2.386835903873825,0.0,-0.0,True,False
quality_score_soft_proxy_0_1,13,6,9,0.0002062886739429869,0.001772724084981584,2.3855781852659437,2.38584082578831,2.3849035681469144,2.385166208669281,0.0,-0.0,True,False
quality_score_soft_proxy_0_1,13,6,10,0.0005498490886691863,0.0015625,2.3855781852659437,2.386278236553833,2.38618099139886,2.386881042686749,0.0,-0.0,True,False
quality_score_soft_proxy_0_1,13,6,11,0.00057178058975642,0.0015625,2.3855781852659437,2.386306159080027,2.3863140168074914,2.387041990621575,0.0,-0.0,True,False
quality_score_soft_proxy_0_1,13,6,12,0.0005463717935341768,0.0015625,2.3855781852659437,2.3862738093664686,2.3850363404628268,2.3857319645633517,0.0,-0.0,True,False
quality_score_soft_proxy_0_1,13,6,14,0.0005509152535559426,0.0015625,2.3855781852659437,2.3862795939628336,2.385195500502494,2.3858969091993845,4.440892098500626e-16,-4.440892098500626e-16,True,False
quality_score_soft_proxy_0_1,13,6,15,0.0005661091878086649,0.0015625,2.3855781852659437,2.386298938421997,2.3862030424204788,2.3869237955765317,-4.440892098500626e-16,4.440892098500626e-16,True,False
quality_score_soft_proxy_0_1,13,6,16,0.0005642672955000138,0.0015624999999999999,2.3855781852659437,2.386296593380222,2.386296502273268,2.3870149103875464,0.0,-0.0,True,False
quality_score_soft_proxy_0_1,13,7,8,0.00045934207633402445,0.001608277684727513,2.3855781852659437,2.384219015885208,2.386020644715827,2.384661475335091,-4.440892098500626e-16,4.440892098500626e-16,True,False
quality_score_soft_proxy_0_1,13,7,9,0.00019074171870921562,0.0017632174619593443,2.3855781852659437,2.3850137904128363,2.384954410696576,2.3843900158434685,0.0,-0.0,True,False
quality_score_soft_proxy_0_1,13,7,10,0.0004641160785252721,0.0015973461071042622,2.3855781852659437,2.384204889860321,2.3860870012743454,2.3847137058687227,0.0,-0.0,True,False
quality_score_soft_proxy_0_1,13,7,11,0.00045790831359039327,0.0016104999015401783,2.3855781852659437,2.3842232583148064,2.3861674731611835,2.3848125462100462,0.0,-0.0,True,False
quality_score_soft_proxy_0_1,13,7,12,0.00046516852811381225,0.001594436129718805,2.3855781852659437,2.3842017757165723,2.3851168709145902,2.383740461365219,0.0,-0.0,True,False
quality_score_soft_proxy_0_1,13,7,14,0.0004641392392495715,0.0015979664757033434,2.3855781852659437,2.3842048213289395,2.3852557781192303,2.3838824141822257,-4.440892098500626e-16,4.440892098500626e-16,True,False
quality_score_soft_proxy_0_1,13,7,15,0.0004564145322219507,0.00160965060489732,2.3855781852659437,2.3842276783364027,2.386081964204767,2.3847314572752265,4.440892098500626e-16,-4.440892098500626e-16,True,False
quality_score_soft_proxy_0_1,13,7,16,0.00045913283360660183,0.0016095006610894174,2.3855781852659437,2.3842196350235865,2.386162665220091,2.3848041149777335,-4.440892098500626e-16,4.440892098500626e-16,True,False
quality_score_soft_proxy_0_1,13,8,9,0.00020670291065314275,0.0017723455042903727,2.3855781852659437,2.385777291032319,2.384902213486134,2.3851013192525095,0.0,-0.0,True,False
quality_score_soft_proxy_0_1,13,8,10,0.0005491481989296582,0.0015625,2.3855781852659437,2.3861071501104925,2.386180223005055,2.3867091878496036,0.0,-0.0,True,False
quality_score_soft_proxy_0_1,13,8,11,0.0005702195880103102,0.0015625,2.3855781852659437,2.3861274470432168,2.386312007934959,2.3868612697122322,0.0,-0.0,True,False
quality_score_soft_proxy_0_1,13,8,12,0.0005456797351639207,0.0015625,2.3855781852659437,2.3861038091264004,2.3850370267871135,2.3855626506475702,0.0,-0.0,True,False
quality_score_soft_proxy_0_1,13,8,14,0.0005502116448507622,0.0015625,2.3855781852659437,2.3861081744705968,2.385195989253403,2.3857259784580562,0.0,-0.0,True,False
quality_score_soft_proxy_0_1,13,8,15,0.0005653662598209128,0.0015624999999999999,2.3855781852659437,2.3861227720939113,2.3862022223951573,2.3867468092231254,4.440892098500626e-16,-4.440892098500626e-16,True,False
quality_score_soft_proxy_0_1,13,8,16,0.0005635291908756862,0.0015624999999999999,2.3855781852659437,2.3861210025444697,2.3862955626598805,2.3868383799384065,0.0,-0.0,True,False
quality_score_soft_proxy_0_1,13,9,10,0.00020519812164724194,0.0017706114873030116,2.3855781852659437,2.384907134533929,2.385803146421179,2.3851320956891633,-8.881784197001252e-16,8.881784197001252e-16,True,False
quality_score_soft_proxy_0_1,13,9,11,0.0002061869316992268,0.0017720990802467865,2.3855781852659437,2.384903900870268,2.3858435297888554,2.38516924539318,0.0,-0.0,True,False
quality_score_soft_proxy_0_1,13,9,12,0.00019393020133858568,0.0017774248567972708,2.3855781852659437,2.3849439835367883,2.385385861882844,2.3847516601536887,0.0,-0.0,True,False
quality_score_soft_proxy_0_1,13,9,14,0.00018649787867207394,0.001781971714533076,2.3855781852659437,2.3849682891470247,2.3854486373978774,2.384838741278958,-4.440892098500626e-16,4.440892098500626e-16,True,False
quality_score_soft_proxy_0_1,13,9,15,0.0002057619128890874,0.0017719315337368462,2.3855781852659437,2.3849052907912935,2.3858053001161674,2.3851324056415173,0.0,-0.0,True,False
quality_score_soft_proxy_0_1,13,9,16,0.00020602611152755495,0.0017712512217270026,2.3855781852659437,2.3849044267936685,2.38584045823665,2.385166699764375,0.0,-0.0,True,False
quality_score_soft_proxy_0_1,13,10,11,0.0005659260866991122,0.0015625,2.3855781852659437,2.386198616804105,2.386306482574803,2.3869269141129643,0.0,-0.0,True,False
quality_score_soft_proxy_0_1,13,10,12,0.0005338729749188044,0.0015625,2.3855781852659437,2.386163476594257,2.385048735721865,2.3856340270501786,0.0,-0.0,True,False
quality_score_soft_proxy_0_1,13,10,14,0.0005382101148637506,0.0015625,2.3855781852659437,2.3861682314526576,2.385204325930659,2.3857943721173727,0.0,-0.0,True,False
quality_score_soft_proxy_0_1,13,10,15,0.0005527021113910158,0.0015625,2.3855781852659437,2.386184119201796,2.3861882440250426,2.386794177960895,0.0,-0.0,True,False
quality_score_soft_proxy_0_1,13,10,16,0.0005509462932152173,0.0015625,2.3855781852659437,2.3861821942773274,2.386279544525456,2.3868835535368396,0.0,-0.0,True,False
quality_score_soft_proxy_0_1,13,11,12,0.0005622431550164419,0.0015625,2.3855781852659437,2.3863017429642848,2.3850206006042924,2.3857441583026335,0.0,-0.0,True,False
quality_score_soft_proxy_0_1,13,11,14,0.0005514510930708778,0.0015624999999999999,2.3855781852659437,2.386287854525747,2.3851951282898596,2.385904797549663,0.0,-0.0,True,False
quality_score_soft_proxy_0_1,13,11,15,0.0005677619671851035,0.0015625,2.3855781852659437,2.3863088451921994,2.386204866716993,2.386935526643249,0.0,-0.0,True,False
quality_score_soft_proxy_0_1,13,11,16,0.0005780824424427573,0.0015625,2.3855781852659437,2.386322126739972,2.386314089071381,2.3870580305454094,0.0,-0.0,True,False
quality_score_soft_proxy_0_1,13,12,14,0.0005348780274537693,0.0015625,2.3855781852659437,2.385047738996742,2.3852066405136623,2.3846761942444608,0.0,-0.0,True,False
quality_score_soft_proxy_0_1,13,12,15,0.0005491887523792581,0.0015624999999999999,2.3855781852659437,2.385033546844033,2.3861843660672877,2.3856397276453776,4.440892098500626e-16,-4.440892098500626e-16,True,False
quality_score_soft_proxy_0_1,13,12,16,0.0005474551506498652,0.0015625,2.3855781852659437,2.38503526608192,2.3862751002716425,2.385732181087619,4.440892098500626e-16,-4.440892098500626e-16,True,False
quality_score_soft_proxy_0_1,13,14,15,0.0005490980071807919,0.0015624999999999999,2.3855781852659437,2.3851967628245934,2.3861842659050088,2.3858028434636585,0.0,-0.0,True,False
quality_score_soft_proxy_0_1,13,14,16,0.0005520167214782281,0.0015625,2.3855781852659437,2.3851947353848315,2.386280907189627,2.385897457308514,-8.881784197001252e-16,8.881784197001252e-16,True,False
quality_score_soft_proxy_0_1,13,15,16,0.0005672723134083905,0.0015624999999999999,2.3855781852659437,2.3862043262494077,2.3863003276863095,2.3869264686697735,0.0,-0.0,True,False
quality_score_soft_proxy_0_1,14,0,1,0.0005835839976116242,0.0015625,2.3855781852659437,2.3868726627518817,2.3868583052787105,2.3881527827646485,0.0,-0.0,True,False
quality_score_soft_proxy_0_1,14,0,2,0.0004132792444297563,0.0016071652350203238,2.3855781852659437,2.386494901076366,2.3855165608089517,2.3864332766193734,-4.440892098500626e-16,4.440892098500626e-16,True,False
quality_score_soft_proxy_0_1,14,0,3,0.0005859325270369223,0.0015625,2.3855781852659437,2.3868778721450084,2.386795444269052,2.3880951311481167,0.0,-0.0,True,False
quality_score_soft_proxy_0_1,14,0,4,0.000586130638478978,0.0015625,2.3855781852659437,2.3868783115861216,2.3865808493720206,2.3878809756921986,0.0,-0.0,True,False
quality_score_soft_proxy_0_1,14,0,5,0.0005804714900027405,0.0015625,2.3855781852659437,2.386865758739707,2.3860109573207207,2.387298530794484,0.0,-0.0,True,False
quality_score_soft_proxy_0_1,14,0,6,0.0005958018072394971,0.0015625,2.3855781852659437,2.386899763699741,2.3867506066841524,2.3880721851179496,0.0,-0.0,True,False
quality_score_soft_proxy_0_1,14,0,7,0.0004369717415068278,0.001624693682599322,2.3855781852659437,2.3865474546148064,2.3845887442101854,2.385558013559048,0.0,-0.0,True,False
quality_score_soft_proxy_0_1,14,0,8,0.0005836305819353539,0.0015625,2.3855781852659437,2.3868727660829503,2.3865457750909247,2.3878403559079313,0.0,-0.0,True,False
quality_score_soft_proxy_0_1,14,0,9,0.0002036783566290102,0.0017888030160261856,2.3855781852659437,2.386029974636639,2.3850535865786027,2.385505375949298,0.0,-0.0,True,False
quality_score_soft_proxy_0_1,14,0,10,0.0005783835181286293,0.0015625,2.3855781852659437,2.3868611273025984,2.3866140392039514,2.3878969812406066,4.440892098500626e-16,-4.440892098500626e-16,True,False
quality_score_soft_proxy_0_1,14,0,11,0.0005856149084518841,0.0015625,2.3855781852659437,2.386877167618995,2.3867386087062687,2.38803759105932,0.0,-0.0,True,False
quality_score_soft_proxy_0_1,14,0,12,0.0005688116947074375,0.0015625,2.3855781852659437,2.386839895551953,2.3854092027381677,2.386670913024177,0.0,-0.0,True,False
quality_score_soft_proxy_0_1,14,0,13,0.0005513228488541828,0.0015625,2.3855781852659437,2.386801102649295,2.3859611531591653,2.3871840705425167,0.0,-0.0,True,False
quality_score_soft_proxy_0_1,14,0,15,0.0005817563266566017,0.0015625,2.3855781852659437,2.386868608701543,2.386624421378827,2.3879148448144263,0.0,-0.0,True,False
quality_score_soft_proxy_0_1,14,0,16,0.0005844758418751168,0.0015624999999999999,2.3855781852659437,2.3868746409972155,2.386728225029828,2.3880246807610996,0.0,-0.0,True,False
quality_score_soft_proxy_0_1,14,1,2,0.00040824974148472444,0.001602124665417391,2.3855781852659437,2.386473701021037,2.3855173107628684,2.386412826517961,-4.440892098500626e-16,4.440892098500626e-16,True,False
quality_score_soft_proxy_0_1,14,1,3,0.0005827295542409356,0.0015625,2.3855781852659437,2.386856431015429,2.3867887901795575,2.3880670359290423,-4.440892098500626e-16,4.440892098500626e-16,True,False
quality_score_soft_proxy_0_1,14,1,4,0.000580279123686687,0.0015625,2.3855781852659437,2.386851055876279,2.3865708394809433,2.387843710091279,0.0,-0.0,True,False
quality_score_soft_proxy_0_1,14,1,5,0.0005761537737854677,0.0015625,2.3855781852659437,2.386842006719706,2.3860077382359743,2.387271559689736,-4.440892098500626e-16,4.440892098500626e-16,True,False
quality_score_soft_proxy_0_1,14,1,6,0.0005878567329968508,0.0015625,2.3855781852659437,2.3868676777325444,2.386734972332094,2.388024464798695,0.0,-0.0,True,False
quality_score_soft_proxy_0_1,14,1,7,0.00043850550414163973,0.0016214576824793753,2.3855781852659437,2.386540068514726,2.384585271290597,2.3855471545393794,0.0,-0.0,True,False
quality_score_soft_proxy_0_1,14,1,8,0.000579810671640412,0.0015625,2.3855781852659437,2.3868500283038276,2.386539442135716,2.3878112851735995,-4.440892098500626e-16,4.440892098500626e-16,True,False
quality_score_soft_proxy_0_1,14,1,9,0.00020228794365613375,0.0017875511796484386,2.3855781852659437,2.386021913754174,2.385057167758422,2.3855008962466524,0.0,-0.0,True,False
quality_score_soft_proxy_0_1,14,1,10,0.0005743434744917873,0.0015625,2.3855781852659437,2.386838035739754,2.3866068037019366,2.3878666541757467,0.0,-0.0,True,False
quality_score_soft_proxy_0_1,14,1,11,0.0005814735715607819,0.0015624999999999999,2.3855781852659437,2.3868536759560524,2.3867304024527507,2.3880058931428594,0.0,-0.0,True,False
quality_score_soft_proxy_0_1,14,1,12,0.0005649038123723934,0.0015625,2.3855781852659437,2.3868173293796713,2.385410363691505,2.3866495078052328,0.0,-0.0,True,False
quality_score_soft_proxy_0_1,14,1,13,0.0005484861693549355,0.0015625,2.3855781852659437,2.386781316477544,2.3859591827036075,2.387162313915208,0.0,-0.0,True,False
quality_score_soft_proxy_0_1,14,1,15,0.000577767035394053,0.0015625,2.3855781852659437,2.3868455454878683,2.386617246999465,2.3878846072213897,0.0,-0.0,True,False
quality_score_soft_proxy_0_1,14,1,16,0.0005812887317721509,0.0015625,2.3855781852659437,2.3868532705009446,2.3867219539351345,2.3879970391701355,0.0,-0.0,True,False
quality_score_soft_proxy_0_1,14,2,3,0.00041149402451764983,0.0015995414357136233,2.3855781852659437,2.3855168270047726,2.3864330529903937,2.3863716947292226,0.0,-0.0,True,False
quality_score_soft_proxy_0_1,14,2,4,0.00040984275321932784,0.0016039547778498048,2.3855781852659437,2.3855170732273896,2.3862792825824997,2.3862181705439456,0.0,-0.0,True,False
quality_score_soft_proxy_0_1,14,2,5,0.00041625086603884546,0.0015932213266776072,2.3855781852659437,2.385516117707658,2.3858885222001445,2.3858264546418586,0.0,-0.0,True,False
quality_score_soft_proxy_0_1,14,2,6,0.0004106190652372017,0.0015992400796461833,2.3855781852659437,2.385516957470774,2.3863862032695136,2.386324975474344,0.0,-0.0,True,False
quality_score_soft_proxy_0_1,14,2,7,0.0002874205679338887,0.001689965679707752,2.3855781852659437,2.3855353277146247,2.3849273749659403,2.3848845174146214,0.0,-0.0,True,False
quality_score_soft_proxy_0_1,14,2,8,0.0004114396519551056,0.0015988141408003354,2.3855781852659437,2.3855168351123166,2.386260303086955,2.386198952933328,0.0,-0.0,True,False
quality_score_soft_proxy_0_1,14,2,9,0.00018814913852869,0.0017704784722455905,2.3855781852659437,2.3855501301708677,2.385093583992003,2.3850655288969276,4.440892098500626e-16,-4.440892098500626e-16,True,False
quality_score_soft_proxy_0_1,14,2,10,0.00041828075620291137,0.0015889474551375672,2.3855781852659437,2.385515815028825,2.3863273037226858,2.3862649334855677,4.440892098500626e-16,-4.440892098500626e-16,True,False
quality_score_soft_proxy_0_1,14,2,11,0.00041148935831932903,0.0015998359188756715,2.3855781852659437,2.385516827700554,2.3863935707521167,2.3863322131867264,-4.440892098500626e-16,4.440892098500626e-16,True,False
quality_score_soft_proxy_0_1,14,2,12,0.00042528665508827435,0.001576835030656557,2.3855781852659437,2.3855147703726507,2.3854518411441985,2.3853884262509055,0.0,-0.0,True,False
quality_score_soft_proxy_0_1,14,2,13,0.00038487668682679567,0.001608235866818909,2.3855781852659437,2.38552079594104,2.3858455339060565,2.3857881445811526,0.0,-0.0,True,False
quality_score_soft_proxy_0_1,14,2,15,0.0003864900783000373,0.001618905710939972,2.3855781852659437,2.3855205553667194,2.386273252699954,2.3862156228007296,0.0,-0.0,True,False
quality_score_soft_proxy_0_1,14,2,16,0.00041554400508419,0.001598338135468121,2.3855781852659437,2.3855162231083598,2.3863958274938195,2.386333865336236,4.440892098500626e-16,-4.440892098500626e-16,True,False
quality_score_soft_proxy_0_1,14,3,4,0.0005825353420632811,0.0015625,2.3855781852659437,2.3867883867090027,2.3865746990798673,2.3877849005229264,0.0,-0.0,True,False
quality_score_soft_proxy_0_1,14,3,5,0.0005783779646685301,0.0015625,2.3855781852659437,2.3867797498697256,2.38600939648737,2.3872109610911525,4.440892098500626e-16,-4.440892098500626e-16,True,False
quality_score_soft_proxy_0_1,14,3,6,0.0005901723796140303,0.0015625,2.3855781852659437,2.386804252448293,2.3867395290716975,2.3879655962540474,4.440892098500626e-16,-4.440892098500626e-16,True,False
quality_score_soft_proxy_0_1,14,3,7,0.0004364364853684932,0.0016247525089245313,2.3855781852659437,2.3864848702792956,2.384589956197937,2.385496641211289,0.0,-0.0,True,False
quality_score_soft_proxy_0_1,14,3,8,0.0005819187061933816,0.0015625,2.3855781852659437,2.3867871056646335,2.386542937005326,2.387751857404016,0.0,-0.0,True,False
quality_score_soft_proxy_0_1,14,3,9,0.00020349106704640487,0.001787096967569421,2.3855781852659437,2.386000932462907,2.3850540689659843,2.385476816162947,-4.440892098500626e-16,4.440892098500626e-16,True,False
quality_score_soft_proxy_0_1,14,3,10,0.0005777103218184498,0.0015625,2.3855781852659437,2.386778362859733,2.386612833545376,2.3878130111391647,-4.440892098500626e-16,4.440892098500626e-16,True,False
quality_score_soft_proxy_0_1,14,3,11,0.0005849247833274177,0.0015625,2.3855781852659437,2.3867933507087074,2.386737241190928,2.3879524066336915,0.0,-0.0,True,False
quality_score_soft_proxy_0_1,14,3,12,0.0005681605832929455,0.0015625,2.3855781852659437,2.386758523535816,2.385409396170289,2.386589734440161,-4.440892098500626e-16,4.440892098500626e-16,True,False
quality_score_soft_proxy_0_1,14,3,13,0.000549795006091005,0.0015625,2.3855781852659437,2.3867203695451007,2.3859600918668114,2.387102276145968,-4.440892098500626e-16,4.440892098500626e-16,True,False
quality_score_soft_proxy_0_1,14,3,15,0.0005800554121803653,0.0015625,2.3855781852659437,2.386783234721636,2.3866213624380497,2.387826411893742,0.0,-0.0,True,False
quality_score_soft_proxy_0_1,14,3,16,0.0005827590112880758,0.0015625,2.3855781852659437,2.386788851375777,2.3867248469202442,2.3879355130300777,0.0,-0.0,True,False
quality_score_soft_proxy_0_1,14,4,5,0.0005742169285781601,0.0015624999999999999,2.3855781852659437,2.38656046918968,2.3860062942159064,2.3869885781396425,0.0,-0.0,True,False
quality_score_soft_proxy_0_1,14,4,6,0.0005858405431142883,0.0015625,2.3855781852659437,2.386580353120519,2.3867310048647705,2.387733172719346,0.0,-0.0,True,False
quality_score_soft_proxy_0_1,14,4,7,0.00043625742096918443,0.0016266061811170299,2.3855781852659437,2.3863244688216896,2.3845903616558917,2.3853366452116367,-8.881784197001252e-16,8.881784197001252e-16,True,False
quality_score_soft_proxy_0_1,14,4,8,0.0005782434182271761,0.0015625,2.3855781852659437,2.3865673571023387,2.386536843816672,2.387526015653067,0.0,-0.0,True,False
quality_score_soft_proxy_0_1,14,4,9,0.00020383009619777035,0.001785822787182179,2.3855781852659437,2.385926867125889,2.385053195754659,2.385401877614604,0.0,-0.0,True,False
quality_score_soft_proxy_0_1,14,4,10,0.0005758319312473184,0.0015625,2.3855781852659437,2.38656323189325,2.386609469448355,2.387594516075661,-4.440892098500626e-16,4.440892098500626e-16,True,False
quality_score_soft_proxy_0_1,14,4,11,0.0005836211252813758,0.0015625,2.3855781852659437,2.386576556474428,2.3867346579312927,2.387733029139777,0.0,-0.0,True,False
quality_score_soft_proxy_0_1,14,4,12,0.0005727099310191126,0.0015625,2.3855781852659437,2.386557891245001,2.3854080446504704,2.386387750629528,0.0,-0.0,True,False
quality_score_soft_proxy_0_1,14,4,13,0.0005499694303428242,0.0015625,2.3855781852659437,2.3865189902180193,2.385960213027921,2.386901017979997,4.440892098500626e-16,-4.440892098500626e-16,True,False
quality_score_soft_proxy_0_1,14,4,15,0.000580032431809319,0.0015625,2.3855781852659437,2.386570417477597,2.386621321109932,2.387613553321585,0.0,-0.0,True,False
quality_score_soft_proxy_0_1,14,4,16,0.0005799222292156108,0.0015624999999999999,2.3855781852659437,2.386570228959581,2.3867192651460267,2.387711308839664,0.0,-0.0,True,False
quality_score_soft_proxy_0_1,14,5,6,0.0005816360257075588,0.0015625,2.3855781852659437,2.3860118255433957,2.386722731196915,2.3871563714743673,4.440892098500626e-16,-4.440892098500626e-16,True,False
quality_score_soft_proxy_0_1,14,5,7,0.00044690044168784024,0.0016158501261191905,2.3855781852659437,2.3859113730723407,2.3845662625193658,2.3848994503257632,4.440892098500626e-16,-4.440892098500626e-16,True,False
quality_score_soft_proxy_0_1,14,5,8,0.0005741468600672769,0.0015625,2.3855781852659437,2.386006241976143,2.3865300522123323,2.386958108922532,0.0,-0.0,True,False
quality_score_soft_proxy_0_1,14,5,9,0.0001958947108289086,0.0017913918828312847,2.3855781852659437,2.3857242350857635,2.3850736343167966,2.385219684136616,-4.440892098500626e-16,4.440892098500626e-16,True,False
quality_score_soft_proxy_0_1,14,5,10,0.0005717693501094943,0.0015625,2.3855781852659437,2.3860044694173053,2.3866021935828807,2.3870284777342423,0.0,-0.0,True,False
quality_score_soft_proxy_0_1,14,5,11,0.0005794482911421138,0.0015625,2.3855781852659437,2.3860101944721035,2.3867263892644983,2.387158398470658,0.0,-0.0,True,False
quality_score_soft_proxy_0_1,14,5,12,0.0005662635053445172,0.0015625,2.3855781852659437,2.3860003645201773,2.3854099597540377,2.3858321390082713,0.0,-0.0,True,False
quality_score_soft_proxy_0_1,14,5,13,0.0005449840520930741,0.0015625,2.3855781852659437,2.3859844995675195,2.3859567500119967,2.386363064313572,-4.440892098500626e-16,4.440892098500626e-16,True,False
quality_score_soft_proxy_0_1,14,5,15,0.0005747028776846403,0.0015625,2.3855781852659437,2.3860066565165483,2.386611736389087,2.3870402076396915,0.0,-0.0,True,False
quality_score_soft_proxy_0_1,14,5,16,0.0005758019342427228,0.0015625,2.3855781852659437,2.386007475921072,2.3867111578767126,2.387140448531841,0.0,-0.0,True,False
quality_score_soft_proxy_0_1,14,6,7,0.0004221830183168205,0.001639598271786711,2.3855781852659437,2.3864089588672726,2.3846222305171856,2.3854530041185145,0.0,-0.0,True,False
quality_score_soft_proxy_0_1,14,6,8,0.0005857676093416444,0.0015624999999999999,2.3855781852659437,2.3867308613453715,2.3865493180272237,2.387701994106652,4.440892098500626e-16,-4.440892098500626e-16,True,False
quality_score_soft_proxy_0_1,14,6,9,0.00020211497733536583,0.0017889843528862176,2.3855781852659437,2.3859759080077843,2.385057613254479,2.3854553359963195,0.0,-0.0,True,False
quality_score_soft_proxy_0_1,14,6,10,0.0005832930910699414,0.0015625,2.3855781852659437,2.386725991977427,2.386622831986432,2.3877706386979156,0.0,-0.0,True,False
quality_score_soft_proxy_0_1,14,6,11,0.0005912868459136688,0.0015625,2.3855781852659437,2.3867417221233866,2.3867498479166915,2.387913384774134,-4.440892098500626e-16,4.440892098500626e-16,True,False
quality_score_soft_proxy_0_1,14,6,12,0.0005718149033434044,0.0015625,2.3855781852659437,2.3867034051491074,2.3854083105452126,2.386533530428377,4.440892098500626e-16,-4.440892098500626e-16,True,False
quality_score_soft_proxy_0_1,14,6,13,0.0005572367251341175,0.0015625,2.3855781852659437,2.386674718145873,2.385965261141892,2.3870617940218213,0.0,-0.0,True,False
quality_score_soft_proxy_0_1,14,6,15,0.0005876035575766364,0.0015625,2.3855781852659437,2.386734474132388,2.386634937094546,2.3877912259609904,0.0,-0.0,True,False
quality_score_soft_proxy_0_1,14,6,16,0.0005874904595525507,0.0015625,2.3855781852659437,2.3867342515775984,2.3867341567210176,2.3878902230326724,0.0,-0.0,True,False
quality_score_soft_proxy_0_1,14,7,8,0.00043894389764686343,0.0016212993248584035,2.3855781852659437,2.3845842786302223,2.38630590184257,2.385311995206849,4.440892098500626e-16,-4.440892098500626e-16,True,False
quality_score_soft_proxy_0_1,14,7,9,0.00017879000498050924,0.0017933238016235632,2.3855781852659437,2.385173348626675,2.3851176895928896,2.3847128529536206,-4.440892098500626e-16,4.440892098500626e-16,True,False
quality_score_soft_proxy_0_1,14,7,10,0.0004433013012941289,0.001615162357527982,2.3855781852659437,2.3845744121018964,2.3863721141803693,2.3853683410163224,4.440892098500626e-16,-4.440892098500626e-16,True,False
quality_score_soft_proxy_0_1,14,7,11,0.0004376344652971858,0.0016231323905444817,2.3855781852659437,2.384587243595696,2.3864453785093116,2.3854544368390638,0.0,-0.0,True,False
quality_score_soft_proxy_0_1,14,7,12,0.0004378635509808271,0.001614331643427738,2.3855781852659437,2.3845867248738672,2.385448104801083,2.3844566444090067,0.0,-0.0,True,False
quality_score_soft_proxy_0_1,14,7,13,0.00045349207055514696,0.0016011166363021757,2.3855781852659437,2.384551337004496,2.3858931965215344,2.3848663482600867,0.0,-0.0,True,False
quality_score_soft_proxy_0_1,14,7,15,0.0004263315224325237,0.0016298178738480525,2.3855781852659437,2.3846128370029094,2.3863449039321467,2.3853795556691124,0.0,-0.0,True,False
quality_score_soft_proxy_0_1,14,7,16,0.00043875282226744146,0.001625560089184479,2.3855781852659437,2.384584711284802,2.386441494159097,2.3854480201779555,4.440892098500626e-16,-4.440892098500626e-16,True,False
quality_score_soft_proxy_0_1,14,8,9,0.0002033632742578873,0.0017861890678600556,2.3855781852659437,2.385915337295048,2.3850543981120467,2.385391550141151,0.0,-0.0,True,False
quality_score_soft_proxy_0_1,14,8,10,0.0005746769292632462,0.0015624999999999999,2.3855781852659437,2.386530931003774,2.3866074009015925,2.387560146639423,0.0,-0.0,True,False
quality_score_soft_proxy_0_1,14,8,11,0.0005818153594304114,0.0015624999999999999,2.3855781852659437,2.3865427656687315,2.386731079721464,2.3876956601242516,0.0,-0.0,True,False
quality_score_soft_proxy_0_1,14,8,12,0.0005652263931029897,0.0015625,2.3855781852659437,2.386515263143123,2.38541026785925,2.38634734573643,4.440892098500626e-16,-4.440892098500626e-16,True,False
quality_score_soft_proxy_0_1,14,8,13,0.0005477677595345645,0.0015625,2.3855781852659437,2.3864863188130596,2.385958683671333,2.386866817218449,0.0,-0.0,True,False
quality_score_soft_proxy_0_1,14,8,15,0.000577799325262127,0.0015625,2.3855781852659437,2.3865361075635563,2.386617305069871,2.387575227367483,-4.440892098500626e-16,4.440892098500626e-16,True,False
quality_score_soft_proxy_0_1,14,8,16,0.0005798507615017495,0.0015625,2.3855781852659437,2.38653950859992,2.386719124523084,2.3876804478570604,0.0,-0.0,True,False
quality_score_soft_proxy_0_1,14,9,10,0.00020319050705120035,0.0017857560549171575,2.3855781852659437,2.3850548430952614,2.385942088593576,2.3854187464228938,0.0,-0.0,True,False
quality_score_soft_proxy_0_1,14,9,11,0.00020336470578813251,0.0017874537684321706,2.3855781852659437,2.3850543944249645,2.3859811619800357,2.3854573711390565,0.0,-0.0,True,False
quality_score_soft_proxy_0_1,14,9,12,0.0001947633005505824,0.0017916845082457502,2.3855781852659437,2.385076548403284,2.3855203250019033,2.3850186881392434,0.0,-0.0,True,False
quality_score_soft_proxy_0_1,14,9,13,0.00020104107033996687,0.001782530542488846,2.3855781852659437,2.385060379234181,2.385717835337257,2.3852000293054942,0.0,-0.0,True,False
quality_score_soft_proxy_0_1,14,9,15,0.0002038756265949435,0.0017861932820560475,2.3855781852659437,2.385053078485514,2.385944837132553,2.3854197303521234,0.0,-0.0,True,False
quality_score_soft_proxy_0_1,14,9,16,0.00020393027312331377,0.0017861224396616855,2.3855781852659437,2.385052937736652,2.3859794472281135,2.3854541996988217,0.0,-0.0,True,False
quality_score_soft_proxy_0_1,14,10,11,0.0005763104708691513,0.0015625,2.3855781852659437,2.386610326487216,2.386720171526282,2.3877523127475544,0.0,-0.0,True,False
quality_score_soft_proxy_0_1,14,10,12,0.0005600295427655227,0.0015625,2.3855781852659437,2.3865811682159963,2.3854118117390875,2.38641479468914,0.0,-0.0,True,False
quality_score_soft_proxy_0_1,14,10,13,0.0005460271390844406,0.0015625,2.3855781852659437,2.3865560906601186,2.385957474576248,2.386935379970423,0.0,-0.0,True,False
quality_score_soft_proxy_0_1,14,10,15,0.0005726692595543984,0.0015625,2.3855781852659437,2.3866038052725527,2.386608079110893,2.387633699117502,0.0,-0.0,True,False
quality_score_soft_proxy_0_1,14,10,16,0.0005774258775780335,0.0015625,2.3855781852659437,2.3866123241209585,2.386714353217351,2.3877484920723657,0.0,-0.0,True,False
quality_score_soft_proxy_0_1,14,11,12,0.0005668065755759932,0.0015625,2.3855781852659437,2.386701339111476,2.3854097984187814,2.386532952264314,0.0,-0.0,True,False
quality_score_soft_proxy_0_1,14,11,13,0.0005510192767082983,0.0015625,2.3855781852659437,2.3866700558374316,2.3859609422874675,2.387052812858956,4.440892098500626e-16,-4.440892098500626e-16,True,False
quality_score_soft_proxy_0_1,14,11,15,0.0005797575921398862,0.0015624999999999999,2.3855781852659437,2.386727002158949,2.3866208268356557,2.387769643728661,0.0,-0.0,True,False
quality_score_soft_proxy_0_1,14,11,16,0.0005841346735621152,0.0015624999999999999,2.3855781852659437,2.386735675551326,2.3867275537324053,2.3878850440177875,0.0,-0.0,True,False
quality_score_soft_proxy_0_1,14,12,13,0.0005438129116237188,0.0015625,2.3855781852659437,2.3854166293744274,2.3859559364973757,2.3857943806058595,0.0,-0.0,True,False
quality_score_soft_proxy_0_1,14,12,15,0.0005632841009348079,0.0015625,2.3855781852659437,2.3854108448752354,2.3865912007523375,2.3864238603616292,0.0,-0.0,True,False
quality_score_soft_proxy_0_1,14,12,16,0.0005760424581608123,0.0015624999999999999,2.3855781852659437,2.385407054623603,2.386711631141902,2.386540500499561,0.0,-0.0,True,False
quality_score_soft_proxy_0_1,14,13,15,0.0005461164392944924,0.0015625,2.3855781852659437,2.3859575366072585,2.386560326266305,2.3869396776076197,0.0,-0.0,True,False
quality_score_soft_proxy_0_1,14,13,16,0.0005485122660308328,0.0015625,2.3855781852659437,2.3859592008312602,2.3866574615537197,2.3870384771190363,0.0,-0.0,True,False
quality_score_soft_proxy_0_1,14,15,16,0.0005786277670202769,0.0015625,2.3855781852659437,2.386618794947411,2.3867167181066273,2.3877573277880937,-8.881784197001252e-16,8.881784197001252e-16,True,False
quality_score_soft_proxy_0_1,15,0,1,0.001,0.0018248008233518937,2.3855781852659437,2.3859979268510845,2.385973324611767,2.3863930661969075,-4.440892098500626e-16,4.440892098500626e-16,True,False
quality_score_soft_proxy_0_1,15,0,2,0.0005156482544246565,0.0018237600746804233,2.3855781852659437,2.3857946242816306,2.3845739497427454,2.3847903887584323,0.0,-0.0,True,False
quality_score_soft_proxy_0_1,15,0,3,0.001,0.0018253883020205863,2.3855781852659437,2.3859979268510845,2.3858572487488234,2.3862769903339642,0.0,-0.0,True,False
quality_score_soft_proxy_0_1,15,0,4,0.001,0.0018275774037936937,2.3855781852659437,2.3859979268510845,2.3854904252898748,2.385910166875015,-4.440892098500626e-16,4.440892098500626e-16,True,False
quality_score_soft_proxy_0_1,15,0,5,0.001,0.0018107723950682043,2.3855781852659437,2.3859979268510845,2.3845253283967103,2.384945069981851,0.0,-0.0,True,False
quality_score_soft_proxy_0_1,15,0,6,0.001,0.001824842397885168,2.3855781852659437,2.3859979268510845,2.3857475801522727,2.386167321737413,-4.440892098500626e-16,4.440892098500626e-16,True,False
quality_score_soft_proxy_0_1,15,0,7,0.0004949088125922296,0.0018435278061968152,2.3855781852659437,2.385785919075441,2.383567507795068,2.3837752416045657,4.440892098500626e-16,-4.440892098500626e-16,True,False
quality_score_soft_proxy_0_1,15,0,8,0.001,0.0018263220673852673,2.3855781852659437,2.3859979268510845,2.3854376563612454,2.3858573979463857,-4.440892098500626e-16,4.440892098500626e-16,True,False
quality_score_soft_proxy_0_1,15,0,9,0.00020527151524898826,0.0018606349918302444,2.3855781852659437,2.3856643462571383,2.3846803209563583,2.3847664819475534,4.440892098500626e-16,-4.440892098500626e-16,True,False
quality_score_soft_proxy_0_1,15,0,10,0.001,0.001810794185649399,2.3855781852659437,2.3859979268510845,2.385570722252574,2.3859904638377145,-4.440892098500626e-16,4.440892098500626e-16,True,False
quality_score_soft_proxy_0_1,15,0,11,0.001,0.0018262073822106141,2.3855781852659437,2.3859979268510845,2.3857613227094783,2.3861810642946186,-4.440892098500626e-16,4.440892098500626e-16,True,False
quality_score_soft_proxy_0_1,15,0,12,0.001,0.0017939091848482235,2.3855781852659437,2.3859979268510845,2.38348269584037,2.383902437425511,0.0,-0.0,True,False
quality_score_soft_proxy_0_1,15,0,13,0.001,0.001787124964287349,2.3855781852659437,2.3859979268510845,2.3844744102910957,2.384894151876236,-4.440892098500626e-16,4.440892098500626e-16,True,False
quality_score_soft_proxy_0_1,15,0,14,0.001,0.001728274754727649,2.3855781852659437,2.3859979268510845,2.3837797757516097,2.3841995173367505,0.0,-0.0,True,False
quality_score_soft_proxy_0_1,15,0,16,0.001,0.0018169446857962492,2.3855781852659437,2.3859979268510845,2.3857474186916408,2.386167160276781,-4.440892098500626e-16,4.440892098500626e-16,True,False
quality_score_soft_proxy_0_1,15,1,2,0.0005236981480897722,0.001821411048751456,2.3855781852659437,2.3857851190095887,2.38455827241017,2.3847652061538147,-4.440892098500626e-16,4.440892098500626e-16,True,False
quality_score_soft_proxy_0_1,15,1,3,0.001,0.0018250100999143179,2.3855781852659437,2.385973324611767,2.3858572487488234,2.3862523880946465,-4.440892098500626e-16,4.440892098500626e-16,True,False
quality_score_soft_proxy_0_1,15,1,4,0.001,0.0018271992016874253,2.3855781852659437,2.385973324611767,2.3854904252898748,2.385885564635698,-4.440892098500626e-16,4.440892098500626e-16,True,False
quality_score_soft_proxy_0_1,15,1,5,0.001,0.0018114856741592502,2.3855781852659437,2.385973324611767,2.3845253283967103,2.3849204677425337,0.0,-0.0,True,False
quality_score_soft_proxy_0_1,15,1,6,0.001,0.0018244641957788994,2.3855781852659437,2.385973324611767,2.3857475801522727,2.3861427194980953,-8.881784197001252e-16,8.881784197001252e-16,True,False
quality_score_soft_proxy_0_1,15,1,7,0.0004929559886726816,0.001847077498969625,2.3855781852659437,2.3857729715728277,2.383575441577938,2.3837702278848223,0.0,-0.0,True,False
quality_score_soft_proxy_0_1,15,1,8,0.001,0.00183161778424571,2.3855781852659437,2.385973324611767,2.3854376563612454,2.3858327957070684,-4.440892098500626e-16,4.440892098500626e-16,True,False
quality_score_soft_proxy_0_1,15,1,9,0.00020489304517735623,0.00186095166653017,2.3855781852659437,2.3856591465697785,2.3846819763968083,2.3847629377006436,4.440892098500626e-16,-4.440892098500626e-16,True,False
quality_score_soft_proxy_0_1,15,1,10,0.001,0.0018224385446975954,2.3855781852659437,2.385973324611767,2.385570722252574,2.385965861598397,-4.440892098500626e-16,4.440892098500626e-16,True,False
quality_score_soft_proxy_0_1,15,1,11,0.001,0.00182676705526722,2.3855781852659437,2.385973324611767,2.3857613227094783,2.386156462055301,-8.881784197001252e-16,8.881784197001252e-16,True,False
quality_score_soft_proxy_0_1,15,1,12,0.001,0.001793530982741955,2.3855781852659437,2.385973324611767,2.38348269584037,2.383877835186193,-4.440892098500626e-16,4.440892098500626e-16,True,False
quality_score_soft_proxy_0_1,15,1,13,0.001,0.0017867467621810803,2.3855781852659437,2.385973324611767,2.3844744102910957,2.3848695496369188,-4.440892098500626e-16,4.440892098500626e-16,True,False
quality_score_soft_proxy_0_1,15,1,14,0.001,0.0017399191137758454,2.3855781852659437,2.385973324611767,2.3837797757516097,2.384174915097433,0.0,-0.0,True,False
quality_score_soft_proxy_0_1,15,1,16,0.001,0.001820435099509945,2.3855781852659437,2.385973324611767,2.3857474186916408,2.3861425580374642,0.0,-0.0,True,False
quality_score_soft_proxy_0_1,15,2,3,0.0005184546502167022,0.001822881777526431,2.3855781852659437,2.384568484229535,2.3857228670263484,2.3847131659899397,0.0,-0.0,True,False
quality_score_soft_proxy_0_1,15,2,4,0.0005210999166237063,0.0018223305493317865,2.3855781852659437,2.3845633325190976,2.385532453549731,2.3845176008028854,4.440892098500626e-16,-4.440892098500626e-16,True,False
quality_score_soft_proxy_0_1,15,2,5,0.0004955521414473954,0.0018252405827312976,2.3855781852659437,2.384613087333839,2.3850564397897576,2.384091341857653,0.0,-0.0,True,False
quality_score_soft_proxy_0_1,15,2,6,0.0005198502929741141,0.001821078685406434,2.3855781852659437,2.3845657661867166,2.38566624524723,2.384653826168003,0.0,-0.0,True,False
quality_score_soft_proxy_0_1,15,2,7,0.0003473226441841568,0.001840136353393803,2.3855781852659437,2.3849017673118285,2.3841671095323593,2.3834906915782446,4.440892098500626e-16,-4.440892098500626e-16,True,False
quality_score_soft_proxy_0_1,15,2,8,0.0005185409886154928,0.0018214768952270297,2.3855781852659437,2.384568316083737,2.385505315268772,2.384495446086566,4.440892098500626e-16,-4.440892098500626e-16,True,False
quality_score_soft_proxy_0_1,15,2,9,0.00019597145303361992,0.0018468193742726183,2.3855781852659437,2.3851965268525186,2.384720999732125,2.3843393413187,4.440892098500626e-16,-4.440892098500626e-16,True,False
quality_score_soft_proxy_0_1,15,2,10,0.0005080683193920412,0.0018235193288808525,2.3855781852659437,2.384588711821271,2.3855743935452836,2.3845849201006106,-4.440892098500626e-16,4.440892098500626e-16,True,False
quality_score_soft_proxy_0_1,15,2,11,0.0005184620576680059,0.001832938359810428,2.3855781852659437,2.384568469803372,2.3856731350817544,2.3846634196191827,0.0,-0.0,True,False
quality_score_soft_proxy_0_1,15,2,12,0.0004475924989786249,0.0018280684126180918,2.3855781852659437,2.384706489718573,2.384640259917368,2.3837685643699973,0.0,-0.0,True,False
quality_score_soft_proxy_0_1,15,2,13,0.00046605388506185835,0.0018146483673448163,2.3855781852659437,2.384670535791544,2.3850637666506818,2.384156117176282,0.0,-0.0,True,False
quality_score_soft_proxy_0_1,15,2,14,0.0004582452086339579,0.0018417211010985635,2.3855781852659437,2.3846857433486157,2.3847540727228385,2.3838616308055105,0.0,-0.0,True,False
quality_score_soft_proxy_0_1,15,2,16,0.0005121654783729103,0.0018213406757329922,2.3855781852659437,2.384580732520347,2.3856648607843725,2.384667408038776,0.0,-0.0,True,False
quality_score_soft_proxy_0_1,15,3,4,0.001,0.0018277866803561179,2.3855781852659437,2.3858572487488234,2.3854904252898748,2.3857694887727545,0.0,-0.0,True,False
quality_score_soft_proxy_0_1,15,3,5,0.001,0.001819448932575192,2.3855781852659437,2.3858572487488234,2.3845253283967103,2.38480439187959,0.0,-0.0,True,False
quality_score_soft_proxy_0_1,15,3,6,0.001,0.0018250516744475922,2.3855781852659437,2.3858572487488234,2.3857475801522727,2.3860266436351525,0.0,-0.0,True,False
quality_score_soft_proxy_0_1,15,3,7,0.0004955972132824236,0.0018449142779595011,2.3855781852659437,2.3857164883503876,2.3835647110136744,2.3837030140981184,0.0,-0.0,True,False
quality_score_soft_proxy_0_1,15,3,8,0.001,0.0018304226411529948,2.3855781852659437,2.3858572487488234,2.3854376563612454,2.385716719844125,0.0,-0.0,True,False
quality_score_soft_proxy_0_1,15,3,9,0.00020291273962026689,0.0018635302331663798,2.3855781852659437,2.3856348108017826,2.38469063831797,2.384747263853809,0.0,-0.0,True,False
quality_score_soft_proxy_0_1,15,3,10,0.001,0.0018148947594171265,2.3855781852659437,2.3858572487488234,2.385570722252574,2.385849785735454,0.0,-0.0,True,False
quality_score_soft_proxy_0_1,15,3,11,0.001,0.0018273545339359128,2.3855781852659437,2.3858572487488234,2.3857613227094783,2.386040386192358,0.0,-0.0,True,False
quality_score_soft_proxy_0_1,15,3,12,0.001,0.0017941184614106477,2.3855781852659437,2.3858572487488234,2.38348269584037,2.3837617593232494,-4.440892098500626e-16,4.440892098500626e-16,True,False
quality_score_soft_proxy_0_1,15,3,13,0.001,0.0017873342408497729,2.3855781852659437,2.3858572487488234,2.3844744102910957,2.3847534737739755,0.0,-0.0,True,False
quality_score_soft_proxy_0_1,15,3,14,0.001,0.0017323753284953763,2.3855781852659437,2.3858572487488234,2.3837797757516097,2.3840588392344895,0.0,-0.0,True,False
quality_score_soft_proxy_0_1,15,3,16,0.001,0.0018210225781786376,2.3855781852659437,2.3858572487488234,2.3857474186916408,2.3860264821745205,0.0,-0.0,True,False
quality_score_soft_proxy_0_1,15,4,5,0.001,0.0018057884872032467,2.3855781852659437,2.3854904252898748,2.3845253283967103,2.3844375684206414,0.0,-0.0,True,False
quality_score_soft_proxy_0_1,15,4,6,0.001,0.0018272407762206994,2.3855781852659437,2.3854904252898748,2.3857475801522727,2.3856598201762034,-4.440892098500626e-16,4.440892098500626e-16,True,False
quality_score_soft_proxy_0_1,15,4,7,0.0004957962536957843,0.0018417985997274487,2.3855781852659437,2.3855346741985843,2.383563902367587,2.3835203913002276,0.0,-0.0,True,False
quality_score_soft_proxy_0_1,15,4,8,0.001,0.0018259205972897064,2.3855781852659437,2.3854904252898748,2.3854376563612454,2.3853498963851765,0.0,-0.0,True,False
quality_score_soft_proxy_0_1,15,4,9,0.00020548959663902987,0.001859512588808665,2.3855781852659437,2.3855601515038605,2.384679367061238,2.384661333299155,0.0,-0.0,True,False
quality_score_soft_proxy_0_1,15,4,10,0.001,0.0018187194620390605,2.3855781852659437,2.3854904252898748,2.385570722252574,2.3854829622765052,0.0,-0.0,True,False
quality_score_soft_proxy_0_1,15,4,11,0.001,0.0018286487818327073,2.3855781852659437,2.3854904252898748,2.3857613227094783,2.385673562733409,-4.440892098500626e-16,4.440892098500626e-16,True,False
quality_score_soft_proxy_0_1,15,4,12,0.001,0.001796307563183755,2.3855781852659437,2.3854904252898748,2.38348269584037,2.383394935864301,0.0,-0.0,True,False
quality_score_soft_proxy_0_1,15,4,13,0.001,0.0017879027718099372,2.3855781852659437,2.3854904252898748,2.3844744102910957,2.384386650315027,0.0,-0.0,True,False
quality_score_soft_proxy_0_1,15,4,14,0.001,0.0017362000311173104,2.3855781852659437,2.3854904252898748,2.3837797757516097,2.383692015775541,0.0,-0.0,True,False
quality_score_soft_proxy_0_1,15,4,16,0.001,0.001823127180366836,2.3855781852659437,2.3854904252898748,2.3857474186916408,2.385659658715572,0.0,-0.0,True,False
quality_score_soft_proxy_0_1,15,5,6,0.001,0.0018117616619745202,2.3855781852659437,2.3845253283967103,2.3857475801522727,2.3846947232830393,0.0,-0.0,True,False
quality_score_soft_proxy_0_1,15,5,7,0.0004744449616161041,0.0018422719080787267,2.3855781852659437,2.385078662629033,2.383650646755374,2.3831511241184633,0.0,-0.0,True,False
quality_score_soft_proxy_0_1,15,5,8,0.001,0.001807912670100537,2.3855781852659437,2.3845253283967103,2.3854376563612454,2.384384799492012,0.0,-0.0,True,False
quality_score_soft_proxy_0_1,15,5,9,0.00020438886559643848,0.001856333415732068,2.3855781852659437,2.3853629930448057,2.384684181694756,2.384468989473618,0.0,-0.0,True,False
quality_score_soft_proxy_0_1,15,5,10,0.001,0.0018040465006930431,2.3855781852659437,2.3845253283967103,2.385570722252574,2.3845178653833408,0.0,-0.0,True,False
quality_score_soft_proxy_0_1,15,5,11,0.001,0.0018106408546435379,2.3855781852659437,2.3845253283967103,2.3857613227094783,2.384708465840245,0.0,-0.0,True,False
quality_score_soft_proxy_0_1,15,5,12,0.001,0.0017881323894734932,2.3855781852659437,2.3845253283967103,2.38348269584037,2.382429838971137,4.440892098500626e-16,-4.440892098500626e-16,True,False
quality_score_soft_proxy_0_1,15,5,13,0.001,0.0017698948446207678,2.3855781852659437,2.3845253283967103,2.3844744102910957,2.3834215534218623,0.0,-0.0,True,False
quality_score_soft_proxy_0_1,15,5,14,0.0009119938046527747,0.0017419091224610138,2.3855781852659437,2.3846179863240167,2.3839380469306426,2.382977847988716,4.440892098500626e-16,-4.440892098500626e-16,True,False
quality_score_soft_proxy_0_1,15,5,16,0.001,0.0018051192531776665,2.3855781852659437,2.3845253283967103,2.3857474186916408,2.3846945618224074,0.0,-0.0,True,False
quality_score_soft_proxy_0_1,15,6,7,0.00047769774400854576,0.0018492425155612084,2.3855781852659437,2.3856591048209896,2.3836374316011724,2.3837183511562183,0.0,-0.0,True,False
quality_score_soft_proxy_0_1,15,6,8,0.001,0.00183189377206098,2.3855781852659437,2.3857475801522727,2.3854376563612454,2.385607051247574,-4.440892098500626e-16,4.440892098500626e-16,True,False
quality_score_soft_proxy_0_1,15,6,9,0.00020523783516690258,0.0018608532021978797,2.3855781852659437,2.3856129515057023,2.3846804682741367,2.3847152345138953,0.0,-0.0,True,False
quality_score_soft_proxy_0_1,15,6,10,0.001,0.0018169175235005779,2.3855781852659437,2.3857475801522727,2.385570722252574,2.3857401171389028,-4.440892098500626e-16,4.440892098500626e-16,True,False
quality_score_soft_proxy_0_1,15,6,11,0.001,0.0018268086298004944,2.3855781852659437,2.3857475801522727,2.3857613227094783,2.385930717595807,-4.440892098500626e-16,4.440892098500626e-16,True,False
quality_score_soft_proxy_0_1,15,6,12,0.001,0.0017935725572752292,2.3855781852659437,2.3857475801522727,2.38348269584037,2.3836520907266987,-4.440892098500626e-16,4.440892098500626e-16,True,False
quality_score_soft_proxy_0_1,15,6,13,0.001,0.0017867883367143546,2.3855781852659437,2.3857475801522727,2.3844744102910957,2.384643805177425,0.0,-0.0,True,False
quality_score_soft_proxy_0_1,15,6,14,0.001,0.0017343980925788277,2.3855781852659437,2.3857475801522727,2.3837797757516097,2.3839491706379388,0.0,-0.0,True,False
quality_score_soft_proxy_0_1,15,6,16,0.001,0.0018204766740432194,2.3855781852659437,2.3857475801522727,2.3857474186916408,2.38591681357797,0.0,-0.0,True,False
quality_score_soft_proxy_0_1,15,7,8,0.0004924031365207104,0.0018455015774492894,2.3855781852659437,2.3835776876631534,2.3855089883924987,2.383508490789708,-4.440892098500626e-16,4.440892098500626e-16,True,False
quality_score_soft_proxy_0_1,15,7,9,0.00018583888391270195,0.0018685446220157757,2.3855781852659437,2.3848231733373044,2.384765319920277,2.3840103079916375,-4.440892098500626e-16,4.440892098500626e-16,True,False
quality_score_soft_proxy_0_1,15,7,10,0.00048703283313126193,0.0018513680397894742,2.3855781852659437,2.383599505718848,2.3855745505333985,2.383595870986303,4.440892098500626e-16,-4.440892098500626e-16,True,False
quality_score_soft_proxy_0_1,15,7,11,0.0004940614411185312,0.0018456793363500954,2.3855781852659437,2.3835709504307383,2.385668666415219,2.3836614315800135,0.0,-0.0,True,False
quality_score_soft_proxy_0_1,15,7,12,0.0004858792445405099,0.0018268533985812733,2.3855781852659437,2.383604192429876,2.3845600304469032,2.3825860376108365,8.881784197001252e-16,-8.881784197001252e-16,True,False
quality_score_soft_proxy_0_1,15,7,13,0.0004752983804234408,0.0018308820527843913,2.3855781852659437,2.383647179551062,2.3850535628080465,2.3831225570931647,0.0,-0.0,True,False
quality_score_soft_proxy_0_1,15,7,14,0.00046302996460189836,0.0018338577536177163,2.3855781852659437,2.3836970227275582,2.384745467772182,2.3828643052337966,0.0,-0.0,True,False
quality_score_soft_proxy_0_1,15,7,16,0.0004926438107742593,0.0018425232471720576,2.3855781852659437,2.3835767098703013,2.3856615570656894,2.383660081670047,0.0,-0.0,True,False
quality_score_soft_proxy_0_1,15,8,9,0.00020482944392608102,0.0018602484218005694,2.3855781852659437,2.385549400808539,2.384682254590758,2.384653470133353,-4.440892098500626e-16,4.440892098500626e-16,True,False
quality_score_soft_proxy_0_1,15,8,10,0.001,0.0018150202092708457,2.3855781852659437,2.3854376563612454,2.385570722252574,2.385430193347876,0.0,-0.0,True,False
quality_score_soft_proxy_0_1,15,8,11,0.001,0.001830433405832061,2.3855781852659437,2.3854376563612454,2.3857613227094783,2.3856207938047795,-4.440892098500626e-16,4.440892098500626e-16,True,False
quality_score_soft_proxy_0_1,15,8,12,0.001,0.0017996360325608907,2.3855781852659437,2.3854376563612454,2.38348269584037,2.383342166935672,0.0,-0.0,True,False
quality_score_soft_proxy_0_1,15,8,13,0.001,0.0017900269547072275,2.3855781852659437,2.3854376563612454,2.3844744102910957,2.3843338813863975,0.0,-0.0,True,False
quality_score_soft_proxy_0_1,15,8,14,0.001,0.0017325007783490958,2.3855781852659437,2.3854376563612454,2.3837797757516097,2.3836392468469114,0.0,-0.0,True,False
quality_score_soft_proxy_0_1,15,8,16,0.001,0.001821170709417696,2.3855781852659437,2.3854376563612454,2.3857474186916408,2.385606889786942,-4.440892098500626e-16,4.440892098500626e-16,True,False
quality_score_soft_proxy_0_1,15,9,10,0.000205198121647242,0.0018617628076983944,2.3855781852659437,2.384680641982369,2.3855766538696184,2.3846791105860436,0.0,-0.0,True,False
quality_score_soft_proxy_0_1,15,9,11,0.00020533864268050298,0.0018605777356225086,2.3855781852659437,2.3846800273387814,2.3856157904600233,2.384717632532861,0.0,-0.0,True,False
quality_score_soft_proxy_0_1,15,9,12,0.0001951130145876209,0.0018730043135268754,2.3855781852659437,2.384724754569915,2.3851693280070836,2.3843158973110548,0.0,-0.0,True,False
quality_score_soft_proxy_0_1,15,9,13,0.0002025298802382938,0.0018535913758931154,2.3855781852659437,2.3846923129574065,2.385354637852478,2.3844687655439407,0.0,-0.0,True,False
quality_score_soft_proxy_0_1,15,9,14,0.00019039829428002178,0.0018572205601925461,2.3855781852659437,2.3847453769104705,2.3852357711619976,2.384402962806525,4.440892098500626e-16,-4.440892098500626e-16,True,False
quality_score_soft_proxy_0_1,15,9,16,0.0002054983909757701,0.001859371055963556,2.3855781852659437,2.3846793285945225,2.385612962462624,2.3847141057912022,-4.440892098500626e-16,4.440892098500626e-16,True,False
quality_score_soft_proxy_0_1,15,10,11,0.001,0.0018149055240961926,2.3855781852659437,2.385570722252574,2.3857613227094783,2.3857538596961083,-4.440892098500626e-16,4.440892098500626e-16,True,False
quality_score_soft_proxy_0_1,15,10,12,0.001,0.0017841081508250224,2.3855781852659437,2.385570722252574,2.38348269584037,2.3834752328270006,0.0,-0.0,True,False
quality_score_soft_proxy_0_1,15,10,13,0.001,0.001785059606071496,2.3855781852659437,2.385570722252574,2.3844744102910957,2.3844669472777262,0.0,-0.0,True,False
quality_score_soft_proxy_0_1,15,10,14,0.001,0.0017169728966132274,2.3855781852659437,2.385570722252574,2.3837797757516097,2.38377231273824,0.0,-0.0,True,False
quality_score_soft_proxy_0_1,15,10,16,0.001,0.0018056428276818277,2.3855781852659437,2.385570722252574,2.3857474186916408,2.3857399556782712,0.0,-0.0,True,False
quality_score_soft_proxy_0_1,15,11,12,0.001,0.00179587541676355,2.3855781852659437,2.3857613227094783,2.38348269584037,2.3836658332839047,0.0,-0.0,True,False
quality_score_soft_proxy_0_1,15,11,13,0.001,0.0017890911962026752,2.3855781852659437,2.3857613227094783,2.3844744102910957,2.3846575477346303,0.0,-0.0,True,False
quality_score_soft_proxy_0_1,15,11,14,0.001,0.0017323860931744426,2.3855781852659437,2.3857613227094783,2.3837797757516097,2.3839629131951443,0.0,-0.0,True,False
quality_score_soft_proxy_0_1,15,11,16,0.001,0.0018210560242430428,2.3855781852659437,2.3857613227094783,2.3857474186916408,2.385930556135175,-4.440892098500626e-16,4.440892098500626e-16,True,False
quality_score_soft_proxy_0_1,15,12,13,0.0009910438114406487,0.0017576219098868352,2.3855781852659437,2.3835014634387894,2.3844842959078973,2.3824075740807436,4.440892098500626e-16,-4.440892098500626e-16,True,False
quality_score_soft_proxy_0_1,15,12,14,0.001,0.0017015887199032724,2.3855781852659437,2.38348269584037,2.3837797757516097,2.3816842863260366,4.440892098500626e-16,-4.440892098500626e-16,True,False
quality_score_soft_proxy_0_1,15,12,16,0.001,0.0017895434610062748,2.3855781852659437,2.38348269584037,2.3857474186916408,2.383651929266067,0.0,-0.0,True,False
quality_score_soft_proxy_0_1,15,13,14,0.0005785460892579782,0.0018318758067120038,2.3855781852659437,2.3849396005708248,2.3845377224745414,2.383899137779422,-4.440892098500626e-16,4.440892098500626e-16,True,False
quality_score_soft_proxy_0_1,15,13,16,0.001,0.0017827592404454002,2.3855781852659437,2.3844744102910957,2.3857474186916408,2.384643643716793,0.0,-0.0,True,False
quality_score_soft_proxy_0_1,15,14,16,0.001,0.0017231233967600777,2.3855781852659437,2.3837797757516097,2.3857474186916408,2.383949009177307,0.0,-0.0,True,False
quality_score_soft_proxy_0_1,16,0,1,0.001,0.0018242202229187324,2.3855781852659437,2.3858286934253874,2.3858040911860696,2.386054599345513,-4.440892098500626e-16,4.440892098500626e-16,True,False
quality_score_soft_proxy_0_1,16,0,2,0.0005087294332168897,0.0018100473332539058,2.3855781852659437,2.385705626139914,2.3845013302638374,2.384628771137807,-4.440892098500626e-16,4.440892098500626e-16,True,False
quality_score_soft_proxy_0_1,16,0,3,0.001,0.0018218929718261073,2.3855781852659437,2.3858286934253874,2.3856880153231264,2.38593852348257,0.0,-0.0,True,False
quality_score_soft_proxy_0_1,16,0,4,0.001,0.0018132221132789589,2.3855781852659437,2.3858286934253874,2.3853211918641777,2.3855717000236214,0.0,-0.0,True,False
quality_score_soft_proxy_0_1,16,0,5,0.001,0.0018081578752940377,2.3855781852659437,2.3858286934253874,2.3843560949710136,2.384606603130457,-4.440892098500626e-16,4.440892098500626e-16,True,False
quality_score_soft_proxy_0_1,16,0,6,0.001,0.001825910258947664,2.3855781852659437,2.3858286934253874,2.3855783467265756,2.3858288548860194,0.0,-0.0,True,False
quality_score_soft_proxy_0_1,16,0,7,0.000490399446540517,0.0018350306160960278,2.3855781852659437,2.3857010343286884,2.3835028361224455,2.3836256851851907,4.440892098500626e-16,-4.440892098500626e-16,True,False
quality_score_soft_proxy_0_1,16,0,8,0.001,0.0018231226565976592,2.3855781852659437,2.3858286934253874,2.3852684229355483,2.3855189310949916,-4.440892098500626e-16,4.440892098500626e-16,True,False
quality_score_soft_proxy_0_1,16,0,9,0.00020579806971589808,0.0018768383060118968,2.3855781852659437,2.385629739361605,2.384643189877589,2.38469474397325,0.0,-0.0,True,False
quality_score_soft_proxy_0_1,16,0,10,0.001,0.001803379747950639,2.3855781852659437,2.3858286934253874,2.385401488826877,2.385651996986321,0.0,-0.0,True,False
quality_score_soft_proxy_0_1,16,0,11,0.001,0.0018191205301585284,2.3855781852659437,2.3858286934253874,2.385592089283781,2.3858425974432245,-4.440892098500626e-16,4.440892098500626e-16,True,False
quality_score_soft_proxy_0_1,16,0,12,0.001,0.00180788962993681,2.3855781852659437,2.3858286934253874,2.383313462414673,2.3835639705741167,0.0,-0.0,True,False
quality_score_soft_proxy_0_1,16,0,13,0.001,0.0017888831409677438,2.3855781852659437,2.3858286934253874,2.3843051768653987,2.3845556850248424,0.0,-0.0,True,False
quality_score_soft_proxy_0_1,16,0,14,0.001,0.0017746995822471132,2.3855781852659437,2.3858286934253874,2.3836105423259126,2.3838610504853563,0.0,-0.0,True,False
quality_score_soft_proxy_0_1,16,0,15,0.001,0.0018123391720710072,2.3855781852659437,2.3858286934253874,2.3854089518402466,2.3856594599996903,0.0,-0.0,True,False
quality_score_soft_proxy_0_1,16,1,2,0.0005011297997349374,0.0018132697112368083,2.3855781852659437,2.3856913934544557,2.384517416817504,2.384630625006016,0.0,-0.0,True,False
quality_score_soft_proxy_0_1,16,1,3,0.001,0.001824631134282323,2.3855781852659437,2.3858040911860696,2.3856880153231264,2.3859139212432523,0.0,-0.0,True,False
quality_score_soft_proxy_0_1,16,1,4,0.001,0.0018159602757351744,2.3855781852659437,2.3858040911860696,2.3853211918641777,2.385547097784304,4.440892098500626e-16,-4.440892098500626e-16,True,False
quality_score_soft_proxy_0_1,16,1,5,0.001,0.001805965637900492,2.3855781852659437,2.3858040911860696,2.3843560949710136,2.384582000891139,-4.440892098500626e-16,4.440892098500626e-16,True,False
quality_score_soft_proxy_0_1,16,1,6,0.001,0.0018237180215541183,2.3855781852659437,2.3858040911860696,2.3855783467265756,2.3858042526467016,0.0,-0.0,True,False
quality_score_soft_proxy_0_1,16,1,7,0.0004923320280160341,0.0018385483836833314,2.3855781852659437,2.38568940598574,2.3834946575216374,2.3836058782414336,0.0,-0.0,True,False
quality_score_soft_proxy_0_1,16,1,8,0.001,0.0018246039157751913,2.3855781852659437,2.3858040911860696,2.3852684229355483,2.3854943288556743,0.0,-0.0,True,False
quality_score_soft_proxy_0_1,16,1,9,0.0002054176572798169,0.0018762511851671863,2.3855781852659437,2.3856245903308215,2.384644918192504,2.384691323257382,0.0,-0.0,True,False
quality_score_soft_proxy_0_1,16,1,10,0.001,0.0018061179104068548,2.3855781852659437,2.3858040911860696,2.385401488826877,2.3856273947470035,4.440892098500626e-16,-4.440892098500626e-16,True,False
quality_score_soft_proxy_0_1,16,1,11,0.001,0.0018218586926147442,2.3855781852659437,2.3858040911860696,2.385592089283781,2.3858179952039067,-4.440892098500626e-16,4.440892098500626e-16,True,False
quality_score_soft_proxy_0_1,16,1,12,0.001,0.0018056973925432644,2.3855781852659437,2.3858040911860696,2.383313462414673,2.383539368334799,0.0,-0.0,True,False
quality_score_soft_proxy_0_1,16,1,13,0.001,0.0017916213034239598,2.3855781852659437,2.3858040911860696,2.3843051768653987,2.3845310827855246,0.0,-0.0,True,False
quality_score_soft_proxy_0_1,16,1,14,0.001,0.0017739940492110706,2.3855781852659437,2.3858040911860696,2.3836105423259126,2.3838364482460386,0.0,-0.0,True,False
quality_score_soft_proxy_0_1,16,1,15,0.001,0.001815077334527223,2.3855781852659437,2.3858040911860696,2.3854089518402466,2.3856348577603725,0.0,-0.0,True,False
quality_score_soft_proxy_0_1,16,2,3,0.0005060270607860256,0.0018101701818929608,2.3855781852659437,2.3845070505211683,2.385633762246966,2.3845626275021905,0.0,-0.0,True,False
quality_score_soft_proxy_0_1,16,2,4,0.0005035322439445577,0.0018176847962195137,2.3855781852659437,2.3845123314343994,2.3854487808016738,2.384382926970129,-4.440892098500626e-16,4.440892098500626e-16,True,False
quality_score_soft_proxy_0_1,16,2,5,0.0004967735215277165,0.0018101837940650647,2.3855781852659437,2.3845266379863057,2.3849710831665063,2.383919535886868,-4.440892098500626e-16,4.440892098500626e-16,True,False
quality_score_soft_proxy_0_1,16,2,6,0.0005047045592986839,0.0018103109273224897,2.3855781852659437,2.384509849931324,2.3855782667558607,2.384509931421241,0.0,-0.0,True,False
quality_score_soft_proxy_0_1,16,2,7,0.0003200536998354652,0.0018314683802484986,2.3855781852659437,2.38490071035471,2.3842237319187536,2.38354625700752,0.0,-0.0,True,False
quality_score_soft_proxy_0_1,16,2,8,0.0005059448389752782,0.001811603726704287,2.3855781852659437,2.3845072245645054,2.3854214626135715,2.3843505019121327,-4.440892098500626e-16,4.440892098500626e-16,True,False
quality_score_soft_proxy_0_1,16,2,9,0.00019587054923482215,0.001856387330806043,2.3855781852659437,2.3851635755206906,2.384688293244595,2.3842736834993423,4.440892098500626e-16,-4.440892098500626e-16,True,False
quality_score_soft_proxy_0_1,16,2,10,0.0005080683193920412,0.0018020521846221391,2.3855781852659437,2.384502729679092,2.3854884114031045,2.384412955816253,0.0,-0.0,True,False
quality_score_soft_proxy_0_1,16,2,11,0.0005060200043975816,0.001810396675533126,2.3855781852659437,2.3845070654578056,2.3855852209771107,2.384514101168973,4.440892098500626e-16,-4.440892098500626e-16,True,False
quality_score_soft_proxy_0_1,16,2,12,0.00045005978898070455,0.0018095508694239556,2.3855781852659437,2.3846255194609673,2.384558924577401,2.3836062587724243,-4.440892098500626e-16,4.440892098500626e-16,True,False
quality_score_soft_proxy_0_1,16,2,13,0.00046364995593453146,0.0018075516574900482,2.3855781852659437,2.3845967524223255,2.384987954977127,2.3840065221335083,-4.440892098500626e-16,4.440892098500626e-16,True,False
quality_score_soft_proxy_0_1,16,2,14,0.0004588231508765878,0.0018223261814733615,2.3855781852659437,2.384606969580664,2.384675385132399,2.3837041694471193,0.0,-0.0,True,False
quality_score_soft_proxy_0_1,16,2,15,0.00046873568281206824,0.0018160110347769226,2.3855781852659437,2.3845859871902197,2.385498859520595,2.3845066614448713,4.440892098500626e-16,-4.440892098500626e-16,True,False
quality_score_soft_proxy_0_1,16,3,4,0.001,0.0018136330246425493,2.3855781852659437,2.3856880153231264,2.3853211918641777,2.3854310219213604,0.0,-0.0,True,False
quality_score_soft_proxy_0_1,16,3,5,0.001,0.0018088858886844156,2.3855781852659437,2.3856880153231264,2.3843560949710136,2.3844659250281963,0.0,-0.0,True,False
quality_score_soft_proxy_0_1,16,3,6,0.001,0.0018266382723380417,2.3855781852659437,2.3856880153231264,2.3855783467265756,2.385688176783758,-4.440892098500626e-16,4.440892098500626e-16,True,False
quality_score_soft_proxy_0_1,16,3,7,0.0004897254000446586,0.001837549637031654,2.3855781852659437,2.385631971834634,2.38350568865792,2.3835594752266105,0.0,-0.0,True,False
quality_score_soft_proxy_0_1,16,3,8,0.001,0.0018235335679612499,2.3855781852659437,2.3856880153231264,2.3852684229355483,2.385378252992731,0.0,-0.0,True,False
quality_score_soft_proxy_0_1,16,3,9,0.00020342724717124658,0.0018775502608088291,2.3855781852659437,2.385600527692133,2.3846539611552244,2.384676303581414,4.440892098500626e-16,-4.440892098500626e-16,True,False
quality_score_soft_proxy_0_1,16,3,10,0.001,0.0018037906593142297,2.3855781852659437,2.3856880153231264,2.385401488826877,2.3855113188840598,0.0,-0.0,True,False
quality_score_soft_proxy_0_1,16,3,11,0.001,0.001819531441522119,2.3855781852659437,2.3856880153231264,2.385592089283781,2.3857019193409634,-4.440892098500626e-16,4.440892098500626e-16,True,False
quality_score_soft_proxy_0_1,16,3,12,0.001,0.0018086176433271877,2.3855781852659437,2.3856880153231264,2.383313462414673,2.3834232924718557,0.0,-0.0,True,False
quality_score_soft_proxy_0_1,16,3,13,0.001,0.0017892940523313344,2.3855781852659437,2.3856880153231264,2.3843051768653987,2.3844150069225813,0.0,-0.0,True,False
quality_score_soft_proxy_0_1,16,3,14,0.001,0.001776412336810666,2.3855781852659437,2.3856880153231264,2.3836105423259126,2.3837203723830958,4.440892098500626e-16,-4.440892098500626e-16,True,False
quality_score_soft_proxy_0_1,16,3,15,0.001,0.001812750083434598,2.3855781852659437,2.3856880153231264,2.3854089518402466,2.3855187818974293,0.0,-0.0,True,False
quality_score_soft_proxy_0_1,16,4,5,0.001,0.0018012488439088157,2.3855781852659437,2.3853211918641777,2.3843560949710136,2.3840991015692476,0.0,-0.0,True,False
quality_score_soft_proxy_0_1,16,4,6,0.001,0.001819001227562442,2.3855781852659437,2.3853211918641777,2.3855783467265756,2.3853213533248097,0.0,-0.0,True,False
quality_score_soft_proxy_0_1,16,4,7,0.0004894999498294938,0.001832442041390139,2.3855781852659437,2.385452387008673,2.383506642753432,2.383380844496161,-4.440892098500626e-16,4.440892098500626e-16,True,False
quality_score_soft_proxy_0_1,16,4,8,0.001,0.0018148627094141012,2.3855781852659437,2.3853211918641777,2.3852684229355483,2.3850114295337823,0.0,-0.0,True,False
quality_score_soft_proxy_0_1,16,4,9,0.00020601727196601868,0.0018813872169841336,2.3855781852659437,2.3855252401863987,2.384642193983442,2.3845892489038976,4.440892098500626e-16,-4.440892098500626e-16,True,False
quality_score_soft_proxy_0_1,16,4,10,0.001,0.001795119800767081,2.3855781852659437,2.3853211918641777,2.385401488826877,2.385144495425111,0.0,-0.0,True,False
quality_score_soft_proxy_0_1,16,4,11,0.001,0.0018108605829749705,2.3855781852659437,2.3853211918641777,2.385592089283781,2.385335095882015,0.0,-0.0,True,False
quality_score_soft_proxy_0_1,16,4,12,0.001,0.001800980598551588,2.3855781852659437,2.3853211918641777,2.383313462414673,2.3830564690129075,4.440892098500626e-16,-4.440892098500626e-16,True,False
quality_score_soft_proxy_0_1,16,4,13,0.001,0.001780623193784186,2.3855781852659437,2.3853211918641777,2.3843051768653987,2.3840481834636327,0.0,-0.0,True,False
quality_score_soft_proxy_0_1,16,4,14,0.001,0.001766304210070525,2.3855781852659437,2.3853211918641777,2.3836105423259126,2.383353548924147,4.440892098500626e-16,-4.440892098500626e-16,True,False
quality_score_soft_proxy_0_1,16,4,15,0.001,0.0018040792248874493,2.3855781852659437,2.3853211918641777,2.3854089518402466,2.3851519584384806,0.0,-0.0,True,False
quality_score_soft_proxy_0_1,16,5,6,0.001,0.0018068817273006802,2.3855781852659437,2.3843560949710136,2.3855783467265756,2.384356256431645,-4.440892098500626e-16,4.440892098500626e-16,True,False
quality_score_soft_proxy_0_1,16,5,7,0.0004744449616161041,0.0018347232070050144,2.3855781852659437,2.384998370682874,2.383570354809215,2.3829905402261455,0.0,-0.0,True,False
quality_score_soft_proxy_0_1,16,5,8,0.001,0.0018077676215217532,2.3855781852659437,2.3843560949710136,2.3852684229355483,2.384046332640618,-4.440892098500626e-16,4.440892098500626e-16,True,False
quality_score_soft_proxy_0_1,16,5,9,0.00020427910998003503,0.0018734919117208346,2.3855781852659437,2.38532853774818,2.3846500909158257,2.3844004433980617,-4.440892098500626e-16,4.440892098500626e-16,True,False
quality_score_soft_proxy_0_1,16,5,10,0.001,0.00179176000166658,2.3855781852659437,2.3843560949710136,2.385401488826877,2.3841793985319466,-4.440892098500626e-16,4.440892098500626e-16,True,False
quality_score_soft_proxy_0_1,16,5,11,0.001,0.0018052130887227888,2.3855781852659437,2.3843560949710136,2.385592089283781,2.3843699989888507,-4.440892098500626e-16,4.440892098500626e-16,True,False
quality_score_soft_proxy_0_1,16,5,12,0.001,0.0017888610982898262,2.3855781852659437,2.3843560949710136,2.383313462414673,2.3820913721197425,-4.440892098500626e-16,4.440892098500626e-16,True,False
quality_score_soft_proxy_0_1,16,5,13,0.001,0.0017772633946836849,2.3855781852659437,2.3843560949710136,2.3843051768653987,2.3830830865704686,0.0,-0.0,True,False
quality_score_soft_proxy_0_1,16,5,14,0.0009086099585007232,0.0017751221038102296,2.3855781852659437,2.384467781853783,2.3837903652958583,2.382679961883697,-4.440892098500626e-16,4.440892098500626e-16,True,False
quality_score_soft_proxy_0_1,16,5,15,0.001,0.0018007194257869481,2.3855781852659437,2.3843560949710136,2.3854089518402466,2.3841868615453166,0.0,-0.0,True,False
quality_score_soft_proxy_0_1,16,6,7,0.00047185001883424455,0.0018408637448327715,2.3855781852659437,2.385578261451146,2.3835813364942835,2.383581412679486,4.440892098500626e-16,-4.440892098500626e-16,True,False
quality_score_soft_proxy_0_1,16,6,8,0.001,0.0018255200051753794,2.3855781852659437,2.3855783467265756,2.3852684229355483,2.38526858439618,-4.440892098500626e-16,4.440892098500626e-16,True,False
quality_score_soft_proxy_0_1,16,6,9,0.0002057642166367838,0.0018766603252884054,2.3855781852659437,2.385578218488764,2.3846433436811347,2.3846433769039552,0.0,-0.0,True,False
quality_score_soft_proxy_0_1,16,6,10,0.001,0.001812133928956744,2.3855781852659437,2.3855783467265756,2.385401488826877,2.385401650287509,0.0,-0.0,True,False
quality_score_soft_proxy_0_1,16,6,11,0.001,0.001822965472376415,2.3855781852659437,2.3855783467265756,2.385592089283781,2.3855922507444123,-8.881784197001252e-16,8.881784197001252e-16,True,False
quality_score_soft_proxy_0_1,16,6,12,0.001,0.0018066134819434525,2.3855781852659437,2.3855783467265756,2.383313462414673,2.3833136238753045,-4.440892098500626e-16,4.440892098500626e-16,True,False
quality_score_soft_proxy_0_1,16,6,13,0.001,0.0017973941677835881,2.3855781852659437,2.3855783467265756,2.3843051768653987,2.38430533832603,-4.440892098500626e-16,4.440892098500626e-16,True,False
quality_score_soft_proxy_0_1,16,6,14,0.001,0.0017756914004419817,2.3855781852659437,2.3855783467265756,2.3836105423259126,2.3836107037865446,0.0,-0.0,True,False
quality_score_soft_proxy_0_1,16,6,15,0.001,0.0018185130345445915,2.3855781852659437,2.3855783467265756,2.3854089518402466,2.3854091133008786,0.0,-0.0,True,False
quality_score_soft_proxy_0_1,16,7,8,0.0004924031365207103,0.0018373406434950236,2.3855781852659437,2.383494356593536,2.385425657322881,2.3833418286504733,0.0,-0.0,True,False
quality_score_soft_proxy_0_1,16,7,9,0.00018574814227139105,0.0018704601846538463,2.3855781852659437,2.384792107201034,2.384734282032745,2.3839482039678357,4.440892098500626e-16,-4.440892098500626e-16,True,False
quality_score_soft_proxy_0_1,16,7,10,0.00048703283313126193,0.0018432440628316801,2.3855781852659437,2.38351708348407,2.385492128298621,2.3834310265167473,0.0,-0.0,True,False
quality_score_soft_proxy_0_1,16,7,11,0.0004912342924811668,0.0018354658468147864,2.3855781852659437,2.3834993030907095,2.385585015396309,2.3835061332210747,0.0,-0.0,True,False
quality_score_soft_proxy_0_1,16,7,12,0.0004858792445405099,0.0018216814345262573,2.3855781852659437,2.3835219654208477,2.384477803437875,2.382421583592779,0.0,-0.0,True,False
quality_score_soft_proxy_0_1,16,7,13,0.0004752983804234407,0.0018171009525568998,2.3855781852659437,2.3835667431779144,2.3849731264348994,2.38296168434687,0.0,-0.0,True,False
quality_score_soft_proxy_0_1,16,7,14,0.0004584681944145032,0.0018321490235198973,2.3855781852659437,2.3836379677936126,2.384676083559975,2.3827358660876445,4.440892098500626e-16,-4.440892098500626e-16,True,False
quality_score_soft_proxy_0_1,16,7,15,0.0004895155760140456,0.0018323946653768916,2.3855781852659437,2.383506576624098,2.385495342868083,2.3834237342262368,-4.440892098500626e-16,4.440892098500626e-16,True,False
quality_score_soft_proxy_0_1,16,8,9,0.00020535372997065686,0.0018771059377049827,2.3855781852659437,2.3855145744159922,2.3846452086312793,2.384581597781328,0.0,-0.0,True,False
quality_score_soft_proxy_0_1,16,8,10,0.001,0.0018050203440857816,2.3855781852659437,2.3852684229355483,2.385401488826877,2.3850917264964817,0.0,-0.0,True,False
quality_score_soft_proxy_0_1,16,8,11,0.001,0.0018207611262936708,2.3855781852659437,2.3852684229355483,2.385592089283781,2.3852823269533854,-4.440892098500626e-16,4.440892098500626e-16,True,False
quality_score_soft_proxy_0_1,16,8,12,0.001,0.0018074993761645255,2.3855781852659437,2.3852684229355483,2.383313462414673,2.3830037000842776,0.0,-0.0,True,False
quality_score_soft_proxy_0_1,16,8,13,0.001,0.0017905237371028864,2.3855781852659437,2.3852684229355483,2.3843051768653987,2.3839954145350033,0.0,-0.0,True,False
quality_score_soft_proxy_0_1,16,8,14,0.001,0.0017754773830856653,2.3855781852659437,2.3852684229355483,2.3836105423259126,2.3833007799955173,0.0,-0.0,True,False
quality_score_soft_proxy_0_1,16,8,15,0.001,0.0018139797682061496,2.3855781852659437,2.3852684229355483,2.3854089518402466,2.3850991895098512,0.0,-0.0,True,False
quality_score_soft_proxy_0_1,16,9,10,0.00020519812164724194,0.0018774576308138939,2.3855781852659437,2.384645915601296,2.3855419274885454,2.3846096578238973,-4.440892098500626e-16,4.440892098500626e-16,True,False
quality_score_soft_proxy_0_1,16,9,11,0.00020586554203104077,0.001876428265743039,2.3855781852659437,2.3846428833329085,2.3855810476241124,2.384645745691077,-4.440892098500626e-16,4.440892098500626e-16,True,False
quality_score_soft_proxy_0_1,16,9,12,0.00019617318329055033,0.0018738777379410615,2.3855781852659437,2.384686918297557,2.385133907374939,2.384242640406552,0.0,-0.0,True,False
quality_score_soft_proxy_0_1,16,9,13,0.0002030424456046529,0.0018693685744758282,2.3855781852659437,2.384655709411128,2.3853197105270216,2.3843972346722055,-4.440892098500626e-16,4.440892098500626e-16,True,False
quality_score_soft_proxy_0_1,16,9,14,0.00019682964644318529,0.001872841982571818,2.3855781852659437,2.384683935810786,2.3851908948017306,2.384296645346574,8.881784197001252e-16,-8.881784197001252e-16,True,False
quality_score_soft_proxy_0_1,16,9,15,0.0002057619128890874,0.0018768178484589134,2.3855781852659437,2.3846433541476735,2.385543363472548,2.384608532354277,-4.440892098500626e-16,4.440892098500626e-16,True,False
quality_score_soft_proxy_0_1,16,10,11,0.001,0.0018010182176466509,2.3855781852659437,2.385401488826877,2.385592089283781,2.3854153928447146,0.0,-0.0,True,False
quality_score_soft_proxy_0_1,16,10,12,0.001,0.0017988465289782343,2.3855781852659437,2.385401488826877,2.383313462414673,2.3831367659756064,0.0,-0.0,True,False
quality_score_soft_proxy_0_1,16,10,13,0.001,0.0017707808284558662,2.3855781852659437,2.385401488826877,2.3843051768653987,2.384128480426332,0.0,-0.0,True,False
quality_score_soft_proxy_0_1,16,10,14,0.001,0.0017684867937057557,2.3855781852659437,2.385401488826877,2.3836105423259126,2.383433845886846,0.0,-0.0,True,False
quality_score_soft_proxy_0_1,16,10,15,0.001,0.0017942368595591294,2.3855781852659437,2.385401488826877,2.3854089518402466,2.38523225540118,0.0,-0.0,True,False
quality_score_soft_proxy_0_1,16,11,12,0.001,0.001804944843365561,2.3855781852659437,2.385592089283781,2.383313462414673,2.38332736643251,-4.440892098500626e-16,4.440892098500626e-16,True,False
quality_score_soft_proxy_0_1,16,11,13,0.001,0.0017865216106637556,2.3855781852659437,2.385592089283781,2.3843051768653987,2.384319080883236,0.0,-0.0,True,False
quality_score_soft_proxy_0_1,16,11,14,0.001,0.0017713087270004185,2.3855781852659437,2.385592089283781,2.3836105423259126,2.38362444634375,0.0,-0.0,True,False
quality_score_soft_proxy_0_1,16,11,15,0.001,0.0018099776417670188,2.3855781852659437,2.385592089283781,2.3854089518402466,2.385422855858084,0.0,-0.0,True,False
quality_score_soft_proxy_0_1,16,12,13,0.0009522500948257119,0.0017887201498516124,2.3855781852659437,2.383421602716067,2.384365962895811,2.3822093803459343,0.0,-0.0,True,False
quality_score_soft_proxy_0_1,16,12,14,0.001,0.001782865906864899,2.3855781852659437,2.383313462414673,2.3836105423259126,2.3813458194746424,4.440892098500626e-16,-4.440892098500626e-16,True,False
quality_score_soft_proxy_0_1,16,12,15,0.001,0.0018004924055337376,2.3855781852659437,2.383313462414673,2.3854089518402466,2.3831442289889764,4.440892098500626e-16,-4.440892098500626e-16,True,False
quality_score_soft_proxy_0_1,16,13,14,0.000614106791155096,0.0018308349588111066,2.3855781852659437,2.3847964221619713,2.3843698423739026,2.38358807926993,0.0,-0.0,True,False
quality_score_soft_proxy_0_1,16,13,15,0.001,0.0017797402525762344,2.3855781852659437,2.3843051768653987,2.3854089518402466,2.3841359434397016,0.0,-0.0,True,False
quality_score_soft_proxy_0_1,16,14,15,0.001,0.0017774462178261237,2.3855781852659437,2.383610542325913,2.3854089518402466,2.383441308900216,0.0,-0.0,True,False
