dataset_x,scale,index,model,loss_mean_observed,loss_mean_pred,abs_error_mean,dataset_key,dataset_y,nearest_train_aitchison
train,1m,1,M1_Q_proxy_scale_p,5.904635429382324,5.4030507320594685,0.5015846973228557,A4_A5_train_1m,A4_A5_train_1m,0.0
train,1m,2,M1_Q_proxy_scale_p,5.133344430189866,5.127337970775908,0.006006459413957721,A4_A5_train_1m,A4_A5_train_1m,0.0
train,1m,3,M1_Q_proxy_scale_p,5.542253035765428,5.536228473143619,0.006024562621808727,A4_A5_train_1m,A4_A5_train_1m,0.0
train,1m,4,M1_Q_proxy_scale_p,5.290134576650766,5.442178815850432,0.15204423919966548,A4_A5_train_1m,A4_A5_train_1m,0.0
train,1m,5,M1_Q_proxy_scale_p,4.9657532618596,5.324420686976599,0.358667425116999,A4_A5_train_1m,A4_A5_train_1m,0.0
train,1m,6,M1_Q_proxy_scale_p,5.358781594496507,5.398617780138001,0.03983618564149438,A4_A5_train_1m,A4_A5_train_1m,0.0
train,1m,7,M1_Q_proxy_scale_p,5.058426526876596,5.35647366681251,0.2980471399359139,A4_A5_train_1m,A4_A5_train_1m,0.0
train,1m,8,M1_Q_proxy_scale_p,5.898907331319956,5.471421887954629,0.42748544336532657,A4_A5_train_1m,A4_A5_train_1m,0.0
train,1m,9,M1_Q_proxy_scale_p,6.21538573044997,5.4905462756256815,0.7248394548242887,A4_A5_train_1m,A4_A5_train_1m,0.0
train,1m,10,M1_Q_proxy_scale_p,5.393702800457294,5.447441125762766,0.05373832530547151,A4_A5_train_1m,A4_A5_train_1m,0.0
train,1m,11,M1_Q_proxy_scale_p,6.063049664864173,5.633689485005215,0.4293601798589579,A4_A5_train_1m,A4_A5_train_1m,0.0
train,1m,12,M1_Q_proxy_scale_p,5.737708825331468,5.39958410061206,0.3381247247194077,A4_A5_train_1m,A4_A5_train_1m,0.0
train,1m,13,M1_Q_proxy_scale_p,5.631498850308931,5.495542674282575,0.13595617602635635,A4_A5_train_1m,A4_A5_train_1m,0.0
train,1m,14,M1_Q_proxy_scale_p,4.817876852475679,5.044904207486474,0.22702735501079463,A4_A5_train_1m,A4_A5_train_1m,0.0
train,1m,15,M1_Q_proxy_scale_p,4.961122586176946,5.309620950869294,0.3484983646923485,A4_A5_train_1m,A4_A5_train_1m,0.0
train,1m,16,M1_Q_proxy_scale_p,4.79795071711907,4.993317374295709,0.19536665717663926,A4_A5_train_1m,A4_A5_train_1m,0.0
train,1m,17,M1_Q_proxy_scale_p,5.027804338015043,5.447817039474391,0.4200127014593482,A4_A5_train_1m,A4_A5_train_1m,0.0
train,1m,18,M1_Q_proxy_scale_p,4.846522661355825,5.17396505218968,0.3274423908338546,A4_A5_train_1m,A4_A5_train_1m,0.0
train,1m,19,M1_Q_proxy_scale_p,4.862268686294556,5.272832561692054,0.4105638753974983,A4_A5_train_1m,A4_A5_train_1m,0.0
train,1m,20,M1_Q_proxy_scale_p,5.18797335257897,5.336039609905266,0.1480662573262963,A4_A5_train_1m,A4_A5_train_1m,0.0
train,1m,21,M1_Q_proxy_scale_p,5.312407071773823,5.363275583804548,0.050868512030724844,A4_A5_train_1m,A4_A5_train_1m,0.0
train,1m,22,M1_Q_proxy_scale_p,5.267660049291758,5.21800882142201,0.04965122786974785,A4_A5_train_1m,A4_A5_train_1m,0.0
train,1m,23,M1_Q_proxy_scale_p,5.236186431004451,5.199039221981592,0.03714720902285862,A4_A5_train_1m,A4_A5_train_1m,0.0
train,1m,24,M1_Q_proxy_scale_p,6.004401573768029,5.559371165158392,0.44503040860963683,A4_A5_train_1m,A4_A5_train_1m,0.0
train,1m,25,M1_Q_proxy_scale_p,5.220030491168682,5.371870590280521,0.1518400991118387,A4_A5_train_1m,A4_A5_train_1m,0.0
train,1m,26,M1_Q_proxy_scale_p,5.404111513724694,5.498937908337599,0.09482639461290443,A4_A5_train_1m,A4_A5_train_1m,0.0
train,1m,27,M1_Q_proxy_scale_p,4.946193236571092,5.312801033024235,0.36660779645314356,A4_A5_train_1m,A4_A5_train_1m,0.0
train,1m,28,M1_Q_proxy_scale_p,5.129373101087717,5.093943932028546,0.03542916905917082,A4_A5_train_1m,A4_A5_train_1m,0.0
train,1m,29,M1_Q_proxy_scale_p,6.132923419658955,5.370318198747115,0.7626052209118397,A4_A5_train_1m,A4_A5_train_1m,0.0
train,1m,30,M1_Q_proxy_scale_p,5.525556601010836,5.398163470559679,0.12739313045115708,A4_A5_train_1m,A4_A5_train_1m,0.0
train,1m,31,M1_Q_proxy_scale_p,5.268221598405105,5.321467956291239,0.05324635788613463,A4_A5_train_1m,A4_A5_train_1m,0.0
train,1m,32,M1_Q_proxy_scale_p,6.351518722680899,5.649330795469319,0.7021879272115799,A4_A5_train_1m,A4_A5_train_1m,0.0
train,1m,33,M1_Q_proxy_scale_p,5.77667471078726,5.426777220161755,0.349897490625505,A4_A5_train_1m,A4_A5_train_1m,0.0
train,1m,34,M1_Q_proxy_scale_p,5.556892028221717,5.434351202280819,0.12254082594089777,A4_A5_train_1m,A4_A5_train_1m,0.0
train,1m,35,M1_Q_proxy_scale_p,5.203048513485835,5.145221822446851,0.057826691038983746,A4_A5_train_1m,A4_A5_train_1m,0.0
train,1m,36,M1_Q_proxy_scale_p,5.13854692532466,5.346106545534948,0.2075596202102874,A4_A5_train_1m,A4_A5_train_1m,0.0
train,1m,37,M1_Q_proxy_scale_p,4.969163656234741,5.255748143507513,0.28658448727277186,A4_A5_train_1m,A4_A5_train_1m,0.0
train,1m,38,M1_Q_proxy_scale_p,5.545954630925105,5.405816269036898,0.14013836188820683,A4_A5_train_1m,A4_A5_train_1m,0.0
train,1m,39,M1_Q_proxy_scale_p,4.993031996947068,5.226265974298635,0.23323397735156703,A4_A5_train_1m,A4_A5_train_1m,0.0
train,1m,40,M1_Q_proxy_scale_p,5.374926933875451,5.577138736489764,0.20221180261431293,A4_A5_train_1m,A4_A5_train_1m,0.0
train,1m,41,M1_Q_proxy_scale_p,5.1798697618337775,5.470791015787759,0.2909212539539814,A4_A5_train_1m,A4_A5_train_1m,0.0
train,1m,42,M1_Q_proxy_scale_p,5.084016616527851,5.19231448177254,0.10829786524468865,A4_A5_train_1m,A4_A5_train_1m,0.0
train,1m,43,M1_Q_proxy_scale_p,5.076522203592154,5.237217906059727,0.16069570246757348,A4_A5_train_1m,A4_A5_train_1m,0.0
train,1m,44,M1_Q_proxy_scale_p,5.084354584033672,5.419051066459828,0.334696482426156,A4_A5_train_1m,A4_A5_train_1m,0.0
train,1m,45,M1_Q_proxy_scale_p,5.588743741695698,5.524902670139446,0.06384107155625163,A4_A5_train_1m,A4_A5_train_1m,0.0
train,1m,46,M1_Q_proxy_scale_p,4.864920946267935,5.317238630905065,0.45231768463712996,A4_A5_train_1m,A4_A5_train_1m,0.0
train,1m,47,M1_Q_proxy_scale_p,5.89624966107882,5.302694330895463,0.5935553301833574,A4_A5_train_1m,A4_A5_train_1m,0.0
train,1m,48,M1_Q_proxy_scale_p,5.411233351780818,5.4273288518814375,0.016095500100619553,A4_A5_train_1m,A4_A5_train_1m,0.0
train,1m,49,M1_Q_proxy_scale_p,5.7741538011110745,5.5601375376532,0.21401626345787417,A4_A5_train_1m,A4_A5_train_1m,0.0
train,1m,50,M1_Q_proxy_scale_p,5.143856727159941,5.22378529932638,0.07992857216643934,A4_A5_train_1m,A4_A5_train_1m,0.0
train,1m,51,M1_Q_proxy_scale_p,5.70809296461252,5.523869354048623,0.18422361056389747,A4_A5_train_1m,A4_A5_train_1m,0.0
train,1m,52,M1_Q_proxy_scale_p,5.145880625798152,5.511634865779091,0.36575423998093903,A4_A5_train_1m,A4_A5_train_1m,0.0
train,1m,53,M1_Q_proxy_scale_p,5.5614226047809305,5.556075700405326,0.005346904375604922,A4_A5_train_1m,A4_A5_train_1m,0.0
train,1m,54,M1_Q_proxy_scale_p,5.299323155329778,5.4827635243082415,0.18344036897846383,A4_A5_train_1m,A4_A5_train_1m,0.0
train,1m,55,M1_Q_proxy_scale_p,5.317342171302209,5.485544391026796,0.16820221972458693,A4_A5_train_1m,A4_A5_train_1m,0.0
train,1m,56,M1_Q_proxy_scale_p,4.808996420640212,5.187249748301604,0.3782533276613922,A4_A5_train_1m,A4_A5_train_1m,0.0
train,1m,57,M1_Q_proxy_scale_p,5.887269716996413,5.43501484823669,0.45225486875972365,A4_A5_train_1m,A4_A5_train_1m,0.0
train,1m,58,M1_Q_proxy_scale_p,5.4202854083134575,5.49179033830597,0.07150492999251234,A4_A5_train_1m,A4_A5_train_1m,0.0
train,1m,59,M1_Q_proxy_scale_p,5.7707441953512335,5.449099395729967,0.32164479962126613,A4_A5_train_1m,A4_A5_train_1m,0.0
train,1m,60,M1_Q_proxy_scale_p,5.324331246889555,5.373303809497433,0.048972562607877634,A4_A5_train_1m,A4_A5_train_1m,0.0
train,1m,61,M1_Q_proxy_scale_p,5.112476293857281,5.252375465445025,0.13989917158774468,A4_A5_train_1m,A4_A5_train_1m,0.0
train,1m,62,M1_Q_proxy_scale_p,4.98912211564871,5.340777307550534,0.35165519190182337,A4_A5_train_1m,A4_A5_train_1m,0.0
train,1m,63,M1_Q_proxy_scale_p,5.187093367943397,5.301837057806576,0.11474368986317973,A4_A5_train_1m,A4_A5_train_1m,0.0
train,1m,64,M1_Q_proxy_scale_p,5.274854494975164,5.504268772198671,0.2294142772235066,A4_A5_train_1m,A4_A5_train_1m,0.0
train,1m,65,M1_Q_proxy_scale_p,5.458681143247164,5.448113777520243,0.010567365726920741,A4_A5_train_1m,A4_A5_train_1m,0.0
train,1m,66,M1_Q_proxy_scale_p,5.32672276863685,5.382792866422241,0.056070097785390516,A4_A5_train_1m,A4_A5_train_1m,0.0
train,1m,67,M1_Q_proxy_scale_p,5.0674561720628,5.373800864583138,0.30634469252033725,A4_A5_train_1m,A4_A5_train_1m,0.0
train,1m,68,M1_Q_proxy_scale_p,5.173592264835651,5.0474403943273805,0.12615187050827092,A4_A5_train_1m,A4_A5_train_1m,0.0
train,1m,69,M1_Q_proxy_scale_p,5.631533072544978,5.30708961587939,0.3244434566655885,A4_A5_train_1m,A4_A5_train_1m,0.0
train,1m,70,M1_Q_proxy_scale_p,6.022816988138052,5.455628695579792,0.5671882925582601,A4_A5_train_1m,A4_A5_train_1m,0.0
train,1m,71,M1_Q_proxy_scale_p,5.365188855391282,5.417831220056101,0.052642364664818864,A4_A5_train_1m,A4_A5_train_1m,0.0
train,1m,72,M1_Q_proxy_scale_p,4.787480858656076,5.205123848019884,0.4176429893638076,A4_A5_train_1m,A4_A5_train_1m,0.0
train,1m,73,M1_Q_proxy_scale_p,5.179639073518606,5.35109139821246,0.17145232469385352,A4_A5_train_1m,A4_A5_train_1m,0.0
train,1m,74,M1_Q_proxy_scale_p,5.226524077928984,5.477958516107792,0.2514344381788085,A4_A5_train_1m,A4_A5_train_1m,0.0
train,1m,75,M1_Q_proxy_scale_p,4.9586097827324505,5.30316875158295,0.3445589688504995,A4_A5_train_1m,A4_A5_train_1m,0.0
train,1m,76,M1_Q_proxy_scale_p,5.651923748163076,5.572625979785958,0.07929776837711877,A4_A5_train_1m,A4_A5_train_1m,0.0
train,1m,77,M1_Q_proxy_scale_p,5.3520875710707445,5.498258308434509,0.1461707373637644,A4_A5_train_1m,A4_A5_train_1m,0.0
train,1m,78,M1_Q_proxy_scale_p,5.554785545055683,5.5894406167816735,0.03465507172599036,A4_A5_train_1m,A4_A5_train_1m,0.0
train,1m,79,M1_Q_proxy_scale_p,5.4707560906043415,5.220503567928129,0.25025252267621223,A4_A5_train_1m,A4_A5_train_1m,0.0
train,1m,80,M1_Q_proxy_scale_p,5.09033621274508,5.109242286608128,0.018906073863048434,A4_A5_train_1m,A4_A5_train_1m,0.0
train,1m,81,M1_Q_proxy_scale_p,5.297927673046406,5.460226708102575,0.1622990350561695,A4_A5_train_1m,A4_A5_train_1m,0.0
train,1m,82,M1_Q_proxy_scale_p,5.424900385049673,5.294944634876846,0.1299557501728268,A4_A5_train_1m,A4_A5_train_1m,0.0
train,1m,83,M1_Q_proxy_scale_p,5.750808275662935,5.302498440392388,0.448309835270547,A4_A5_train_1m,A4_A5_train_1m,0.0
train,1m,84,M1_Q_proxy_scale_p,4.950157734063955,5.079843110132315,0.12968537606835984,A4_A5_train_1m,A4_A5_train_1m,0.0
train,1m,85,M1_Q_proxy_scale_p,5.716571239324717,5.283432804622408,0.4331384347023084,A4_A5_train_1m,A4_A5_train_1m,0.0
train,1m,86,M1_Q_proxy_scale_p,5.235661506652832,5.251074233335232,0.015412726682400013,A4_A5_train_1m,A4_A5_train_1m,0.0
train,1m,87,M1_Q_proxy_scale_p,5.10342132128202,5.167434043678681,0.06401272239666156,A4_A5_train_1m,A4_A5_train_1m,0.0
train,1m,88,M1_Q_proxy_scale_p,5.470787085019625,5.484391182501209,0.013604097481584532,A4_A5_train_1m,A4_A5_train_1m,0.0
train,1m,89,M1_Q_proxy_scale_p,4.961350642717802,5.277077610427922,0.31572696771011977,A4_A5_train_1m,A4_A5_train_1m,0.0
train,1m,90,M1_Q_proxy_scale_p,5.33156681060791,5.551321692752497,0.21975488214458672,A4_A5_train_1m,A4_A5_train_1m,0.0
train,1m,91,M1_Q_proxy_scale_p,5.31988525390625,5.1894265470316725,0.1304587068745775,A4_A5_train_1m,A4_A5_train_1m,0.0
train,1m,92,M1_Q_proxy_scale_p,5.012554086171663,5.299969313824736,0.2874152276530726,A4_A5_train_1m,A4_A5_train_1m,0.0
train,1m,93,M1_Q_proxy_scale_p,5.421647585355318,5.600030059020276,0.17838247366495796,A4_A5_train_1m,A4_A5_train_1m,0.0
train,1m,94,M1_Q_proxy_scale_p,5.098412843850943,5.339334739154856,0.24092189530391295,A4_A5_train_1m,A4_A5_train_1m,0.0
train,1m,95,M1_Q_proxy_scale_p,5.005955879504864,5.267147089200681,0.26119120969581733,A4_A5_train_1m,A4_A5_train_1m,0.0
train,1m,96,M1_Q_proxy_scale_p,5.560164378239558,5.492339934120281,0.06782444411927724,A4_A5_train_1m,A4_A5_train_1m,0.0
train,1m,97,M1_Q_proxy_scale_p,5.086579616253193,4.975599735738801,0.11097988051439156,A4_A5_train_1m,A4_A5_train_1m,0.0
train,1m,98,M1_Q_proxy_scale_p,4.968219261903029,5.326752789486477,0.3585335275834476,A4_A5_train_1m,A4_A5_train_1m,0.0
train,1m,99,M1_Q_proxy_scale_p,5.034334586216853,5.2650305772862005,0.23069599106934735,A4_A5_train_1m,A4_A5_train_1m,0.0
train,1m,100,M1_Q_proxy_scale_p,5.14715836598323,5.193835030776635,0.04667666479340582,A4_A5_train_1m,A4_A5_train_1m,0.0
train,1m,101,M1_Q_proxy_scale_p,5.508998687450703,5.401080511421911,0.10791817602879128,A4_A5_train_1m,A4_A5_train_1m,0.0
train,1m,102,M1_Q_proxy_scale_p,5.058160011584942,5.390741681729971,0.3325816701450295,A4_A5_train_1m,A4_A5_train_1m,0.0
train,1m,103,M1_Q_proxy_scale_p,5.707575486256526,5.462174198426437,0.24540128783008885,A4_A5_train_1m,A4_A5_train_1m,0.0
train,1m,104,M1_Q_proxy_scale_p,5.525642706797673,5.397554862966429,0.12808784383124383,A4_A5_train_1m,A4_A5_train_1m,0.0
train,1m,105,M1_Q_proxy_scale_p,5.0328695223881645,5.117786630053355,0.08491710766519045,A4_A5_train_1m,A4_A5_train_1m,0.0
train,1m,106,M1_Q_proxy_scale_p,5.289851610477154,5.328961960223743,0.039110349746589,A4_A5_train_1m,A4_A5_train_1m,0.0
train,1m,107,M1_Q_proxy_scale_p,4.989442605238694,5.003697153068976,0.014254547830281794,A4_A5_train_1m,A4_A5_train_1m,0.0
train,1m,108,M1_Q_proxy_scale_p,5.295009301258967,5.400278574029551,0.10526927277058373,A4_A5_train_1m,A4_A5_train_1m,0.0
train,1m,109,M1_Q_proxy_scale_p,5.334094707782452,5.506094162608031,0.17199945482557943,A4_A5_train_1m,A4_A5_train_1m,0.0
train,1m,110,M1_Q_proxy_scale_p,5.449594552700336,5.544446684593412,0.09485213189307551,A4_A5_train_1m,A4_A5_train_1m,0.0
train,1m,111,M1_Q_proxy_scale_p,5.312416535157424,5.525627377959212,0.21321084280178848,A4_A5_train_1m,A4_A5_train_1m,0.0
train,1m,112,M1_Q_proxy_scale_p,5.569669283353365,5.4761603450638745,0.09350893828949047,A4_A5_train_1m,A4_A5_train_1m,0.0
train,1m,113,M1_Q_proxy_scale_p,5.79182611978971,5.291211995009608,0.5006141247801024,A4_A5_train_1m,A4_A5_train_1m,0.0
train,1m,114,M1_Q_proxy_scale_p,5.115278867574839,5.461962109934453,0.3466832423596147,A4_A5_train_1m,A4_A5_train_1m,0.0
train,1m,115,M1_Q_proxy_scale_p,5.0793792467850905,5.346285639331796,0.2669063925467059,A4_A5_train_1m,A4_A5_train_1m,0.0
train,1m,116,M1_Q_proxy_scale_p,5.581812601823073,5.58251949025245,0.0007068884293763844,A4_A5_train_1m,A4_A5_train_1m,0.0
train,1m,117,M1_Q_proxy_scale_p,5.493302418635442,5.516058610550658,0.022756191915216384,A4_A5_train_1m,A4_A5_train_1m,0.0
train,1m,118,M1_Q_proxy_scale_p,5.253312000861535,5.305048822905247,0.051736822043712216,A4_A5_train_1m,A4_A5_train_1m,0.0
train,1m,119,M1_Q_proxy_scale_p,5.23164596924415,5.5556525185017325,0.3240065492575823,A4_A5_train_1m,A4_A5_train_1m,0.0
train,1m,120,M1_Q_proxy_scale_p,5.474159240722656,5.515692413809381,0.04153317308672477,A4_A5_train_1m,A4_A5_train_1m,0.0
train,1m,121,M1_Q_proxy_scale_p,4.878322711357703,5.371868075410943,0.4935453640532401,A4_A5_train_1m,A4_A5_train_1m,0.0
train,1m,122,M1_Q_proxy_scale_p,5.401022837712215,5.491200263814515,0.09017742610229984,A4_A5_train_1m,A4_A5_train_1m,0.0
train,1m,123,M1_Q_proxy_scale_p,5.233468826000507,5.451531593401892,0.21806276740138486,A4_A5_train_1m,A4_A5_train_1m,0.0
train,1m,124,M1_Q_proxy_scale_p,5.488834692881658,5.479135246908426,0.009699445973232024,A4_A5_train_1m,A4_A5_train_1m,0.0
train,1m,125,M1_Q_proxy_scale_p,4.976043426073515,4.847646364768962,0.12839706130455308,A4_A5_train_1m,A4_A5_train_1m,0.0
train,1m,126,M1_Q_proxy_scale_p,5.585982726170466,5.411631113973829,0.17435161219663708,A4_A5_train_1m,A4_A5_train_1m,0.0
train,1m,127,M1_Q_proxy_scale_p,5.2504966259002686,5.476444764347333,0.2259481384470643,A4_A5_train_1m,A4_A5_train_1m,0.0
train,1m,128,M1_Q_proxy_scale_p,5.531904037182148,5.289967819046879,0.2419362181352689,A4_A5_train_1m,A4_A5_train_1m,0.0
train,1m,129,M1_Q_proxy_scale_p,5.114644875893226,5.210426154603086,0.0957812787098602,A4_A5_train_1m,A4_A5_train_1m,0.0
train,1m,130,M1_Q_proxy_scale_p,5.506486379183256,5.369402407351796,0.13708397183146026,A4_A5_train_1m,A4_A5_train_1m,0.0
train,1m,131,M1_Q_proxy_scale_p,5.957377782234778,5.509803600492622,0.4475741817421568,A4_A5_train_1m,A4_A5_train_1m,0.0
train,1m,132,M1_Q_proxy_scale_p,5.082580731465266,5.480042034108669,0.3974613026434026,A4_A5_train_1m,A4_A5_train_1m,0.0
train,1m,133,M1_Q_proxy_scale_p,5.319046313946064,5.2990362026304405,0.02001011131562347,A4_A5_train_1m,A4_A5_train_1m,0.0
train,1m,134,M1_Q_proxy_scale_p,4.923890682367178,5.225738080273903,0.3018473979067249,A4_A5_train_1m,A4_A5_train_1m,0.0
train,1m,135,M1_Q_proxy_scale_p,4.972090299312885,5.315821174153461,0.34373087484057585,A4_A5_train_1m,A4_A5_train_1m,0.0
train,1m,136,M1_Q_proxy_scale_p,4.926703443894019,4.730582856862308,0.19612058703171087,A4_A5_train_1m,A4_A5_train_1m,0.0
train,1m,137,M1_Q_proxy_scale_p,4.777031256602361,5.231952345378047,0.45492108877568604,A4_A5_train_1m,A4_A5_train_1m,0.0
train,1m,138,M1_Q_proxy_scale_p,5.449319784457867,5.540489705371919,0.0911699209140524,A4_A5_train_1m,A4_A5_train_1m,0.0
train,1m,139,M1_Q_proxy_scale_p,4.83827004982875,5.135178193963073,0.2969081441343233,A4_A5_train_1m,A4_A5_train_1m,0.0
train,1m,140,M1_Q_proxy_scale_p,5.102373728385339,5.458490693872268,0.3561169654869296,A4_A5_train_1m,A4_A5_train_1m,0.0
train,1m,141,M1_Q_proxy_scale_p,5.222839227089515,5.200593364349994,0.02224586273952056,A4_A5_train_1m,A4_A5_train_1m,0.0
train,1m,142,M1_Q_proxy_scale_p,5.015156672551082,5.101836408352866,0.08667973580178412,A4_A5_train_1m,A4_A5_train_1m,0.0
train,1m,143,M1_Q_proxy_scale_p,4.806556151463435,5.3345670050174245,0.5280108535539894,A4_A5_train_1m,A4_A5_train_1m,0.0
train,1m,144,M1_Q_proxy_scale_p,4.959281939726609,5.4107378539396,0.4514559142129908,A4_A5_train_1m,A4_A5_train_1m,0.0
train,1m,145,M1_Q_proxy_scale_p,5.952231370485746,5.519419924836697,0.4328114456490493,A4_A5_train_1m,A4_A5_train_1m,0.0
train,1m,146,M1_Q_proxy_scale_p,5.150994777679443,5.285249602614116,0.1342548249346729,A4_A5_train_1m,A4_A5_train_1m,0.0
train,1m,147,M1_Q_proxy_scale_p,5.291426695310152,5.185280444162865,0.10614625114728682,A4_A5_train_1m,A4_A5_train_1m,0.0
train,1m,148,M1_Q_proxy_scale_p,4.931557105137752,5.081921739803772,0.1503646346660208,A4_A5_train_1m,A4_A5_train_1m,0.0
train,1m,149,M1_Q_proxy_scale_p,5.27410074380728,5.507682483523125,0.23358173971584506,A4_A5_train_1m,A4_A5_train_1m,0.0
train,1m,150,M1_Q_proxy_scale_p,5.937332300039438,5.458092833628829,0.47923946641060944,A4_A5_train_1m,A4_A5_train_1m,0.0
train,1m,151,M1_Q_proxy_scale_p,5.100791674393874,5.095124101869451,0.005667572524423292,A4_A5_train_1m,A4_A5_train_1m,0.0
train,1m,152,M1_Q_proxy_scale_p,5.498166927924523,5.166796148691993,0.33137077923253067,A4_A5_train_1m,A4_A5_train_1m,0.0
train,1m,153,M1_Q_proxy_scale_p,5.385987942035381,5.328120297407485,0.05786764462789673,A4_A5_train_1m,A4_A5_train_1m,0.0
train,1m,154,M1_Q_proxy_scale_p,5.031752347946167,5.389751013455543,0.35799866550937587,A4_A5_train_1m,A4_A5_train_1m,0.0
train,1m,155,M1_Q_proxy_scale_p,5.387985853048471,5.081806302377583,0.30617955067088864,A4_A5_train_1m,A4_A5_train_1m,0.0
train,1m,156,M1_Q_proxy_scale_p,5.079572989390447,5.553580716580987,0.4740077271905401,A4_A5_train_1m,A4_A5_train_1m,0.0
train,1m,157,M1_Q_proxy_scale_p,5.245475769042969,5.402915885118795,0.15744011607582653,A4_A5_train_1m,A4_A5_train_1m,0.0
train,1m,158,M1_Q_proxy_scale_p,5.923797717461219,5.502773113483197,0.42102460397802144,A4_A5_train_1m,A4_A5_train_1m,0.0
train,1m,159,M1_Q_proxy_scale_p,5.11954140663147,5.33012861448006,0.2105872078485902,A4_A5_train_1m,A4_A5_train_1m,0.0
train,1m,160,M1_Q_proxy_scale_p,5.644763946533203,5.331477063807061,0.3132868827261417,A4_A5_train_1m,A4_A5_train_1m,0.0
train,1m,161,M1_Q_proxy_scale_p,5.495572090148926,5.596348699249829,0.1007766091009028,A4_A5_train_1m,A4_A5_train_1m,0.0
train,1m,162,M1_Q_proxy_scale_p,5.367383810190054,5.494007776815514,0.12662396662546005,A4_A5_train_1m,A4_A5_train_1m,0.0
train,1m,163,M1_Q_proxy_scale_p,5.3949007254380446,5.094643074410657,0.3002576510273878,A4_A5_train_1m,A4_A5_train_1m,0.0
train,1m,164,M1_Q_proxy_scale_p,5.122750318967379,5.426445810331278,0.3036954913638992,A4_A5_train_1m,A4_A5_train_1m,0.0
train,1m,165,M1_Q_proxy_scale_p,5.165469132936918,5.190243610694126,0.02477447775720787,A4_A5_train_1m,A4_A5_train_1m,0.0
train,1m,166,M1_Q_proxy_scale_p,5.544644575852614,5.295395657739214,0.2492489181134001,A4_A5_train_1m,A4_A5_train_1m,0.0
train,1m,167,M1_Q_proxy_scale_p,5.240923624772292,5.287137274050847,0.0462136492785552,A4_A5_train_1m,A4_A5_train_1m,0.0
train,1m,168,M1_Q_proxy_scale_p,5.24033796787262,5.253622882999644,0.013284915127024455,A4_A5_train_1m,A4_A5_train_1m,0.0
train,1m,169,M1_Q_proxy_scale_p,5.386430887075571,5.301985075985351,0.08444581109022042,A4_A5_train_1m,A4_A5_train_1m,0.0
train,1m,170,M1_Q_proxy_scale_p,4.753428780115568,5.103457920543719,0.35002914042815103,A4_A5_train_1m,A4_A5_train_1m,0.0
train,1m,171,M1_Q_proxy_scale_p,5.758380779853234,5.22510497764492,0.5332758022083146,A4_A5_train_1m,A4_A5_train_1m,0.0
train,1m,172,M1_Q_proxy_scale_p,4.881629925507766,4.910973916903203,0.02934399139543764,A4_A5_train_1m,A4_A5_train_1m,0.0
train,1m,173,M1_Q_proxy_scale_p,5.508442255166861,5.036204100888018,0.47223815427884297,A4_A5_train_1m,A4_A5_train_1m,0.0
train,1m,174,M1_Q_proxy_scale_p,5.495788207420936,5.426589412821716,0.0691987945992194,A4_A5_train_1m,A4_A5_train_1m,0.0
train,1m,175,M1_Q_proxy_scale_p,5.148220539093018,5.175034749642655,0.026814210549637174,A4_A5_train_1m,A4_A5_train_1m,0.0
train,1m,176,M1_Q_proxy_scale_p,5.556494043423579,5.370568865177154,0.18592517824642485,A4_A5_train_1m,A4_A5_train_1m,0.0
train,1m,177,M1_Q_proxy_scale_p,5.095407596001258,5.172621710462783,0.07721411446152526,A4_A5_train_1m,A4_A5_train_1m,0.0
train,1m,178,M1_Q_proxy_scale_p,5.937310732327974,5.624289033205305,0.3130216991226691,A4_A5_train_1m,A4_A5_train_1m,0.0
train,1m,179,M1_Q_proxy_scale_p,4.976028167284452,5.424056995653069,0.44802882836861624,A4_A5_train_1m,A4_A5_train_1m,0.0
train,1m,180,M1_Q_proxy_scale_p,5.494938593644362,5.386009777663175,0.1089288159811872,A4_A5_train_1m,A4_A5_train_1m,0.0
train,1m,181,M1_Q_proxy_scale_p,5.141839816020085,5.323625226563144,0.18178541054305875,A4_A5_train_1m,A4_A5_train_1m,0.0
train,1m,182,M1_Q_proxy_scale_p,5.295228261214036,5.398654189663771,0.10342592844973542,A4_A5_train_1m,A4_A5_train_1m,0.0
train,1m,183,M1_Q_proxy_scale_p,5.253902343603281,5.383344129992352,0.1294417863890711,A4_A5_train_1m,A4_A5_train_1m,0.0
train,1m,184,M1_Q_proxy_scale_p,5.191439298483042,5.38292609182165,0.1914867933386084,A4_A5_train_1m,A4_A5_train_1m,0.0
train,1m,185,M1_Q_proxy_scale_p,5.2902715022747335,5.359958796031562,0.0696872937568287,A4_A5_train_1m,A4_A5_train_1m,0.0
train,1m,186,M1_Q_proxy_scale_p,4.878201521359957,5.24902834769112,0.3708268263311636,A4_A5_train_1m,A4_A5_train_1m,0.0
train,1m,187,M1_Q_proxy_scale_p,5.423074575570913,5.436934660890237,0.013860085319323368,A4_A5_train_1m,A4_A5_train_1m,0.0
train,1m,188,M1_Q_proxy_scale_p,5.185021583850567,5.456856351868727,0.2718347680181603,A4_A5_train_1m,A4_A5_train_1m,0.0
train,1m,189,M1_Q_proxy_scale_p,5.652520766625037,5.270837816012271,0.3816829506127659,A4_A5_train_1m,A4_A5_train_1m,0.0
train,1m,190,M1_Q_proxy_scale_p,5.019367126318125,5.204325420737311,0.18495829441918588,A4_A5_train_1m,A4_A5_train_1m,0.0
train,1m,191,M1_Q_proxy_scale_p,5.316304060129019,5.236056692528545,0.08024736760047357,A4_A5_train_1m,A4_A5_train_1m,0.0
train,1m,192,M1_Q_proxy_scale_p,5.892361090733455,5.450422032618632,0.4419390581148228,A4_A5_train_1m,A4_A5_train_1m,0.0
train,1m,193,M1_Q_proxy_scale_p,5.536613170917217,5.415724598058501,0.1208885728587159,A4_A5_train_1m,A4_A5_train_1m,0.0
train,1m,194,M1_Q_proxy_scale_p,5.429344837482159,5.399105877354897,0.030238960127261905,A4_A5_train_1m,A4_A5_train_1m,0.0
train,1m,195,M1_Q_proxy_scale_p,4.924977174172034,5.270449663628519,0.3454724894564851,A4_A5_train_1m,A4_A5_train_1m,0.0
train,1m,196,M1_Q_proxy_scale_p,4.989451243327214,5.395221560439579,0.40577031711236433,A4_A5_train_1m,A4_A5_train_1m,0.0
train,1m,197,M1_Q_proxy_scale_p,4.980419287314782,5.279780420054475,0.2993611327396932,A4_A5_train_1m,A4_A5_train_1m,0.0
train,1m,198,M1_Q_proxy_scale_p,5.206969554607685,5.154332115951414,0.05263743865627113,A4_A5_train_1m,A4_A5_train_1m,0.0
train,1m,199,M1_Q_proxy_scale_p,5.577325490804819,5.345648679947445,0.23167681085737435,A4_A5_train_1m,A4_A5_train_1m,0.0
train,1m,200,M1_Q_proxy_scale_p,4.981486100416917,5.301893950721813,0.32040785030489616,A4_A5_train_1m,A4_A5_train_1m,0.0
train,1m,201,M1_Q_proxy_scale_p,5.27765663770529,5.206020108894744,0.07163652881054539,A4_A5_train_1m,A4_A5_train_1m,0.0
train,1m,202,M1_Q_proxy_scale_p,5.150389304527869,5.342254772507579,0.19186546797971005,A4_A5_train_1m,A4_A5_train_1m,0.0
train,1m,203,M1_Q_proxy_scale_p,5.623192493732159,5.46249953428613,0.16069295944602846,A4_A5_train_1m,A4_A5_train_1m,0.0
train,1m,204,M1_Q_proxy_scale_p,4.941437867971567,5.346790011496325,0.405352143524758,A4_A5_train_1m,A4_A5_train_1m,0.0
train,1m,205,M1_Q_proxy_scale_p,5.35276198387146,5.601369702234097,0.24860771836263673,A4_A5_train_1m,A4_A5_train_1m,0.0
train,1m,206,M1_Q_proxy_scale_p,5.266261522586529,5.380740276950503,0.11447875436397403,A4_A5_train_1m,A4_A5_train_1m,0.0
train,1m,207,M1_Q_proxy_scale_p,5.7279043931227465,5.469067208463692,0.25883718465905403,A4_A5_train_1m,A4_A5_train_1m,0.0
train,1m,208,M1_Q_proxy_scale_p,5.562525419088511,5.289709642936351,0.2728157761521608,A4_A5_train_1m,A4_A5_train_1m,0.0
train,1m,209,M1_Q_proxy_scale_p,5.313656513507549,5.172460080056142,0.1411964334514071,A4_A5_train_1m,A4_A5_train_1m,0.0
train,1m,210,M1_Q_proxy_scale_p,5.629430532455444,5.585577126116407,0.04385340633903745,A4_A5_train_1m,A4_A5_train_1m,0.0
train,1m,211,M1_Q_proxy_scale_p,4.933682166613066,5.452197461701276,0.5185152950882106,A4_A5_train_1m,A4_A5_train_1m,0.0
train,1m,212,M1_Q_proxy_scale_p,5.075303829633272,5.305607121926899,0.23030329229362678,A4_A5_train_1m,A4_A5_train_1m,0.0
train,1m,213,M1_Q_proxy_scale_p,5.264764015491192,5.377024748190566,0.11226073269937409,A4_A5_train_1m,A4_A5_train_1m,0.0
train,1m,214,M1_Q_proxy_scale_p,4.916725580508892,5.279887149920536,0.3631615694116439,A4_A5_train_1m,A4_A5_train_1m,0.0
train,1m,215,M1_Q_proxy_scale_p,5.386073754383967,5.356928805979384,0.029144948404583815,A4_A5_train_1m,A4_A5_train_1m,0.0
train,1m,216,M1_Q_proxy_scale_p,5.281318224393404,5.389740100708115,0.10842187631471134,A4_A5_train_1m,A4_A5_train_1m,0.0
train,1m,217,M1_Q_proxy_scale_p,5.939222537554228,5.519901923577724,0.4193206139765042,A4_A5_train_1m,A4_A5_train_1m,0.0
train,1m,218,M1_Q_proxy_scale_p,5.080042637311495,5.33292825180144,0.2528856144899452,A4_A5_train_1m,A4_A5_train_1m,0.0
train,1m,219,M1_Q_proxy_scale_p,5.515955741588886,5.504831236722973,0.01112450486591321,A4_A5_train_1m,A4_A5_train_1m,0.0
train,1m,220,M1_Q_proxy_scale_p,5.317405902422392,5.541231993663246,0.22382609124085384,A4_A5_train_1m,A4_A5_train_1m,0.0
train,1m,221,M1_Q_proxy_scale_p,5.251096872182993,5.289723105546832,0.03862623336383919,A4_A5_train_1m,A4_A5_train_1m,0.0
train,1m,222,M1_Q_proxy_scale_p,6.054345736136804,5.566084319993774,0.48826141614302987,A4_A5_train_1m,A4_A5_train_1m,0.0
train,1m,223,M1_Q_proxy_scale_p,5.707822616283711,5.421260016097085,0.2865626001866266,A4_A5_train_1m,A4_A5_train_1m,0.0
train,1m,224,M1_Q_proxy_scale_p,5.286468689258282,5.009896642821554,0.27657204643672806,A4_A5_train_1m,A4_A5_train_1m,0.0
train,1m,225,M1_Q_proxy_scale_p,5.014853074000432,4.897803799842548,0.11704927415788369,A4_A5_train_1m,A4_A5_train_1m,0.0
train,1m,226,M1_Q_proxy_scale_p,5.161886325249305,5.430059554124539,0.2681732288752343,A4_A5_train_1m,A4_A5_train_1m,0.0
train,1m,227,M1_Q_proxy_scale_p,4.919211167555589,5.196386284413783,0.27717511685819396,A4_A5_train_1m,A4_A5_train_1m,0.0
train,1m,228,M1_Q_proxy_scale_p,5.416094890007606,5.18416465610719,0.23193023390041567,A4_A5_train_1m,A4_A5_train_1m,0.0
train,1m,229,M1_Q_proxy_scale_p,5.332706378056453,5.281491517552352,0.051214860504100734,A4_A5_train_1m,A4_A5_train_1m,0.0
train,1m,230,M1_Q_proxy_scale_p,5.555266838807326,5.473394916208907,0.08187192259841947,A4_A5_train_1m,A4_A5_train_1m,0.0
train,1m,231,M1_Q_proxy_scale_p,5.509172256176289,5.308967980962256,0.20020427521403228,A4_A5_train_1m,A4_A5_train_1m,0.0
train,1m,232,M1_Q_proxy_scale_p,5.255817715938274,5.204447960695637,0.05136975524263754,A4_A5_train_1m,A4_A5_train_1m,0.0
train,1m,233,M1_Q_proxy_scale_p,5.338685842660757,5.379143824173192,0.04045798151243485,A4_A5_train_1m,A4_A5_train_1m,0.0
train,1m,234,M1_Q_proxy_scale_p,5.009716492432815,5.434435033122727,0.42471854068991277,A4_A5_train_1m,A4_A5_train_1m,0.0
train,1m,235,M1_Q_proxy_scale_p,5.199401617050171,5.305287343106995,0.10588572605682423,A4_A5_train_1m,A4_A5_train_1m,0.0
train,1m,236,M1_Q_proxy_scale_p,5.195423227090102,5.377225045195266,0.18180181810516416,A4_A5_train_1m,A4_A5_train_1m,0.0
train,1m,237,M1_Q_proxy_scale_p,5.799081563949585,5.477857995975201,0.3212235679743838,A4_A5_train_1m,A4_A5_train_1m,0.0
train,1m,238,M1_Q_proxy_scale_p,5.919422388076782,5.473020766626648,0.44640162145013385,A4_A5_train_1m,A4_A5_train_1m,0.0
train,1m,239,M1_Q_proxy_scale_p,5.059099765924307,5.361167049370579,0.3020672834462719,A4_A5_train_1m,A4_A5_train_1m,0.0
train,1m,240,M1_Q_proxy_scale_p,5.506106009850135,5.301029667388061,0.20507634246207385,A4_A5_train_1m,A4_A5_train_1m,0.0
train,1m,241,M1_Q_proxy_scale_p,5.525696662756113,5.36988414957698,0.15581251317913303,A4_A5_train_1m,A4_A5_train_1m,0.0
train,1m,242,M1_Q_proxy_scale_p,5.40106816475208,5.227151899258506,0.17391626549357397,A4_A5_train_1m,A4_A5_train_1m,0.0
train,1m,243,M1_Q_proxy_scale_p,5.341662150162917,5.453657421679243,0.11199527151632616,A4_A5_train_1m,A4_A5_train_1m,0.0
train,1m,244,M1_Q_proxy_scale_p,4.994082230788011,5.2516041977963175,0.2575219670083069,A4_A5_train_1m,A4_A5_train_1m,0.0
train,1m,245,M1_Q_proxy_scale_p,5.183573704499465,5.474251217225239,0.29067751272577436,A4_A5_train_1m,A4_A5_train_1m,0.0
train,1m,246,M1_Q_proxy_scale_p,5.13984856238732,5.355235350267504,0.21538678788018473,A4_A5_train_1m,A4_A5_train_1m,0.0
train,1m,247,M1_Q_proxy_scale_p,5.323499386127178,5.401262212776645,0.07776282664946699,A4_A5_train_1m,A4_A5_train_1m,0.0
train,1m,248,M1_Q_proxy_scale_p,5.34416048343365,5.01014136374285,0.3340191196908,A4_A5_train_1m,A4_A5_train_1m,0.0
train,1m,249,M1_Q_proxy_scale_p,5.37323548243596,5.041293583565139,0.33194189887082093,A4_A5_train_1m,A4_A5_train_1m,0.0
train,1m,250,M1_Q_proxy_scale_p,5.615814529932463,5.325811079030505,0.290003450901958,A4_A5_train_1m,A4_A5_train_1m,0.0
train,1m,251,M1_Q_proxy_scale_p,5.4239313785846415,5.553978004196034,0.13004662561139213,A4_A5_train_1m,A4_A5_train_1m,0.0
train,1m,252,M1_Q_proxy_scale_p,5.004812167241023,5.36414529883899,0.35933313159796665,A4_A5_train_1m,A4_A5_train_1m,0.0
train,1m,253,M1_Q_proxy_scale_p,5.4878202218275804,5.396061443846894,0.09175877798068655,A4_A5_train_1m,A4_A5_train_1m,0.0
train,1m,254,M1_Q_proxy_scale_p,5.389522057313186,5.497564789833741,0.10804273252055552,A4_A5_train_1m,A4_A5_train_1m,0.0
train,1m,255,M1_Q_proxy_scale_p,5.556340786126944,5.480745322197633,0.07559546392931082,A4_A5_train_1m,A4_A5_train_1m,0.0
train,1m,256,M1_Q_proxy_scale_p,5.307339998391958,5.1936798917866405,0.11366010660531778,A4_A5_train_1m,A4_A5_train_1m,0.0
train,1m,257,M1_Q_proxy_scale_p,5.03038554925185,5.401295849205263,0.3709102999534126,A4_A5_train_1m,A4_A5_train_1m,0.0
train,1m,258,M1_Q_proxy_scale_p,5.418178778428298,5.175162302219845,0.24301647620845301,A4_A5_train_1m,A4_A5_train_1m,0.0
train,1m,259,M1_Q_proxy_scale_p,5.371851370884822,5.455280393529252,0.08342902264443008,A4_A5_train_1m,A4_A5_train_1m,0.0
train,1m,260,M1_Q_proxy_scale_p,5.783401452578032,5.5084232972489815,0.2749781553290509,A4_A5_train_1m,A4_A5_train_1m,0.0
train,1m,261,M1_Q_proxy_scale_p,5.06170626787039,5.363702000147461,0.30199573227707077,A4_A5_train_1m,A4_A5_train_1m,0.0
train,1m,262,M1_Q_proxy_scale_p,5.518408151773306,5.359656168699568,0.1587519830737376,A4_A5_train_1m,A4_A5_train_1m,0.0
train,1m,263,M1_Q_proxy_scale_p,5.314384533808782,5.327533055539451,0.013148521730669493,A4_A5_train_1m,A4_A5_train_1m,0.0
train,1m,264,M1_Q_proxy_scale_p,5.524590308849628,5.486702708970997,0.03788759987863166,A4_A5_train_1m,A4_A5_train_1m,0.0
train,1m,265,M1_Q_proxy_scale_p,5.651582589516273,5.499641680382648,0.151940909133625,A4_A5_train_1m,A4_A5_train_1m,0.0
train,1m,266,M1_Q_proxy_scale_p,5.377012876363901,5.512111646531775,0.13509877016787364,A4_A5_train_1m,A4_A5_train_1m,0.0
train,1m,267,M1_Q_proxy_scale_p,5.555308268620418,5.513536511292529,0.04177175732788818,A4_A5_train_1m,A4_A5_train_1m,0.0
train,1m,268,M1_Q_proxy_scale_p,5.118859511155349,5.436659743678531,0.3178002325231821,A4_A5_train_1m,A4_A5_train_1m,0.0
train,1m,269,M1_Q_proxy_scale_p,5.7348542763636665,5.12850112158723,0.6063531547764365,A4_A5_train_1m,A4_A5_train_1m,0.0
train,1m,270,M1_Q_proxy_scale_p,4.772263802014864,5.363812158655367,0.5915483566405033,A4_A5_train_1m,A4_A5_train_1m,0.0
train,1m,271,M1_Q_proxy_scale_p,5.168233174544114,5.2191766665833415,0.05094349203922732,A4_A5_train_1m,A4_A5_train_1m,0.0
train,1m,272,M1_Q_proxy_scale_p,5.113263203547551,5.116435571567537,0.003172368019986216,A4_A5_train_1m,A4_A5_train_1m,0.0
train,1m,273,M1_Q_proxy_scale_p,5.372246265411377,5.263354348988475,0.10889191642290186,A4_A5_train_1m,A4_A5_train_1m,0.0
train,1m,274,M1_Q_proxy_scale_p,5.484065587703999,5.170011338623498,0.3140542490805016,A4_A5_train_1m,A4_A5_train_1m,0.0
train,1m,275,M1_Q_proxy_scale_p,5.481735412891094,5.422503914080343,0.059231498810751404,A4_A5_train_1m,A4_A5_train_1m,0.0
train,1m,276,M1_Q_proxy_scale_p,5.6565719567812405,5.314531116983601,0.34204083979763933,A4_A5_train_1m,A4_A5_train_1m,0.0
train,1m,277,M1_Q_proxy_scale_p,5.6439738273620605,5.4395076248205605,0.20446620254150005,A4_A5_train_1m,A4_A5_train_1m,0.0
train,1m,278,M1_Q_proxy_scale_p,5.830113245890691,5.318760823867722,0.511352422022969,A4_A5_train_1m,A4_A5_train_1m,0.0
train,1m,279,M1_Q_proxy_scale_p,5.660053179814265,5.284587068343215,0.37546611147105047,A4_A5_train_1m,A4_A5_train_1m,0.0
train,1m,280,M1_Q_proxy_scale_p,5.640829929938684,5.265236577293123,0.37559335264556104,A4_A5_train_1m,A4_A5_train_1m,0.0
train,1m,281,M1_Q_proxy_scale_p,5.064841105387761,5.286952320105328,0.22211121471756723,A4_A5_train_1m,A4_A5_train_1m,0.0
train,1m,282,M1_Q_proxy_scale_p,5.228692348186787,5.220083979644741,0.008608368542045497,A4_A5_train_1m,A4_A5_train_1m,0.0
train,1m,283,M1_Q_proxy_scale_p,5.903104286927444,5.272857097197274,0.63024718973017,A4_A5_train_1m,A4_A5_train_1m,0.0
train,1m,284,M1_Q_proxy_scale_p,5.360134968390832,5.3794025520306255,0.01926758363979353,A4_A5_train_1m,A4_A5_train_1m,0.0
train,1m,285,M1_Q_proxy_scale_p,5.571967161618746,5.321912653243804,0.2500545083749417,A4_A5_train_1m,A4_A5_train_1m,0.0
train,1m,286,M1_Q_proxy_scale_p,5.467186029140766,5.483759121493426,0.016573092352659913,A4_A5_train_1m,A4_A5_train_1m,0.0
train,1m,287,M1_Q_proxy_scale_p,5.316890203035795,5.499624673585672,0.18273447054987724,A4_A5_train_1m,A4_A5_train_1m,0.0
train,1m,288,M1_Q_proxy_scale_p,5.25947904586792,5.16951210840864,0.08996693745927953,A4_A5_train_1m,A4_A5_train_1m,0.0
train,1m,289,M1_Q_proxy_scale_p,5.4515665127680855,5.361539926630524,0.09002658613756154,A4_A5_train_1m,A4_A5_train_1m,0.0
train,1m,290,M1_Q_proxy_scale_p,5.292156980587886,5.133146819936877,0.15901016065100926,A4_A5_train_1m,A4_A5_train_1m,0.0
train,1m,291,M1_Q_proxy_scale_p,5.612547966150137,5.450040140298338,0.16250782585179913,A4_A5_train_1m,A4_A5_train_1m,0.0
train,1m,292,M1_Q_proxy_scale_p,6.091124222828792,5.538162618244827,0.5529616045839649,A4_A5_train_1m,A4_A5_train_1m,0.0
train,1m,293,M1_Q_proxy_scale_p,5.161940959783701,5.333977340843971,0.17203638106026986,A4_A5_train_1m,A4_A5_train_1m,0.0
train,1m,294,M1_Q_proxy_scale_p,6.396356949439416,5.506081236013388,0.8902757134260275,A4_A5_train_1m,A4_A5_train_1m,0.0
train,1m,295,M1_Q_proxy_scale_p,5.254497766494751,5.226687408266413,0.027810358228338217,A4_A5_train_1m,A4_A5_train_1m,0.0
train,1m,296,M1_Q_proxy_scale_p,5.7086256467379055,5.498124970633378,0.2105006761045276,A4_A5_train_1m,A4_A5_train_1m,0.0
train,1m,297,M1_Q_proxy_scale_p,5.428704261779785,5.274945013630579,0.15375924814920605,A4_A5_train_1m,A4_A5_train_1m,0.0
train,1m,298,M1_Q_proxy_scale_p,5.2843863138785725,5.337553829924232,0.053167516045659724,A4_A5_train_1m,A4_A5_train_1m,0.0
train,1m,299,M1_Q_proxy_scale_p,5.40080110843365,5.390395226673717,0.010405881759933067,A4_A5_train_1m,A4_A5_train_1m,0.0
train,1m,300,M1_Q_proxy_scale_p,6.15841504243704,5.575811202883129,0.5826038395539115,A4_A5_train_1m,A4_A5_train_1m,0.0
train,1m,301,M1_Q_proxy_scale_p,5.000038953927847,4.99962893332279,0.0004100206050567934,A4_A5_train_1m,A4_A5_train_1m,0.0
train,1m,302,M1_Q_proxy_scale_p,5.348329067230225,5.278734100842633,0.06959496638759166,A4_A5_train_1m,A4_A5_train_1m,0.0
train,1m,303,M1_Q_proxy_scale_p,5.872115960487952,5.47854640036075,0.3935695601272027,A4_A5_train_1m,A4_A5_train_1m,0.0
train,1m,304,M1_Q_proxy_scale_p,5.591289556943453,5.50277976869351,0.08850978824994282,A4_A5_train_1m,A4_A5_train_1m,0.0
train,1m,305,M1_Q_proxy_scale_p,6.041809155390813,5.509401851912226,0.5324073034785872,A4_A5_train_1m,A4_A5_train_1m,0.0
train,1m,306,M1_Q_proxy_scale_p,5.382696005014273,5.353703905978619,0.02899209903565403,A4_A5_train_1m,A4_A5_train_1m,0.0
train,1m,307,M1_Q_proxy_scale_p,5.53076459811284,5.533802550307243,0.0030379521944032817,A4_A5_train_1m,A4_A5_train_1m,0.0
train,1m,308,M1_Q_proxy_scale_p,4.991022513462947,5.0531338094874005,0.062111296024453644,A4_A5_train_1m,A4_A5_train_1m,0.0
train,1m,309,M1_Q_proxy_scale_p,5.542721051436204,5.507698984946864,0.03502206648933992,A4_A5_train_1m,A4_A5_train_1m,0.0
train,1m,310,M1_Q_proxy_scale_p,5.260374949528621,5.369779819039853,0.1094048695112324,A4_A5_train_1m,A4_A5_train_1m,0.0
train,1m,311,M1_Q_proxy_scale_p,4.919286214388334,5.402220501462418,0.4829342870740838,A4_A5_train_1m,A4_A5_train_1m,0.0
train,1m,312,M1_Q_proxy_scale_p,5.421507065112774,5.466867177575441,0.045360112462667246,A4_A5_train_1m,A4_A5_train_1m,0.0
train,1m,313,M1_Q_proxy_scale_p,5.611201561414278,5.478290483114214,0.1329110783000642,A4_A5_train_1m,A4_A5_train_1m,0.0
train,1m,314,M1_Q_proxy_scale_p,5.246305025540865,5.370871023041418,0.12456599750055286,A4_A5_train_1m,A4_A5_train_1m,0.0
train,1m,315,M1_Q_proxy_scale_p,5.568589925765991,5.328197398381009,0.24039252738498185,A4_A5_train_1m,A4_A5_train_1m,0.0
train,1m,316,M1_Q_proxy_scale_p,5.172437704526461,5.164218721721836,0.00821898280462463,A4_A5_train_1m,A4_A5_train_1m,0.0
train,1m,317,M1_Q_proxy_scale_p,5.737836654369648,5.433790377442604,0.30404627692704356,A4_A5_train_1m,A4_A5_train_1m,0.0
train,1m,318,M1_Q_proxy_scale_p,5.92633593082428,5.292937682405623,0.6333982484186569,A4_A5_train_1m,A4_A5_train_1m,0.0
train,1m,319,M1_Q_proxy_scale_p,5.4916139382582445,5.536835504718676,0.045221566460431184,A4_A5_train_1m,A4_A5_train_1m,0.0
train,1m,320,M1_Q_proxy_scale_p,5.526452798109788,5.223315875950234,0.30313692215955435,A4_A5_train_1m,A4_A5_train_1m,0.0
train,1m,321,M1_Q_proxy_scale_p,5.502916281039898,5.442623137298384,0.06029314374151351,A4_A5_train_1m,A4_A5_train_1m,0.0
train,1m,322,M1_Q_proxy_scale_p,5.884679794311523,5.532349571303126,0.3523302230083978,A4_A5_train_1m,A4_A5_train_1m,0.0
train,1m,323,M1_Q_proxy_scale_p,4.991703968781692,5.075808550060738,0.0841045812790453,A4_A5_train_1m,A4_A5_train_1m,0.0
train,1m,324,M1_Q_proxy_scale_p,5.27025844500615,5.238114481919438,0.03214396308671219,A4_A5_train_1m,A4_A5_train_1m,0.0
train,1m,325,M1_Q_proxy_scale_p,5.309898376464844,5.189504877203635,0.12039349926120835,A4_A5_train_1m,A4_A5_train_1m,0.0
train,1m,326,M1_Q_proxy_scale_p,5.264256734114427,5.070518267708555,0.1937384664058719,A4_A5_train_1m,A4_A5_train_1m,0.0
train,1m,327,M1_Q_proxy_scale_p,5.226937073927659,5.3597463967417305,0.13280932281407143,A4_A5_train_1m,A4_A5_train_1m,0.0
train,1m,328,M1_Q_proxy_scale_p,6.758002519607544,5.635083251755361,1.1229192678521827,A4_A5_train_1m,A4_A5_train_1m,0.0
train,1m,329,M1_Q_proxy_scale_p,5.574751523824839,5.344209965805425,0.23054155801941345,A4_A5_train_1m,A4_A5_train_1m,0.0
train,1m,330,M1_Q_proxy_scale_p,5.108058525965764,5.337329019332014,0.22927049336624972,A4_A5_train_1m,A4_A5_train_1m,0.0
train,1m,331,M1_Q_proxy_scale_p,5.055047603753897,5.298620868117795,0.24357326436389837,A4_A5_train_1m,A4_A5_train_1m,0.0
train,1m,332,M1_Q_proxy_scale_p,5.271875674907978,5.255074085390833,0.016801589517145388,A4_A5_train_1m,A4_A5_train_1m,0.0
train,1m,333,M1_Q_proxy_scale_p,5.157759996560904,5.473435815156223,0.31567581859531924,A4_A5_train_1m,A4_A5_train_1m,0.0
train,1m,334,M1_Q_proxy_scale_p,5.233025404123159,5.384418161624098,0.15139275750093883,A4_A5_train_1m,A4_A5_train_1m,0.0
train,1m,335,M1_Q_proxy_scale_p,5.669360142487746,5.499040403001814,0.17031973948593215,A4_A5_train_1m,A4_A5_train_1m,0.0
train,1m,336,M1_Q_proxy_scale_p,5.511850173656757,5.542195964835501,0.030345791178743475,A4_A5_train_1m,A4_A5_train_1m,0.0
train,1m,337,M1_Q_proxy_scale_p,5.4885938717768745,5.385123630724961,0.10347024105191327,A4_A5_train_1m,A4_A5_train_1m,0.0
train,1m,338,M1_Q_proxy_scale_p,5.302383459531344,5.515073460764141,0.21269000123279636,A4_A5_train_1m,A4_A5_train_1m,0.0
train,1m,339,M1_Q_proxy_scale_p,5.181351038125845,5.232210431987668,0.05085939386182314,A4_A5_train_1m,A4_A5_train_1m,0.0
train,1m,340,M1_Q_proxy_scale_p,4.951281474186824,5.210407776256985,0.2591263020701611,A4_A5_train_1m,A4_A5_train_1m,0.0
train,1m,341,M1_Q_proxy_scale_p,5.420316439408523,5.295304390745523,0.12501204866299975,A4_A5_train_1m,A4_A5_train_1m,0.0
train,1m,342,M1_Q_proxy_scale_p,5.323123565086951,5.334837440451531,0.011713875364579351,A4_A5_train_1m,A4_A5_train_1m,0.0
train,1m,343,M1_Q_proxy_scale_p,5.10161095399123,5.535075574064701,0.43346462007347064,A4_A5_train_1m,A4_A5_train_1m,0.0
train,1m,344,M1_Q_proxy_scale_p,5.805060203258808,5.527945681079346,0.2771145221794624,A4_A5_train_1m,A4_A5_train_1m,0.0
train,1m,345,M1_Q_proxy_scale_p,5.447537899017334,5.315147470775239,0.13239042824209513,A4_A5_train_1m,A4_A5_train_1m,0.0
train,1m,346,M1_Q_proxy_scale_p,4.819319413258479,5.08827216283808,0.2689527495796007,A4_A5_train_1m,A4_A5_train_1m,0.0
train,1m,347,M1_Q_proxy_scale_p,5.474208795107328,5.314999232110344,0.15920956299698474,A4_A5_train_1m,A4_A5_train_1m,0.0
train,1m,348,M1_Q_proxy_scale_p,5.513573683225191,5.422746890246444,0.0908267929787474,A4_A5_train_1m,A4_A5_train_1m,0.0
train,1m,349,M1_Q_proxy_scale_p,4.789364090332618,5.016723794779722,0.22735970444710407,A4_A5_train_1m,A4_A5_train_1m,0.0
train,1m,350,M1_Q_proxy_scale_p,4.949371282870953,5.152624720298086,0.20325343742713375,A4_A5_train_1m,A4_A5_train_1m,0.0
train,1m,351,M1_Q_proxy_scale_p,5.155112578318669,5.331555148252405,0.17644256993373553,A4_A5_train_1m,A4_A5_train_1m,0.0
train,1m,352,M1_Q_proxy_scale_p,6.082065105438232,5.326432492431504,0.7556326130067283,A4_A5_train_1m,A4_A5_train_1m,0.0
train,1m,353,M1_Q_proxy_scale_p,4.982067768390362,5.146834391638577,0.164766623248215,A4_A5_train_1m,A4_A5_train_1m,0.0
train,1m,354,M1_Q_proxy_scale_p,5.095458324138935,5.201323806308323,0.10586548216938763,A4_A5_train_1m,A4_A5_train_1m,0.0
train,1m,355,M1_Q_proxy_scale_p,5.431123109964224,5.132682125146396,0.29844098481782755,A4_A5_train_1m,A4_A5_train_1m,0.0
train,1m,356,M1_Q_proxy_scale_p,5.071555045934824,5.072309122773766,0.0007540768389420194,A4_A5_train_1m,A4_A5_train_1m,0.0
train,1m,357,M1_Q_proxy_scale_p,5.1868560039080105,5.297214751738282,0.11035874783027122,A4_A5_train_1m,A4_A5_train_1m,0.0
train,1m,358,M1_Q_proxy_scale_p,5.22973895072937,5.271467878725972,0.041728927996602216,A4_A5_train_1m,A4_A5_train_1m,0.0
train,1m,359,M1_Q_proxy_scale_p,5.089330783257117,5.468110752738681,0.3787799694815641,A4_A5_train_1m,A4_A5_train_1m,0.0
train,1m,360,M1_Q_proxy_scale_p,5.347133031258216,5.337171503202399,0.009961528055816515,A4_A5_train_1m,A4_A5_train_1m,0.0
train,1m,361,M1_Q_proxy_scale_p,5.629197524144099,5.402398141571059,0.22679938257304055,A4_A5_train_1m,A4_A5_train_1m,0.0
train,1m,362,M1_Q_proxy_scale_p,5.672273489145132,5.501926394192745,0.17034709495238687,A4_A5_train_1m,A4_A5_train_1m,0.0
train,1m,363,M1_Q_proxy_scale_p,5.077806289379414,5.270712106273878,0.19290581689446462,A4_A5_train_1m,A4_A5_train_1m,0.0
train,1m,364,M1_Q_proxy_scale_p,5.59030400789701,5.248642379789024,0.3416616281079863,A4_A5_train_1m,A4_A5_train_1m,0.0
train,1m,365,M1_Q_proxy_scale_p,4.976911544799805,4.864060324605398,0.11285122019440674,A4_A5_train_1m,A4_A5_train_1m,0.0
train,1m,366,M1_Q_proxy_scale_p,5.484955695959238,5.405655911314714,0.07929978464452425,A4_A5_train_1m,A4_A5_train_1m,0.0
train,1m,367,M1_Q_proxy_scale_p,4.912813470913814,5.052834184141338,0.14002071322752396,A4_A5_train_1m,A4_A5_train_1m,0.0
train,1m,368,M1_Q_proxy_scale_p,4.928864295666035,5.127408095895205,0.19854380022916995,A4_A5_train_1m,A4_A5_train_1m,0.0
train,1m,369,M1_Q_proxy_scale_p,5.482219567665687,5.3905652988965,0.09165426876918659,A4_A5_train_1m,A4_A5_train_1m,0.0
train,1m,370,M1_Q_proxy_scale_p,5.380783301133376,5.364458486585036,0.016324814548339894,A4_A5_train_1m,A4_A5_train_1m,0.0
train,1m,371,M1_Q_proxy_scale_p,5.210643355663006,4.876482917063951,0.33416043859905464,A4_A5_train_1m,A4_A5_train_1m,0.0
train,1m,372,M1_Q_proxy_scale_p,5.45513941691472,5.527639541213967,0.07250012429924713,A4_A5_train_1m,A4_A5_train_1m,0.0
train,1m,373,M1_Q_proxy_scale_p,5.800429747654841,5.323166725960959,0.477263021693882,A4_A5_train_1m,A4_A5_train_1m,0.0
train,1m,374,M1_Q_proxy_scale_p,5.3152457017164965,5.374552947288747,0.05930724557225098,A4_A5_train_1m,A4_A5_train_1m,0.0
train,1m,375,M1_Q_proxy_scale_p,5.317656076871431,5.496603958497534,0.17894788162610276,A4_A5_train_1m,A4_A5_train_1m,0.0
train,1m,376,M1_Q_proxy_scale_p,5.38286698781527,5.410371621370024,0.027504633554753966,A4_A5_train_1m,A4_A5_train_1m,0.0
train,1m,377,M1_Q_proxy_scale_p,5.371554961571326,5.44492351408441,0.0733685525130836,A4_A5_train_1m,A4_A5_train_1m,0.0
train,1m,378,M1_Q_proxy_scale_p,6.05059737425584,5.62684002083049,0.4237573534253505,A4_A5_train_1m,A4_A5_train_1m,0.0
train,1m,379,M1_Q_proxy_scale_p,4.8844727736253,5.237978346641583,0.3535055730162826,A4_A5_train_1m,A4_A5_train_1m,0.0
train,1m,380,M1_Q_proxy_scale_p,5.615977342312153,5.284503816079029,0.33147352623312365,A4_A5_train_1m,A4_A5_train_1m,0.0
train,1m,381,M1_Q_proxy_scale_p,5.012710406230046,5.180039921933754,0.1673295157037078,A4_A5_train_1m,A4_A5_train_1m,0.0
train,1m,382,M1_Q_proxy_scale_p,6.049166532663199,5.5632337510249865,0.48593278163821285,A4_A5_train_1m,A4_A5_train_1m,0.0
train,1m,383,M1_Q_proxy_scale_p,6.205285732562725,5.388949912017463,0.8163358205452624,A4_A5_train_1m,A4_A5_train_1m,0.0
train,1m,384,M1_Q_proxy_scale_p,4.9754770535689135,4.885459299911888,0.09001775365702525,A4_A5_train_1m,A4_A5_train_1m,0.0
train,1m,385,M1_Q_proxy_scale_p,5.126936912536621,5.455179443911851,0.3282425313752295,A4_A5_train_1m,A4_A5_train_1m,0.0
train,1m,386,M1_Q_proxy_scale_p,6.058488790805523,5.485307138883095,0.573181651922428,A4_A5_train_1m,A4_A5_train_1m,0.0
train,1m,387,M1_Q_proxy_scale_p,6.239235474513127,5.595353550849243,0.6438819236638844,A4_A5_train_1m,A4_A5_train_1m,0.0
train,1m,388,M1_Q_proxy_scale_p,5.574407174037053,5.337889620336387,0.23651755370066585,A4_A5_train_1m,A4_A5_train_1m,0.0
train,1m,389,M1_Q_proxy_scale_p,5.805640147282527,5.313076951766383,0.49256319551614425,A4_A5_train_1m,A4_A5_train_1m,0.0
train,1m,390,M1_Q_proxy_scale_p,5.128426423439612,5.304673848478803,0.17624742503919055,A4_A5_train_1m,A4_A5_train_1m,0.0
train,1m,391,M1_Q_proxy_scale_p,5.583163958329421,5.506011398877605,0.07715255945181632,A4_A5_train_1m,A4_A5_train_1m,0.0
train,1m,392,M1_Q_proxy_scale_p,5.3277291517991285,5.426972300833791,0.09924314903466236,A4_A5_train_1m,A4_A5_train_1m,0.0
train,1m,393,M1_Q_proxy_scale_p,4.8987074081714335,5.303980676592091,0.4052732684206575,A4_A5_train_1m,A4_A5_train_1m,0.0
train,1m,394,M1_Q_proxy_scale_p,5.782568711500901,5.520731466926907,0.2618372445739938,A4_A5_train_1m,A4_A5_train_1m,0.0
train,1m,395,M1_Q_proxy_scale_p,5.253134094751799,5.369714101568836,0.11658000681703751,A4_A5_train_1m,A4_A5_train_1m,0.0
train,1m,396,M1_Q_proxy_scale_p,5.5238377681145305,5.413097583976666,0.1107401841378648,A4_A5_train_1m,A4_A5_train_1m,0.0
train,1m,397,M1_Q_proxy_scale_p,5.1657520440908575,5.260423697026031,0.09467165293517343,A4_A5_train_1m,A4_A5_train_1m,0.0
train,1m,398,M1_Q_proxy_scale_p,5.180898207884568,5.3903227462958325,0.2094245384112643,A4_A5_train_1m,A4_A5_train_1m,0.0
train,1m,399,M1_Q_proxy_scale_p,5.519307631712693,5.469363250287762,0.04994438142493163,A4_A5_train_1m,A4_A5_train_1m,0.0
train,1m,400,M1_Q_proxy_scale_p,5.013546888644878,5.320426519663522,0.3068796310186439,A4_A5_train_1m,A4_A5_train_1m,0.0
train,1m,401,M1_Q_proxy_scale_p,4.867796861208403,5.3576132032716215,0.4898163420632189,A4_A5_train_1m,A4_A5_train_1m,0.0
train,1m,402,M1_Q_proxy_scale_p,5.215671227528499,5.479026329223702,0.26335510169520315,A4_A5_train_1m,A4_A5_train_1m,0.0
train,1m,403,M1_Q_proxy_scale_p,4.9522881141075725,5.17894633194331,0.22665821783573747,A4_A5_train_1m,A4_A5_train_1m,0.0
train,1m,404,M1_Q_proxy_scale_p,5.017572696392353,5.299078403909733,0.2815057075173799,A4_A5_train_1m,A4_A5_train_1m,0.0
train,1m,405,M1_Q_proxy_scale_p,5.418186976359441,5.368609280724689,0.049577695634751784,A4_A5_train_1m,A4_A5_train_1m,0.0
train,1m,406,M1_Q_proxy_scale_p,5.359878778457642,5.384461325336408,0.02458254687876682,A4_A5_train_1m,A4_A5_train_1m,0.0
train,1m,407,M1_Q_proxy_scale_p,5.137108692756066,5.442546814887399,0.30543812213133315,A4_A5_train_1m,A4_A5_train_1m,0.0
train,1m,408,M1_Q_proxy_scale_p,5.67198214164147,5.602057233790291,0.06992490785117855,A4_A5_train_1m,A4_A5_train_1m,0.0
train,1m,409,M1_Q_proxy_scale_p,4.944631301439726,5.187962189074148,0.24333088763442223,A4_A5_train_1m,A4_A5_train_1m,0.0
train,1m,410,M1_Q_proxy_scale_p,5.49001851448646,5.319436538343617,0.17058197614284243,A4_A5_train_1m,A4_A5_train_1m,0.0
train,1m,411,M1_Q_proxy_scale_p,5.2178285488715535,5.248693493694696,0.030864944823142615,A4_A5_train_1m,A4_A5_train_1m,0.0
train,1m,412,M1_Q_proxy_scale_p,5.691750398048987,5.523539634667908,0.16821076338107943,A4_A5_train_1m,A4_A5_train_1m,0.0
train,1m,413,M1_Q_proxy_scale_p,5.358504588787373,5.292217027742142,0.0662875610452307,A4_A5_train_1m,A4_A5_train_1m,0.0
train,1m,414,M1_Q_proxy_scale_p,5.09181979069343,5.232300264412108,0.14048047371867778,A4_A5_train_1m,A4_A5_train_1m,0.0
train,1m,415,M1_Q_proxy_scale_p,5.052486749795767,5.37333936903363,0.3208526192378631,A4_A5_train_1m,A4_A5_train_1m,0.0
train,1m,416,M1_Q_proxy_scale_p,5.228025381381695,5.307397288186815,0.07937190680511996,A4_A5_train_1m,A4_A5_train_1m,0.0
train,1m,417,M1_Q_proxy_scale_p,4.965925161655132,5.198039830718875,0.23211466906374234,A4_A5_train_1m,A4_A5_train_1m,0.0
train,1m,418,M1_Q_proxy_scale_p,5.894948904330914,5.560827947883583,0.33412095644733064,A4_A5_train_1m,A4_A5_train_1m,0.0
train,1m,419,M1_Q_proxy_scale_p,4.907001770459688,5.19938483096945,0.2923830605097617,A4_A5_train_1m,A4_A5_train_1m,0.0
train,1m,420,M1_Q_proxy_scale_p,5.029015962894146,5.334904720325612,0.3058887574314664,A4_A5_train_1m,A4_A5_train_1m,0.0
train,1m,421,M1_Q_proxy_scale_p,5.417145197208111,5.418239110364453,0.001093913156342552,A4_A5_train_1m,A4_A5_train_1m,0.0
train,1m,422,M1_Q_proxy_scale_p,4.96103495817918,5.105361211548638,0.14432625336945826,A4_A5_train_1m,A4_A5_train_1m,0.0
train,1m,423,M1_Q_proxy_scale_p,5.655895123114953,5.546412871595915,0.10948225151903834,A4_A5_train_1m,A4_A5_train_1m,0.0
train,1m,424,M1_Q_proxy_scale_p,4.899122439897978,5.1645894853921215,0.2654670454941437,A4_A5_train_1m,A4_A5_train_1m,0.0
train,1m,425,M1_Q_proxy_scale_p,4.995036235222449,5.339840484474836,0.3448042492523866,A4_A5_train_1m,A4_A5_train_1m,0.0
train,1m,426,M1_Q_proxy_scale_p,5.170091940806462,5.439787836730746,0.26969589592428367,A4_A5_train_1m,A4_A5_train_1m,0.0
train,1m,427,M1_Q_proxy_scale_p,5.257874892308162,5.324150774723024,0.06627588241486215,A4_A5_train_1m,A4_A5_train_1m,0.0
train,1m,428,M1_Q_proxy_scale_p,4.988566600359404,5.387085449317653,0.3985188489582496,A4_A5_train_1m,A4_A5_train_1m,0.0
train,1m,429,M1_Q_proxy_scale_p,6.001700621384841,5.650669533656445,0.351031087728396,A4_A5_train_1m,A4_A5_train_1m,0.0
train,1m,430,M1_Q_proxy_scale_p,5.0852461228003865,5.090319643758064,0.005073520957677324,A4_A5_train_1m,A4_A5_train_1m,0.0
train,1m,431,M1_Q_proxy_scale_p,4.967501548620371,5.040907784208381,0.07340623558800985,A4_A5_train_1m,A4_A5_train_1m,0.0
train,1m,432,M1_Q_proxy_scale_p,5.407969749890841,5.32428865317168,0.08368109671916013,A4_A5_train_1m,A4_A5_train_1m,0.0
train,1m,433,M1_Q_proxy_scale_p,5.276859686924861,5.384617915291541,0.10775822836667981,A4_A5_train_1m,A4_A5_train_1m,0.0
train,1m,434,M1_Q_proxy_scale_p,4.836559809171236,5.321104190122313,0.48454438095107655,A4_A5_train_1m,A4_A5_train_1m,0.0
train,1m,435,M1_Q_proxy_scale_p,6.334114698263315,5.533117924981899,0.8009967732814163,A4_A5_train_1m,A4_A5_train_1m,0.0
train,1m,436,M1_Q_proxy_scale_p,5.860291627737192,5.4318723062022025,0.42841932153498963,A4_A5_train_1m,A4_A5_train_1m,0.0
train,1m,437,M1_Q_proxy_scale_p,5.229294428458581,5.496241838101231,0.2669474096426496,A4_A5_train_1m,A4_A5_train_1m,0.0
train,1m,438,M1_Q_proxy_scale_p,4.912032475838294,5.1657440212133885,0.25371154537509444,A4_A5_train_1m,A4_A5_train_1m,0.0
train,1m,439,M1_Q_proxy_scale_p,5.155846769993122,5.123122221608217,0.03272454838490546,A4_A5_train_1m,A4_A5_train_1m,0.0
train,1m,440,M1_Q_proxy_scale_p,5.038766714242788,5.321961662978139,0.28319494873535067,A4_A5_train_1m,A4_A5_train_1m,0.0
train,1m,441,M1_Q_proxy_scale_p,5.302644949692946,5.202453246081707,0.10019170361123919,A4_A5_train_1m,A4_A5_train_1m,0.0
train,1m,442,M1_Q_proxy_scale_p,4.949524090840266,5.235624498111768,0.2861004072715021,A4_A5_train_1m,A4_A5_train_1m,0.0
train,1m,443,M1_Q_proxy_scale_p,5.054934795086201,5.356957475764724,0.30202268067852334,A4_A5_train_1m,A4_A5_train_1m,0.0
train,1m,444,M1_Q_proxy_scale_p,5.759063757382906,5.475861434292213,0.28320232309069304,A4_A5_train_1m,A4_A5_train_1m,0.0
train,1m,445,M1_Q_proxy_scale_p,4.95904712493603,5.291465844030219,0.3324187190941883,A4_A5_train_1m,A4_A5_train_1m,0.0
train,1m,446,M1_Q_proxy_scale_p,5.325273202015803,5.330104530099699,0.004831328083895414,A4_A5_train_1m,A4_A5_train_1m,0.0
train,1m,447,M1_Q_proxy_scale_p,5.274159523156973,5.279087431320262,0.004927908163288919,A4_A5_train_1m,A4_A5_train_1m,0.0
train,1m,448,M1_Q_proxy_scale_p,5.06376838684082,5.331533821263836,0.2677654344230156,A4_A5_train_1m,A4_A5_train_1m,0.0
train,1m,449,M1_Q_proxy_scale_p,5.247996366941012,5.422538281595679,0.17454191465466629,A4_A5_train_1m,A4_A5_train_1m,0.0
train,1m,450,M1_Q_proxy_scale_p,5.777711996665368,5.565318823403134,0.2123931732622344,A4_A5_train_1m,A4_A5_train_1m,0.0
train,1m,451,M1_Q_proxy_scale_p,5.305993015949543,5.409363401327697,0.10337038537815424,A4_A5_train_1m,A4_A5_train_1m,0.0
train,1m,452,M1_Q_proxy_scale_p,5.576637203876789,5.401812927348739,0.17482427652805033,A4_A5_train_1m,A4_A5_train_1m,0.0
train,1m,453,M1_Q_proxy_scale_p,5.505244493484497,5.421725076376637,0.08351941710786015,A4_A5_train_1m,A4_A5_train_1m,0.0
train,1m,454,M1_Q_proxy_scale_p,5.030335224591768,5.132340884668092,0.1020056600763235,A4_A5_train_1m,A4_A5_train_1m,0.0
train,1m,455,M1_Q_proxy_scale_p,5.263978536312397,5.371791758186187,0.10781322187378972,A4_A5_train_1m,A4_A5_train_1m,0.0
train,1m,456,M1_Q_proxy_scale_p,5.485509193860567,5.580417558561319,0.09490836470075159,A4_A5_train_1m,A4_A5_train_1m,0.0
train,1m,457,M1_Q_proxy_scale_p,5.417599476300753,5.398292058759551,0.01930741754120202,A4_A5_train_1m,A4_A5_train_1m,0.0
train,1m,458,M1_Q_proxy_scale_p,5.454484902895414,5.567688589670348,0.11320368677493331,A4_A5_train_1m,A4_A5_train_1m,0.0
train,1m,459,M1_Q_proxy_scale_p,5.288934634282039,5.423147707381452,0.13421307309941355,A4_A5_train_1m,A4_A5_train_1m,0.0
train,1m,460,M1_Q_proxy_scale_p,5.500341011927678,5.4619377621134175,0.038403249814260576,A4_A5_train_1m,A4_A5_train_1m,0.0
train,1m,461,M1_Q_proxy_scale_p,5.305441599625808,5.49121243181355,0.18577083218774249,A4_A5_train_1m,A4_A5_train_1m,0.0
train,1m,462,M1_Q_proxy_scale_p,5.101687339635996,5.32114046398759,0.21945312435159448,A4_A5_train_1m,A4_A5_train_1m,0.0
train,1m,463,M1_Q_proxy_scale_p,5.435612165010893,5.295436154086636,0.14017601092425647,A4_A5_train_1m,A4_A5_train_1m,0.0
train,1m,464,M1_Q_proxy_scale_p,5.392031669616699,5.442250637719388,0.05021896810268878,A4_A5_train_1m,A4_A5_train_1m,0.0
train,1m,465,M1_Q_proxy_scale_p,6.246409948055561,5.633127942404471,0.6132820056510901,A4_A5_train_1m,A4_A5_train_1m,0.0
train,1m,466,M1_Q_proxy_scale_p,4.991350669127244,5.409761040984305,0.4184103718570613,A4_A5_train_1m,A4_A5_train_1m,0.0
train,1m,467,M1_Q_proxy_scale_p,5.219642088963435,5.195554117026915,0.024087971936520347,A4_A5_train_1m,A4_A5_train_1m,0.0
train,1m,468,M1_Q_proxy_scale_p,5.8366319583012505,5.541906040635039,0.29472591766621115,A4_A5_train_1m,A4_A5_train_1m,0.0
train,1m,469,M1_Q_proxy_scale_p,5.090020106388972,5.479831371989845,0.38981126560087276,A4_A5_train_1m,A4_A5_train_1m,0.0
train,1m,470,M1_Q_proxy_scale_p,5.082184608166035,5.290438330666238,0.2082537225002037,A4_A5_train_1m,A4_A5_train_1m,0.0
train,1m,471,M1_Q_proxy_scale_p,5.141508432535025,5.524145063170128,0.382636630635103,A4_A5_train_1m,A4_A5_train_1m,0.0
train,1m,472,M1_Q_proxy_scale_p,5.559896487456101,5.1839945508204,0.37590193663570126,A4_A5_train_1m,A4_A5_train_1m,0.0
train,1m,473,M1_Q_proxy_scale_p,5.452413852398212,5.327387549576453,0.12502630282175975,A4_A5_train_1m,A4_A5_train_1m,0.0
train,1m,474,M1_Q_proxy_scale_p,5.464592860295222,5.434003690881111,0.03058916941411116,A4_A5_train_1m,A4_A5_train_1m,0.0
train,1m,475,M1_Q_proxy_scale_p,5.070542518909161,5.178775261335785,0.10823274242662428,A4_A5_train_1m,A4_A5_train_1m,0.0
train,1m,476,M1_Q_proxy_scale_p,5.3017718975360575,5.298849543226354,0.0029223543097032234,A4_A5_train_1m,A4_A5_train_1m,0.0
train,1m,477,M1_Q_proxy_scale_p,4.841120279752291,5.266377854882267,0.42525757512997586,A4_A5_train_1m,A4_A5_train_1m,0.0
train,1m,478,M1_Q_proxy_scale_p,5.035210719475379,5.258300716926314,0.22308999745093505,A4_A5_train_1m,A4_A5_train_1m,0.0
train,1m,479,M1_Q_proxy_scale_p,4.991526310260479,5.213904482418211,0.2223781721577316,A4_A5_train_1m,A4_A5_train_1m,0.0
train,1m,480,M1_Q_proxy_scale_p,6.170672178268433,5.536098105480348,0.6345740727880846,A4_A5_train_1m,A4_A5_train_1m,0.0
train,1m,481,M1_Q_proxy_scale_p,5.745120635399451,5.407218490414303,0.33790214498514803,A4_A5_train_1m,A4_A5_train_1m,0.0
train,1m,482,M1_Q_proxy_scale_p,5.4759024656735935,5.256886278078203,0.21901618759539065,A4_A5_train_1m,A4_A5_train_1m,0.0
train,1m,483,M1_Q_proxy_scale_p,5.1057652326730585,5.291636957556839,0.18587172488378023,A4_A5_train_1m,A4_A5_train_1m,0.0
train,1m,484,M1_Q_proxy_scale_p,5.455598702797523,5.216312245815447,0.23928645698207518,A4_A5_train_1m,A4_A5_train_1m,0.0
train,1m,485,M1_Q_proxy_scale_p,5.068595409393311,5.345678301997918,0.2770828926046063,A4_A5_train_1m,A4_A5_train_1m,0.0
train,1m,486,M1_Q_proxy_scale_p,5.178144821753869,5.2345469499157,0.05640212816183077,A4_A5_train_1m,A4_A5_train_1m,0.0
train,1m,487,M1_Q_proxy_scale_p,6.174967270631057,5.609068637728051,0.5658986329030053,A4_A5_train_1m,A4_A5_train_1m,0.0
train,1m,488,M1_Q_proxy_scale_p,5.847340822219849,5.520636543341853,0.3267042788779957,A4_A5_train_1m,A4_A5_train_1m,0.0
train,1m,489,M1_Q_proxy_scale_p,5.207778472166795,5.116899432847676,0.09087903931911878,A4_A5_train_1m,A4_A5_train_1m,0.0
train,1m,490,M1_Q_proxy_scale_p,5.490812044877273,5.581963535899362,0.09115149102208964,A4_A5_train_1m,A4_A5_train_1m,0.0
train,1m,491,M1_Q_proxy_scale_p,5.529909739127526,5.3675676524908615,0.16234208663666472,A4_A5_train_1m,A4_A5_train_1m,0.0
train,1m,492,M1_Q_proxy_scale_p,5.235699919553904,4.982915988970829,0.2527839305830746,A4_A5_train_1m,A4_A5_train_1m,0.0
train,1m,493,M1_Q_proxy_scale_p,5.376889632298396,5.27404735423841,0.10284227805998647,A4_A5_train_1m,A4_A5_train_1m,0.0
train,1m,494,M1_Q_proxy_scale_p,5.393037410882803,5.362071357490587,0.030966053392216253,A4_A5_train_1m,A4_A5_train_1m,0.0
train,1m,495,M1_Q_proxy_scale_p,4.911649593940148,5.209000271278585,0.2973506773384367,A4_A5_train_1m,A4_A5_train_1m,0.0
train,1m,496,M1_Q_proxy_scale_p,5.179699375079228,5.254890446577505,0.07519107149827686,A4_A5_train_1m,A4_A5_train_1m,0.0
train,1m,497,M1_Q_proxy_scale_p,4.952001645014836,5.049370630926981,0.09736898591214427,A4_A5_train_1m,A4_A5_train_1m,0.0
train,1m,498,M1_Q_proxy_scale_p,5.3830383374140816,5.377538445060908,0.005499892353173941,A4_A5_train_1m,A4_A5_train_1m,0.0
train,1m,499,M1_Q_proxy_scale_p,5.063532792604887,5.336965215531818,0.2734324229269314,A4_A5_train_1m,A4_A5_train_1m,0.0
train,1m,500,M1_Q_proxy_scale_p,5.382334030591524,5.116922027813169,0.26541200277835486,A4_A5_train_1m,A4_A5_train_1m,0.0
train,1m,501,M1_Q_proxy_scale_p,5.51168416096614,5.105850189694835,0.4058339712713046,A4_A5_train_1m,A4_A5_train_1m,0.0
train,1m,502,M1_Q_proxy_scale_p,5.310084141217745,5.101971136912384,0.2081130043053605,A4_A5_train_1m,A4_A5_train_1m,0.0
train,1m,503,M1_Q_proxy_scale_p,5.27580294242272,5.381401008787165,0.10559806636444513,A4_A5_train_1m,A4_A5_train_1m,0.0
train,1m,504,M1_Q_proxy_scale_p,5.0050808282998895,5.33618813352034,0.33110730522045007,A4_A5_train_1m,A4_A5_train_1m,0.0
train,1m,505,M1_Q_proxy_scale_p,5.226062151101919,5.1197225095480015,0.10633964155391773,A4_A5_train_1m,A4_A5_train_1m,0.0
train,1m,506,M1_Q_proxy_scale_p,5.218978533378015,5.360004122950932,0.14102558957291667,A4_A5_train_1m,A4_A5_train_1m,0.0
train,1m,507,M1_Q_proxy_scale_p,4.94292347247784,5.348790595411959,0.40586712293411864,A4_A5_train_1m,A4_A5_train_1m,0.0
train,1m,508,M1_Q_proxy_scale_p,5.213699120741624,5.378040341651834,0.16434122091021042,A4_A5_train_1m,A4_A5_train_1m,0.0
train,1m,509,M1_Q_proxy_scale_p,5.799065553225004,5.523369047897427,0.27569650532757706,A4_A5_train_1m,A4_A5_train_1m,0.0
train,1m,510,M1_Q_proxy_scale_p,5.8304275549375095,5.597736245557101,0.23269130938040838,A4_A5_train_1m,A4_A5_train_1m,0.0
train,1m,511,M1_Q_proxy_scale_p,5.1176449335538425,5.395383146342529,0.2777382127886865,A4_A5_train_1m,A4_A5_train_1m,0.0
train,1m,512,M1_Q_proxy_scale_p,6.006154610560491,5.567750884597497,0.4384037259629938,A4_A5_train_1m,A4_A5_train_1m,0.0
A6_A7,1m,1,M1_Q_proxy_scale_p,5.373965153327355,5.42986741394151,0.05590226061415482,A6_A7_test_1m,A6_A7_test_1m,9.336461025681805
A6_A7,1m,2,M1_Q_proxy_scale_p,4.87088759128864,5.293674843785419,0.4227872524967786,A6_A7_test_1m,A6_A7_test_1m,9.474291101821734
A6_A7,1m,3,M1_Q_proxy_scale_p,5.0853205277369575,5.355091681390116,0.2697711536531582,A6_A7_test_1m,A6_A7_test_1m,8.411037715758837
A6_A7,1m,4,M1_Q_proxy_scale_p,5.274973685924824,5.333571831430256,0.05859814550543252,A6_A7_test_1m,A6_A7_test_1m,9.833427384503441
A6_A7,1m,5,M1_Q_proxy_scale_p,5.359663541500385,5.380230598904377,0.020567057403991562,A6_A7_test_1m,A6_A7_test_1m,7.550217520360392
A6_A7,1m,6,M1_Q_proxy_scale_p,4.832554211983314,5.305637520347995,0.47308330836468127,A6_A7_test_1m,A6_A7_test_1m,8.882909842781219
A6_A7,1m,7,M1_Q_proxy_scale_p,6.122660013345572,5.625098649731831,0.49756136361374104,A6_A7_test_1m,A6_A7_test_1m,7.370784841782823
A6_A7,1m,8,M1_Q_proxy_scale_p,5.555017544673039,5.304178609660026,0.2508389350130136,A6_A7_test_1m,A6_A7_test_1m,7.50805760957028
A6_A7,1m,9,M1_Q_proxy_scale_p,5.278190264335046,5.379327056763717,0.10113679242867146,A6_A7_test_1m,A6_A7_test_1m,8.740921570209458
A6_A7,1m,10,M1_Q_proxy_scale_p,5.622174207980816,5.521923165280469,0.10025104270034735,A6_A7_test_1m,A6_A7_test_1m,8.564302665730851
A6_A7,1m,11,M1_Q_proxy_scale_p,5.316068282494178,5.374712678538255,0.058644396044076785,A6_A7_test_1m,A6_A7_test_1m,10.425487859883967
A6_A7,1m,12,M1_Q_proxy_scale_p,5.243096773441021,5.417355403480281,0.1742586300392599,A6_A7_test_1m,A6_A7_test_1m,7.560122622870206
A6_A7,1m,13,M1_Q_proxy_scale_p,5.3679552261645975,5.514936554815212,0.14698132865061453,A6_A7_test_1m,A6_A7_test_1m,7.2305417503334395
A6_A7,1m,14,M1_Q_proxy_scale_p,5.620352524977464,5.420758758386177,0.19959376659128658,A6_A7_test_1m,A6_A7_test_1m,7.945068236547537
A6_A7,1m,15,M1_Q_proxy_scale_p,5.108994245529175,5.302494770603297,0.1935005250741222,A6_A7_test_1m,A6_A7_test_1m,8.967039540505205
A6_A7,1m,16,M1_Q_proxy_scale_p,5.430535133068378,5.430251049844965,0.000284083223413667,A6_A7_test_1m,A6_A7_test_1m,7.179073193163715
A6_A7,1m,17,M1_Q_proxy_scale_p,5.153882228411161,5.328911317855916,0.17502908944475504,A6_A7_test_1m,A6_A7_test_1m,8.995116924960659
A6_A7,1m,18,M1_Q_proxy_scale_p,5.012001450245197,5.174154590697835,0.16215314045263796,A6_A7_test_1m,A6_A7_test_1m,8.99654755895355
A6_A7,1m,19,M1_Q_proxy_scale_p,5.573129892349243,5.488565091941188,0.08456480040805481,A6_A7_test_1m,A6_A7_test_1m,9.19580498912462
A6_A7,1m,20,M1_Q_proxy_scale_p,5.411105082585261,5.508395319251221,0.09729023666595982,A6_A7_test_1m,A6_A7_test_1m,8.942083426140004
A6_A7,1m,21,M1_Q_proxy_scale_p,5.185511203912588,5.4196458193196975,0.23413461540710934,A6_A7_test_1m,A6_A7_test_1m,8.353578361395556
A6_A7,1m,22,M1_Q_proxy_scale_p,5.426152119269738,5.380218818535621,0.04593330073411739,A6_A7_test_1m,A6_A7_test_1m,9.580874749974795
A6_A7,1m,23,M1_Q_proxy_scale_p,5.119761852117685,5.058106307379303,0.06165554473838242,A6_A7_test_1m,A6_A7_test_1m,7.328984826724789
A6_A7,1m,24,M1_Q_proxy_scale_p,5.380604853996863,5.459844128276154,0.07923927427929023,A6_A7_test_1m,A6_A7_test_1m,9.496931469616547
A6_A7,1m,25,M1_Q_proxy_scale_p,4.985298065038828,5.210186172732778,0.22488810769394973,A6_A7_test_1m,A6_A7_test_1m,8.902150436709764
A6_A7,1m,26,M1_Q_proxy_scale_p,6.030289613283598,5.468671959828098,0.5616176534554995,A6_A7_test_1m,A6_A7_test_1m,9.515791163548597
A6_A7,1m,27,M1_Q_proxy_scale_p,5.3554720145005446,5.087967126327252,0.2675048881732929,A6_A7_test_1m,A6_A7_test_1m,10.50250297112377
A6_A7,1m,28,M1_Q_proxy_scale_p,4.822077512741089,5.353957346647722,0.5318798339066335,A6_A7_test_1m,A6_A7_test_1m,7.914677722733117
A6_A7,1m,29,M1_Q_proxy_scale_p,5.511135798234206,5.548867182804236,0.03773138457003,A6_A7_test_1m,A6_A7_test_1m,7.4167444686610144
A6_A7,1m,30,M1_Q_proxy_scale_p,5.3289276269766,5.291884467638464,0.03704315933813529,A6_A7_test_1m,A6_A7_test_1m,8.074265535429719
A6_A7,1m,31,M1_Q_proxy_scale_p,5.541824230780969,5.43367442894756,0.10814980183340861,A6_A7_test_1m,A6_A7_test_1m,8.980270387340893
A6_A7,1m,32,M1_Q_proxy_scale_p,4.942216506371131,5.159454334798079,0.21723782842694828,A6_A7_test_1m,A6_A7_test_1m,8.261604299084512
A6_A7,1m,33,M1_Q_proxy_scale_p,4.850861732776348,5.200773674473933,0.34991194169758444,A6_A7_test_1m,A6_A7_test_1m,9.35720848434709
A6_A7,1m,34,M1_Q_proxy_scale_p,5.470191625448374,5.274471344872596,0.1957202805757774,A6_A7_test_1m,A6_A7_test_1m,9.892843308878543
A6_A7,1m,35,M1_Q_proxy_scale_p,4.842583014414861,5.202912814732065,0.36032980031720463,A6_A7_test_1m,A6_A7_test_1m,8.593084948204348
A6_A7,1m,36,M1_Q_proxy_scale_p,4.996479859718909,5.344353081538626,0.34787322181971714,A6_A7_test_1m,A6_A7_test_1m,9.876832917320018
A6_A7,1m,37,M1_Q_proxy_scale_p,5.3476937183967,5.414153611714098,0.06645989331739788,A6_A7_test_1m,A6_A7_test_1m,9.145782987219693
A6_A7,1m,38,M1_Q_proxy_scale_p,5.533937160785381,5.487384517223801,0.046552643561580176,A6_A7_test_1m,A6_A7_test_1m,8.627963509441566
A6_A7,1m,39,M1_Q_proxy_scale_p,5.247154749356783,5.330106273254146,0.08295152389736327,A6_A7_test_1m,A6_A7_test_1m,8.31797058976047
A6_A7,1m,40,M1_Q_proxy_scale_p,4.861885676017175,5.324166789666308,0.4622811136491336,A6_A7_test_1m,A6_A7_test_1m,6.828263225875634
A6_A7,1m,41,M1_Q_proxy_scale_p,4.824003237944383,5.367266793256048,0.5432635553116656,A6_A7_test_1m,A6_A7_test_1m,6.3096746460801105
A6_A7,1m,42,M1_Q_proxy_scale_p,5.514141229482798,5.172892057618678,0.34124917186411974,A6_A7_test_1m,A6_A7_test_1m,10.143979289826762
A6_A7,1m,43,M1_Q_proxy_scale_p,5.512701438023494,5.396602533732172,0.11609890429132186,A6_A7_test_1m,A6_A7_test_1m,9.248113166266858
A6_A7,1m,44,M1_Q_proxy_scale_p,5.065673901484563,5.405915601459243,0.3402416999746798,A6_A7_test_1m,A6_A7_test_1m,10.378981060649581
A6_A7,1m,45,M1_Q_proxy_scale_p,4.894003648024339,5.109448557394902,0.2154449093705635,A6_A7_test_1m,A6_A7_test_1m,9.572404275148415
A6_A7,1m,46,M1_Q_proxy_scale_p,5.1635107810680685,5.255777636975803,0.09226685590773442,A6_A7_test_1m,A6_A7_test_1m,8.081747427408661
A6_A7,1m,47,M1_Q_proxy_scale_p,5.117653076465313,5.334233027576944,0.21657995111163064,A6_A7_test_1m,A6_A7_test_1m,8.268480017544878
A6_A7,1m,48,M1_Q_proxy_scale_p,5.232946267494788,5.458423366662616,0.22547709916782743,A6_A7_test_1m,A6_A7_test_1m,8.93978760230291
A6_A7,1m,49,M1_Q_proxy_scale_p,5.485732243611262,5.322473806892514,0.16325843671874818,A6_A7_test_1m,A6_A7_test_1m,7.703630797309201
A6_A7,1m,50,M1_Q_proxy_scale_p,4.918953253672673,5.206136817736046,0.28718356406337264,A6_A7_test_1m,A6_A7_test_1m,7.3870863127249216
A6_A7,1m,51,M1_Q_proxy_scale_p,5.210708599824172,5.25648015891316,0.04577155908898778,A6_A7_test_1m,A6_A7_test_1m,7.873024312476952
A6_A7,1m,52,M1_Q_proxy_scale_p,5.616335960534903,5.543091792453938,0.07324416808096501,A6_A7_test_1m,A6_A7_test_1m,7.273271194161493
A6_A7,1m,53,M1_Q_proxy_scale_p,4.925976707385137,4.875911938647101,0.05006476873803578,A6_A7_test_1m,A6_A7_test_1m,6.965040981473882
A6_A7,1m,54,M1_Q_proxy_scale_p,5.445093961862417,5.110469459675468,0.3346245021869496,A6_A7_test_1m,A6_A7_test_1m,10.057091244442132
A6_A7,1m,55,M1_Q_proxy_scale_p,5.411974118306087,5.446447049959906,0.03447293165381815,A6_A7_test_1m,A6_A7_test_1m,8.763646981121642
A6_A7,1m,56,M1_Q_proxy_scale_p,5.022448970721318,5.234991754340846,0.2125427836195275,A6_A7_test_1m,A6_A7_test_1m,8.314394431018458
A6_A7,1m,57,M1_Q_proxy_scale_p,6.0019166836371785,5.492457721953928,0.5094589616832508,A6_A7_test_1m,A6_A7_test_1m,6.821556719572097
A6_A7,1m,58,M1_Q_proxy_scale_p,4.8247223909084616,5.035897225542874,0.211174834634412,A6_A7_test_1m,A6_A7_test_1m,10.119493870664256
A6_A7,1m,59,M1_Q_proxy_scale_p,4.857201796311599,5.018876931628838,0.16167513531723898,A6_A7_test_1m,A6_A7_test_1m,8.603241527969974
A6_A7,1m,60,M1_Q_proxy_scale_p,5.41318128659175,5.307310116271659,0.10587117032009097,A6_A7_test_1m,A6_A7_test_1m,8.575859150994724
A6_A7,1m,61,M1_Q_proxy_scale_p,5.597858062157264,5.4614085620180965,0.13644950013916723,A6_A7_test_1m,A6_A7_test_1m,4.4587185443335375
A6_A7,1m,62,M1_Q_proxy_scale_p,5.30172061920166,5.457303765722435,0.1555831465207751,A6_A7_test_1m,A6_A7_test_1m,8.085106708575404
A6_A7,1m,63,M1_Q_proxy_scale_p,5.682907618009127,5.360849621911461,0.3220579960976657,A6_A7_test_1m,A6_A7_test_1m,8.144377897129988
A6_A7,1m,64,M1_Q_proxy_scale_p,4.841868152985206,5.2903676717831445,0.4484995187979388,A6_A7_test_1m,A6_A7_test_1m,5.944088871195419
A6_A7,1m,65,M1_Q_proxy_scale_p,5.357793001028208,5.448779933546092,0.09098693251788426,A6_A7_test_1m,A6_A7_test_1m,4.439447433178935
A6_A7,1m,66,M1_Q_proxy_scale_p,5.643125313978929,5.322571331285469,0.32055398269345936,A6_A7_test_1m,A6_A7_test_1m,9.599664918844852
A6_A7,1m,67,M1_Q_proxy_scale_p,5.974604258170495,5.46540871972209,0.509195538448405,A6_A7_test_1m,A6_A7_test_1m,7.865518626232566
A6_A7,1m,68,M1_Q_proxy_scale_p,4.849615793961745,5.3270756233444505,0.47745982938270526,A6_A7_test_1m,A6_A7_test_1m,7.635856680834623
A6_A7,1m,69,M1_Q_proxy_scale_p,4.953273947422321,5.166751146224213,0.21347719880189153,A6_A7_test_1m,A6_A7_test_1m,8.417547572378245
A6_A7,1m,70,M1_Q_proxy_scale_p,5.410243327801044,5.385164590707841,0.025078737093203074,A6_A7_test_1m,A6_A7_test_1m,7.960736143019803
A6_A7,1m,71,M1_Q_proxy_scale_p,5.234482068281907,5.2893685845772005,0.0548865162952934,A6_A7_test_1m,A6_A7_test_1m,8.67563983851448
A6_A7,1m,72,M1_Q_proxy_scale_p,5.297613822496855,5.3820652042609645,0.08445138176410971,A6_A7_test_1m,A6_A7_test_1m,9.279272078151083
A6_A7,1m,73,M1_Q_proxy_scale_p,5.492023046200092,5.374292106895344,0.11773093930474854,A6_A7_test_1m,A6_A7_test_1m,7.702271713386957
A6_A7,1m,74,M1_Q_proxy_scale_p,5.583093661528367,5.506879715770352,0.0762139457580151,A6_A7_test_1m,A6_A7_test_1m,7.822744819657641
A6_A7,1m,75,M1_Q_proxy_scale_p,5.079312672981849,5.110575133382947,0.03126246040109848,A6_A7_test_1m,A6_A7_test_1m,11.496597230620791
A6_A7,1m,76,M1_Q_proxy_scale_p,4.998651376137366,5.340016130183821,0.34136475404645505,A6_A7_test_1m,A6_A7_test_1m,6.009988331305019
A6_A7,1m,77,M1_Q_proxy_scale_p,5.560814985862145,5.381084354531037,0.17973063133110845,A6_A7_test_1m,A6_A7_test_1m,6.916328708549879
A6_A7,1m,78,M1_Q_proxy_scale_p,5.072209376555223,5.211735328178376,0.13952595162315262,A6_A7_test_1m,A6_A7_test_1m,10.523775558317384
A6_A7,1m,79,M1_Q_proxy_scale_p,5.943764393146221,5.599405625398602,0.344358767747619,A6_A7_test_1m,A6_A7_test_1m,7.173469700304079
A6_A7,1m,80,M1_Q_proxy_scale_p,5.496101251015296,5.426493830585281,0.06960742043001478,A6_A7_test_1m,A6_A7_test_1m,7.776023924243253
A6_A7,1m,81,M1_Q_proxy_scale_p,4.923734188079834,5.249095606445054,0.3253614183652198,A6_A7_test_1m,A6_A7_test_1m,8.35465013692605
A6_A7,1m,82,M1_Q_proxy_scale_p,5.182465589963472,5.374151633200678,0.19168604323720562,A6_A7_test_1m,A6_A7_test_1m,8.766795424121991
A6_A7,1m,83,M1_Q_proxy_scale_p,5.346311752612774,5.376866850443757,0.03055509783098298,A6_A7_test_1m,A6_A7_test_1m,9.781994693615351
A6_A7,1m,84,M1_Q_proxy_scale_p,5.065563788780799,5.377008729640756,0.3114449408599569,A6_A7_test_1m,A6_A7_test_1m,7.67847846123871
A6_A7,1m,85,M1_Q_proxy_scale_p,5.603990334730882,5.429467279932243,0.17452305479863828,A6_A7_test_1m,A6_A7_test_1m,7.9091354063048565
A6_A7,1m,86,M1_Q_proxy_scale_p,5.389875118549053,5.552038697925614,0.16216357937656056,A6_A7_test_1m,A6_A7_test_1m,8.682117970776837
A6_A7,1m,87,M1_Q_proxy_scale_p,6.255406177960909,5.632173719392482,0.6232324585684266,A6_A7_test_1m,A6_A7_test_1m,6.93211724808312
A6_A7,1m,88,M1_Q_proxy_scale_p,5.339869609245887,5.304450410891738,0.035419198354149195,A6_A7_test_1m,A6_A7_test_1m,7.095597086231902
A6_A7,1m,89,M1_Q_proxy_scale_p,5.183077060259306,5.338038885136495,0.1549618248771889,A6_A7_test_1m,A6_A7_test_1m,9.928175435434673
A6_A7,1m,90,M1_Q_proxy_scale_p,5.137655404897837,5.382237145905362,0.24458174100752572,A6_A7_test_1m,A6_A7_test_1m,9.058702261220379
A6_A7,1m,91,M1_Q_proxy_scale_p,5.181325380618755,5.294677535668462,0.1133521550497063,A6_A7_test_1m,A6_A7_test_1m,8.54908058976944
A6_A7,1m,92,M1_Q_proxy_scale_p,5.086711131609404,5.383405588850711,0.2966944572413075,A6_A7_test_1m,A6_A7_test_1m,8.687071835292139
A6_A7,1m,93,M1_Q_proxy_scale_p,5.25266760129195,4.998289706522043,0.2543778947699069,A6_A7_test_1m,A6_A7_test_1m,10.308020529642322
A6_A7,1m,94,M1_Q_proxy_scale_p,5.582974470578707,5.436593533382029,0.14638093719667733,A6_A7_test_1m,A6_A7_test_1m,10.045595792733211
A6_A7,1m,95,M1_Q_proxy_scale_p,5.189936821277325,5.288736131515689,0.09879931023836441,A6_A7_test_1m,A6_A7_test_1m,7.282150117267247
A6_A7,1m,96,M1_Q_proxy_scale_p,5.411290608919584,5.276716323116011,0.13457428580357345,A6_A7_test_1m,A6_A7_test_1m,8.98412885735337
A6_A7,1m,97,M1_Q_proxy_scale_p,5.608062890859751,5.399544536691241,0.2085183541685094,A6_A7_test_1m,A6_A7_test_1m,9.16792543375082
A6_A7,1m,98,M1_Q_proxy_scale_p,5.191432806161734,5.159939232878518,0.03149357328321578,A6_A7_test_1m,A6_A7_test_1m,7.801938488442635
A6_A7,1m,99,M1_Q_proxy_scale_p,5.267571302560659,5.1380453691546775,0.12952593340598195,A6_A7_test_1m,A6_A7_test_1m,8.77116929687357
A6_A7,1m,100,M1_Q_proxy_scale_p,5.286745548248291,5.2103665211136185,0.07637902713467248,A6_A7_test_1m,A6_A7_test_1m,10.112057796095845
A6_A7,1m,101,M1_Q_proxy_scale_p,5.7576320721552925,5.345492237899965,0.41213983425532774,A6_A7_test_1m,A6_A7_test_1m,8.629635146998552
A6_A7,1m,102,M1_Q_proxy_scale_p,5.30854738675631,5.488466480143263,0.17991909338695233,A6_A7_test_1m,A6_A7_test_1m,9.829541019301871
A6_A7,1m,103,M1_Q_proxy_scale_p,5.351222936923687,5.279524963345289,0.0716979735783978,A6_A7_test_1m,A6_A7_test_1m,8.829555974450793
A6_A7,1m,104,M1_Q_proxy_scale_p,5.032535387919499,5.492778102112563,0.46024271419306384,A6_A7_test_1m,A6_A7_test_1m,8.70698499484894
A6_A7,1m,105,M1_Q_proxy_scale_p,5.332005354074331,5.458907663761486,0.12690230968715444,A6_A7_test_1m,A6_A7_test_1m,7.181642826742222
A6_A7,1m,106,M1_Q_proxy_scale_p,5.500462238605206,5.268344494595234,0.23211774400997154,A6_A7_test_1m,A6_A7_test_1m,8.382228938012299
A6_A7,1m,107,M1_Q_proxy_scale_p,5.0212734662569485,5.43567492252032,0.41440145626337177,A6_A7_test_1m,A6_A7_test_1m,9.61289139867578
A6_A7,1m,108,M1_Q_proxy_scale_p,5.221878198476938,5.399990038836506,0.17811184035956806,A6_A7_test_1m,A6_A7_test_1m,6.381299816594559
A6_A7,1m,109,M1_Q_proxy_scale_p,5.327835669884315,5.382339244705931,0.054503574821616496,A6_A7_test_1m,A6_A7_test_1m,7.312025324481769
A6_A7,1m,110,M1_Q_proxy_scale_p,5.304491354868962,5.206987272571534,0.09750408229742824,A6_A7_test_1m,A6_A7_test_1m,9.793540125040842
A6_A7,1m,111,M1_Q_proxy_scale_p,5.349758625030518,5.36408914115648,0.014330516125962589,A6_A7_test_1m,A6_A7_test_1m,9.27836531879382
A6_A7,1m,112,M1_Q_proxy_scale_p,5.1627951218531685,5.149596834593499,0.013198287259669428,A6_A7_test_1m,A6_A7_test_1m,9.552797056063094
A6_A7,1m,113,M1_Q_proxy_scale_p,5.112499567178579,5.460735292986314,0.34823572580773465,A6_A7_test_1m,A6_A7_test_1m,8.514487827192065
A6_A7,1m,114,M1_Q_proxy_scale_p,5.043016635454618,5.117662723357895,0.0746460879032762,A6_A7_test_1m,A6_A7_test_1m,9.580379597855433
A6_A7,1m,115,M1_Q_proxy_scale_p,5.322289026700533,5.474953894611324,0.15266486791079092,A6_A7_test_1m,A6_A7_test_1m,6.379354784388034
A6_A7,1m,116,M1_Q_proxy_scale_p,5.231626620659461,5.3193867907408405,0.08776017008137948,A6_A7_test_1m,A6_A7_test_1m,9.808052760261836
A6_A7,1m,117,M1_Q_proxy_scale_p,5.446287631988525,5.301532555930256,0.14475507605826898,A6_A7_test_1m,A6_A7_test_1m,7.731751499454572
A6_A7,1m,118,M1_Q_proxy_scale_p,5.708623335911677,5.462941155189869,0.24568218072180859,A6_A7_test_1m,A6_A7_test_1m,7.2692900856643226
A6_A7,1m,119,M1_Q_proxy_scale_p,4.819635070287264,5.212113881014336,0.3924788107270718,A6_A7_test_1m,A6_A7_test_1m,8.020945286618058
A6_A7,1m,120,M1_Q_proxy_scale_p,5.282045437739446,5.422035301574531,0.13998986383508516,A6_A7_test_1m,A6_A7_test_1m,8.224449964108087
A6_A7,1m,121,M1_Q_proxy_scale_p,5.450615240977361,5.377963184764142,0.07265205621321869,A6_A7_test_1m,A6_A7_test_1m,8.982542122333012
A6_A7,1m,122,M1_Q_proxy_scale_p,4.936770695906419,5.177342346267379,0.24057165036095984,A6_A7_test_1m,A6_A7_test_1m,9.210016085422826
A6_A7,1m,123,M1_Q_proxy_scale_p,5.454761578486516,5.304741427913476,0.15002015057303986,A6_A7_test_1m,A6_A7_test_1m,9.065160267650924
A6_A7,1m,124,M1_Q_proxy_scale_p,5.221884736647973,5.157707226285731,0.06417751036224217,A6_A7_test_1m,A6_A7_test_1m,10.023962562585517
A6_A7,1m,125,M1_Q_proxy_scale_p,5.063311173365666,5.312428741758234,0.2491175683925677,A6_A7_test_1m,A6_A7_test_1m,8.536591906646146
A6_A7,1m,126,M1_Q_proxy_scale_p,5.075846562018762,5.400622118089566,0.3247755560708043,A6_A7_test_1m,A6_A7_test_1m,8.998573201405494
A6_A7,1m,127,M1_Q_proxy_scale_p,5.145153375772329,5.202821563059913,0.05766818728758327,A6_A7_test_1m,A6_A7_test_1m,7.839497661048624
A6_A7,1m,128,M1_Q_proxy_scale_p,5.006139021653396,5.196590518569715,0.19045149691631913,A6_A7_test_1m,A6_A7_test_1m,8.002605194229305
A6_A7,1m,129,M1_Q_proxy_scale_p,5.386295612041767,5.483444091071201,0.09714847902943369,A6_A7_test_1m,A6_A7_test_1m,8.767788703562548
A6_A7,1m,130,M1_Q_proxy_scale_p,4.963192664659941,5.122986795167166,0.15979413050722524,A6_A7_test_1m,A6_A7_test_1m,8.250705383241765
A6_A7,1m,131,M1_Q_proxy_scale_p,5.076912788244394,5.282616108270905,0.20570332002651082,A6_A7_test_1m,A6_A7_test_1m,9.07239885536733
A6_A7,1m,132,M1_Q_proxy_scale_p,5.258599299650926,5.36373561568306,0.10513631603213458,A6_A7_test_1m,A6_A7_test_1m,7.389743442519156
A6_A7,1m,133,M1_Q_proxy_scale_p,4.978934398064246,5.064773910308526,0.08583951224427988,A6_A7_test_1m,A6_A7_test_1m,9.278117544667532
A6_A7,1m,134,M1_Q_proxy_scale_p,5.45208663206834,5.34149240897924,0.11059422308909994,A6_A7_test_1m,A6_A7_test_1m,9.546631129140605
A6_A7,1m,135,M1_Q_proxy_scale_p,5.882924281633818,5.645958604094133,0.23696567753968445,A6_A7_test_1m,A6_A7_test_1m,4.265812685254273
A6_A7,1m,136,M1_Q_proxy_scale_p,5.645181380785429,5.4343446716607735,0.21083670912465546,A6_A7_test_1m,A6_A7_test_1m,7.531728252598074
A6_A7,1m,137,M1_Q_proxy_scale_p,5.335846644181472,5.438485758194909,0.10263911401343684,A6_A7_test_1m,A6_A7_test_1m,9.871251654857573
A6_A7,1m,138,M1_Q_proxy_scale_p,5.734728152935322,5.547255433278104,0.1874727196572179,A6_A7_test_1m,A6_A7_test_1m,4.312104365599671
A6_A7,1m,139,M1_Q_proxy_scale_p,5.872643544123723,5.584399467551396,0.28824407657232687,A6_A7_test_1m,A6_A7_test_1m,9.838331582479988
A6_A7,1m,140,M1_Q_proxy_scale_p,5.057002562742967,5.048870979624093,0.008131583118873742,A6_A7_test_1m,A6_A7_test_1m,7.5244519742265545
A6_A7,1m,141,M1_Q_proxy_scale_p,5.358076884196355,5.466927526076452,0.10885064188009697,A6_A7_test_1m,A6_A7_test_1m,9.388038289284383
A6_A7,1m,142,M1_Q_proxy_scale_p,5.228418221840491,5.382424738024322,0.15400651618383066,A6_A7_test_1m,A6_A7_test_1m,8.829666718743635
A6_A7,1m,143,M1_Q_proxy_scale_p,4.8701782409961405,5.024964900531752,0.15478665953561155,A6_A7_test_1m,A6_A7_test_1m,8.445380458934947
A6_A7,1m,144,M1_Q_proxy_scale_p,5.2966673007378215,5.358956662659751,0.062289361921929576,A6_A7_test_1m,A6_A7_test_1m,8.731348703693781
A6_A7,1m,145,M1_Q_proxy_scale_p,5.112739893106314,5.3957401767461874,0.28300028363987373,A6_A7_test_1m,A6_A7_test_1m,7.607666280688194
A6_A7,1m,146,M1_Q_proxy_scale_p,5.457334096615131,4.83088688925046,0.626447207364671,A6_A7_test_1m,A6_A7_test_1m,11.170453113288133
A6_A7,1m,147,M1_Q_proxy_scale_p,5.307218826734102,5.252510371168523,0.05470845556557968,A6_A7_test_1m,A6_A7_test_1m,9.933294224059889
A6_A7,1m,148,M1_Q_proxy_scale_p,5.206482538810144,5.176203563862936,0.030278974947208326,A6_A7_test_1m,A6_A7_test_1m,10.3469849024348
A6_A7,1m,149,M1_Q_proxy_scale_p,5.430807131987351,5.509214123371411,0.07840699138405949,A6_A7_test_1m,A6_A7_test_1m,8.031552230532517
A6_A7,1m,150,M1_Q_proxy_scale_p,5.428873428931603,5.329033529447981,0.09983989948362204,A6_A7_test_1m,A6_A7_test_1m,9.513521006290677
A6_A7,1m,151,M1_Q_proxy_scale_p,5.222006137554462,5.365614829466903,0.14360869191244063,A6_A7_test_1m,A6_A7_test_1m,8.92750821445832
A6_A7,1m,152,M1_Q_proxy_scale_p,4.884913802146912,5.111429986130598,0.22651618398368623,A6_A7_test_1m,A6_A7_test_1m,9.050279731297021
A6_A7,1m,153,M1_Q_proxy_scale_p,4.9806958345266485,5.088400774873449,0.10770494034680045,A6_A7_test_1m,A6_A7_test_1m,9.370376983592024
A6_A7,1m,154,M1_Q_proxy_scale_p,5.267538877633902,5.421517710421451,0.15397883278754954,A6_A7_test_1m,A6_A7_test_1m,8.96345575776612
A6_A7,1m,155,M1_Q_proxy_scale_p,4.885753613251906,5.390670082610743,0.5049164693588368,A6_A7_test_1m,A6_A7_test_1m,7.65674833084773
A6_A7,1m,156,M1_Q_proxy_scale_p,5.346514151646541,5.514689325761759,0.16817517411521798,A6_A7_test_1m,A6_A7_test_1m,7.431089189217958
A6_A7,1m,157,M1_Q_proxy_scale_p,5.070986362603994,5.310333112130408,0.23934674952641366,A6_A7_test_1m,A6_A7_test_1m,8.596041704986431
A6_A7,1m,158,M1_Q_proxy_scale_p,5.234849067834707,5.424243736351077,0.18939466851636944,A6_A7_test_1m,A6_A7_test_1m,8.131318599937321
A6_A7,1m,159,M1_Q_proxy_scale_p,5.512349660579975,5.463411793047726,0.04893786753224916,A6_A7_test_1m,A6_A7_test_1m,9.52199692491437
A6_A7,1m,160,M1_Q_proxy_scale_p,5.117385690028851,5.232242369648775,0.1148566796199244,A6_A7_test_1m,A6_A7_test_1m,9.16455509624711
A6_A7,1m,161,M1_Q_proxy_scale_p,5.324403762817383,5.149380167267244,0.17502359555013847,A6_A7_test_1m,A6_A7_test_1m,9.669137789010463
A6_A7,1m,162,M1_Q_proxy_scale_p,5.353014890964214,5.522802966925738,0.1697880759615238,A6_A7_test_1m,A6_A7_test_1m,9.266705679227329
A6_A7,1m,163,M1_Q_proxy_scale_p,5.048737287521362,5.26820180895134,0.21946452142997774,A6_A7_test_1m,A6_A7_test_1m,8.824070985152629
A6_A7,1m,164,M1_Q_proxy_scale_p,4.96267975293673,5.19756358871622,0.23488383577949,A6_A7_test_1m,A6_A7_test_1m,7.783395515415212
A6_A7,1m,165,M1_Q_proxy_scale_p,4.915715235930223,5.061376804258786,0.14566156832856247,A6_A7_test_1m,A6_A7_test_1m,8.628178296032402
A6_A7,1m,166,M1_Q_proxy_scale_p,5.286557564368615,5.401684576849811,0.11512701248119583,A6_A7_test_1m,A6_A7_test_1m,9.163641169637138
A6_A7,1m,167,M1_Q_proxy_scale_p,5.133503042734587,5.142193648634484,0.008690605899897008,A6_A7_test_1m,A6_A7_test_1m,9.514490785683307
A6_A7,1m,168,M1_Q_proxy_scale_p,5.197917736493624,5.296807867892898,0.0988901313992745,A6_A7_test_1m,A6_A7_test_1m,9.518811504206024
A6_A7,1m,169,M1_Q_proxy_scale_p,5.126447888521048,5.23108883212098,0.10464094359993226,A6_A7_test_1m,A6_A7_test_1m,8.134746984379607
A6_A7,1m,170,M1_Q_proxy_scale_p,5.287885409135085,5.286737235655351,0.0011481734797342824,A6_A7_test_1m,A6_A7_test_1m,9.666962537040826
A6_A7,1m,171,M1_Q_proxy_scale_p,5.30585241317749,5.281722249637162,0.024130163540328375,A6_A7_test_1m,A6_A7_test_1m,8.779080400528954
A6_A7,1m,172,M1_Q_proxy_scale_p,4.837997051385733,5.280269897973765,0.44227284658803256,A6_A7_test_1m,A6_A7_test_1m,8.755080733127086
A6_A7,1m,173,M1_Q_proxy_scale_p,5.239429235458374,5.536404639808646,0.29697540435027214,A6_A7_test_1m,A6_A7_test_1m,8.077906638564464
A6_A7,1m,174,M1_Q_proxy_scale_p,5.488476863274207,5.49334421085339,0.004867347579183168,A6_A7_test_1m,A6_A7_test_1m,8.462242655707085
A6_A7,1m,175,M1_Q_proxy_scale_p,5.475210226499117,5.506543587820237,0.031333361321119746,A6_A7_test_1m,A6_A7_test_1m,7.366979921664421
A6_A7,1m,176,M1_Q_proxy_scale_p,4.92287250665518,5.183463704803709,0.2605911981485294,A6_A7_test_1m,A6_A7_test_1m,8.174682083988856
A6_A7,1m,177,M1_Q_proxy_scale_p,5.35578047312223,5.472005370050677,0.11622489692844784,A6_A7_test_1m,A6_A7_test_1m,9.353107944013978
A6_A7,1m,178,M1_Q_proxy_scale_p,5.141142294957088,5.270007126980358,0.12886483202326993,A6_A7_test_1m,A6_A7_test_1m,8.293182896525623
A6_A7,1m,179,M1_Q_proxy_scale_p,5.151545451237605,5.340554291568868,0.18900884033126264,A6_A7_test_1m,A6_A7_test_1m,7.467499849634619
A6_A7,1m,180,M1_Q_proxy_scale_p,5.563087665117704,5.514660869455986,0.048426795661717925,A6_A7_test_1m,A6_A7_test_1m,7.03114944379818
A6_A7,1m,181,M1_Q_proxy_scale_p,5.219185086397024,5.169770410451706,0.04941467594531801,A6_A7_test_1m,A6_A7_test_1m,9.570979388679302
A6_A7,1m,182,M1_Q_proxy_scale_p,5.26178763462947,5.346672781520097,0.08488514689062754,A6_A7_test_1m,A6_A7_test_1m,7.723081368211411
A6_A7,1m,183,M1_Q_proxy_scale_p,5.371381301146287,5.5703418900633,0.1989605889170134,A6_A7_test_1m,A6_A7_test_1m,6.05978194396325
A6_A7,1m,184,M1_Q_proxy_scale_p,5.240099540123572,5.162157614177275,0.07794192594629745,A6_A7_test_1m,A6_A7_test_1m,9.001748560967572
A6_A7,1m,185,M1_Q_proxy_scale_p,5.576606750488281,5.466154541130264,0.11045220935801758,A6_A7_test_1m,A6_A7_test_1m,7.438745560130397
A6_A7,1m,186,M1_Q_proxy_scale_p,5.590281853309045,5.507579599892695,0.08270225341634951,A6_A7_test_1m,A6_A7_test_1m,5.6233801397284475
A6_A7,1m,187,M1_Q_proxy_scale_p,5.33940498645489,5.381656111268232,0.042251124813342145,A6_A7_test_1m,A6_A7_test_1m,8.378241048432999
A6_A7,1m,188,M1_Q_proxy_scale_p,5.043212157029372,5.265470304421486,0.2222581473921137,A6_A7_test_1m,A6_A7_test_1m,8.820468950411907
A6_A7,1m,189,M1_Q_proxy_scale_p,5.405239325303298,5.417618210035698,0.01237888473240023,A6_A7_test_1m,A6_A7_test_1m,7.873421261147012
A6_A7,1m,190,M1_Q_proxy_scale_p,5.185509388263409,5.0842966867826185,0.1012127014807902,A6_A7_test_1m,A6_A7_test_1m,8.667387114385741
A6_A7,1m,191,M1_Q_proxy_scale_p,5.42188888329726,5.442608741180535,0.02071985788327435,A6_A7_test_1m,A6_A7_test_1m,8.76085420947533
A6_A7,1m,192,M1_Q_proxy_scale_p,4.8160657699291525,4.905523844354299,0.08945807442514653,A6_A7_test_1m,A6_A7_test_1m,7.679847340039204
A6_A7,1m,193,M1_Q_proxy_scale_p,5.4283616084318895,5.422510522540393,0.00585108589149641,A6_A7_test_1m,A6_A7_test_1m,8.503872791470561
A6_A7,1m,194,M1_Q_proxy_scale_p,5.459724536308875,5.435203172801696,0.02452136350717904,A6_A7_test_1m,A6_A7_test_1m,5.860873098178421
A6_A7,1m,195,M1_Q_proxy_scale_p,5.234574794769287,5.006174400779821,0.22840039398946654,A6_A7_test_1m,A6_A7_test_1m,10.521412432629761
A6_A7,1m,196,M1_Q_proxy_scale_p,5.184967343623821,5.229356094161788,0.04438875053796654,A6_A7_test_1m,A6_A7_test_1m,10.2814403629118
A6_A7,1m,197,M1_Q_proxy_scale_p,5.518194308647742,5.3105464578337,0.20764785081404202,A6_A7_test_1m,A6_A7_test_1m,9.993165341065604
A6_A7,1m,198,M1_Q_proxy_scale_p,5.557751985696646,5.540369073100033,0.017382912596612954,A6_A7_test_1m,A6_A7_test_1m,6.463220199107604
A6_A7,1m,199,M1_Q_proxy_scale_p,4.781108076755817,5.098595693432255,0.31748761667643777,A6_A7_test_1m,A6_A7_test_1m,7.487038640812547
A6_A7,1m,200,M1_Q_proxy_scale_p,5.06939539542565,5.187694737957873,0.1182993425322234,A6_A7_test_1m,A6_A7_test_1m,8.123487755750006
A6_A7,1m,201,M1_Q_proxy_scale_p,5.339909296769362,5.5391985567061175,0.19928925993675506,A6_A7_test_1m,A6_A7_test_1m,9.12551346720106
A6_A7,1m,202,M1_Q_proxy_scale_p,5.61352616090041,5.360609482211209,0.25291667868920076,A6_A7_test_1m,A6_A7_test_1m,7.040396785913687
A6_A7,1m,203,M1_Q_proxy_scale_p,5.0352346163529615,5.161904020866438,0.12666940451347664,A6_A7_test_1m,A6_A7_test_1m,8.579111538609736
A6_A7,1m,204,M1_Q_proxy_scale_p,4.877113030507014,5.374219031340271,0.4971060008332566,A6_A7_test_1m,A6_A7_test_1m,7.057949199494063
A6_A7,1m,205,M1_Q_proxy_scale_p,5.267979805286114,5.444542125852585,0.1765623205664708,A6_A7_test_1m,A6_A7_test_1m,7.530934427376836
A6_A7,1m,206,M1_Q_proxy_scale_p,5.150456776985755,5.191381723872071,0.04092494688631643,A6_A7_test_1m,A6_A7_test_1m,8.826367128693011
A6_A7,1m,207,M1_Q_proxy_scale_p,5.140140955264752,5.565934425588959,0.4257934703242068,A6_A7_test_1m,A6_A7_test_1m,7.091252226492415
A6_A7,1m,208,M1_Q_proxy_scale_p,5.676010627012986,5.484476364563795,0.19153426244919114,A6_A7_test_1m,A6_A7_test_1m,7.265270602068325
A6_A7,1m,209,M1_Q_proxy_scale_p,5.377659724308894,5.357046558299843,0.020613166009050943,A6_A7_test_1m,A6_A7_test_1m,8.482659090590728
A6_A7,1m,210,M1_Q_proxy_scale_p,5.186076457683857,5.339576447470244,0.15349998978638713,A6_A7_test_1m,A6_A7_test_1m,8.796154795526187
A6_A7,1m,211,M1_Q_proxy_scale_p,5.287550559410682,5.081398722906252,0.20615183650442948,A6_A7_test_1m,A6_A7_test_1m,9.391235920892166
A6_A7,1m,212,M1_Q_proxy_scale_p,5.250837564468384,5.474760104995544,0.22392254052715987,A6_A7_test_1m,A6_A7_test_1m,8.901608540373958
A6_A7,1m,213,M1_Q_proxy_scale_p,5.810631862053504,5.430480566083909,0.3801512959695952,A6_A7_test_1m,A6_A7_test_1m,6.0849667243144925
A6_A7,1m,214,M1_Q_proxy_scale_p,5.2689264187446,5.484921042781003,0.21599462403640235,A6_A7_test_1m,A6_A7_test_1m,8.252581274781685
A6_A7,1m,215,M1_Q_proxy_scale_p,5.594226121902466,5.484523649657136,0.10970247224532947,A6_A7_test_1m,A6_A7_test_1m,8.289731105746931
A6_A7,1m,216,M1_Q_proxy_scale_p,5.750330264751728,5.517054745616442,0.23327551913528577,A6_A7_test_1m,A6_A7_test_1m,9.910421555283504
A6_A7,1m,217,M1_Q_proxy_scale_p,5.459014305701623,5.392299806789055,0.06671449891256831,A6_A7_test_1m,A6_A7_test_1m,9.181295080896376
A6_A7,1m,218,M1_Q_proxy_scale_p,6.01004985662607,5.467571099875381,0.5424787567506888,A6_A7_test_1m,A6_A7_test_1m,8.770404563190297
A6_A7,1m,219,M1_Q_proxy_scale_p,4.837217972828792,5.368714246620751,0.5314962737919595,A6_A7_test_1m,A6_A7_test_1m,8.27552324197131
A6_A7,1m,220,M1_Q_proxy_scale_p,5.186958074569702,5.2642257281796585,0.07726765360995635,A6_A7_test_1m,A6_A7_test_1m,8.012115057778042
A6_A7,1m,221,M1_Q_proxy_scale_p,5.200841005031879,5.224559927551637,0.023718922519757157,A6_A7_test_1m,A6_A7_test_1m,10.059245668366502
A6_A7,1m,222,M1_Q_proxy_scale_p,5.261684747842642,5.395463193327998,0.13377844548535656,A6_A7_test_1m,A6_A7_test_1m,10.17131697746096
A6_A7,1m,223,M1_Q_proxy_scale_p,5.336975409434392,5.387781213520567,0.050805804086174966,A6_A7_test_1m,A6_A7_test_1m,8.664661797592133
A6_A7,1m,224,M1_Q_proxy_scale_p,5.489916590543894,5.16529340550208,0.32462318504181376,A6_A7_test_1m,A6_A7_test_1m,8.927148484274857
A6_A7,1m,225,M1_Q_proxy_scale_p,5.041584913547222,5.26336445408262,0.2217795405353975,A6_A7_test_1m,A6_A7_test_1m,9.869913938817646
A6_A7,1m,226,M1_Q_proxy_scale_p,4.847743309461153,5.296862737020006,0.4491194275588528,A6_A7_test_1m,A6_A7_test_1m,8.81829236640125
A6_A7,1m,227,M1_Q_proxy_scale_p,5.5380350809830885,5.511073294866892,0.02696178611619615,A6_A7_test_1m,A6_A7_test_1m,8.30478931025153
A6_A7,1m,228,M1_Q_proxy_scale_p,5.436667589040903,5.502433005311681,0.0657654162707777,A6_A7_test_1m,A6_A7_test_1m,6.19056661979722
A6_A7,1m,229,M1_Q_proxy_scale_p,5.461142650017371,5.391892120867359,0.06925052915001206,A6_A7_test_1m,A6_A7_test_1m,8.419807242163285
A6_A7,1m,230,M1_Q_proxy_scale_p,5.141164376185491,5.179577915797746,0.038413539612255576,A6_A7_test_1m,A6_A7_test_1m,10.64150585634597
A6_A7,1m,231,M1_Q_proxy_scale_p,5.319232243757981,5.38354271749042,0.06431047373243892,A6_A7_test_1m,A6_A7_test_1m,9.449680464659295
A6_A7,1m,232,M1_Q_proxy_scale_p,4.92147761124831,5.169525591745174,0.24804798049686383,A6_A7_test_1m,A6_A7_test_1m,6.995973625591142
A6_A7,1m,233,M1_Q_proxy_scale_p,5.459875510289119,5.549551488341193,0.08967597805207461,A6_A7_test_1m,A6_A7_test_1m,8.546258996300388
A6_A7,1m,234,M1_Q_proxy_scale_p,5.89896035194397,5.461844119728919,0.43711623221505036,A6_A7_test_1m,A6_A7_test_1m,7.327821090209412
A6_A7,1m,235,M1_Q_proxy_scale_p,5.202117608143733,5.409964940341523,0.20784733219779028,A6_A7_test_1m,A6_A7_test_1m,9.596064478972945
A6_A7,1m,236,M1_Q_proxy_scale_p,5.195189402653621,5.293478354289779,0.09828895163615847,A6_A7_test_1m,A6_A7_test_1m,7.414145548852198
A6_A7,1m,237,M1_Q_proxy_scale_p,5.716134273088896,5.410322877461832,0.30581139562706383,A6_A7_test_1m,A6_A7_test_1m,7.447506311967938
A6_A7,1m,238,M1_Q_proxy_scale_p,5.81378096800584,5.499213738374743,0.3145672296310975,A6_A7_test_1m,A6_A7_test_1m,10.20343103715567
A6_A7,1m,239,M1_Q_proxy_scale_p,4.748776215773362,5.108006777593657,0.35923056182029445,A6_A7_test_1m,A6_A7_test_1m,8.04618838410507
A6_A7,1m,240,M1_Q_proxy_scale_p,4.957890822337224,4.961035797487327,0.0031449751501027023,A6_A7_test_1m,A6_A7_test_1m,9.280678014475482
A6_A7,1m,241,M1_Q_proxy_scale_p,5.62933349609375,5.49536215735225,0.13397133874149958,A6_A7_test_1m,A6_A7_test_1m,9.618668439002905
A6_A7,1m,242,M1_Q_proxy_scale_p,5.148434042930603,5.299994458152761,0.1515604152221579,A6_A7_test_1m,A6_A7_test_1m,6.118232181974324
A6_A7,1m,243,M1_Q_proxy_scale_p,4.883842871739314,5.338407393758498,0.45456452201918385,A6_A7_test_1m,A6_A7_test_1m,8.843049407767678
A6_A7,1m,244,M1_Q_proxy_scale_p,5.041003465652466,5.30751409126131,0.2665106256088441,A6_A7_test_1m,A6_A7_test_1m,8.285499037604689
A6_A7,1m,245,M1_Q_proxy_scale_p,4.897606299473689,5.323311627403728,0.42570532793003935,A6_A7_test_1m,A6_A7_test_1m,9.123367154684745
A6_A7,1m,246,M1_Q_proxy_scale_p,5.2644751622126655,5.23901877501675,0.025456387195915475,A6_A7_test_1m,A6_A7_test_1m,7.460442486750946
A6_A7,1m,247,M1_Q_proxy_scale_p,5.501915564903846,5.464977820203932,0.03693774469991418,A6_A7_test_1m,A6_A7_test_1m,7.906034901906804
A6_A7,1m,248,M1_Q_proxy_scale_p,5.475500913766714,5.386456842071992,0.0890440716947225,A6_A7_test_1m,A6_A7_test_1m,7.3669629277728195
A6_A7,1m,249,M1_Q_proxy_scale_p,5.208934123699482,5.166121693940277,0.04281242975920474,A6_A7_test_1m,A6_A7_test_1m,8.878167147770363
A6_A7,1m,250,M1_Q_proxy_scale_p,5.47858490393712,5.243237734212868,0.2353471697242524,A6_A7_test_1m,A6_A7_test_1m,9.762682150613406
A6_A7,1m,251,M1_Q_proxy_scale_p,5.338760412656344,5.526440736107516,0.18768032345117192,A6_A7_test_1m,A6_A7_test_1m,8.423873920146296
A6_A7,1m,252,M1_Q_proxy_scale_p,4.944269565435556,5.095022841657676,0.15075327622211976,A6_A7_test_1m,A6_A7_test_1m,8.274983110364454
A6_A7,1m,253,M1_Q_proxy_scale_p,4.890296440858108,5.263771082193932,0.3734746413358234,A6_A7_test_1m,A6_A7_test_1m,7.610523780677301
A6_A7,1m,254,M1_Q_proxy_scale_p,5.046159487504226,5.155718095277324,0.10955860777309834,A6_A7_test_1m,A6_A7_test_1m,9.992782914803323
A6_A7,1m,255,M1_Q_proxy_scale_p,5.319039436487051,5.366080081993186,0.04704064550613474,A6_A7_test_1m,A6_A7_test_1m,6.622737857743853
A6_A7,1m,256,M1_Q_proxy_scale_p,5.699696925970224,5.610284716239501,0.08941220973072372,A6_A7_test_1m,A6_A7_test_1m,6.41047594767082
A8_A9,60m,1,M1_Q_proxy_scale_p,3.8517696674053488,5.42986741394151,1.5780977465361614,A8_A9_test_60m,A8_A9_test_60m,9.336461025681805
A8_A9,60m,2,M1_Q_proxy_scale_p,3.535141385518588,5.293674843785419,1.7585334582668306,A8_A9_test_60m,A8_A9_test_60m,9.474291101821734
A8_A9,60m,3,M1_Q_proxy_scale_p,3.6975777057500983,5.355091681390116,1.6575139756400175,A8_A9_test_60m,A8_A9_test_60m,8.411037715758837
A8_A9,60m,4,M1_Q_proxy_scale_p,3.747084856033325,5.333571831430256,1.586486975396931,A8_A9_test_60m,A8_A9_test_60m,9.833427384503441
A8_A9,60m,5,M1_Q_proxy_scale_p,3.976117363342872,5.380230598904377,1.4041132355615047,A8_A9_test_60m,A8_A9_test_60m,7.550217520360392
A8_A9,60m,6,M1_Q_proxy_scale_p,3.496182386691754,5.305637520347995,1.809455133656241,A8_A9_test_60m,A8_A9_test_60m,8.882909842781219
A8_A9,60m,7,M1_Q_proxy_scale_p,4.51767621590541,5.625098649731831,1.1074224338264216,A8_A9_test_60m,A8_A9_test_60m,7.370784841782823
A8_A9,60m,8,M1_Q_proxy_scale_p,4.025382995605469,5.304178609660026,1.278795614054557,A8_A9_test_60m,A8_A9_test_60m,7.50805760957028
A8_A9,60m,9,M1_Q_proxy_scale_p,3.851510653128991,5.379327056763717,1.5278164036347262,A8_A9_test_60m,A8_A9_test_60m,8.740921570209458
A8_A9,60m,10,M1_Q_proxy_scale_p,4.0511001623593845,5.521923165280469,1.470823002921084,A8_A9_test_60m,A8_A9_test_60m,8.564302665730851
A8_A9,60m,11,M1_Q_proxy_scale_p,3.8083887008520274,5.374712678538255,1.5663239776862272,A8_A9_test_60m,A8_A9_test_60m,10.425487859883967
A8_A9,60m,12,M1_Q_proxy_scale_p,3.835879949422983,5.417355403480281,1.5814754540572977,A8_A9_test_60m,A8_A9_test_60m,7.560122622870206
A8_A9,60m,13,M1_Q_proxy_scale_p,3.818448671927819,5.514936554815212,1.6964878828873933,A8_A9_test_60m,A8_A9_test_60m,7.2305417503334395
A8_A9,60m,14,M1_Q_proxy_scale_p,4.010570544462937,5.420758758386177,1.4101882139232398,A8_A9_test_60m,A8_A9_test_60m,7.945068236547537
A8_A9,60m,15,M1_Q_proxy_scale_p,3.6536311369675856,5.302494770603297,1.6488636336357114,A8_A9_test_60m,A8_A9_test_60m,8.967039540505205
A8_A9,60m,16,M1_Q_proxy_scale_p,3.89364271897536,5.430251049844965,1.5366083308696048,A8_A9_test_60m,A8_A9_test_60m,7.179073193163715
A8_A9,60m,17,M1_Q_proxy_scale_p,3.745860860897945,5.328911317855916,1.5830504569579715,A8_A9_test_60m,A8_A9_test_60m,8.995116924960659
A8_A9,60m,18,M1_Q_proxy_scale_p,3.6736345291137695,5.174154590697835,1.5005200615840657,A8_A9_test_60m,A8_A9_test_60m,8.99654755895355
A8_A9,60m,19,M1_Q_proxy_scale_p,3.986793637275696,5.488565091941188,1.5017714546654926,A8_A9_test_60m,A8_A9_test_60m,9.19580498912462
A8_A9,60m,20,M1_Q_proxy_scale_p,3.921114582281846,5.508395319251221,1.587280736969375,A8_A9_test_60m,A8_A9_test_60m,8.942083426140004
A8_A9,60m,21,M1_Q_proxy_scale_p,3.7338699560899,5.419645819319698,1.6857758632297983,A8_A9_test_60m,A8_A9_test_60m,8.353578361395556
A8_A9,60m,22,M1_Q_proxy_scale_p,3.928368907708388,5.380218818535621,1.451849910827233,A8_A9_test_60m,A8_A9_test_60m,9.580874749974795
A8_A9,60m,23,M1_Q_proxy_scale_p,3.73233307324923,5.058106307379303,1.325773234130073,A8_A9_test_60m,A8_A9_test_60m,7.328984826724789
A8_A9,60m,24,M1_Q_proxy_scale_p,3.828185631678655,5.459844128276154,1.6316584965974985,A8_A9_test_60m,A8_A9_test_60m,9.496931469616547
A8_A9,60m,25,M1_Q_proxy_scale_p,3.6098001094964833,5.210186172732778,1.6003860632362943,A8_A9_test_60m,A8_A9_test_60m,8.902150436709764
A8_A9,60m,26,M1_Q_proxy_scale_p,4.52334216924814,5.468671959828098,0.945329790579958,A8_A9_test_60m,A8_A9_test_60m,9.515791163548597
A8_A9,60m,27,M1_Q_proxy_scale_p,3.8328062937809873,5.087967126327252,1.2551608325462644,A8_A9_test_60m,A8_A9_test_60m,10.50250297112377
A8_A9,60m,28,M1_Q_proxy_scale_p,3.4803308156820445,5.353957346647722,1.8736265309656779,A8_A9_test_60m,A8_A9_test_60m,7.914677722733117
A8_A9,60m,29,M1_Q_proxy_scale_p,4.000280343569242,5.548867182804236,1.5485868392349946,A8_A9_test_60m,A8_A9_test_60m,7.4167444686610144
A8_A9,60m,30,M1_Q_proxy_scale_p,3.791948520220243,5.291884467638464,1.4999359474182214,A8_A9_test_60m,A8_A9_test_60m,8.074265535429719
A8_A9,60m,31,M1_Q_proxy_scale_p,3.952471513014573,5.43367442894756,1.481202915932987,A8_A9_test_60m,A8_A9_test_60m,8.980270387340893
A8_A9,60m,32,M1_Q_proxy_scale_p,3.589862640087421,5.159454334798079,1.5695916947106583,A8_A9_test_60m,A8_A9_test_60m,8.261604299084512
A8_A9,60m,33,M1_Q_proxy_scale_p,3.531308650970459,5.200773674473933,1.6694650235034736,A8_A9_test_60m,A8_A9_test_60m,9.35720848434709
A8_A9,60m,34,M1_Q_proxy_scale_p,3.9553150213681736,5.274471344872596,1.3191563235044228,A8_A9_test_60m,A8_A9_test_60m,9.892843308878543
A8_A9,60m,35,M1_Q_proxy_scale_p,3.491188040146461,5.202912814732065,1.7117247745856043,A8_A9_test_60m,A8_A9_test_60m,8.593084948204348
A8_A9,60m,36,M1_Q_proxy_scale_p,3.6330374754392185,5.344353081538626,1.711315606099408,A8_A9_test_60m,A8_A9_test_60m,9.876832917320018
A8_A9,60m,37,M1_Q_proxy_scale_p,3.8820956395222592,5.414153611714098,1.5320579721918386,A8_A9_test_60m,A8_A9_test_60m,9.145782987219693
A8_A9,60m,38,M1_Q_proxy_scale_p,3.9896026299549994,5.487384517223801,1.4977818872688018,A8_A9_test_60m,A8_A9_test_60m,8.627963509441566
A8_A9,60m,39,M1_Q_proxy_scale_p,3.7114682014171896,5.330106273254146,1.6186380718369566,A8_A9_test_60m,A8_A9_test_60m,8.31797058976047
A8_A9,60m,40,M1_Q_proxy_scale_p,3.487669403736408,5.324166789666308,1.8364973859299,A8_A9_test_60m,A8_A9_test_60m,6.828263225875634
A8_A9,60m,41,M1_Q_proxy_scale_p,3.472649060762845,5.367266793256048,1.8946177324932032,A8_A9_test_60m,A8_A9_test_60m,6.3096746460801105
A8_A9,60m,42,M1_Q_proxy_scale_p,4.010781966722929,5.172892057618678,1.162110090895749,A8_A9_test_60m,A8_A9_test_60m,10.143979289826762
A8_A9,60m,43,M1_Q_proxy_scale_p,3.9998620473421536,5.396602533732172,1.3967404863900184,A8_A9_test_60m,A8_A9_test_60m,9.248113166266858
A8_A9,60m,44,M1_Q_proxy_scale_p,3.683179965386024,5.405915601459243,1.7227356360732187,A8_A9_test_60m,A8_A9_test_60m,10.378981060649581
A8_A9,60m,45,M1_Q_proxy_scale_p,3.5566786986130934,5.109448557394902,1.5527698587818088,A8_A9_test_60m,A8_A9_test_60m,9.572404275148415
A8_A9,60m,46,M1_Q_proxy_scale_p,3.7220435234216542,5.255777636975803,1.5337341135541487,A8_A9_test_60m,A8_A9_test_60m,8.081747427408661
A8_A9,60m,47,M1_Q_proxy_scale_p,3.721112709779006,5.334233027576944,1.6131203177979376,A8_A9_test_60m,A8_A9_test_60m,8.268480017544878
A8_A9,60m,48,M1_Q_proxy_scale_p,3.795633004261897,5.458423366662616,1.6627903624007185,A8_A9_test_60m,A8_A9_test_60m,8.93978760230291
A8_A9,60m,49,M1_Q_proxy_scale_p,3.98742308983436,5.322473806892514,1.335050717058154,A8_A9_test_60m,A8_A9_test_60m,7.703630797309201
A8_A9,60m,50,M1_Q_proxy_scale_p,3.5141503444084754,5.206136817736046,1.6919864733275705,A8_A9_test_60m,A8_A9_test_60m,7.3870863127249216
A8_A9,60m,51,M1_Q_proxy_scale_p,3.8121002637423,5.25648015891316,1.4443798951708597,A8_A9_test_60m,A8_A9_test_60m,7.873024312476952
A8_A9,60m,52,M1_Q_proxy_scale_p,4.036764676754292,5.543091792453938,1.5063271156996452,A8_A9_test_60m,A8_A9_test_60m,7.273271194161493
A8_A9,60m,53,M1_Q_proxy_scale_p,3.593762764563927,4.875911938647101,1.2821491740831736,A8_A9_test_60m,A8_A9_test_60m,6.965040981473882
A8_A9,60m,54,M1_Q_proxy_scale_p,3.9291177712954006,5.110469459675468,1.181351688380067,A8_A9_test_60m,A8_A9_test_60m,10.057091244442132
A8_A9,60m,55,M1_Q_proxy_scale_p,3.815370046175443,5.446447049959906,1.6310770037844624,A8_A9_test_60m,A8_A9_test_60m,8.763646981121642
A8_A9,60m,56,M1_Q_proxy_scale_p,3.6355657394115743,5.234991754340846,1.5994260149292714,A8_A9_test_60m,A8_A9_test_60m,8.314394431018458
A8_A9,60m,57,M1_Q_proxy_scale_p,4.346470979543833,5.492457721953928,1.145986742410095,A8_A9_test_60m,A8_A9_test_60m,6.821556719572097
A8_A9,60m,58,M1_Q_proxy_scale_p,3.4814772605896,5.035897225542874,1.5544199649532735,A8_A9_test_60m,A8_A9_test_60m,10.119493870664256
A8_A9,60m,59,M1_Q_proxy_scale_p,3.544405753795917,5.018876931628838,1.4744711778329207,A8_A9_test_60m,A8_A9_test_60m,8.603241527969974
A8_A9,60m,60,M1_Q_proxy_scale_p,3.8489716053009033,5.307310116271659,1.4583385109707558,A8_A9_test_60m,A8_A9_test_60m,8.575859150994724
A8_A9,60m,61,M1_Q_proxy_scale_p,4.072615751853356,5.4614085620180965,1.3887928101647402,A8_A9_test_60m,A8_A9_test_60m,4.4587185443335375
A8_A9,60m,62,M1_Q_proxy_scale_p,3.736805072197547,5.457303765722435,1.7204986935248883,A8_A9_test_60m,A8_A9_test_60m,8.085106708575404
A8_A9,60m,63,M1_Q_proxy_scale_p,4.265139267994807,5.360849621911461,1.0957103539166537,A8_A9_test_60m,A8_A9_test_60m,8.144377897129988
A8_A9,60m,64,M1_Q_proxy_scale_p,3.545279539548434,5.2903676717831445,1.7450881322347107,A8_A9_test_60m,A8_A9_test_60m,5.944088871195419
A8_A9,60m,65,M1_Q_proxy_scale_p,3.880960391117976,5.448779933546092,1.5678195424281158,A8_A9_test_60m,A8_A9_test_60m,4.439447433178935
A8_A9,60m,66,M1_Q_proxy_scale_p,4.252322765497061,5.322571331285469,1.0702485657884084,A8_A9_test_60m,A8_A9_test_60m,9.599664918844852
A8_A9,60m,67,M1_Q_proxy_scale_p,4.332634650743925,5.46540871972209,1.132774068978165,A8_A9_test_60m,A8_A9_test_60m,7.865518626232566
A8_A9,60m,68,M1_Q_proxy_scale_p,3.471749874261709,5.3270756233444505,1.8553257490827417,A8_A9_test_60m,A8_A9_test_60m,7.635856680834623
A8_A9,60m,69,M1_Q_proxy_scale_p,3.6408189810239353,5.166751146224213,1.5259321652002775,A8_A9_test_60m,A8_A9_test_60m,8.417547572378245
A8_A9,60m,70,M1_Q_proxy_scale_p,3.8522486136509824,5.385164590707841,1.532915977056859,A8_A9_test_60m,A8_A9_test_60m,7.960736143019803
A8_A9,60m,71,M1_Q_proxy_scale_p,3.8086358858988834,5.289368584577202,1.480732698678319,A8_A9_test_60m,A8_A9_test_60m,8.67563983851448
A8_A9,60m,72,M1_Q_proxy_scale_p,3.9089009211613583,5.3820652042609645,1.4731642830996061,A8_A9_test_60m,A8_A9_test_60m,9.279272078151083
A8_A9,60m,73,M1_Q_proxy_scale_p,3.974696287742028,5.374292106895344,1.3995958191533155,A8_A9_test_60m,A8_A9_test_60m,7.702271713386957
A8_A9,60m,74,M1_Q_proxy_scale_p,4.132767347189096,5.506879715770351,1.3741123685812546,A8_A9_test_60m,A8_A9_test_60m,7.822744819657641
A8_A9,60m,75,M1_Q_proxy_scale_p,3.692255946306082,5.110575133382947,1.4183191870768654,A8_A9_test_60m,A8_A9_test_60m,11.496597230620791
A8_A9,60m,76,M1_Q_proxy_scale_p,3.5244153096125674,5.340016130183821,1.815600820571254,A8_A9_test_60m,A8_A9_test_60m,6.009988331305019
A8_A9,60m,77,M1_Q_proxy_scale_p,4.122740873923669,5.381084354531037,1.2583434806073681,A8_A9_test_60m,A8_A9_test_60m,6.916328708549879
A8_A9,60m,78,M1_Q_proxy_scale_p,3.7407119549237766,5.211735328178376,1.4710233732545994,A8_A9_test_60m,A8_A9_test_60m,10.523775558317384
A8_A9,60m,79,M1_Q_proxy_scale_p,4.322127452263465,5.599405625398602,1.2772781731351373,A8_A9_test_60m,A8_A9_test_60m,7.173469700304079
A8_A9,60m,80,M1_Q_proxy_scale_p,3.985917604886569,5.426493830585281,1.4405762256987122,A8_A9_test_60m,A8_A9_test_60m,7.776023924243253
A8_A9,60m,81,M1_Q_proxy_scale_p,3.587507523023165,5.249095606445054,1.661588083421889,A8_A9_test_60m,A8_A9_test_60m,8.35465013692605
A8_A9,60m,82,M1_Q_proxy_scale_p,3.6867511364129872,5.374151633200678,1.6874004967876908,A8_A9_test_60m,A8_A9_test_60m,8.766795424121991
A8_A9,60m,83,M1_Q_proxy_scale_p,3.774580882145808,5.376866850443757,1.6022859682979491,A8_A9_test_60m,A8_A9_test_60m,9.781994693615351
A8_A9,60m,84,M1_Q_proxy_scale_p,3.641198974389297,5.377008729640756,1.7358097552514589,A8_A9_test_60m,A8_A9_test_60m,7.67847846123871
A8_A9,60m,85,M1_Q_proxy_scale_p,4.032860379952651,5.429467279932243,1.3966068999795924,A8_A9_test_60m,A8_A9_test_60m,7.9091354063048565
A8_A9,60m,86,M1_Q_proxy_scale_p,3.985370525946984,5.552038697925614,1.56666817197863,A8_A9_test_60m,A8_A9_test_60m,8.682117970776837
A8_A9,60m,87,M1_Q_proxy_scale_p,4.9417715806227465,5.632173719392482,0.6904021387697359,A8_A9_test_60m,A8_A9_test_60m,6.93211724808312
A8_A9,60m,88,M1_Q_proxy_scale_p,3.900594830513001,5.304450410891738,1.4038555803787367,A8_A9_test_60m,A8_A9_test_60m,7.095597086231902
A8_A9,60m,89,M1_Q_proxy_scale_p,3.725365675412692,5.338038885136495,1.6126732097238028,A8_A9_test_60m,A8_A9_test_60m,9.928175435434673
A8_A9,60m,90,M1_Q_proxy_scale_p,3.672991991043091,5.382237145905362,1.7092451548622716,A8_A9_test_60m,A8_A9_test_60m,9.058702261220379
A8_A9,60m,91,M1_Q_proxy_scale_p,3.714325721447284,5.294677535668462,1.5803518142211779,A8_A9_test_60m,A8_A9_test_60m,8.54908058976944
A8_A9,60m,92,M1_Q_proxy_scale_p,3.6817013300382175,5.383405588850711,1.7017042588124935,A8_A9_test_60m,A8_A9_test_60m,8.687071835292139
A8_A9,60m,93,M1_Q_proxy_scale_p,3.9557971312449527,4.998289706522043,1.0424925752770906,A8_A9_test_60m,A8_A9_test_60m,10.308020529642322
A8_A9,60m,94,M1_Q_proxy_scale_p,3.953624633642344,5.436593533382029,1.4829688997396855,A8_A9_test_60m,A8_A9_test_60m,10.045595792733211
A8_A9,60m,95,M1_Q_proxy_scale_p,3.789031028747559,5.288736131515689,1.49970510276813,A8_A9_test_60m,A8_A9_test_60m,7.282150117267247
A8_A9,60m,96,M1_Q_proxy_scale_p,3.855214687494131,5.276716323116011,1.4215016356218797,A8_A9_test_60m,A8_A9_test_60m,8.98412885735337
A8_A9,60m,97,M1_Q_proxy_scale_p,4.108679881462684,5.399544536691241,1.2908646552285576,A8_A9_test_60m,A8_A9_test_60m,9.16792543375082
A8_A9,60m,98,M1_Q_proxy_scale_p,3.7424087707812967,5.159939232878518,1.4175304620972211,A8_A9_test_60m,A8_A9_test_60m,7.801938488442635
A8_A9,60m,99,M1_Q_proxy_scale_p,3.812870979309082,5.1380453691546775,1.3251743898455954,A8_A9_test_60m,A8_A9_test_60m,8.77116929687357
A8_A9,60m,100,M1_Q_proxy_scale_p,3.768987252162053,5.2103665211136185,1.4413792689515654,A8_A9_test_60m,A8_A9_test_60m,10.112057796095845
A8_A9,60m,101,M1_Q_proxy_scale_p,4.178329962950486,5.345492237899965,1.1671622749494786,A8_A9_test_60m,A8_A9_test_60m,8.629635146998552
A8_A9,60m,102,M1_Q_proxy_scale_p,3.867125015992385,5.488466480143263,1.6213414641508779,A8_A9_test_60m,A8_A9_test_60m,9.829541019301871
A8_A9,60m,103,M1_Q_proxy_scale_p,3.916417360305786,5.279524963345289,1.363107603039503,A8_A9_test_60m,A8_A9_test_60m,8.829555974450793
A8_A9,60m,104,M1_Q_proxy_scale_p,3.653308199002193,5.492778102112563,1.8394699031103703,A8_A9_test_60m,A8_A9_test_60m,8.70698499484894
A8_A9,60m,105,M1_Q_proxy_scale_p,3.771743297576904,5.458907663761486,1.6871643661845819,A8_A9_test_60m,A8_A9_test_60m,7.181642826742222
A8_A9,60m,106,M1_Q_proxy_scale_p,3.946311969023484,5.268344494595234,1.3220325255717502,A8_A9_test_60m,A8_A9_test_60m,8.382228938012299
A8_A9,60m,107,M1_Q_proxy_scale_p,3.6469135192724376,5.43567492252032,1.7887614032478827,A8_A9_test_60m,A8_A9_test_60m,9.61289139867578
A8_A9,60m,108,M1_Q_proxy_scale_p,3.727438816657433,5.399990038836506,1.6725512221790733,A8_A9_test_60m,A8_A9_test_60m,6.381299816594559
A8_A9,60m,109,M1_Q_proxy_scale_p,3.960403882540189,5.382339244705931,1.4219353621657422,A8_A9_test_60m,A8_A9_test_60m,7.312025324481769
A8_A9,60m,110,M1_Q_proxy_scale_p,3.8622882457879872,5.206987272571534,1.3446990267835468,A8_A9_test_60m,A8_A9_test_60m,9.793540125040842
A8_A9,60m,111,M1_Q_proxy_scale_p,3.8817020379579983,5.36408914115648,1.4823871031984819,A8_A9_test_60m,A8_A9_test_60m,9.27836531879382
A8_A9,60m,112,M1_Q_proxy_scale_p,3.730443312571599,5.149596834593499,1.4191535220219,A8_A9_test_60m,A8_A9_test_60m,9.552797056063094
A8_A9,60m,113,M1_Q_proxy_scale_p,3.612603407639724,5.460735292986314,1.8481318853465898,A8_A9_test_60m,A8_A9_test_60m,8.514487827192065
A8_A9,60m,114,M1_Q_proxy_scale_p,3.597884233181293,5.117662723357895,1.5197784901766016,A8_A9_test_60m,A8_A9_test_60m,9.580379597855433
A8_A9,60m,115,M1_Q_proxy_scale_p,3.7760184361384463,5.474953894611324,1.6989354584728775,A8_A9_test_60m,A8_A9_test_60m,6.379354784388034
A8_A9,60m,116,M1_Q_proxy_scale_p,3.814143125827496,5.3193867907408405,1.5052436649133445,A8_A9_test_60m,A8_A9_test_60m,9.808052760261836
A8_A9,60m,117,M1_Q_proxy_scale_p,3.928957407291119,5.301532555930256,1.3725751486391373,A8_A9_test_60m,A8_A9_test_60m,7.731751499454572
A8_A9,60m,118,M1_Q_proxy_scale_p,4.136897508914654,5.462941155189869,1.326043646275215,A8_A9_test_60m,A8_A9_test_60m,7.2692900856643226
A8_A9,60m,119,M1_Q_proxy_scale_p,3.5129338869681725,5.212113881014336,1.6991799940461632,A8_A9_test_60m,A8_A9_test_60m,8.020945286618058
A8_A9,60m,120,M1_Q_proxy_scale_p,3.837407992436336,5.422035301574531,1.5846273091381948,A8_A9_test_60m,A8_A9_test_60m,8.224449964108087
A8_A9,60m,121,M1_Q_proxy_scale_p,3.866949686637291,5.377963184764142,1.511013498126851,A8_A9_test_60m,A8_A9_test_60m,8.982542122333012
A8_A9,60m,122,M1_Q_proxy_scale_p,3.603101601967445,5.177342346267379,1.5742407442999338,A8_A9_test_60m,A8_A9_test_60m,9.210016085422826
A8_A9,60m,123,M1_Q_proxy_scale_p,3.9023352769704966,5.304741427913476,1.4024061509429795,A8_A9_test_60m,A8_A9_test_60m,9.065160267650924
A8_A9,60m,124,M1_Q_proxy_scale_p,3.848479756942162,5.157707226285731,1.3092274693435688,A8_A9_test_60m,A8_A9_test_60m,10.023962562585517
A8_A9,60m,125,M1_Q_proxy_scale_p,3.615976682076088,5.312428741758234,1.6964520596821462,A8_A9_test_60m,A8_A9_test_60m,8.536591906646146
A8_A9,60m,126,M1_Q_proxy_scale_p,3.6746405271383433,5.400622118089566,1.7259815909512226,A8_A9_test_60m,A8_A9_test_60m,8.998573201405494
A8_A9,60m,127,M1_Q_proxy_scale_p,3.77904565517719,5.202821563059913,1.4237759078827228,A8_A9_test_60m,A8_A9_test_60m,7.839497661048624
A8_A9,60m,128,M1_Q_proxy_scale_p,3.570678234100342,5.196590518569715,1.625912284469373,A8_A9_test_60m,A8_A9_test_60m,8.002605194229305
A8_A9,60m,129,M1_Q_proxy_scale_p,3.890173545250526,5.483444091071201,1.5932705458206748,A8_A9_test_60m,A8_A9_test_60m,8.767788703562548
A8_A9,60m,130,M1_Q_proxy_scale_p,3.607477536568275,5.122986795167166,1.515509258598891,A8_A9_test_60m,A8_A9_test_60m,8.250705383241765
A8_A9,60m,131,M1_Q_proxy_scale_p,3.660531016496512,5.282616108270905,1.6220850917743932,A8_A9_test_60m,A8_A9_test_60m,9.07239885536733
A8_A9,60m,132,M1_Q_proxy_scale_p,3.755847738339351,5.36373561568306,1.607887877343709,A8_A9_test_60m,A8_A9_test_60m,7.389743442519156
A8_A9,60m,133,M1_Q_proxy_scale_p,3.6148468255996704,5.064773910308526,1.4499270847088557,A8_A9_test_60m,A8_A9_test_60m,9.278117544667532
A8_A9,60m,134,M1_Q_proxy_scale_p,3.948196851290189,5.34149240897924,1.3932955576890516,A8_A9_test_60m,A8_A9_test_60m,9.546631129140605
A8_A9,60m,135,M1_Q_proxy_scale_p,4.25965980383066,5.645958604094133,1.3862988002634733,A8_A9_test_60m,A8_A9_test_60m,4.265812685254273
A8_A9,60m,136,M1_Q_proxy_scale_p,4.012937289017898,5.4343446716607735,1.421407382642876,A8_A9_test_60m,A8_A9_test_60m,7.531728252598074
A8_A9,60m,137,M1_Q_proxy_scale_p,3.7768317002516527,5.438485758194909,1.661654057943256,A8_A9_test_60m,A8_A9_test_60m,9.871251654857573
A8_A9,60m,138,M1_Q_proxy_scale_p,4.100774379876944,5.547255433278104,1.4464810534011603,A8_A9_test_60m,A8_A9_test_60m,4.312104365599671
A8_A9,60m,139,M1_Q_proxy_scale_p,4.305909285178552,5.584399467551396,1.2784901823728445,A8_A9_test_60m,A8_A9_test_60m,9.838331582479988
A8_A9,60m,140,M1_Q_proxy_scale_p,3.7063923615675702,5.048870979624093,1.3424786180565227,A8_A9_test_60m,A8_A9_test_60m,7.5244519742265545
A8_A9,60m,141,M1_Q_proxy_scale_p,3.9241505769582896,5.466927526076452,1.5427769491181622,A8_A9_test_60m,A8_A9_test_60m,9.388038289284383
A8_A9,60m,142,M1_Q_proxy_scale_p,3.752855484302228,5.382424738024322,1.629569253722094,A8_A9_test_60m,A8_A9_test_60m,8.829666718743635
A8_A9,60m,143,M1_Q_proxy_scale_p,3.5172098783346324,5.024964900531752,1.5077550221971197,A8_A9_test_60m,A8_A9_test_60m,8.445380458934947
A8_A9,60m,144,M1_Q_proxy_scale_p,3.866101384162903,5.358956662659751,1.4928552784968483,A8_A9_test_60m,A8_A9_test_60m,8.731348703693781
A8_A9,60m,145,M1_Q_proxy_scale_p,3.7117647849596462,5.3957401767461874,1.6839753917865412,A8_A9_test_60m,A8_A9_test_60m,7.607666280688194
A8_A9,60m,146,M1_Q_proxy_scale_p,4.060513707307669,4.83088688925046,0.7703731819427917,A8_A9_test_60m,A8_A9_test_60m,11.170453113288133
A8_A9,60m,147,M1_Q_proxy_scale_p,3.83463414815756,5.252510371168523,1.4178762230109627,A8_A9_test_60m,A8_A9_test_60m,9.933294224059889
A8_A9,60m,148,M1_Q_proxy_scale_p,3.7881136123950654,5.176203563862936,1.3880899514678706,A8_A9_test_60m,A8_A9_test_60m,10.3469849024348
A8_A9,60m,149,M1_Q_proxy_scale_p,3.9071736427453847,5.509214123371411,1.6020404806260262,A8_A9_test_60m,A8_A9_test_60m,8.031552230532517
A8_A9,60m,150,M1_Q_proxy_scale_p,3.882493936098539,5.329033529447981,1.4465395933494425,A8_A9_test_60m,A8_A9_test_60m,9.513521006290677
A8_A9,60m,151,M1_Q_proxy_scale_p,3.6868716203249416,5.365614829466903,1.6787432091419614,A8_A9_test_60m,A8_A9_test_60m,8.92750821445832
A8_A9,60m,152,M1_Q_proxy_scale_p,3.554682584909292,5.111429986130598,1.556747401221306,A8_A9_test_60m,A8_A9_test_60m,9.050279731297021
A8_A9,60m,153,M1_Q_proxy_scale_p,3.6115563282599816,5.088400774873449,1.4768444466134674,A8_A9_test_60m,A8_A9_test_60m,9.370376983592024
A8_A9,60m,154,M1_Q_proxy_scale_p,3.708408630811251,5.421517710421451,1.7131090796102,A8_A9_test_60m,A8_A9_test_60m,8.96345575776612
A8_A9,60m,155,M1_Q_proxy_scale_p,3.5387800198334918,5.390670082610743,1.8518900627772514,A8_A9_test_60m,A8_A9_test_60m,7.65674833084773
A8_A9,60m,156,M1_Q_proxy_scale_p,3.794059973496658,5.514689325761759,1.7206293522651008,A8_A9_test_60m,A8_A9_test_60m,7.431089189217958
A8_A9,60m,157,M1_Q_proxy_scale_p,3.6939790615668655,5.310333112130408,1.6163540505635425,A8_A9_test_60m,A8_A9_test_60m,8.596041704986431
A8_A9,60m,158,M1_Q_proxy_scale_p,3.809880742659936,5.424243736351077,1.6143629936911408,A8_A9_test_60m,A8_A9_test_60m,8.131318599937321
A8_A9,60m,159,M1_Q_proxy_scale_p,4.096861582535964,5.463411793047726,1.366550210511762,A8_A9_test_60m,A8_A9_test_60m,9.52199692491437
A8_A9,60m,160,M1_Q_proxy_scale_p,3.73585228736584,5.232242369648775,1.496390082282935,A8_A9_test_60m,A8_A9_test_60m,9.16455509624711
A8_A9,60m,161,M1_Q_proxy_scale_p,3.874891794644869,5.149380167267244,1.2744883726223755,A8_A9_test_60m,A8_A9_test_60m,9.669137789010463
A8_A9,60m,162,M1_Q_proxy_scale_p,3.8448636623529286,5.522802966925738,1.6779393045728095,A8_A9_test_60m,A8_A9_test_60m,9.266705679227329
A8_A9,60m,163,M1_Q_proxy_scale_p,3.676275317485516,5.26820180895134,1.591926491465824,A8_A9_test_60m,A8_A9_test_60m,8.824070985152629
A8_A9,60m,164,M1_Q_proxy_scale_p,3.590802495296185,5.19756358871622,1.6067610934200354,A8_A9_test_60m,A8_A9_test_60m,7.783395515415212
A8_A9,60m,165,M1_Q_proxy_scale_p,3.582403274682852,5.061376804258786,1.478973529575934,A8_A9_test_60m,A8_A9_test_60m,8.628178296032402
A8_A9,60m,166,M1_Q_proxy_scale_p,3.829378549869244,5.401684576849811,1.5723060269805669,A8_A9_test_60m,A8_A9_test_60m,9.163641169637138
A8_A9,60m,167,M1_Q_proxy_scale_p,3.8095065630399274,5.142193648634484,1.3326870855945563,A8_A9_test_60m,A8_A9_test_60m,9.514490785683307
A8_A9,60m,168,M1_Q_proxy_scale_p,3.7210366909320536,5.296807867892898,1.5757711769608447,A8_A9_test_60m,A8_A9_test_60m,9.518811504206024
A8_A9,60m,169,M1_Q_proxy_scale_p,3.767973863161527,5.23108883212098,1.4631149689594527,A8_A9_test_60m,A8_A9_test_60m,8.134746984379607
A8_A9,60m,170,M1_Q_proxy_scale_p,3.764651555281419,5.286737235655351,1.522085680373932,A8_A9_test_60m,A8_A9_test_60m,9.666962537040826
A8_A9,60m,171,M1_Q_proxy_scale_p,3.804078744007991,5.281722249637162,1.477643505629171,A8_A9_test_60m,A8_A9_test_60m,8.779080400528954
A8_A9,60m,172,M1_Q_proxy_scale_p,3.452861584149874,5.280269897973765,1.827408313823891,A8_A9_test_60m,A8_A9_test_60m,8.755080733127086
A8_A9,60m,173,M1_Q_proxy_scale_p,3.737874984741211,5.536404639808646,1.7985296550674352,A8_A9_test_60m,A8_A9_test_60m,8.077906638564464
A8_A9,60m,174,M1_Q_proxy_scale_p,3.887841673997732,5.49334421085339,1.6055025368556581,A8_A9_test_60m,A8_A9_test_60m,8.462242655707085
A8_A9,60m,175,M1_Q_proxy_scale_p,3.917629507871775,5.506543587820237,1.5889140799484616,A8_A9_test_60m,A8_A9_test_60m,7.366979921664421
A8_A9,60m,176,M1_Q_proxy_scale_p,3.57160405929272,5.183463704803709,1.6118596455109895,A8_A9_test_60m,A8_A9_test_60m,8.174682083988856
A8_A9,60m,177,M1_Q_proxy_scale_p,3.853797637499296,5.472005370050677,1.6182077325513813,A8_A9_test_60m,A8_A9_test_60m,9.353107944013978
A8_A9,60m,178,M1_Q_proxy_scale_p,3.6695265769958496,5.270007126980358,1.6004805499845087,A8_A9_test_60m,A8_A9_test_60m,8.293182896525623
A8_A9,60m,179,M1_Q_proxy_scale_p,3.700124126214248,5.340554291568868,1.6404301653546196,A8_A9_test_60m,A8_A9_test_60m,7.467499849634619
A8_A9,60m,180,M1_Q_proxy_scale_p,4.098448294859666,5.514660869455986,1.4162125745963206,A8_A9_test_60m,A8_A9_test_60m,7.03114944379818
A8_A9,60m,181,M1_Q_proxy_scale_p,3.8129103917341967,5.169770410451706,1.3568600187175095,A8_A9_test_60m,A8_A9_test_60m,9.570979388679302
A8_A9,60m,182,M1_Q_proxy_scale_p,3.7027198718144345,5.346672781520097,1.6439529097056629,A8_A9_test_60m,A8_A9_test_60m,7.723081368211411
A8_A9,60m,183,M1_Q_proxy_scale_p,3.957926475084745,5.5703418900633,1.6124154149785555,A8_A9_test_60m,A8_A9_test_60m,6.05978194396325
A8_A9,60m,184,M1_Q_proxy_scale_p,3.802668644831731,5.162157614177275,1.359488969345544,A8_A9_test_60m,A8_A9_test_60m,9.001748560967572
A8_A9,60m,185,M1_Q_proxy_scale_p,4.054521358930147,5.466154541130264,1.4116331822001165,A8_A9_test_60m,A8_A9_test_60m,7.438745560130397
A8_A9,60m,186,M1_Q_proxy_scale_p,4.024204914386456,5.507579599892695,1.4833746855062397,A8_A9_test_60m,A8_A9_test_60m,5.6233801397284475
A8_A9,60m,187,M1_Q_proxy_scale_p,3.8589374468876767,5.381656111268232,1.5227186643805557,A8_A9_test_60m,A8_A9_test_60m,8.378241048432999
A8_A9,60m,188,M1_Q_proxy_scale_p,3.5756070613861084,5.265470304421486,1.6898632430353775,A8_A9_test_60m,A8_A9_test_60m,8.820468950411907
A8_A9,60m,189,M1_Q_proxy_scale_p,3.886023374704214,5.417618210035698,1.531594835331484,A8_A9_test_60m,A8_A9_test_60m,7.873421261147012
A8_A9,60m,190,M1_Q_proxy_scale_p,3.6874592304229736,5.0842966867826185,1.3968374563596448,A8_A9_test_60m,A8_A9_test_60m,8.667387114385741
A8_A9,60m,191,M1_Q_proxy_scale_p,3.9413101306328406,5.442608741180535,1.501298610547694,A8_A9_test_60m,A8_A9_test_60m,8.76085420947533
A8_A9,60m,192,M1_Q_proxy_scale_p,3.49213052712954,4.905523844354299,1.413393317224759,A8_A9_test_60m,A8_A9_test_60m,7.679847340039204
A8_A9,60m,193,M1_Q_proxy_scale_p,3.988500723472008,5.422510522540393,1.4340097990683853,A8_A9_test_60m,A8_A9_test_60m,8.503872791470561
A8_A9,60m,194,M1_Q_proxy_scale_p,3.90186410683852,5.435203172801696,1.533339065963176,A8_A9_test_60m,A8_A9_test_60m,5.860873098178421
A8_A9,60m,195,M1_Q_proxy_scale_p,3.758896772678082,5.006174400779821,1.2472776281017386,A8_A9_test_60m,A8_A9_test_60m,10.521412432629761
A8_A9,60m,196,M1_Q_proxy_scale_p,3.841763377189636,5.229356094161788,1.387592716972152,A8_A9_test_60m,A8_A9_test_60m,10.2814403629118
A8_A9,60m,197,M1_Q_proxy_scale_p,3.956094301663912,5.3105464578337,1.3544521561697884,A8_A9_test_60m,A8_A9_test_60m,9.993165341065604
A8_A9,60m,198,M1_Q_proxy_scale_p,4.024665905879094,5.540369073100033,1.5157031672209387,A8_A9_test_60m,A8_A9_test_60m,6.463220199107604
A8_A9,60m,199,M1_Q_proxy_scale_p,3.478434911141029,5.098595693432255,1.6201607822912263,A8_A9_test_60m,A8_A9_test_60m,7.487038640812547
A8_A9,60m,200,M1_Q_proxy_scale_p,3.600207989032452,5.187694737957873,1.587486748925421,A8_A9_test_60m,A8_A9_test_60m,8.123487755750006
A8_A9,60m,201,M1_Q_proxy_scale_p,3.820918468328623,5.5391985567061175,1.7182800883774947,A8_A9_test_60m,A8_A9_test_60m,9.12551346720106
A8_A9,60m,202,M1_Q_proxy_scale_p,4.130558710831862,5.360609482211209,1.2300507713793465,A8_A9_test_60m,A8_A9_test_60m,7.040396785913687
A8_A9,60m,203,M1_Q_proxy_scale_p,3.623501108242915,5.161904020866438,1.538402912623523,A8_A9_test_60m,A8_A9_test_60m,8.579111538609736
A8_A9,60m,204,M1_Q_proxy_scale_p,3.5280830401640677,5.374219031340271,1.8461359911762032,A8_A9_test_60m,A8_A9_test_60m,7.057949199494063
A8_A9,60m,205,M1_Q_proxy_scale_p,3.811831960311303,5.444542125852585,1.6327101655412815,A8_A9_test_60m,A8_A9_test_60m,7.530934427376836
A8_A9,60m,206,M1_Q_proxy_scale_p,3.7758293885451097,5.191381723872071,1.4155523353269617,A8_A9_test_60m,A8_A9_test_60m,8.826367128693011
A8_A9,60m,207,M1_Q_proxy_scale_p,3.7110812664031982,5.565934425588959,1.8548531591857609,A8_A9_test_60m,A8_A9_test_60m,7.091252226492415
A8_A9,60m,208,M1_Q_proxy_scale_p,4.100145028187678,5.484476364563795,1.3843313363761167,A8_A9_test_60m,A8_A9_test_60m,7.265270602068325
A8_A9,60m,209,M1_Q_proxy_scale_p,3.871746448370127,5.357046558299843,1.485300109929716,A8_A9_test_60m,A8_A9_test_60m,8.482659090590728
A8_A9,60m,210,M1_Q_proxy_scale_p,3.7084686205937314,5.339576447470244,1.6311078268765127,A8_A9_test_60m,A8_A9_test_60m,8.796154795526187
A8_A9,60m,211,M1_Q_proxy_scale_p,3.7856003871330848,5.081398722906252,1.2957983357731675,A8_A9_test_60m,A8_A9_test_60m,9.391235920892166
A8_A9,60m,212,M1_Q_proxy_scale_p,3.77112707724938,5.474760104995544,1.7036330277461635,A8_A9_test_60m,A8_A9_test_60m,8.901608540373958
A8_A9,60m,213,M1_Q_proxy_scale_p,4.290385869833139,5.430480566083909,1.1400946962507694,A8_A9_test_60m,A8_A9_test_60m,6.0849667243144925
A8_A9,60m,214,M1_Q_proxy_scale_p,3.7944410214057336,5.484921042781003,1.690480021375269,A8_A9_test_60m,A8_A9_test_60m,8.252581274781685
A8_A9,60m,215,M1_Q_proxy_scale_p,4.103272841526912,5.484523649657136,1.3812508081302246,A8_A9_test_60m,A8_A9_test_60m,8.289731105746931
A8_A9,60m,216,M1_Q_proxy_scale_p,4.2124140446002665,5.517054745616442,1.3046407010161758,A8_A9_test_60m,A8_A9_test_60m,9.910421555283504
A8_A9,60m,217,M1_Q_proxy_scale_p,3.9720353346604567,5.392299806789055,1.420264472128598,A8_A9_test_60m,A8_A9_test_60m,9.181295080896376
A8_A9,60m,218,M1_Q_proxy_scale_p,4.362709907385019,5.467571099875381,1.104861192490362,A8_A9_test_60m,A8_A9_test_60m,8.770404563190297
A8_A9,60m,219,M1_Q_proxy_scale_p,3.44262762253101,5.368714246620751,1.926086624089741,A8_A9_test_60m,A8_A9_test_60m,8.27552324197131
A8_A9,60m,220,M1_Q_proxy_scale_p,3.807428268285898,5.2642257281796585,1.4567974598937603,A8_A9_test_60m,A8_A9_test_60m,8.012115057778042
A8_A9,60m,221,M1_Q_proxy_scale_p,3.8140864739051232,5.224559927551637,1.4104734536465133,A8_A9_test_60m,A8_A9_test_60m,10.059245668366502
A8_A9,60m,222,M1_Q_proxy_scale_p,3.7926635283690233,5.395463193327998,1.602799664958975,A8_A9_test_60m,A8_A9_test_60m,10.17131697746096
A8_A9,60m,223,M1_Q_proxy_scale_p,3.965152126092178,5.387781213520567,1.4226290874283891,A8_A9_test_60m,A8_A9_test_60m,8.664661797592133
A8_A9,60m,224,M1_Q_proxy_scale_p,4.039348638974703,5.16529340550208,1.1259447665273772,A8_A9_test_60m,A8_A9_test_60m,8.927148484274857
A8_A9,60m,225,M1_Q_proxy_scale_p,3.612400119121258,5.26336445408262,1.6509643349613619,A8_A9_test_60m,A8_A9_test_60m,9.869913938817646
A8_A9,60m,226,M1_Q_proxy_scale_p,3.4943402913900523,5.296862737020006,1.8025224456299536,A8_A9_test_60m,A8_A9_test_60m,8.81829236640125
A8_A9,60m,227,M1_Q_proxy_scale_p,4.001542632396404,5.511073294866893,1.509530662470489,A8_A9_test_60m,A8_A9_test_60m,8.30478931025153
A8_A9,60m,228,M1_Q_proxy_scale_p,3.9004869827857385,5.502433005311681,1.6019460225259423,A8_A9_test_60m,A8_A9_test_60m,6.19056661979722
A8_A9,60m,229,M1_Q_proxy_scale_p,3.951046118369469,5.391892120867359,1.44084600249789,A8_A9_test_60m,A8_A9_test_60m,8.419807242163285
A8_A9,60m,230,M1_Q_proxy_scale_p,3.77346264399015,5.179577915797746,1.4061152718075962,A8_A9_test_60m,A8_A9_test_60m,10.64150585634597
A8_A9,60m,231,M1_Q_proxy_scale_p,3.765969606546255,5.38354271749042,1.6175731109441651,A8_A9_test_60m,A8_A9_test_60m,9.449680464659295
A8_A9,60m,232,M1_Q_proxy_scale_p,3.60424305842473,5.169525591745174,1.565282533320444,A8_A9_test_60m,A8_A9_test_60m,6.995973625591142
A8_A9,60m,233,M1_Q_proxy_scale_p,3.908458581337562,5.549551488341193,1.6410929070036313,A8_A9_test_60m,A8_A9_test_60m,8.546258996300388
A8_A9,60m,234,M1_Q_proxy_scale_p,4.292688644849337,5.461844119728919,1.1691554748795827,A8_A9_test_60m,A8_A9_test_60m,7.327821090209412
A8_A9,60m,235,M1_Q_proxy_scale_p,3.7696188871677103,5.409964940341523,1.640346053173813,A8_A9_test_60m,A8_A9_test_60m,9.596064478972945
A8_A9,60m,236,M1_Q_proxy_scale_p,3.7924403869188743,5.293478354289779,1.501037967370905,A8_A9_test_60m,A8_A9_test_60m,7.414145548852198
A8_A9,60m,237,M1_Q_proxy_scale_p,4.106463899979224,5.410322877461832,1.3038589774826077,A8_A9_test_60m,A8_A9_test_60m,7.447506311967938
A8_A9,60m,238,M1_Q_proxy_scale_p,4.26254784143888,5.499213738374743,1.2366658969358628,A8_A9_test_60m,A8_A9_test_60m,10.20343103715567
A8_A9,60m,239,M1_Q_proxy_scale_p,3.450591444969177,5.108006777593657,1.6574153326244798,A8_A9_test_60m,A8_A9_test_60m,8.04618838410507
A8_A9,60m,240,M1_Q_proxy_scale_p,3.605923139131986,4.961035797487327,1.3551126583553406,A8_A9_test_60m,A8_A9_test_60m,9.280678014475482
A8_A9,60m,241,M1_Q_proxy_scale_p,4.0380394367071295,5.49536215735225,1.457322720645121,A8_A9_test_60m,A8_A9_test_60m,9.618668439002905
A8_A9,60m,242,M1_Q_proxy_scale_p,3.7682379942673903,5.299994458152761,1.5317564638853707,A8_A9_test_60m,A8_A9_test_60m,6.118232181974324
A8_A9,60m,243,M1_Q_proxy_scale_p,3.5302089636142435,5.338407393758498,1.8081984301442544,A8_A9_test_60m,A8_A9_test_60m,8.843049407767678
A8_A9,60m,244,M1_Q_proxy_scale_p,3.570804009070763,5.30751409126131,1.7367100821905468,A8_A9_test_60m,A8_A9_test_60m,8.285499037604689
A8_A9,60m,245,M1_Q_proxy_scale_p,3.526940694222084,5.323311627403728,1.7963709331816444,A8_A9_test_60m,A8_A9_test_60m,9.123367154684745
A8_A9,60m,246,M1_Q_proxy_scale_p,3.79582939698146,5.23901877501675,1.44318937803529,A8_A9_test_60m,A8_A9_test_60m,7.460442486750946
A8_A9,60m,247,M1_Q_proxy_scale_p,3.911018885098971,5.464977820203932,1.5539589351049607,A8_A9_test_60m,A8_A9_test_60m,7.906034901906804
A8_A9,60m,248,M1_Q_proxy_scale_p,3.911881373478816,5.386456842071992,1.4745754685931756,A8_A9_test_60m,A8_A9_test_60m,7.3669629277728195
A8_A9,60m,249,M1_Q_proxy_scale_p,3.7244341465143056,5.166121693940277,1.4416875474259716,A8_A9_test_60m,A8_A9_test_60m,8.878167147770363
A8_A9,60m,250,M1_Q_proxy_scale_p,4.07816101037539,5.243237734212868,1.165076723837478,A8_A9_test_60m,A8_A9_test_60m,9.762682150613406
A8_A9,60m,251,M1_Q_proxy_scale_p,3.837748582546528,5.526440736107516,1.6886921535609885,A8_A9_test_60m,A8_A9_test_60m,8.423873920146296
A8_A9,60m,252,M1_Q_proxy_scale_p,3.5872572660446167,5.095022841657677,1.5077655756130603,A8_A9_test_60m,A8_A9_test_60m,8.274983110364454
A8_A9,60m,253,M1_Q_proxy_scale_p,3.563312347118671,5.263771082193932,1.700458735075261,A8_A9_test_60m,A8_A9_test_60m,7.610523780677301
A8_A9,60m,254,M1_Q_proxy_scale_p,3.653720222986661,5.155718095277324,1.501997872290663,A8_A9_test_60m,A8_A9_test_60m,9.992782914803323
A8_A9,60m,255,M1_Q_proxy_scale_p,3.829012852448684,5.366080081993186,1.5370672295445016,A8_A9_test_60m,A8_A9_test_60m,6.622737857743853
A8_A9,60m,256,M1_Q_proxy_scale_p,4.086858556820796,5.610284716239501,1.5234261594187046,A8_A9_test_60m,A8_A9_test_60m,6.41047594767082
A10_A11,1b,0,M1_Q_proxy_scale_p,2.268910171230769,5.500394383806445,3.231484212575676,A10_A11_test_1b,A10_A11_test_1b,7.881942897976044
A10_A11,1b,1,M1_Q_proxy_scale_p,2.2202228678461537,5.347823210082442,3.1276003422362884,A10_A11_test_1b,A10_A11_test_1b,7.4604263811942
A10_A11,1b,2,M1_Q_proxy_scale_p,2.158954113923077,5.451588232823686,3.292634118900609,A10_A11_test_1b,A10_A11_test_1b,7.108425092887221
A10_A11,1b,3,M1_Q_proxy_scale_p,2.2978220733846157,5.404853439771913,3.1070313663872975,A10_A11_test_1b,A10_A11_test_1b,9.241079110010006
A10_A11,1b,4,M1_Q_proxy_scale_p,2.259644238769231,5.433853411256534,3.174209172487303,A10_A11_test_1b,A10_A11_test_1b,8.80808507085128
A10_A11,1b,5,M1_Q_proxy_scale_p,2.250573700384616,5.494011553126806,3.2434378527421903,A10_A11_test_1b,A10_A11_test_1b,8.33284458388107
A10_A11,1b,6,M1_Q_proxy_scale_p,2.1365596063076926,5.137091813084871,3.0005322067771787,A10_A11_test_1b,A10_A11_test_1b,6.209122130699214
A10_A11,1b,7,M1_Q_proxy_scale_p,2.2200372773846158,5.490977671723909,3.2709403943392936,A10_A11_test_1b,A10_A11_test_1b,8.721193540738579
A10_A11,1b,8,M1_Q_proxy_scale_p,2.211698407846154,5.481294336621163,3.269595928775009,A10_A11_test_1b,A10_A11_test_1b,8.738804513893683
A10_A11,1b,9,M1_Q_proxy_scale_p,2.182831441846154,5.52403892848737,3.3412074866412156,A10_A11_test_1b,A10_A11_test_1b,5.744217541348702
A10_A11,1b,10,M1_Q_proxy_scale_p,2.2403361748461537,5.482177301379358,3.2418411265332043,A10_A11_test_1b,A10_A11_test_1b,6.655934456661025
A10_A11,1b,11,M1_Q_proxy_scale_p,2.249554406846154,5.480612081738132,3.2310576748919777,A10_A11_test_1b,A10_A11_test_1b,9.13609082790056
A10_A11,1b,12,M1_Q_proxy_scale_p,2.1134832436153848,5.273079651335308,3.1595964077199237,A10_A11_test_1b,A10_A11_test_1b,9.177150377555629
A10_A11,1b,13,M1_Q_proxy_scale_p,2.301508649846154,5.271223487134176,2.9697148372880218,A10_A11_test_1b,A10_A11_test_1b,8.20835770469521
A10_A11,1b,14,M1_Q_proxy_scale_p,2.2374433647692302,5.406214614085522,3.168771249316292,A10_A11_test_1b,A10_A11_test_1b,9.226304516531366
A10_A11,1b,15,M1_Q_proxy_scale_p,2.200567332384615,5.514546393882143,3.313979061497528,A10_A11_test_1b,A10_A11_test_1b,7.8833064664601595
A10_A11,1b,16,M1_Q_proxy_scale_p,2.269338471769231,5.4201580993898615,3.1508196276206304,A10_A11_test_1b,A10_A11_test_1b,8.228307225574087
A10_A11,1b,17,M1_Q_proxy_scale_p,2.2269126127692305,4.896694159403848,2.669781546634617,A10_A11_test_1b,A10_A11_test_1b,5.172374406700457
A10_A11,1b,18,M1_Q_proxy_scale_p,2.2847994710769237,5.456141817471665,3.1713423463947414,A10_A11_test_1b,A10_A11_test_1b,8.281466146869878
A10_A11,1b,19,M1_Q_proxy_scale_p,2.200563970615385,5.380879554955014,3.180315584339629,A10_A11_test_1b,A10_A11_test_1b,6.988830373803748
A10_A11,1b,20,M1_Q_proxy_scale_p,2.1784147224615387,5.390710078442772,3.212295355981233,A10_A11_test_1b,A10_A11_test_1b,4.560591596523456
A10_A11,1b,21,M1_Q_proxy_scale_p,2.149851227,5.334461613070102,3.1846103860701023,A10_A11_test_1b,A10_A11_test_1b,7.613926084579967
A10_A11,1b,22,M1_Q_proxy_scale_p,2.2783338171538463,5.50852872762339,3.2301949104695438,A10_A11_test_1b,A10_A11_test_1b,8.627616795783837
A10_A11,1b,23,M1_Q_proxy_scale_p,2.2616511383846154,5.498526599430985,3.2368754610463695,A10_A11_test_1b,A10_A11_test_1b,7.453429290619849
A10_A11,1b,24,M1_Q_proxy_scale_p,2.2326221901538457,5.486736839316322,3.254114649162476,A10_A11_test_1b,A10_A11_test_1b,6.81885575009303
A10_A11,1b,25,M1_Q_proxy_scale_p,2.229065296769231,5.4544855113844175,3.2254202146151867,A10_A11_test_1b,A10_A11_test_1b,6.749007652994245
A10_A11,1b,26,M1_Q_proxy_scale_p,2.212113792,5.431760769309946,3.2196469773099463,A10_A11_test_1b,A10_A11_test_1b,7.417859891108791
A10_A11,1b,27,M1_Q_proxy_scale_p,2.2114889487692304,5.395731581619703,3.1842426328504727,A10_A11_test_1b,A10_A11_test_1b,9.395047754016428
A10_A11,1b,28,M1_Q_proxy_scale_p,2.2115665394615385,5.484020295697492,3.272453756235954,A10_A11_test_1b,A10_A11_test_1b,8.07341047339645
A10_A11,1b,29,M1_Q_proxy_scale_p,2.1808748666923075,4.980496225612494,2.799621358920186,A10_A11_test_1b,A10_A11_test_1b,8.439016829559499
A10_A11,1b,30,M1_Q_proxy_scale_p,2.230228607384616,5.458678418187843,3.2284498108032276,A10_A11_test_1b,A10_A11_test_1b,8.483142302456441
A10_A11,1b,31,M1_Q_proxy_scale_p,2.2045516753076924,5.488904278513794,3.2843526032061017,A10_A11_test_1b,A10_A11_test_1b,8.66254941401634
A10_A11,1b,32,M1_Q_proxy_scale_p,2.2179513809230764,5.412974391819031,3.1950230108959543,A10_A11_test_1b,A10_A11_test_1b,8.199963664927042
A10_A11,1b,33,M1_Q_proxy_scale_p,2.2848637036153843,5.462463069582023,3.177599365966639,A10_A11_test_1b,A10_A11_test_1b,7.3236881720900096
A10_A11,1b,34,M1_Q_proxy_scale_p,2.2607303840769237,5.498023399449634,3.2372930153727104,A10_A11_test_1b,A10_A11_test_1b,8.888213310296964
A10_A11,1b,35,M1_Q_proxy_scale_p,2.259474341615385,5.493390633774235,3.23391629215885,A10_A11_test_1b,A10_A11_test_1b,3.5288252062516143
A10_A11,1b,36,M1_Q_proxy_scale_p,2.444239974538461,4.9903897345881925,2.5461497600497314,A10_A11_test_1b,A10_A11_test_1b,8.737587572600296
A10_A11,1b,37,M1_Q_proxy_scale_p,2.260743969153846,5.29173571260704,3.0309917434531943,A10_A11_test_1b,A10_A11_test_1b,5.580068695496021
A10_A11,1b,38,M1_Q_proxy_scale_p,2.291458922769231,5.501812622488071,3.21035369971884,A10_A11_test_1b,A10_A11_test_1b,8.108961242551018
A10_A11,1b,39,M1_Q_proxy_scale_p,2.182367508076923,5.354365641005878,3.1719981329289553,A10_A11_test_1b,A10_A11_test_1b,7.349369656914662
A10_A11,1b,40,M1_Q_proxy_scale_p,2.2950587230769237,5.544082026161629,3.249023303084705,A10_A11_test_1b,A10_A11_test_1b,8.111176095741229
A10_A11,1b,41,M1_Q_proxy_scale_p,2.2760151351538465,5.533159852177265,3.2571447170234187,A10_A11_test_1b,A10_A11_test_1b,7.820991529624145
A10_A11,1b,42,M1_Q_proxy_scale_p,2.1902820931538463,5.473518395839274,3.2832363026854274,A10_A11_test_1b,A10_A11_test_1b,8.399980948053196
A10_A11,1b,43,M1_Q_proxy_scale_p,2.259092208923077,5.491281913950349,3.232189705027272,A10_A11_test_1b,A10_A11_test_1b,9.037416513620183
A10_A11,1b,44,M1_Q_proxy_scale_p,2.196005157692308,5.382420809784945,3.1864156520926366,A10_A11_test_1b,A10_A11_test_1b,8.091645176113058
A10_A11,1b,45,M1_Q_proxy_scale_p,2.111309207076923,5.143579832377796,3.032270625300873,A10_A11_test_1b,A10_A11_test_1b,8.668900736124511
A10_A11,1b,46,M1_Q_proxy_scale_p,2.208471379769231,5.493931680577625,3.2854603008083942,A10_A11_test_1b,A10_A11_test_1b,7.834337901331942
A10_A11,1b,47,M1_Q_proxy_scale_p,2.173961432692308,5.480868179049453,3.3069067463571447,A10_A11_test_1b,A10_A11_test_1b,9.14779451254469
A10_A11,1b,48,M1_Q_proxy_scale_p,2.235983221076923,5.489229960707889,3.253246739630966,A10_A11_test_1b,A10_A11_test_1b,8.680844925055403
A10_A11,1b,49,M1_Q_proxy_scale_p,2.202063035692308,5.3384214117011295,3.1363583760088214,A10_A11_test_1b,A10_A11_test_1b,6.863132373058419
A10_A11,1b,50,M1_Q_proxy_scale_p,2.187208932769231,5.35844688651506,3.1712379537458295,A10_A11_test_1b,A10_A11_test_1b,9.470892416557314
A10_A11,1b,51,M1_Q_proxy_scale_p,2.151937621846154,5.384464275718576,3.2325266538724224,A10_A11_test_1b,A10_A11_test_1b,7.281754287038014
A10_A11,1b,52,M1_Q_proxy_scale_p,2.2681441679230767,5.567362670132142,3.299218502209065,A10_A11_test_1b,A10_A11_test_1b,6.241845428671267
A10_A11,1b,53,M1_Q_proxy_scale_p,2.187429321615385,5.487342869853665,3.2999135482382798,A10_A11_test_1b,A10_A11_test_1b,8.382225205465657
A10_A11,1b,54,M1_Q_proxy_scale_p,2.227650901846154,5.460983159411887,3.233332257565733,A10_A11_test_1b,A10_A11_test_1b,7.048786247095701
A10_A11,1b,55,M1_Q_proxy_scale_p,2.2585364458461545,5.49497480498998,3.236438359143825,A10_A11_test_1b,A10_A11_test_1b,8.298170716922963
A10_A11,1b,56,M1_Q_proxy_scale_p,2.252677299846154,5.468325487682455,3.2156481878363015,A10_A11_test_1b,A10_A11_test_1b,7.445926581203548
A10_A11,1b,57,M1_Q_proxy_scale_p,2.197322574153846,5.215166186156139,3.0178436120022933,A10_A11_test_1b,A10_A11_test_1b,8.20475977455866
A10_A11,1b,58,M1_Q_proxy_scale_p,2.209680951538461,5.522435385275244,3.3127544337367834,A10_A11_test_1b,A10_A11_test_1b,7.2643227807052595
A10_A11,1b,59,M1_Q_proxy_scale_p,2.166673793,5.121279236206833,2.954605443206833,A10_A11_test_1b,A10_A11_test_1b,8.897392041099117
A10_A11,1b,60,M1_Q_proxy_scale_p,2.184510765692308,5.5160952552816935,3.3315844895893854,A10_A11_test_1b,A10_A11_test_1b,7.988335680681465
A10_A11,1b,61,M1_Q_proxy_scale_p,2.2594306072307697,5.533050273747259,3.273619666516489,A10_A11_test_1b,A10_A11_test_1b,7.855357805867056
A10_A11,1b,62,M1_Q_proxy_scale_p,2.2119779854615382,5.370290860506644,3.158312875045106,A10_A11_test_1b,A10_A11_test_1b,7.712584621881762
A10_A11,1b,63,M1_Q_proxy_scale_p,2.2107204720000007,5.346965205779506,3.1362447337795056,A10_A11_test_1b,A10_A11_test_1b,9.21185092066153
A12_A13,10b,1,M1_Q_proxy_scale_p,1.7115076923076924,5.4030507320594685,3.6915430397517763,A12_A13_est_10b,A12_A13_est_10b,0.0
A12_A13,10b,2,M1_Q_proxy_scale_p,1.718530769230769,5.127337970775908,3.408807201545139,A12_A13_est_10b,A12_A13_est_10b,0.0
A12_A13,10b,3,M1_Q_proxy_scale_p,1.8022153846153848,5.536228473143619,3.734013088528234,A12_A13_est_10b,A12_A13_est_10b,0.0
A12_A13,10b,4,M1_Q_proxy_scale_p,1.8228307692307693,5.442178815850432,3.6193480466196624,A12_A13_est_10b,A12_A13_est_10b,0.0
A12_A13,10b,5,M1_Q_proxy_scale_p,1.9229615384615388,5.324420686976599,3.4014591485150603,A12_A13_est_10b,A12_A13_est_10b,0.0
A12_A13,10b,6,M1_Q_proxy_scale_p,1.654623076923077,5.398617780138001,3.7439947032149243,A12_A13_est_10b,A12_A13_est_10b,0.0
A12_A13,10b,7,M1_Q_proxy_scale_p,1.9834153846153848,5.35647366681251,3.3730582821971256,A12_A13_est_10b,A12_A13_est_10b,0.0
A12_A13,10b,8,M1_Q_proxy_scale_p,1.738023076923077,5.471421887954629,3.7333988110315524,A12_A13_est_10b,A12_A13_est_10b,0.0
A12_A13,10b,9,M1_Q_proxy_scale_p,1.6371,5.4905462756256815,3.8534462756256813,A12_A13_est_10b,A12_A13_est_10b,0.0
A12_A13,10b,10,M1_Q_proxy_scale_p,1.8495230769230768,5.447441125762766,3.597918048839689,A12_A13_est_10b,A12_A13_est_10b,0.0
A12_A13,10b,11,M1_Q_proxy_scale_p,1.7043076923076923,5.633689485005215,3.929381792697523,A12_A13_est_10b,A12_A13_est_10b,0.0
A12_A13,10b,12,M1_Q_proxy_scale_p,1.6439384615384611,5.39958410061206,3.755645639073599,A12_A13_est_10b,A12_A13_est_10b,0.0
A12_A13,10b,13,M1_Q_proxy_scale_p,1.8157230769230768,5.495542674282575,3.679819597359498,A12_A13_est_10b,A12_A13_est_10b,0.0
A12_A13,10b,14,M1_Q_proxy_scale_p,1.9477384615384612,5.044904207486474,3.097165745948013,A12_A13_est_10b,A12_A13_est_10b,0.0
A12_A13,10b,15,M1_Q_proxy_scale_p,1.8105615384615383,5.309620950869294,3.499059412407756,A12_A13_est_10b,A12_A13_est_10b,0.0
A12_A13,10b,16,M1_Q_proxy_scale_p,1.9567230769230768,4.993317374295709,3.0365942973726323,A12_A13_est_10b,A12_A13_est_10b,0.0
A12_A13,10b,17,M1_Q_proxy_scale_p,1.8412,5.447817039474391,3.6066170394743917,A12_A13_est_10b,A12_A13_est_10b,0.0
A12_A13,10b,18,M1_Q_proxy_scale_p,1.9124230769230768,5.17396505218968,3.2615419752666033,A12_A13_est_10b,A12_A13_est_10b,0.0
A12_A13,10b,19,M1_Q_proxy_scale_p,1.899384615384616,5.272832561692054,3.3734479463074383,A12_A13_est_10b,A12_A13_est_10b,0.0
A12_A13,10b,20,M1_Q_proxy_scale_p,1.804807692307692,5.336039609905266,3.5312319175975744,A12_A13_est_10b,A12_A13_est_10b,0.0
A12_A13,10b,21,M1_Q_proxy_scale_p,1.7212615384615384,5.363275583804548,3.642014045343009,A12_A13_est_10b,A12_A13_est_10b,0.0
A12_A13,10b,22,M1_Q_proxy_scale_p,1.8810307692307693,5.21800882142201,3.3369780521912404,A12_A13_est_10b,A12_A13_est_10b,0.0
A12_A13,10b,23,M1_Q_proxy_scale_p,1.831015384615385,5.199039221981592,3.3680238373662075,A12_A13_est_10b,A12_A13_est_10b,0.0
A12_A13,10b,24,M1_Q_proxy_scale_p,1.7026692307692306,5.559371165158392,3.8567019343891618,A12_A13_est_10b,A12_A13_est_10b,0.0
A12_A13,10b,25,M1_Q_proxy_scale_p,1.7796076923076924,5.371870590280521,3.5922628979728284,A12_A13_est_10b,A12_A13_est_10b,0.0
A12_A13,10b,26,M1_Q_proxy_scale_p,1.9114461538461545,5.498937908337599,3.5874917544914444,A12_A13_est_10b,A12_A13_est_10b,0.0
A12_A13,10b,27,M1_Q_proxy_scale_p,1.861076923076923,5.312801033024235,3.451724109947312,A12_A13_est_10b,A12_A13_est_10b,0.0
A12_A13,10b,28,M1_Q_proxy_scale_p,1.7525384615384614,5.093943932028546,3.341405470490085,A12_A13_est_10b,A12_A13_est_10b,0.0
A12_A13,10b,29,M1_Q_proxy_scale_p,1.6738307692307697,5.370318198747115,3.6964874295163455,A12_A13_est_10b,A12_A13_est_10b,0.0
A12_A13,10b,30,M1_Q_proxy_scale_p,1.766946153846154,5.398163470559679,3.6312173167135247,A12_A13_est_10b,A12_A13_est_10b,0.0
A12_A13,10b,31,M1_Q_proxy_scale_p,1.820169230769231,5.321467956291239,3.501298725522008,A12_A13_est_10b,A12_A13_est_10b,0.0
A12_A13,10b,32,M1_Q_proxy_scale_p,1.598,5.649330795469319,4.051330795469319,A12_A13_est_10b,A12_A13_est_10b,0.0
A12_A13,10b,33,M1_Q_proxy_scale_p,1.7194153846153846,5.426777220161755,3.7073618355463704,A12_A13_est_10b,A12_A13_est_10b,0.0
A12_A13,10b,34,M1_Q_proxy_scale_p,1.8206615384615383,5.434351202280819,3.613689663819281,A12_A13_est_10b,A12_A13_est_10b,0.0
A12_A13,10b,35,M1_Q_proxy_scale_p,1.782907692307692,5.145221822446851,3.3623141301391595,A12_A13_est_10b,A12_A13_est_10b,0.0
A12_A13,10b,36,M1_Q_proxy_scale_p,1.9867230769230768,5.346106545534948,3.359383468611871,A12_A13_est_10b,A12_A13_est_10b,0.0
A12_A13,10b,37,M1_Q_proxy_scale_p,1.911807692307692,5.255748143507513,3.343940451199821,A12_A13_est_10b,A12_A13_est_10b,0.0
A12_A13,10b,38,M1_Q_proxy_scale_p,1.856107692307692,5.405816269036898,3.5497085767292065,A12_A13_est_10b,A12_A13_est_10b,0.0
A12_A13,10b,39,M1_Q_proxy_scale_p,1.8007307692307692,5.226265974298635,3.425535205067866,A12_A13_est_10b,A12_A13_est_10b,0.0
A12_A13,10b,40,M1_Q_proxy_scale_p,1.782646153846154,5.577138736489764,3.79449258264361,A12_A13_est_10b,A12_A13_est_10b,0.0
A12_A13,10b,41,M1_Q_proxy_scale_p,1.796930769230769,5.470791015787759,3.67386024655699,A12_A13_est_10b,A12_A13_est_10b,0.0
A12_A13,10b,42,M1_Q_proxy_scale_p,1.8521923076923077,5.19231448177254,3.340122174080232,A12_A13_est_10b,A12_A13_est_10b,0.0
A12_A13,10b,43,M1_Q_proxy_scale_p,1.914153846153846,5.237217906059727,3.3230640599058807,A12_A13_est_10b,A12_A13_est_10b,0.0
A12_A13,10b,44,M1_Q_proxy_scale_p,1.7903,5.419051066459828,3.628751066459828,A12_A13_est_10b,A12_A13_est_10b,0.0
A12_A13,10b,45,M1_Q_proxy_scale_p,1.6108692307692312,5.524902670139446,3.9140334393702148,A12_A13_est_10b,A12_A13_est_10b,0.0
A12_A13,10b,46,M1_Q_proxy_scale_p,1.850523076923077,5.317238630905065,3.466715553981988,A12_A13_est_10b,A12_A13_est_10b,0.0
A12_A13,10b,47,M1_Q_proxy_scale_p,1.6495769230769228,5.302694330895463,3.6531174078185398,A12_A13_est_10b,A12_A13_est_10b,0.0
A12_A13,10b,48,M1_Q_proxy_scale_p,1.791553846153846,5.4273288518814375,3.6357750057275915,A12_A13_est_10b,A12_A13_est_10b,0.0
A12_A13,10b,49,M1_Q_proxy_scale_p,1.7416461538461538,5.5601375376532,3.8184913838070464,A12_A13_est_10b,A12_A13_est_10b,0.0
A12_A13,10b,50,M1_Q_proxy_scale_p,1.7364769230769228,5.22378529932638,3.487308376249457,A12_A13_est_10b,A12_A13_est_10b,0.0
A12_A13,10b,51,M1_Q_proxy_scale_p,1.6761076923076923,5.523869354048623,3.8477616617409307,A12_A13_est_10b,A12_A13_est_10b,0.0
A12_A13,10b,52,M1_Q_proxy_scale_p,1.9167615384615384,5.511634865779091,3.5948733273175524,A12_A13_est_10b,A12_A13_est_10b,0.0
A12_A13,10b,53,M1_Q_proxy_scale_p,1.6852461538461538,5.556075700405326,3.8708295465591718,A12_A13_est_10b,A12_A13_est_10b,0.0
A12_A13,10b,54,M1_Q_proxy_scale_p,1.8305307692307693,5.4827635243082415,3.6522327550774722,A12_A13_est_10b,A12_A13_est_10b,0.0
A12_A13,10b,55,M1_Q_proxy_scale_p,1.8313230769230768,5.485544391026796,3.6542213141037188,A12_A13_est_10b,A12_A13_est_10b,0.0
A12_A13,10b,56,M1_Q_proxy_scale_p,1.8824615384615384,5.187249748301604,3.3047882098400656,A12_A13_est_10b,A12_A13_est_10b,0.0
A12_A13,10b,57,M1_Q_proxy_scale_p,1.7857384615384613,5.43501484823669,3.6492763866982285,A12_A13_est_10b,A12_A13_est_10b,0.0
A12_A13,10b,58,M1_Q_proxy_scale_p,1.702676923076923,5.49179033830597,3.789113415229047,A12_A13_est_10b,A12_A13_est_10b,0.0
A12_A13,10b,59,M1_Q_proxy_scale_p,1.6271923076923078,5.449099395729967,3.8219070880376593,A12_A13_est_10b,A12_A13_est_10b,0.0
A12_A13,10b,60,M1_Q_proxy_scale_p,1.7722615384615388,5.373303809497433,3.601042271035894,A12_A13_est_10b,A12_A13_est_10b,0.0
A12_A13,10b,61,M1_Q_proxy_scale_p,1.922492307692307,5.252375465445025,3.329883157752718,A12_A13_est_10b,A12_A13_est_10b,0.0
A12_A13,10b,62,M1_Q_proxy_scale_p,1.8331846153846152,5.340777307550534,3.507592692165918,A12_A13_est_10b,A12_A13_est_10b,0.0
A12_A13,10b,63,M1_Q_proxy_scale_p,1.9015846153846157,5.301837057806576,3.4002524424219605,A12_A13_est_10b,A12_A13_est_10b,0.0
A14_A15,70b,1,M1_Q_proxy_scale_p,1.3061538461538462,5.4030507320594685,4.096896885905622,A14_A15_est_70b,A14_A15_est_70b,0.0
A14_A15,70b,2,M1_Q_proxy_scale_p,1.3529692307692307,5.127337970775908,3.7743687400066777,A14_A15_est_70b,A14_A15_est_70b,0.0
A14_A15,70b,3,M1_Q_proxy_scale_p,1.4120307692307692,5.536228473143619,4.1241977039128495,A14_A15_est_70b,A14_A15_est_70b,0.0
A14_A15,70b,4,M1_Q_proxy_scale_p,1.4423230769230768,5.442178815850432,3.999855738927355,A14_A15_est_70b,A14_A15_est_70b,0.0
A14_A15,70b,5,M1_Q_proxy_scale_p,1.5518307692307696,5.324420686976599,3.7725899177458295,A14_A15_est_70b,A14_A15_est_70b,0.0
A14_A15,70b,6,M1_Q_proxy_scale_p,1.2822384615384617,5.398617780138001,4.11637931859954,A14_A15_est_70b,A14_A15_est_70b,0.0
A14_A15,70b,7,M1_Q_proxy_scale_p,1.5931923076923076,5.35647366681251,3.763281359120203,A14_A15_est_70b,A14_A15_est_70b,0.0
A14_A15,70b,8,M1_Q_proxy_scale_p,1.3274461538461535,5.471421887954629,4.1439757341084755,A14_A15_est_70b,A14_A15_est_70b,0.0
A14_A15,70b,9,M1_Q_proxy_scale_p,1.2251307692307694,5.4905462756256815,4.265415506394913,A14_A15_est_70b,A14_A15_est_70b,0.0
A14_A15,70b,10,M1_Q_proxy_scale_p,1.455723076923077,5.447441125762766,3.9917180488396893,A14_A15_est_70b,A14_A15_est_70b,0.0
A14_A15,70b,11,M1_Q_proxy_scale_p,1.2944384615384616,5.633689485005215,4.339251023466753,A14_A15_est_70b,A14_A15_est_70b,0.0
A14_A15,70b,12,M1_Q_proxy_scale_p,1.248923076923077,5.39958410061206,4.150661023688983,A14_A15_est_70b,A14_A15_est_70b,0.0
A14_A15,70b,13,M1_Q_proxy_scale_p,1.4180692307692306,5.495542674282575,4.077473443513345,A14_A15_est_70b,A14_A15_est_70b,0.0
A14_A15,70b,14,M1_Q_proxy_scale_p,1.583992307692308,5.044904207486474,3.460911899794166,A14_A15_est_70b,A14_A15_est_70b,0.0
A14_A15,70b,15,M1_Q_proxy_scale_p,1.4487384615384615,5.309620950869294,3.860882489330833,A14_A15_est_70b,A14_A15_est_70b,0.0
A14_A15,70b,16,M1_Q_proxy_scale_p,1.5975076923076923,4.993317374295709,3.395809681988017,A14_A15_est_70b,A14_A15_est_70b,0.0
A14_A15,70b,17,M1_Q_proxy_scale_p,1.4732923076923077,5.447817039474391,3.9745247317820835,A14_A15_est_70b,A14_A15_est_70b,0.0
A14_A15,70b,18,M1_Q_proxy_scale_p,1.556346153846154,5.17396505218968,3.617618898343526,A14_A15_est_70b,A14_A15_est_70b,0.0
A14_A15,70b,19,M1_Q_proxy_scale_p,1.5334846153846156,5.272832561692054,3.739347946307438,A14_A15_est_70b,A14_A15_est_70b,0.0
A14_A15,70b,20,M1_Q_proxy_scale_p,1.4248692307692308,5.336039609905266,3.9111703791360357,A14_A15_est_70b,A14_A15_est_70b,0.0
A14_A15,70b,21,M1_Q_proxy_scale_p,1.3425153846153846,5.363275583804548,4.020760199189163,A14_A15_est_70b,A14_A15_est_70b,0.0
A14_A15,70b,22,M1_Q_proxy_scale_p,1.495884615384615,5.21800882142201,3.7221242060373947,A14_A15_est_70b,A14_A15_est_70b,0.0
A14_A15,70b,23,M1_Q_proxy_scale_p,1.453323076923077,5.199039221981592,3.7457161450585152,A14_A15_est_70b,A14_A15_est_70b,0.0
A14_A15,70b,24,M1_Q_proxy_scale_p,1.294607692307692,5.559371165158392,4.2647634728507,A14_A15_est_70b,A14_A15_est_70b,0.0
A14_A15,70b,25,M1_Q_proxy_scale_p,1.406853846153846,5.371870590280521,3.965016744126675,A14_A15_est_70b,A14_A15_est_70b,0.0
A14_A15,70b,26,M1_Q_proxy_scale_p,1.5043230769230769,5.498937908337599,3.9946148314145216,A14_A15_est_70b,A14_A15_est_70b,0.0
A14_A15,70b,27,M1_Q_proxy_scale_p,1.494876923076923,5.312801033024235,3.8179241099473122,A14_A15_est_70b,A14_A15_est_70b,0.0
A14_A15,70b,28,M1_Q_proxy_scale_p,1.3880461538461537,5.093943932028546,3.7058977781823925,A14_A15_est_70b,A14_A15_est_70b,0.0
A14_A15,70b,29,M1_Q_proxy_scale_p,1.2589,5.370318198747115,4.111418198747115,A14_A15_est_70b,A14_A15_est_70b,0.0
A14_A15,70b,30,M1_Q_proxy_scale_p,1.376053846153846,5.398163470559679,4.022109624405832,A14_A15_est_70b,A14_A15_est_70b,0.0
A14_A15,70b,31,M1_Q_proxy_scale_p,1.435346153846154,5.321467956291239,3.886121802445085,A14_A15_est_70b,A14_A15_est_70b,0.0
A14_A15,70b,32,M1_Q_proxy_scale_p,1.190292307692308,5.649330795469319,4.459038487777011,A14_A15_est_70b,A14_A15_est_70b,0.0
A14_A15,70b,33,M1_Q_proxy_scale_p,1.3266692307692307,5.426777220161755,4.100107989392525,A14_A15_est_70b,A14_A15_est_70b,0.0
A14_A15,70b,34,M1_Q_proxy_scale_p,1.4226461538461537,5.434351202280819,4.011705048434665,A14_A15_est_70b,A14_A15_est_70b,0.0
A14_A15,70b,35,M1_Q_proxy_scale_p,1.4142,5.145221822446851,3.731021822446851,A14_A15_est_70b,A14_A15_est_70b,0.0
A14_A15,70b,36,M1_Q_proxy_scale_p,1.6167,5.346106545534948,3.729406545534948,A14_A15_est_70b,A14_A15_est_70b,0.0
A14_A15,70b,37,M1_Q_proxy_scale_p,1.543053846153846,5.255748143507513,3.712694297353667,A14_A15_est_70b,A14_A15_est_70b,0.0
A14_A15,70b,38,M1_Q_proxy_scale_p,1.456723076923077,5.405816269036898,3.9490931921138213,A14_A15_est_70b,A14_A15_est_70b,0.0
A14_A15,70b,39,M1_Q_proxy_scale_p,1.4358076923076923,5.226265974298635,3.7904582819909427,A14_A15_est_70b,A14_A15_est_70b,0.0
A14_A15,70b,40,M1_Q_proxy_scale_p,1.4061538461538463,5.577138736489764,4.170984890335918,A14_A15_est_70b,A14_A15_est_70b,0.0
A14_A15,70b,41,M1_Q_proxy_scale_p,1.4296692307692307,5.470791015787759,4.041121785018528,A14_A15_est_70b,A14_A15_est_70b,0.0
A14_A15,70b,42,M1_Q_proxy_scale_p,1.4742769230769233,5.19231448177254,3.7180375586956167,A14_A15_est_70b,A14_A15_est_70b,0.0
A14_A15,70b,43,M1_Q_proxy_scale_p,1.5365076923076926,5.237217906059727,3.7007102137520347,A14_A15_est_70b,A14_A15_est_70b,0.0
A14_A15,70b,44,M1_Q_proxy_scale_p,1.4217923076923076,5.419051066459828,3.997258758767521,A14_A15_est_70b,A14_A15_est_70b,0.0
A14_A15,70b,45,M1_Q_proxy_scale_p,1.2298076923076922,5.524902670139446,4.295094977831754,A14_A15_est_70b,A14_A15_est_70b,0.0
A14_A15,70b,46,M1_Q_proxy_scale_p,1.4916692307692307,5.317238630905065,3.825569400135834,A14_A15_est_70b,A14_A15_est_70b,0.0
A14_A15,70b,47,M1_Q_proxy_scale_p,1.2510076923076925,5.302694330895463,4.05168663858777,A14_A15_est_70b,A14_A15_est_70b,0.0
A14_A15,70b,48,M1_Q_proxy_scale_p,1.4048538461538462,5.4273288518814375,4.022475005727591,A14_A15_est_70b,A14_A15_est_70b,0.0
A14_A15,70b,49,M1_Q_proxy_scale_p,1.336684615384615,5.5601375376532,4.223452922268585,A14_A15_est_70b,A14_A15_est_70b,0.0
A14_A15,70b,50,M1_Q_proxy_scale_p,1.3706769230769231,5.22378529932638,3.853108376249457,A14_A15_est_70b,A14_A15_est_70b,0.0
A14_A15,70b,51,M1_Q_proxy_scale_p,1.2810384615384616,5.523869354048624,4.242830892510162,A14_A15_est_70b,A14_A15_est_70b,0.0
A14_A15,70b,52,M1_Q_proxy_scale_p,1.534530769230769,5.511634865779091,3.977104096548322,A14_A15_est_70b,A14_A15_est_70b,0.0
A14_A15,70b,53,M1_Q_proxy_scale_p,1.3008923076923078,5.556075700405326,4.255183392713018,A14_A15_est_70b,A14_A15_est_70b,0.0
A14_A15,70b,54,M1_Q_proxy_scale_p,1.444653846153846,5.4827635243082415,4.038109678154395,A14_A15_est_70b,A14_A15_est_70b,0.0
A14_A15,70b,55,M1_Q_proxy_scale_p,1.447576923076923,5.485544391026796,4.037967467949873,A14_A15_est_70b,A14_A15_est_70b,0.0
A14_A15,70b,56,M1_Q_proxy_scale_p,1.5292615384615382,5.187249748301604,3.657988209840066,A14_A15_est_70b,A14_A15_est_70b,0.0
A14_A15,70b,57,M1_Q_proxy_scale_p,1.3659538461538463,5.43501484823669,4.069061002082844,A14_A15_est_70b,A14_A15_est_70b,0.0
A14_A15,70b,58,M1_Q_proxy_scale_p,1.3264538461538462,5.49179033830597,4.165336492152123,A14_A15_est_70b,A14_A15_est_70b,0.0
A14_A15,70b,59,M1_Q_proxy_scale_p,1.238769230769231,5.449099395729967,4.2103301649607365,A14_A15_est_70b,A14_A15_est_70b,0.0
A14_A15,70b,60,M1_Q_proxy_scale_p,1.3886,5.373303809497433,3.9847038094974323,A14_A15_est_70b,A14_A15_est_70b,0.0
A14_A15,70b,61,M1_Q_proxy_scale_p,1.541,5.252375465445025,3.7113754654450255,A14_A15_est_70b,A14_A15_est_70b,0.0
A14_A15,70b,62,M1_Q_proxy_scale_p,1.4675307692307693,5.340777307550534,3.8732465383197643,A14_A15_est_70b,A14_A15_est_70b,0.0
A14_A15,70b,63,M1_Q_proxy_scale_p,1.5115076923076922,5.301837057806576,3.7903293654988843,A14_A15_est_70b,A14_A15_est_70b,0.0
