N_params_B,D_tokens_B,predicted_loss,N_term,D_term,dL_dN_B,dL_dD_B,N_marginal_benefit,D_marginal_benefit,d2L_dN_B2,d2L_dD_B2,elasticity_N,elasticity_D,dL_dN_individual,dL_dD_individual,fd_dL_dN_B,fd_d2L_dN_B2,fd_dL_dD_B,fd_d2L_dD_B2
0.070542,0.134,4.738596534339873,0.8719265656710506,2.1768724057486954,-4.202242826394356,-4.546708768677904,4.202242826394356,4.546708768677904,79.82346657028347,43.4271127604176,-0.06255747061630908,-0.12857371810147458,-4.2022428263943554e-09,-4.5467087686779044e-09,-4.202242848377946,79.82347959916349,-4.546708790791364,43.42711186077002
0.070542,0.1624992409262676,4.624225043347135,0.8719265656710506,2.0625009147559576,-4.202242826394356,-3.552317493020029,4.202242826394356,3.552317493020029,79.82346657028347,27.97879817191351,-0.06410471174753717,-0.1248314886783773,-4.2022428263943554e-09,-3.552317493020029e-09,-4.2022428484409,79.82349744778497,-3.552317510294488,27.978804054645728
0.070542,0.19705972613144151,4.515862557713351,0.8719265656710506,1.9541384291221735,-4.202242826394356,-2.77540529055822,4.202242826394356,2.77540529055822,79.82346657028347,18.025908180066246,-0.06564296624864797,-0.12111099473720364,-4.2022428263943554e-09,-2.77540529055822e-09,-4.202242848377946,79.82347959916349,-2.77540530405747,18.025907839649417
0.070542,0.23897056651863752,4.413193368120661,0.8719265656710506,1.851469239529483,-4.202242826394356,-2.168408241097251,4.202242826394356,2.168408241097251,79.82346657028347,11.613556941211405,-0.0671700940187323,-0.11741741242563308,-4.2022428263943554e-09,-2.168408241097251e-09,-4.202242848377946,79.82347959916349,-2.16840825163613,11.613556019220834
0.070542,0.2897950422611845,4.315918352417869,0.8719265656710506,1.7541942238266917,-4.202242826394356,-1.6941649264899823,4.202242826394356,1.6941649264899823,79.82346657028347,7.482269602144617,-0.06868401792018185,-0.11375576560537445,-4.2022428263943554e-09,-1.6941649264899822e-09,-4.202242848377946,79.82347959916349,-1.6941649347237013,7.4822704504074835
0.070542,0.35142891337043375,4.223754104141268,0.8719265656710506,1.6620299755500898,-4.202242826394356,-1.323641343798085,4.202242826394356,1.323641343798085,79.82346657028347,4.8206039443879165,-0.0701827346362008,-0.11013089959168318,-4.2022428263943554e-09,-1.323641343798085e-09,-4.202242848377946,79.82347959916349,-1.3236413502361302,4.820603252646514
0.070542,0.4261711318077503,4.136432106822408,0.8719265656710506,1.5747079782312299,-4.202242826394356,-1.0341533929884241,4.202242826394356,1.0341533929884241,79.82346657028347,3.1057718612528524,-0.07166432466535287,-0.10654745698008476,-4.2022428263943554e-09,-1.034153392988424e-09,-4.202242848314992,79.82346175054201,-1.0341533980222497,3.1057718930715947
0.070542,0.5168095927122967,4.053697951677232,0.8719265656710506,1.491973823086054,-4.202242826394356,-0.8079781167613735,4.202242826394356,0.8079781167613735,79.82346657028347,2.00095651196974,-0.07312696135558391,-0.10300985579626686,-4.2022428263943554e-09,-8.079781167613735e-10,-4.202242848377946,79.82347959916349,-0.8079781206936961,2.000956157855312
0.070542,0.6267251232773262,3.975310596397307,0.8719265656710506,1.4135864678061296,-4.202242826394356,-0.6312686701909447,4.202242826394356,0.6312686701909447,79.82346657028347,1.2891568156519335,-0.07456891889860368,-0.09952227016049559,-4.2022428263943554e-09,-6.312686701909447e-10,-4.202242848377946,79.82347959916349,-0.6312686732584893,1.2891567686972332
0.070542,0.7600175880745298,3.901041662883705,0.8719265656710506,1.3393175342925274,-4.202242826394356,-0.49320659272550027,4.202242826394356,0.49320659272550027,79.82346657028347,0.8305654247856867,-0.0759885792248581,-0.09608861361111443,-4.2022428263943554e-09,-4.932065927255003e-10,-4.202242848377946,79.82347959916349,-0.4932065951261141,0.8305655331949743
0.070542,0.9216588145725657,3.830674771877491,0.8719265656710506,1.2689506432863136,-4.202242826394356,-0.38533948316224703,4.202242826394356,0.38533948316224703,79.82346657028347,0.535108620203488,-0.0773844377590484,-0.09271252518397818,-4.2022428263943554e-09,-3.85339483162247e-10,-4.202242848377946,79.82347959916349,-0.38533948503429355,0.5351087089840466
0.070542,1.117678042992877,3.764004912548306,0.8719265656710506,1.2022807839571288,-4.202242826394356,-0.3010635289021562,4.202242826394356,0.3010635289021562,79.82346657028347,0.3447545814828088,-0.07875510801573808,-0.0893973582973035,-4.2022428263943554e-09,-3.010635289021562e-10,-4.202242848377946,79.82347959916349,-0.30106353036483285,0.34475462063060075
0.070542,1.3553868178082003,3.7008378452043655,0.8719265656710506,1.139113716613188,-4.202242826394356,-0.23521920902368526,4.202242826394356,0.23521920902368526,79.82346657028347,0.22211513133200658,-0.08009932503355631,-0.08614617244554505,-4.2022428263943554e-09,-2.352192090236853e-10,-4.202242848377946,79.82347959916349,-0.2352192101667671,0.2221151165727118
0.070542,1.643651709367924,3.6409895353836896,0.8719265656710506,1.0792654067925118,-4.202242826394356,-0.18377541941225786,4.202242826394356,0.18377541941225786,79.82346657028347,0.14310217823485172,-0.08141594766442309,-0.08296172766256886,-4.2022428263943554e-09,-1.8377541941225786e-10,-4.202242848377946,79.82347959916349,-0.18377542030737085,0.1431021456237542
0.070542,1.99322503820485,3.584285617677824,0.8719265656710506,1.0225614890866463,-4.202242826394356,-0.14358268153495263,4.202242826394356,0.14358268153495263,79.82346657028347,0.09219648068437712,-0.0827039597507198,-0.07984648167449289,-4.2022428263943554e-09,-1.4358268153495262e-10,-4.202242848377946,79.82347959916349,-0.1435826822325746,0.09219647444956608
0.070542,2.4171459380859606,3.530560887725923,0.8719265656710506,0.9688367591347453,-4.202242826394356,-0.11218032587111348,4.202242826394356,0.11218032587111348,79.82346657028347,0.059399452582997524,-0.08396247023810649,-0.0768025896268217,-4.2022428263943554e-09,-1.1218032587111349e-10,-4.202242848377946,79.82347959916349,-0.11218032641640963,0.05939945436273851
0.070542,2.931226717514774,3.479658820899134,0.8719265656710506,0.9179346923079563,-4.202242826394356,-0.08764584543217176,4.202242826394356,0.08764584543217176,79.82346657028347,0.03826930204894082,-0.0851907122845201,-0.07383190623946496,-4.2022428263943554e-09,-8.764584543217176e-11,-4.202242848377946,79.82347959916349,-0.08764584585862861,0.03826929660202091
0.070542,3.554642661036909,3.431431116273004,0.8719265656710506,0.8697069876818265,-4.202242826394356,-0.06847719653039638,4.202242826394356,0.06847719653039638,79.82346657028347,0.024655774011834514,-0.08638804143662324,-0.07093599021726356,-4.2022428263943554e-09,-6.847719653039638e-11,-4.202242848377946,79.82347959916349,-0.06847719686356152,0.02465577681876911
0.070542,4.310647270019593,3.3857372645592827,0.8719265656710506,0.8240131359681051,-4.202242826394356,-0.053500841044329936,4.202242826394356,0.053500841044329936,79.82346657028347,0.01588498246833012,-0.08755393295353564,-0.06811611072293673,-4.2022428263943554e-09,-5.350084104432994e-11,-4.202242848377946,79.82347959916349,-0.05350084130443344,0.015884980468943696
0.070542,5.227439621485609,3.3424441387383137,0.8719265656710506,0.7807200101471361,-4.202242826394356,-0.04179990036800194,4.202242826394356,0.04179990036800194,79.82346657028347,0.010234222129795554,-0.08868797836406236,-0.06537325570393071,-4.2022428263943554e-09,-4.179990036800194e-11,-4.202242848377946,79.82347959916349,-0.04179990057156598,0.0102342219113575
0.070542,6.339216197606768,3.3014256061993414,0.8719265656710506,0.7397014776081641,-4.202242826394356,-0.032658022503368904,4.202242826394356,0.032658022503368904,79.82346657028347,0.006593605174624262,-0.08978988134788574,-0.06270814185435931,-4.2022428263943554e-09,-3.2658022503368906e-11,-4.202242848377946,79.82347959916349,-0.03265802266242773,0.006593606624755315
0.070542,7.687446419243286,3.2625621612587183,0.8719265656710506,0.7008380326675407,-4.202242826394356,-0.025515525741467954,4.202242826394356,0.025515525741467954,79.82346657028347,0.004248063863325616,-0.09085945303342333,-0.060121225987823636,-4.2022428263943554e-09,-2.5515525741467955e-11,-4.202242848377946,79.82347959916349,-0.025515525865501744,0.004248063454870414
0.070542,9.322419461107367,3.2257405769853693,0.8719265656710506,0.6640164483941917,-4.202242826394356,-0.019935133971946847,4.202242826394356,0.019935133971946847,79.82346657028347,0.0027369013019378032,-0.09189660680541922,-0.05761271759601355,-4.2022428263943554e-09,-1.9935133971946848e-11,-4.202242848377946,79.82347959916349,-0.019935134068892982,0.0027369016115552625
0.070542,11.305120044971734,3.1908535753191294,0.8719265656710506,0.6291294467279519,-4.202242826394356,-0.01557520587685156,4.202242826394356,0.01557520587685156,79.82346657028347,0.0017633041728060922,-0.09290135271401886,-0.055182592371179465,-4.2022428263943554e-09,-1.557520587685156e-11,-4.202242848377946,79.82347959916349,-0.015575205952653394,0.0017633045493487855
0.070542,13.709503178270442,3.157799514520851,0.8719265656710506,0.5960753859296735,-4.202242826394356,-0.012168819053219565,4.202242826394356,0.012168819053219565,79.82346657028347,0.0011360444761504365,-0.09387379157428559,-0.0528306064773163,-4.2022428263943554e-09,-1.2168819053219565e-11,-4.202242848377946,79.82347959916349,-0.01216881911233734,0.0011360446531749392
0.070542,16.625252686158202,3.126482093043683,0.8719265656710506,0.5647579644525057,-4.202242826394356,-0.009507428557980204,4.202242826394356,0.009507428557980204,79.82346657028347,0.0007319196946821074,-0.09481410884107336,-0.05055631136468151,-4.2022428263943554e-09,-9.507428557980204e-12,-4.202242848377946,79.82347959916349,-0.009507428604153944,0.000731919756892843
0.070542,20.161126430657447,3.0968100689627676,0.8719265656710506,0.5350859403715899,-4.202242826394356,-0.0074280994227769615,4.202242826394356,0.0074280994227769615,79.82346657028347,0.00047155410788037716,-0.09572256833910295,-0.04835906893452446,-4.2022428263943554e-09,-7.428099422776961e-12,-4.202242848377946,79.82347959916349,-0.007428099458894082,0.0004715539953984351
0.070542,24.44901299403245,3.0686969941459172,0.8719265656710506,0.5069728655547395,-4.202242826394356,-0.005803531490998793,4.202242826394356,0.005803531490998793,79.82346657028347,0.00030380829792459155,-0.09659950592222435,-0.04623806687508981,-4.2022428263943554e-09,-5.803531490998793e-12,-4.202242848377946,79.82347959916349,-0.005803531519205938,0.0003038082833871013
0.070542,29.648851141244215,3.042060962390802,0.8719265656710506,0.48033683379962433,-4.202242826394356,-0.004534265880143972,4.202242826394356,0.004534265880143972,79.82346657028347,0.00019573465768906405,-0.09744532312940177,-0.0441923340055474,-4.2022428263943554e-09,-4.534265880143972e-12,-4.202242848377946,79.82347959916349,-0.004534265902158096,0.00019573468588407917
0.070542,35.95459555812005,3.0168243707948426,0.8719265656710506,0.45510024220366474,-4.202242826394356,-0.00354259593554811,4.202242826394356,0.00354259593554811,79.82346657028347,0.00012610602304932608,-0.09826048089813362,-0.04222075548100712,-4.2022428263943554e-09,-3.5425959355481098e-12,-4.202242848377946,79.82347959916349,-0.0035425959527779697,0.00012610596087102245
0.070542,43.601451388100436,2.9929136936625795,0.8719265656710506,0.431189565071402,-4.202242826394356,-0.002767809893442663,4.202242826394356,0.002767809893442663,79.82346657028347,8.124636299504802e-05,-0.09904549338900201,-0.04032208772875134,-4.2022428263943554e-09,-2.767809893442663e-12,-4.202242848377946,79.82347959916349,-0.0027678099069098063,8.124635763992965e-05
0.070542,52.87464741679016,2.970259268291808,0.8719265656710506,0.40853513970063016,-4.202242826394356,-0.0021624740008780612,4.202242826394356,0.0021624740008780612,79.82346657028347,5.234461717455907e-05,-0.099800921967997,-0.03849497300286513,-4.2022428263943554e-09,-2.162474000878061e-12,-4.202242848377946,79.82347959916349,-0.002162474011399466,5.234460465020004e-05
0.070542,64.12007514531668,2.9487950920143664,0.8719265656710506,0.387070963423189,-4.202242826394356,-0.001689528538629904,4.202242826394356,0.001689528538629904,79.82346657028347,3.3724081252943594e-05,-0.10052736938632506,-0.03673795346122297,-4.2022428263943554e-09,-1.689528538629904e-12,-4.202242848377946,79.82347959916349,-0.0016895285468450398,3.372409098595545e-05
0.070542,77.75719059141188,2.9284586299002817,0.8719265656710506,0.36673450130910396,-4.202242826394356,-0.0013200189605451172,4.202242826394356,0.0013200189605451172,79.82346657028347,2.172742332917296e-05,-0.10122547419070238,-0.035049484685013,-4.2022428263943554e-09,-1.3200189605451172e-12,-4.202242848377946,79.82347959916349,-0.0013200189669490797,2.1727417870031313e-05
0.070542,94.29466005719073,2.9091906325650063,0.8719265656710506,0.34746650397382856,-4.202242826394356,-0.0010313232457213309,4.202242826394356,0.0010313232457213309,79.82346657028347,1.39983331490723e-05,-0.10189590539075363,-0.033427948576415074,-4.2022428263943554e-09,-1.0313232457213309e-12,-4.202242848377946,79.82347959916349,-0.0010313232507332603,1.3998329124118205e-05
0.070542,114.34933345293979,2.890934963548956,0.8719265656710506,0.3292108349577785,-4.202242826394356,-0.0008057669389278654,4.202242826394356,0.0008057669389278654,79.82346657028347,9.018710041393375e-06,-0.10253935740415376,-0.03187166558451592,-4.2022428263943554e-09,-8.057669389278655e-13,-4.202242848377946,79.82347959916349,-0.000805766942845301,9.01871520182505e-06
0.070542,138.6692528845326,2.8736384357664124,0.8719265656710506,0.31191430717523483,-4.202242826394356,-0.0006295410896271181,4.202242826394356,0.0006295410896271181,79.82346657028347,5.810486859010076e-06,-0.10315654529462408,-0.03037890622291328,-4.2022428263943554e-09,-6.295410896271181e-13,-4.202242848377946,79.82347959916349,-0.0006295410926893784,5.810485123998944e-06
0.070542,168.16155472797897,2.8572506565472953,0.8719265656710506,0.2955265279561175,-4.202242826394356,-0.0004918568439358354,4.202242826394356,0.0004918568439358354,79.82346657028347,3.7435240055142786e-06,-0.10374820031285688,-0.02894790185464357,-4.2022428263943554e-09,-4.918568439358354e-13,-4.202242848377946,79.82347959916349,-0.0004918568463254249,3.7435222118635078e-06
0.070542,203.9263059423702,2.841723880820344,0.8719265656710506,0.2799997522291665,-4.202242826394356,-0.00038428493217148603,4.202242826394356,0.00038428493217148603,79.82346657028347,2.4118412656128398e-06,-0.10431506574591488,-0.02757685473101733,-4.2022428263943554e-09,-3.8428493217148604e-13,-4.202242848377946,79.82347959916349,-0.0003842849340397061,2.411840696052486e-06
0.070542,247.29753672039521,2.827012872009962,0.8719265656710506,0.26528874341878433,-4.202242826394356,-0.0003002396142592021,4.202242826394356,0.0003002396142592021,79.82346657028347,1.553877651631041e-06,-0.1048578930766418,-0.026263947280647786,-4.2022428263943554e-09,-3.002396142592021e-13,-4.202242848377946,79.82347959916349,-0.0003002396157147192,1.5538776233140892e-06
0.070542,299.893,2.8130747702414474,0.8719265656710506,0.25135064165026993,-4.202242826394356,-0.00023457548923695002,4.202242826394356,0.00023457548923695002,79.82346657028347,1.001117192355889e-06,-0.10537743845111786,-0.025007350653427064,-4.2022428263943554e-09,-2.3457548923695e-13,-4.202242848377946,79.82347959916349,-0.00023457549037856227,1.0011172199867804e-06
0.08020198930869299,0.134,4.701370151547578,0.834700182878755,2.1768724057486954,-3.53829770966474,-4.546708768677904,3.53829770966474,4.546708768677904,59.11619040360146,43.4271127604176,-0.06036081098360045,-0.1295917903427123,-3.53829770966474e-09,-4.5467087686779044e-09,-3.538297728167585,59.11617235380209,-4.546708790791364,43.42711186077002
0.08020198930869299,0.1624992409262676,4.5869986605548405,0.834700182878755,2.0625009147559576,-3.53829770966474,-3.552317493020029,3.53829770966474,3.552317493020029,59.11619040360146,27.97879817191351,-0.06186583779101838,-0.12584457482161832,-3.53829770966474e-09,-3.552317493020029e-09,-3.538297728167585,59.11617235380209,-3.5523175103218168,27.978793964003728
0.08020198930869299,0.19705972613144151,4.478636174921056,0.834700182878755,1.9541384291221735,-3.53829770966474,-2.77540529055822,3.53829770966474,2.77540529055822,59.11619040360146,18.025908180066246,-0.06336270775254622,-0.12211766821420746,-3.53829770966474e-09,-2.77540529055822e-09,-3.538297728167585,59.11617235380209,-2.77540530405747,18.025907839649417
0.08020198930869299,0.23897056651863752,4.375966985328366,0.834700182878755,1.851469239529483,-3.53829770966474,-2.168408241097251,3.53829770966474,2.168408241097251,59.11619040360146,11.613556941211405,-0.0648493272533705,-0.11841628320233054,-3.53829770966474e-09,-2.168408241097251e-09,-3.538297728167585,59.11617235380209,-2.16840825163613,11.613556019220834
0.08020198930869299,0.2897950422611845,4.278691969625574,0.834700182878755,1.7541942238266917,-3.53829770966474,-1.6941649264899823,3.53829770966474,1.6941649264899823,59.11619040360146,7.482269602144617,-0.06632366085150497,-0.11474548762914212,-3.53829770966474e-09,-1.6941649264899822e-09,-3.5382977281122137,59.1161861617753,-1.6941649347237013,7.4822704504074835
0.08020198930869299,0.35142891337043375,4.186527721348972,0.834700182878755,1.6620299755500898,-3.53829770966474,-1.323641343798085,3.53829770966474,1.323641343798085,59.11619040360146,4.8206039443879165,-0.06778374203385568,-0.1111101777186506,-3.53829770966474e-09,-1.323641343798085e-09,-3.538297728167585,59.11617235380209,-1.3236413502361302,4.820603252646514
0.08020198930869299,0.4261711318077503,4.099205724030112,0.834700182878755,1.5747079782312299,-3.53829770966474,-1.0341533929884241,3.53829770966474,1.0341533929884241,59.11619040360146,3.1057718612528524,-0.06922768316260768,-0.10751505331120688,-3.53829770966474e-09,-1.034153392988424e-09,-3.5382977281122137,59.1161861617753,-1.0341533980118294,3.1057723820978325
0.08020198930869299,0.5168095927122967,4.016471568884937,0.834700182878755,1.491973823086054,-3.53829770966474,-0.8079781167613735,3.53829770966474,0.8079781167613735,59.11619040360146,2.00095651196974,-0.07065368451252045,-0.1039645953624467,-3.53829770966474e-09,-8.079781167613735e-10,-3.538297728167585,59.11617235380209,-0.8079781206851033,2.000956490391631
0.08020198930869299,0.6267251232773262,3.938084213605012,0.834700182878755,1.4135864678061296,-3.53829770966474,-0.6312686701909447,3.53829770966474,0.6312686701909447,59.11619040360146,1.2891568156519335,-0.07206004231730917,-0.10046304590941267,-3.53829770966474e-09,-6.312686701909447e-10,-3.5382977281122137,59.1161861617753,-0.6312686732584893,1.2891567686972332
0.08020198930869299,0.7600175880745298,3.86381528009141,0.834700182878755,1.3393175342925274,-3.53829770966474,-0.49320659272550027,3.53829770966474,0.49320659272550027,59.11619040360146,0.8305654247856867,-0.07344515576189521,-0.0970143906612491,-3.53829770966474e-09,-4.932065927255003e-10,-3.5382977281398995,59.116179257788694,-0.4932065951261141,0.8305655331949743
0.08020198930869299,0.9216588145725657,3.7934483890851958,0.834700182878755,1.2689506432863136,-3.53829770966474,-0.38533948316224703,3.53829770966474,0.38533948316224703,59.11619040360146,0.535108620203488,-0.07480753287642293,-0.0936223443242806,-3.53829770966474e-09,-3.85339483162247e-10,-3.5382977281122137,59.1161861617753,-0.38533948503429355,0.5351087089840466
0.08020198930869299,1.117678042992877,3.726778529756011,0.834700182878755,1.2022807839571288,-3.53829770966474,-0.3010635289021562,3.53829770966474,0.3010635289021562,59.11619040360146,0.3447545814828088,-0.0761457953070485,-0.09029033872370229,-3.53829770966474e-09,-3.010635289021562e-10,-3.5382977281122137,59.1161861617753,-0.30106353036483285,0.34475462063060075
0.08020198930869299,1.3553868178082003,3.6636114624120704,0.834700182878755,1.139113716613188,-3.53829770966474,-0.23521920902368526,3.53829770966474,0.23521920902368526,59.11619040360146,0.22211513133200658,-0.0774586819571387,-0.08702151373772388,-3.53829770966474e-09,-2.352192090236853e-10,-3.5382977281398995,59.116179257788694,-0.2352192101667671,0.2221151165727118
0.08020198930869299,1.643651709367924,3.6037631525913945,0.834700182878755,1.0792654067925118,-3.53829770966474,-0.18377541941225786,3.53829770966474,0.18377541941225786,59.11619040360146,0.14310217823485172,-0.07874505151023725,-0.08381871101588834,-3.53829770966474e-09,-1.8377541941225786e-10,-3.538297728167585,59.11617235380209,-0.18377542030737085,0.1431021456237542
0.08020198930869299,1.99322503820485,3.5470592348855288,0.834700182878755,1.0225614890866463,-3.53829770966474,-0.14358268153495263,3.53829770966474,0.14358268153495263,59.11619040360146,0.09219648068437712,-0.08000388386258864,-0.08068447041237439,-3.53829770966474e-09,-1.4358268153495262e-10,-3.5382977281398995,59.116179257788694,-0.1435826822325746,0.09219647444956608
0.08020198930869299,2.4171459380859606,3.4933345049336277,0.834700182878755,0.9688367591347453,-3.53829770966474,-0.11218032587111348,3.53829770966474,0.11218032587111348,59.11619040360146,0.059399452582997524,-0.08123428050784277,-0.07762102902815865,-3.53829770966474e-09,-1.1218032587111349e-10,-3.5382977281398995,59.116179257788694,-0.11218032641640963,0.05939945436273851
0.08020198930869299,2.931226717514774,3.442432438106839,0.834700182878755,0.9179346923079563,-3.53829770966474,-0.08764584543217176,3.53829770966474,0.08764584543217176,59.11619040360146,0.03826930204894082,-0.08243546392956022,-0.07463032272355628,-3.53829770966474e-09,-8.764584543217176e-11,-3.538297728167585,59.11617235380209,-0.08764584585862861,0.03826929660202091
0.08020198930869299,3.554642661036909,3.394204733480709,0.834700182878755,0.8697069876818265,-3.53829770966474,-0.06847719653039638,3.53829770966474,0.06847719653039638,59.11619040360146,0.024655774011834514,-0.08360677606812879,-0.07171398993529188,-3.53829770966474e-09,-6.847719653039638e-11,-3.5382977281398995,59.116179257788694,-0.06847719686356152,0.02465577681876911
0.08020198930869299,4.310647270019593,3.3485108817669875,0.834700182878755,0.8240131359681051,-3.53829770966474,-0.053500841044329936,3.53829770966474,0.053500841044329936,59.11619040360146,0.01588498246833012,-0.08474767593759656,-0.06887337761010788,-3.53829770966474e-09,-5.350084104432994e-11,-3.5382977281398995,59.116179257788694,-0.05350084130443344,0.015884980468943696
0.08020198930869299,5.227439621485609,3.3052177559460185,0.834700182878755,0.7807200101471361,-3.53829770966474,-0.04179990036800194,3.53829770966474,0.04179990036800194,59.11619040360146,0.010234222129795554,-0.08585773647469752,-0.06610954905006051,-3.53829770966474e-09,-4.179990036800194e-11,-3.5382977281398995,59.116179257788694,-0.04179990057156598,0.0102342219113575
0.08020198930869299,6.339216197606768,3.2641992234070463,0.834700182878755,0.7397014776081641,-3.53829770966474,-0.032658022503368904,3.53829770966474,0.032658022503368904,59.11619040360146,0.006593605174624262,-0.08693664070702989,-0.06342329345298857,-3.53829770966474e-09,-3.2658022503368906e-11,-3.5382977281122137,59.1161861617753,-0.03265802266242773,0.006593606624755315
0.08020198930869299,7.687446419243286,3.225335778466423,0.834700182878755,0.7008380326675407,-3.53829770966474,-0.025515525741467954,3.53829770966474,0.025515525741467954,59.11619040360146,0.004248063863325616,-0.08798417733003751,-0.06081513692494441,-3.53829770966474e-09,-2.5515525741467955e-11,-3.5382977281398995,59.116179257788694,-0.025515525865501744,0.004248063454870414
0.08020198930869299,9.322419461107367,3.188514194193074,0.834700182878755,0.6640164483941917,-3.53829770966474,-0.019935133971946847,3.53829770966474,0.019935133971946847,59.11619040360146,0.0027369013019378032,-0.08900023578327552,-0.0582853547393073,-3.53829770966474e-09,-1.9935133971946848e-11,-3.5382977281398995,59.116179257788694,-0.019935134068892982,0.0027369016115552625
0.08020198930869299,11.305120044971734,3.153627192526834,0.834700182878755,0.6291294467279519,-3.53829770966474,-0.01557520587685156,3.53829770966474,0.01557520587685156,59.11619040360146,0.0017633041728060922,-0.08998480091558561,-0.055833984619428935,-3.53829770966474e-09,-1.557520587685156e-11,-3.5382977281398995,59.116179257788694,-0.015575205952653394,0.0017633045493487855
0.08020198930869299,13.709503178270442,3.120573131728556,0.834700182878755,0.5960753859296735,-3.53829770966474,-0.012168819053219565,3.53829770966474,0.012168819053219565,59.11619040360146,0.0011360444761504365,-0.09093794732646213,-0.05346084082749937,-3.53829770966474e-09,-1.2168819053219565e-11,-3.5382977281398995,59.116179257788694,-0.01216881911233734,0.0011360446531749392
0.08020198930869299,16.625252686158202,3.089255710251388,0.834700182878755,0.5647579644525057,-3.53829770966474,-0.009507428557980204,3.53829770966474,0.009507428557980204,59.11619040360146,0.0007319196946821074,-0.09185983346726967,-0.05116552885133461,-3.53829770966474e-09,-9.507428557980204e-12,-3.5382977281398995,59.116179257788694,-0.009507428604153944,0.000731919756892843
0.08020198930869299,20.161126430657447,3.0595836861704724,0.834700182878755,0.5350859403715899,-3.53829770966474,-0.0074280994227769615,3.53829770966474,0.0074280994227769615,59.11619040360146,0.00047155410788037716,-0.09275069558129842,-0.048947460492425876,-3.53829770966474e-09,-7.428099422776961e-12,-3.5382977281398995,59.116179257788694,-0.007428099458894082,0.0004715539953984351
0.08020198930869299,24.44901299403245,3.031470611353622,0.834700182878755,0.5069728655547395,-3.53829770966474,-0.005803531490998793,3.53829770966474,0.005803531490998793,59.11619040360146,0.00030380829792459155,-0.09361084155613525,-0.0468058691723053,-3.53829770966474e-09,-5.803531490998793e-12,-3.5382977281398995,59.116179257788694,-0.005803531519205938,0.0003038082833871013
0.08020198930869299,29.648851141244215,3.0048345795985067,0.834700182878755,0.48033683379962433,-3.53829770966474,-0.004534265880143972,3.53829770966474,0.004534265880143972,59.11619040360146,0.00019573465768906405,-0.09444064475569955,-0.04473982528954191,-3.53829770966474e-09,-4.534265880143972e-12,-3.5382977281398995,59.116179257788694,-0.004534265902158096,0.00019573468588407917
0.08020198930869299,35.95459555812005,2.9795979880025474,0.834700182878755,0.45510024220366474,-3.53829770966474,-0.00354259593554811,3.53829770966474,0.00354259593554811,59.11619040360146,0.00012610602304932608,-0.09524053789274534,-0.04274825147598513,-3.53829770966474e-09,-3.5425959355481098e-12,-3.538297728167585,59.11617235380209,-0.0035425959527779697,0.00012610596087102245
0.08020198930869299,43.601451388100436,2.9556873108702844,0.834700182878755,0.431189565071402,-3.53829770966474,-0.002767809893442663,3.53829770966474,0.002767809893442663,59.11619040360146,8.124636299504802e-05,-0.09601100699584744,-0.04082993761776176,-3.53829770966474e-09,-2.767809893442663e-12,-3.5382977281398995,59.116179257788694,-0.0027678099069098063,8.124635763992965e-05
0.08020198930869299,52.87464741679016,2.9330328854995127,0.834700182878755,0.40853513970063016,-3.53829770966474,-0.0021624740008780612,3.53829770966474,0.0021624740008780612,59.11619040360146,5.234461717455907e-05,-0.0967525855180363,-0.03898355552359594,-3.53829770966474e-09,-2.162474000878061e-12,-3.5382977281398995,59.116179257788694,-0.002162474011399466,5.234460465020004e-05
0.08020198930869299,64.12007514531668,2.9115687092220712,0.834700182878755,0.387070963423189,-3.53829770966474,-0.001689528538629904,3.53829770966474,0.001689528538629904,59.11619040360146,3.3724081252943594e-05,-0.0974658486274658,-0.03720767313990382,-3.53829770966474e-09,-1.689528538629904e-12,-3.5382977281398995,59.116179257788694,-0.0016895285468450398,3.372409098595545e-05
0.08020198930869299,77.75719059141188,2.8912322471079865,0.834700182878755,0.36673450130910396,-3.53829770966474,-0.0013200189605451172,3.53829770966474,0.0013200189605451172,59.11619040360146,2.172742332917296e-05,-0.09815140771391145,-0.03550076822851322,-3.53829770966474e-09,-1.3200189605451172e-12,-3.5382977281398995,59.116179257788694,-0.0013200189669490797,2.1727417870031313e-05
0.08020198930869299,94.29466005719073,2.871964249772711,0.834700182878755,0.34746650397382856,-3.53829770966474,-0.0010313232457213309,3.53829770966474,0.0010313232457213309,59.11619040360146,1.39983331490723e-05,-0.09880990513860427,-0.033861241438526875,-3.53829770966474e-09,-1.0313232457213309e-12,-3.5382977281398995,59.116179257788694,-0.0010313232507332603,1.3998329124118205e-05
0.08020198930869299,114.34933345293979,2.8537085807566607,0.834700182878755,0.3292108349577785,-3.53829770966474,-0.0008057669389278654,3.53829770966474,0.0008057669389278654,59.11619040360146,9.018710041393375e-06,-0.09944200924898243,-0.03228742871859271,-3.53829770966474e-09,-8.057669389278655e-13,-3.5382977281122137,59.1161861617753,-0.000805766942845301,9.01871520182505e-06
0.08020198930869299,138.6692528845326,2.8364120529741172,0.834700182878755,0.31191430717523483,-3.53829770966474,-0.0006295410896271181,3.53829770966474,0.0006295410896271181,59.11619040360146,5.810486859010076e-06,-0.10004840967445075,-0.030777613029521155,-3.53829770966474e-09,-6.295410896271181e-13,-3.5382977281398995,59.116179257788694,-0.0006295410926893784,5.810485123998944e-06
0.08020198930869299,168.16155472797897,2.820024273755,0.834700182878755,0.2955265279561175,-3.53829770966474,-0.0004918568439358354,3.53829770966474,0.0004918568439358354,59.11619040360146,3.7435240055142786e-06,-0.10062981291421276,-0.02933003532970045,-3.53829770966474e-09,-4.918568439358354e-13,-3.5382977281398995,59.116179257788694,-0.0004918568463254249,3.7435222118635078e-06
0.08020198930869299,203.9263059423702,2.804497498028049,0.834700182878755,0.2799997522291665,-3.53829770966474,-0.00038428493217148603,3.53829770966474,0.00038428493217148603,59.11619040360146,2.4118412656128398e-06,-0.10118693822370677,-0.02794290481704743,-3.53829770966474e-09,-3.8428493217148604e-13,-3.5382977281398995,59.116179257788694,-0.0003842849340397061,2.411840696052486e-06
0.08020198930869299,247.29753672039521,2.7897864892176667,0.834700182878755,0.26528874341878433,-3.53829770966474,-0.0003002396142592021,3.53829770966474,0.0003002396142592021,59.11619040360146,1.553877651631041e-06,-0.10172051380214538,-0.026614408421270858,-3.53829770966474e-09,-3.002396142592021e-13,-3.5382977281398995,59.116179257788694,-0.0003002396157147192,1.5538776233140892e-06
0.08020198930869299,299.893,2.775848387449152,0.834700182878755,0.25135064165026993,-3.53829770966474,-0.00023457548923695002,3.53829770966474,0.00023457548923695002,59.11619040360146,1.001117192355889e-06,-0.10223127328012348,-0.02534271954902482,-3.53829770966474e-09,-2.3457548923695e-13,-3.5382977281398995,59.116179257788694,-0.00023457549037856227,1.0011172199867804e-06
0.0911848131477943,0.134,4.665733126885152,0.7990631582163289,2.1768724057486954,-2.9792544599239346,-4.546708768677904,2.9792544599239346,4.546708768677904,43.78065897147931,43.4271127604176,-0.0582250964339358,-0.13058161674360083,-2.9792544599239346e-09,-4.5467087686779044e-09,-2.979254475492857,43.780654572755736,-4.546708790791364,43.42711186077002
0.0911848131477943,0.1624992409262676,4.551361635892414,0.7990631582163289,2.0625009147559576,-2.9792544599239346,-3.552317493020029,2.9792544599239346,3.552317493020029,43.78065897147931,27.97879817191351,-0.05968823903280763,-0.12682993405591508,-2.9792544599239346e-09,-3.552317493020029e-09,-2.979254475492857,43.780654572755736,-3.5523175103218168,27.978793964003728
0.0911848131477943,0.19705972613144151,4.44299915025863,0.7990631582163289,1.9541384291221735,-2.9792544599239346,-2.77540529055822,2.9792544599239346,2.77540529055822,43.78065897147931,18.025908180066246,-0.0611440047725607,-0.12309716656806474,-2.9792544599239346e-09,-2.77540529055822e-09,-2.979254475492857,43.780654572755736,-2.77540530405747,18.025907839649417
0.0911848131477943,0.23897056651863752,4.340329960665939,0.7990631582163289,1.851469239529483,-2.9792544599239346,-2.168408241097251,2.9792544599239346,2.168408241097251,43.78065897147931,11.613556941211405,-0.06259034767168149,-0.11938856043543446,-2.9792544599239346e-09,-2.168408241097251e-09,-2.979254475492857,43.780654572755736,-2.16840825163613,11.613556019220834
0.0911848131477943,0.2897950422611845,4.243054944963148,0.7990631582163289,1.7541942238266917,-2.9792544599239346,-1.6941649264899823,2.9792544599239346,1.6941649264899823,43.78065897147931,7.482269602144617,-0.06402527536683979,-0.11570922432960509,-2.9792544599239346e-09,-1.6941649264899822e-09,-2.979254475492857,43.780654572755736,-1.6941649347237013,7.4822704504074835
0.0911848131477943,0.35142891337043375,4.150890696686546,0.7990631582163289,1.6620299755500898,-2.9792544599239346,-1.323641343798085,2.9792544599239346,1.323641343798085,43.78065897147931,4.8206039443879165,-0.06544685974621108,-0.11206410217316995,-2.9792544599239346e-09,-1.323641343798085e-09,-2.979254475492857,43.780654572755736,-1.3236413502361302,4.820603252646514
0.0911848131477943,0.4261711318077503,4.063568699367686,0.7990631582163289,1.5747079782312299,-2.9792544599239346,-1.0341533929884241,2.9792544599239346,1.0341533929884241,43.78065897147931,3.1057718612528524,-0.06685324682468616,-0.1084579478184487,-2.9792544599239346e-09,-1.034153392988424e-09,-2.979254475492857,43.780654572755736,-1.0341533980118294,3.1057723820978325
0.0911848131477943,0.5168095927122967,3.9808345442225104,0.7990631582163289,1.491973823086054,-2.9792544599239346,-0.8079781167613735,2.9792544599239346,0.8079781167613735,43.78065897147931,2.00095651196974,-0.06824266576016531,-0.10489530192856808,-2.9792544599239346e-09,-8.079781167613735e-10,-2.979254475492857,43.780654572755736,-0.8079781206893998,2.0009563241234716
0.0911848131477943,0.6267251232773262,3.9024471889425856,0.7990631582163289,1.4135864678061296,-2.9792544599239346,-0.6312686701909447,2.9792544599239346,0.6312686701909447,43.78065897147931,1.2891568156519335,-0.06961343692687025,-0.10138047127646967,-2.9792544599239346e-09,-6.312686701909447e-10,-2.979254475492857,43.780654572755736,-0.6312686732584893,1.2891567686972332
0.0911848131477943,0.7600175880745298,3.8281782554289836,0.7990631582163289,1.3393175342925274,-2.9792544599239346,-0.49320659272550027,2.9792544599239346,0.49320659272550027,43.78065897147931,0.8305654247856867,-0.07096397897946223,-0.09791751063161677,-2.9792544599239346e-09,-4.932065927255003e-10,-2.979254475492857,43.780654572755736,-0.4932065951261141,0.8305655331949743
0.0911848131477943,0.9216588145725657,3.7578113644227695,0.7990631582163289,1.2689506432863136,-2.9792544599239346,-0.38533948316224703,2.9792544599239346,0.38533948316224703,43.78065897147931,0.535108620203488,-0.07229281486023352,-0.09451020735679634,-2.9792544599239346e-09,-3.85339483162247e-10,-2.979254475492857,43.780654572755736,-0.38533948503429355,0.5351087089840466
0.0911848131477943,1.117678042992877,3.6911415050935847,0.7990631582163289,1.2022807839571288,-2.9792544599239346,-0.3010635289021562,2.9792544599239346,0.3010635289021562,43.78065897147931,0.3447545814828088,-0.0735985767202412,-0.091162068789709,-2.9792544599239346e-09,-3.010635289021562e-10,-2.979254475492857,43.780654572755736,-0.30106353036483285,0.34475462063060075
0.0911848131477943,1.3553868178082003,3.627974437749644,0.7990631582163289,1.139113716613188,-2.9792544599239346,-0.23521920902368526,2.9792544599239346,0.23521920902368526,43.78065897147931,0.22211513133200658,-0.07488000974350952,-0.08787631243723085,-2.9792544599239346e-09,-2.352192090236853e-10,-2.979254475492857,43.780654572755736,-0.2352192101667671,0.2221151165727118
0.0911848131477943,1.643651709367924,3.568126127928968,0.7990631582163289,1.0792654067925118,-2.9792544599239346,-0.18377541941225786,2.9792544599239346,0.18377541941225786,43.78065897147931,0.14310217823485172,-0.07613597488090389,-0.08465585896541437,-2.9792544599239346e-09,-1.8377541941225786e-10,-2.979254475492857,43.780654572755736,-0.18377542030737085,0.1431021456237542
0.0911848131477943,1.99322503820485,3.5114222102231025,0.7990631582163289,1.0225614890866463,-2.9792544599239346,-0.14358268153495263,2.9792544599239346,0.14358268153495263,43.78065897147931,0.09219648068437712,-0.07736545051659748,-0.0815033279264578,-2.9792544599239346e-09,-1.4358268153495262e-10,-2.979254475492857,43.780654572755736,-0.1435826822325746,0.09219647444956608
0.0911848131477943,2.4171459380859606,3.4576974802712015,0.7990631582163289,0.9688367591347453,-2.9792544599239346,-0.11218032587111348,2.9792544599239346,0.11218032587111348,43.78065897147931,0.059399452582997524,-0.07856753310488838,-0.07842103612582482,-2.9792544599239346e-09,-1.1218032587111349e-10,-2.979254475492857,43.780654572755736,-0.11218032641640963,0.05939945436273851
0.0911848131477943,2.931226717514774,3.4067954134444127,0.7990631582163289,0.9179346923079563,-2.9792544599239346,-0.08764584543217176,2.9792544599239346,0.08764584543217176,43.78065897147931,0.03826930204894082,-0.07974143682823454,-0.07541099849908671,-2.9792544599239346e-09,-8.764584543217176e-11,-2.979254475492857,43.780654572755736,-0.08764584585862861,0.03826929660202091
0.0911848131477943,3.554642661036909,3.3585677088182826,0.7990631582163289,0.8697069876818265,-2.9792544599239346,-0.06847719653039638,2.9792544599239346,0.06847719653039638,43.78065897147931,0.024655774011834514,-0.08088649233856945,-0.07247493133934776,-2.9792544599239346e-09,-6.847719653039638e-11,-2.979254475492857,43.780654572755736,-0.06847719686356152,0.02465577681876911
0.0911848131477943,4.310647270019593,3.3128738571045613,0.7990631582163289,0.8240131359681051,-2.9792544599239346,-0.053500841044329936,2.9792544599239346,0.053500841044329936,43.78065897147931,0.01588498246833012,-0.08200214465314082,-0.06961425769258141,-2.9792544599239346e-09,-5.350084104432994e-11,-2.979254475492857,43.780654572755736,-0.05350084130443344,0.015884980468943696
0.0911848131477943,5.227439621485609,3.2695807312835923,0.7990631582163289,0.7807200101471361,-2.9792544599239346,-0.04179990036800194,2.9792544599239346,0.04179990036800194,43.78065897147931,0.010234222129795554,-0.08308795028322966,-0.06683011471995727,-2.9792544599239346e-09,-4.179990036800194e-11,-2.979254475492857,43.780654572755736,-0.04179990057156598,0.0102342219113575
0.0911848131477943,6.339216197606768,3.22856219874462,0.7990631582163289,0.7397014776081641,-2.9792544599239346,-0.032658022503368904,2.9792544599239346,0.032658022503368904,43.78065897147931,0.006593605174624262,-0.08414357367918417,-0.06412336281322431,-2.9792544599239346e-09,-3.2658022503368906e-11,-2.979254475492857,43.780654572755736,-0.03265802266242773,0.006593606624755315
0.0911848131477943,7.687446419243286,3.189698753803997,0.7990631582163289,0.7008380326675407,-2.9792544599239346,-0.025515525741467954,2.9792544599239346,0.025515525741467954,43.78065897147931,0.004248063863325616,-0.08516878307831265,-0.06149459624123828,-2.9792544599239346e-09,-2.5515525741467955e-11,-2.979254475492857,43.780654572755736,-0.025515525865501744,0.004248063454870414
0.0911848131477943,9.322419461107367,3.152877169530648,0.7990631582163289,0.6640164483941917,-2.9792544599239346,-0.019935133971946847,2.9792544599239346,0.019935133971946847,43.78065897147931,0.0027369013019378032,-0.08616344584344775,-0.058944155102472785,-2.9792544599239346e-09,-1.9935133971946848e-11,-2.979254475492857,43.780654572755736,-0.019935134068892982,0.0027369016115552625
0.0911848131477943,11.305120044971734,3.117990167864408,0.7990631582163289,0.6291294467279519,-2.9792544599239346,-0.01557520587685156,2.9792544599239346,0.01557520587685156,43.78065897147931,0.0017633041728060922,-0.0871275233795768,-0.05647213835942195,-2.9792544599239346e-09,-1.557520587685156e-11,-2.979254475492857,43.780654572755736,-0.015575205952653394,0.0017633045493487855
0.0911848131477943,13.709503178270442,3.0849361070661296,0.7990631582163289,0.5960753859296735,-2.9792544599239346,-0.012168819053219565,2.9792544599239346,0.012168819053219565,43.78065897147931,0.0011360444761504365,-0.08806106571401782,-0.054078417735714666,-2.9792544599239346e-09,-1.2168819053219565e-11,-2.979254475492857,43.780654572755736,-0.01216881911233734,0.0011360446531749392
0.0911848131477943,16.625252686158202,3.0536186855889618,0.7990631582163289,0.5647579644525057,-2.9792544599239346,-0.009507428557980204,2.9792544599239346,0.009507428557980204,43.78065897147931,0.0007319196946821074,-0.08896420582241109,-0.051762652264990106,-2.9792544599239346e-09,-9.507428557980204e-12,-2.979254475492857,43.780654572755736,-0.009507428604153944,0.000731919756892843
0.0911848131477943,20.161126430657447,3.023946661508046,0.7990631582163289,0.5350859403715899,-2.9792544599239346,-0.0074280994227769615,2.9792544599239346,0.0074280994227769615,43.78065897147931,0.00047155410788037716,-0.08983715377850554,-0.049524303291584845,-2.9792544599239346e-09,-7.428099422776961e-12,-2.979254475492857,43.780654572755736,-0.007428099458894082,0.0004715539953984351
0.0911848131477943,24.44901299403245,2.995833586691196,0.7990631582163289,0.5069728655547395,-2.9792544599239346,-0.005803531490998793,2.9792544599239346,0.005803531490998793,43.78065897147931,0.00030380829792459155,-0.09068019080056439,-0.04736264973630252,-2.9792544599239346e-09,-5.803531490998793e-12,-2.979254475492857,43.780654572755736,-0.005803531519205938,0.0003038082833871013
0.0911848131477943,29.648851141244215,2.9691975549360805,0.7990631582163289,0.48033683379962433,-2.9792544599239346,-0.004534265880143972,2.9792544599239346,0.004534265880143972,43.78065897147931,0.00019573465768906405,-0.09149366326140095,-0.045276803455439114,-2.9792544599239346e-09,-4.534265880143972e-12,-2.979254475492857,43.780654572755736,-0.004534265902158096,0.00019573468588407917
0.0911848131477943,35.95459555812005,2.943960963340121,0.7990631582163289,0.45510024220366474,-2.9792544599239346,-0.00354259593554811,2.9792544599239346,0.00354259593554811,43.78065897147931,0.00012610602304932608,-0.09227797672278819,-0.04326572453731161,-2.9792544599239346e-09,-3.5425959355481098e-12,-2.979254475492857,43.780654572755736,-0.0035425959527779697,0.00012610596087102245
0.0911848131477943,43.601451388100436,2.920050286207858,0.7990631582163289,0.431189565071402,-2.9792544599239346,-0.002767809893442663,2.9792544599239346,0.002767809893442663,43.78065897147931,8.124636299504802e-05,-0.09303359004844172,-0.04132823639731433,-2.9792544599239346e-09,-2.767809893442663e-12,-2.979254475492857,43.780654572755736,-0.0027678099069098063,8.124635763992965e-05
0.0911848131477943,52.87464741679016,2.8973958608370864,0.7990631582163289,0.40853513970063016,-2.9792544599239346,-0.0021624740008780612,2.9792544599239346,0.0021624740008780612,43.78065897147931,5.234461717455907e-05,-0.09376100964312509,-0.03946304054958134,-2.9792544599239346e-09,-2.162474000878061e-12,-2.979254475492857,43.780654572755736,-0.002162474011399466,5.234460465020004e-05
0.0911848131477943,64.12007514531668,2.875931684559645,0.7990631582163289,0.387070963423189,-2.9792544599239346,-0.001689528538629904,2.9792544599239346,0.001689528538629904,43.78065897147931,3.3724081252943594e-05,-0.09446078385881168,-0.037668730950295194,-2.9792544599239346e-09,-1.689528538629904e-12,-2.979254475492857,43.780654572755736,-0.0016895285468450398,3.372409098595545e-05
0.0911848131477943,77.75719059141188,2.8555952224455603,0.7990631582163289,0.36673450130910396,-2.9792544599239346,-0.0013200189605451172,2.9792544599239346,0.0013200189605451172,43.78065897147931,2.172742332917296e-05,-0.0951334976023815,-0.03594380782423404,-2.9792544599239346e-09,-1.3200189605451172e-12,-2.979254475492857,43.780654572755736,-0.0013200189669490797,2.1727417870031313e-05
0.0911848131477943,94.29466005719073,2.836327225110285,0.7990631582163289,0.34746650397382856,-2.9792544599239346,-0.0010313232457213309,2.9792544599239346,0.0010313232457213309,43.78065897147931,1.39983331490723e-05,-0.0957797671731384,-0.034286690902030945,-2.9792544599239346e-09,-1.0313232457213309e-12,-2.979254475492857,43.780654572755736,-0.0010313232507332603,1.3998329124118205e-05
0.0911848131477943,114.34933345293979,2.8180715560942344,0.7990631582163289,0.3292108349577785,-2.9792544599239346,-0.0008057669389278654,2.9792544599239346,0.0008057669389278654,43.78065897147931,9.018710041393375e-06,-0.09640023535258044,-0.03269573201062322,-2.9792544599239346e-09,-8.057669389278655e-13,-2.979254475492857,43.780654572755736,-0.000805766942845301,9.01871520182505e-06
0.0911848131477943,138.6692528845326,2.800775028311691,0.7990631582163289,0.31191430717523483,-2.9792544599239346,-0.0006295410896271181,2.9792544599239346,0.0006295410896271181,43.78065897147931,5.810486859010076e-06,-0.09699556676340951,-0.031169226973338994,-2.9792544599239346e-09,-6.295410896271181e-13,-2.979254475492857,43.780654572755736,-0.0006295410926893784,5.810485123998944e-06
0.0911848131477943,168.16155472797897,2.784387249092574,0.7990631582163289,0.2955265279561175,-2.9792544599239346,-0.0004918568439358354,2.9792544599239346,0.0004918568439358354,43.78065897147931,3.7435240055142786e-06,-0.09756644350976364,-0.029705426788893135,-2.9792544599239346e-09,-4.918568439358354e-13,-2.979254475492857,43.780654572755736,-0.0004918568463254249,3.7435222118635078e-06
0.0911848131477943,203.9263059423702,2.768860473365623,0.7990631582163289,0.2799997522291665,-2.9792544599239346,-0.00038428493217148603,2.9792544599239346,0.00038428493217148603,43.78065897147931,2.4118412656128398e-06,-0.09811356110612665,-0.028302548070177673,-2.9792544599239346e-09,-3.8428493217148604e-13,-2.979254475492857,43.780654572755736,-0.0003842849340397061,2.411840696052486e-06
0.0911848131477943,247.29753672039521,2.7541494645552405,0.7990631582163289,0.26528874341878433,-2.9792544599239346,-0.0003002396142592021,2.9792544599239346,0.0003002396142592021,43.78065897147931,1.553877651631041e-06,-0.09863762469832653,-0.02695878273409991,-2.9792544599239346e-09,-3.002396142592021e-13,-2.979254475492857,43.780654572755736,-0.0003002396157147192,1.5538776233140892e-06
0.0911848131477943,299.893,2.740211362786726,0.7990631582163289,0.25135064165026993,-2.9792544599239346,-0.00023457548923695002,2.9792544599239346,0.00023457548923695002,43.78065897147931,1.001117192355889e-06,-0.09913934557647502,-0.025672306942846543,-2.9792544599239346e-09,-2.3457548923695e-13,-2.979254475492857,43.780654572755736,-0.00023457549037856227,1.0011172199867804e-06
0.10367161987460755,0.134,4.6316176036586185,0.764947634989796,2.1768724057486954,-2.5085388130942974,-4.546708768677904,2.5085388130942974,4.546708768677904,32.42336975523716,43.4271127604176,-0.05614977412348993,-0.1315434535272454,-2.5085388130942974e-09,-4.5467087686779044e-09,-2.508538826219924,32.42337358840797,-4.546708790791364,43.42711186077002
0.10367161987460755,0.1624992409262676,4.51724611266588,0.764947634989796,2.0625009147559576,-2.5085388130942974,-3.552317493020029,2.5085388130942974,3.552317493020029,32.42336975523716,27.97879817191351,-0.05757142200922337,-0.1277877896726308,-2.5085388130942974e-09,-3.552317493020029e-09,-2.508538826177088,32.42338185222034,-3.552317510294488,27.978804054645728
0.10367161987460755,0.19705972613144151,4.408883627032097,0.764947634989796,1.9541384291221735,-2.5085388130942974,-2.77540529055822,2.5085388130942974,2.77540529055822,32.42336975523716,18.025908180066246,-0.05898642474418794,-0.12404968076449868,-2.5085388130942974e-09,-2.77540529055822e-09,-2.508538826219924,32.42337358840797,-2.77540530405747,18.025907839649417
0.10367161987460755,0.23897056651863752,4.306214437439406,0.764947634989796,1.851469239529483,-2.5085388130942974,-2.168408241097251,2.5085388130942974,2.168408241097251,32.42336975523716,11.613556941211405,-0.060392784904240056,-0.1203344035339819,-2.5085388130942974e-09,-2.168408241097251e-09,-2.508538826219924,32.42337358840797,-2.16840825163613,11.613556019220834
0.10367161987460755,0.2897950422611845,4.2089394217366145,0.764947634989796,1.7541942238266917,-2.5085388130942974,-1.6941649264899823,2.5085388130942974,1.6941649264899823,32.42336975523716,7.482269602144617,-0.06178855436330045,-0.11664710447816566,-2.5085388130942974e-09,-1.6941649264899822e-09,-2.508538826219924,32.42337358840797,-1.6941649347237013,7.4822704504074835
0.10367161987460755,0.35142891337043375,4.116775173460013,0.764947634989796,1.6620299755500898,-2.5085388130942974,-1.323641343798085,2.5085388130942974,1.323641343798085,32.42336975523716,4.8206039443879165,-0.06317184478481873,-0.11299277214407247,-2.5085388130942974e-09,-1.323641343798085e-09,-2.508538826219924,32.42337358840797,-1.3236413502361302,4.820603252646514
0.10367161987460755,0.4261711318077503,4.029453176141153,0.764947634989796,1.5747079782312299,-2.5085388130942974,-1.0341533929884241,2.5085388130942974,1.0341533929884241,32.42336975523716,3.1057718612528524,-0.0645408374048571,-0.10937621128402537,-2.5085388130942974e-09,-1.034153392988424e-09,-2.50853882626276,32.4233653245956,-1.0341533980222497,3.1057718930715947
0.10367161987460755,0.5168095927122967,3.9467190209959773,0.764947634989796,1.491973823086054,-2.5085388130942974,-0.8079781167613735,2.5085388130942974,0.8079781167613735,32.42336975523716,2.00095651196974,-0.06589379200503168,-0.1058020191512183,-2.5085388130942974e-09,-8.079781167613735e-10,-2.508538826219924,32.42337358840797,-0.8079781206893998,2.0009563241234716
0.10367161987460755,0.6267251232773262,3.8683316657160525,0.764947634989796,1.4135864678061296,-2.5085388130942974,-0.6312686701909447,2.5085388130942974,0.6312686701909447,32.42336975523716,1.2891568156519335,-0.06722905498943861,-0.1022745641623518,-2.5085388130942974e-09,-6.312686701909447e-10,-2.508538826219924,32.42337358840797,-0.6312686732584893,1.2891567686972332
0.10367161987460755,0.7600175880745298,3.7940627322024505,0.764947634989796,1.3393175342925274,-2.5085388130942974,-0.49320659272550027,2.5085388130942974,0.49320659272550027,32.42336975523716,0.8305654247856867,-0.06854506649679037,-0.09879796710901878,-2.5085388130942974e-09,-4.932065927255003e-10,-2.508538826219924,32.42337358840797,-0.4932065951261141,0.8305655331949743
0.10367161987460755,0.9216588145725657,3.7236958411962364,0.764947634989796,1.2689506432863136,-2.5085388130942974,-0.38533948316224703,2.5085388130942974,0.38533948316224703,32.42336975523716,0.535108620203488,-0.06984036649681505,-0.09537608505243259,-2.5085388130942974e-09,-3.85339483162247e-10,-2.508538826219924,32.42337358840797,-0.38533948503429355,0.5351087089840466
0.10367161987460755,1.117678042992877,3.6570259818670516,0.764947634989796,1.2022807839571288,-2.5085388130942974,-0.3010635289021562,2.5085388130942974,0.3010635289021562,32.42336975523716,0.3447545814828088,-0.07111359983804064,-0.09201249798835154,-2.5085388130942974e-09,-3.010635289021562e-10,-2.508538826219924,32.42337358840797,-0.30106353036483285,0.34475462063060075
0.10367161987460755,1.3553868178082003,3.593858914523111,0.764947634989796,1.139113716613188,-2.5085388130942974,-0.23521920902368526,2.5085388130942974,0.23521920902368526,32.42336975523716,0.22211513133200658,-0.07236352023193446,-0.08871049832190747,-2.5085388130942974e-09,-2.352192090236853e-10,-2.508538826219924,32.42337358840797,-0.2352192101667671,0.2221151165727118
0.10367161987460755,1.643651709367924,3.534010604702435,0.764947634989796,1.0792654067925118,-2.5085388130942974,-0.18377541941225786,2.5085388130942974,0.18377541941225786,32.42336975523716,0.14310217823485172,-0.07358899317556199,-0.08547308314661908,-2.5085388130942974e-09,-1.8377541941225786e-10,-2.508538826219924,32.42337358840797,-0.18377542030737085,0.1431021456237542
0.10367161987460755,1.99322503820485,3.4773066869965694,0.764947634989796,1.0225614890866463,-2.5085388130942974,-0.14358268153495263,2.5085388130942974,0.14358268153495263,32.42336975523716,0.09219648068437712,-0.07478899783108713,-0.08230294927918826,-2.5085388130942974e-09,-1.4358268153495262e-10,-2.508538826219924,32.42337358840797,-0.1435826822325746,0.09219647444956608
0.10367161987460755,2.4171459380859606,3.4235819570446684,0.764947634989796,0.9688367591347453,-2.5085388130942974,-0.11218032587111348,2.5085388130942974,0.11218032587111348,32.42336975523716,0.059399452582997524,-0.07596262789523109,-0.07920249096259141,-2.5085388130942974e-09,-1.1218032587111349e-10,-2.508538826219924,32.42337358840797,-0.11218032641640963,0.05939945436273851
0.10367161987460755,2.931226717514774,3.3726798902178796,0.764947634989796,0.9179346923079563,-2.5085388130942974,-0.08764584543217176,2.5085388130942974,0.08764584543217176,32.42336975523716,0.03826930204894082,-0.07710909150497845,-0.0761738001151824,-2.5085388130942974e-09,-8.764584543217176e-11,-2.508538826219924,32.42337358840797,-0.08764584585862861,0.03826929660202091
0.10367161987460755,3.554642661036909,3.3244521855917495,0.764947634989796,0.8697069876818265,-2.5085388130942974,-0.06847719653039638,2.5085388130942974,0.06847719653039638,32.42336975523716,0.024655774011834514,-0.078227710237174,-0.07321866897352548,-2.5085388130942974e-09,-6.847719653039638e-11,-2.508538826219924,32.42337358840797,-0.06847719686356152,0.02465577681876911
0.10367161987460755,4.310647270019593,3.278758333878028,0.764947634989796,0.8240131359681051,-2.5085388130942974,-0.053500841044329936,2.5085388130942974,0.053500841044329936,32.42336975523716,0.01588498246833012,-0.07931791726906998,-0.07033859495180238,-2.5085388130942974e-09,-5.350084104432994e-11,-2.508538826219924,32.42337358840797,-0.05350084130443344,0.015884980468943696
0.10367161987460755,5.227439621485609,3.235465208057059,0.764947634989796,0.7807200101471361,-2.5085388130942974,-0.04179990036800194,2.5085388130942974,0.04179990036800194,32.42336975523716,0.010234222129795554,-0.08037925477430286,-0.06753478752103792,-2.5085388130942974e-09,-4.179990036800194e-11,-2.508538826219924,32.42337358840797,-0.04179990057156598,0.0102342219113575
0.10367161987460755,6.339216197606768,3.194446675518087,0.764947634989796,0.7397014776081641,-2.5085388130942974,-0.032658022503368904,2.5085388130942974,0.032658022503368904,32.42336975523716,0.006593605174624262,-0.08141137063420631,-0.06480817689704782,-2.5085388130942974e-09,-3.2658022503368906e-11,-2.508538826219924,32.42337358840797,-0.03265802266242773,0.006593606624755315
0.10367161987460755,7.687446419243286,3.155583230577464,0.764947634989796,0.7008380326675407,-2.5085388130942974,-0.025515525741467954,2.5085388130942974,0.025515525741467954,32.42336975523716,0.004248063863325616,-0.08241401454786539,-0.06215942431677293,-2.5085388130942974e-09,-2.5515525741467955e-11,-2.508538826219924,32.42337358840797,-0.025515525865501744,0.004248063454870414
0.10367161987460755,9.322419461107367,3.118761646304115,0.764947634989796,0.6640164483941917,-2.5085388130942974,-0.019935133971946847,2.5085388130942974,0.019935133971946847,32.42336975523716,0.0027369013019378032,-0.08338703362599065,-0.05958893367824173,-2.5085388130942974e-09,-1.9935133971946848e-11,-2.508538826219924,32.42337358840797,-0.019935134068892982,0.0027369016115552625
0.10367161987460755,11.305120044971734,3.083874644637875,0.764947634989796,0.6291294467279519,-2.5085388130942974,-0.01557520587685156,2.5085388130942974,0.01557520587685156,32.42336975523716,0.0017633041728060922,-0.08433036755368807,-0.05709686431940956,-2.5085388130942974e-09,-1.557520587685156e-11,-2.508538826219924,32.42337358840797,-0.015575205952653394,0.0017633045493487855
0.10367161987460755,13.709503178270442,3.0508205838395965,0.764947634989796,0.5960753859296735,-2.5085388130942974,-0.012168819053219565,2.5085388130942974,0.012168819053219565,32.42336975523716,0.0011360444761504365,-0.08524404340569527,-0.05468314471510164,-2.5085388130942974e-09,-1.2168819053219565e-11,-2.508538826219924,32.42337358840797,-0.01216881911233734,0.0011360446531749392
0.10367161987460755,16.625252686158202,3.0195031623624287,0.764947634989796,0.5647579644525057,-2.5085388130942974,-0.009507428557980204,2.5085388130942974,0.009507428557980204,32.42336975523716,0.0007319196946821074,-0.08612817019484076,-0.05234748687871894,-2.5085388130942974e-09,-9.507428557980204e-12,-2.508538826219924,32.42337358840797,-0.009507428604153944,0.000731919756892843
0.10367161987460755,20.161126430657447,2.989831138281513,0.764947634989796,0.5350859403715899,-2.5085388130942974,-0.0074280994227769615,2.5085388130942974,0.0074280994227769615,32.42336975523716,0.00047155410788037716,-0.08698293323056706,-0.05008940126571092,-2.5085388130942974e-09,-7.428099422776961e-12,-2.508538826219924,32.42337358840797,-0.007428099458894082,0.0004715539953984351
0.10367161987460755,24.44901299403245,2.9617180634646627,0.764947634989796,0.5069728655547395,-2.5085388130942974,-0.005803531490998793,2.5085388130942974,0.005803531490998793,32.42336975523716,0.00030380829792459155,-0.08780858835954966,-0.04790821198852405,-2.5085388130942974e-09,-5.803531490998793e-12,-2.508538826219924,32.42337358840797,-0.005803531519205938,0.0003038082833871013
0.10367161987460755,29.648851141244215,2.9350820317095474,0.764947634989796,0.48033683379962433,-2.5085388130942974,-0.004534265880143972,2.5085388130942974,0.004534265880143972,32.42336975523716,0.00019573465768906405,-0.08860545615494635,-0.04580307216725686,-2.5085388130942974e-09,-4.534265880143972e-12,-2.508538826219924,32.42337358840797,-0.004534265902158096,0.00019573468588407917
0.10367161987460755,35.95459555812005,2.909845440113588,0.764947634989796,0.45510024220366474,-2.5085388130942974,-0.00354259593554811,2.5085388130942974,0.00354259593554811,32.42336975523716,0.00012610602304932608,-0.0893739161148227,-0.04377297925607352,-2.5085388130942974e-09,-3.5425959355481098e-12,-2.508538826219924,32.42337358840797,-0.0035425959527779697,0.00012610596087102245
0.10367161987460755,43.601451388100436,2.885934762981325,0.764947634989796,0.431189565071402,-2.5085388130942974,-0.002767809893442663,2.5085388130942974,0.002767809893442663,32.42336975523716,8.124636299504802e-05,-0.09011440092400108,-0.04181679020206759,-2.5085388130942974e-09,-2.767809893442663e-12,-2.508538826219924,32.42337358840797,-0.0027678099069098063,8.124635763992965e-05
0.10367161987460755,52.87464741679016,2.8632803376105533,0.764947634989796,0.40853513970063016,-2.5085388130942974,-0.0021624740008780612,2.5085388130942974,0.0021624740008780612,32.42336975523716,5.234461717455907e-05,-0.09082739082713723,-0.03993323631028787,-2.5085388130942974e-09,-2.162474000878061e-12,-2.508538826219924,32.42337358840797,-0.002162474011399466,5.234460465020004e-05
0.10367161987460755,64.12007514531668,2.841816161333112,0.764947634989796,0.387070963423189,-2.5085388130942974,-0.001689528538629904,2.5085388130942974,0.001689528538629904,32.42336975523716,3.3724081252943594e-05,-0.09151340815438729,-0.03812093770565617,-2.5085388130942974e-09,-1.689528538629904e-12,-2.508538826219924,32.42337358840797,-0.0016895285468450398,3.372409098595545e-05
0.10367161987460755,77.75719059141188,2.821479699219027,0.764947634989796,0.36673450130910396,-2.5085388130942974,-0.0013200189605451172,2.5085388130942974,0.0013200189605451172,32.42336975523716,2.172742332917296e-05,-0.09217301203471207,-0.03637841729919043,-2.5085388130942974e-09,-1.3200189605451172e-12,-2.508538826219924,32.42337358840797,-0.0013200189669490797,2.1727417870031313e-05
0.10367161987460755,94.29466005719073,2.802211701883752,0.764947634989796,0.34746650397382856,-2.5085388130942974,-0.0010313232457213309,2.5085388130942974,0.0010313232457213309,32.42336975523716,1.39983331490723e-05,-0.09280679332578128,-0.03470411418202184,-2.5085388130942974e-09,-1.0313232457213309e-12,-2.508538826219924,32.42337358840797,-0.0010313232507332603,1.3998329124118205e-05
0.10367161987460755,114.34933345293979,2.7839560328677013,0.764947634989796,0.3292108349577785,-2.5085388130942974,-0.0008057669389278654,2.5085388130942974,0.0008057669389278654,32.42336975523716,9.018710041393375e-06,-0.09341536978366853,-0.0330963963859395,-2.5085388130942974e-09,-8.057669389278655e-13,-2.508538826219924,32.42337358840797,-0.000805766942845301,9.01871520182505e-06
0.10367161987460755,138.6692528845326,2.766659505085158,0.764947634989796,0.31191430717523483,-2.5085388130942974,-0.0006295410896271181,2.5085388130942974,0.0006295410896271181,32.42336975523716,5.810486859010076e-06,-0.0939993814901362,-0.031553572963442786,-2.5085388130942974e-09,-6.295410896271181e-13,-2.508538826219924,32.42337358840797,-0.0006295410926893784,5.810485123998944e-06
0.10367161987460755,168.16155472797897,2.7502717258660407,0.764947634989796,0.2955265279561175,-2.5085388130942974,-0.0004918568439358354,2.5085388130942974,0.0004918568439358354,32.42336975523716,3.7435240055142786e-06,-0.09455948655034033,-0.030073905353407135,-2.5085388130942974e-09,-4.918568439358354e-13,-2.508538826219924,32.42337358840797,-0.0004918568463254249,3.7435222118635078e-06
0.10367161987460755,203.9263059423702,2.7347449501390897,0.764947634989796,0.2799997522291665,-2.5085388130942974,-0.00038428493217148603,2.5085388130942974,0.00038428493217148603,32.42336975523716,2.4118412656128398e-06,-0.09509635706927048,-0.028655618010396084,-2.5085388130942974e-09,-3.8428493217148604e-13,-2.508538826219924,32.42337358840797,-0.0003842849340397061,2.411840696052486e-06
0.10367161987460755,247.29753672039521,2.7200339413287073,0.764947634989796,0.26528874341878433,-2.5085388130942974,-0.0003002396142592021,2.5085388130942974,0.0003002396142592021,32.42336975523716,1.553877651631041e-06,-0.09561067541119453,-0.027296908286340252,-2.5085388130942974e-09,-3.002396142592021e-13,-2.508538826219924,32.42337358840797,-0.0003002396157147192,1.5538776233140892e-06
0.10367161987460755,299.893,2.706095839560193,0.764947634989796,0.25135064165026993,-2.5085388130942974,-0.00023457548923695002,2.5085388130942974,0.00023457548923695002,32.42336975523716,1.001117192355889e-06,-0.096103130742804,-0.02599595556274528,-2.5085388130942974e-09,-2.3457548923695e-13,-2.508538826219924,32.42337358840797,-0.00023457549037856227,1.0011172199867804e-06
0.11786836421987126,0.134,4.5989586222749335,0.732288653606111,2.1768724057486954,-2.1121952023397186,-4.546708768677904,2.1121952023397186,4.546708768677904,24.01231345032233,43.4271127604176,-0.054134210342099344,-0.13247759439537238,-2.1121952023397187e-09,-4.5467087686779044e-09,-2.112195213409387,24.01231669580066,-4.546708790791364,43.42711186077002
0.11786836421987126,0.1624992409262676,4.484587131282195,0.732288653606111,2.0625009147559576,-2.1121952023397186,-3.552317493020029,2.1121952023397186,3.552317493020029,24.01231345032233,27.97879817191351,-0.05551480796888025,-0.12871840355565006,-2.1121952023397187e-09,-3.552317493020029e-09,-2.1121952133717103,24.01232308881537,-3.552317510294488,27.978804054645728
0.11786836421987126,0.19705972613144151,4.376224645648412,0.732288653606111,1.9541384291221735,-2.1121952023397186,-2.77540529055822,2.1121952023397186,2.77540529055822,24.01231345032233,18.025908180066246,-0.05688944548594005,-0.12497544133274748,-2.1121952023397187e-09,-2.77540529055822e-09,-2.1121952133717103,24.012310302785945,-2.77540530405747,18.025907839649417
0.11786836421987126,0.23897056651863752,4.273555456055721,0.732288653606111,1.851469239529483,-2.1121952023397186,-2.168408241097251,2.1121952023397186,2.168408241097251,24.01231345032233,11.613556941211405,-0.05825617474088455,-0.12125401229657892,-2.1121952023397187e-09,-2.168408241097251e-09,-2.1121952133717103,24.012310302785945,-2.16840825163613,11.613556019220834
0.11786836421987126,0.2897950422611845,4.1762804403529294,0.732288653606111,1.7541942238266917,-2.1121952023397186,-1.6941649264899823,2.1121952023397186,1.6941649264899823,24.01231345032233,7.482269602144617,-0.05961309279120236,-0.1175592979163274,-2.1121952023397187e-09,-1.6941649264899822e-09,-2.1121952133717103,24.01232308881537,-1.6941649347237013,7.4822704504074835
0.11786836421987126,0.35142891337043375,4.084116192076328,0.732288653606111,1.6620299755500898,-2.1121952023397186,-1.323641343798085,2.1121952023397186,1.323641343798085,24.01231345032233,4.8206039443879165,-0.060958352236857666,-0.11389632842611551,-2.1121952023397187e-09,-1.323641343798085e-09,-2.1121952133717103,24.012310302785945,-1.3236413502361302,4.820603252646514
0.11786836421987126,0.4261711318077503,3.996794194757468,0.732288653606111,1.5747079782312299,-2.1121952023397186,-1.0341533929884241,2.1121952023397186,1.0341533929884241,24.01231345032233,3.1057718612528524,-0.06229017089231186,-0.11026995648932729,-2.1121952023397187e-09,-1.034153392988424e-09,-2.1121952133717103,24.01231669580066,-1.0341533980170396,3.105772137584714
0.11786836421987126,0.5168095927122967,3.914060039612292,0.732288653606111,1.491973823086054,-2.1121952023397186,-0.8079781167613735,2.1121952023397186,0.8079781167613735,24.01231345032233,2.00095651196974,-0.06360684069565359,-0.10668483294018569,-2.1121952023397187e-09,-8.079781167613735e-10,-2.1121952133717103,24.012310302785945,-0.8079781206893998,2.0009563241234716
0.11786836421987126,0.6267251232773262,3.8356726843323674,0.732288653606111,1.4135864678061296,-2.1121952023397186,-0.6312686701909447,2.1121952023397186,0.6312686701909447,24.01231345032233,1.2891568156519335,-0.06490673576756889,-0.10314538484020745,-2.1121952023397187e-09,-6.312686701909447e-10,-2.1121952133717103,24.01232308881537,-0.6312686732584893,1.2891567686972332
0.11786836421987126,0.7600175880745298,3.7614037508187654,0.732288653606111,1.3393175342925274,-2.1121952023397186,-0.49320659272550027,2.1121952023397186,0.49320659272550027,24.01231345032233,0.8305654247856867,-0.06618831954922412,-0.09965579604266012,-2.1121952023397187e-09,-4.932065927255003e-10,-2.1121952133717103,24.01231669580066,-0.4932065951261141,0.8305655331949743
0.11786836421987126,0.9216588145725657,3.6910368598125514,0.732288653606111,1.2689506432863136,-2.1121952023397186,-0.38533948316224703,2.1121952023397186,0.38533948316224703,24.01231345032233,0.535108620203488,-0.06745015096529978,-0.09621999041140923,-2.1121952023397187e-09,-3.85339483162247e-10,-2.1121952133717103,24.01232308881537,-0.38533948503429355,0.5351087089840466
0.11786836421987126,1.117678042992877,3.6243670004833666,0.732288653606111,1.2022807839571288,-2.1121952023397186,-0.3010635289021562,2.1121952023397186,0.3010635289021562,24.01231345032233,0.3447545814828088,-0.06869088957592864,-0.09284161779284904,-2.1121952023397187e-09,-3.010635289021562e-10,-2.1121952133717103,24.01232308881537,-0.30106353036483285,0.34475462063060075
0.11786836421987126,1.3553868178082003,3.561199933139426,0.732288653606111,1.139113716613188,-2.1121952023397186,-0.23521920902368526,2.1121952023397186,0.23521920902368526,24.01231345032233,0.22211513133200658,-0.06990929969870227,-0.08952404279220587,-2.1121952023397187e-09,-2.352192090236853e-10,-2.1121952133717103,24.01231669580066,-0.2352192101667671,0.2221151165727118
0.11786836421987126,1.643651709367924,3.50135162331875,0.732288653606111,1.0792654067925118,-2.1121952023397186,-0.18377541941225786,2.1121952023397186,0.18377541941225786,24.01231345032233,0.14310217823485172,-0.0711042534987861,-0.08627033635954995,-2.1121952023397187e-09,-1.8377541941225786e-10,-2.1121952133717103,24.012310302785945,-0.18377542030737085,0.1431021456237542
0.11786836421987126,1.99322503820485,3.4446477056128844,0.732288653606111,1.0225614890866463,-2.1121952023397186,-0.14358268153495263,2.1121952023397186,0.14358268153495263,24.01231345032233,0.09219648068437712,-0.07227473306114089,-0.08308327014740113,-2.1121952023397187e-09,-1.4358268153495262e-10,-2.1121952133717103,24.01231669580066,-0.1435826822325746,0.09219647444956608
0.11786836421987126,2.4171459380859606,3.3909229756609833,0.732288653606111,0.9688367591347453,-2.1121952023397186,-0.11218032587111348,2.1121952023397186,0.11218032587111348,24.01231345032233,0.059399452582997524,-0.07341983147355724,-0.07996531356176428,-2.1121952023397187e-09,-1.1218032587111349e-10,-2.1121952133717103,24.01231669580066,-0.11218032641640963,0.05939945436273851
0.11786836421987126,2.931226717514774,3.3400209088341946,0.732288653606111,0.9179346923079563,-2.1121952023397186,-0.08764584543217176,2.1121952023397186,0.08764584543217176,24.01231345032233,0.03826930204894082,-0.07453875296239997,-0.07691863339251497,-2.1121952023397187e-09,-8.764584543217176e-11,-2.1121952133717103,24.012310302785945,-0.08764584585862861,0.03826929660202091
0.11786836421987126,3.554642661036909,3.2917932042080644,0.732288653606111,0.8697069876818265,-2.1121952023397186,-0.06847719653039638,2.1121952023397186,0.06847719653039638,24.01231345032233,0.024655774011834514,-0.0756308121344267,-0.07394509587783031,-2.1121952023397187e-09,-6.847719653039638e-11,-2.1121952133717103,24.01231669580066,-0.06847719686356152,0.02465577681876911
0.11786836421987126,4.310647270019593,3.246099352494343,0.732288653606111,0.8240131359681051,-2.1121952023397186,-0.053500841044329936,2.1121952023397186,0.053500841044329936,24.01231345032233,0.01588498246833012,-0.07669543238765564,-0.07104627103119295,-2.1121952023397187e-09,-5.350084104432994e-11,-2.1121952133717103,24.01231669580066,-0.05350084130443344,0.015884980468943696
0.11786836421987126,5.227439621485609,3.202806226673374,0.732288653606111,0.7807200101471361,-2.1121952023397186,-0.04179990036800194,2.1121952023397186,0.04179990036800194,24.01231345032233,0.010234222129795554,-0.07773214356193768,-0.06822343903858277,-2.1121952023397187e-09,-4.179990036800194e-11,-2.1121952133717103,24.01231669580066,-0.04179990057156598,0.0102342219113575
0.11786836421987126,6.339216197606768,3.161787694134402,0.732288653606111,0.7397014776081641,-2.1121952023397186,-0.032658022503368904,2.1121952023397186,0.032658022503368904,24.01231345032233,0.006593605174624262,-0.0787405789056309,-0.06547759851783463,-2.1121952023397187e-09,-3.2658022503368906e-11,-2.1121952133717103,24.01232308881537,-0.03265802266242773,0.006593606624755315
0.11786836421987126,7.687446419243286,3.1229242491937788,0.732288653606111,0.7008380326675407,-2.1121952023397186,-0.025515525741467954,2.1121952023397186,0.025515525741467954,24.01231345032233,0.004248063863325616,-0.07972047143862518,-0.06280947642165705,-2.1121952023397187e-09,-2.5515525741467955e-11,-2.1121952133717103,24.01231669580066,-0.025515525865501744,0.004248063454870414
0.11786836421987126,9.322419461107367,3.0861026649204297,0.732288653606111,0.6640164483941917,-2.1121952023397186,-0.019935133971946847,2.1121952023397186,0.019935133971946847,24.01231345032233,0.0027369013019378032,-0.08067164979401673,-0.060219539360221376,-2.1121952023397187e-09,-1.9935133971946848e-11,-2.1121952133717103,24.01231669580066,-0.019935134068892982,0.0027369016115552625
0.11786836421987126,11.305120044971734,3.05121566325419,0.732288653606111,0.6291294467279519,-2.1121952023397186,-0.01557520587685156,2.1121952023397186,0.01557520587685156,24.01231345032233,0.0017633041728060922,-0.08159403362111749,-0.05770800611817891,-2.1121952023397187e-09,-1.557520587685156e-11,-2.1121952133717103,24.01231669580066,-0.015575205952653394,0.0017633045493487855
0.11786836421987126,13.709503178270442,3.0181616024559115,0.732288653606111,0.5960753859296735,-2.1121952023397186,-0.012168819053219565,2.1121952023397186,0.012168819053219565,24.01231345032233,0.0011360444761504365,-0.08248762863136962,-0.05527486114400282,-2.1121952023397187e-09,-1.2168819053219565e-11,-2.1121952133717103,24.01231669580066,-0.01216881911233734,0.0011360446531749392
0.11786836421987126,16.625252686158202,2.9868441809787436,0.732288653606111,0.5647579644525057,-2.1121952023397186,-0.009507428557980204,2.1121952023397186,0.009507428557980204,24.01231345032233,0.0007319196946821074,-0.08335252136630103,-0.05291986879617624,-2.1121952023397187e-09,-9.507428557980204e-12,-2.1121952133717103,24.01231669580066,-0.009507428604153944,0.000731919756892843
0.11786836421987126,20.161126430657447,2.957172156897828,0.732288653606111,0.5350859403715899,-2.1121952023397186,-0.0074280994227769615,2.1121952023397186,0.0074280994227769615,24.01231345032233,0.00047155410788037716,-0.08418887376310584,-0.05064258814042195,-2.1121952023397187e-09,-7.428099422776961e-12,-2.1121952133717103,24.01231669580066,-0.007428099458894082,0.0004715539953984351
0.11786836421987126,24.44901299403245,2.9290590820809776,0.732288653606111,0.5069728655547395,-2.1121952023397186,-0.005803531490998793,2.1121952023397186,0.005803531490998793,24.01231345032233,0.00030380829792459155,-0.08499691758896374,-0.04844238810433912,-2.1121952023397187e-09,-5.803531490998793e-12,-2.1121952133717103,24.01231669580066,-0.005803531519205938,0.0003038082833871013
0.11786836421987126,29.648851141244215,2.9024230503258623,0.732288653606111,0.48033683379962433,-2.1121952023397186,-0.004534265880143972,2.1121952023397186,0.004534265880143972,24.01231345032233,0.00019573465768906405,-0.08577694881002657,-0.04631846280993319,-2.1121952023397187e-09,-4.534265880143972e-12,-2.1121952133717103,24.01231669580066,-0.004534265902158096,0.00019573468588407917
0.11786836421987126,35.95459555812005,2.877186458729903,0.732288653606111,0.45510024220366474,-2.1121952023397186,-0.00354259593554811,2.1121952023397186,0.00354259593554811,24.01231345032233,0.00012610602304932608,-0.08652932195529076,-0.04426984692007038,-2.1121952023397187e-09,-3.5425959355481098e-12,-2.1121952133717103,24.012310302785945,-0.0035425959527779697,0.00012610596087102245
0.11786836421987126,43.601451388100436,2.85327578159764,0.732288653606111,0.431189565071402,-2.1121952023397186,-0.002767809893442663,2.1121952023397186,0.002767809893442663,24.01231345032233,8.124636299504802e-05,-0.087254444529523,-0.042295430851367215,-2.1121952023397187e-09,-2.767809893442663e-12,-2.1121952133717103,24.01231669580066,-0.0027678099069098063,8.124635763992965e-05
0.11786836421987126,52.87464741679016,2.8306213562268683,0.732288653606111,0.40853513970063016,-2.1121952023397186,-0.0021624740008780612,2.1121952023397186,0.0021624740008780612,24.01231345032233,5.234461717455907e-05,-0.0879527715231754,-0.040393975722989264,-2.1121952023397187e-09,-2.162474000878061e-12,-2.1121952133717103,24.01231669580066,-0.002162474011399466,5.234460465020004e-05
0.11786836421987126,64.12007514531668,2.809157179949427,0.732288653606111,0.387070963423189,-2.1121952023397186,-0.001689528538629904,2.1121952023397186,0.001689528538629904,24.01231345032233,3.3724081252943594e-05,-0.08862480006096515,-0.03856412792788505,-2.1121952023397187e-09,-1.689528538629904e-12,-2.1121952133717103,24.01231669580066,-0.0016895285468450398,3.372409098595545e-05
0.11786836421987126,77.75719059141188,2.788820717835342,0.732288653606111,0.36673450130910396,-2.1121952023397186,-0.0013200189605451172,2.1121952023397186,0.0013200189605451172,24.01231345032233,2.172742332917296e-05,-0.08927106422462465,-0.036804433229775016,-2.1121952023397187e-09,-1.3200189605451172e-12,-2.1121952133717103,24.01231669580066,-0.0013200189669490797,2.1727417870031313e-05
0.11786836421987126,94.29466005719073,2.7695527205000667,0.732288653606111,0.34746650397382856,-2.1121952023397186,-0.0010313232457213309,2.1121952023397186,0.0010313232457213309,24.01231345032233,1.39983331490723e-05,-0.0898921300793619,-0.03511335030546465,-2.1121952023397187e-09,-1.0313232457213309e-12,-2.1121952133717103,24.01231669580066,-0.0010313232507332603,1.3998329124118205e-05
0.11786836421987126,114.34933345293979,2.7512970514840163,0.732288653606111,0.3292108349577785,-2.1121952023397186,-0.0008057669389278654,2.1121952023397186,0.0008057669389278654,24.01231345032233,9.018710041393375e-06,-0.0904885909278884,-0.03348926366751945,-2.1121952023397187e-09,-8.057669389278655e-13,-2.1121952133717103,24.01232308881537,-0.000805766942845301,9.01871520182505e-06
0.11786836421987126,138.6692528845326,2.734000523701473,0.732288653606111,0.31191430717523483,-2.1121952023397186,-0.0006295410896271181,2.1121952023397186,0.0006295410896271181,24.01231345032233,5.810486859010076e-06,-0.09106106281054496,-0.03193049591684686,-2.1121952023397187e-09,-6.295410896271181e-13,-2.1121952133717103,24.01231669580066,-0.0006295410926893784,5.810485123998944e-06
0.11786836421987126,168.16155472797897,2.7176127444823557,0.732288653606111,0.2955265279561175,-2.1121952023397186,-0.0004918568439358354,2.1121952023397186,0.0004918568439358354,24.01231345032233,3.7435240055142786e-06,-0.09161018026512976,-0.030435319288142974,-2.1121952023397187e-09,-4.918568439358354e-13,-2.1121952133717103,24.01231669580066,-0.0004918568463254249,3.7435222118635078e-06
0.11786836421987126,203.9263059423702,2.7020859687554046,0.732288653606111,0.2799997522291665,-2.1121952023397186,-0.00038428493217148603,2.1121952023397186,0.00038428493217148603,24.01231345032233,2.4118412656128398e-06,-0.09213659235554057,-0.029001966463391673,-2.1121952023397187e-09,-3.8428493217148604e-13,-2.1121952133717103,24.01231669580066,-0.0003842849340397061,2.411840696052486e-06
0.11786836421987126,247.29753672039521,2.6873749599450223,0.732288653606111,0.26528874341878433,-2.1121952023397186,-0.0003002396142592021,2.1121952023397186,0.0003002396142592021,24.01231345032233,1.553877651631041e-06,-0.09264095897430548,-0.02762864063960069,-2.1121952023397187e-09,-3.002396142592021e-13,-2.1121952133717103,24.01231669580066,-0.0003002396157147192,1.5538776233140892e-06
0.11786836421987126,299.893,2.673436858176508,0.732288653606111,0.25135064165026993,-2.1121952023397186,-0.00023457548923695002,2.1121952023397186,0.00023457548923695002,24.01231345032233,1.001117192355889e-06,-0.09312394742049507,-0.026313524846709548,-2.1121952023397187e-09,-2.3457548923695e-13,-2.1121952133717103,24.01231669580066,-0.00023457549037856227,1.0011172199867804e-06
0.13400920426122376,0.134,4.567693996551991,0.7010240278831688,2.1768724057486954,-1.7784730096656556,-4.546708768677904,1.7784730096656556,4.546708768677904,17.783197785708172,43.4271127604176,-0.052177696887152986,-0.1333843675742617,-1.7784730096656556e-09,-4.5467087686779044e-09,-1.7784730189861822,17.783196214628884,-4.546708790791364,43.42711186077002
0.13400920426122376,0.1624992409262676,4.453322505559253,0.7010240278831688,2.0625009147559576,-1.7784730096656556,-3.552317493020029,1.7784730096656556,3.552317493020029,17.783197785708172,27.97879817191351,-0.05351773928967407,-0.12962207327770553,-1.7784730096656556e-09,-3.552317493020029e-09,-1.7784730189530433,17.783201160365223,-3.552317510294488,27.978804054645728
0.13400920426122376,0.19705972613144151,4.34496001992547,0.7010240278831688,1.9541384291221735,-1.7784730096656556,-2.77540529055822,1.7784730096656556,2.77540529055822,17.783197785708172,18.025908180066246,-0.0548524616411652,-0.12587471552167198,-1.7784730096656556e-09,-2.77540529055822e-09,-1.7784730189861822,17.783196214628884,-2.77540530405747,18.025907839649417
0.13400920426122376,0.23897056651863752,4.242290830332779,0.7010240278831688,1.851469239529483,-1.7784730096656556,-2.168408241097251,1.7784730096656556,2.168408241097251,17.783197785708172,11.613556941211405,-0.056179965579272344,-0.12214762413590682,-1.7784730096656556e-09,-2.168408241097251e-09,-1.7784730189861822,17.783196214628884,-2.16840825163613,11.613556019220834
0.13400920426122376,0.2897950422611845,4.145015814629987,0.7010240278831688,1.7541942238266917,-1.7784730096656556,-1.6941649264899823,1.7784730096656556,1.6941649264899823,17.783197785708172,7.482269602144617,-0.057498394091563515,-0.1184460128563846,-1.7784730096656556e-09,-1.6941649264899822e-09,-1.7784730189530433,17.783201160365223,-1.6941649347237013,7.4822704504074835
0.13400920426122376,0.35142891337043375,4.052851566353386,0.7010240278831688,1.6620299755500898,-1.7784730096656556,-1.323641343798085,1.7784730096656556,1.323641343798085,17.783197785708172,4.8206039443879165,-0.058805941674247096,-0.11477495080375757,-1.7784730096656556e-09,-1.323641343798085e-09,-1.7784730189861822,17.783196214628884,-1.3236413502361302,4.820603252646514
0.13400920426122376,0.4261711318077503,3.965529569034526,0.7010240278831688,1.5747079782312299,-1.7784730096656556,-1.0341533929884241,1.7784730096656556,1.0341533929884241,17.783197785708172,3.1057718612528524,-0.060100863876141525,-0.11113933568776894,-1.7784730096656556e-09,-1.034153392988424e-09,-1.7784730189696127,17.783198687497055,-1.0341533980170396,3.105772137584714
0.13400920426122376,0.5168095927122967,3.88279541388935,0.7010240278831688,1.491973823086054,-1.7784730096656556,-0.8079781167613735,1.7784730096656556,0.8079781167613735,17.783197785708172,2.00095651196974,-0.061381486125385146,-0.10754386902543964,-1.7784730096656556e-09,-8.079781167613735e-10,-1.7784730189861822,17.783196214628884,-0.8079781206893998,2.0009563241234716
0.13400920426122376,0.6267251232773262,3.8044080586094253,0.7010240278831688,1.4135864678061296,-1.7784730096656556,-0.6312686701909447,1.7784730096656556,0.6312686701909447,17.783197785708172,1.2891568156519335,-0.06264621175060607,-0.10399303362088443,-1.7784730096656556e-09,-6.312686701909447e-10,-1.7784730189530433,17.783201160365223,-0.6312686732584893,1.2891567686972332
0.13400920426122376,0.7600175880745298,3.7301391250958233,0.7010240278831688,1.3393175342925274,-1.7784730096656556,-0.49320659272550027,1.7784730096656556,0.49320659272550027,17.783197785708172,0.8305654247856867,-0.06389352912385961,-0.1004910735108472,-1.7784730096656556e-09,-4.932065927255003e-10,-1.7784730189696127,17.783198687497055,-0.4932065951261141,0.8305655331949743
0.13400920426122376,0.9216588145725657,3.6597722340896093,0.7010240278831688,1.2689506432863136,-1.7784730096656556,-0.38533948316224703,1.7784730096656556,0.38533948316224703,17.783197785708172,0.535108620203488,-0.06512201786913788,-0.09704197653373035,-1.7784730096656556e-09,-3.85339483162247e-10,-1.7784730189530433,17.783201160365223,-0.38533948503429355,0.5351087089840466
0.13400920426122376,1.117678042992877,3.5931023747604245,0.7010240278831688,1.2022807839571288,-1.7784730096656556,-0.3010635289021562,1.7784730096656556,0.3010635289021562,17.783197785708172,0.3447545814828088,-0.06633035409720252,-0.09364945963231218,-1.7784730096656556e-09,-3.010635289021562e-10,-1.7784730189530433,17.783201160365223,-0.30106353036483285,0.34475462063060075
0.13400920426122376,1.3553868178082003,3.529935307416484,0.7010240278831688,1.139113716613188,-1.7784730096656556,-0.23521920902368526,1.7784730096656556,0.23521920902368526,17.783197785708172,0.22211513133200658,-0.0675173146444404,-0.09031695695276352,-1.7784730096656556e-09,-2.352192090236853e-10,-1.7784730189696127,17.783198687497055,-0.2352192101667671,0.2221151165727118
0.13400920426122376,1.643651709367924,3.470086997595808,0.7010240278831688,1.0792654067925118,-1.7784730096656556,-0.18377541941225786,1.7784730096656556,0.18377541941225786,17.783197785708172,0.14310217823485172,-0.06868178030996987,-0.08704761075616951,-1.7784730096656556e-09,-1.8377541941225786e-10,-1.7784730189861822,17.783196214628884,-0.18377542030737085,0.1431021456237542
0.13400920426122376,1.99322503820485,3.4133830798899423,0.7010240278831688,1.0225614890866463,-1.7784730096656556,-0.14358268153495263,1.7784730096656556,0.14358268153495263,17.783197785708172,0.09219648068437712,-0.06982273810094668,-0.08384426511462302,-1.7784730096656556e-09,-1.4358268153495262e-10,-1.7784730189696127,17.783198687497055,-0.1435826822325746,0.09219647444956608
0.13400920426122376,2.4171459380859606,3.3596583499380412,0.7010240278831688,0.9688367591347453,-1.7784730096656556,-0.11218032587111348,1.7784730096656556,0.11218032587111348,17.783197785708172,0.059399452582997524,-0.07093928251060216,-0.08070946232301329,-1.7784730096656556e-09,-1.1218032587111349e-10,-1.7784730189696127,17.783198687497055,-0.11218032641640963,0.05939945436273851
0.13400920426122376,2.931226717514774,3.3087562831112525,0.7010240278831688,0.9179346923079563,-1.7784730096656556,-0.08764584543217176,1.7784730096656556,0.08764584543217176,17.783197785708172,0.03826930204894082,-0.07203061586671254,-0.07764544192066558,-1.7784730096656556e-09,-8.764584543217176e-11,-1.7784730189861822,17.783196214628884,-0.08764584585862861,0.03826929660202091
0.13400920426122376,3.554642661036909,3.2605285784851223,0.7010240278831688,0.8697069876818265,-1.7784730096656556,-0.06847719653039638,1.7784730096656556,0.06847719653039638,17.783197785708172,0.024655774011834514,-0.07309604779973736,-0.0746541421845925,-1.7784730096656556e-09,-6.847719653039638e-11,-1.7784730189696127,17.783198687497055,-0.06847719686356152,0.02465577681876911
0.13400920426122376,4.310647270019593,3.214834726771401,0.7010240278831688,0.8240131359681051,-1.7784730096656556,-0.053500841044329936,1.7784730096656556,0.053500841044329936,17.783197785708172,0.01588498246833012,-0.07413499388962691,-0.07173720392870823,-1.7784730096656556e-09,-5.350084104432994e-11,-1.7784730189696127,17.783198687497055,-0.05350084130443344,0.015884980468943696
0.13400920426122376,5.227439621485609,3.171541600950432,0.7010240278831688,0.7807200101471361,-1.7784730096656556,-0.04179990036800194,1.7784730096656556,0.04179990036800194,17.783197785708172,0.010234222129795554,-0.07514697355820152,-0.06889597642117111,-1.7784730096656556e-09,-4.179990036800194e-11,-1.7784730189696127,17.783198687497055,-0.04179990057156598,0.0102342219113575
0.13400920426122376,6.339216197606768,3.1305230684114598,0.7010240278831688,0.7397014776081641,-1.7784730096656556,-0.032658022503368904,1.7784730096656556,0.032658022503368904,17.783197785708172,0.006593605174624262,-0.0761316072800244,-0.06613152521511846,-1.7784730096656556e-09,-3.2658022503368906e-11,-1.7784730189530433,17.783201160365223,-0.03265802266242773,0.006593606624755315
0.13400920426122376,7.687446419243286,3.0916596234708367,0.7010240278831688,0.7008380326675407,-1.7784730096656556,-0.025515525741467954,1.7784730096656556,0.025515525741467954,17.783197785708172,0.004248063863325616,-0.07708861318885946,-0.06344464167635365,-1.7784730096656556e-09,-2.5515525741467955e-11,-1.7784730189696127,17.783198687497055,-0.025515525865501744,0.004248063454870414
0.13400920426122376,9.322419461107367,3.0548380391974876,0.7010240278831688,0.6640164483941917,-1.7784730096656556,-0.019935133971946847,1.7784730096656556,0.019935133971946847,17.783197785708172,0.0027369013019378032,-0.07801780315920397,-0.060835853984809424,-1.7784730096656556e-09,-1.9935133971946848e-11,-1.7784730189696127,17.783198687497055,-0.019935134068892982,0.0027369016115552625
0.13400920426122376,11.305120044971734,3.0199510375312477,0.7010240278831688,0.6291294467279519,-1.7784730096656556,-0.01557520587685156,1.7784730096656556,0.01557520587685156,17.783197785708172,0.0017633041728060922,-0.0789190784431359,-0.05830543938450664,-1.7784730096656556e-09,-1.557520587685156e-11,-1.7784730189696127,17.783198687497055,-0.015575205952653394,0.0017633045493487855
0.13400920426122376,13.709503178270442,2.9868969767329694,0.7010240278831688,0.5960753859296735,-1.7784730096656556,-0.012168819053219565,1.7784730096656556,0.012168819053219565,17.783197785708172,0.0011360444761504365,-0.07979242494196853,-0.05585343745882606,-1.7784730096656556e-09,-1.2168819053219565e-11,-1.7784730189696127,17.783198687497055,-0.01216881911233734,0.0011360446531749392
0.13400920426122376,16.625252686158202,2.9555795552558015,0.7010240278831688,0.5647579644525057,-1.7784730096656556,-0.009507428557980204,1.7784730096656556,0.009507428557980204,17.783197785708172,0.0007319196946821074,-0.08063790819013529,-0.05347966421372048,-1.7784730096656556e-09,-9.507428557980204e-12,-1.7784730189696127,17.783198687497055,-0.009507428604153944,0.000731919756892843
0.13400920426122376,20.161126430657447,2.925907531174886,0.7010240278831688,0.5350859403715899,-1.7784730096656556,-0.0074280994227769615,1.7784730096656556,0.0074280994227769615,17.783197785708172,0.00047155410788037716,-0.08145566812552586,-0.051183726760484764,-1.7784730096656556e-09,-7.428099422776961e-12,-1.7784730189696127,17.783198687497055,-0.007428099458894082,0.0004715539953984351
0.13400920426122376,24.44901299403245,2.8977944563580356,0.7010240278831688,0.5069728655547395,-1.7784730096656556,-0.005803531490998793,1.7784730096656556,0.005803531490998793,17.783197785708172,0.00030380829792459155,-0.08224591371635616,-0.04896503840132089,-1.7784730096656556e-09,-5.803531490998793e-12,-1.7784730189696127,17.783198687497055,-0.005803531519205938,0.0003038082833871013
0.13400920426122376,29.648851141244215,2.8711584246029203,0.7010240278831688,0.48033683379962433,-1.7784730096656556,-0.004534265880143972,1.7784730096656556,0.004534265880143972,17.783197785708172,0.00019573465768906405,-0.0830089175097746,-0.046822833934635176,-1.7784730096656556e-09,-4.534265880143972e-12,-1.7784730189696127,17.783198687497055,-0.004534265902158096,0.00019573468588407917
0.13400920426122376,35.95459555812005,2.845921833006961,0.7010240278831688,0.45510024220366474,-1.7784730096656556,-0.00354259593554811,1.7784730096656556,0.00354259593554811,17.783197785708172,0.00012610602304932608,-0.08374501016197632,-0.04475618501225387,-1.7784730096656556e-09,-3.5425959355481098e-12,-1.7784730189861822,17.783196214628884,-0.0035425959527779697,0.00012610596087102245
0.13400920426122376,43.601451388100436,2.822011155874698,0.7010240278831688,0.431189565071402,-1.7784730096656556,-0.002767809893442663,1.7784730096656556,0.002767809893442663,17.783197785708172,8.124636299504802e-05,-0.08445457500379228,-0.04276401539703982,-1.7784730096656556e-09,-2.767809893442663e-12,-1.7784730189696127,17.783198687497055,-0.0027678099069098063,8.124635763992965e-05
0.13400920426122376,52.87464741679016,2.799356730503926,0.7010240278831688,0.40853513970063016,-1.7784730096656556,-0.0021624740008780612,1.7784730096656556,0.0021624740008780612,17.783197785708172,5.234461717455907e-05,-0.08513804268970569,-0.040845115986278796,-1.7784730096656556e-09,-2.162474000878061e-12,-1.7784730189696127,17.783198687497055,-0.002162474011399466,5.234460465020004e-05
0.13400920426122376,64.12007514531668,2.7778925542264847,0.7010240278831688,0.387070963423189,-1.7784730096656556,-0.001689528538629904,1.7784730096656556,0.001689528538629904,17.783197785708172,3.3724081252943594e-05,-0.08579588597217096,-0.038998159483267764,-1.7784730096656556e-09,-1.689528538629904e-12,-1.7784730189696127,17.783198687497055,-0.0016895285468450398,3.372409098595545e-05
0.13400920426122376,77.75719059141188,2.7575560921124,0.7010240278831688,0.36673450130910396,-1.7784730096656556,-0.0013200189605451172,1.7784730096656556,0.0013200189605451172,17.783197785708172,2.172742332917296e-05,-0.0864286146370957,-0.03722171461642216,-1.7784730096656556e-09,-1.3200189605451172e-12,-1.7784730189696127,17.783198687497055,-0.0013200189669490797,2.1727417870031313e-05
0.13400920426122376,94.29466005719073,2.7382880947771246,0.7010240278831688,0.34746650397382856,-1.7784730096656556,-0.0010313232457213309,1.7784730096656556,0.0010313232457213309,17.783197785708172,1.39983331490723e-05,-0.08703677063050466,-0.035514259821622866,-1.7784730096656556e-09,-1.0313232457213309e-12,-1.7784730189696127,17.783198687497055,-0.0010313232507332603,1.3998329124118205e-05
0.13400920426122376,114.34933345293979,2.720032425761074,0.7010240278831688,0.3292108349577785,-1.7784730096656556,-0.0008057669389278654,1.7784730096656556,0.0008057669389278654,17.783197785708172,9.018710041393375e-06,-0.08762092340082019,-0.03387419631919876,-1.7784730096656556e-09,-8.057669389278655e-13,-1.7784730189530433,17.783201160365223,-0.000805766942845301,9.01871520182505e-06
0.13400920426122376,138.6692528845326,2.7027358979785308,0.7010240278831688,0.31191430717523483,-1.7784730096656556,-0.0006295410896271181,1.7784730096656556,0.0006295410896271181,17.783197785708172,5.810486859010076e-06,-0.0881816654759404,-0.03229986053169317,-1.7784730096656556e-09,-6.295410896271181e-13,-1.7784730189696127,17.783198687497055,-0.0006295410926893784,5.810485123998944e-06
0.13400920426122376,168.16155472797897,2.6863481187594136,0.7010240278831688,0.2955265279561175,-1.7784730096656556,-0.0004918568439358354,1.7784730096656556,0.0004918568439358354,17.783197785708172,3.7435240055142786e-06,-0.088719608289421,-0.03078953580224892,-1.7784730096656556e-09,-4.918568439358354e-13,-1.7784730189696127,17.783198687497055,-0.0004918568463254249,3.7435222118635078e-06
0.13400920426122376,203.9263059423702,2.6708213430324625,0.7010240278831688,0.2799997522291665,-1.7784730096656556,-0.00038428493217148603,1.7784730096656556,0.00038428493217148603,17.783197785708172,2.4118412656128398e-06,-0.08923537826560696,-0.02934146338596671,-1.7784730096656556e-09,-3.8428493217148604e-13,-1.7784730189696127,17.783198687497055,-0.0003842849340397061,2.411840696052486e-06
0.13400920426122376,247.29753672039521,2.65611033422208,0.7010240278831688,0.26528874341878433,-1.7784730096656556,-0.0003002396142592021,1.7784730096656556,0.0003002396142592021,17.783197785708172,1.553877651631041e-06,-0.0897296131695375,-0.02795385269788809,-1.7784730096656556e-09,-3.002396142592021e-13,-1.7784730189696127,17.783198687497055,-0.0003002396157147192,1.5538776233140892e-06
0.13400920426122376,299.893,2.6421722324535657,0.7010240278831688,0.25135064165026993,-1.7784730096656556,-0.00023457548923695002,1.7784730096656556,0.00023457548923695002,17.783197785708172,1.001117192355889e-06,-0.09020295872386765,-0.026624890811304428,-1.7784730096656556e-09,-2.3457548923695e-13,-1.7784730189696127,17.783198687497055,-0.00023457549037856227,1.0011172199867804e-06
0.15236036357666524,0.134,4.537764195309508,0.6710942266406854,2.1768724057486954,-1.4974781888556221,-4.546708768677904,1.4974781888556221,4.546708768677904,13.169998140323761,43.4271127604176,-0.05027945734553685,-0.13426413290329278,-1.4974781888556222e-09,-4.5467087686779044e-09,-1.4974781966981816,13.169995586981944,-4.546708790791364,43.42711186077002
0.15236036357666524,0.1624992409262676,4.42339270431677,0.6710942266406854,2.0625009147559576,-1.4974781888556221,-3.552317493020029,1.4974781888556221,3.552317493020029,13.169998140323761,27.97879817191351,-0.051579485827589304,-0.13049912922755466,-1.4974781888556222e-09,-3.552317493020029e-09,-1.4974781966690343,13.169999413081058,-3.552317510294488,27.978804054645728
0.15236036357666524,0.19705972613144151,4.3150302186829865,0.6710942266406854,1.9541384291221735,-1.4974781888556221,-2.77540529055822,1.4974781888556221,2.77540529055822,13.169998140323761,18.025908180066246,-0.05287479107662091,-0.12674780447495573,-1.4974781888556222e-09,-2.77540529055822e-09,-1.4974781966981816,13.169995586981944,-2.77540530405747,18.025907839649417
0.15236036357666524,0.23897056651863752,4.212361029090296,0.6710942266406854,1.851469239529483,-1.4974781888556221,-2.168408241097251,1.4974781888556221,2.168408241097251,13.169998140323761,11.613556941211405,-0.05416352485614025,-0.12301551131067226,-1.4974781888556222e-09,-2.168408241097251e-09,-1.4974781966981816,13.169995586981944,-2.16840825163613,11.613556019220834
0.15236036357666524,0.2897950422611845,4.115086013387504,0.6710942266406854,1.7541942238266917,-1.4974781888556221,-1.6941649264899823,1.4974781888556221,1.6941649264899823,13.169998140323761,7.482269602144617,-0.055443876643140294,-0.11930749317811376,-1.4974781888556222e-09,-1.6941649264899822e-09,-1.4974781966981816,13.169995586981944,-1.6941649347237013,7.4822704504074835
0.15236036357666524,0.35142891337043375,4.022921765110903,0.6710942266406854,1.6620299755500898,-1.4974781888556221,-1.323641343798085,1.4974781888556221,1.323641343798085,13.169998140323761,4.8206039443879165,-0.05671408359985321,-0.11562885541979168,-1.4974781888556222e-09,-1.323641343798085e-09,-1.4974781966981816,13.169995586981944,-1.3236413502361302,4.820603252646514
0.15236036357666524,0.4261711318077503,3.9355997677920427,0.6710942266406854,1.5747079782312299,-1.4974781888556221,-1.0341533929884241,1.4974781888556221,1.0341533929884241,13.169998140323761,3.1057718612528524,-0.057972439974547874,-0.1119845380517336,-1.4974781888556222e-09,-1.034153392988424e-09,-1.4974781966981816,13.169995586981944,-1.0341533980170396,3.105772137584714
0.15236036357666524,0.5168095927122967,3.852865612646867,0.6710942266406854,1.491973823086054,-1.4974781888556221,-0.8079781167613735,1.4974781888556221,0.8079781167613735,13.169998140323761,2.00095651196974,-0.059217305829005654,-0.10837929048789957,-1.4974781888556222e-09,-8.079781167613735e-10,-1.4974781966981816,13.169995586981944,-0.8079781206893998,2.0009563241234716
0.15236036357666524,0.6267251232773262,3.774478257366942,0.6710942266406854,1.4135864678061296,-1.4974781888556221,-0.6312686701909447,1.4974781888556221,0.6312686701909447,13.169998140323761,1.2891568156519335,-0.06044711500373816,-0.10481764847216911,-1.4974781888556222e-09,-6.312686701909447e-10,-1.4974781966981816,13.169995586981944,-0.6312686732584893,1.2891567686972332
0.15236036357666524,0.7600175880745298,3.7002093238533402,0.6710942266406854,1.3393175342925274,-1.4974781888556221,-0.49320659272550027,1.4974781888556221,0.49320659272550027,13.169998140323761,0.8305654247856867,-0.06166038224685363,-0.10130391343247933,-1.4974781888556222e-09,-4.932065927255003e-10,-1.4974781966981816,13.169995586981944,-0.4932065951261141,0.8305655331949743
0.15236036357666524,0.9216588145725657,3.629842432847126,0.6710942266406854,1.2689506432863136,-1.4974781888556221,-0.38533948316224703,1.4974781888556221,0.38533948316224703,13.169998140323761,0.535108620203488,-0.06285570944830535,-0.09784213442586069,-1.4974781888556222e-09,-3.85339483162247e-10,-1.4974781966981816,13.169995586981944,-0.38533948503429355,0.5351087089840466
0.15236036357666524,1.117678042992877,3.5631725735179414,0.6710942266406854,1.2022807839571288,-1.4974781888556221,-0.3010635289021562,1.4974781888556221,0.3010635289021562,13.169998140323761,0.3447545814828088,-0.06403179093762183,-0.09443609279571626,-1.4974781888556222e-09,-3.010635289021562e-10,-1.4974781966981816,13.169995586981944,-0.30106353036483285,0.34475462063060075
0.15236036357666524,1.3553868178082003,3.5000055061740007,0.6710942266406854,1.139113716613188,-1.4974781888556221,-0.23521920902368526,1.4974781888556221,0.23521920902368526,13.169998140323761,0.22211513133200658,-0.06518741781968673,-0.09108928961499899,-1.4974781888556222e-09,-2.352192090236853e-10,-1.4974781966981816,13.169995586981944,-0.2352192101667671,0.2221151165727118
0.15236036357666524,1.643651709367924,3.440157196353325,0.6710942266406854,1.0792654067925118,-1.4974781888556221,-0.18377541941225786,1.4974781888556221,0.18377541941225786,13.169998140323761,0.14310217823485172,-0.06632148133928928,-0.08780493594216011,-1.4974781888556222e-09,-1.8377541941225786e-10,-1.4974781966981816,13.169995586981944,-0.18377542030737085,0.1431021456237542
0.15236036357666524,1.99322503820485,3.383453278647459,0.6710942266406854,1.0225614890866463,-1.4974781888556221,-0.14358268153495263,1.4974781888556221,0.14358268153495263,13.169998140323761,0.09219648068437712,-0.06743297528062057,-0.08458594587198401,-1.4974781888556222e-09,-1.4358268153495262e-10,-1.4974781966981816,13.169995586981944,-0.1435826822325746,0.09219647444956608
0.15236036357666524,2.4171459380859606,3.329728548695558,0.6710942266406854,0.9688367591347453,-1.4974781888556221,-0.11218032587111348,1.4974781888556221,0.11218032587111348,13.169998140323761,0.059399452582997524,-0.06852099742231252,-0.08143493232165983,-1.4974781888556222e-09,-1.1218032587111349e-10,-1.4974781966981816,13.169995586981944,-0.11218032641640963,0.05939945436273851
0.15236036357666524,2.931226717514774,3.2788264818687693,0.6710942266406854,0.9179346923079563,-1.4974781888556221,-0.08764584543217176,1.4974781888556221,0.08764584543217176,13.169998140323761,0.03826930204894082,-0.06958475008172159,-0.07835420545448508,-1.4974781888556222e-09,-8.764584543217176e-11,-1.4974781966981816,13.169995586981944,-0.08764584585862861,0.03826929660202091
0.15236036357666524,3.554642661036909,3.230598777242639,0.6710942266406854,0.8697069876818265,-1.4974781888556221,-0.06847719653039638,1.4974781888556221,0.06847719653039638,13.169998140323761,0.024655774011834514,-0.0706235397937293,-0.07534577361008941,-1.4974781888556222e-09,-6.847719653039638e-11,-1.4974781966981816,13.169995586981944,-0.06847719686356152,0.02465577681876911
0.15236036357666524,4.310647270019593,3.184904925528918,0.6710942266406854,0.8240131359681051,-1.4974781888556221,-0.053500841044329936,1.4974781888556221,0.053500841044329936,13.169998140323761,0.01588498246833012,-0.07163677617920691,-0.07241134658146613,-1.4974781888556222e-09,-5.350084104432994e-11,-1.4974781966981816,13.169995586981944,-0.05350084130443344,0.015884980468943696
0.15236036357666524,5.227439621485609,3.141611799707949,0.6710942266406854,0.7807200101471361,-1.4974781888556221,-0.04179990036800194,1.4974781888556221,0.04179990036800194,13.169998140323761,0.010234222129795554,-0.07262397006637761,-0.06955234105568266,-1.4974781888556222e-09,-4.179990036800194e-11,-1.4974781966981816,13.169995586981944,-0.04179990057156598,0.0102342219113575
0.15236036357666524,6.339216197606768,3.1005932671689767,0.6710942266406854,0.7397014776081641,-1.4974781888556221,-0.032658022503368904,1.4974781888556221,0.032658022503368904,13.169998140323761,0.006593605174624262,-0.07358473093457009,-0.06676988801700831,-1.4974781888556222e-09,-3.2658022503368906e-11,-1.4974781966981816,13.169995586981944,-0.03265802266242773,0.006593606624755315
0.15236036357666524,7.687446419243286,3.0617298222283535,0.6710942266406854,0.7008380326675407,-1.4974781888556221,-0.025515525741467954,1.4974781888556221,0.025515525741467954,13.169998140323761,0.004248063863325616,-0.07451876375431278,-0.0640648418982961,-1.4974781888556222e-09,-2.5515525741467955e-11,-1.4974781966981816,13.169995586981944,-0.025515525865501744,0.004248063454870414
0.15236036357666524,9.322419461107367,3.0249082379550045,0.6710942266406854,0.6640164483941917,-1.4974781888556221,-0.019935133971946847,1.4974781888556221,0.019935133971946847,13.169998140323761,0.0027369013019378032,-0.07542586530043448,-0.06143779125858704,-1.4974781888556222e-09,-1.9935133971946848e-11,-1.4974781966981816,13.169995586981944,-0.019935134068892982,0.0027369016115552625
0.15236036357666524,11.305120044971734,2.9900212362887646,0.6710942266406854,0.6291294467279519,-1.4974781888556221,-0.01557520587685156,1.4974781888556221,0.01557520587685156,13.169998140323761,0.0017633041728060922,-0.07630592001592537,-0.05888907076175396,-1.4974781888556222e-09,-1.557520587685156e-11,-1.4974781966981816,13.169995586981944,-0.015575205952653394,0.0017633045493487855
0.15236036357666524,13.709503178270442,2.9569671754904863,0.6710942266406854,0.5960753859296735,-1.4974781888556221,-0.012168819053219565,1.4974781888556221,0.012168819053219565,13.169998140323761,0.0011360444761504365,-0.07715889550391217,-0.05641877423216202,-1.4974781888556222e-09,-1.2168819053219565e-11,-1.4974781966981816,13.169995586981944,-0.01216881911233734,0.0011360446531749392
0.15236036357666524,16.625252686158202,2.9256497540133184,0.6710942266406854,0.5647579644525057,-1.4974781888556221,-0.009507428557980204,1.4974781888556221,0.009507428557980204,13.169998140323761,0.0007319196946821074,-0.07798483772337778,-0.05402676856831238,-1.4974781888556222e-09,-9.507428557980204e-12,-1.4974781966981816,13.169995586981944,-0.009507428604153944,0.000731919756892843
0.15236036357666524,20.161126430657447,2.8959777299324028,0.6710942266406854,0.5350859403715899,-1.4974781888556221,-0.0074280994227769615,1.4974781888556221,0.0074280994227769615,13.169998140323761,0.00047155410788037716,-0.07878386596139132,-0.051712708303732556,-1.4974781888556222e-09,-7.428099422776961e-12,-1.4974781966981816,13.169995586981944,-0.007428099458894082,0.0004715539953984351
0.15236036357666524,24.44901299403245,2.8678646551155524,0.6710942266406854,0.5069728655547395,-1.4974781888556221,-0.005803531490998793,1.4974781888556221,0.005803531490998793,13.169998140323761,0.00030380829792459155,-0.07955616765079726,-0.04947605061543217,-1.4974781888556222e-09,-5.803531490998793e-12,-1.4974781966981816,13.169995586981944,-0.005803531519205938,0.0003038082833871013
0.15236036357666524,29.648851141244215,2.841228623360437,0.6710942266406854,0.48033683379962433,-1.4974781888556221,-0.004534265880143972,1.4974781888556221,0.004534265880143972,13.169998140323761,0.00019573465768906405,-0.08030199309773212,-0.04731607059350564,-1.4974781888556222e-09,-4.534265880143972e-12,-1.4974781966981816,13.169995586981944,-0.004534265902158096,0.00019573468588407917
0.15236036357666524,35.95459555812005,2.8159920317644778,0.6710942266406854,0.45510024220366474,-1.4974781888556221,-0.00354259593554811,1.4974781888556221,0.00354259593554811,13.169998140323761,0.00012610602304932608,-0.08102165017818173,-0.04523187660039704,-1.4974781888556222e-09,-3.5425959355481098e-12,-1.4974781966981816,13.169995586981944,-0.0035425959527779697,0.00012610596087102245
0.15236036357666524,43.601451388100436,2.7920813546322147,0.6710942266406854,0.431189565071402,-1.4974781888556221,-0.002767809893442663,1.4974781888556221,0.002767809893442663,13.169998140323761,8.124636299504802e-05,-0.08171549905723378,-0.043222425564437145,-1.4974781888556222e-09,-2.767809893442663e-12,-1.4974781966981816,13.169995586981944,-0.0027678099069098063,8.124635763992965e-05
0.15236036357666524,52.87464741679016,2.769426929261443,0.6710942266406854,0.40853513970063016,-1.4974781888556221,-0.0021624740008780612,1.4974781888556221,0.0021624740008780612,13.169998140323761,5.234461717455907e-05,-0.08238394697888418,-0.04128653806904937,-1.4974781888556222e-09,-2.162474000878061e-12,-1.4974781966981816,13.169995586981944,-0.002162474011399466,5.234460465020004e-05
0.15236036357666524,64.12007514531668,2.7479627529840016,0.6710942266406854,0.387070963423189,-1.4974781888556221,-0.001689528538629904,1.4974781888556221,0.001689528538629904,13.169998140323761,3.3724081252943594e-05,-0.08302744316836709,-0.03942291311607789,-1.4974781888556222e-09,-1.689528538629904e-12,-1.4974781966981816,13.169995586981944,-0.0016895285468450398,3.372409098595545e-05
0.15236036357666524,77.75719059141188,2.727626290869917,0.6710942266406854,0.36673450130910396,-1.4974781888556221,-0.0013200189605451172,1.4974781888556221,0.0013200189605451172,13.169998140323761,2.172742332917296e-05,-0.08364647388312248,-0.037630142458646335,-1.4974781888556222e-09,-1.3200189605451172e-12,-1.4974781966981816,13.169995586981944,-0.0013200189669490797,2.1727417870031313e-05
0.15236036357666524,94.29466005719073,2.7083582935346415,0.6710942266406854,0.34746650397382856,-1.4974781888556221,-0.0010313232457213309,1.4974781888556221,0.0010313232457213309,13.169998140323761,1.39983331490723e-05,-0.08424155764280547,-0.03590672441549603,-1.4974781888556222e-09,-1.0313232457213309e-12,-1.4974781966981816,13.169995586981944,-0.0010313232507332603,1.3998329124118205e-05
0.15236036357666524,114.34933345293979,2.690102624518591,0.6710942266406854,0.3292108349577785,-1.4974781888556221,-0.0008057669389278654,1.4974781888556221,0.0008057669389278654,13.169998140323761,9.018710041393375e-06,-0.08481324066326229,-0.03425107709461673,-1.4974781888556222e-09,-8.057669389278655e-13,-1.4974781966981816,13.169995586981944,-0.000805766942845301,9.01871520182505e-06
0.15236036357666524,138.6692528845326,2.6728060967360476,0.6710942266406854,0.31191430717523483,-1.4974781888556221,-0.0006295410896271181,1.4974781888556221,0.0006295410896271181,13.169998140323761,5.810486859010076e-06,-0.08536209251422562,-0.032661550968965836,-1.4974781888556222e-09,-6.295410896271181e-13,-1.4974781966981816,13.169995586981944,-0.0006295410926893784,5.810485123998944e-06
0.15236036357666524,168.16155472797897,2.6564183175169305,0.6710942266406854,0.2955265279561175,-1.4974781888556221,-0.0004918568439358354,1.4974781888556221,0.0004918568439358354,13.169998140323761,3.7435240055142786e-06,-0.0858887020156661,-0.031136440761017244,-1.4974781888556222e-09,-4.918568439358354e-13,-1.4974781966981816,13.169995586981944,-0.0004918568463254249,3.7435222118635078e-06
0.15236036357666524,203.9263059423702,2.6408915417899794,0.6710942266406854,0.2799997522291665,-1.4974781888556221,-0.00038428493217148603,1.4974781888556221,0.00038428493217148603,13.169998140323761,2.4118412656128398e-06,-0.08639367338331731,-0.029673996605680215,-1.4974781888556222e-09,-3.8428493217148604e-13,-1.4974781966981816,13.169995586981944,-0.0003842849340397061,2.411840696052486e-06
0.15236036357666524,247.29753672039521,2.626180532979597,0.6710942266406854,0.26528874341878433,-1.4974781888556221,-0.0003002396142592021,1.4974781888556221,0.0003002396142592021,13.169998140323761,1.553877651631041e-06,-0.0868776226298915,-0.028272434472713825,-1.4974781888556222e-09,-3.002396142592021e-13,-1.4974781966981816,13.169995586981944,-0.0003002396157147192,1.5538776233140892e-06
0.15236036357666524,299.893,2.6122424312110826,0.6710942266406854,0.25135064165026993,-1.4974781888556221,-0.00023457548923695002,1.4974781888556221,0.00023457548923695002,13.169998140323761,1.001117192355889e-06,-0.08734117422493264,-0.02692994584010423,-1.4974781888556222e-09,-2.3457548923695e-13,-1.4974781966981816,13.169995586981944,-0.00023457549037856227,1.0011172199867804e-06
0.1732245222795538,0.134,4.509112229015306,0.6424422603464839,2.1768724057486954,-1.260879931216882,-4.546708768677904,1.260879931216882,4.546708768677904,9.75352425959783,43.4271127604176,-0.04843865325228737,-0.1351172789806317,-1.260879931216882e-09,-4.5467087686779044e-09,-1.2608799378136932,9.75352356953094,-4.546708790791364,43.42711186077002
0.1732245222795538,0.1624992409262676,4.394740738022568,0.6424422603464839,2.0625009147559576,-1.260879931216882,-3.552317493020029,1.260879931216882,3.552317493020029,9.75352425959783,27.97879817191351,-0.04969925116337987,-0.1313499317833689,-1.260879931216882e-09,-3.552317493020029e-09,-1.2608799378136932,9.753529489391372,-3.552317510294488,27.978804054645728
0.1732245222795538,0.19705972613144151,4.286378252388785,0.6424422603464839,1.9541384291221735,-1.260879931216882,-2.77540529055822,1.260879931216882,2.77540529055822,9.75352425959783,18.025908180066246,-0.050955681201302956,-0.12759504044151018,-1.260879931216882e-09,-2.77540529055822e-09,-1.2608799378136932,9.75352356953094,-2.77540530405747,18.025907839649417
0.1732245222795538,0.23897056651863752,4.183709062796094,0.6424422603464839,1.851469239529483,-1.260879931216882,-2.168408241097251,1.260879931216882,2.168408241097251,9.75352425959783,11.613556941211405,-0.05220614542229849,-0.12385797818177487,-1.260879931216882e-09,-2.168408241097251e-09,-1.2608799378136932,9.75352356953094,-2.16840825163613,11.613556019220834
0.1732245222795538,0.2897950422611845,4.086434047093302,0.6424422603464839,1.7541942238266917,-1.260879931216882,-1.6941649264899823,1.260879931216882,1.6941649264899823,9.75352425959783,7.482269602144617,-0.05344888017764064,-0.12014401573880859,-1.260879931216882e-09,-1.6941649264899822e-09,-1.2608799377880566,9.753526529461157,-1.6941649347237013,7.4822704504074835
0.1732245222795538,0.35142891337043375,3.994269798816701,0.6424422603464839,1.6620299755500898,-1.260879931216882,-1.323641343798085,1.260879931216882,1.323641343798085,9.75352425959783,4.8206039443879165,-0.05468216588714823,-0.11645829214665136,-1.260879931216882e-09,-1.323641343798085e-09,-1.2608799378136932,9.75352356953094,-1.3236413502361302,4.820603252646514
0.1732245222795538,0.4261711318077503,3.9069478014978407,0.6424422603464839,1.5747079782312299,-1.260879931216882,-1.0341533929884241,1.260879931216882,1.0341533929884241,9.75352425959783,3.1057718612528524,-0.05590433628347562,-0.11280578711180549,-1.260879931216882e-09,-1.034153392988424e-09,-1.260879937800875,9.753525049496048,-1.0341533980170396,3.105772137584714
0.1732245222795538,0.5168095927122967,3.824213646352665,0.6424422603464839,1.491973823086054,-1.260879931216882,-0.8079781167613735,1.260879931216882,0.8079781167613735,9.75352425959783,2.00095651196974,-0.057113787025270965,-0.10919129527246763,-1.260879931216882e-09,-8.079781167613735e-10,-1.2608799378136932,9.75352356953094,-0.8079781206893998,2.0009563241234716
0.1732245222795538,0.6267251232773262,3.7458262910727402,0.6424422603464839,1.4135864678061296,-1.260879931216882,-0.6312686701909447,1.260879931216882,0.6312686701909447,9.75352425959783,1.2891568156519335,-0.058308983589938614,-0.10561940261069379,-1.260879931216882e-09,-6.312686701909447e-10,-1.2608799377880566,9.753526529461157,-0.6312686732584893,1.2891567686972332
0.1732245222795538,0.7600175880745298,3.6715573575591383,0.6424422603464839,1.3393175342925274,-1.260879931216882,-0.49320659272550027,1.260879931216882,0.49320659272550027,9.75352425959783,0.8305654247856867,-0.059488468370850714,-0.10209446524209828,-1.260879931216882e-09,-4.932065927255003e-10,-1.260879937800875,9.753525049496048,-0.4932065951261141,0.8305655331949743
0.1732245222795538,0.9216588145725657,3.601190466552924,0.6424422603464839,1.2689506432863136,-1.260879931216882,-0.38533948316224703,1.260879931216882,0.38533948316224703,9.75352425959783,0.535108620203488,-0.060650866919013356,-0.09862059076238597,-1.260879931216882e-09,-3.85339483162247e-10,-1.2608799377880566,9.753526529461157,-0.38533948503429355,0.5351087089840466
0.1732245222795538,1.117678042992877,3.5345206072237394,0.6424422603464839,1.2022807839571288,-1.260879931216882,-0.3010635289021562,1.260879931216882,0.3010635289021562,9.75352425959783,0.3447545814828088,-0.06179489328497076,-0.09520162228285774,-1.260879931216882e-09,-3.010635289021562e-10,-1.2608799377880566,9.753526529461157,-0.30106353036483285,0.34475462063060075
0.1732245222795538,1.3553868178082003,3.4713535398797988,0.6424422603464839,1.139113716613188,-1.260879931216882,-0.23521920902368526,1.260879931216882,0.23521920902368526,9.75352425959783,0.22211513133200658,-0.06291935443270466,-0.09184112523929616,-1.260879931216882e-09,-2.352192090236853e-10,-1.260879937800875,9.753525049496048,-0.2352192101667671,0.2221151165727118
0.1732245222795538,1.643651709367924,3.411505230059123,0.6424422603464839,1.0792654067925118,-1.260879931216882,-0.18377541941225786,1.260879931216882,0.18377541941225786,9.75352425959783,0.14310217823485172,-0.06402315371304174,-0.08854237701154863,-1.260879931216882e-09,-1.8377541941225786e-10,-1.2608799378136932,9.75352356953094,-0.18377542030737085,0.1431021456237542
0.1732245222795538,1.99322503820485,3.354801312353257,0.6424422603464839,1.0225614890866463,-1.260879931216882,-0.14358268153495263,1.260879931216882,0.14358268153495263,9.75352425959783,0.09219648068437712,-0.06510529339924204,-0.08530835934582018,-1.260879931216882e-09,-1.4358268153495262e-10,-1.260879937800875,9.753525049496048,-0.1435826822325746,0.09219647444956608
0.1732245222795538,2.4171459380859606,3.301076582401356,0.6424422603464839,0.9688367591347453,-1.260879931216882,-0.11218032587111348,1.260879931216882,0.11218032587111348,9.75352425959783,0.059399452582997524,-0.0661648763016687,-0.08214175352916828,-1.260879931216882e-09,-1.1218032587111349e-10,-1.260879937800875,9.753525049496048,-0.11218032641640963,0.05939945436273851
0.1732245222795538,2.931226717514774,3.2501745155745674,0.6424422603464839,0.9179346923079563,-1.260879931216882,-0.08764584543217176,1.260879931216882,0.08764584543217176,9.75352425959783,0.03826930204894082,-0.06720110649144927,-0.07904493822681255,-1.260879931216882e-09,-8.764584543217176e-11,-1.2608799378136932,9.75352356953094,-0.08764584585862861,0.03826929660202091
0.1732245222795538,3.554642661036909,3.2019468109484372,0.6424422603464839,0.8697069876818265,-1.260879931216882,-0.06847719653039638,1.260879931216882,0.06847719653039638,9.75352425959783,0.024655774011834514,-0.06821328917460219,-0.07601998985831229,-1.260879931216882e-09,-6.847719653039638e-11,-1.260879937800875,9.753525049496048,-0.06847719686356152,0.02465577681876911
0.1732245222795538,4.310647270019593,3.156252959234716,0.6424422603464839,0.8240131359681051,-1.260879931216882,-0.053500841044329936,1.260879931216882,0.053500841044329936,9.75352425959783,0.01588498246833012,-0.06920082976805488,-0.07306868535892362,-1.260879931216882e-09,-5.350084104432994e-11,-1.260879937800875,9.753525049496048,-0.05350084130443344,0.015884980468943696
0.1732245222795538,5.227439621485609,3.112959833413747,0.6424422603464839,0.7807200101471361,-1.260879931216882,-0.04179990036800194,1.260879931216882,0.04179990036800194,9.75352425959783,0.010234222129795554,-0.07016323223721184,-0.07019250714784353,-1.260879931216882e-09,-4.179990036800194e-11,-1.260879937800875,9.753525049496048,-0.04179990057156598,0.0102342219113575
0.1732245222795538,6.339216197606768,3.0719413008747747,0.6424422603464839,0.7397014776081641,-1.260879931216882,-0.032658022503368904,1.260879931216882,0.032658022503368904,9.75352425959783,0.006593605174624262,-0.07110009676119933,-0.0673926501057195,-1.260879931216882e-09,-3.2658022503368906e-11,-1.2608799377880566,9.753526529461157,-0.03265802266242773,0.006593606624755315
0.1732245222795538,7.687446419243286,3.0330778559341516,0.6424422603464839,0.7008380326675407,-1.260879931216882,-0.025515525741467954,1.260879931216882,0.025515525741467954,9.75352425959783,0.004248063863325616,-0.07201111679662167,-0.06467003034973069,-1.260879931216882e-09,-2.5515525741467955e-11,-1.260879937800875,9.753525049496048,-0.025515525865501744,0.004248063454870414
0.1732245222795538,9.322419461107367,2.9962562716608026,0.6424422603464839,0.6640164483941917,-1.260879931216882,-0.019935133971946847,1.260879931216882,0.019935133971946847,9.75352425959783,0.0027369013019378032,-0.07289607561367073,-0.06202529558556356,-1.260879931216882e-09,-1.9935133971946848e-11,-1.260879937800875,9.753525049496048,-0.019935134068892982,0.0027369016115552625
0.1732245222795538,11.305120044971734,2.9613692699945626,0.6424422603464839,0.6291294467279519,-1.260879931216882,-0.01557520587685156,1.260879931216882,0.01557520587685156,9.75352425959783,0.0017633041728060922,-0.07375484237982995,-0.05945883681141846,-1.260879931216882e-09,-1.557520587685156e-11,-1.260879937800875,9.753525049496048,-0.015575205952653394,0.0017633045493487855
0.1732245222795538,13.709503178270442,2.9283152091962843,0.6424422603464839,0.5960753859296735,-1.260879931216882,-0.012168819053219565,1.260879931216882,0.012168819053219565,9.75352425959783,0.0011360444761504365,-0.0745873678663398,-0.05697080114940901,-1.260879931216882e-09,-1.2168819053219565e-11,-1.260879937800875,9.753525049496048,-0.01216881911233734,0.0011360446531749392
0.1732245222795538,16.625252686158202,2.8969977877191164,0.6424422603464839,0.5647579644525057,-1.260879931216882,-0.009507428557980204,1.260879931216882,0.009507428557980204,9.75352425959783,0.0007319196946821074,-0.07539367985119699,-0.054561105583882795,-1.260879931216882e-09,-9.507428557980204e-12,-1.260879937800875,9.753525049496048,-0.009507428604153944,0.000731919756892843
0.1732245222795538,20.161126430657447,2.867325763638201,0.6424422603464839,0.5350859403715899,-1.260879931216882,-0.0074280994227769615,1.260879931216882,0.0074280994227769615,9.75352425959783,0.00047155410788037716,-0.07617387828991748,-0.05222945139378886,-1.260879931216882e-09,-7.428099422776961e-12,-1.260879937800875,9.753525049496048,-0.007428099458894082,0.0004715539953984351
0.1732245222795538,24.44901299403245,2.8392126888213505,0.6424422603464839,0.5069728655547395,-1.260879931216882,-0.005803531490998793,1.260879931216882,0.005803531490998793,9.75352425959783,0.00030380829792459155,-0.07692813032178732,-0.049975339076696434,-1.260879931216882e-09,-5.803531490998793e-12,-1.260879937800875,9.753525049496048,-0.005803531519205938,0.0003038082833871013
0.1732245222795538,29.648851141244215,2.812576657066235,0.6424422603464839,0.48033683379962433,-1.260879931216882,-0.004534265880143972,1.260879931216882,0.004534265880143972,9.75352425959783,0.00019573465768906405,-0.07765666517503826,-0.04779808357488099,-1.260879931216882e-09,-4.534265880143972e-12,-1.260879937800875,9.753525049496048,-0.004534265902158096,0.00019573468588407917
0.1732245222795538,35.95459555812005,2.787340065470276,0.6424422603464839,0.45510024220366474,-1.260879931216882,-0.00354259593554811,1.260879931216882,0.00354259593554811,9.75352425959783,0.00012610602304932608,-0.07835976902949957,-0.04569682962849461,-1.260879931216882e-09,-3.5425959355481098e-12,-1.2608799378136932,9.75352356953094,-0.0035425959527779697,0.00012610596087102245
0.1732245222795538,43.601451388100436,2.7634293883380128,0.6424422603464839,0.431189565071402,-1.260879931216882,-0.002767809893442663,1.260879931216882,0.002767809893442663,9.75352425959783,8.124636299504802e-05,-0.0790377798899652,-0.04367056709671299,-1.260879931216882e-09,-2.767809893442663e-12,-1.260879937800875,9.753525049496048,-0.0027678099069098063,8.124635763992965e-05
0.1732245222795538,52.87464741679016,2.740774962967241,0.6424422603464839,0.40853513970063016,-1.260879931216882,-0.0021624740008780612,1.260879931216882,0.0021624740008780612,9.75352425959783,5.234461717455907e-05,-0.07969108251793805,-0.041718146104419776,-1.260879931216882e-09,-2.162474000878061e-12,-1.260879937800875,9.753525049496048,-0.002162474011399466,5.234460465020004e-05
0.1732245222795538,64.12007514531668,2.7193107866897996,0.6424422603464839,0.387070963423189,-1.260879931216882,-0.001689528538629904,1.260879931216882,0.001689528538629904,9.75352425959783,3.3724081252943594e-05,-0.08032010346371503,-0.03983829188901914,-1.260879931216882e-09,-1.689528538629904e-12,-1.260879937800875,9.753525049496048,-0.0016895285468450398,3.372409098595545e-05
0.1732245222795538,77.75719059141188,2.698974324575715,0.6424422603464839,0.36673450130910396,-1.260879931216882,-0.0013200189605451172,1.260879931216882,0.0013200189605451172,9.75352425959783,2.172742332917296e-05,-0.08092530623508484,-0.03802961923897497,-1.260879931216882e-09,-1.3200189605451172e-12,-1.260879937800875,9.753525049496048,-0.0013200189669490797,2.1727417870031313e-05
0.1732245222795538,94.29466005719073,2.6797063272404396,0.6424422603464839,0.34746650397382856,-1.260879931216882,-0.0010313232457213309,1.260879931216882,0.0010313232457213309,9.75352425959783,1.39983331490723e-05,-0.08150718663333718,-0.03629064643233414,-1.260879931216882e-09,-1.0313232457213309e-12,-1.260879937800875,9.753525049496048,-0.0010313232507332603,1.3998329124118205e-05
0.1732245222795538,114.34933345293979,2.661450658224389,0.6424422603464839,0.3292108349577785,-1.260879931216882,-0.0008057669389278654,1.260879931216882,0.0008057669389278654,9.75352425959783,9.018710041393375e-06,-0.08206626828191464,-0.03461980859952834,-1.260879931216882e-09,-8.057669389278655e-13,-1.2608799377880566,9.753526529461157,-0.000805766942845301,9.01871520182505e-06
0.1732245222795538,138.6692528845326,2.6441541304418457,0.6424422603464839,0.31191430717523483,-1.260879931216882,-0.0006295410896271181,1.260879931216882,0.0006295410896271181,9.75352425959783,5.810486859010076e-06,-0.08260309836795451,-0.03301547044994661,-1.260879931216882e-09,-6.295410896271181e-13,-1.260879937800875,9.753525049496048,-0.0006295410926893784,5.810485123998944e-06
0.1732245222795538,168.16155472797897,2.6277663512227285,0.6424422603464839,0.2955265279561175,-1.260879931216882,-0.0004918568439358354,1.260879931216882,0.0004918568439358354,9.75352425959783,3.7435240055142786e-06,-0.08311824361221841,-0.031475938315961946,-1.260879931216882e-09,-4.918568439358354e-13,-1.260879937800875,9.753525049496048,-0.0004918568463254249,3.7435222118635078e-06
0.1732245222795538,203.9263059423702,2.6122395754957775,0.6424422603464839,0.2799997522291665,-1.260879931216882,-0.00038428493217148603,1.260879931216882,0.00038428493217148603,9.75352425959783,2.4118412656128398e-06,-0.08361228647853554,-0.029999471481160903,-1.260879931216882e-09,-3.8428493217148604e-13,-1.260879937800875,9.753525049496048,-0.0003842849340397061,2.411840696052486e-06
0.1732245222795538,247.29753672039521,2.597528566685395,0.6424422603464839,0.26528874341878433,-1.260879931216882,-0.0003002396142592021,1.260879931216882,0.0003002396142592021,9.75352425959783,1.553877651631041e-06,-0.08408582162991658,-0.028584292771389214,-1.260879931216882e-09,-3.002396142592021e-13,-1.260879937800875,9.753525049496048,-0.0003002396157147192,1.5538776233140892e-06
0.1732245222795538,299.893,2.5835904649168806,0.6424422603464839,0.25135064165026993,-1.260879931216882,-0.00023457548923695002,1.260879931216882,0.00023457548923695002,9.75352425959783,1.001117192355889e-06,-0.08453945263493914,-0.02722859839785013,-1.260879931216882e-09,-2.3457548923695e-13,-1.260879937800875,9.753525049496048,-0.00023457549037856227,1.0011172199867804e-06
0.19694580935993058,0.134,4.481683541271173,0.6150135726023506,2.1768724057486954,-1.0616636774926476,-4.546708768677904,1.0616636774926476,4.546708768677904,7.22332945448881,43.4271127604176,-0.04665439009835219,-0.13594422037885134,-1.0616636774926475e-09,-4.5467087686779044e-09,-1.0616636830237711,7.2233313168384115,-4.546708790791364,43.42711186077002
0.19694580935993058,0.1624992409262676,4.367312050278436,0.6150135726023506,2.0625009147559576,-1.0616636774926476,-3.552317493020029,1.0616636774926476,3.552317493020029,7.22332945448881,27.97879817191351,-0.04787617871695231,-0.13217486854598687,-1.0616636774926475e-09,-3.552317493020029e-09,-1.0616636830237711,7.223326737141638,-3.5523175103218168,27.978793964003728
0.19694580935993058,0.19705972613144151,4.258949564644651,0.6150135726023506,1.9541384291221735,-1.0616636774926476,-2.77540529055822,1.0616636774926476,2.77540529055822,7.22332945448881,18.025908180066246,-0.04909431517282487,-0.12841678403552295,-1.0616636774926475e-09,-2.77540529055822e-09,-1.06166368304632,7.223329026990024,-2.77540530405747,18.025907839649417
0.19694580935993058,0.23897056651863752,4.156280375051961,0.6150135726023506,1.851469239529483,-1.0616636774926476,-2.168408241097251,1.0616636774926476,2.168408241097251,7.22332945448881,11.613556941211405,-0.0503070518261694,-0.12467535850783747,-1.0616636774926475e-09,-2.168408241097251e-09,-1.06166368304632,7.223329026990024,-2.16840825163613,11.613556019220834
0.19694580935993058,0.2897950422611845,4.059005359349169,0.6150135726023506,1.7541942238266917,-1.0616636774926476,-1.6941649264899823,1.0616636774926476,1.6941649264899823,7.22332945448881,7.482269602144617,-0.051512672125507086,-0.12095588771242786,-1.0616636774926475e-09,-1.6941649264899822e-09,-1.0616636830237711,7.2233313168384115,-1.6941649347237013,7.4822704504074835
0.19694580935993058,0.35142891337043375,3.9668411110725676,0.6150135726023506,1.6620299755500898,-1.0616636774926476,-1.323641343798085,1.0616636774926476,1.323641343798085,7.22332945448881,4.8206039443879165,-0.05270950017337481,-0.11726354197669607,-1.0616636774926475e-09,-1.323641343798085e-09,-1.06166368304632,7.223329026990024,-1.3236413502361302,4.820603252646514
0.19694580935993058,0.4261711318077503,3.8795191137537075,0.6150135726023506,1.5747079782312299,-1.0616636774926476,-1.0341533929884241,1.0616636774926476,1.0341533929884241,7.22332945448881,3.1057718612528524,-0.05389590980247042,-0.11360333820504577,-1.0616636774926475e-09,-1.034153392988424e-09,-1.0616636830350454,7.223330171914218,-1.0341533980170396,3.105772137584714
0.19694580935993058,0.5168095927122967,3.796784958608532,0.6150135726023506,1.491973823086054,-1.0616636774926476,-0.8079781167613735,1.0616636774926476,0.8079781167613735,7.22332945448881,2.00095651196974,-0.05507033306106923,-0.1099801137004419,-1.0616636774926475e-09,-8.079781167613735e-10,-1.06166368304632,7.223329026990024,-0.8079781206893998,2.0009563241234716
0.19694580935993058,0.6267251232773262,3.718397603328607,0.6150135726023506,1.4135864678061296,-1.0616636774926476,-0.6312686701909447,1.0616636774926476,0.6312686701909447,7.22332945448881,1.2891568156519335,-0.05623126801842224,-0.10639850208390163,-1.0616636774926475e-09,-6.312686701909447e-10,-1.0616636830237711,7.2233313168384115,-0.6312686732584893,1.2891567686972332
0.19694580935993058,0.7600175880745298,3.644128669815005,0.6150135726023506,1.3393175342925274,-1.0616636774926476,-0.49320659272550027,1.0616636774926476,0.49320659272550027,7.22332945448881,0.8305654247856867,-0.05737728581423671,-0.10286291154607359,-1.0616636774926475e-09,-4.932065927255003e-10,-1.0616636830350454,7.223330171914218,-0.4932065951261141,0.8305655331949743
0.19694580935993058,0.9216588145725657,3.573761778808791,0.6150135726023506,1.2689506432863136,-1.0616636774926476,-0.38533948316224703,1.0616636774926476,0.38533948316224703,7.22332945448881,0.535108620203488,-0.05850703689083717,-0.09937750562033856,-1.0616636774926475e-09,-3.85339483162247e-10,-1.0616636830237711,7.2233313168384115,-0.38533948503429355,0.5351087089840466
0.19694580935993058,1.117678042992877,3.507091919479606,0.6150135726023506,1.2022807839571288,-1.0616636774926476,-0.3010635289021562,1.0616636774926476,0.3010635289021562,7.22332945448881,0.3447545814828088,-0.0596192563617937,-0.09594618662000202,-1.0616636774926475e-09,-3.010635289021562e-10,-1.0616636830237711,7.2233313168384115,-0.30106353036483285,0.34475462063060075
0.19694580935993058,1.3553868178082003,3.4439248521356656,0.6150135726023506,1.139113716613188,-1.0616636774926476,-0.23521920902368526,1.0616636774926476,0.23521920902368526,7.22332945448881,0.22211513133200658,-0.06071276848627159,-0.09257258183443538,-1.0616636774926475e-09,-2.352192090236853e-10,-1.0616636830350454,7.223330171914218,-0.2352192101667671,0.2221151165727118
0.19694580935993058,1.643651709367924,3.3840765423149897,0.6150135726023506,1.0792654067925118,-1.0616636774926476,-0.18377541941225786,1.0616636774926476,0.18377541941225786,7.22332945448881,0.14310217823485172,-0.06178649023369747,-0.08926003253168995,-1.0616636774926475e-09,-1.8377541941225786e-10,-1.06166368304632,7.223329026990024,-0.18377542030737085,0.1431021456237542
0.19694580935993058,1.99322503820485,3.327372624609124,0.6150135726023506,1.0225614890866463,-1.0616636774926476,-0.14358268153495263,1.0616636774926476,0.14358268153495263,7.22332945448881,0.09219648068437712,-0.06283943393817884,-0.08601158576932172,-1.0616636774926475e-09,-1.4358268153495262e-10,-1.0616636830350454,7.223330171914218,-0.1435826822325746,0.09219647444956608
0.19694580935993058,2.4171459380859606,3.273647894657223,0.6150135726023506,0.9688367591347453,-1.0616636774926476,-0.11218032587111348,1.0616636774926476,0.11218032587111348,7.22332945448881,0.059399452582997524,-0.06387070905611955,-0.08282998897195495,-1.0616636774926475e-09,-1.1218032587111349e-10,-1.0616636830350454,7.223330171914218,-0.11218032641640963,0.05939945436273851
0.19694580935993058,2.931226717514774,3.222745827830434,0.6150135726023506,0.9179346923079563,-1.0616636774926476,-0.08764584543217176,1.0616636774926476,0.08764584543217176,7.22332945448881,0.03826930204894082,-0.06487952305335547,-0.0797176871943714,-1.0616636774926475e-09,-8.764584543217176e-11,-1.06166368304632,7.223329026990024,-0.08764584585862861,0.03826929660202091
0.19694580935993058,3.554642661036909,3.174518123204304,0.6150135726023506,0.8697069876818265,-1.0616636774926476,-0.06847719653039638,1.0616636774926476,0.06847719653039638,7.22332945448881,0.024655774011834514,-0.0658651814596597,-0.07667682295335575,-1.0616636774926475e-09,-6.847719653039638e-11,-1.0616636830350454,7.223330171914218,-0.06847719686356152,0.02465577681876911
0.19694580935993058,4.310647270019593,3.1288242714905827,0.6150135726023506,0.8240131359681051,-1.0616636774926476,-0.053500841044329936,1.0616636774926476,0.053500841044329936,7.22332945448881,0.01588498246833012,-0.06682708713846,-0.0737092384806972,-1.0616636774926475e-09,-5.350084104432994e-11,-1.0616636830350454,7.223330171914218,-0.05350084130443344,0.015884980468943696
0.19694580935993058,5.227439621485609,3.0855311456696137,0.6150135726023506,0.7807200101471361,-1.0616636774926476,-0.04179990036800194,1.0616636774926476,0.04179990036800194,7.22332945448881,0.010234222129795554,-0.06776473882795749,-0.0708164802239987,-1.0616636774926475e-09,-4.179990036800194e-11,-1.0616636830350454,7.223330171914218,-0.04179990057156598,0.0102342219113575
0.19694580935993058,6.339216197606768,3.0445126131306415,0.6150135726023506,0.7397014776081641,-1.0616636774926476,-0.032658022503368904,1.0616636774926476,0.032658022503368904,7.22332945448881,0.006593605174624262,-0.06867772901647612,-0.06799980540145618,-1.0616636774926475e-09,-3.2658022503368906e-11,-1.0616636830237711,7.2233313168384115,-0.03265802266242773,0.006593606624755315
0.19694580935993058,7.687446419243286,3.0056491681900184,0.6150135726023506,0.7008380326675407,-1.0616636774926476,-0.025515525741467954,1.0616636774926476,0.025515525741467954,7.22332945448881,0.004248063863325616,-0.06956574121980527,-0.06526019040155556,-1.0616636774926475e-09,-2.5515525741467955e-11,-1.0616636830350454,7.223330171914218,-0.025515525865501744,0.004248063454870414
0.19694580935993058,9.322419461107367,2.9688275839166693,0.6150135726023506,0.6640164483941917,-1.0616636774926476,-0.019935133971946847,1.0616636774926476,0.019935133971946847,7.22332945448881,0.0027369013019378032,-0.07042854673156347,-0.0625983408085568,-1.0616636774926475e-09,-1.9935133971946848e-11,-1.0616636830350454,7.223330171914218,-0.019935134068892982,0.0027369016115552625
0.19694580935993058,11.305120044971734,2.9339405822504294,0.6150135726023506,0.6291294467279519,-1.0616636774926476,-0.01557520587685156,1.0616636774926476,0.01557520587685156,7.22332945448881,0.0017633041728060922,-0.0712660009192997,-0.06001470282942719,-1.0616636774926475e-09,-1.557520587685156e-11,-1.0616636830350454,7.223330171914218,-0.015575205952653394,0.0017633045493487855
0.19694580935993058,13.709503178270442,2.900886521452151,0.6150135726023506,0.5960753859296735,-1.0616636774926476,-0.012168819053219565,1.0616636774926476,0.012168819053219565,7.22332945448881,0.0011360444761504365,-0.07207803913927718,-0.05750947589718163,-1.0616636774926475e-09,-1.2168819053219565e-11,-1.0616636830350454,7.223330171914218,-0.01216881911233734,0.0011360446531749392
0.19694580935993058,16.625252686158202,2.869569099974983,0.6150135726023506,0.5647579644525057,-1.0616636774926476,-0.009507428557980204,1.0616636774926476,0.009507428557980204,7.22332945448881,0.0007319196946821074,-0.07286467234179955,-0.05508262622893297,-1.0616636774926475e-09,-9.507428557980204e-12,-1.0616636830350454,7.223330171914218,-0.009507428604153944,0.000731919756892843
0.19694580935993058,20.161126430657447,2.8398970758940676,0.6150135726023506,0.5350859403715899,-1.0616636774926476,-0.0074280994227769615,1.0616636774926476,0.0074280994227769615,7.22332945448881,0.00047155410788037716,-0.07362598243670616,-0.05273390112384698,-1.0616636774926475e-09,-7.428099422776961e-12,-1.0616636830350454,7.223330171914218,-0.007428099458894082,0.0004715539953984351
0.19694580935993058,24.44901299403245,2.8117840010772173,0.6150135726023506,0.5069728655547395,-1.0616636774926476,-0.005803531490998793,1.0616636774926476,0.005803531490998793,7.22332945448881,0.00030380829792459155,-0.07436211748545608,-0.050462843796090506,-1.0616636774926475e-09,-5.803531490998793e-12,-1.0616636830350454,7.223330171914218,-0.005803531519205938,0.0003038082833871013
0.19694580935993058,29.648851141244215,2.785147969322102,0.6150135726023506,0.48033683379962433,-1.0616636774926476,-0.004534265880143972,1.0616636774926476,0.004534265880143972,7.22332945448881,0.00019573465768906405,-0.07507328678221784,-0.04826880855020878,-1.0616636774926475e-09,-4.534265880143972e-12,-1.0616636830350454,7.223330171914218,-0.004534265902158096,0.00019573468588407917
0.19694580935993058,35.95459555812005,2.7599113777261426,0.6150135726023506,0.45510024220366474,-1.0616636774926476,-0.00354259593554811,1.0616636774926476,0.00354259593554811,7.22332945448881,0.00012610602304932608,-0.07575975588176193,-0.04615097612062201,-1.0616636774926475e-09,-3.5425959355481098e-12,-1.06166368304632,7.223329026990024,-0.0035425959527779697,0.00012610596087102245
0.19694580935993058,43.601451388100436,2.7360007005938796,0.6150135726023506,0.431189565071402,-1.0616636774926476,-0.002767809893442663,1.0616636774926476,0.002767809893442663,7.22332945448881,8.124636299504802e-05,-0.07642184162688424,-0.04410836901256957,-1.0616636774926475e-09,-2.767809893442663e-12,-1.0616636830350454,7.223330171914218,-0.0027678099069098063,8.124635763992965e-05
0.19694580935993058,52.87464741679016,2.713346275223108,0.6150135726023506,0.40853513970063016,-1.0616636774926476,-0.0021624740008780612,1.0616636774926476,0.0021624740008780612,7.22332945448881,5.234461717455907e-05,-0.07705990722272893,-0.042139866698363566,-1.0616636774926475e-09,-2.162474000878061e-12,-1.0616636830350454,7.223330171914218,-0.002162474011399466,5.234460465020004e-05
0.19694580935993058,64.12007514531668,2.6918820989456664,0.6150135726023506,0.387070963423189,-1.0616636774926476,-0.001689528538629904,1.0616636774926476,0.001689528538629904,7.22332945448881,3.3724081252943594e-05,-0.07767435739987441,-0.04024422053979903,-1.0616636774926475e-09,-1.689528538629904e-12,-1.0616636830350454,7.223330171914218,-0.0016895285468450398,3.372409098595545e-05
0.19694580935993058,77.75719059141188,2.6715456368315817,0.6150135726023506,0.36673450130910396,-1.0616636774926476,-0.0013200189605451172,1.0616636774926476,0.0013200189605451172,7.22332945448881,2.172742332917296e-05,-0.07826563370252139,-0.03842006832461037,-1.0616636774926475e-09,-1.3200189605451172e-12,-1.0616636830350454,7.223330171914218,-0.0013200189669490797,2.1727417870031313e-05
0.19694580935993058,94.29466005719073,2.6522776394963063,0.6150135726023506,0.34746650397382856,-1.0616636774926476,-0.0010313232457213309,1.0616636774926476,0.0010313232457213309,7.22332945448881,1.39983331490723e-05,-0.07883420993268944,-0.036665948321624384,-1.0616636774926475e-09,-1.0313232457213309e-12,-1.0616636830350454,7.223330171914218,-0.0010313232507332603,1.3998329124118205e-05
0.19694580935993058,114.34933345293979,2.634021970480256,0.6150135726023506,0.3292108349577785,-1.0616636774926476,-0.0008057669389278654,1.0616636774926476,0.0008057669389278654,7.22332945448881,9.018710041393375e-06,-0.07938058777607948,-0.03498031277545401,-1.0616636774926475e-09,-8.057669389278655e-13,-1.0616636830237711,7.2233313168384115,-0.000805766942845301,9.01871520182505e-06
0.19694580935993058,138.6692528845326,2.6167254426977125,0.6150135726023506,0.31191430717523483,-1.0616636774926476,-0.0006295410896271181,1.0616636774926476,0.0006295410896271181,7.22332945448881,5.810486859010076e-06,-0.07990529263026858,-0.03336154077697475,-1.0616636774926475e-09,-6.295410896271181e-13,-1.0616636830350454,7.223330171914218,-0.0006295410926893784,5.810485123998944e-06
0.19694580935993058,168.16155472797897,2.6003376634785953,0.6150135726023506,0.2955265279561175,-1.0616636774926476,-0.0004918568439358354,1.0616636774926476,0.0004918568439358354,7.22332945448881,3.7435240055142786e-06,-0.08040886965122825,-0.031807950460249076,-1.0616636774926475e-09,-4.918568439358354e-13,-1.0616636830350454,7.223330171914218,-0.0004918568463254249,3.7435222118635078e-06
0.19694580935993058,203.9263059423702,2.5848108877516442,0.6150135726023506,0.2799997522291665,-1.0616636774926476,-0.00038428493217148603,1.0616636774926476,0.00038428493217148603,7.22332945448881,2.4118412656128398e-06,-0.08089188002983984,-0.030317810489884876,-1.0616636774926475e-09,-3.8428493217148604e-13,-1.0616636830350454,7.223330171914218,-0.0003842849340397061,2.411840696052486e-06
0.19694580935993058,247.29753672039521,2.570099878941262,0.6150135726023506,0.26528874341878433,-1.0616636774926476,-0.0003002396142592021,1.0616636774926476,0.0003002396142592021,7.22332945448881,1.553877651631041e-06,-0.08135489750614802,-0.02888935081494521,-1.0616636774926475e-09,-3.002396142592021e-13,-1.0616636830350454,7.223330171914218,-0.0003002396157147192,1.5538776233140892e-06
0.19694580935993058,299.893,2.5561617771727474,0.6150135726023506,0.25135064165026993,-1.0616636774926476,-0.00023457548923695002,1.0616636774926476,0.00023457548923695002,7.22332945448881,1.001117192355889e-06,-0.08179850512556167,-0.027520772676424582,-1.0616636774926475e-09,-2.3457548923695e-13,-1.0616636830350454,7.223330171914218,-0.00023457549037856227,1.0011172199867804e-06
0.22391547867479006,0.134,4.4554259049316585,0.588755936262836,2.1768724057486954,-0.8939231533484822,-4.546708768677904,0.8939231533484822,4.546708768677904,5.349501064370859,43.4271127604176,-0.04492572316351279,-0.13674539494158294,-8.939231533484821e-10,-4.5467087686779044e-09,-0.8939231580326662,5.349501690070705,-4.546708790791364,43.42711186077002
0.22391547867479006,0.1624992409262676,4.34105441393892,0.588755936262836,2.0625009147559576,-0.8939231533484822,-3.552317493020029,0.8939231533484822,3.552317493020029,5.349501064370859,27.97879817191351,-0.04610935770300148,-0.132974351644001,-8.939231533484821e-10,-3.552317493020029e-09,-0.8939231580326662,5.349501690070705,-3.552317510294488,27.978804054645728
0.22391547867479006,0.19705972613144151,4.232691928305137,0.588755936262836,1.9541384291221735,-0.8939231533484822,-2.77540529055822,0.8939231533484822,2.77540529055822,5.349501064370859,18.025908180066246,-0.04728981796240789,-0.1292134215589264,-8.939231533484821e-10,-2.77540529055822e-09,-0.8939231580128333,5.349499918608118,-2.77540530405747,18.025907839649417
0.22391547867479006,0.23897056651863752,4.130022738712446,0.588755936262836,1.851469239529483,-0.8939231533484822,-2.168408241097251,0.8939231533484822,2.168408241097251,5.349501064370859,11.613556941211405,-0.04846540647447015,-0.12546801279361458,-8.939231533484821e-10,-2.168408241097251e-09,-0.8939231580128333,5.349499918608118,-2.16840825163613,11.613556019220834
0.22391547867479006,0.2897950422611845,4.0327477230096545,0.588755936262836,1.7541942238266917,-0.8939231533484822,-1.6941649264899823,0.8939231533484822,1.6941649264899823,5.349501064370859,7.482269602144617,-0.04963445385845276,-0.12174344397203585,-8.939231533484821e-10,-1.6941649264899822e-09,-0.8939231580326662,5.349501690070705,-1.6941649347237013,7.4822704504074835
0.22391547867479006,0.35142891337043375,3.940583474733053,0.588755936262836,1.6620299755500898,-0.8939231533484822,-1.323641343798085,0.8939231533484822,1.323641343798085,5.349501064370859,4.8206039443879165,-0.0507953281700403,-0.11804491444624286,-8.939231533484821e-10,-1.323641343798085e-09,-0.8939231580128333,5.349499918608118,-1.3236413502361302,4.820603252646514
0.22391547867479006,0.4261711318077503,3.853261477414193,0.588755936262836,1.5747079782312299,-0.8939231533484822,-1.0341533929884241,0.8939231533484822,1.0341533929884241,5.349501064370859,3.1057718612528524,-0.05194644379929976,-0.11437747594758609,-8.939231533484821e-10,-1.034153392988424e-09,-0.8939231580227498,5.349500804339411,-1.0341533980170396,3.105772137584714
0.22391547867479006,0.5168095927122967,3.770527322269017,0.588755936262836,1.491973823086054,-0.8939231533484822,-0.8079781167613735,0.8939231533484822,0.8079781167613735,5.349501064370859,2.00095651196974,-0.05308626981651189,-0.11074600599700982,-8.939231533484821e-10,-8.079781167613735e-10,-0.8939231580128333,5.349499918608118,-0.8079781206893998,2.0009563241234716
0.22391547867479006,0.6267251232773262,3.6921399669890924,0.588755936262836,1.4135864678061296,-0.8939231533484822,-0.6312686701909447,0.8939231533484822,0.6312686701909447,5.349501064370859,1.2891568156519335,-0.054213337676830946,-0.10715518335811304,-8.939231533484821e-10,-6.312686701909447e-10,-0.8939231580326662,5.349501690070705,-0.6312686732584893,1.2891567686972332
0.22391547867479006,0.7600175880745298,3.6178710334754904,0.588755936262836,1.3393175342925274,-0.8939231533484822,-0.49320659272550027,0.8939231533484822,0.49320659272550027,5.349501064370859,0.8305654247856867,-0.05532624820742084,-0.10360946577622972,-8.939231533484821e-10,-4.932065927255003e-10,-0.8939231580227498,5.349500804339411,-0.4932065951261141,0.8305655331949743
0.22391547867479006,0.9216588145725657,3.5475041424692764,0.588755936262836,1.2689506432863136,-0.8939231533484822,-0.38533948316224703,0.8939231533484822,0.38533948316224703,5.349501064370859,0.535108620203488,-0.056423677814559925,-0.10011307020267915,-8.939231533484821e-10,-3.85339483162247e-10,-0.8939231580326662,5.349501690070705,-0.38533948503429355,0.5351087089840466
0.22391547867479006,1.117678042992877,3.4808342831400916,0.588755936262836,1.2022807839571288,-0.8939231533484822,-0.3010635289021562,0.8939231533484822,0.3010635289021562,5.349501064370859,0.3447545814828088,-0.05750438386280605,-0.09666995565681998,-8.939231533484821e-10,-3.010635289021562e-10,-0.8939231580326662,5.349501690070705,-0.30106353036483285,0.34475462063060075
0.22391547867479006,1.3553868178082003,3.417667215796151,0.588755936262836,1.139113716613188,-0.8939231533484822,-0.23521920902368526,0.8939231533484822,0.23521920902368526,5.349501064370859,0.22211513133200658,-0.05856720919326688,-0.09328380883090359,-8.939231533484821e-10,-2.352192090236853e-10,-0.8939231580227498,5.349500804339411,-0.2352192101667671,0.2221151165727118
0.22391547867479006,1.643651709367924,3.357818905975475,0.588755936262836,1.0792654067925118,-0.8939231533484822,-0.18377541941225786,0.8939231533484822,0.18377541941225786,5.349501064370859,0.14310217823485172,-0.059611085762933363,-0.08995803249520777,-8.939231533484821e-10,-1.8377541941225786e-10,-0.8939231580128333,5.349499918608118,-0.18377542030737085,0.1431021456237542
0.22391547867479006,1.99322503820485,3.3011149882696094,0.588755936262836,1.0225614890866463,-0.8939231533484822,-0.14358268153495263,0.8939231533484822,0.14358268153495263,5.349501064370859,0.09219648068437712,-0.0606350374015373,-0.08669573671472688,-8.939231533484821e-10,-1.4358268153495262e-10,-0.8939231580227498,5.349500804339411,-0.1435826822325746,0.09219647444956608
0.22391547867479006,2.4171459380859606,3.2473902583177083,0.588755936262836,0.9688367591347453,-0.8939231533484822,-0.11218032587111348,0.8939231533484822,0.11218032587111348,5.349501064370859,0.059399452582997524,-0.06163818169615269,-0.08349973284485747,-8.939231533484821e-10,-1.1218032587111349e-10,-0.8939231580227498,5.349500804339411,-0.11218032641640963,0.05939945436273851
0.22391547867479006,2.931226717514774,3.1964881914909196,0.588755936262836,0.9179346923079563,-0.8939231533484822,-0.08764584543217176,0.8939231533484822,0.08764584543217176,5.349501064370859,0.03826930204894082,-0.06261973102648696,-0.08037253023297518,-8.939231533484821e-10,-8.764584543217176e-11,-0.8939231580128333,5.349499918608118,-0.08764584585862861,0.03826929660202091
0.22391547867479006,3.554642661036909,3.1482604868647894,0.588755936262836,0.8697069876818265,-0.8939231533484822,-0.06847719653039638,0.8939231533484822,0.06847719653039638,5.349501064370859,0.024655774011834514,-0.0635789927852624,-0.07731633551630239,-8.939231533484821e-10,-6.847719653039638e-11,-0.8939231580227498,5.349500804339411,-0.06847719686356152,0.02465577681876911
0.22391547867479006,4.310647270019593,3.102566635151068,0.588755936262836,0.8240131359681051,-0.8939231533484822,-0.053500841044329936,0.8939231533484822,0.053500841044329936,5.349501064370859,0.01588498246833012,-0.06451536882809188,-0.07433305437459643,-8.939231533484821e-10,-5.350084104432994e-11,-0.8939231580227498,5.349500804339411,-0.05350084130443344,0.015884980468943696
0.22391547867479006,5.227439621485609,3.059273509330099,0.588755936262836,0.7807200101471361,-0.8939231533484822,-0.04179990036800194,0.8939231533484822,0.04179990036800194,5.349501064370859,0.010234222129795554,-0.06542835420567991,-0.07142429556933974,-8.939231533484821e-10,-4.179990036800194e-11,-0.8939231580227498,5.349500804339411,-0.04179990057156598,0.0102342219113575
0.22391547867479006,6.339216197606768,3.018254976791127,0.588755936262836,0.7397014776081641,-0.8939231533484822,-0.032658022503368904,0.8939231533484822,0.032658022503368904,5.349501064370859,0.006593605174624262,-0.06631753523796313,-0.06859137707950158,-8.939231533484821e-10,-3.2658022503368906e-11,-0.8939231580326662,5.349501690070705,-0.03265802266242773,0.006593606624755315
0.22391547867479006,7.687446419243286,2.9793915318505038,0.588755936262836,0.7008380326675407,-0.8939231533484822,-0.025515525741467954,0.8939231533484822,0.025515525741467954,5.349501064370859,0.004248063863325616,-0.06718258699492963,-0.06583533412761268,-8.939231533484821e-10,-2.5515525741467955e-11,-0.8939231580227498,5.349500804339411,-0.025515525865501744,0.004248063454870414
0.22391547867479006,9.322419461107367,2.9425699475771547,0.588755936262836,0.6640164483941917,-0.8939231533484822,-0.019935133971946847,0.8939231533484822,0.019935133971946847,5.349501064370859,0.0027369013019378032,-0.06802327025235644,-0.06315692887874402,-8.939231533484821e-10,-1.9935133971946848e-11,-0.8939231580227498,5.349500804339411,-0.019935134068892982,0.0027369016115552625
0.22391547867479006,11.305120044971734,2.907682945910915,0.588755936262836,0.6291294467279519,-0.8939231533484822,-0.01557520587685156,0.8939231533484822,0.01557520587685156,5.349501064370859,0.0017633041728060922,-0.06883942799265423,-0.06055666158876691,-8.939231533484821e-10,-1.557520587685156e-11,-0.8939231580227498,5.349500804339411,-0.015575205952653394,0.0017633045493487855
0.22391547867479006,13.709503178270442,2.8746288851126365,0.588755936262836,0.5960753859296735,-0.8939231533484822,-0.012168819053219565,0.8939231533484822,0.012168819053219565,5.349501064370859,0.0011360444761504365,-0.06963098152151913,-0.05803478297664664,-8.939231533484821e-10,-1.2168819053219565e-11,-0.8939231580227498,5.349500804339411,-0.01216881911233734,0.0011360446531749392
0.22391547867479006,16.625252686158202,2.8433114636354686,0.588755936262836,0.5647579644525057,-0.8939231533484822,-0.009507428557980204,0.8939231533484822,0.009507428557980204,5.349501064370859,0.0007319196946821074,-0.07039792627029812,-0.05559130759804877,-8.939231533484821e-10,-9.507428557980204e-12,-0.8939231580227498,5.349500804339411,-0.009507428604153944,0.000731919756892843
0.22391547867479006,20.161126430657447,2.813639439554553,0.588755936262836,0.5350859403715899,-0.8939231533484822,-0.0074280994227769615,0.8939231533484822,0.0074280994227769615,5.349501064370859,0.00047155410788037716,-0.07114032735203356,-0.053226028003719374,-8.939231533484821e-10,-7.428099422776961e-12,-0.8939231580227498,5.349500804339411,-0.007428099458894082,0.0004715539953984351
0.22391547867479006,24.44901299403245,2.7855263647377027,0.588755936262836,0.5069728655547395,-0.8939231533484822,-0.005803531490998793,0.8939231533484822,0.005803531490998793,5.349501064370859,0.00030380829792459155,-0.07185831493623338,-0.050938529475403845,-8.939231533484821e-10,-5.803531490998793e-12,-0.8939231580227498,5.349500804339411,-0.005803531519205938,0.0003038082833871013
0.22391547867479006,29.648851141244215,2.7588903329825873,0.588755936262836,0.48033683379962433,-0.8939231533484822,-0.004534265880143972,0.8939231533484822,0.004534265880143972,5.349501064370859,0.00019573465768906405,-0.07255207950368589,-0.04872820514394103,-8.939231533484821e-10,-4.534265880143972e-12,-0.8939231580227498,5.349500804339411,-0.004534265902158096,0.00019573468588407917
0.22391547867479006,35.95459555812005,2.733653741386628,0.588755936262836,0.45510024220366474,-0.8939231533484822,-0.00354259593554811,0.8939231533484822,0.00354259593554811,5.349501064370859,0.00012610602304932608,-0.0732218670382781,-0.046594271308063796,-8.939231533484821e-10,-3.5425959355481098e-12,-0.8939231580128333,5.349499918608118,-0.0035425959527779697,0.00012610596087102245
0.22391547867479006,43.601451388100436,2.709743064254365,0.588755936262836,0.431189565071402,-0.8939231533484822,-0.002767809893442663,0.8939231533484822,0.002767809893442663,5.349501064370859,8.124636299504802e-05,-0.07386797420794643,-0.044535782787823525,-8.939231533484821e-10,-2.767809893442663e-12,-0.8939231580227498,5.349500804339411,-0.0027678099069098063,8.124635763992965e-05
0.22391547867479006,52.87464741679016,2.6870886388835933,0.588755936262836,0.40853513970063016,-0.8939231533484822,-0.0021624740008780612,0.8939231533484822,0.0021624740008780612,5.349501064370859,5.234461717455907e-05,-0.07449074358174694,-0.04255164816293816,-8.939231533484821e-10,-2.162474000878061e-12,-0.8939231580227498,5.349500804339411,-0.002162474011399466,5.234460465020004e-05
0.22391547867479006,64.12007514531668,2.665624462606152,0.588755936262836,0.387070963423189,-0.8939231533484822,-0.001689528538629904,0.8939231533484822,0.001689528538629904,5.349501064370859,3.3724081252943594e-05,-0.0750905589247203,-0.04064064476328778,-8.939231533484821e-10,-1.689528538629904e-12,-0.8939231580227498,5.349500804339411,-0.0016895285468450398,3.372409098595545e-05
0.22391547867479006,77.75719059141188,2.645288000492067,0.588755936262836,0.36673450130910396,-0.8939231533484822,-0.0013200189605451172,0.8939231533484822,0.0013200189605451172,5.349501064370859,2.172742332917296e-05,-0.07566784060687134,-0.03880143329584195,-8.939231533484821e-10,-1.3200189605451172e-12,-0.8939231580227498,5.349500804339411,-0.0013200189669490797,2.1727417870031313e-05
0.22391547867479006,94.29466005719073,2.6260200031567917,0.588755936262836,0.34746650397382856,-0.8939231533484822,-0.0010313232457213309,0.8939231533484822,0.0010313232457213309,5.349501064370859,1.39983331490723e-05,-0.07622304115729617,-0.03703257200914972,-8.939231533484821e-10,-1.0313232457213309e-12,-0.8939231580227498,5.349500804339411,-0.0010313232507332603,1.3998329124118205e-05
0.22391547867479006,114.34933345293979,2.6077643341407413,0.588755936262836,0.3292108349577785,-0.8939231533484822,-0.0008057669389278654,0.8939231533484822,0.0008057669389278654,5.349501064370859,9.018710041393375e-06,-0.07675664098936184,-0.035332530312857754,-8.939231533484821e-10,-8.057669389278655e-13,-0.8939231580326662,5.349501690070705,-0.000805766942845301,9.01871520182505e-06
0.22391547867479006,138.6692528845326,2.590467806358198,0.588755936262836,0.31191430717523483,-0.8939231533484822,-0.0006295410896271181,0.8939231533484822,0.0006295410896271181,5.349501064370859,5.810486859010076e-06,-0.07726914431795316,-0.033699701785305985,-8.939231533484821e-10,-6.295410896271181e-13,-0.8939231580227498,5.349500804339411,-0.0006295410926893784,5.810485123998944e-06
0.22391547867479006,168.16155472797897,2.5740800271390807,0.588755936262836,0.2955265279561175,-0.8939231533484822,-0.0004918568439358354,0.8939231533484822,0.0004918568439358354,5.349501064370859,3.7435240055142786e-06,-0.07776107528520444,-0.03213241651689255,-8.939231533484821e-10,-4.918568439358354e-13,-0.8939231580227498,5.349500804339411,-0.0004918568463254249,3.7435222118635078e-06
0.22391547867479006,203.9263059423702,2.5585532514121296,0.588755936262836,0.2799997522291665,-0.8939231533484822,-0.00038428493217148603,0.8939231533484822,0.00038428493217148603,5.349501064370859,2.4118412656128398e-06,-0.07823297430687755,-0.03062895275046294,-8.939231533484821e-10,-3.8428493217148604e-13,-0.8939231580227498,5.349500804339411,-0.0003842849340397061,2.411840696052486e-06
0.22391547867479006,247.29753672039521,2.5438422426017473,0.588755936262836,0.26528874341878433,-0.8939231533484822,-0.0003002396142592021,0.8939231533484822,0.0003002396142592021,5.349501064370859,1.553877651631041e-06,-0.0786853946476585,-0.0291875477923677,-8.939231533484821e-10,-3.002396142592021e-13,-0.8939231580227498,5.349500804339411,-0.0003002396157147192,1.5538776233140892e-06
0.22391547867479006,299.893,2.529904140833233,0.588755936262836,0.25135064165026993,-0.8939231533484822,-0.00023457548923695002,0.8939231533484822,0.00023457548923695002,5.349501064370859,1.001117192355889e-06,-0.07911889923014184,-0.027806408178994258,-8.939231533484821e-10,-2.3457548923695e-13,-0.8939231580227498,5.349500804339411,-0.00023457549037856227,1.0011172199867804e-06
0.2545783622058686,0.134,4.430289322658025,0.5636193539892028,2.1768724057486954,-0.7526852627940905,-4.546708768677904,0.7526852627940905,4.546708768677904,3.96176885160919,43.4271127604176,-0.04325166315405545,-0.1375212611706597,-7.526852627940906e-10,-4.5467087686779044e-09,-0.7526852667410626,3.96176999013166,-4.546708790824505,43.42711680718581
0.2545783622058686,0.1624992409262676,4.3159178316652875,0.5636193539892028,2.0625009147559576,-0.7526852627940905,-3.552317493020029,0.7526852627940905,3.552317493020029,3.96176885160919,27.97879817191351,-0.04439782890506936,-0.1337488151210067,-7.526852627940906e-10,-3.552317493020029e-09,-0.7526852667410626,3.96176999013166,-3.5523175103218168,27.978800691098396
0.2545783622058686,0.19705972613144151,4.207555346031503,0.5636193539892028,1.9541384291221735,-0.7526852627940905,-2.77540529055822,0.7526852627940905,2.77540529055822,3.96176885160919,18.025908180066246,-0.04554126225323304,-0.12998536239743186,-7.526852627940906e-10,-2.77540529055822e-09,-0.7526852667410626,3.96176999013166,-2.7754053040349342,18.025910126851127
0.2545783622058686,0.23897056651863752,4.104886156438813,0.5636193539892028,1.851469239529483,-0.7526852627940905,-2.168408241097251,0.7526852627940905,2.168408241097251,3.96176885160919,11.613556941211405,-0.0466803156423833,-0.12623632570318188,-7.526852627940906e-10,-2.168408241097251e-09,-0.7526852667410626,3.96176999013166,-2.1684082516547134,11.613557574510873
0.2545783622058686,0.2897950422611845,4.007611140736022,0.5636193539892028,1.7541942238266917,-0.7526852627940905,-1.6941649264899823,0.7526852627940905,1.6941649264899823,3.96176885160919,7.482269602144617,-0.047813366798711336,-0.12250704452813083,-7.526852627940906e-10,-1.6941649264899822e-09,-0.7526852667236186,3.9617686197004507,-1.6941649347390257,7.482269392815102
0.2545783622058686,0.35142891337043375,3.9154468924594195,0.5636193539892028,1.6620299755500898,-0.7526852627940905,-1.323641343798085,0.7526852627940905,1.323641343798085,3.96176885160919,4.8206039443879165,-0.048938827858357764,-0.11880274510656327,-7.526852627940906e-10,-1.323641343798085e-09,-0.7526852667410626,3.96176999013166,-1.3236413502298119,4.820604331385803
0.2545783622058686,0.4261711318077503,3.8281248951405598,0.5636193539892028,1.5747079782312299,-0.7526852627940905,-1.0341533929884241,0.7526852627940905,1.0341533929884241,3.96176885160919,3.1057718612528524,-0.05005515407865961,-0.11512851174530957,-7.526852627940906e-10,-1.034153392988424e-09,-0.7526852667323406,3.9617693049160554,-1.0341533980222497,3.1057718930715947
0.2545783622058686,0.5168095927122967,3.7453907399953836,0.5636193539892028,1.491973823086054,-0.7526852627940905,-0.8079781167613735,0.7526852627940905,0.8079781167613735,3.96176885160919,2.00095651196974,-0.051160852034052275,-0.11148925984806825,-7.526852627940906e-10,-8.079781167613735e-10,-0.7526852667410626,3.96176999013166,-0.8079781206936961,2.0009568229279493
0.2545783622058686,0.6267251232773262,3.6670033847154597,0.5636193539892028,1.4135864678061296,-0.7526852627940905,-0.6312686701909447,0.7526852627940905,0.6312686701909447,3.96176885160919,1.2891568156519335,-0.05225448720808363,-0.10788971092734145,-7.526852627940906e-10,-6.312686701909447e-10,-0.7526852667236186,3.9617686197004507,-0.6312686732584893,1.2891567686972332
0.2545783622058686,0.7600175880745298,3.5927344512018573,0.5636193539892028,1.3393175342925274,-0.7526852627940905,-0.49320659272550027,0.7526852627940905,0.49320659272550027,3.96176885160919,0.8305654247856867,-0.053334690905004874,-0.10433436985588974,-7.526852627940906e-10,-4.932065927255003e-10,-0.7526852667323406,3.9617693049160554,-0.49320659512027093,0.8305655331949743
0.2545783622058686,0.9216588145725657,3.5223675601956437,0.5636193539892028,1.2689506432863136,-0.7526852627940905,-0.38533948316224703,0.7526852627940905,0.38533948316224703,3.96176885160919,0.535108620203488,-0.054400166417604166,-0.10082750456616046,-7.526852627940906e-10,-3.85339483162247e-10,-0.7526852667236186,3.9617686197004507,-0.38533948503670273,0.5351085521461122
0.2545783622058686,1.117678042992877,3.455697700866459,0.5636193539892028,1.2022807839571288,-0.7526852627940905,-0.3010635289021562,0.7526852627940905,0.3010635289021562,3.96176885160919,0.3447545814828088,-0.0554496944019636,-0.09737312836001877,-7.526852627940906e-10,-3.010635289021562e-10,-0.7526852667236186,3.9617686197004507,-0.3010635303668195,0.3447545850808318
0.2545783622058686,1.3553868178082003,3.392530633522518,0.5636193539892028,1.139113716613188,-0.7526852627940905,-0.23521920902368526,0.7526852627940905,0.23521920902368526,3.96176885160919,0.22211513133200658,-0.0564821374242549,-0.09397498494359831,-7.526852627940906e-10,-2.352192090236853e-10,-0.7526852667323406,3.9617693049160554,-0.2352192101667671,0.22211516492017613
0.2545783622058686,1.643651709367924,3.3326823237018415,0.5636193539892028,1.0792654067925118,-0.7526852627940905,-0.18377541941225786,0.7526852627940905,0.18377541941225786,3.96176885160919,0.14310217823485172,-0.05749644365916361,-0.09063653625444945,-7.526852627940906e-10,-1.8377541941225786e-10,-0.7526852667410626,3.96176999013166,-0.18377542030601993,0.14310219493794196
0.2545783622058686,1.99322503820485,3.2759784059959762,0.5636193539892028,1.0225614890866463,-0.7526852627940905,-0.14358268153495263,0.7526852627940905,0.14358268153495263,3.96176885160919,0.09219648068437712,-0.05849164973367921,-0.08736095310159755,-7.526852627940906e-10,-1.4358268153495262e-10,-0.7526852667323406,3.9617693049160554,-0.14358268223368859,0.09219648562739743
0.2545783622058686,2.4171459380859606,3.222253676044075,0.5636193539892028,0.9688367591347453,-0.7526852627940905,-0.11218032587111348,0.7526852627940905,0.11218032587111348,3.96176885160919,0.059399452582997524,-0.05946688272347939,-0.0841511085947202,-7.526852627940906e-10,-1.1218032587111349e-10,-0.7526852667323406,3.9617693049160554,-0.11218032641640963,0.05939945436273851
0.2545783622058686,2.931226717514774,3.171351609217286,0.5636193539892028,0.9179346923079563,-0.7526852627940905,-0.08764584543217176,0.7526852627940905,0.08764584543217176,3.96176885160919,0.03826930204894082,-0.0604213613216814,-0.08100957429736383,-7.526852627940906e-10,-8.764584543217176e-11,-0.7526852667410626,3.96176999013166,-0.08764584585787111,0.03826931210776653
0.2545783622058686,3.554642661036909,3.1231239045911563,0.5636193539892028,0.8697069876818265,-0.7526852627940905,-0.06847719653039638,0.7526852627940905,0.06847719653039638,3.96176885160919,0.024655774011834514,-0.06135439621109036,-0.07793861900173964,-7.526852627940906e-10,-6.847719653039638e-11,-0.7526852667323406,3.9617693049160554,-0.06847719686356152,0.02465577681876911
0.2545783622058686,4.310647270019593,3.077430052877435,0.5636193539892028,0.8240131359681051,-0.7526852627940905,-0.053500841044329936,0.7526852627940905,0.053500841044329936,3.96176885160919,0.01588498246833012,-0.06226538968105831,-0.07494020998977945,-7.526852627940906e-10,-5.350084104432994e-11,-0.7526852667323406,3.9617693049160554,-0.053500841304948546,0.01588498285887406
0.2545783622058686,5.227439621485609,3.034136927056466,0.5636193539892028,0.7807200101471361,-0.7526852627940905,-0.04179990036800194,0.7526852627940905,0.04179990036800194,3.96176885160919,0.010234222129795554,-0.06315383453854498,-0.07201601661722823,-7.526852627940906e-10,-4.179990036800194e-11,-0.7526852667323406,3.9617693049160554,-0.04179990057114122,0.010234223536502704
0.2545783622058686,6.339216197606768,2.993118394517494,0.5636193539892028,0.7397014776081641,-0.7526852627940905,-0.032658022503368904,0.7526852627940905,0.032658022503368904,3.96176885160919,0.006593605174624262,-0.06401931236986803,-0.0691674160348529,-7.526852627940906e-10,-3.2658022503368906e-11,-0.7526852667236186,3.9617686197004507,-0.03265802266242773,0.006593604414567962
0.2545783622058686,7.687446419243286,2.9542549495768706,0.5636193539892028,0.7008380326675407,-0.7526852627940905,-0.025515525741467954,0.7526852627940905,0.025515525741467954,3.96176885160919,0.004248063863325616,-0.06486149121491974,-0.06639550084343654,-7.526852627940906e-10,-2.5515525741467955e-11,-0.7526852667323406,3.9617693049160554,-0.025515525865501744,0.004248063454870414
0.2545783622058686,9.322419461107367,2.9174333653035216,0.5636193539892028,0.6640164483941917,-0.7526852627940905,-0.019935133971946847,0.7526852627940905,0.019935133971946847,3.96176885160919,0.0027369013019378032,-0.06568012271933349,-0.06370108846702836,-7.526852627940906e-10,-1.9935133971946848e-11,-0.7526852667323406,3.9617693049160554,-0.019935134068892982,0.002736900589573992
0.2545783622058686,11.305120044971734,2.8825463636372817,0.5636193539892028,0.6291294467279519,-0.7526852627940905,-0.01557520587685156,0.7526852627940905,0.01557520587685156,3.96176885160919,0.0017633041728060922,-0.06647503883227222,-0.06108473202171629,-7.526852627940906e-10,-1.557520587685156e-11,-0.7526852667323406,3.9617693049160554,-0.015575205952653394,0.0017633045493487855
0.2545783622058686,13.709503178270442,2.8494923028390033,0.5636193539892028,0.5960753859296735,-0.7526852627940905,-0.012168819053219565,0.7526852627940905,0.012168819053219565,3.96176885160919,0.0011360444761504365,-0.06724614811828104,-0.05854673245465418,-7.526852627940906e-10,-1.2168819053219565e-11,-0.7526852667323406,3.9617693049160554,-0.012168819112499304,0.001136044416895034
0.2545783622058686,16.625252686158202,2.8181748813618355,0.5636193539892028,0.5647579644525057,-0.7526852627940905,-0.009507428557980204,0.7526852627940905,0.009507428557980204,3.96176885160919,0.0007319196946821074,-0.06799343175112593,-0.056087151729787656,-7.526852627940906e-10,-9.507428557980204e-12,-0.7526852667323406,3.9617693049160554,-0.009507428604153944,0.000731919756892843
0.2545783622058686,20.161126430657447,2.78850285728092,0.5636193539892028,0.5350859403715899,-0.7526852627940905,-0.0074280994227769615,0.7526852627940905,0.0074280994227769615,3.96176885160919,0.00047155410788037716,-0.06871693925587734,-0.05370582684219674,-7.526852627940906e-10,-7.428099422776961e-12,-0.7526852667323406,3.9617693049160554,-0.007428099458894082,0.0004715539953984351
0.2545783622058686,24.44901299403245,2.7603897824640695,0.5636193539892028,0.5069728655547395,-0.7526852627940905,-0.005803531490998793,0.7526852627940905,0.005803531490998793,3.96176885160919,0.00030380829792459155,-0.06941678406285275,-0.05140238445167948,-7.526852627940906e-10,-5.803531490998793e-12,-0.7526852667323406,3.9617693049160554,-0.005803531519205938,0.0003038082833871013
0.2545783622058686,29.648851141244215,2.733753750708954,0.5636193539892028,0.48033683379962433,-0.7526852627940905,-0.004534265880143972,0.7526852627940905,0.004534265880143972,3.96176885160919,0.00019573465768906405,-0.07009313893357094,-0.049176255937590424,-7.526852627940906e-10,-4.534265880143972e-12,-0.7526852667323406,3.9617693049160554,-0.004534265902232987,0.0001957346353651098
0.2545783622058686,35.95459555812005,2.7085171591129944,0.5636193539892028,0.45510024220366474,-0.7526852627940905,-0.00354259593554811,0.7526852627940905,0.00354259593554811,3.96176885160919,0.00012610602304932608,-0.07074623131476326,-0.04702669269047021,-7.526852627940906e-10,-3.5425959355481098e-12,-0.7526852667410626,3.96176999013166,-0.0035425959527162127,0.0001261060639292479
0.2545783622058686,43.601451388100436,2.684606481980732,0.5636193539892028,0.431189565071402,-0.7526852627940905,-0.002767809893442663,0.7526852627940905,0.002767809893442663,3.96176885160919,8.124636299504802e-05,-0.07137633867189205,-0.04495278147112433,-7.526852627940906e-10,-2.767809893442663e-12,-0.7526852667323406,3.9617693049160554,-0.0027678099069098063,8.124635763992965e-05
0.2545783622058686,52.87464741679016,2.66195205660996,0.5636193539892028,0.40853513970063016,-0.7526852627940905,-0.0021624740008780612,0.7526852627940905,0.0021624740008780612,3.96176885160919,5.234461717455907e-05,-0.07198378384869984,-0.04295345968402489,-7.526852627940906e-10,-2.162474000878061e-12,-0.7526852667323406,3.9617693049160554,-0.002162474011399466,5.234460465020004e-05
0.2545783622058686,64.12007514531668,2.6404878803325187,0.5636193539892028,0.387070963423189,-0.7526852627940905,-0.001689528538629904,0.7526852627940905,0.001689528538629904,3.96176885160919,3.3724081252943594e-05,-0.07256893049419445,-0.04102753042875701,-7.526852627940906e-10,-1.689528538629904e-12,-0.7526852667323406,3.9617693049160554,-0.0016895285468450398,3.372409098595545e-05
0.2545783622058686,77.75719059141188,2.620151418218434,0.5636193539892028,0.36673450130910396,-0.7526852627940905,-0.0013200189605451172,0.7526852627940905,0.0013200189605451172,3.96176885160919,2.172742332917296e-05,-0.0731321785932903,-0.039173677210294425,-7.526852627940906e-10,-1.3200189605451172e-12,-0.7526852667323406,3.9617693049160554,-0.0013200189669490797,2.1727417870031313e-05
0.2545783622058686,94.29466005719073,2.6008834208831586,0.5636193539892028,0.34746650397382856,-0.7526852627940905,-0.0010313232457213309,0.7526852627940905,0.0010313232457213309,3.96176885160919,1.39983331490723e-05,-0.07367396013218754,-0.037390478205805065,-7.526852627940906e-10,-1.0313232457213309e-12,-0.7526852667323406,3.9617693049160554,-0.0010313232507332603,1.3998329124118205e-05
0.2545783622058686,114.34933345293979,2.5826277518671086,0.5636193539892028,0.3292108349577785,-0.7526852627940905,-0.0008057669389278654,0.7526852627940905,0.0008057669389278654,3.96176885160919,9.018710041393375e-06,-0.0741947349245681,-0.035676420002149094,-7.526852627940906e-10,-8.057669389278655e-13,-0.7526852667236186,3.9617686197004507,-0.000805766942845301,9.018708409273517e-06
0.2545783622058686,138.6692528845326,2.5653312240845647,0.5636193539892028,0.31191430717523483,-0.7526852627940905,-0.0006295410896271181,0.7526852627940905,0.0006295410896271181,3.96176885160919,5.810486859010076e-06,-0.074694986619902,-0.03402991073398688,-7.526852627940906e-10,-6.295410896271181e-13,-0.7526852667323406,3.9617693049160554,-0.0006295410926893784,5.810485123998944e-06
0.2545783622058686,168.16155472797897,2.5489434448654475,0.5636193539892028,0.2955265279561175,-0.7526852627940905,-0.0004918568439358354,0.7526852627940905,0.0004918568439358354,3.96176885160919,3.7435240055142786e-06,-0.07517521891064491,-0.03244929256726335,-7.526852627940906e-10,-4.918568439358354e-13,-0.7526852667323406,3.9617693049160554,-0.0004918568463254249,3.7435222118635078e-06
0.2545783622058686,203.9263059423702,2.5334166691384965,0.5636193539892028,0.2799997522291665,-0.7526852627940905,-0.00038428493217148603,0.7526852627940905,0.00038428493217148603,3.96176885160919,2.4118412656128398e-06,-0.07563595195091774,-0.030932853486629264,-7.526852627940906e-10,-3.8428493217148604e-13,-0.7526852667323406,3.9617693049160554,-0.0003842849340397061,2.411840696052486e-06
0.2545783622058686,247.29753672039521,2.518705660328114,0.5636193539892028,0.26528874341878433,-0.7526852627940905,-0.0003002396142592021,0.7526852627940905,0.0003002396142592021,3.96176885160919,1.553877651631041e-06,-0.07607771899541894,-0.02947883835799611,-7.526852627940906e-10,-3.002396142592021e-13,-0.7526852667323406,3.9617693049160554,-0.0003002396157147192,1.5538776233140892e-06
0.2545783622058686,299.893,2.5047675585595996,0.5636193539892028,0.25135064165026993,-0.7526852627940905,-0.00023457548923695002,0.7526852627940905,0.00023457548923695002,3.96176885160919,1.001117192355889e-06,-0.07650106326385253,-0.028085459248837825,-7.526852627940906e-10,-2.3457548923695e-13,-0.7526852667323406,3.9617693049160554,-0.00023457549037856227,1.0011172199867804e-06
0.2894402070236121,0.134,4.4062259317179855,0.5395559630491634,2.1768724057486954,-0.6337626480590262,-4.546708768677904,0.6337626480590262,4.546708768677904,2.93403295834781,43.4271127604176,-0.04163118162815482,-0.1382722957116476,-6.337626480590262e-10,-4.5467087686779044e-09,-0.6337626513587272,2.9340348046363594,-4.546708790824505,43.42711680718581
0.2894402070236121,0.1624992409262676,4.291854440725248,0.5395559630491634,2.0625009147559576,-0.6337626480590262,-3.552317493020029,0.6337626480590262,3.552317493020029,2.93403295834781,27.97879817191351,-0.04274059024868505,-0.13449871241376762,-6.337626480590262e-10,-3.552317493020029e-09,-0.6337626513740703,2.934033744449306,-3.5523175103218168,27.978800691098396
0.2894402070236121,0.19705972613144151,4.183491955091464,0.5395559630491634,1.9541384291221735,-0.6337626480590262,-2.77540529055822,0.6337626480590262,2.77540529055822,2.93403295834781,18.025908180066246,-0.04384767415048769,-0.13073303649969595,-6.337626480590262e-10,-2.77540529055822e-09,-0.6337626513740703,2.934033744449306,-2.7754053040349342,18.025910126851127
0.2894402070236121,0.23897056651863752,4.080822765498773,0.5395559630491634,1.851469239529483,-0.6337626480590262,-2.168408241097251,0.6337626480590262,2.168408241097251,2.93403295834781,11.613556941211405,-0.04495083530921659,-0.126980703548236,-6.337626480590262e-10,-2.168408241097251e-09,-0.6337626513740703,2.934033744449306,-2.1684082516547134,11.613557574510873
0.2894402070236121,0.2897950422611845,3.9835477497959824,0.5395559630491634,1.7541942238266917,-0.6337626480590262,-1.6941649264899823,0.6337626480590262,1.6941649264899823,2.93403295834781,7.482269602144617,-0.0460484983686795,-0.12324707203389883,-6.337626480590262e-10,-1.6941649264899822e-09,-0.6337626513587272,2.934032684262253,-1.6941649347390257,7.482269392815102
0.2894402070236121,0.35142891337043375,3.89138350151938,0.5395559630491634,1.6620299755500898,-0.6337626480590262,-1.323641343798085,0.6337626480590262,1.323641343798085,2.93403295834781,4.8206039443879165,-0.047139119541010265,-0.11953739305352941,-6.337626480590262e-10,-1.323641343798085e-09,-0.6337626513740703,2.934033744449306,-1.3236413502298119,4.820604331385803
0.2894402070236121,0.4261711318077503,3.8040615042005204,0.5395559630491634,1.5747079782312299,-0.6337626480590262,-1.0341533929884241,0.6337626480590262,1.0341533929884241,2.93403295834781,3.1057718612528524,-0.048221195124075425,-0.1158567813548869,-6.337626480590262e-10,-1.034153392988424e-09,-0.6337626513663988,2.9340332143557792,-1.0341533980222497,3.1057718930715947
0.2894402070236121,0.5168095927122967,3.7213273490553442,0.5395559630491634,1.491973823086054,-0.6337626480590262,-0.8079781167613735,0.6337626480590262,0.8079781167613735,2.93403295834781,2.00095651196974,-0.04929326953851623,-0.11221018799915411,-6.337626480590262e-10,-8.079781167613735e-10,-0.6337626513740703,2.934033744449306,-0.8079781206936961,2.0009568229279493
0.2894402070236121,0.6267251232773262,3.6429399937754203,0.5395559630491634,1.4135864678061296,-0.6337626480590262,-0.6312686701909447,0.6337626480590262,0.6312686701909447,2.93403295834781,1.2891568156519335,-0.05035394279660639,-0.10860237495608979,-6.337626480590262e-10,-6.312686701909447e-10,-0.6337626513587272,2.934032684262253,-0.6312686732584893,1.2891567686972332
0.2894402070236121,0.7600175880745298,3.568671060261818,0.5395559630491634,1.3393175342925274,-0.6337626480590262,-0.49320659272550027,0.6337626480590262,0.49320659272550027,2.93403295834781,0.8305654247856867,-0.05140187732645195,-0.10503789189194446,-6.337626480590262e-10,-4.932065927255003e-10,-0.6337626513663988,2.9340332143557792,-0.49320659512027093,0.8305655331949743
0.2894402070236121,0.9216588145725657,3.4983041692556043,0.5395559630491634,1.2689506432863136,-0.6337626480590262,-0.38533948316224703,0.6337626480590262,0.38533948316224703,2.93403295834781,0.535108620203488,-0.05243580408763317,-0.1015210553674907,-6.337626480590262e-10,-3.85339483162247e-10,-0.6337626513587272,2.934032684262253,-0.38533948503670273,0.5351085521461122
0.2894402070236121,1.117678042992877,3.4316343099264195,0.5395559630491634,1.2022807839571288,-0.6337626480590262,-0.3010635289021562,0.6337626480590262,0.3010635289021562,2.93403295834781,0.3447545814828088,-0.05345452792782293,-0.09805593061782461,-6.337626480590262e-10,-3.010635289021562e-10,-0.6337626513587272,2.934032684262253,-0.3010635303668195,0.3447545850808318
0.2894402070236121,1.3553868178082003,3.3684672425824784,0.5395559630491634,1.139113716613188,-0.6337626480590262,-0.23521920902368526,0.6337626480590262,0.23521920902368526,2.93403295834781,0.22211513133200658,-0.05445693214383267,-0.0946463160382562,-6.337626480590262e-10,-2.352192090236853e-10,-0.6337626513663988,2.9340332143557792,-0.2352192101667671,0.22211516492017613
0.2894402070236121,1.643651709367924,3.308618932761802,0.5395559630491634,1.0792654067925118,-0.6337626480590262,-0.18377541941225786,0.6337626480590262,0.18377541941225786,2.93403295834781,0.14310217823485172,-0.05544198222456443,-0.09129573045289445,-6.337626480590262e-10,-1.8377541941225786e-10,-0.6337626513740703,2.934033744449306,-0.18377542030601993,0.14310219493794196
0.2894402070236121,1.99322503820485,3.251915015055937,0.5395559630491634,1.0225614890866463,-0.6337626480590262,-0.14358268153495263,0.6337626480590262,0.14358268153495263,2.93403295834781,0.09219648068437712,-0.05640872876712673,-0.08800740319566375,-6.337626480590262e-10,-1.4358268153495262e-10,-0.6337626513663988,2.9340332143557792,-0.14358268223368859,0.09219648562739743
0.2894402070236121,2.4171459380859606,3.198190285104036,0.5395559630491634,0.9688367591347453,-0.6337626480590262,-0.11218032587111348,0.6337626480590262,0.11218032587111348,2.93403295834781,0.059399452582997524,-0.05735630957057643,-0.08478426698857312,-6.337626480590262e-10,-1.1218032587111349e-10,-0.6337626513663988,2.9340332143557792,-0.11218032641640963,0.05939945436273851
0.2894402070236121,2.931226717514774,3.1472882182772466,0.5395559630491634,0.9179346923079563,-0.6337626480590262,-0.08764584543217176,0.6337626480590262,0.08764584543217176,2.93403295834781,0.03826930204894082,-0.05828395092408983,-0.08162895356008375,-6.337626480590262e-10,-8.764584543217176e-11,-0.6337626513740703,2.934033744449306,-0.08764584585787111,0.03826931210776653
0.2894402070236121,3.554642661036909,3.099060513651117,0.5395559630491634,0.8697069876818265,-0.6337626480590262,-0.06847719653039638,0.6337626480590262,0.06847719653039638,2.93403295834781,0.024655774011834514,-0.059190968117600266,-0.07854379190820737,-6.337626480590262e-10,-6.847719653039638e-11,-0.6337626513663988,2.9340332143557792,-0.06847719686356152,0.02465577681876911
0.2894402070236121,4.310647270019593,3.0533666619373956,0.5395559630491634,0.8240131359681051,-0.6337626480590262,-0.053500841044329936,0.6337626480590262,0.053500841044329936,2.93403295834781,0.01588498246833012,-0.060076765212876436,-0.07553080907916902,-6.337626480590262e-10,-5.350084104432994e-11,-0.6337626513663988,2.9340332143557792,-0.053500841304948546,0.01588498285887406
0.2894402070236121,5.227439621485609,3.0100735361164266,0.5395559630491634,0.7807200101471361,-0.6337626480590262,-0.04179990036800194,0.6337626480590262,0.04179990036800194,2.93403295834781,0.010234222129795554,-0.0609408341215163,-0.0725917333035523,-6.337626480590262e-10,-4.179990036800194e-11,-0.6337626513663988,2.9340332143557792,-0.04179990057114122,0.010234223536502704
0.2894402070236121,6.339216197606768,2.9690550035774548,0.5395559630491634,0.7397014776081641,-0.6337626480590262,-0.032658022503368904,0.6337626480590262,0.032658022503368904,2.93403295834781,0.006593605174624262,-0.06178275304331249,-0.06972799930810097,-6.337626480590262e-10,-3.2658022503368906e-11,-0.6337626513587272,2.934032684262253,-0.03265802266242773,0.006593604414567962
0.2894402070236121,7.687446419243286,2.9301915586368312,0.5395559630491634,0.7008380326675407,-0.6337626480590262,-0.025515525741467954,0.6337626480590262,0.025515525741467954,2.93403295834781,0.004248063863325616,-0.06260218432387216,-0.06694075560288941,-6.337626480590262e-10,-2.5515525741467955e-11,-0.6337626513663988,2.9340332143557792,-0.025515525865501744,0.004248063454870414
0.2894402070236121,9.322419461107367,2.893369974363482,0.5395559630491634,0.6640164483941917,-0.6337626480590262,-0.019935133971946847,0.6337626480590262,0.019935133971946847,2.93403295834781,0.0027369013019378032,-0.06339887179426187,-0.06423087353035244,-6.337626480590262e-10,-1.9935133971946848e-11,-0.6337626513663988,2.9340332143557792,-0.019935134068892982,0.002736900589573992
0.2894402070236121,11.305120044971734,2.8584829726972423,0.5395559630491634,0.6291294467279519,-0.6337626480590262,-0.01557520587685156,0.6337626480590262,0.01557520587685156,2.93403295834781,0.0017633041728060922,-0.06417263765785108,-0.06159895785449049,-6.337626480590262e-10,-1.557520587685156e-11,-0.6337626513663988,2.9340332143557792,-0.015575205952653394,0.0017633045493487855
0.2894402070236121,13.709503178270442,2.825428911898964,0.5395559630491634,0.5960753859296735,-0.6337626480590262,-0.012168819053219565,0.6337626480590262,0.012168819053219565,2.93403295834781,0.0011360444761504365,-0.06492337899053706,-0.05904535866513327,-6.337626480590262e-10,-1.2168819053219565e-11,-0.6337626513663988,2.9340332143557792,-0.012168819112499304,0.001136044416895034
0.2894402070236121,16.625252686158202,2.794111490421796,0.5395559630491634,0.5647579644525057,-0.6337626480590262,-0.009507428557980204,0.6337626480590262,0.009507428557980204,2.93403295834781,0.0007319196946821074,-0.06565106392026819,-0.05657018437304966,-6.337626480590262e-10,-9.507428557980204e-12,-0.6337626513663988,2.9340332143557792,-0.009507428604153944,0.000731919756892843
0.2894402070236121,20.161126430657447,2.7644394663408804,0.5395559630491634,0.5350859403715899,-0.6337626480590262,-0.0074280994227769615,0.6337626480590262,0.0074280994227769615,2.93403295834781,0.00047155410788037716,-0.06635572755038138,-0.054173315576458096,-6.337626480590262e-10,-7.428099422776961e-12,-0.6337626513663988,2.9340332143557792,-0.007428099458894082,0.0004715539953984351
0.2894402070236121,24.44901299403245,2.73632639152403,0.5395559630491634,0.5069728655547395,-0.6337626480590262,-0.005803531490998793,0.6337626480590262,0.005803531490998793,2.93403295834781,0.00030380829792459155,-0.06703746768888562,-0.05185441958759836,-6.337626480590262e-10,-5.803531490998793e-12,-0.6337626513663988,2.9340332143557792,-0.005803531519205938,0.0003038082833871013
0.2894402070236121,29.648851141244215,2.709690359768915,0.5395559630491634,0.48033683379962433,-0.6337626480590262,-0.004534265880143972,0.6337626480590262,0.004534265880143972,2.93403295834781,0.00019573465768906405,-0.06769644044261973,-0.04961296541892562,-6.337626480590262e-10,-4.534265880143972e-12,-0.6337626513663988,2.9340332143557792,-0.004534265902232987,0.0001957346353651098
0.2894402070236121,35.95459555812005,2.684453768172955,0.5395559630491634,0.45510024220366474,-0.6337626480590262,-0.00354259593554811,0.6337626480590262,0.00354259593554811,2.93403295834781,0.00012610602304932608,-0.06833285573134841,-0.047448239041629044,-6.337626480590262e-10,-3.5425959355481098e-12,-0.6337626513740703,2.934033744449306,-0.0035425959527162127,0.0001261060639292479
0.2894402070236121,43.601451388100436,2.6605430910406924,0.5395559630491634,0.431189565071402,-0.6337626480590262,-0.002767809893442663,0.6337626480590262,0.002767809893442663,2.93403295834781,8.124636299504802e-05,-0.06894697277249683,-0.045359358744021916,-6.337626480590262e-10,-2.767809893442663e-12,-0.6337626513663988,2.9340332143557792,-0.0027678099069098063,8.124635763992965e-05
0.2894402070236121,52.87464741679016,2.6378886656699208,0.5395559630491634,0.40853513970063016,-0.6337626480590262,-0.0021624740008780612,0.6337626480590262,0.0021624740008780612,2.93403295834781,5.234461717455907e-05,-0.06953909558250877,-0.043345290433387244,-6.337626480590262e-10,-2.162474000878061e-12,-0.6337626513663988,2.9340332143557792,-0.002162474011399466,5.234460465020004e-05
0.2894402070236121,64.12007514531668,2.6164244893924793,0.5395559630491634,0.387070963423189,-0.6337626480590262,-0.001689528538629904,0.6337626480590262,0.001689528538629904,2.93403295834781,3.3724081252943594e-05,-0.07010956853588776,-0.04140486274161912,-6.337626480590262e-10,-1.689528538629904e-12,-0.6337626513663988,2.9340332143557792,-0.0016895285468450398,3.372409098595545e-05
0.2894402070236121,77.75719059141188,2.5960880272783946,0.5395559630491634,0.36673450130910396,-0.6337626480590262,-0.0013200189605451172,0.6337626480590262,0.0013200189605451172,2.93403295834781,2.172742332917296e-05,-0.07065877201796676,-0.039536781812051114,-6.337626480590262e-10,-1.3200189605451172e-12,-0.6337626513663988,2.9340332143557792,-0.0013200189669490797,2.1727417870031313e-05
0.2894402070236121,94.29466005719073,2.576820029943119,0.5395559630491634,0.34746650397382856,-0.6337626480590262,-0.0010313232457213309,0.6337626480590262,0.0010313232457213309,2.93403295834781,1.39983331490723e-05,-0.07118711820246382,-0.03773964566183465,-6.337626480590262e-10,-1.0313232457213309e-12,-0.6337626513663988,2.9340332143557792,-0.0010313232507332603,1.3998329124118205e-05
0.2894402070236121,114.34933345293979,2.558564360927069,0.5395559630491634,0.3292108349577785,-0.6337626480590262,-0.0008057669389278654,0.6337626480590262,0.0008057669389278654,2.93403295834781,9.018710041393375e-06,-0.07169504698000674,-0.03601195803080423,-6.337626480590262e-10,-8.057669389278655e-13,-0.6337626513587272,2.934032684262253,-0.000805766942845301,9.018708409273517e-06
0.2894402070236121,138.6692528845326,2.5412678331445253,0.5395559630491634,0.31191430717523483,-0.6337626480590262,-0.0006295410896271181,0.6337626480590262,0.0006295410896271181,2.93403295834781,5.810486859010076e-06,-0.07218302205913331,-0.03435214164367943,-6.337626480590262e-10,-6.295410896271181e-13,-0.6337626513663988,2.9340332143557792,-0.0006295410926893784,5.810485123998944e-06
0.2894402070236121,168.16155472797897,2.524880053925408,0.5395559630491634,0.2955265279561175,-0.6337626480590262,-0.0004918568439358354,0.6337626480590262,0.0004918568439358354,2.93403295834781,3.7435240055142786e-06,-0.0726515272568494,-0.03275855082749627,-6.337626480590262e-10,-4.918568439358354e-13,-0.6337626513663988,2.9340332143557792,-0.0004918568463254249,3.7435222118635078e-06
0.2894402070236121,203.9263059423702,2.509353278198457,0.5395559630491634,0.2799997522291665,-0.6337626480590262,-0.00038428493217148603,0.6337626480590262,0.00038428493217148603,2.93403295834781,2.4118412656128398e-06,-0.07310106299170911,-0.031229483440174153,-6.337626480590262e-10,-3.8428493217148604e-13,-0.6337626513663988,2.9340332143557792,-0.0003842849340397061,2.411840696052486e-06
0.2894402070236121,247.29753672039521,2.4946422693880748,0.5395559630491634,0.26528874341878433,-0.6337626480590262,-0.0003002396142592021,0.6337626480590262,0.0003002396142592021,2.93403295834781,1.553877651631041e-06,-0.07353214298859505,-0.029763192078997032,-6.337626480590262e-10,-3.002396142592021e-13,-0.6337626513663988,2.9340332143557792,-0.0003002396157147192,1.5538776233140892e-06
0.2894402070236121,299.893,2.4807041676195603,0.5395559630491634,0.25135064165026993,-0.6337626480590262,-0.00023457548923695002,0.6337626480590262,0.00023457548923695002,2.93403295834781,1.001117192355889e-06,-0.07394529120094939,-0.028357894549450008,-6.337626480590262e-10,-2.3457548923695e-13,-0.6337626513663988,2.9340332143557792,-0.00023457549037856227,1.0011172199867804e-06
0.3290760169716427,0.134,4.383189912849957,0.5165199441811348,2.1768724057486954,-0.5336295446834978,-4.546708768677904,0.5336295446834978,4.546708768677904,2.17290551849702,43.4271127604176,-0.04006321619513361,-0.138998990944177,-5.336295446834977e-10,-4.5467087686779044e-09,-0.5336295474812555,2.172906420274521,-4.546708790791364,43.42711186077002
0.3290760169716427,0.1624992409262676,4.268818421857219,0.5165199441811348,2.0625009147559576,-0.5336295446834978,-3.552317493020029,0.5336295446834978,3.552317493020029,2.17290551849702,27.97879817191351,-0.04113660215756776,-0.13522451392854398,-5.336295446834977e-10,-3.552317493020029e-09,-0.5336295474677605,2.172907240451835,-3.552317510294488,27.978804054645728
0.3290760169716427,0.19705972613144151,4.1604559362234355,0.5165199441811348,1.9541384291221735,-0.5336295446834978,-2.77540529055822,0.5336295446834978,2.77540529055822,2.17290551849702,18.025908180066246,-0.042208038684875014,-0.13145689194766766,-5.336295446834977e-10,-2.77540529055822e-09,-0.5336295474677605,2.172905600097207,-2.77540530405747,18.025907839649417
0.3290760169716427,0.23897056651863752,4.057786746630745,0.5165199441811348,1.851469239529483,-0.5336295446834978,-2.168408241097251,0.5336295446834978,2.168408241097251,2.17290551849702,11.613556941211405,-0.04327597679908745,-0.12770157186031314,-5.336295446834977e-10,-2.168408241097251e-09,-0.5336295474677605,2.172905600097207,-2.16840825163613,11.613556019220834
0.3290760169716427,0.2897950422611845,3.960511730927953,0.5165199441811348,1.7541942238266917,-0.5336295446834978,-1.6941649264899823,0.5336295446834978,1.6941649264899823,2.17290551849702,7.482269602144617,-0.0443388877582474,-0.12396392936691246,-5.336295446834977e-10,-1.6941649264899822e-09,-0.5336295474812555,2.172906420274521,-1.6941649347237013,7.4822704504074835
0.3290760169716427,0.35142891337043375,3.8683474826513518,0.5165199441811348,1.6620299755500898,-0.5336295446834978,-1.323641343798085,0.5336295446834978,1.323641343798085,2.17290551849702,4.8206039443879165,-0.045395271725299564,-0.12024923852608987,-5.336295446834977e-10,-1.323641343798085e-09,-0.5336295474677605,2.172905600097207,-1.3236413502361302,4.820603252646514
0.3290760169716427,0.4261711318077503,3.7810254853324916,0.5165199441811348,1.5747079782312299,-0.5336295446834978,-1.0341533929884241,0.5336295446834978,1.0341533929884241,2.17290551849702,3.1057718612528524,-0.04644366608584087,-0.1165626425059512,-5.336295446834977e-10,-1.034153392988424e-09,-0.533629547474508,2.172906010185864,-1.0341533980170396,3.105772137584714
0.3290760169716427,0.5168095927122967,3.698291330187316,0.5165199441811348,1.491973823086054,-0.5336295446834978,-0.8079781167613735,0.5336295446834978,0.8079781167613735,2.17290551849702,2.00095651196974,-0.04748265331869959,-0.1129091259078133,-5.336295446834977e-10,-8.079781167613735e-10,-0.5336295474677605,2.172905600097207,-0.8079781206893998,2.0009563241234716
0.3290760169716427,0.6267251232773262,3.619903974907391,0.5165199441811348,1.4135864678061296,-0.5336295446834978,-0.6312686701909447,0.5336295446834978,0.6312686701909447,2.17290551849702,1.2891568156519335,-0.04851086833244774,-0.10929348896793738,-5.336295446834977e-10,-6.312686701909447e-10,-0.5336295474812555,2.172906420274521,-0.6312686732584893,1.2891567686972332
0.3290760169716427,0.7600175880745298,3.545635041393789,0.5165199441811348,1.3393175342925274,-0.5336295446834978,-0.49320659272550027,0.5336295446834978,0.49320659272550027,2.17290551849702,0.8305654247856867,-0.04952700519165855,-0.10572032390517548,-5.336295446834977e-10,-4.932065927255003e-10,-0.533629547474508,2.172906010185864,-0.4932065951261141,0.8305655331949743
0.3290760169716427,0.9216588145725657,3.475268150387575,0.5165199441811348,1.2689506432863136,-0.5336295446834978,-0.38533948316224703,0.5336295446834978,0.38533948316224703,2.17290551849702,0.535108620203488,-0.05052982316868198,-0.10219399364037964,-5.336295446834977e-10,-3.85339483162247e-10,-0.5336295474812555,2.172906420274521,-0.38533948503429355,0.5351087089840466
0.3290760169716427,1.117678042992877,3.4085982910583903,0.5165199441811348,1.2022807839571288,-0.5336295446834978,-0.3010635289021562,0.5336295446834978,0.3010635289021562,2.17290551849702,0.3447545814828088,-0.051518152069574136,-0.09871861306819132,-5.336295446834977e-10,-3.010635289021562e-10,-0.5336295474812555,2.172906420274521,-0.30106353036483285,0.34475462063060075
0.3290760169716427,1.3553868178082003,3.3454312237144497,0.5165199441811348,1.139113716613188,-0.5336295446834978,-0.23521920902368526,0.5336295446834978,0.23521920902368526,2.17290551849702,0.22211513133200658,-0.052490896796216865,-0.09529803301470802,-5.336295446834977e-10,-2.352192090236853e-10,-0.533629547474508,2.172906010185864,-0.2352192101667671,0.2221151165727118
0.3290760169716427,1.643651709367924,3.2855829138937738,0.5165199441811348,1.0792654067925118,-0.5336295446834978,-0.18377541941225786,0.5336295446834978,0.18377541941225786,2.17290551849702,0.14310217823485172,-0.053447041120239444,-0.09193582696678547,-5.336295446834977e-10,-1.8377541941225786e-10,-0.5336295474677605,2.172905600097207,-0.18377542030737085,0.1431021456237542
0.3290760169716427,1.99322503820485,3.228878996187908,0.5165199441811348,1.0225614890866463,-0.5336295446834978,-0.14358268153495263,0.5336295446834978,0.14358268153495263,2.17290551849702,0.09219648068437712,-0.054385650657754525,-0.0886352806116137,-5.336295446834977e-10,-1.4358268153495262e-10,-0.533629547474508,2.172906010185864,-0.1435826822325746,0.09219647444956608
0.3290760169716427,2.4171459380859606,3.175154266236007,0.5165199441811348,0.9688367591347453,-0.5336295446834978,-0.11218032587111348,0.5336295446834978,0.11218032587111348,2.17290551849702,0.059399452582997524,-0.05530587504682334,-0.085399384179832,-5.336295446834977e-10,-1.1218032587111349e-10,-0.533629547474508,2.172906010185864,-0.11218032641640963,0.05939945436273851
0.3290760169716427,2.931226717514774,3.1242521994092183,0.5165199441811348,0.9179346923079563,-0.5336295446834978,-0.08764584543217176,0.5336295446834978,0.08764584543217176,2.17290551849702,0.03826930204894082,-0.056206949341683334,-0.0822308275428381,-5.336295446834977e-10,-8.764584543217176e-11,-0.5336295474677605,2.172905600097207,-0.08764584585862861,0.03826929660202091
0.3290760169716427,3.554642661036909,3.076024494783088,0.5165199441811348,0.8697069876818265,-0.5336295446834978,-0.06847719653039638,0.5336295446834978,0.06847719653039638,2.17290551849702,0.024655774011834514,-0.05708819464885951,-0.07913199797595248,-5.336295446834977e-10,-6.847719653039638e-11,-0.533629547474508,2.172906010185864,-0.06847719686356152,0.02465577681876911
0.3290760169716427,4.310647270019593,3.030330643069367,0.5165199441811348,0.8240131359681051,-0.5336295446834978,-0.053500841044329936,0.5336295446834978,0.053500841044329936,2.17290551849702,0.01588498246833012,-0.05794901804014689,-0.07610498046440864,-5.336295446834977e-10,-5.350084104432994e-11,-0.533629547474508,2.172906010185864,-0.05350084130443344,0.015884980468943696
0.3290760169716427,5.227439621485609,2.987037517248398,0.5165199441811348,0.7807200101471361,-0.5336295446834978,-0.04179990036800194,0.5336295446834978,0.04179990036800194,2.17290551849702,0.010234222129795554,-0.058788911785949166,-0.07315156039925746,-5.336295446834977e-10,-4.179990036800194e-11,-0.533629547474508,2.172906010185864,-0.04179990057156598,0.0102342219113575
0.3290760169716427,6.339216197606768,2.9460189847094256,0.5165199441811348,0.7397014776081641,-0.5336295446834978,-0.032658022503368904,0.5336295446834978,0.032658022503368904,2.17290551849702,0.006593605174624262,-0.059607451959498174,-0.0702732284855191,-5.336295446834977e-10,-3.2658022503368906e-11,-0.5336295474812555,2.172906420274521,-0.03265802266242773,0.006593606624755315
0.3290760169716427,7.687446419243286,2.9071555397688025,0.5165199441811348,0.7008380326675407,-0.5336295446834978,-0.025515525741467954,0.5336295446834978,0.025515525741467954,2.17290551849702,0.004248063863325616,-0.060404296468018356,-0.06747118766543769,-5.336295446834977e-10,-2.5515525741467955e-11,-0.533629547474508,2.172906010185864,-0.025515525865501744,0.004248063454870414
0.3290760169716427,9.322419461107367,2.8703339554954534,0.5165199441811348,0.6640164483941917,-0.5336295446834978,-0.019935133971946847,0.5336295446834978,0.019935133971946847,2.17290551849702,0.0027369013019378032,-0.061179182570944166,-0.0647463618454742,-5.336295446834977e-10,-1.9935133971946848e-11,-0.533629547474508,2.172906010185864,-0.019935134068892982,0.0027369016115552625
0.3290760169716427,11.305120044971734,2.8354469538292135,0.5165199441811348,0.6291294467279519,-0.5336295446834978,-0.01557520587685156,0.5336295446834978,0.01557520587685156,2.17290551849702,0.0017633041728060922,-0.06193192394789333,-0.06209940620654681,-5.336295446834977e-10,-1.557520587685156e-11,-0.533629547474508,2.172906010185864,-0.015575205952653394,0.0017633045493487855
0.3290760169716427,13.709503178270442,2.802392893030935,0.5165199441811348,0.5960753859296735,-0.5336295446834978,-0.012168819053219565,0.5336295446834978,0.012168819053219565,2.17290551849702,0.0011360444761504365,-0.06266240738032666,-0.05953071887271231,-5.336295446834977e-10,-1.2168819053219565e-11,-0.533629547474508,2.172906010185864,-0.01216881911233734,0.0011360446531749392
0.3290760169716427,16.625252686158202,2.7710754715537673,0.5165199441811348,0.5647579644525057,-0.5336295446834978,-0.009507428557980204,0.5336295446834978,0.009507428557980204,2.17290551849702,0.0007319196946821074,-0.06337058911079514,-0.057040453713586514,-5.336295446834977e-10,-9.507428557980204e-12,-0.533629547474508,2.172906010185864,-0.009507428604153944,0.000731919756892843
0.3290760169716427,20.161126430657447,2.7414034474728517,0.5165199441811348,0.5350859403715899,-0.5336295446834978,-0.0074280994227769615,0.5336295446834978,0.0074280994227769615,2.17290551849702,0.00047155410788037716,-0.06405649094251957,-0.05462853405986424,-5.336295446834977e-10,-7.428099422776961e-12,-0.533629547474508,2.172906010185864,-0.007428099458894082,0.0004715539953984351
0.3290760169716427,24.44901299403245,2.7132903726560014,0.5165199441811348,0.5069728655547395,-0.5336295446834978,-0.005803531490998793,0.5336295446834978,0.005803531490998793,2.17290551849702,0.00030380829792459155,-0.06472019613991396,-0.05229466711880575,-5.336295446834977e-10,-5.803531490998793e-12,-0.533629547474508,2.172906010185864,-0.005803531519205938,0.0003038082833871013
0.3290760169716427,29.648851141244215,2.686654340900886,0.5165199441811348,0.48033683379962433,-0.5336295446834978,-0.004534265880143972,0.5336295446834978,0.004534265880143972,2.17290551849702,0.00019573465768906405,-0.065361845187704,-0.050038358886961405,-5.336295446834977e-10,-4.534265880143972e-12,-0.533629547474508,2.172906010185864,-0.004534265902158096,0.00019573468588407917
0.3290760169716427,35.95459555812005,2.6614177493049267,0.5165199441811348,0.45510024220366474,-0.5336295446834978,-0.00354259593554811,0.5336295446834978,0.00354259593554811,2.17290551849702,0.00012610602304932608,-0.06598163146266636,-0.04785892937015907,-5.336295446834977e-10,-3.5425959355481098e-12,-0.5336295474677605,2.172905600097207,-0.0035425959527779697,0.00012610596087102245
0.3290760169716427,43.601451388100436,2.6375070721726637,0.5165199441811348,0.431189565071402,-0.5336295446834978,-0.002767809893442663,0.5336295446834978,0.002767809893442663,2.17290551849702,8.124636299504802e-05,-0.06657979686787385,-0.04575552793533644,-5.336295446834977e-10,-2.767809893442663e-12,-0.533629547474508,2.172906010185864,-0.0027678099069098063,8.124635763992965e-05
0.3290760169716427,52.87464741679016,2.614852646801892,0.5165199441811348,0.40853513970063016,-0.5336295446834978,-0.0021624740008780612,0.5336295446834978,0.0021624740008780612,2.17290551849702,5.234461717455907e-05,-0.0671566274748257,-0.043727148634645704,-5.336295446834977e-10,-2.162474000878061e-12,-0.533629547474508,2.172906010185864,-0.002162474011399466,5.234460465020004e-05
0.3290760169716427,64.12007514531668,2.5933884705244505,0.5165199441811348,0.387070963423189,-0.5336295446834978,-0.001689528538629904,0.5336295446834978,0.001689528538629904,2.17290551849702,3.3724081252943594e-05,-0.06771244921410668,-0.04177264535891101,-5.336295446834977e-10,-1.689528538629904e-12,-0.533629547474508,2.172906010185864,-0.0016895285468450398,3.372409098595545e-05
0.3290760169716427,77.75719059141188,2.573052008410366,0.5165199441811348,0.36673450130910396,-0.5336295446834978,-0.0013200189605451172,0.5336295446834978,0.0013200189605451172,2.17290551849702,2.172742332917296e-05,-0.06824762365037675,-0.03989074669454341,-5.336295446834977e-10,-1.3200189605451172e-12,-0.533629547474508,2.172906010185864,-0.0013200189669490797,2.1727417870031313e-05
0.3290760169716427,94.29466005719073,2.5537840110750905,0.5165199441811348,0.34746650397382856,-0.5336295446834978,-0.0010313232457213309,0.5336295446834978,0.0010313232457213309,2.17290551849702,1.39983331490723e-05,-0.06876254387265535,-0.03808007037503221,-5.336295446834977e-10,-1.0313232457213309e-12,-0.533629547474508,2.172906010185864,-0.0010313232507332603,1.3998329124118205e-05
0.3290760169716427,114.34933345293979,2.53552834205904,0.5165199441811348,0.3292108349577785,-0.5336295446834978,-0.0008057669389278654,0.5336295446834978,0.0008057669389278654,2.17290551849702,9.018710041393375e-06,-0.0692576305261224,-0.03633913723480343,-5.336295446834977e-10,-8.057669389278655e-13,-0.5336295474812555,2.172906420274521,-0.000805766942845301,9.01871520182505e-06
0.3290760169716427,138.6692528845326,2.5182318142764966,0.5165199441811348,0.31191430717523483,-0.5336295446834978,-0.0006295410896271181,0.5336295446834978,0.0006295410896271181,2.17290551849702,5.810486859010076e-06,-0.06973332800709174,-0.03466638458929497,-5.336295446834977e-10,-6.295410896271181e-13,-0.533629547474508,2.172906010185864,-0.0006295410926893784,5.810485123998944e-06
0.3290760169716427,168.16155472797897,2.5018440350573794,0.5165199441811348,0.2955265279561175,-0.5336295446834978,-0.0004918568439358354,0.5336295446834978,0.0004918568439358354,2.17290551849702,3.7435240055142786e-06,-0.0701901008384838,-0.03306017898032162,-5.336295446834977e-10,-4.918568439358354e-13,-0.533629547474508,2.172906010185864,-0.0004918568463254249,3.7435222118635078e-06
0.3290760169716427,203.9263059423702,2.4863172593304284,0.5165199441811348,0.2799997522291665,-0.5336295446834978,-0.00038428493217148603,0.5336295446834978,0.00038428493217148603,2.17290551849702,2.4118412656128398e-06,-0.07062843023907876,-0.03151882824002499,-5.336295446834977e-10,-3.8428493217148604e-13,-0.533629547474508,2.172906010185864,-0.0003842849340397061,2.411840696052486e-06
0.3290760169716427,247.29753672039521,2.471606250520046,0.5165199441811348,0.26528874341878433,-0.5336295446834978,-0.0003002396142592021,0.5336295446834978,0.0003002396142592021,2.17290551849702,1.553877651631041e-06,-0.07104881089610775,-0.030040592839801986,-5.336295446834977e-10,-3.002396142592021e-13,-0.533629547474508,2.172906010185864,-0.0003002396157147192,1.5538776233140892e-06
0.3290760169716427,299.893,2.4576681487515315,0.5165199441811348,0.25135064165026993,-0.5336295446834978,-0.00023457548923695002,0.5336295446834978,0.00023457548923695002,2.17290551849702,1.001117192355889e-06,-0.07145174794735486,-0.028623696502504795,-5.336295446834977e-10,-2.3457548923695e-13,-0.533629547474508,2.172906010185864,-0.00023457549037856227,1.0011172199867804e-06
0.37413953665769273,0.134,4.3611374030183025,0.49446743434947965,2.1768724057486954,-0.4493172512315611,-4.546708768677904,0.4493172512315611,4.546708768677904,1.6092247290137953,43.4271127604176,-0.03854667547776386,-0.13970185268209545,-4.493172512315611e-10,-4.5467087686779044e-09,-0.44931725358287294,1.6092246561881394,-4.546708790758223,43.427106914354226
0.37413953665769273,0.1624992409262676,4.246765912025564,0.49446743434947965,2.0625009147559576,-0.4493172512315611,-3.552317493020029,0.4493172512315611,3.552317493020029,1.6092247290137953,27.97879817191351,-0.039584792680014434,-0.13592670472141197,-4.493172512315611e-10,-3.552317493020029e-09,-0.4493172535710033,1.6092252906901587,-3.552317510294488,27.97879732755106
0.37413953665769273,0.19705972613144151,4.13840342639178,0.49446743434947965,1.9541384291221735,-0.4493172512315611,-2.77540529055822,0.4493172512315611,2.77540529055822,1.6092247290137953,18.025908180066246,-0.040621305094620745,-0.13215739262472284,-4.493172512315611e-10,-2.77540529055822e-09,-0.4493172535710033,1.6092252906901587,-2.77540530405747,18.025907839649417
0.37413953665769273,0.23897056651863752,4.035734236799089,0.49446743434947965,1.851469239529483,-0.4493172512315611,-2.168408241097251,0.4493172512315611,2.168408241097251,1.6092247290137953,11.613556941211405,-0.04165471220954762,-0.12839937305427904,-4.493172512315611e-10,-2.168408241097251e-09,-0.4493172535710033,1.6092252906901587,-2.16840825163613,11.613559129800912
0.37413953665769273,0.2897950422611845,3.9384592210962985,0.49446743434947965,1.7541942238266917,-0.4493172512315611,-1.6941649264899823,0.4493172512315611,1.6941649264899823,1.6092247290137953,7.482269602144617,-0.04268353149059405,-0.12465803729533566,-4.493172512315611e-10,-1.6941649264899822e-09,-0.44931725358287294,1.6092246561881394,-1.6941649347390257,7.482269392815102
0.37413953665769273,0.35142891337043375,3.8462949728196962,0.49446743434947965,1.6620299755500898,-0.4493172512315611,-1.323641343798085,0.4493172512315611,1.323641343798085,1.6092247290137953,4.8206039443879165,-0.04370630681630896,-0.1209386805822985,-4.493172512315611e-10,-1.323641343798085e-09,-0.4493172535710033,1.6092252906901587,-1.3236413502298119,4.820604331385803
0.37413953665769273,0.4261711318077503,3.7589729755008365,0.49446743434947965,1.5747079782312299,-0.4493172512315611,-1.0341533929884241,0.4493172512315611,1.0341533929884241,1.6092247290137953,3.1057718612528524,-0.04472161659148032,-0.11724647259374898,-4.493172512315611e-10,-1.034153392988424e-09,-0.44931725357693814,1.609224973439149,-1.0341533980222497,3.1057718930715947
0.37413953665769273,0.5168095927122967,3.6762388203556604,0.49446743434947965,1.491973823086054,-0.4493172512315611,-0.8079781167613735,0.4493172512315611,0.8079781167613735,1.6092247290137953,2.00095651196974,-0.04572808144488848,-0.11358642945930693,-4.493172512315611e-10,-8.079781167613735e-10,-0.4493172535710033,1.6092252906901587,-0.8079781206936961,2.0009568229279493
0.37413953665769273,0.6267251232773262,3.5978514650757365,0.49446743434947965,1.4135864678061296,-0.4493172512315611,-0.6312686701909447,0.4493172512315611,0.6312686701909447,1.6092247290137953,1.2891568156519335,-0.04672437142552955,-0.1099633875903227,-4.493172512315611e-10,-6.312686701909447e-10,-0.44931725358287294,1.6092246561881394,-0.6312686732584893,1.2891567686972332
0.37413953665769273,0.7600175880745298,3.523582531562134,0.49446743434947965,1.3393175342925274,-0.4493172512315611,-0.49320659272550027,0.4493172512315611,0.49320659272550027,1.6092247290137953,0.8305654247856867,-0.04770921262160878,-0.10638197960968683,-4.493172512315611e-10,-4.932065927255003e-10,-0.44931725357693814,1.609224973439149,-0.49320659512027093,0.8305655331949743
0.37413953665769273,0.9216588145725657,3.4532156405559205,0.49446743434947965,1.2689506432863136,-0.4493172512315611,-0.38533948316224703,0.4493172512315611,0.38533948316224703,1.6092247290137953,0.535108620203488,-0.048681393137968466,-0.1028466126147127,-4.493172512315611e-10,-3.85339483162247e-10,-0.44931725358287294,1.6092246561881394,-0.38533948503670273,0.5351085521461122
0.37413953665769273,1.117678042992877,3.3865457812267357,0.49446743434947965,1.2022807839571288,-0.4493172512315611,-0.3010635289021562,0.4493172512315611,0.3010635289021562,1.6092247290137953,0.3447545814828088,-0.04963976837991822,-0.09936144896231144,-4.493172512315611e-10,-3.010635289021562e-10,-0.44931725358287294,1.6092246561881394,-0.3010635303668195,0.3447545850808318
0.37413953665769273,1.3553868178082003,3.3233787138827946,0.49446743434947965,1.139113716613188,-0.4493172512315611,-0.23521920902368526,0.4493172512315611,0.23521920902368526,1.6092247290137953,0.22211513133200658,-0.050583265604322275,-0.09593038971881018,-4.493172512315611e-10,-2.352192090236853e-10,-0.44931725357693814,1.609224973439149,-0.2352192101667671,0.22211516492017613
0.37413953665769273,1.643651709367924,3.2635304040621183,0.49446743434947965,1.0792654067925118,-0.4493172512315611,-0.18377541941225786,0.4493172512315611,0.18377541941225786,1.6092247290137953,0.14310217823485172,-0.05151088771192113,-0.09255706086904754,-4.493172512315611e-10,-1.8377541941225786e-10,-0.4493172535710033,1.6092252906901587,-0.18377542030601993,0.14310219493794196
0.37413953665769273,1.99322503820485,3.206826486356253,0.49446743434947965,1.0225614890866463,-0.4493172512315611,-0.14358268153495263,0.4493172512315611,0.14358268153495263,1.6092247290137953,0.09219648068437712,-0.05242171626787823,-0.08924480233205453,-4.493172512315611e-10,-1.4358268153495262e-10,-0.44931725357693814,1.609224973439149,-0.14358268223368859,0.09219648562739743
0.37413953665769273,2.4171459380859606,3.153101756404352,0.49446743434947965,0.9688367591347453,-0.4493172512315611,-0.11218032587111348,0.4493172512315611,0.11218032587111348,1.6092247290137953,0.059399452582997524,-0.05331491375013093,-0.08599665978485105,-4.493172512315611e-10,-1.1218032587111349e-10,-0.44931725357693814,1.609224973439149,-0.11218032641640963,0.05939945436273851
0.37413953665769273,2.931226717514774,3.1021996895775628,0.49446743434947965,0.9179346923079563,-0.4493172512315611,-0.08764584543217176,0.4493172512315611,0.08764584543217176,1.6092247290137953,0.03826930204894082,-0.05418972503700306,-0.08281537925269292,-4.493172512315611e-10,-8.764584543217176e-11,-0.4493172535710033,1.6092252906901587,-0.08764584585787111,0.03826931210776653
0.37413953665769273,3.554642661036909,3.053971984951433,0.49446743434947965,0.8697069876818265,-0.4493172512315611,-0.06847719653039638,0.4493172512315611,0.06847719653039638,1.6092247290137953,0.024655774011834514,-0.055045478156459826,-0.07970340438438125,-4.493172512315611e-10,-6.847719653039638e-11,-0.44931725357693814,1.609224973439149,-0.06847719686356152,0.02465577681876911
0.37413953665769273,4.310647270019593,3.0082781332377118,0.49446743434947965,0.8240131359681051,-0.4493172512315611,-0.053500841044329936,0.4493172512315611,0.053500841044329936,1.6092247290137953,0.01588498246833012,-0.05588158432915773,-0.07666287629571031,-4.493172512315611e-10,-5.350084104432994e-11,-0.44931725357693814,1.609224973439149,-0.053500841304948546,0.01588498285887406
0.37413953665769273,5.227439621485609,2.9649850074167428,0.49446743434947965,0.7807200101471361,-0.4493172512315611,-0.04179990036800194,0.4493172512315611,0.04179990036800194,1.6092247290137953,0.010234222129795554,-0.05669753734591349,-0.07369563583332214,-4.493172512315611e-10,-4.179990036800194e-11,-0.44931725357693814,1.609224973439149,-0.04179990057114122,0.010234223536502704
0.37413953665769273,6.339216197606768,2.923966474877771,0.49446743434947965,0.7397014776081641,-0.4493172512315611,-0.032658022503368904,0.4493172512315611,0.032658022503368904,1.6092247290137953,0.006593605174624262,-0.05749291232729051,-0.0708032280855124,-4.493172512315611e-10,-3.2658022503368906e-11,-0.44931725358287294,1.6092246561881394,-0.03265802266242773,0.006593604414567962
0.37413953665769273,7.687446419243286,2.8851030299371474,0.49446743434947965,0.7008380326675407,-0.4493172512315611,-0.025515525741467954,0.4493172512315611,0.025515525741467954,1.6092247290137953,0.004248063863325616,-0.05826736391862811,-0.0679869089460666,-4.493172512315611e-10,-2.5515525741467955e-11,-0.44931725357693814,1.609224973439149,-0.025515525865501744,0.004248063454870414
0.37413953665769273,9.322419461107367,2.8482814456637984,0.49446743434947965,0.6640164483941917,-0.4493172512315611,-0.019935133971946847,0.4493172512315611,0.019935133971946847,1.6092247290137953,0.0027369013019378032,-0.05902062397801653,-0.06524765352201654,-4.493172512315611e-10,-1.9935133971946848e-11,-0.44931725357693814,1.609224973439149,-0.019935134068892982,0.002736900589573992
0.37413953665769273,11.305120044971734,2.8133944439975584,0.49446743434947965,0.6291294467279519,-0.4493172512315611,-0.01557520587685156,0.4493172512315611,0.01557520587685156,1.6092247290137953,0.0017633041728060922,-0.0597524988174855,-0.06258616616615062,-4.493172512315611e-10,-1.557520587685156e-11,-0.44931725357693814,1.609224973439149,-0.015575205952653394,0.0017633045493487855
0.37413953665769273,13.709503178270442,2.78034038319928,0.49446743434947965,0.5960753859296735,-0.4493172512315611,-0.012168819053219565,0.4493172512315611,0.012168819053219565,1.6092247290137953,0.0011360444761504365,-0.06046286605909983,-0.060002891909927046,-4.493172512315611e-10,-1.2168819053219565e-11,-0.44931725357693814,1.609224973439149,-0.012168819112499304,0.001136044416895034
0.37413953665769273,16.625252686158202,2.7490229617221122,0.49446743434947965,0.5647579644525057,-0.4493172512315611,-0.009507428557980204,0.4493172512315611,0.009507428557980204,1.6092247290137953,0.0007319196946821074,-0.061151671167844424,-0.05749802907175411,-4.493172512315611e-10,-9.507428557980204e-12,-0.44931725357693814,1.609224973439149,-0.009507428604153944,0.000731919756892843
0.37413953665769273,20.161126430657447,2.7193509376411966,0.49446743434947965,0.5350859403715899,-0.4493172512315611,-0.0074280994227769615,0.4493172512315611,0.0074280994227769615,1.6092247290137953,0.00047155410788037716,-0.06181892372225523,-0.05507154281896505,-4.493172512315611e-10,-7.428099422776961e-12,-0.44931725357693814,1.609224973439149,-0.007428099458894082,0.0004715539953984351
0.37413953665769273,24.44901299403245,2.6912378628243463,0.49446743434947965,0.5069728655547395,-0.4493172512315611,-0.005803531490998793,0.4493172512315611,0.005803531490998793,1.6092247290137953,0.00030380829792459155,-0.06246469348185465,-0.052723179468721314,-4.493172512315611e-10,-5.803531490998793e-12,-0.44931725357693814,1.609224973439149,-0.005803531519205938,0.0003038082833871013
0.37413953665769273,29.648851141244215,2.664601831069231,0.49446743434947965,0.48033683379962433,-0.4493172512315611,-0.004534265880143972,0.4493172512315611,0.004534265880143972,1.6092247290137953,0.00019573465768906405,-0.06308910630772462,-0.05045248132298473,-4.493172512315611e-10,-4.534265880143972e-12,-0.44931725357693814,1.609224973439149,-0.004534265902232987,0.0001957346353651098
0.37413953665769273,35.95459555812005,2.639365239473271,0.49446743434947965,0.45510024220366474,-0.4493172512315611,-0.00354259593554811,0.4493172512315611,0.00354259593554811,1.6092247290137953,0.00012610602304932608,-0.0636923399891532,-0.04825880184505707,-4.493172512315611e-10,-3.5425959355481098e-12,-0.4493172535710033,1.6092252906901587,-0.0035425959527162127,0.0001261060639292479
0.37413953665769273,43.601451388100436,2.6154545623410086,0.49446743434947965,0.431189565071402,-0.4493172512315611,-0.002767809893442663,0.4493172512315611,0.002767809893442663,1.6092247290137953,8.124636299504802e-05,-0.06427462002536834,-0.04614132099944665,-4.493172512315611e-10,-2.767809893442663e-12,-0.44931725357693814,1.609224973439149,-0.0027678099069098063,8.124635763992965e-05
0.37413953665769273,52.87464741679016,2.592800136970237,0.49446743434947965,0.40853513970063016,-0.4493172512315611,-0.0021624740008780612,0.4493172512315611,0.0021624740008780612,1.6092247290137953,5.234461717455907e-05,-0.06483621540707057,-0.0440990605924654,-4.493172512315611e-10,-2.162474000878061e-12,-0.44931725357693814,1.609224973439149,-0.002162474011399466,5.234460465020004e-05
0.37413953665769273,64.12007514531668,2.5713359606927955,0.49446743434947965,0.387070963423189,-0.4493172512315611,-0.001689528538629904,0.4493172512315611,0.001689528538629904,1.6092247290137953,3.3724081252943594e-05,-0.06537743443792976,-0.04213089946749642,-4.493172512315611e-10,-1.689528538629904e-12,-0.44931725357693814,1.609224973439149,-0.0016895285468450398,3.372409098595545e-05
0.37413953665769273,77.75719059141188,2.550999498578711,0.49446743434947965,0.36673450130910396,-0.4493172512315611,-0.0013200189605451172,0.4493172512315611,0.0013200189605451172,1.6092247290137953,2.172742332917296e-05,-0.06589862063153888,-0.04023558842585837,-4.493172512315611e-10,-1.3200189605451172e-12,-0.44931725357693814,1.609224973439149,-0.0013200189669490797,2.1727417870031313e-05
0.37413953665769273,94.29466005719073,2.5317315012434354,0.49446743434947965,0.34746650397382856,-0.4493172512315611,-0.0010313232457213309,0.4493172512315611,0.0010313232457213309,1.6092247290137953,1.39983331490723e-05,-0.06640014871463268,-0.03841176476123512,-4.493172512315611e-10,-1.0313232457213309e-12,-0.44931725357693814,1.609224973439149,-0.0010313232507332603,1.3998329124118205e-05
0.37413953665769273,114.34933345293979,2.5134758322273854,0.49446743434947965,0.3292108349577785,-0.4493172512315611,-0.0008057669389278654,0.4493172512315611,0.0008057669389278654,1.6092247290137953,9.018710041393375e-06,-0.06688242076276955,-0.036657966312397615,-4.493172512315611e-10,-8.057669389278655e-13,-0.44931725358287294,1.6092246561881394,-0.000805766942845301,9.018708409273517e-06
0.37413953665769273,138.6692528845326,2.4961793044448415,0.49446743434947965,0.31191430717523483,-0.4493172512315611,-0.0006295410896271181,0.4493172512315611,0.0006295410896271181,1.6092247290137953,5.810486859010076e-06,-0.06734586249022363,-0.034972644955135704,-4.493172512315611e-10,-6.295410896271181e-13,-0.44931725357693814,1.609224973439149,-0.0006295410926893784,5.810485123998944e-06
0.37413953665769273,168.16155472797897,2.4797915252257243,0.49446743434947965,0.2955265279561175,-0.4493172512315611,-0.0004918568439358354,0.4493172512315611,0.0004918568439358354,1.6092247290137953,3.7435240055142786e-06,-0.06779091971160048,-0.03335417946971093,-4.493172512315611e-10,-4.918568439358354e-13,-0.44931725357693814,1.609224973439149,-0.0004918568463254249,3.7435222118635078e-06
0.37413953665769273,203.9263059423702,2.4642647494987733,0.49446743434947965,0.2799997522291665,-0.4493172512315611,-0.00038428493217148603,0.4493172512315611,0.00038428493217148603,1.6092247290137953,2.4118412656128398e-06,-0.06821805498872517,-0.03180088773456054,-4.493172512315611e-10,-3.8428493217148604e-13,-0.44931725357693814,1.609224973439149,-0.0003842849340397061,2.411840696052486e-06
0.37413953665769273,247.29753672039521,2.449553740688391,0.49446743434947965,0.26528874341878433,-0.4493172512315611,-0.0003002396142592021,0.4493172512315611,0.0003002396142592021,1.6092247290137953,1.553877651631041e-06,-0.06862774447268981,-0.03031103821029723,-4.493172512315611e-10,-3.002396142592021e-13,-0.44931725357693814,1.609224973439149,-0.0003002396157147192,1.5538776233140892e-06
0.37413953665769273,299.893,2.4356156389198764,0.49446743434947965,0.25135064165026993,-0.4493172512315611,-0.00023457548923695002,0.4493172512315611,0.00023457548923695002,1.6092247290137953,1.001117192355889e-06,-0.06902047494761325,-0.028882860690175937,-4.493172512315611e-10,-2.3457548923695e-13,-0.44931725357693814,1.609224973439149,-0.00023457549037856227,1.0011172199867804e-06
0.4253740341779312,0.134,4.340026411893435,0.47335644322461184,2.1768724057486954,-0.3783261145595432,-4.546708768677904,0.3783261145595432,4.546708768677904,1.191770284729513,43.4271127604176,-0.03708044382956776,-0.14038139798716942,-3.7832611455954316e-10,-4.5467087686779044e-09,-0.37832611652980125,1.1917695355128035,-4.546708790758223,43.427106914354226
0.4253740341779312,0.1624992409262676,4.225654920900697,0.47335644322461184,2.0625009147559576,-0.3783261145595432,-3.552317493020029,0.3783261145595432,3.552317493020029,1.191770284729513,27.97879817191351,-0.0380840623755318,-0.13660578228707237,-3.7832611455954316e-10,-3.552317493020029e-09,-0.3783261165402412,1.191770026373506,-3.552317510294488,27.97879732755106
0.4253740341779312,0.19705972613144151,4.117292435266912,0.47335644322461184,1.9541384291221735,-0.3783261145595432,-2.77540529055822,0.3783261145595432,2.77540529055822,1.191770284729513,18.025908180066246,-0.039086391874086635,-0.1328350159868354,-3.7832611455954316e-10,-2.77540529055822e-09,-0.37832611652980125,1.1917705172342088,-2.77540530405747,18.025907839649417
0.4253740341779312,0.23897056651863752,4.014623245674222,0.47335644322461184,1.851469239529483,-0.3783261145595432,-2.168408241097251,0.3783261145595432,2.168408241097251,1.191770284729513,11.613556941211405,-0.040085979614265944,-0.12907456418906565,-3.7832611455954316e-10,-2.168408241097251e-09,-0.37832611652980125,1.1917705172342088,-2.16840825163613,11.613559129800912
0.4253740341779312,0.2897950422611845,3.917348229971431,0.47335644322461184,1.7541942238266917,-0.3783261145595432,-1.6941649264899823,0.3783261145595432,1.6941649264899823,1.191770284729513,7.482269602144617,-0.04108138877054305,-0.1253298322353031,-3.7832611455954316e-10,-1.6941649264899822e-09,-0.3783261165402412,1.191770026373506,-1.6941649347390257,7.482269392815102
0.4253740341779312,0.35142891337043375,3.8251839816948285,0.47335644322461184,1.6620299755500898,-0.3783261145595432,-1.323641343798085,0.3783261145595432,1.323641343798085,1.191770284729513,4.8206039443879165,-0.042071206602133565,-0.12160613486022184,-3.7832611455954316e-10,-1.323641343798085e-09,-0.37832611652980125,1.1917705172342088,-1.3236413502298119,4.820604331385803
0.4253740341779312,0.4261711318077503,3.737861984375969,0.47335644322461184,1.5747079782312299,-0.3783261145595432,-1.0341533929884241,0.3783261145595432,1.0341533929884241,1.191770284729513,3.1057718612528524,-0.04305405235873686,-0.11790866645020885,-3.7832611455954316e-10,-1.034153392988424e-09,-0.37832611653502124,1.1917702718038574,-1.0341533980222497,3.1057718930715947
0.4253740341779312,0.5168095927122967,3.6551278292307927,0.47335644322461184,1.491973823086054,-0.3783261145595432,-0.8079781167613735,0.3783261145595432,0.8079781167613735,1.191770284729513,2.00095651196974,-0.04402858480025366,-0.11424247275416632,-3.7832611455954316e-10,-8.079781167613735e-10,-0.37832611652980125,1.1917705172342088,-0.8079781206936961,2.0009568229279493
0.4253740341779312,0.6267251232773262,3.576740473950869,0.47335644322461184,1.4135864678061296,-0.3783261145595432,-0.6312686701909447,0.3783261145595432,0.6312686701909447,1.191770284729513,1.2891568156519335,-0.04499350924594525,-0.11061242436455515,-3.7832611455954316e-10,-6.312686701909447e-10,-0.3783261165402412,1.191770026373506,-0.6312686732584893,1.2891567686972332
0.4253740341779312,0.7600175880745298,3.5024715404372664,0.47335644322461184,1.3393175342925274,-0.3783261145595432,-0.49320659272550027,0.3783261145595432,0.49320659272550027,1.191770284729513,0.8305654247856867,-0.0459475840780033,-0.10702319225094803,-3.7832611455954316e-10,-4.932065927255003e-10,-0.37832611653502124,1.1917702718038574,-0.49320659512027093,0.8305655331949743
0.4253740341779312,0.9216588145725657,3.4321046494310528,0.47335644322461184,1.2689506432863136,-0.3783261145595432,-0.38533948316224703,0.3783261145595432,0.38533948316224703,1.191770284729513,0.535108620203488,-0.04688962663528711,-0.10347922558777337,-3.7832611455954316e-10,-3.85339483162247e-10,-0.3783261165402412,1.191770026373506,-0.38533948503670273,0.5351085521461122
0.4253740341779312,1.117678042992877,3.365434790101868,0.47335644322461184,1.2022807839571288,-0.3783261145595432,-0.3010635289021562,0.3783261145595432,0.3010635289021562,1.191770284729513,0.3447545814828088,-0.04781851844473975,-0.09998473207371407,-3.7832611455954316e-10,-3.010635289021562e-10,-0.3783261165402412,1.191770026373506,-0.3010635303668195,0.3447545850808318
0.4253740341779312,1.3553868178082003,3.302267722757927,0.47335644322461184,1.139113716613188,-0.3783261145595432,-0.23521920902368526,0.3783261145595432,0.23521920902368526,1.191770284729513,0.22211513133200658,-0.04873320975037493,-0.09654366089364623,-3.7832611455954316e-10,-2.352192090236853e-10,-0.37832611653502124,1.1917702718038574,-0.2352192101667671,0.22211516492017613
0.4253740341779312,1.643651709367924,3.2424194129372506,0.47335644322461184,1.0792654067925118,-0.3783261145595432,-0.18377541941225786,0.3783261145595432,0.18377541941225786,1.191770284729513,0.14310217823485172,-0.04963272331239569,-0.09315968842634441,-3.7832611455954316e-10,-1.8377541941225786e-10,-0.37832611652980125,1.1917705172342088,-0.18377542030601993,0.14310219493794196
0.4253740341779312,1.99322503820485,3.1857154952313853,0.47335644322461184,1.0225614890866463,-0.3783261145595432,-0.14358268153495263,0.3783261145595432,0.14358268153495263,1.191770284729513,0.09219648068437712,-0.050516157461627416,-0.08983620675369632,-3.7832611455954316e-10,-1.4358268153495262e-10,-0.37832611653502124,1.1917702718038574,-0.14358268223368859,0.09219648562739743
0.4253740341779312,2.4171459380859606,3.1319907652794843,0.47335644322461184,0.9688367591347453,-0.3783261145595432,-0.11218032587111348,0.3783261145595432,0.11218032587111348,1.191770284729513,0.059399452582997524,-0.051382688406711945,-0.0865763149810324,-3.7832611455954316e-10,-1.1218032587111349e-10,-0.37832611653502124,1.1917702718038574,-0.11218032641640963,0.05939945436273851
0.4253740341779312,2.931226717514774,3.081088698452695,0.47335644322461184,0.9179346923079563,-0.3783261145595432,-0.08764584543217176,0.3783261145595432,0.08764584543217176,1.191770284729513,0.03826930204894082,-0.05223157180313348,-0.08338281333444594,-3.7832611455954316e-10,-8.764584543217176e-11,-0.37832611652980125,1.1917705172342088,-0.08764584585787111,0.03826931210776653
0.4253740341779312,3.554642661036909,3.0328609938265654,0.47335644322461184,0.8697069876818265,-0.3783261145595432,-0.06847719653039638,0.3783261145595432,0.06847719653039638,1.191770284729513,0.024655774011834514,-0.05306214360388778,-0.08025819996057332,-3.7832611455954316e-10,-6.847719653039638e-11,-0.37832611653502124,1.1917702718038574,-0.06847719686356152,0.02465577681876911
0.4253740341779312,4.310647270019593,2.987167142112844,0.47335644322461184,0.8240131359681051,-0.3783261145595432,-0.053500841044329936,0.3783261145595432,0.053500841044329936,1.191770284729513,0.01588498246833012,-0.05387382022126423,-0.07720467031796942,-3.7832611455954316e-10,-5.350084104432994e-11,-0.37832611653502124,1.1917702718038574,-0.053500841304948546,0.01588498285887406
0.4253740341779312,5.227439621485609,2.943874016291875,0.47335644322461184,0.7807200101471361,-0.3783261145595432,-0.04179990036800194,0.3783261145595432,0.04179990036800194,1.191770284729513,0.010234222129795554,-0.05466609803763401,-0.0742241190175239,-3.7832611455954316e-10,-4.179990036800194e-11,-0.37832611653502124,1.1917702718038574,-0.04179990057114122,0.010234223536502704
0.4253740341779312,6.339216197606768,2.9028554837529033,0.47335644322461184,0.7397014776081641,-0.3783261145595432,-0.032658022503368904,0.3783261145595432,0.032658022503368904,1.191770284729513,0.006593605174624262,-0.05543855231022369,-0.07131814394270582,-3.7832611455954316e-10,-3.2658022503368906e-11,-0.3783261165402412,1.191770026373506,-0.03265802266242773,0.006593604414567962
0.4253740341779312,7.687446419243286,2.8639920388122797,0.47335644322461184,0.7008380326675407,-0.3783261145595432,-0.025515525741467954,0.3783261145595432,0.025515525741467954,1.191770284729513,0.004248063863325616,-0.05619083552054636,-0.06848805245900835,-3.7832611455954316e-10,-2.5515525741467955e-11,-0.37832611653502124,1.1917702718038574,-0.025515525865501744,0.004248063454870414
0.4253740341779312,9.322419461107367,2.8271704545389307,0.47335644322461184,0.6640164483941917,-0.3783261145595432,-0.019935133971946847,0.3783261145595432,0.019935133971946847,1.191770284729513,0.0027369013019378032,-0.056922675223450694,-0.06573486950583184,-3.7832611455954316e-10,-1.9935133971946848e-11,-0.37832611653502124,1.1917702718038574,-0.019935134068892982,0.002736900589573992
0.4253740341779312,11.305120044971734,2.7922834528726908,0.47335644322461184,0.6291294467279519,-0.3783261145595432,-0.01557520587685156,0.3783261145595432,0.01557520587685156,1.191770284729513,0.0017633041728060922,-0.057633871453663034,-0.06305934735307983,-3.7832611455954316e-10,-1.557520587685156e-11,-0.37832611653502124,1.1917702718038574,-0.015575205952653394,0.0017633045493487855
0.4253740341779312,13.709503178270442,2.7592293920744124,0.47335644322461184,0.5960753859296735,-0.3783261145595432,-0.012168819053219565,0.3783261145595432,0.012168819053219565,1.191770284729513,0.0011360444761504365,-0.05832429374930164,-0.060461976798706275,-3.7832611455954316e-10,-1.2168819053219565e-11,-0.37832611653502124,1.1917702718038574,-0.012168819112499304,0.001136044416895034
0.4253740341779312,16.625252686158202,2.7279119705972446,0.47335644322461184,0.5647579644525057,-0.3783261145595432,-0.009507428557980204,0.3783261145595432,0.009507428557980204,1.191770284729513,0.0007319196946821074,-0.05899387785223188,-0.05794299958198851,-3.7832611455954316e-10,-9.507428557980204e-12,-0.37832611653502124,1.1917702718038574,-0.009507428604153944,0.000731919756892843
0.4253740341779312,20.161126430657447,2.698239946516329,0.47335644322461184,0.5350859403715899,-0.3783261145595432,-0.0074280994227769615,0.3783261145595432,0.0074280994227769615,1.191770284729513,0.00047155410788037716,-0.059642622144420586,-0.05550242178997168,-3.7832611455954316e-10,-7.428099422776961e-12,-0.37832611653502124,1.1917702718038574,-0.007428099458894082,0.0004715539953984351
0.4253740341779312,24.44901299403245,2.6701268716994786,0.47335644322461184,0.5069728655547395,-0.3783261145595432,-0.005803531490998793,0.3783261145595432,0.005803531490998793,1.191770284729513,0.00030380829792459155,-0.06027058387777149,-0.05314002804083825,-3.7832611455954316e-10,-5.803531490998793e-12,-0.37832611653502124,1.1917702718038574,-0.005803531519205938,0.0003038082833871013
0.4253740341779312,29.648851141244215,2.6434908399443633,0.47335644322461184,0.48033683379962433,-0.3783261145595432,-0.004534265880143972,0.3783261145595432,0.004534265880143972,1.191770284729513,0.00019573465768906405,-0.06087787525242269,-0.05085539623736344,-3.7832611455954316e-10,-4.534265880143972e-12,-0.37832611653502124,1.1917702718038574,-0.004534265902232987,0.0001957346353651098
0.4253740341779312,35.95459555812005,2.6182542483484035,0.47335644322461184,0.45510024220366474,-0.3783261145595432,-0.00354259593554811,0.3783261145595432,0.00354259593554811,1.191770284729513,0.00012610602304932608,-0.06146465939530885,-0.04864791269557528,-3.7832611455954316e-10,-3.5425959355481098e-12,-0.37832611652980125,1.1917705172342088,-0.0035425959527162127,0.0001261060639292479
0.4253740341779312,43.601451388100436,2.594343571216141,0.47335644322461184,0.431189565071402,-0.3783261145595432,-0.002767809893442663,0.3783261145595432,0.002767809893442663,1.191770284729513,8.124636299504802e-05,-0.062031146287080396,-0.046516787467695636,-3.7832611455954316e-10,-2.767809893442663e-12,-0.37832611653502124,1.1917702718038574,-0.0027678099069098063,8.124635763992965e-05
0.4253740341779312,52.87464741679016,2.5716891458453692,0.47335644322461184,0.40853513970063016,-0.3783261145595432,-0.0021624740008780612,0.3783261145595432,0.0021624740008780612,1.191770284729513,5.234461717455907e-05,-0.06257758868136991,-0.0444610696938712,-3.7832611455954316e-10,-2.162474000878061e-12,-0.37832611653502124,1.1917702718038574,-0.002162474011399466,5.234460465020004e-05
0.4253740341779312,64.12007514531668,2.5502249695679278,0.47335644322461184,0.387070963423189,-0.3783261145595432,-0.001689528538629904,0.3783261145595432,0.001689528538629904,1.191770284729513,3.3724081252943594e-05,-0.06310427805603387,-0.042479662833612986,-3.7832611455954316e-10,-1.689528538629904e-12,-0.37832611653502124,1.1917702718038574,-0.0016895285468450398,3.372409098595545e-05
0.4253740341779312,77.75719059141188,2.529888507453843,0.47335644322461184,0.36673450130910396,-0.3783261145595432,-0.0013200189605451172,0.3783261145595432,0.0013200189605451172,1.191770284729513,2.172742332917296e-05,-0.06361154063149604,-0.04057133964479924,-3.7832611455954316e-10,-1.3200189605451172e-12,-0.37832611653502124,1.1917702718038574,-0.0013200189669490797,2.1727417870031313e-05
0.4253740341779312,94.29466005719073,2.5106205101185677,0.47335644322461184,0.34746650397382856,-0.3783261145595432,-0.0010313232457213309,0.3783261145595432,0.0010313232457213309,1.191770284729513,1.39983331490723e-05,-0.06409973348678445,-0.038734756795155305,-3.7832611455954316e-10,-1.0313232457213309e-12,-0.37832611653502124,1.1917702718038574,-0.0010313232507332603,1.3998329124118205e-05
0.4253740341779312,114.34933345293979,2.4923648411025177,0.47335644322461184,0.3292108349577785,-0.3783261145595432,-0.0008057669389278654,0.3783261145595432,0.0008057669389278654,1.191770284729513,9.018710041393375e-06,-0.06456924079937923,-0.03696846900795578,-3.7832611455954316e-10,-8.057669389278655e-13,-0.3783261165402412,1.191770026373506,-0.000805766942845301,9.018708409273517e-06
0.4253740341779312,138.6692528845326,2.475068313319974,0.47335644322461184,0.31191430717523483,-0.3783261145595432,-0.0006295410896271181,0.3783261145595432,0.0006295410896271181,1.191770284729513,5.810486859010076e-06,-0.06502047023065345,-0.035270942660006195,-3.7832611455954316e-10,-6.295410896271181e-13,-0.37832611653502124,1.1917702718038574,-0.0006295410926893784,5.810485123998944e-06
0.4253740341779312,168.16155472797897,2.4586805341008566,0.47335644322461184,0.2955265279561175,-0.3783261145595432,-0.0004918568439358354,0.3783261145595432,0.0004918568439358354,1.191770284729513,3.7435240055142786e-06,-0.06545384947455461,-0.03364056876551255,-3.7832611455954316e-10,-4.918568439358354e-13,-0.37832611653502124,1.1917702718038574,-0.0004918568463254249,3.7435222118635078e-06
0.4253740341779312,203.9263059423702,2.4431537583739056,0.47335644322461184,0.2799997522291665,-0.3783261145595432,-0.00038428493217148603,0.3783261145595432,0.00038428493217148603,1.191770284729513,2.4118412656128398e-06,-0.06586982298329254,-0.032075675294052516,-3.7832611455954316e-10,-3.8428493217148604e-13,-0.37832611653502124,1.1917702718038574,-0.0003842849340397061,2.411840696052486e-06
0.4253740341779312,247.29753672039521,2.4284427495635232,0.47335644322461184,0.26528874341878433,-0.3783261145595432,-0.0003002396142592021,0.3783261145595432,0.0003002396142592021,1.191770284729513,1.553877651631041e-06,-0.06626884888020516,-0.03057453878438246,-3.7832611455954316e-10,-3.002396142592021e-13,-0.37832611653502124,1.1917702718038574,-0.0003002396157147192,1.5538776233140892e-06
0.4253740341779312,299.893,2.4145046477950087,0.47335644322461184,0.25135064165026993,-0.3783261145595432,-0.00023457548923695002,0.3783261145595432,0.00023457548923695002,1.191770284729513,1.001117192355889e-06,-0.0666513960666925,-0.02913539522815992,-3.7832611455954316e-10,-2.3457548923695e-13,-0.37832611653502124,1.1917702718038574,-0.00023457549037856227,1.0011172199867804e-06
0.4836245604226424,0.134,4.319816741897754,0.45314677322893143,2.1768724057486954,-0.31855142121831526,-4.546708768677904,0.31855142121831526,4.546708768677904,0.8826091135417102,43.4271127604176,-0.035663385801647546,-0.14103815309887047,-3.1855142121831526e-10,-4.5467087686779044e-09,-0.31855142287805804,0.8826091304433744,-4.546708790791364,43.42711186077002
0.4836245604226424,0.1624992409262676,4.205445250905017,0.45314677322893143,2.0625009147559576,-0.31855142121831526,-3.552317493020029,0.31855142121831526,3.552317493020029,0.8826091135417102,27.97879817191351,-0.036633288954495836,-0.13726225445941354,-3.1855142121831526e-10,-3.552317493020029e-09,-0.31855142288724053,0.8826087507058448,-3.5523175103218168,27.978793964003728
0.4836245604226424,0.19705972613144151,4.0970827652712325,0.45314677322893143,1.9541384291221735,-0.31855142121831526,-2.77540529055822,0.31855142121831526,2.77540529055822,0.8826091135417102,18.025908180066246,-0.03760219157996843,-0.13349025094076902,-3.1855142121831526e-10,-2.77540529055822e-09,-0.31855142288724053,0.8826087507058448,-2.77540530405747,18.025907839649417
0.4836245604226424,0.23897056651863752,3.994413575678542,0.45314677322893143,1.851469239529483,-0.31855142121831526,-2.168408241097251,0.31855142121831526,2.168408241097251,0.8826091135417102,11.613556941211405,-0.03856868802889176,-0.12972761483033632,-3.1855142121831526e-10,-2.168408241097251e-09,-0.31855142288724053,0.8826087507058448,-2.16840825163613,11.613556019220834
0.4836245604226424,0.2897950422611845,3.89713855997575,0.45314677322893143,1.7541942238266917,-0.31855142121831526,-1.6941649264899823,0.31855142121831526,1.6941649264899823,0.8826091135417102,7.482269602144617,-0.03953138660270636,-0.12597976410482978,-3.1855142121831526e-10,-1.6941649264899822e-09,-0.31855142287805804,0.8826091304433744,-1.6941649347237013,7.4822704504074835
0.4836245604226424,0.35142891337043375,3.804974311699149,0.45314677322893143,1.6620299755500898,-0.31855142121831526,-1.323641343798085,0.31855142121831526,1.323641343798085,0.8826091135417102,4.8206039443879165,-0.04048891751648095,-0.1222520314297253,-3.1855142121831526e-10,-1.323641343798085e-09,-0.31855142288724053,0.8826087507058448,-1.3236413502361302,4.820603252646514
0.4836245604226424,0.4261711318077503,3.7176523143802886,0.45314677322893143,1.5747079782312299,-0.31855142121831526,-1.0341533929884241,0.31855142121831526,1.0341533929884241,0.8826091135417102,3.1057718612528524,-0.041439940594443815,-0.11854963420003639,-3.1855142121831526e-10,-1.034153392988424e-09,-0.3185514228826493,0.8826089405746096,-1.0341533980170396,3.105772137584714
0.4836245604226424,0.5168095927122967,3.634918159235113,0.45314677322893143,1.491973823086054,-0.31855142121831526,-0.8079781167613735,0.31855142121831526,0.8079781167613735,0.8826091135417102,2.00095651196974,-0.04238315260752227,-0.1148776459747755,-3.1855142121831526e-10,-8.079781167613735e-10,-0.31855142288724053,0.8826087507058448,-0.8079781206893998,2.0009563241234716
0.4836245604226424,0.6267251232773262,3.556530803955188,0.45314677322893143,1.4135864678061296,-0.31855142121831526,-0.6312686701909447,0.31855142121831526,0.6312686701909447,0.8826091135417102,1.2891568156519335,-0.0433172941697532,-0.11124096962876144,-3.1855142121831526e-10,-6.312686701909447e-10,-0.31855142287805804,0.8826091304433744,-0.6312686732584893,1.2891567686972332
0.4836245604226424,0.7600175880745298,3.482261870441586,0.45314677322893143,1.3393175342925274,-0.31855142121831526,-0.49320659272550027,0.31855142121831526,0.49320659272550027,0.8826091135417102,0.8305654247856867,-0.044241156119364286,-0.10764431251063764,-3.1855142121831526e-10,-4.932065927255003e-10,-0.3185514228826493,0.8826089405746096,-0.4932065951261141,0.8305655331949743
0.4836245604226424,0.9216588145725657,3.411894979435372,0.45314677322893143,1.2689506432863136,-0.31855142121831526,-0.38533948316224703,0.31855142121831526,0.38533948316224703,0.8826091135417102,0.535108620203488,-0.04515358532055717,-0.10409216385613812,-3.1855142121831526e-10,-3.85339483162247e-10,-0.31855142287805804,0.8826091304433744,-0.38533948503429355,0.5351087089840466
0.4836245604226424,1.117678042992877,3.3452251201061873,0.45314677322893143,1.2022807839571288,-0.31855142121831526,-0.3010635289021562,0.31855142121831526,0.3010635289021562,0.8826091135417102,0.3447545814828088,-0.0460534898332419,-0.10058877466196062,-3.1855142121831526e-10,-3.010635289021562e-10,-0.31855142287805804,0.8826091304433744,-0.30106353036483285,0.34475462063060075
0.4836245604226424,1.3553868178082003,3.2820580527622467,0.45314677322893143,1.139113716613188,-0.31855142121831526,-0.23521920902368526,0.31855142121831526,0.23521920902368526,0.8826091135417102,0.22211513133200658,-0.04693984340985568,-0.09713814017934727,-3.1855142121831526e-10,-2.352192090236853e-10,-0.3185514228826493,0.8826089405746096,-0.2352192101667671,0.2221151165727118
0.4836245604226424,1.643651709367924,3.222209742941571,0.45314677322893143,1.0792654067925118,-0.31855142121831526,-0.18377541941225786,0.31855142121831526,0.18377541941225786,0.8826091135417102,0.14310217823485172,-0.04781168929061528,-0.09374398513890975,-3.1855142121831526e-10,-1.8377541941225786e-10,-0.31855142288724053,0.8826087507058448,-0.18377542030737085,0.1431021456237542
0.4836245604226424,1.99322503820485,3.165505825235705,0.45314677322893143,1.0225614890866463,-0.31855142121831526,-0.14358268153495263,0.31855142121831526,0.14358268153495263,0.8826091135417102,0.09219648068437712,-0.048668143280780216,-0.0904097517706355,-3.1855142121831526e-10,-1.4358268153495262e-10,-0.3185514228826493,0.8826089405746096,-0.1435826822325746,0.09219647444956608
0.4836245604226424,2.4171459380859606,3.111781095283804,0.45314677322893143,0.9688367591347453,-0.31855142121831526,-0.11218032587111348,0.31855142121831526,0.11218032587111348,0.8826091135417102,0.059399452582997524,-0.04950839610543525,-0.08713859063655989,-3.1855142121831526e-10,-1.1218032587111349e-10,-0.3185514228826493,0.8826089405746096,-0.11218032641640963,0.05939945436273851
0.4836245604226424,2.931226717514774,3.0608790284570153,0.45314677322893143,0.9179346923079563,-0.31855142121831526,-0.08764584543217176,0.31855142121831526,0.08764584543217176,0.8826091135417102,0.03826930204894082,-0.05033171504865933,-0.08393335424937064,-3.1855142121831526e-10,-8.764584543217176e-11,-0.31855142288724053,0.8826087507058448,-0.08764584585862861,0.03826929660202091
0.4836245604226424,3.554642661036909,3.012651323830885,0.45314677322893143,0.8697069876818265,-0.31855142121831526,-0.06847719653039638,0.31855142121831526,0.06847719653039638,0.8826091135417102,0.024655774011834514,-0.05113744489449049,-0.08079659340916795,-3.1855142121831526e-10,-6.847719653039638e-11,-0.3185514228826493,0.8826089405746096,-0.06847719686356152,0.02465577681876911
0.4836245604226424,4.310647270019593,2.966957472117164,0.45314677322893143,0.8240131359681051,-0.31855142121831526,-0.053500841044329936,0.31855142121831526,0.053500841044329936,0.8826091135417102,0.01588498246833012,-0.05192500819662304,-0.07773055615351464,-3.1855142121831526e-10,-5.350084104432994e-11,-0.3185514228826493,0.8826089405746096,-0.05350084130443344,0.015884980468943696
0.4836245604226424,5.227439621485609,2.923664346296195,0.45314677322893143,0.7807200101471361,-0.31855142121831526,-0.04179990036800194,0.31855142121831526,0.04179990036800194,0.8826091135417102,0.010234222129795554,-0.05269390491212976,-0.07473718918338086,-3.1855142121831526e-10,-4.179990036800194e-11,-0.3185514228826493,0.8826089405746096,-0.04179990057156598,0.0102342219113575
0.4836245604226424,6.339216197606768,2.8826458137572226,0.45314677322893143,0.7397014776081641,-0.31855142121831526,-0.032658022503368904,0.31855142121831526,0.032658022503368904,0.8826091135417102,0.006593605174624262,-0.05344371144157866,-0.07181814160003436,-3.1855142121831526e-10,-3.2658022503368906e-11,-0.31855142287805804,0.8826091304433744,-0.03265802266242773,0.006593606624755315
0.4836245604226424,7.687446419243286,2.8437823688165995,0.45314677322893143,0.7008380326675407,-0.31855142121831526,-0.025515525741467954,0.31855142121831526,0.025515525741467954,0.8826091135417102,0.004248063863325616,-0.054174079123651554,-0.06897477076559219,-3.1855142121831526e-10,-2.5515525741467955e-11,-0.3185514228826493,0.8826089405746096,-0.025515525865501744,0.004248063454870414
0.4836245604226424,9.322419461107367,2.8069607845432505,0.45314677322893143,0.6640164483941917,-0.31855142121831526,-0.019935133971946847,0.31855142121831526,0.019935133971946847,0.8826091135417102,0.0027369013019378032,-0.054884732236750604,-0.06620815008290201,-3.1855142121831526e-10,-1.9935133971946848e-11,-0.3185514228826493,0.8826089405746096,-0.019935134068892982,0.0027369016115552625
0.4836245604226424,11.305120044971734,2.7720737828770106,0.45314677322893143,0.6291294467279519,-0.31855142121831526,-0.01557520587685156,0.31855142121831526,0.01557520587685156,0.8826091135417102,0.0017633041728060922,-0.05557546556312239,-0.06351907847857176,-3.1855142121831526e-10,-1.557520587685156e-11,-0.3185514228826493,0.8826089405746096,-0.015575205952653394,0.0017633045493487855
0.4836245604226424,13.709503178270442,2.7390197220787322,0.45314677322893143,0.5960753859296735,-0.31855142121831526,-0.012168819053219565,0.31855142121831526,0.012168819053219565,0.8826091135417102,0.0011360444761504365,-0.05624614157279417,-0.060908091366096456,-3.1855142121831526e-10,-1.2168819053219565e-11,-0.3185514228826493,0.8826089405746096,-0.01216881911233734,0.0011360446531749392
0.4836245604226424,16.625252686158202,2.7077023006015644,0.45314677322893143,0.5647579644525057,-0.31855142121831526,-0.009507428557980204,0.31855142121831526,0.009507428557980204,0.8826091135417102,0.0007319196946821074,-0.05689668728518962,-0.058375472863800786,-3.1855142121831526e-10,-9.507428557980204e-12,-0.3185514228826493,0.8826089405746096,-0.009507428604153944,0.000731919756892843
0.4836245604226424,20.161126430657447,2.6780302765206487,0.45314677322893143,0.5350859403715899,-0.31855142121831526,-0.0074280994227769615,0.31855142121831526,0.0074280994227769615,0.8826091135417102,0.00047155410788037716,-0.0575270908657809,-0.055921269044302835,-3.1855142121831526e-10,-7.428099422776961e-12,-0.3185514228826493,0.8826089405746096,-0.007428099458894082,0.0004715539953984351
0.4836245604226424,24.44901299403245,2.6499172017037984,0.45314677322893143,0.5069728655547395,-0.31855142121831526,-0.005803531490998793,0.31855142121831526,0.005803531490998793,0.8826091135417102,0.00030380829792459155,-0.058137398013666734,-0.05354530199791737,-3.1855142121831526e-10,-5.803531490998793e-12,-0.3185514228826493,0.8826089405746096,-0.005803531519205938,0.0003038082833871013
0.4836245604226424,29.648851141244215,2.623281169948683,0.45314677322893143,0.48033683379962433,-0.31855142121831526,-0.004534265880143972,0.31855142121831526,0.004534265880143972,0.8826091135417102,0.00019573465768906405,-0.0587277081936777,-0.05124718450132478,-3.1855142121831526e-10,-4.534265880143972e-12,-0.3185514228826493,0.8826089405746096,-0.004534265902158096,0.00019573468588407917
0.4836245604226424,35.95459555812005,2.5980445783527237,0.45314677322893143,0.45510024220366474,-0.31855142121831526,-0.00354259593554811,0.31855142121831526,0.00354259593554811,0.8826091135417102,0.00012610602304932608,-0.059298170763642626,-0.04902633509438553,-3.1855142121831526e-10,-3.5425959355481098e-12,-0.31855142288724053,0.8826087507058448,-0.0035425959527779697,0.00012610596087102245
0.4836245604226424,43.601451388100436,2.5741339012204607,0.45314677322893143,0.431189565071402,-0.31855142121831526,-0.002767809893442663,0.31855142121831526,0.002767809893442663,0.8826091135417102,8.124636299504802e-05,-0.05984898104394351,-0.046881993381628705,-3.1855142121831526e-10,-2.767809893442663e-12,-0.3185514228826493,0.8826089405746096,-0.0027678099069098063,8.124635763992965e-05
0.4836245604226424,52.87464741679016,2.551479475849689,0.45314677322893143,0.40853513970063016,-0.31855142121831526,-0.0021624740008780612,0.31855142121831526,0.0021624740008780612,0.8826091135417102,5.234461717455907e-05,-0.06038037637257935,-0.044813235390155644,-3.1855142121831526e-10,-2.162474000878061e-12,-0.3185514228826493,0.8826089405746096,-0.002162474011399466,5.234460465020004e-05
0.4836245604226424,64.12007514531668,2.5300152995722476,0.45314677322893143,0.387070963423189,-0.31855142121831526,-0.001689528538629904,0.31855142121831526,0.001689528538629904,0.8826091135417102,3.3724081252943594e-05,-0.06089263218477876,-0.04281898883197364,-3.1855142121831526e-10,-1.689528538629904e-12,-0.3185514228826493,0.8826089405746096,-0.0016895285468450398,3.372409098595545e-05
0.4836245604226424,77.75719059141188,2.509678837458163,0.45314677322893143,0.36673450130910396,-0.31855142121831526,-0.0013200189605451172,0.31855142121831526,0.0013200189605451172,0.8826091135417102,2.172742332917296e-05,-0.06138605815186658,-0.040898048135649206,-3.1855142121831526e-10,-1.3200189605451172e-12,-0.3185514228826493,0.8826089405746096,-0.0013200189669490797,2.1727417870031313e-05
0.4836245604226424,94.29466005719073,2.4904108401228875,0.45314677322893143,0.34746650397382856,-0.31855142121831526,-0.0010313232457213309,0.31855142121831526,0.0010313232457213309,0.8826091135417102,1.39983331490723e-05,-0.06186099440970702,-0.03904908912923493,-3.1855142121831526e-10,-1.0313232457213309e-12,-0.3185514228826493,0.8826089405746096,-0.0010313232507332603,1.3998329124118205e-05
0.4836245604226424,114.34933345293979,2.472155171106837,0.45314677322893143,0.3292108349577785,-0.31855142121831526,-0.0008057669389278654,0.31855142121831526,0.0008057669389278654,0.8826091135417102,9.018710041393375e-06,-0.06231780790270542,-0.03727068327331754,-3.1855142121831526e-10,-8.057669389278655e-13,-0.31855142287805804,0.8826091304433744,-0.000805766942845301,9.01871520182505e-06
0.4836245604226424,138.6692528845326,2.4548586433242936,0.45314677322893143,0.31191430717523483,-0.31855142121831526,-0.0006295410896271181,0.31855142121831526,0.0006295410896271181,0.8826091135417102,5.810486859010076e-06,-0.06275688886513375,-0.03556131135945604,-3.1855142121831526e-10,-6.295410896271181e-13,-0.3185514228826493,0.8826089405746096,-0.0006295410926893784,5.810485123998944e-06
0.4836245604226424,168.16155472797897,2.4384708641051764,0.45314677322893143,0.2955265279561175,-0.31855142121831526,-0.0004918568439358354,0.31855142121831526,0.0004918568439358354,0.8826091135417102,3.7435240055142786e-06,-0.06317864745751205,-0.03391937660497693,-3.1855142121831526e-10,-4.918568439358354e-13,-0.3185514228826493,0.8826089405746096,-0.0004918568463254249,3.7435222118635078e-06
0.4836245604226424,203.9263059423702,2.4229440883782254,0.45314677322893143,0.2799997522291665,-0.31855142121831526,-0.00038428493217148603,0.31855142121831526,0.00038428493217148603,0.8826091135417102,2.4118412656128398e-06,-0.06358351057198099,-0.03234321708987468,-3.1855142121831526e-10,-3.8428493217148604e-13,-0.3185514228826493,0.8826089405746096,-0.0003842849340397061,2.411840696052486e-06
0.4836245604226424,247.29753672039521,2.408233079567843,0.45314677322893143,0.26528874341878433,-0.31855142121831526,-0.0003002396142592021,0.31855142121831526,0.0003002396142592021,0.8826091135417102,1.553877651631041e-06,-0.06397191881707796,-0.03083111749528256,-3.1855142121831526e-10,-3.002396142592021e-13,-0.3185514228826493,0.8826089405746096,-0.0003002396157147192,1.5538776233140892e-06
0.4836245604226424,299.893,2.3942949777993285,0.45314677322893143,0.25135064165026993,-0.31855142121831526,-0.00023457548923695002,0.31855142121831526,0.00023457548923695002,0.8826091135417102,1.001117192355889e-06,-0.06434432368910385,-0.02938132011553367,-3.1855142121831526e-10,-2.3457548923695e-13,-0.3185514228826493,0.8826089405746096,-0.00023457549037856227,1.0011172199867804e-06
0.5498518871656335,0.134,4.300469911665175,0.433799942996352,2.1768724057486954,-0.2682209978508838,-4.546708768677904,0.2682209978508838,4.546708768677904,0.653648490223673,43.4271127604176,-0.03429435035592464,-0.1416726514816911,-2.6822099785088384e-10,-4.5467087686779044e-09,-0.2682209992527759,0.6536481890254948,-4.546708790758223,43.427106914354226
0.5498518871656335,0.1624992409262676,4.186098420672437,0.433799942996352,2.0625009147559576,-0.2682209978508838,-3.552317493020029,0.2682209978508838,3.552317493020029,0.653648490223673,27.97879817191351,-0.03523133166612622,-0.1378966374259614,-2.6822099785088384e-10,-3.552317493020029e-09,-0.2682209992446994,0.653648482796397,-3.552317510294488,27.97879732755106
0.5498518871656335,0.19705972613144151,4.077735935038652,0.433799942996352,1.9541384291221735,-0.2682209978508838,-2.77540529055822,0.2682209978508838,2.77540529055822,0.653648490223673,18.025908180066246,-0.036167575388708885,-0.1341235958321005,-2.6822099785088384e-10,-2.77540529055822e-09,-0.2682209992527759,0.6536487765672991,-2.77540530405747,18.025907839649417
0.5498518871656335,0.23897056651863752,3.975066745445962,0.433799942996352,1.851469239529483,-0.2682209978508838,-2.168408241097251,0.2682209978508838,2.168408241097251,0.653648490223673,11.613556941211405,-0.03710172213201714,-0.1303590050185578,-2.6822099785088384e-10,-2.168408241097251e-09,-0.2682209992527759,0.6536487765672991,-2.1684082516454217,11.613558352155893
0.5498518871656335,0.2897950422611845,3.877791729743171,0.433799942996352,1.7541942238266917,-0.2682209978508838,-1.6941649264899823,0.2682209978508838,1.6941649264899823,0.653648490223673,7.482269602144617,-0.03803242466957492,-0.12660829427837728,-2.6822099785088384e-10,-1.6941649264899822e-09,-0.2682209992527759,0.6536481890254948,-1.6941649347390257,7.482269392815102
0.5498518871656335,0.35142891337043375,3.7856274814665687,0.433799942996352,1.6620299755500898,-0.2682209978508838,-1.323641343798085,0.2682209978508838,1.323641343798085,0.653648490223673,4.8206039443879165,-0.03895835566700363,-0.12287681273988808,-2.6822099785088384e-10,-1.323641343798085e-09,-0.2682209992527759,0.6536487765672991,-1.3236413502298119,4.820604331385803
0.5498518871656335,0.4261711318077503,3.698305484147709,0.433799942996352,1.5747079782312299,-0.2682209978508838,-1.0341533929884241,0.2682209978508838,1.0341533929884241,0.653648490223673,3.1057718612528524,-0.039878215165815495,-0.11916979920718183,-2.6822099785088384e-10,-1.034153392988424e-09,-0.2682209992527759,0.653648482796397,-1.0341533980222497,3.1057718930715947
0.5498518871656335,0.5168095927122967,3.615571329002533,0.433799942996352,1.491973823086054,-0.2682209978508838,-0.8079781167613735,0.2682209978508838,0.8079781167613735,0.653648490223673,2.00095651196974,-0.0407907377356168,-0.11549235333689123,-2.6822099785088384e-10,-8.079781167613735e-10,-0.2682209992527759,0.6536487765672991,-0.8079781206936961,2.0009568229279493
0.5498518871656335,0.6267251232773262,3.537183973722609,0.433799942996352,1.4135864678061296,-0.2682209978508838,-0.6312686701909447,0.2682209978508838,0.6312686701909447,0.653648490223673,1.2891568156519335,-0.04169469921309881,-0.11184940848020467,-2.6822099785088384e-10,-6.312686701909447e-10,-0.2682209992527759,0.6536481890254948,-0.6312686732584893,1.2891567686972332
0.5498518871656335,0.7600175880745298,3.4629150402090065,0.433799942996352,1.3393175342925274,-0.2682209978508838,-0.49320659272550027,0.2682209978508838,0.49320659272550027,0.653648490223673,0.8305654247856867,-0.04258892295459158,-0.10824570648521241,-2.6822099785088384e-10,-4.932065927255003e-10,-0.2682209992527759,0.653648482796397,-0.49320659512027093,0.8305655331949743
0.5498518871656335,0.9216588145725657,3.392548149202793,0.433799942996352,1.2689506432863136,-0.2682209978508838,-0.38533948316224703,0.2682209978508838,0.38533948316224703,0.653648490223673,0.535108620203488,-0.04347228553864864,-0.10468577471561545,-2.6822099785088384e-10,-3.85339483162247e-10,-0.2682209992527759,0.6536481890254948,-0.38533948503670273,0.5351085521461122
0.5498518871656335,1.117678042992877,3.325878289873608,0.433799942996352,1.2022807839571288,-0.2682209978508838,-0.3010635289021562,0.2682209978508838,0.3010635289021562,0.653648490223673,0.3447545814828088,-0.044343721865830056,-0.10117390549871233,-2.6822099785088384e-10,-3.010635289021562e-10,-0.2682209992527759,0.6536481890254948,-0.3010635303668195,0.3447545850808318
0.5498518871656335,1.3553868178082003,3.262711222529667,0.433799942996352,1.139113716613188,-0.2682209978508838,-0.23521920902368526,0.2682209978508838,0.23521920902368526,0.653648490223673,0.22211513133200658,-0.04520222961424431,-0.0977141381696632,-2.6822099785088384e-10,-2.352192090236853e-10,-0.2682209992527759,0.653648482796397,-0.2352192101667671,0.22211516492017613
0.5498518871656335,1.643651709367924,3.2028629127089907,0.433799942996352,1.0792654067925118,-0.2682209978508838,-0.18377541941225786,0.2682209978508838,0.18377541941225786,0.653648490223673,0.14310217823485172,-0.04604687302118005,-0.09431024383159728,-2.6822099785088384e-10,-1.8377541941225786e-10,-0.2682209992527759,0.6536487765672991,-0.18377542030601993,0.14310219493794196
0.5498518871656335,1.99322503820485,3.1461589950031255,0.433799942996352,1.0225614890866463,-0.2682209978508838,-0.14358268153495263,0.2682209978508838,0.14358268153495263,0.653648490223673,0.09219648068437712,-0.046876785972989665,-0.0909657129034499,-2.6822099785088384e-10,-1.4358268153495262e-10,-0.2682209992527759,0.653648482796397,-0.14358268223368859,0.09219648562739743
0.5498518871656335,2.4171459380859606,3.0924342650512244,0.433799942996352,0.9688367591347453,-0.2682209978508838,-0.11218032587111348,0.2682209978508838,0.11218032587111348,0.653648490223673,0.059399452582997524,-0.04769117439698102,-0.08768374548069166,-2.6822099785088384e-10,-1.1218032587111349e-10,-0.2682209992527759,0.653648482796397,-0.11218032641640963,0.05939945436273851
0.5498518871656335,2.931226717514774,3.041532198224435,0.433799942996352,0.9179346923079563,-0.2682209978508838,-0.08764584543217176,0.2682209978508838,0.08764584543217176,0.653648490223673,0.03826930204894082,-0.0484893179601563,-0.08446724448944816,-2.6822099785088384e-10,-8.764584543217176e-11,-0.2682209992527759,0.6536487765672991,-0.08764584585787111,0.03826931210776653
0.5498518871656335,3.554642661036909,2.9933044935983055,0.433799942996352,0.8697069876818265,-0.2682209978508838,-0.06847719653039638,0.2682209978508838,0.06847719653039638,0.653648490223673,0.024655774011834514,-0.0492705710899686,-0.08131881157287331,-2.6822099785088384e-10,-6.847719653039638e-11,-0.2682209992527759,0.653648482796397,-0.06847719686356152,0.02465577681876911
0.5498518871656335,4.310647270019593,2.947610641884584,0.433799942996352,0.8240131359681051,-0.2682209978508838,-0.053500841044329936,0.2682209978508838,0.053500841044329936,0.653648490223673,0.01588498246833012,-0.050034363341646716,-0.07824074561083881,-2.6822099785088384e-10,-5.350084104432994e-11,-0.2682209992527759,0.653648482796397,-0.053500841304948546,0.01588498285887406
0.5498518871656335,5.227439621485609,2.904317516063615,0.433799942996352,0.7807200101471361,-0.2682209978508838,-0.04179990036800194,0.2682209978508838,0.04179990036800194,0.653648490223673,0.010234222129795554,-0.050780199144908986,-0.07523504374067141,-2.6822099785088384e-10,-4.179990036800194e-11,-0.2682209992527759,0.653648482796397,-0.04179990057114122,0.010234223536502704
0.5498518871656335,6.339216197606768,2.8632989835246434,0.433799942996352,0.7397014776081641,-0.2682209978508838,-0.032658022503368904,0.2682209978508838,0.032658022503368904,0.653648490223673,0.006593605174624262,-0.05150765696993741,-0.0723034047182592,-2.6822099785088384e-10,-3.2658022503368906e-11,-0.2682209992527759,0.6536481890254948,-0.03265802266242773,0.006593604414567962
0.5498518871656335,7.687446419243286,2.82443553858402,0.433799942996352,0.7008380326675407,-0.2682209978508838,-0.025515525741467954,0.2682209978508838,0.025515525741467954,0.653648490223673,0.004248063863325616,-0.05221638795824498,-0.06944723443562589,-2.6822099785088384e-10,-2.5515525741467955e-11,-0.2682209992527759,0.653648482796397,-0.025515525865501744,0.004248063454870414
0.5498518871656335,9.322419461107367,2.787613954310671,0.433799942996352,0.6640164483941917,-0.2682209978508838,-0.019935133971946847,0.2682209978508838,0.019935133971946847,0.653648490223673,0.0027369013019378032,-0.05290611406851976,-0.06666765339313845,-2.6822099785088384e-10,-1.9935133971946848e-11,-0.2682209992527759,0.653648482796397,-0.019935134068892982,0.002736900589573992
0.5498518871656335,11.305120044971734,2.752726952644431,0.433799942996352,0.6291294467279519,-0.2682209978508838,-0.01557520587685156,0.2682209978508838,0.01557520587685156,0.653648490223673,0.0017633041728060922,-0.05357662579068298,-0.06396550591180275,-2.6822099785088384e-10,-1.557520587685156e-11,-0.2682209992527759,0.653648482796397,-0.015575205952653394,0.0017633045493487855
0.5498518871656335,13.709503178270442,2.7196728918461526,0.433799942996352,0.5960753859296735,-0.2682209978508838,-0.012168819053219565,0.2682209978508838,0.012168819053219565,0.653648490223673,0.0011360444761504365,-0.054227779483305816,-0.06134137086341513,-2.6822099785088384e-10,-1.2168819053219565e-11,-0.2682209992527759,0.653648482796397,-0.012168819112499304,0.001136044416895034
0.5498518871656335,16.625252686158202,2.6883554703689847,0.433799942996352,0.5647579644525057,-0.2682209978508838,-0.009507428557980204,0.2682209978508838,0.009507428557980204,0.653648490223673,0.0007319196946821074,-0.054859494390269554,-0.05879557369335645,-2.6822099785088384e-10,-9.507428557980204e-12,-0.2682209992527759,0.653648482796397,-0.009507428604153944,0.000731919756892843
0.5498518871656335,20.161126430657447,2.658683446288069,0.433799942996352,0.5350859403715899,-0.2682209978508838,-0.0074280994227769615,0.2682209978508838,0.0074280994227769615,0.653648490223673,0.00047155410788037716,-0.055471749392228355,-0.05632819951212557,-2.6822099785088384e-10,-7.428099422776961e-12,-0.2682209992527759,0.653648482796397,-0.007428099458894082,0.0004715539953984351
0.5498518871656335,24.44901299403245,2.6305703714712187,0.433799942996352,0.5069728655547395,-0.2682209978508838,-0.005803531490998793,0.2682209978508838,0.005803531490998793,0.653648490223673,0.00030380829792459155,-0.05606457954716282,-0.053939107036832384,-2.6822099785088384e-10,-5.803531490998793e-12,-0.2682209992527759,0.653648482796397,-0.005803531519205938,0.0003038082833871013
0.5498518871656335,29.648851141244215,2.6039343397161034,0.433799942996352,0.48033683379962433,-0.2682209978508838,-0.004534265880143972,0.2682209978508838,0.004534265880143972,0.653648490223673,0.00019573465768906405,-0.05663807247222568,-0.05162794317227994,-2.6822099785088384e-10,-4.534265880143972e-12,-0.2682209992527759,0.653648482796397,-0.004534265902232987,0.0001957346353651098
0.5498518871656335,35.95459555812005,2.5786977481201436,0.433799942996352,0.45510024220366474,-0.2682209978508838,-0.00354259593554811,0.2682209978508838,0.00354259593554811,0.653648490223673,0.00012610602304932608,-0.05719236461631504,-0.04939415803241234,-2.6822099785088384e-10,-3.5425959355481098e-12,-0.2682209992527759,0.6536487765672991,-0.0035425959527162127,0.0001261060639292479
0.5498518871656335,43.601451388100436,2.554787070987881,0.433799942996352,0.431189565071402,-0.2682209978508838,-0.002767809893442663,0.2682209978508838,0.002767809893442663,0.653648490223673,8.124636299504802e-05,-0.057727637469501415,-0.04723702021624024,-2.6822099785088384e-10,-2.767809893442663e-12,-0.2682209992527759,0.653648482796397,-0.0027678099069098063,8.124635763992965e-05
0.5498518871656335,52.87464741679016,2.5321326456171094,0.433799942996352,0.40853513970063016,-0.2682209978508838,-0.0021624740008780612,0.2682209978508838,0.0021624740008780612,0.653648490223673,5.234461717455907e-05,-0.05824411375171651,-0.045155632167341336,-2.6822099785088384e-10,-2.162474000878061e-12,-0.2682209992527759,0.653648482796397,-0.002162474011399466,5.234460465020004e-05
0.5498518871656335,64.12007514531668,2.510668469339668,0.433799942996352,0.387070963423189,-0.2682209978508838,-0.001689528538629904,0.2682209978508838,0.001689528538629904,0.653648490223673,3.3724081252943594e-05,-0.05874205361910927,-0.04314894546216177,-2.6822099785088384e-10,-1.689528538629904e-12,-0.2682209992527759,0.653648482796397,-0.0016895285468450398,3.372409098595545e-05
0.5498518871656335,77.75719059141188,2.4903320072255832,0.433799942996352,0.36673450130910396,-0.2682209978508838,-0.0013200189605451172,0.2682209978508838,0.0013200189605451172,0.653648490223673,2.172742332917296e-05,-0.05922175092230517,-0.041215775889148945,-2.6822099785088384e-10,-1.3200189605451172e-12,-0.2682209992527759,0.653648482796397,-0.0013200189669490797,2.1727417870031313e-05
0.5498518871656335,94.29466005719073,2.471064009890308,0.433799942996352,0.34746650397382856,-0.2682209978508838,-0.0010313232457213309,0.2682209978508838,0.0010313232457213309,0.653648490223673,1.39983331490723e-05,-0.05968352954657156,-0.03935481819780475,-2.6822099785088384e-10,-1.0313232457213309e-12,-0.2682209992527759,0.653648482796397,-0.0010313232507332603,1.3998329124118205e-05
0.5498518871656335,114.34933345293979,2.452808340874258,0.433799942996352,0.3292108349577785,-0.2682209978508838,-0.0008057669389278654,0.2682209978508838,0.0008057669389278654,0.653648490223673,9.018710041393375e-06,-0.060127739859686974,-0.03756466041369374,-2.6822099785088384e-10,-8.057669389278655e-13,-0.2682209992527759,0.6536481890254948,-0.000805766942845301,9.018708409273517e-06
0.5498518871656335,138.6692528845326,2.435511813091714,0.433799942996352,0.31191430717523483,-0.2682209978508838,-0.0006295410896271181,0.2682209978508838,0.0006295410896271181,0.653648490223673,5.810486859010076e-06,-0.06055475528921365,-0.03584379763195986,-2.6822099785088384e-10,-6.295410896271181e-13,-0.2682209992527759,0.653648482796397,-0.0006295410926893784,5.810485123998944e-06
0.5498518871656335,168.16155472797897,2.419124033872597,0.433799942996352,0.2955265279561175,-0.2682209978508838,-0.0004918568439358354,0.2682209978508838,0.0004918568439358354,0.653648490223673,3.7435240055142786e-06,-0.060964969046942596,-0.034190645217740415,-2.6822099785088384e-10,-4.918568439358354e-13,-0.2682209992527759,0.653648482796397,-0.0004918568463254249,3.7435222118635078e-06
0.5498518871656335,203.9263059423702,2.4035972581456457,0.433799942996352,0.2799997522291665,-0.2682209978508838,-0.00038428493217148603,0.2682209978508838,0.00038428493217148603,0.653648490223673,2.4118412656128398e-06,-0.061358791014572346,-0.03260355135681257,-2.6822099785088384e-10,-3.8428493217148604e-13,-0.2682209992527759,0.653648482796397,-0.0003842849340397061,2.411840696052486e-06
0.5498518871656335,247.29753672039521,2.3888862493352634,0.433799942996352,0.26528874341878433,-0.2682209978508838,-0.0003002396142592021,0.2682209978508838,0.0003002396142592021,0.653648490223673,1.553877651631041e-06,-0.0617366448012317,-0.031080808913711518,-2.6822099785088384e-10,-3.002396142592021e-13,-0.2682209992527759,0.653648482796397,-0.0003002396157147192,1.5538776233140892e-06
0.5498518871656335,299.893,2.374948147566749,0.433799942996352,0.25135064165026993,-0.2682209978508838,-0.00023457548923695002,0.2682209978508838,0.00023457548923695002,0.653648490223673,1.001117192355889e-06,-0.062098964980292375,-0.029620666567314814,-2.6822099785088384e-10,-2.3457548923695e-13,-0.2682209992527759,0.653648482796397,-0.00023457549037856227,1.0011172199867804e-06
0.6251483538292478,0.134,4.2819490827685005,0.415279114099678,2.1768724057486954,-0.2258426705898103,-4.546708768677904,0.2258426705898103,4.546708768677904,0.4840833186700334,43.4271127604176,-0.03297217482379251,-0.1422854319904528,-2.258426705898103e-10,-4.5467087686779044e-09,-0.22584267177542106,0.4840833673892174,-4.546708790791364,43.42711186077002
0.6251483538292478,0.1624992409262676,4.167577591775762,0.415279114099678,2.0625009147559576,-0.2258426705898103,-3.552317493020029,0.2258426705898103,3.552317493020029,0.4840833186700334,27.97879817191351,-0.033877035432341746,-0.1385094538573178,-2.258426705898103e-10,-3.552317493020029e-09,-0.22584267176831732,0.4840835946549897,-3.552317510294488,27.978804054645728
0.6251483538292478,0.19705972613144151,4.059215106141979,0.415279114099678,1.9541384291221735,-0.2258426705898103,-2.77540529055822,0.2258426705898103,2.77540529055822,0.4840833186700334,18.025908180066246,-0.034781397401185854,-0.13473555654481423,-2.258426705898103e-10,-2.77540529055822e-09,-0.22584267176831732,0.48408314012344517,-2.77540530405747,18.025907839649417
0.6251483538292478,0.23897056651863752,3.9565459165492882,0.415279114099678,1.851469239529483,-0.2258426705898103,-2.168408241097251,0.2258426705898103,2.168408241097251,0.4840833186700334,11.613556941211405,-0.03568394673573156,-0.1309692233448486,-2.258426705898103e-10,-2.168408241097251e-09,-0.22584267176831732,0.48408314012344517,-2.16840825163613,11.613556019220834
0.6251483538292478,0.2897950422611845,3.8592709008464965,0.415279114099678,1.7541942238266917,-0.2258426705898103,-1.6941649264899823,0.2258426705898103,1.6941649264899823,0.4840833186700334,7.482269602144617,-0.036583379962431065,-0.12721589364506472,-2.258426705898103e-10,-1.6941649264899822e-09,-0.22584267176831732,0.4840835946549897,-1.6941649347237013,7.4822704504074835
0.6251483538292478,0.35142891337043375,3.767106652569895,0.415279114099678,1.6620299755500898,-0.2258426705898103,-1.323641343798085,0.2258426705898103,1.323641343798085,0.4840833186700334,4.8206039443879165,-0.03747841162057501,-0.12348093166563485,-2.258426705898103e-10,-1.323641343798085e-09,-0.22584267176831732,0.48408314012344517,-1.3236413502361302,4.820603252646514
0.6251483538292478,0.4261711318077503,3.679784655251035,0.415279114099678,1.5747079782312299,-0.2258426705898103,-1.0341533929884241,0.2258426705898103,1.0341533929884241,0.4840833186700334,3.1057718612528524,-0.03836778153366949,-0.11976959611584541,-2.258426705898103e-10,-1.034153392988424e-09,-0.22584267176831732,0.4840833673892174,-1.0341533980170396,3.105772137584714
0.6251483538292478,0.5168095927122967,3.5970505001058592,0.415279114099678,1.491973823086054,-0.2258426705898103,-0.8079781167613735,0.2258426705898103,0.8079781167613735,0.4840833186700334,2.00095651196974,-0.039250261774046814,-0.11608701113081539,-2.258426705898103e-10,-8.079781167613735e-10,-0.22584267176831732,0.48408314012344517,-0.8079781206893998,2.0009563241234716
0.6251483538292478,0.6267251232773262,3.5186631448259345,0.415279114099678,1.4135864678061296,-0.2258426705898103,-0.6312686701909447,0.2258426705898103,0.6312686701909447,0.4840833186700334,1.2891568156519335,-0.04012466324070511,-0.11243813882221033,-2.258426705898103e-10,-6.312686701909447e-10,-0.22584267176831732,0.4840835946549897,-0.6312686732584893,1.2891567686972332
0.6251483538292478,0.7600175880745298,3.4443942113123325,0.415279114099678,1.3393175342925274,-0.2258426705898103,-0.49320659272550027,0.2258426705898103,0.49320659272550027,0.4840833186700334,0.8305654247856867,-0.040989841778252406,-0.10882775374392278,-2.258426705898103e-10,-4.932065927255003e-10,-0.22584267176831732,0.4840833673892174,-0.4932065951261141,0.8305655331949743
0.6251483538292478,0.9216588145725657,3.3740273203061184,0.415279114099678,1.2689506432863136,-0.2258426705898103,-0.38533948316224703,0.2258426705898103,0.38533948316224703,0.4840833186700334,0.535108620203488,-0.04184470377400843,-0.1052604195353995,-2.258426705898103e-10,-3.85339483162247e-10,-0.22584267176831732,0.4840835946549897,-0.38533948503429355,0.5351087089840466
0.6251483538292478,1.117678042992877,3.3073574609769336,0.415279114099678,1.2022807839571288,-0.2258426705898103,-0.3010635289021562,0.2258426705898103,0.3010635289021562,0.4840833186700334,0.3447545814828088,-0.04268821118051069,-0.10174046796275167,-2.258426705898103e-10,-3.010635289021562e-10,-0.22584267176831732,0.4840835946549897,-0.30106353036483285,0.34475462063060075
0.6251483538292478,1.3553868178082003,3.244190393632993,0.415279114099678,1.139113716613188,-0.2258426705898103,-0.23521920902368526,0.2258426705898103,0.23521920902368526,0.4840833186700334,0.22211513133200658,-0.043519385921587474,-0.09827198053223789,-2.258426705898103e-10,-2.352192090236853e-10,-0.22584267176831732,0.4840833673892174,-0.2352192101667671,0.2221151165727118
0.6251483538292478,1.643651709367924,3.184342083812317,0.415279114099678,1.0792654067925118,-0.2258426705898103,-0.18377541941225786,0.2258426705898103,0.18377541941225786,0.4840833186700334,0.14310217823485172,-0.04433731365148844,-0.09485877280343356,-2.258426705898103e-10,-1.8377541941225786e-10,-0.22584267176831732,0.48408314012344517,-0.18377542030737085,0.1431021456237542
0.6251483538292478,1.99322503820485,3.1276381661064514,0.415279114099678,1.0225614890866463,-0.2258426705898103,-0.14358268153495263,0.2258426705898103,0.14358268153495263,0.4840833186700334,0.09219648068437712,-0.04514114684800008,-0.09150438148167808,-2.258426705898103e-10,-1.4358268153495262e-10,-0.22584267176831732,0.4840833673892174,-0.1435826822325746,0.09219647444956608
0.6251483538292478,2.4171459380859606,3.0739134361545504,0.415279114099678,0.9688367591347453,-0.2258426705898103,-0.11218032587111348,0.2258426705898103,0.11218032587111348,0.4840833186700334,0.059399452582997524,-0.04593010723172573,-0.08821205432243283,-2.258426705898103e-10,-1.1218032587111349e-10,-0.22584267176831732,0.4840833673892174,-0.11218032641640963,0.05939945436273851
0.6251483538292478,2.931226717514774,3.0230113693277616,0.415279114099678,0.9179346923079563,-0.2258426705898103,-0.08764584543217176,0.2258426705898103,0.08764584543217176,0.4840833186700334,0.03826930204894082,-0.046703487514510034,-0.08498474283511613,-2.258426705898103e-10,-8.764584543217176e-11,-0.22584267176831732,0.48408314012344517,-0.08764584585862861,0.03826929660202091
0.6251483538292478,3.554642661036909,2.9747836647016315,0.415279114099678,0.8697069876818265,-0.2258426705898103,-0.06847719653039638,0.2258426705898103,0.06847719653039638,0.4840833186700334,0.024655774011834514,-0.04746065249009688,-0.0818250977317941,-2.258426705898103e-10,-6.847719653039638e-11,-0.22584267176831732,0.4840833673892174,-0.06847719686356152,0.02465577681876911
0.6251483538292478,4.310647270019593,2.92908981298791,0.415279114099678,0.8240131359681051,-0.2258426705898103,-0.053500841044329936,0.2258426705898103,0.053500841044329936,0.4840833186700334,0.01588498246833012,-0.04820103948932881,-0.07873546702763563,-2.258426705898103e-10,-5.350084104432994e-11,-0.22584267176831732,0.4840833673892174,-0.05350084130443344,0.015884980468943696
0.6251483538292478,5.227439621485609,2.885796687166941,0.415279114099678,0.7807200101471361,-0.2258426705898103,-0.04179990036800194,0.2258426705898103,0.04179990036800194,0.4840833186700334,0.010234222129795554,-0.04892415823036585,-0.07571789666594894,-2.258426705898103e-10,-4.179990036800194e-11,-0.22584267176831732,0.4840833673892174,-0.04179990057156598,0.0102342219113575
0.6251483538292478,6.339216197606768,2.844778154627969,0.415279114099678,0.7397014776081641,-0.2258426705898103,-0.032658022503368904,0.2258426705898103,0.032658022503368904,0.4840833186700334,0.006593605174624262,-0.04962959010140625,-0.07277413351138333,-2.258426705898103e-10,-3.2658022503368906e-11,-0.22584267176831732,0.4840835946549897,-0.03265802266242773,0.006593606624755315
0.6251483538292478,7.687446419243286,2.805914709687346,0.415279114099678,0.7008380326675407,-0.2258426705898103,-0.025515525741467954,0.2258426705898103,0.025515525741467954,0.4840833186700334,0.004248063863325616,-0.05031698691916149,-0.06990563053080612,-2.258426705898103e-10,-2.5515525741467955e-11,-0.22584267176831732,0.4840833673892174,-0.025515525865501744,0.004248063454870414
0.6251483538292478,9.322419461107367,2.7690931254139968,0.415279114099678,0.6640164483941917,-0.2258426705898103,-0.019935133971946847,0.2258426705898103,0.019935133971946847,0.4840833186700334,0.0027369013019378032,-0.05098606921084062,-0.06711355396257217,-2.258426705898103e-10,-1.9935133971946848e-11,-0.22584267176831732,0.4840833673892174,-0.019935134068892982,0.0027369016115552625
0.6251483538292478,11.305120044971734,2.734206123747757,0.415279114099678,0.6291294467279519,-0.2258426705898103,-0.01557520587685156,0.2258426705898103,0.01557520587685156,0.4840833186700334,0.0017633041728060922,-0.05163662407064595,-0.06439879226135486,-2.258426705898103e-10,-1.557520587685156e-11,-0.22584267176831732,0.4840833673892174,-0.015575205952653394,0.0017633045493487855
0.6251483538292478,13.709503178270442,2.7011520629494785,0.415279114099678,0.5960753859296735,-0.2258426705898103,-0.012168819053219565,0.2258426705898103,0.012168819053219565,0.4840833186700334,0.0011360444761504365,-0.05226850264381494,-0.06176196659722517,-2.258426705898103e-10,-1.2168819053219565e-11,-0.22584267176831732,0.4840833673892174,-0.01216881911233734,0.0011360446531749392
0.6251483538292478,16.625252686158202,2.6698346414723106,0.415279114099678,0.5647579644525057,-0.2258426705898103,-0.009507428557980204,0.2258426705898103,0.009507428557980204,0.4840833186700334,0.0007319196946821074,-0.05288161729213418,-0.0592034426839453,-2.258426705898103e-10,-9.507428557980204e-12,-0.22584267176831732,0.4840833673892174,-0.009507428604153944,0.000731919756892843
0.6251483538292478,20.161126430657447,2.640162617391395,0.415279114099678,0.5350859403715899,-0.2258426705898103,-0.0074280994227769615,0.2258426705898103,0.0074280994227769615,0.4840833186700334,0.00047155410788037716,-0.053475938494697194,-0.05672334371208874,-2.258426705898103e-10,-7.428099422776961e-12,-0.22584267176831732,0.4840833673892174,-0.007428099458894082,0.0004715539953984351
0.6251483538292478,24.44901299403245,2.6120495425745447,0.415279114099678,0.5069728655547395,-0.2258426705898103,-0.005803531490998793,0.2258426705898103,0.005803531490998793,0.4840833186700334,0.00030380829792459155,-0.054051491536589696,-0.05432156416713777,-2.258426705898103e-10,-5.803531490998793e-12,-0.22584267176831732,0.4840833673892174,-0.005803531519205938,0.0003038082833871013
0.6251483538292478,29.648851141244215,2.5854135108194294,0.415279114099678,0.48033683379962433,-0.2258426705898103,-0.004534265880143972,0.2258426705898103,0.004534265880143972,0.4840833186700334,0.00019573465768906405,-0.05460835303628985,-0.05199778432062219,-2.258426705898103e-10,-4.534265880143972e-12,-0.22584267176831732,0.4840833673892174,-0.004534265902158096,0.00019573468588407917
0.6251483538292478,35.95459555812005,2.56017691922347,0.415279114099678,0.45510024220366474,-0.2258426705898103,-0.00354259593554811,0.2258426705898103,0.00354259593554811,0.4840833186700334,0.00012610602304932608,-0.0551466473599973,-0.049751485193103656,-2.258426705898103e-10,-3.5425959355481098e-12,-0.22584267176831732,0.48408314012344517,-0.0035425959527779697,0.00012610596087102245
0.6251483538292478,43.601451388100436,2.536266242091207,0.415279114099678,0.431189565071402,-0.2258426705898103,-0.002767809893442663,0.2258426705898103,0.002767809893442663,0.4840833186700334,8.124636299504802e-05,-0.055666542967985386,-0.04758196380082715,-2.258426705898103e-10,-2.767809893442663e-12,-0.22584267176831732,0.4840833673892174,-0.0027678099069098063,8.124635763992965e-05
0.6251483538292478,52.87464741679016,2.5136118167204353,0.415279114099678,0.40853513970063016,-0.2258426705898103,-0.0021624740008780612,0.2258426705898103,0.0021624740008780612,0.4840833186700334,5.234461717455907e-05,-0.05616824873453547,-0.04548834851261363,-2.258426705898103e-10,-2.162474000878061e-12,-0.22584267176831732,0.4840833673892174,-0.002162474011399466,5.234460465020004e-05
0.6251483538292478,64.12007514531668,2.492147640442994,0.415279114099678,0.387070963423189,-0.2258426705898103,-0.001689528538629904,0.2258426705898103,0.001689528538629904,0.4840833186700334,3.3724081252943594e-05,-0.056652010279184144,-0.04346961435954482,-2.258426705898103e-10,-1.689528538629904e-12,-0.22584267176831732,0.4840833673892174,-0.0016895285468450398,3.372409098595545e-05
0.6251483538292478,77.75719059141188,2.471811178328909,0.415279114099678,0.36673450130910396,-0.2258426705898103,-0.0013200189605451172,0.2258426705898103,0.0013200189605451172,0.4840833186700334,2.172742332917296e-05,-0.05711810634300576,-0.04152459815671497,-2.258426705898103e-10,-1.3200189605451172e-12,-0.22584267176831732,0.4840833673892174,-0.0013200189669490797,2.1727417870031313e-05
0.6251483538292478,94.29466005719073,2.4525431809936338,0.415279114099678,0.34746650397382856,-0.2258426705898103,-0.0010313232457213309,0.2258426705898103,0.0010313232457213309,0.4840833186700334,1.39983331490723e-05,-0.057566845239569085,-0.03965201331336882,-2.258426705898103e-10,-1.0313232457213309e-12,-0.22584267176831732,0.4840833673892174,-0.0010313232507332603,1.3998329124118205e-05
0.6251483538292478,114.34933345293979,2.4342875119775833,0.415279114099678,0.3292108349577785,-0.2258426705898103,-0.0008057669389278654,0.2258426705898103,0.0008057669389278654,0.4840833186700334,9.018710041393375e-06,-0.057998561406135636,-0.03785046422473104,-2.258426705898103e-10,-8.057669389278655e-13,-0.22584267176831732,0.4840835946549897,-0.000805766942845301,9.01871520182505e-06
0.6251483538292478,138.6692528845326,2.41699098419504,0.415279114099678,0.31191430717523483,-0.2258426705898103,-0.0006295410896271181,0.2258426705898103,0.0006295410896271181,0.4840833186700334,5.810486859010076e-06,-0.05841361207668783,-0.036118460155440325,-2.258426705898103e-10,-6.295410896271181e-13,-0.22584267176831732,0.4840833673892174,-0.0006295410926893784,5.810485123998944e-06
0.6251483538292478,168.16155472797897,2.4006032049759227,0.415279114099678,0.2955265279561175,-0.2258426705898103,-0.0004918568439358354,0.2258426705898103,0.0004918568439358354,0.4840833186700334,3.7435240055142786e-06,-0.058812374094550555,-0.03445442854046201,-2.258426705898103e-10,-4.918568439358354e-13,-0.22584267176831732,0.4840833673892174,-0.0004918568463254249,3.7435222118635078e-06
0.6251483538292478,203.9263059423702,2.3850764292489717,0.415279114099678,0.2799997522291665,-0.2258426705898103,-0.00038428493217148603,0.2258426705898103,0.00038428493217148603,0.4840833186700334,2.4118412656128398e-06,-0.05919524087874966,-0.03285672764445614,-2.258426705898103e-10,-3.8428493217148604e-13,-0.22584267176831732,0.4840833673892174,-0.0003842849340397061,2.411840696052486e-06
0.6251483538292478,247.29753672039521,2.3703654204385893,0.415279114099678,0.26528874341878433,-0.2258426705898103,-0.0003002396142592021,0.2258426705898103,0.0003002396142592021,0.4840833186700334,1.553877651631041e-06,-0.05956261955487752,-0.031323658534659224,-2.258426705898103e-10,-3.002396142592021e-13,-0.22584267176831732,0.4840833673892174,-0.0003002396157147192,1.5538776233140892e-06
0.6251483538292478,299.893,2.356427318670075,0.415279114099678,0.25135064165026993,-0.2258426705898103,-0.00023457548923695002,0.2258426705898103,0.00023457548923695002,0.4840833186700334,1.001117192355889e-06,-0.05991492825813247,-0.029853476335285206,-2.258426705898103e-10,-2.3457548923695e-13,-0.22584267176831732,0.4840833673892174,-0.00023457549037856227,1.0011172199867804e-06
0.7107558842981536,0.134,4.264218989575134,0.39754902090631117,2.1768724057486954,-0.19016002575418606,-4.546708768677904,0.19016002575418606,4.546708768677904,0.3585056233120114,43.4271127604176,-0.03169568861109138,-0.142877037153184,-1.9016002575418606e-10,-4.5467087686779044e-09,-0.19016002675189586,0.3585053853334102,-4.546708790758223,43.427106914354226
0.7107558842981536,0.1624992409262676,4.149847498582396,0.39754902090631117,2.0625009147559576,-0.19016002575418606,-3.552317493020029,0.19016002575418606,3.552317493020029,0.3585056233120114,27.97879817191351,-0.03256923472711864,-0.1391012311517585,-1.9016002575418606e-10,-3.552317493020029e-09,-0.19016002674564772,0.35850556114977206,-3.552317510294488,27.97879732755106
0.7107558842981536,0.19705972613144151,4.041485012948612,0.39754902090631117,1.9541384291221735,-0.19016002575418606,-2.77540529055822,0.19016002575418606,2.77540529055822,0.3585056233120114,18.025908180066246,-0.03344249869294139,-0.135326644713234,-1.9016002575418606e-10,-2.77540529055822e-09,-0.19016002674564772,0.35850556114977206,-2.77540530405747,18.025907839649417
0.7107558842981536,0.23897056651863752,3.938815823355921,0.39754902090631117,1.851469239529483,-0.19016002575418606,-2.168408241097251,0.19016002575418606,2.168408241097251,0.3585056233120114,11.613556941211405,-0.0343142110026156,-0.13155876513596199,-1.9016002575418606e-10,-2.168408241097251e-09,-0.19016002674564772,0.35850556114977206,-2.1684082516454217,11.613558352155893
0.7107558842981536,0.2897950422611845,3.8415408076531303,0.39754902090631117,1.7541942238266917,-0.19016002575418606,-1.6941649264899823,0.19016002575418606,1.6941649264899823,0.3585056233120114,7.482269602144617,-0.03518311116045292,-0.12780304077246496,-1.9016002575418606e-10,-1.6941649264899822e-09,-0.19016002674564772,0.35850556114977206,-1.6941649347390257,7.482269392815102
0.7107558842981536,0.35142891337043375,3.749376559376528,0.39754902090631117,1.6620299755500898,-0.19016002575418606,-1.323641343798085,0.19016002575418606,1.323641343798085,0.3585056233120114,4.8206039443879165,-0.036047954939354254,-0.1240648496560966,-1.9016002575418606e-10,-1.323641343798085e-09,-0.19016002674564772,0.35850556114977206,-1.3236413502298119,4.820604331385803
0.7107558842981536,0.4261711318077503,3.6620545620576683,0.39754902090631117,1.5747079782312299,-0.19016002575418606,-1.0341533929884241,0.19016002575418606,1.0341533929884241,0.3585056233120114,3.1057718612528524,-0.036907521439858815,-0.12034946898908644,-1.9016002575418606e-10,-1.034153392988424e-09,-0.19016002674564772,0.35850556114977206,-1.0341533980222497,3.1057718930715947
0.7107558842981536,0.5168095927122967,3.579320406912492,0.39754902090631117,1.491973823086054,-0.19016002575418606,-0.8079781167613735,0.19016002575418606,0.8079781167613735,0.3585056233120114,2.00095651196974,-0.03776061986573099,-0.11666204585581902,-1.9016002575418606e-10,-8.079781167613735e-10,-0.19016002674564772,0.35850556114977206,-0.8079781206936961,2.0009568229279493
0.7107558842981536,0.6267251232773262,3.5009330516325683,0.39754902090631117,1.4135864678061296,-0.19016002575418606,-0.6312686701909447,0.19016002575418606,0.6312686701909447,0.3585056233120114,1.2891568156519335,-0.03860609593778124,-0.11300756949980549,-1.9016002575418606e-10,-6.312686701909447e-10,-0.19016002674564772,0.35850556114977206,-0.6312686732584893,1.2891567686972332
0.7107558842981536,0.7600175880745298,3.426664118118966,0.39754902090631117,1.3393175342925274,-0.19016002575418606,-0.49320659272550027,0.19016002575418606,0.49320659272550027,0.3585056233120114,0.8305654247856867,-0.03944283787500874,-0.10939084547085974,-1.9016002575418606e-10,-4.932065927255003e-10,-0.19016002674564772,0.35850556114977206,-0.49320659512027093,0.8305655331949743
0.7107558842981536,0.9216588145725657,3.3562972271127522,0.39754902090631117,1.2689506432863136,-0.19016002575418606,-0.38533948316224703,0.19016002575418606,0.38533948316224703,0.3585056233120114,0.535108620203488,-0.04026978188083331,-0.10581647191147017,-1.9016002575418606e-10,-3.85339483162247e-10,-0.19016002674564772,0.35850556114977206,-0.38533948503670273,0.5351085521461122
0.7107558842981536,1.117678042992877,3.2896273677835675,0.39754902090631117,1.2022807839571288,-0.19016002575418606,-0.3010635289021562,0.19016002575418606,0.3010635289021562,0.3585056233120114,0.3447545814828088,-0.041085917081891354,-0.10228881820940336,-1.9016002575418606e-10,-3.010635289021562e-10,-0.19016002674564772,0.35850556114977206,-0.3010635303668195,0.3447545850808318
0.7107558842981536,1.3553868178082003,3.2264603004396264,0.39754902090631117,1.139113716613188,-0.19016002575418606,-0.23521920902368526,0.19016002575418606,0.23521920902368526,0.3585056233120114,0.22211513133200658,-0.04189028987731853,-0.09881200619841325,-1.9016002575418606e-10,-2.352192090236853e-10,-0.19016002674564772,0.35850556114977206,-0.2352192101667671,0.22211516492017613
0.7107558842981536,1.643651709367924,3.16661199061895,0.39754902090631117,1.0792654067925118,-0.19016002575418606,-0.18377541941225786,0.19016002575418606,0.18377541941225786,0.3585056233120114,0.14310217823485172,-0.042682007667336014,-0.09538989404184099,-1.9016002575418606e-10,-1.8377541941225786e-10,-0.19016002674564772,0.35850556114977206,-0.18377542030601993,0.14310219493794196
0.7107558842981536,1.99322503820485,3.109908072913085,0.39754902090631117,1.0225614890866463,-0.19016002575418606,-0.14358268153495263,0.19016002575418606,0.14358268153495263,0.3585056233120114,0.09219648068437712,-0.043460241941001426,-0.09202606288615504,-1.9016002575418606e-10,-1.4358268153495262e-10,-0.19016002674564772,0.35850556114977206,-0.14358268223368859,0.09219648562739743
0.7107558842981536,2.4171459380859606,3.0561833429611838,0.39754902090631117,0.9688367591347453,-0.19016002575418606,-0.11218032587111348,0.19016002575418606,0.11218032587111348,0.3585056233120114,0.059399452582997524,-0.044224230713894315,-0.08872380632432668,-1.9016002575418606e-10,-1.1218032587111349e-10,-0.19016002674564772,0.35850556114977206,-0.11218032641640963,0.05939945436273851
0.7107558842981536,2.931226717514774,3.0052812761343946,0.39754902090631117,0.9179346923079563,-0.19016002575418606,-0.08764584543217176,0.19016002575418606,0.08764584543217176,0.3585056233120114,0.03826930204894082,-0.04497328031701749,-0.08548612266350246,-1.9016002575418606e-10,-8.764584543217176e-11,-0.19016002674564772,0.35850556114977206,-0.08764584585787111,0.03826931210776653
0.7107558842981536,3.554642661036909,2.957053571508265,0.39754902090631117,0.8697069876818265,-0.19016002575418606,-0.06847719653039638,0.19016002575418606,0.06847719653039638,0.3585056233120114,0.024655774011834514,-0.04570676654807382,-0.08231570994873849,-1.9016002575418606e-10,-6.847719653039638e-11,-0.19016002674564772,0.35850556114977206,-0.06847719686356152,0.02465577681876911
0.7107558842981536,4.310647270019593,2.9113597197945436,0.39754902090631117,0.8240131359681051,-0.19016002575418606,-0.053500841044329936,0.19016002575418606,0.053500841044329936,0.3585056233120114,0.01588498246833012,-0.046424135205324034,-0.07921496365545933,-1.9016002575418606e-10,-5.350084104432994e-11,-0.19016002674564772,0.35850556114977206,-0.053500841304948546,0.01588498285887406
0.7107558842981536,5.227439621485609,2.8680665939735746,0.39754902090631117,0.7807200101471361,-0.19016002575418606,-0.04179990036800194,0.19016002575418606,0.04179990036800194,0.3585056233120114,0.010234222129795554,-0.047124902032285754,-0.0761859769284902,-1.9016002575418606e-10,-4.179990036800194e-11,-0.19016002674564772,0.35850556114977206,-0.04179990057114122,0.010234223536502704
0.7107558842981536,6.339216197606768,2.8270480614346027,0.39754902090631117,0.7397014776081641,-0.19016002575418606,-0.032658022503368904,0.19016002575418606,0.032658022503368904,0.3585056233120114,0.006593605174624262,-0.04780865210847875,-0.07323054321549304,-1.9016002575418606e-10,-3.2658022503368906e-11,-0.19016002674564772,0.35850556114977206,-0.03265802266242773,0.006593604414567962
0.7107558842981536,7.687446419243286,2.788184616493979,0.39754902090631117,0.7008380326675407,-0.19016002575418606,-0.025515525741467954,0.19016002575418606,0.025515525741467954,0.3585056233120114,0.004248063863325616,-0.048475038727181084,-0.07035016111774077,-1.9016002575418606e-10,-2.5515525741467955e-11,-0.19016002674564772,0.35850556114977206,-0.025515525865501744,0.004248063454870414
0.7107558842981536,9.322419461107367,2.75136303222063,0.39754902090631117,0.6640164483941917,-0.19016002575418606,-0.019935133971946847,0.19016002575418606,0.019935133971946847,0.3585056233120114,0.0027369013019378032,-0.04912378180570029,-0.06754604126154341,-1.9016002575418606e-10,-1.9935133971946848e-11,-0.19016002674564772,0.35850556114977206,-0.019935134068892982,0.002736900589573992
0.7107558842981536,11.305120044971734,2.7164760305543902,0.39754902090631117,0.6291294467279519,-0.19016002575418606,-0.01557520587685156,0.19016002575418606,0.01557520587685156,0.3585056233120114,0.0017633041728060922,-0.04975466587698647,-0.0648191149792774,-1.9016002575418606e-10,-1.557520587685156e-11,-0.19016002674564772,0.35850556114977206,-0.015575205952653394,0.0017633045493487855
0.7107558842981536,13.709503178270442,2.683421969756112,0.39754902090631117,0.5960753859296735,-0.19016002575418606,-0.012168819053219565,0.19016002575418606,0.012168819053219565,0.3585056233120114,0.0011360444761504365,-0.05036753771355618,-0.062170044579710315,-1.9016002575418606e-10,-1.2168819053219565e-11,-0.19016002674564772,0.35850556114977206,-0.012168819112499304,0.001136044416895034
0.7107558842981536,16.625252686158202,2.652104548278944,0.39754902090631117,0.5647579644525057,-0.19016002575418606,-0.009507428557980204,0.19016002575418606,0.009507428557980204,0.3585056233120114,0.0007319196946821074,-0.050962303635723995,-0.059599234982870945,-1.9016002575418606e-10,-9.507428557980204e-12,-0.19016002674564772,0.35850556114977206,-0.009507428604153944,0.000731919756892843
0.7107558842981536,20.161126430657447,2.6224325241980284,0.39754902090631117,0.5350859403715899,-0.19016002575418606,-0.0074280994227769615,0.19016002575418606,0.0074280994227769615,0.3585056233120114,0.00047155410788037716,-0.051538926556140445,-0.057106846494705515,-1.9016002575418606e-10,-7.428099422776961e-12,-0.19016002674564772,0.35850556114977206,-0.007428099458894082,0.0004715539953984351
0.7107558842981536,24.44901299403245,2.594319449381178,0.39754902090631117,0.5069728655547395,-0.19016002575418606,-0.005803531490998793,0.19016002575418606,0.005803531490998793,0.3585056233120114,0.00030380829792459155,-0.05209742281171858,-0.054692808500723035,-1.9016002575418606e-10,-5.803531490998793e-12,-0.19016002674564772,0.35850556114977206,-0.005803531519205938,0.0003038082833871013
0.7107558842981536,29.648851141244215,2.567683417626063,0.39754902090631117,0.48033683379962433,-0.19016002575418606,-0.004534265880143972,0.19016002575418606,0.004534265880143972,0.3585056233120114,0.00019573465768906405,-0.052637858832314754,-0.05235683386525241,-1.9016002575418606e-10,-4.534265880143972e-12,-0.19016002674564772,0.35850556114977206,-0.004534265902232987,0.0001957346353651098
0.7107558842981536,35.95459555812005,2.542446826030103,0.39754902090631117,0.45510024220366474,-0.19016002575418606,-0.00354259593554811,0.19016002575418606,0.00354259593554811,0.3585056233120114,0.00012610602304932608,-0.0531603476931383,-0.050098433833268334,-1.9016002575418606e-10,-3.5425959355481098e-12,-0.19016002674564772,0.35850556114977206,-0.0035425959527162127,0.0001261060639292479
0.7107558842981536,43.601451388100436,2.5185361488978404,0.39754902090631117,0.431189565071402,-0.19016002575418606,-0.002767809893442663,0.19016002575418606,0.002767809893442663,0.3585056233120114,8.124636299504802e-05,-0.053665045594927685,-0.04791693324443877,-1.9016002575418606e-10,-2.767809893442663e-12,-0.19016002674564772,0.35850556114977206,-0.0027678099069098063,8.124635763992965e-05
0.7107558842981536,52.87464741679016,2.4958817235270687,0.39754902090631117,0.40853513970063016,-0.19016002575418606,-0.0021624740008780612,0.19016002575418606,0.0021624740008780612,0.3585056233120114,5.234461717455907e-05,-0.05415214831257221,-0.045811485883562944,-1.9016002575418606e-10,-2.162474000878061e-12,-0.19016002674564772,0.35850556114977206,-0.002162474011399466,5.234460465020004e-05
0.7107558842981536,64.12007514531668,2.4744175472496273,0.39754902090631117,0.387070963423189,-0.19016002575418606,-0.001689528538629904,0.19016002575418606,0.001689528538629904,0.3585056233120114,3.3724081252943594e-05,-0.054621887649199195,-0.04378108980738551,-1.9016002575418606e-10,-1.689528538629904e-12,-0.19016002674564772,0.35850556114977206,-0.0016895285468450398,3.372409098595545e-05
0.7107558842981536,77.75719059141188,2.4540810851355426,0.39754902090631117,0.36673450130910396,-0.19016002575418606,-0.0013200189605451172,0.19016002575418606,0.0013200189605451172,0.3585056233120114,2.172742332917296e-05,-0.05507452792889736,-0.04182460250440954,-1.9016002575418606e-10,-1.3200189605451172e-12,-0.19016002674564772,0.35850556114977206,-0.0013200189669490797,2.1727417870031313e-05
0.7107558842981536,94.29466005719073,2.434813087800267,0.39754902090631117,0.34746650397382856,-0.19016002575418606,-0.0010313232457213309,0.19016002575418606,0.0010313232457213309,0.3585056233120114,1.39983331490723e-05,-0.05551036255730995,-0.03994075576135105,-1.9016002575418606e-10,-1.0313232457213309e-12,-0.19016002674564772,0.35850556114977206,-0.0010313232507332603,1.3998329124118205e-05
0.7107558842981536,114.34933345293979,2.416557418784217,0.39754902090631117,0.3292108349577785,-0.19016002575418606,-0.0008057669389278654,0.19016002575418606,0.0008057669389278654,0.3585056233120114,9.018710041393375e-06,-0.055929710675393166,-0.0381281701268959,-1.9016002575418606e-10,-8.057669389278655e-13,-0.19016002674564772,0.35850556114977206,-0.000805766942845301,9.018708409273517e-06
0.7107558842981536,138.6692528845326,2.3992608910016733,0.39754902090631117,0.31191430717523483,-0.19016002575418606,-0.0006295410896271181,0.19016002575418606,0.0006295410896271181,0.3585056233120114,5.810486859010076e-06,-0.0563329139277759,-0.03638536888010574,-1.9016002575418606e-10,-6.295410896271181e-13,-0.19016002674564772,0.35850556114977206,-0.0006295410926893784,5.810485123998944e-06
0.7107558842981536,168.16155472797897,2.382873111782556,0.39754902090631117,0.2955265279561175,-0.19016002575418606,-0.0004918568439358354,0.19016002575418606,0.0004918568439358354,0.3585056233120114,3.7435240055142786e-06,-0.056720333363436626,-0.0347107914268977,-1.9016002575418606e-10,-4.918568439358354e-13,-0.19016002674564772,0.35850556114977206,-0.0004918568463254249,3.7435222118635078e-06
0.7107558842981536,203.9263059423702,2.367346336055605,0.39754902090631117,0.2799997522291665,-0.19016002575418606,-0.00038428493217148603,0.19016002575418606,0.00038428493217148603,0.3585056233120114,2.4118412656128398e-06,-0.05709234648288553,-0.033102806063271664,-1.9016002575418606e-10,-3.8428493217148604e-13,-0.19016002674564772,0.35850556114977206,-0.0003842849340397061,2.411840696052486e-06
0.7107558842981536,247.29753672039521,2.3526353272452227,0.39754902090631117,0.26528874341878433,-0.19016002575418606,-0.0003002396142592021,0.19016002575418606,0.0003002396142592021,0.3585056233120114,1.553877651631041e-06,-0.057449344442742994,-0.0315597220582088,-1.9016002575418606e-10,-3.002396142592021e-13,-0.19016002674564772,0.35850556114977206,-0.0003002396157147192,1.5538776233140892e-06
0.7107558842981536,299.893,2.338697225476708,0.39754902090631117,0.25135064165026993,-0.19016002575418606,-0.00023457548923695002,0.19016002575418606,0.00023457548923695002,0.3585056233120114,1.001117192355889e-06,-0.05779172942556785,-0.03007980102229666,-1.9016002575418606e-10,-2.3457548923695e-13,-0.19016002674564772,0.35850556114977206,-0.00023457549037856227,1.0011172199867804e-06
0.8080864709473952,0.134,4.24724587209755,0.3805759034287276,2.1768724057486954,-0.16011516025910924,-4.546708768677904,0.16011516025910924,4.546708768677904,0.2655044637758761,43.4271127604176,-0.030463716652000896,-0.14344801157036613,-1.6011516025910924e-10,-4.5467087686779044e-09,-0.16011516109354965,0.26550452242406725,-4.546708790791364,43.42711186077002
0.8080864709473952,0.1624992409262676,4.132874381104813,0.3805759034287276,2.0625009147559576,-0.16011516025910924,-3.552317493020029,0.16011516025910924,3.552317493020029,0.2655044637758761,27.97879817191351,-0.03130675720280956,-0.13967249979433072,-1.6011516025910924e-10,-3.552317493020029e-09,-0.16011516109354965,0.2655042503954833,-3.5523175103218168,27.978793964003728
0.8080864709473952,0.19705972613144151,4.024511895471028,0.3805759034287276,1.9541384291221735,-0.16011516025910924,-2.77540529055822,0.16011516025910924,2.77540529055822,0.2655044637758761,18.025908180066246,-0.032149711110200804,-0.1358973760461814,-1.6011516025910924e-10,-2.77540529055822e-09,-0.16011516109904522,0.2655043864097753,-2.77540530405747,18.025907839649417
0.8080864709473952,0.23897056651863752,3.921842705878338,0.3805759034287276,1.851469239529483,-0.16011516025910924,-2.168408241097251,0.16011516025910924,2.168408241097251,0.2655044637758761,11.613556941211405,-0.03299135240814882,-0.1321281307488438,-1.6011516025910924e-10,-2.168408241097251e-09,-0.16011516109904522,0.2655043864097753,-2.16840825163613,11.613556019220834
0.8080864709473952,0.2897950422611845,3.824567690175546,0.3805759034287276,1.7541942238266917,-0.16011516025910924,-1.6941649264899823,0.16011516025910924,1.6941649264899823,0.2655044637758761,7.482269602144617,-0.03383046275565367,-0.12837022017697539,-1.6011516025910924e-10,-1.6941649264899822e-09,-0.16011516109354965,0.26550452242406725,-1.6941649347237013,7.4822704504074835
0.8080864709473952,0.35142891337043375,3.7324034418989447,0.3805759034287276,1.6620299755500898,-0.16011516025910924,-1.323641343798085,0.16011516025910924,1.323641343798085,0.2655044637758761,4.8206039443879165,-0.03466583846389652,-0.12462903498622808,-1.6011516025910924e-10,-1.323641343798085e-09,-0.16011516109904522,0.2655043864097753,-1.3236413502361302,4.820603252646514
0.8080864709473952,0.4261711318077503,3.6450814445800845,0.3805759034287276,1.5747079782312299,-0.16011516025910924,-1.0341533929884241,0.16011516025910924,1.0341533929884241,0.2655044637758761,3.1057718612528524,-0.03549629734373896,-0.12090986954709151,-1.6011516025910924e-10,-1.034153392988424e-09,-0.16011516109629745,0.2655044544169213,-1.0341533980170396,3.105772137584714
0.8080864709473952,0.5168095927122967,3.562347289434909,0.3805759034287276,1.491973823086054,-0.16011516025910924,-0.8079781167613735,0.16011516025910924,0.8079781167613735,0.2655044637758761,2.00095651196974,-0.03632068529160297,-0.11721789245038283,-1.6011516025910924e-10,-8.079781167613735e-10,-0.16011516109904522,0.2655043864097753,-0.8079781206893998,2.0009563241234716
0.8080864709473952,0.6267251232773262,3.483959934154984,0.3805759034287276,1.4135864678061296,-0.16011516025910924,-0.6312686701909447,0.16011516025910924,0.6312686701909447,0.2655044637758761,1.2891568156519335,-0.03713788253720039,-0.1135581185271271,-1.6011516025910924e-10,-6.312686701909447e-10,-0.16011516109354965,0.26550452242406725,-0.6312686732584893,1.2891567686972332
0.8080864709473952,0.7600175880745298,3.409691000641382,0.3805759034287276,1.3393175342925274,-0.16011516025910924,-0.49320659272550027,0.16011516025910924,0.49320659272550027,0.2655044637758761,0.8305654247856867,-0.037946809483505047,-0.10993538269455533,-1.6011516025910924e-10,-4.932065927255003e-10,-0.16011516109629745,0.2655044544169213,-0.4932065951261141,0.8305655331949743
0.8080864709473952,0.9216588145725657,3.339324109635168,0.3805759034287276,1.2689506432863136,-0.16011516025910924,-0.38533948316224703,0.16011516025910924,0.38533948316224703,0.2655044637758761,0.535108620203488,-0.038746432077566784,-0.1063543159032033,-1.6011516025910924e-10,-3.85339483162247e-10,-0.16011516109354965,0.26550452242406725,-0.38533948503429355,0.5351087089840466
0.8080864709473952,1.117678042992877,3.2726542503059832,0.3805759034287276,1.2022807839571288,-0.16011516025910924,-0.3010635289021562,0.16011516025910924,0.3010635289021562,0.2655044637758761,0.3447545814828088,-0.03953576666000172,-0.10281932341872975,-1.6011516025910924e-10,-3.010635289021562e-10,-0.16011516109354965,0.26550452242406725,-0.30106353036483285,0.34475462063060075
0.8080864709473952,1.3553868178082003,3.2094871829620426,0.3805759034287276,1.139113716613188,-0.16011516025910924,-0.23521920902368526,0.16011516025910924,0.23521920902368526,0.2655044637758761,0.22211513133200658,-0.04031388425098765,-0.09933456562731664,-1.6011516025910924e-10,-2.352192090236853e-10,-0.16011516109629745,0.2655044544169213,-0.2352192101667671,0.2221151165727118
0.8080864709473952,1.643651709367924,3.1496388731413667,0.3805759034287276,1.0792654067925118,-0.16011516025910924,-0.18377541941225786,0.16011516025910924,0.18377541941225786,0.2655044637758761,0.14310217823485172,-0.04107991424106127,-0.09590394150663227,-1.6011516025910924e-10,-1.8377541941225786e-10,-0.16011516109904522,0.2655043864097753,-0.18377542030737085,0.1431021456237542
0.8080864709473952,1.99322503820485,3.092934955435501,0.3805759034287276,1.0225614890866463,-0.16011516025910924,-0.14358268153495263,0.16011516025910924,0.14358268153495263,0.2655044637758761,0.09219648068437712,-0.04183304746566902,-0.09253107485662058,-1.6011516025910924e-10,-1.4358268153495262e-10,-0.16011516109629745,0.2655044544169213,-0.1435826822325746,0.09219647444956608
0.8080864709473952,2.4171459380859606,3.0392102254836,0.3805759034287276,0.9688367591347453,-0.16011516025910924,-0.11218032587111348,0.16011516025910924,0.11218032587111348,0.2655044637758761,0.059399452582997524,-0.04257253865298908,-0.08921930333706182,-1.6011516025910924e-10,-1.1218032587111349e-10,-0.16011516109629745,0.2655044544169213,-0.11218032641640963,0.05939945436273851
0.8080864709473952,2.931226717514774,2.988308158656811,0.3805759034287276,0.9179346923079563,-0.16011516025910924,-0.08764584543217176,0.16011516025910924,0.08764584543217176,0.2655044637758761,0.03826930204894082,-0.04329770824476054,-0.08597167031308721,-1.6011516025910924e-10,-8.764584543217176e-11,-0.16011516109904522,0.2655043864097753,-0.08764584585862861,0.03826929660202091
0.8080864709473952,3.554642661036909,2.940080454030681,0.3805759034287276,0.8697069876818265,-0.16011516025910924,-0.06847719653039638,0.16011516025910924,0.06847719653039638,0.2655044637758761,0.024655774011834514,-0.044007943599495114,-0.0827909194666601,-1.6011516025910924e-10,-6.847719653039638e-11,-0.16011516109629745,0.2655044544169213,-0.06847719686356152,0.02465577681876911
0.8080864709473952,4.310647270019593,2.8943866023169598,0.3805759034287276,0.8240131359681051,-0.16011516025910924,-0.053500841044329936,0.16011516025910924,0.053500841044329936,0.2655044637758761,0.01588498246833012,-0.04470269959631027,-0.07967949209234138,-1.6011516025910924e-10,-5.350084104432994e-11,-0.16011516109629745,0.2655044544169213,-0.05350084130443344,0.015884980468943696
0.8080864709473952,5.227439621485609,2.8510934764959908,0.3805759034287276,0.7807200101471361,-0.16011516025910924,-0.04179990036800194,0.16011516025910924,0.04179990036800194,0.2655044637758761,0.010234222129795554,-0.045381498665549684,-0.0766395269601577,-1.6011516025910924e-10,-4.179990036800194e-11,-0.16011516109629745,0.2655044544169213,-0.04179990057156598,0.0102342219113575
0.8080864709473952,6.339216197606768,2.8100749439570185,0.3805759034287276,0.7397014776081641,-0.16011516025910924,-0.032658022503368904,0.16011516025910924,0.032658022503368904,0.2655044637758761,0.006593605174624262,-0.04604393027922719,-0.07367286259762083,-1.6011516025910924e-10,-3.2658022503368906e-11,-0.16011516109354965,0.26550452242406725,-0.03265802266242773,0.006593606624755315
0.8080864709473952,7.687446419243286,2.7712114990163954,0.3805759034287276,0.7008380326675407,-0.16011516025910924,-0.025515525741467954,0.16011516025910924,0.025515525741467954,0.2655044637758761,0.004248063863325616,-0.04668964994006569,-0.07078104181726233,-1.6011516025910924e-10,-2.5515525741467955e-11,-0.16011516109629745,0.2655044544169213,-0.025515525865501744,0.004248063454870414
0.8080864709473952,9.322419461107367,2.7343899147430464,0.3805759034287276,0.6640164483941917,-0.16011516025910924,-0.019935133971946847,0.16011516025910924,0.019935133971946847,0.2655044637758761,0.0027369013019378032,-0.04731837771246272,-0.06796531829562567,-1.6011516025910924e-10,-1.9935133971946848e-11,-0.16011516109629745,0.2655044544169213,-0.019935134068892982,0.0027369016115552625
0.8080864709473952,11.305120044971734,2.6995029130768065,0.3805759034287276,0.6291294467279519,-0.16011516025910924,-0.01557520587685156,0.16011516025910924,0.01557520587685156,0.2655044637758761,0.0017633041728060922,-0.047929896342096996,-0.06522666499450681,-1.6011516025910924e-10,-1.557520587685156e-11,-0.16011516109629745,0.2655044544169213,-0.015575205952653394,0.0017633045493487855
0.8080864709473952,13.709503178270442,2.666448852278528,0.3805759034287276,0.5960753859296735,-0.16011516025910924,-0.012168819053219565,0.16011516025910924,0.012168819053219565,0.2655044637758761,0.0011360444761504365,-0.04852404901312725,-0.06256578420521873,-1.6011516025910924e-10,-1.2168819053219565e-11,-0.16011516109629745,0.2655044544169213,-0.01216881911233734,0.0011360446531749392
0.8080864709473952,16.625252686158202,2.6351314308013603,0.3805759034287276,0.5647579644525057,-0.16011516025910924,-0.009507428557980204,0.16011516025910924,0.009507428557980204,0.2655044637758761,0.0007319196946821074,-0.04910073679308391,-0.05998311899150681,-1.6011516025910924e-10,-9.507428557980204e-12,-0.16011516109629745,0.2655044544169213,-0.009507428604153944,0.000731919756892843
0.8080864709473952,20.161126430657447,2.6054594067204446,0.3805759034287276,0.5350859403715899,-0.16011516025910924,-0.0074280994227769615,0.16011516025910924,0.0074280994227769615,0.2655044637758761,0.00047155410788037716,-0.049659915815699715,-0.05747886580609024,-1.6011516025910924e-10,-7.428099422776961e-12,-0.16011516109629745,0.2655044544169213,-0.007428099458894082,0.0004715539953984351
0.8080864709473952,24.44901299403245,2.5773463319035943,0.3805759034287276,0.5069728655547395,-0.16011516025910924,-0.005803531490998793,0.16011516025910924,0.005803531490998793,0.2655044637758761,0.00030380829792459155,-0.05020159425116792,-0.055052988059197866,-1.6011516025910924e-10,-5.803531490998793e-12,-0.16011516109629745,0.2655044544169213,-0.005803531519205938,0.0003038082833871013
0.8080864709473952,29.648851141244215,2.550710300148479,0.3805759034287276,0.48033683379962433,-0.16011516025910924,-0.004534265880143972,0.16011516025910924,0.004534265880143972,0.2655044637758761,0.00019573465768906405,-0.05072582911176878,-0.052705230424398126,-1.6011516025910924e-10,-4.534265880143972e-12,-0.16011516109629745,0.2655044544169213,-0.004534265902158096,0.00019573468588407917
0.8080864709473952,35.95459555812005,2.5254737085525196,0.3805759034287276,0.45510024220366474,-0.16011516025910924,-0.00354259593554811,0.16011516025910924,0.00354259593554811,0.2655044637758761,0.00012610602304932608,-0.05123272293858825,-0.05043513367695127,-1.6011516025910924e-10,-3.5425959355481098e-12,-0.16011516109904522,0.2655043864097753,-0.0035425959527779697,0.00012610596087102245
0.8080864709473952,43.601451388100436,2.5015630314202566,0.3805759034287276,0.431189565071402,-0.16011516025910924,-0.002767809893442663,0.16011516025910924,0.002767809893442663,0.2655044637758761,8.124636299504802e-05,-0.05172242041228963,-0.0482420498722863,-1.6011516025910924e-10,-2.767809893442663e-12,-0.16011516109629745,0.2655044544169213,-0.0027678099069098063,8.124635763992965e-05
0.8080864709473952,52.87464741679016,2.478908606049485,0.3805759034287276,0.40853513970063016,-0.16011516025910924,-0.0021624740008780612,0.16011516025910924,0.0021624740008780612,0.2655044637758761,5.234461717455907e-05,-0.052195104927711615,-0.04612515768647929,-1.6011516025910924e-10,-2.162474000878061e-12,-0.16011516109629745,0.2655044544169213,-0.002162474011399466,5.234460465020004e-05
0.8080864709473952,64.12007514531668,2.4574444297720435,0.3805759034287276,0.387070963423189,-0.16011516025910924,-0.001689528538629904,0.16011516025910924,0.001689528538629904,0.2655044637758761,3.3724081252943594e-05,-0.05265099516857125,-0.04408347775626227,-1.6011516025910924e-10,-1.689528538629904e-12,-0.16011516109629745,0.2655044544169213,-0.0016895285468450398,3.372409098595545e-05
0.8080864709473952,77.75719059141188,2.437107967657959,0.3805759034287276,0.36673450130910396,-0.16011516025910924,-0.0013200189605451172,0.16011516025910924,0.0013200189605451172,0.2655044637758761,2.172742332917296e-05,-0.05309034171485639,-0.04211588787263341,-1.6011516025910924e-10,-1.3200189605451172e-12,-0.16011516109629745,0.2655044544169213,-0.0013200189669490797,2.1727417870031313e-05
0.8080864709473952,94.29466005719073,2.4178399703226834,0.3805759034287276,0.34746650397382856,-0.16011516025910924,-0.0010313232457213309,0.16011516025910924,0.0010313232457213309,0.2655044637758761,1.39983331490723e-05,-0.053513423711699294,-0.0402211378991277,-1.6011516025910924e-10,-1.0313232457213309e-12,-0.16011516109629745,0.2655044544169213,-0.0010313232507332603,1.3998329124118205e-05
0.8080864709473952,114.34933345293979,2.399584301306633,0.3805759034287276,0.3292108349577785,-0.16011516025910924,-0.0008057669389278654,0.16011516025910924,0.0008057669389278654,0.2655044637758761,9.018710041393375e-06,-0.053920545624717514,-0.038397864302848264,-1.6011516025910924e-10,-8.057669389278655e-13,-0.16011516109354965,0.26550452242406725,-0.000805766942845301,9.01871520182505e-06
0.8080864709473952,138.6692528845326,2.3822877735240895,0.3805759034287276,0.31191430717523483,-0.16011516025910924,-0.0006295410896271181,0.16011516025910924,0.0006295410896271181,0.2655044637758761,5.810486859010076e-06,-0.054312034103067126,-0.03664460420311362,-1.6011516025910924e-10,-6.295410896271181e-13,-0.16011516109629745,0.2655044544169213,-0.0006295410926893784,5.810485123998944e-06
0.8080864709473952,168.16155472797897,2.3658999943049723,0.3805759034287276,0.2955265279561175,-0.16011516025910924,-0.0004918568439358354,0.16011516025910924,0.0004918568439358354,0.2655044637758761,3.7435240055142786e-06,-0.054688234967839394,-0.034959808858761605,-1.6011516025910924e-10,-4.918568439358354e-13,-0.16011516109629745,0.2655044544169213,-0.0004918568463254249,3.7435222118635078e-06
0.8080864709473952,203.9263059423702,2.3503732185780213,0.3805759034287276,0.2799997522291665,-0.16011516025910924,-0.00038428493217148603,0.16011516025910924,0.00038428493217148603,0.2655044637758761,2.4118412656128398e-06,-0.05504951033999589,-0.03334185653053724,-1.6011516025910924e-10,-3.8428493217148604e-13,-0.16011516109629745,0.2655044544169213,-0.0003842849340397061,2.411840696052486e-06
0.8080864709473952,247.29753672039521,2.335662209767639,0.3805759034287276,0.26528874341878433,-0.16011516025910924,-0.0003002396142592021,0.16011516025910924,0.0003002396142592021,0.2655044637758761,1.553877651631041e-06,-0.05539623591881984,-0.0317890646694022,-1.6011516025910924e-10,-3.002396142592021e-13,-0.16011516109629745,0.2655044544169213,-0.0003002396157147192,1.5538776233140892e-06
0.8080864709473952,299.893,2.3217241079991244,0.3805759034287276,0.25135064165026993,-0.16011516025910924,-0.00023457548923695002,0.16011516025910924,0.00023457548923695002,0.2655044637758761,1.001117192355889e-06,-0.05572879841888992,-0.030299701394909742,-1.6011516025910924e-10,-2.3457548923695e-13,-0.16011516109629745,0.2655044544169213,-0.00023457549037856227,1.0011172199867804e-06
0.9187454637439034,0.134,4.230997411710685,0.3643274430418624,2.1768724057486954,-0.1348173173784706,-4.546708768677904,0.1348173173784706,4.546708768677904,0.19662905042793435,43.4271127604176,-0.02927508261592425,-0.1439989004286586,-1.348173173784706e-10,-4.5467087686779044e-09,-0.13481731808640116,0.19662887533072254,-4.546708790758223,43.427106914354226
0.9187454637439034,0.1624992409262676,4.116625920717947,0.3643274430418624,2.0625009147559576,-0.1348173173784706,-3.552317493020029,0.1348173173784706,3.552317493020029,0.19662905042793435,27.97879817191351,-0.03008842706650161,-0.14022379182905775,-1.348173173784706e-10,-3.552317493020029e-09,-0.13481731808640116,0.19662908577629684,-3.552317510294488,27.97879732755106
0.9187454637439034,0.19705972613144151,4.008263435084163,0.3643274430418624,1.9541384291221735,-0.1348173173784706,-2.77540529055822,0.1348173173784706,2.77540529055822,0.19662905042793435,18.025908180066246,-0.03090186081369455,-0.1364482687624729,-1.348173173784706e-10,-2.77540529055822e-09,-0.13481731808640116,0.19662908577629684,-2.77540530405747,18.025907839649417
0.9187454637439034,0.23897056651863752,3.9055942454914723,0.3643274430418624,1.851469239529483,-0.1348173173784706,-2.168408241097251,0.1348173173784706,2.168408241097251,0.19662905042793435,11.613556941211405,-0.031714200449413386,-0.132677823974386,-1.348173173784706e-10,-2.168408241097251e-09,-0.13481731808640116,0.19662908577629684,-2.1684082516454217,11.613558352155893
0.9187454637439034,0.2897950422611845,3.8083192297886814,0.3643274430418624,1.7541942238266917,-0.1348173173784706,-1.6941649264899823,0.1348173173784706,1.6941649264899823,0.19662905042793435,7.482269602144617,-0.03252426892334469,-0.12891792070089245,-1.348173173784706e-10,-1.6941649264899822e-09,-0.13481731808156752,0.1966289805535097,-1.6941649347390257,7.482269392815102
0.9187454637439034,0.35142891337043375,3.716154981512079,0.3643274430418624,1.6620299755500898,-0.1348173173784706,-1.323641343798085,0.1348173173784706,1.323641343798085,0.19662905042793435,4.8206039443879165,-0.03333090234175137,-0.12517396111231852,-1.348173173784706e-10,-1.323641343798085e-09,-0.13481731808640116,0.19662908577629684,-1.3236413502298119,4.820604331385803
0.9187454637439034,0.4261711318077503,3.6288329841932194,0.3643274430418624,1.5747079782312299,-0.1348173173784706,-1.0341533929884241,0.1348173173784706,1.0341533929884241,0.19662905042793435,3.1057718612528524,-0.03413295660481597,-0.12145125550623444,-1.348173173784706e-10,-1.034153392988424e-09,-0.13481731808398434,0.19662903316490327,-1.0341533980222497,3.1057718930715947
0.9187454637439034,0.5168095927122967,3.5460988290480433,0.3643274430418624,1.491973823086054,-0.1348173173784706,-0.8079781167613735,0.1348173173784706,0.8079781167613735,0.19662905042793435,2.00095651196974,-0.034929313802808816,-0.11775499261987338,-1.348173173784706e-10,-8.079781167613735e-10,-0.13481731808640116,0.19662908577629684,-0.8079781206936961,2.0009568229279493
0.9187454637439034,0.6267251232773262,3.4677114737681194,0.3643274430418624,1.4135864678061296,-0.1348173173784706,-0.6312686701909447,0.1348173173784706,0.6312686701909447,0.19662905042793435,1.2891568156519335,-0.03571888829637806,-0.1140902114086868,-1.348173173784706e-10,-6.312686701909447e-10,-0.13481731808156752,0.1966289805535097,-0.6312686732584893,1.2891567686972332
0.9187454637439034,0.7600175880745298,3.393442540254517,0.3643274430418624,1.3393175342925274,-0.1348173173784706,-0.49320659272550027,0.1348173173784706,0.49320659272550027,0.19662905042793435,0.8305654247856867,-0.03650063241274212,-0.11046177460767533,-1.348173173784706e-10,-4.932065927255003e-10,-0.13481731808398434,0.19662903316490327,-0.49320659512027093,0.8305655331949743
0.9187454637439034,0.9216588145725657,3.3230756492483033,0.3643274430418624,1.2689506432863136,-0.1348173173784706,-0.38533948316224703,0.1348173173784706,0.38533948316224703,0.19662905042793435,0.535108620203488,-0.037273541697315976,-0.10687434435615657,-1.348173173784706e-10,-3.85339483162247e-10,-0.13481731808156752,0.1966289805535097,-0.38533948503670273,0.5351085521461122
0.9187454637439034,1.117678042992877,3.2564057899191186,0.3643274430418624,1.2022807839571288,-0.1348173173784706,-0.3010635289021562,0.1348173173784706,0.3010635289021562,0.19662905042793435,0.3447545814828088,-0.03803665966908518,-0.10333236012587027,-1.348173173784706e-10,-3.010635289021562e-10,-0.13481731808156752,0.1966289805535097,-0.3010635303668195,0.3447545850808318
0.9187454637439034,1.3553868178082003,3.1932387225751775,0.3643274430418624,1.139113716613188,-0.1348173173784706,-0.23521920902368526,0.1348173173784706,0.23521920902368526,0.19662905042793435,0.22211513133200658,-0.03878908203759449,-0.0998400191479793,-1.348173173784706e-10,-2.352192090236853e-10,-0.13481731808398434,0.19662903316490327,-0.2352192101667671,0.22211516492017613
0.9187454637439034,1.643651709367924,3.133390412754501,0.3643274430418624,1.0792654067925118,-0.1348173173784706,-0.18377541941225786,0.1348173173784706,0.18377541941225786,0.19662905042793435,0.14310217823485172,-0.03952996034946908,-0.09640125948787448,-1.348173173784706e-10,-1.8377541941225786e-10,-0.13481731808640116,0.19662908577629684,-0.18377542030601993,0.14310219493794196
0.9187454637439034,1.99322503820485,3.076686495048636,0.3643274430418624,1.0225614890866463,-0.1348173173784706,-0.14358268153495263,0.1348173173784706,0.14358268153495263,0.19662905042793435,0.09219648068437712,-0.04025850504265758,-0.09301974586901701,-1.348173173784706e-10,-1.4358268153495262e-10,-0.13481731808398434,0.19662903316490327,-0.14358268223368859,0.09219648562739743
0.9187454637439034,2.4171459380859606,3.022961765096735,0.3643274430418624,0.9688367591347453,-0.1348173173784706,-0.11218032587111348,0.1348173173784706,0.11218032587111348,0.19662905042793435,0.059399452582997524,-0.040973987896809665,-0.08969885829960021,-1.348173173784706e-10,-1.1218032587111349e-10,-0.13481731808398434,0.19662903316490327,-0.11218032641640963,0.05939945436273851
0.9187454637439034,2.931226717514774,2.9720596982699456,0.3643274430418624,0.9179346923079563,-0.1348173173784706,-0.08764584543217176,0.1348173173784706,0.08764584543217176,0.19662905042793435,0.03826930204894082,-0.04167574387812374,-0.08644168350975617,-1.348173173784706e-10,-8.764584543217176e-11,-0.13481731808640116,0.19662908577629684,-0.08764584585787111,0.03826931210776653
0.9187454637439034,3.554642661036909,2.923831993643816,0.3643274430418624,0.8697069876818265,-0.1348173173784706,-0.06847719653039638,0.1348173173784706,0.06847719653039638,0.19662905042793435,0.024655774011834514,-0.0423631723863957,-0.08325100916342469,-1.348173173784706e-10,-6.847719653039638e-11,-0.13481731808398434,0.19662903316490327,-0.06847719686356152,0.02465577681876911
0.9187454637439034,4.310647270019593,2.8781381419300947,0.3643274430418624,0.8240131359681051,-0.1348173173784706,-0.053500841044329936,0.1348173173784706,0.053500841044329936,0.19662905042793435,0.01588498246833012,-0.0430357379206715,-0.08012932076875082,-1.348173173784706e-10,-5.350084104432994e-11,-0.13481731808398434,0.19662903316490327,-0.053500841304948546,0.01588498285887406
0.9187454637439034,5.227439621485609,2.8348450161091256,0.3643274430418624,0.7807200101471361,-0.1348173173784706,-0.04179990036800194,0.1348173173784706,0.04179990036800194,0.19662905042793435,0.010234222129795554,-0.04369297018769507,-0.07707880117472812,-1.348173173784706e-10,-4.179990036800194e-11,-0.13481731808398434,0.19662903316490327,-0.04179990057114122,0.010234223536502704
0.9187454637439034,6.339216197606768,2.793826483570154,0.3643274430418624,0.7397014776081641,-0.1348173173784706,-0.032658022503368904,0.1348173173784706,0.032658022503368904,0.19662905042793435,0.006593605174624262,-0.04433446368412656,-0.0741013325103173,-1.348173173784706e-10,-3.2658022503368906e-11,-0.13481731808156752,0.1966289805535097,-0.03265802266242773,0.006593604414567962
0.9187454637439034,7.687446419243286,2.7549630386295303,0.3643274430418624,0.7008380326675407,-0.1348173173784706,-0.025515525741467954,0.1348173173784706,0.025515525741467954,0.19662905042793435,0.004248063863325616,-0.044959876789203004,-0.07119850039582858,-1.348173173784706e-10,-2.5515525741467955e-11,-0.13481731808398434,0.19662903316490327,-0.025515525865501744,0.004248063454870414
0.9187454637439034,9.322419461107367,2.7181414543561813,0.3643274430418624,0.6640164483941917,-0.1348173173784706,-0.019935133971946847,0.1348173173784706,0.019935133971946847,0.19662905042793435,0.0027369013019378032,-0.045568930409079875,-0.06837160023516098,-1.348173173784706e-10,-1.9935133971946848e-11,-0.13481731808398434,0.19662903316490327,-0.019935134068892982,0.002736900589573992
0.9187454637439034,11.305120044971734,2.6832544526899413,0.3643274430418624,0.6291294467279519,-0.1348173173784706,-0.01557520587685156,0.1348173173784706,0.01557520587685156,0.19662905042793435,0.0017633041728060922,-0.04616140621752086,-0.06562164538157673,-1.348173173784706e-10,-1.557520587685156e-11,-0.13481731808398434,0.19662903316490327,-0.015575205952653394,0.0017633045493487855
0.9187454637439034,13.709503178270442,2.650200391891663,0.3643274430418624,0.5960753859296735,-0.1348173173784706,-0.012168819053219565,0.1348173173784706,0.012168819053219565,0.19662905042793435,0.0011360444761504365,-0.04673714453991951,-0.06294937695893726,-1.348173173784706e-10,-1.2168819053219565e-11,-0.13481731808398434,0.19662903316490327,-0.012168819112499304,0.001136044416895034
0.9187454637439034,16.625252686158202,2.618882970414495,0.3643274430418624,0.5647579644525057,-0.1348173173784706,-0.009507428557980204,0.1348173173784706,0.009507428557980204,0.19662905042793435,0.0007319196946821074,-0.0472960419288946,-0.06035527511448922,-1.348173173784706e-10,-9.507428557980204e-12,-0.13481731808398434,0.19662903316490327,-0.009507428604153944,0.000731919756892843
0.9187454637439034,20.161126430657447,2.5892109463335795,0.3643274430418624,0.5350859403715899,-0.1348173173784706,-0.0074280994227769615,0.1348173173784706,0.0074280994227769615,0.19662905042793435,0.00047155410788037716,-0.04783804847997665,-0.05783957147800727,-1.348173173784706e-10,-7.428099422776961e-12,-0.13481731808398434,0.19662903316490327,-0.007428099458894082,0.0004715539953984351
0.9187454637439034,24.44901299403245,2.561097871516729,0.3643274430418624,0.5069728655547395,-0.1348173173784706,-0.005803531490998793,0.1348173173784706,0.005803531490998793,0.19662905042793435,0.00030380829792459155,-0.048363164935293225,-0.05540226260493347,-1.348173173784706e-10,-5.803531490998793e-12,-0.13481731808398434,0.19662903316490327,-0.005803531519205938,0.0003038082833871013
0.9187454637439034,29.648851141244215,2.534461839761614,0.3643274430418624,0.48033683379962433,-0.1348173173784706,-0.004534265880143972,0.1348173173784706,0.004534265880143972,0.19662905042793435,0.00019573465768906405,-0.04887143962177085,-0.05304312418760112,-1.348173173784706e-10,-4.534265880143972e-12,-0.13481731808398434,0.19662903316490327,-0.004534265902232987,0.0001957346353651098
0.9187454637439034,35.95459555812005,2.509225248165654,0.3643274430418624,0.45510024220366474,-0.1348173173784706,-0.00354259593554811,0.1348173173784706,0.00354259593554811,0.19662905042793435,0.00012610602304932608,-0.049362965268319674,-0.050761725828156225,-1.348173173784706e-10,-3.5425959355481098e-12,-0.13481731808640116,0.19662908577629684,-0.0035425959527162127,0.0001261060639292479
0.9187454637439034,43.601451388100436,2.4853145710333915,0.3643274430418624,0.431189565071402,-0.1348173173784706,-0.002767809893442663,0.1348173173784706,0.002767809893442663,0.19662905042793435,8.124636299504802e-05,-0.0498378757438701,-0.0485574461788412,-1.348173173784706e-10,-2.767809893442663e-12,-0.13481731808398434,0.19662903316490327,-0.0027678099069098063,8.124635763992965e-05
0.9187454637439034,52.87464741679016,2.46266014566262,0.3643274430418624,0.40853513970063016,-0.1348173173784706,-0.0021624740008780612,0.1348173173784706,0.0021624740008780612,0.19662905042793435,5.234461717455907e-05,-0.05029634275510827,-0.04642948826933566,-1.348173173784706e-10,-2.162474000878061e-12,-0.13481731808398434,0.19662903316490327,-0.002162474011399466,5.234460465020004e-05
0.9187454637439034,64.12007514531668,2.4411959693851784,0.3643274430418624,0.387070963423189,-0.1348173173784706,-0.001689528538629904,0.1348173173784706,0.001689528538629904,0.19662905042793435,3.3724081252943594e-05,-0.05073857253942098,-0.044376894856331575,-1.348173173784706e-10,-1.689528538629904e-12,-0.13481731808398434,0.19662903316490327,-0.0016895285468450398,3.372409098595545e-05
0.9187454637439034,77.75719059141188,2.4208595072710937,0.3643274430418624,0.36673450130910396,-0.1348173173784706,-0.0013200189605451172,0.1348173173784706,0.0013200189605451172,0.19662905042793435,2.172742332917296e-05,-0.05116480258501905,-0.042398563646960985,-1.348173173784706e-10,-1.3200189605451172e-12,-0.13481731808398434,0.19662903316490327,-0.0013200189669490797,2.1727417870031313e-05
0.9187454637439034,94.29466005719073,2.4015915099358183,0.3643274430418624,0.34746650397382856,-0.1348173173784706,-0.0010313232457213309,0.1348173173784706,0.0010313232457213309,0.19662905042793435,1.39983331490723e-05,-0.051575298406556315,-0.040493262264643164,-1.348173173784706e-10,-1.0313232457213309e-12,-0.13481731808398434,0.19662903316490327,-0.0010313232507332603,1.3998329124118205e-05
0.9187454637439034,114.34933345293979,2.3833358409197682,0.3643274430418624,0.3292108349577785,-0.1348173173784706,-0.0008057669389278654,0.1348173173784706,0.0008057669389278654,0.19662905042793435,9.018710041393375e-06,-0.051970350400886565,-0.03865964284297388,-1.348173173784706e-10,-8.057669389278655e-13,-0.13481731808156752,0.1966289805535097,-0.000805766942845301,9.018708409273517e-06
0.9187454637439034,138.6692528845326,2.3660393131372244,0.3643274430418624,0.31191430717523483,-0.1348173173784706,-0.0006295410896271181,0.1348173173784706,0.0006295410896271181,0.19662905042793435,5.810486859010076e-06,-0.05235027080397808,-0.0368962561500955,-1.348173173784706e-10,-6.295410896271181e-13,-0.13481731808398434,0.19662903316490327,-0.0006295410926893784,5.810485123998944e-06
0.9187454637439034,168.16155472797897,2.349651533918107,0.3643274430418624,0.2955265279561175,-0.1348173173784706,-0.0004918568439358354,0.1348173173784706,0.0004918568439358354,0.19662905042793435,3.7435240055142786e-06,-0.05271539076649695,-0.035201565162270465,-1.348173173784706e-10,-4.918568439358354e-13,-0.13481731808398434,0.19662903316490327,-0.0004918568463254249,3.7435222118635078e-06
0.9187454637439034,203.9263059423702,2.334124758191156,0.3643274430418624,0.2799997522291665,-0.1348173173784706,-0.00038428493217148603,0.1348173173784706,0.00038428493217148603,0.19662905042793435,2.4118412656128398e-06,-0.053066057562227396,-0.03357395802089666,-1.348173173784706e-10,-3.8428493217148604e-13,-0.13481731808398434,0.19662903316490327,-0.0003842849340397061,2.411840696052486e-06
0.9187454637439034,247.29753672039521,2.319413749380774,0.3643274430418624,0.26528874341878433,-0.1348173173784706,-0.0003002396142592021,0.1348173173784706,0.0003002396142592021,0.19662905042793435,1.553877651631041e-06,-0.05340263194036006,-0.03201176032176443,-1.348173173784706e-10,-3.002396142592021e-13,-0.13481731808398434,0.19662903316490327,-0.0003002396157147192,1.5538776233140892e-06
0.9187454637439034,299.893,2.3054756476122593,0.3643274430418624,0.25135064165026993,-0.1348173173784706,-0.00023457548923695002,0.1348173173784706,0.00023457548923695002,0.19662905042793435,1.001117192355889e-06,-0.05372548562977645,-0.030513246698829533,-1.348173173784706e-10,-2.3457548923695e-13,-0.13481731808398434,0.19662903316490327,-0.00023457549037856227,1.0011172199867804e-06
1.0445580485469468,0.134,4.215442669613824,0.34877270094500173,2.1768724057486954,-0.11351647798818117,-4.546708768677904,0.11351647798818117,4.546708768677904,0.14562084163235867,43.4271127604176,-0.028128611872716924,-0.1445302481266228,-1.1351647798818116e-10,-4.5467087686779044e-09,-0.11351647858298292,0.14562092715690106,-4.546708790791364,43.42711186077002
1.0445580485469468,0.1624992409262676,4.101071178621087,0.34877270094500173,2.0625009147559576,-0.11351647798818117,-3.552317493020029,0.11351647798818117,3.552317493020029,0.14562084163235867,27.97879817191351,-0.02891306821090717,-0.14075563944221675,-1.1351647798818116e-10,-3.552317493020029e-09,-0.11351647857873147,0.14562084575490444,-3.5523175103218168,27.978793964003728
1.0445580485469468,0.19705972613144151,3.9927086929873026,0.34877270094500173,1.9541384291221735,-0.11351647798818117,-2.77540529055822,0.11351647798818117,2.77540529055822,0.14562084163235867,18.025908180066246,-0.02969777157384871,-0.1369798421361806,-1.1351647798818116e-10,-2.77540529055822e-09,-0.11351647857873147,0.14562084575490444,-2.77540530405747,18.025907839649417
1.0445580485469468,0.23897056651863752,3.890039503394612,0.34877270094500173,1.851469239529483,-0.11351647798818117,-2.168408241097251,0.11351647798818117,2.168408241097251,0.14562084163235867,11.613556941211405,-0.03048158010266575,-0.13320835054926863,-1.1351647798818116e-10,-2.168408241097251e-09,-0.11351647857873147,0.14562084575490444,-2.16840825163613,11.613556019220834
1.0445580485469468,0.2897950422611845,3.7927644876918203,0.34877270094500173,1.7541942238266917,-0.11351647798818117,-1.6941649264899823,0.11351647798818117,1.6941649264899823,0.14562084163235867,7.482269602144617,-0.03126335713964101,-0.1294466339955548,-1.1351647798818116e-10,-1.6941649264899822e-09,-0.11351647858298292,0.14562092715690106,-1.6941649347237013,7.4822704504074835
1.0445580485469468,0.35142891337043375,3.700600239415219,0.34877270094500173,1.6620299755500898,-0.11351647798818117,-1.323641343798085,0.11351647798818117,1.323641343798085,0.14562084163235867,4.8206039443879165,-0.03204197780195639,-0.1257001051312283,-1.1351647798818116e-10,-1.323641343798085e-09,-0.11351647857873147,0.14562084575490444,-1.3236413502361302,4.820603252646514
1.0445580485469468,0.4261711318077503,3.6132782420963587,0.34877270094500173,1.5747079782312299,-0.11351647798818117,-1.0341533929884241,0.11351647798818117,1.0341533929884241,0.14562084163235867,3.1057718612528524,-0.03281633541082132,-0.12197408901922827,-1.1351647798818116e-10,-1.034153392988424e-09,-0.11351647858085719,0.14562088645590274,-1.0341533980170396,3.105772137584714
1.0445580485469468,0.5168095927122967,3.530544086951183,0.34877270094500173,1.491973823086054,-0.11351647798818117,-0.8079781167613735,0.11351647798818117,0.8079781167613735,0.14562084163235867,2.00095651196974,-0.033585347698533496,-0.1182737932624116,-1.1351647798818116e-10,-8.079781167613735e-10,-0.11351647857873147,0.14562084575490444,-0.8079781206893998,2.0009563241234716
1.0445580485469468,0.6267251232773262,3.4521567316712582,0.34877270094500173,1.4135864678061296,-0.11351647798818117,-0.6312686701909447,0.11351647798818117,0.6312686701909447,0.14562084163235867,1.2891568156519335,-0.034347962720641785,-0.11460427955569684,-1.1351647798818116e-10,-6.312686701909447e-10,-0.11351647858298292,0.14562092715690106,-0.6312686732584893,1.2891567686972332
1.0445580485469468,0.7600175880745298,3.3778877981576563,0.34877270094500173,1.3393175342925274,-0.11351647798818117,-0.49320659272550027,0.11351647798818117,0.49320659272550027,0.14562084163235867,0.8305654247856867,-0.03510316440644626,-0.11097043697843882,-1.1351647798818116e-10,-4.932065927255003e-10,-0.11351647858085719,0.14562088645590274,-0.4932065951261141,0.8305655331949743
1.0445580485469468,0.9216588145725657,3.307520907151442,0.34877270094500173,1.2689506432863136,-0.11351647798818117,-0.38533948316224703,0.11351647798818117,0.38533948316224703,0.14562084163235867,0.535108620203488,-0.035849977688388275,-0.10737695731308051,-1.1351647798818116e-10,-3.85339483162247e-10,-0.11351647858298292,0.14562092715690106,-0.38533948503429355,0.5351087089840466
1.0445580485469468,1.117678042992877,3.2408510478222574,0.34877270094500173,1.2022807839571288,-0.11351647798818117,-0.3010635289021562,0.11351647798818117,0.3010635289021562,0.14562084163235867,0.3447545814828088,-0.036587473159229285,-0.10382831263596726,-1.1351647798818116e-10,-3.010635289021562e-10,-0.11351647858298292,0.14562092715690106,-0.30106353036483285,0.34475462063060075
1.0445580485469468,1.3553868178082003,3.177683980478317,0.34877270094500173,1.139113716613188,-0.11351647798818117,-0.23521920902368526,0.11351647798818117,0.23521920902368526,0.14562084163235867,0.22211513133200658,-0.03731477121504344,-0.10032873538229743,-1.1351647798818116e-10,-2.352192090236853e-10,-0.11351647858085719,0.14562088645590274,-0.2352192101667671,0.2221151165727118
1.0445580485469468,1.643651709367924,3.117835670657641,0.34877270094500173,1.0792654067925118,-0.11351647798818117,-0.18377541941225786,0.11351647798818117,0.18377541941225786,0.14562084163235867,0.14310217823485172,-0.03803104565169279,-0.09688220104077874,-1.1351647798818116e-10,-1.8377541941225786e-10,-0.11351647857873147,0.14562084575490444,-0.18377542030737085,0.1431021456237542
1.0445580485469468,1.99322503820485,3.061131752951775,0.34877270094500173,1.0225614890866463,-0.11351647798818117,-0.14358268153495263,0.11351647798818117,0.14358268153495263,0.14562084163235867,0.09219648068437712,-0.03873552669234782,-0.09349241358595303,-1.1351647798818116e-10,-1.4358268153495262e-10,-0.11351647858085719,0.14562088645590274,-0.1435826822325746,0.09219647444956608
1.0445580485469468,2.4171459380859606,3.007407022999874,0.34877270094500173,0.9688367591347453,-0.11351647798818117,-0.11218032587111348,0.11351647798818117,0.11218032587111348,0.14562084163235867,0.059399452582997524,-0.039427503433499135,-0.09016279370859628,-1.1351647798818116e-10,-1.1218032587111349e-10,-0.11351647858085719,0.14562088645590274,-0.11218032641640963,0.05939945436273851
1.0445580485469468,2.931226717514774,2.9565049561730854,0.34877270094500173,0.9179346923079563,-0.11351647798818117,-0.08764584543217176,0.11351647798818117,0.08764584543217176,0.14562084163235867,0.03826930204894082,-0.04010632570653304,-0.08689646985828071,-1.1351647798818116e-10,-8.764584543217176e-11,-0.11351647857873147,0.14562084575490444,-0.08764584585862861,0.03826929660202091
1.0445580485469468,3.554642661036909,2.9082772515469553,0.34877270094500173,0.8697069876818265,-0.11351647798818117,-0.06847719653039638,0.11351647798818117,0.06847719653039638,0.14562084163235867,0.024655774011834514,-0.04077140536108977,-0.08369627206817411,-1.1351647798818116e-10,-6.847719653039638e-11,-0.11351647858085719,0.14562088645590274,-0.06847719686356152,0.02465577681876911
1.0445580485469468,4.310647270019593,2.862583399833234,0.34877270094500173,0.8240131359681051,-0.11351647798818117,-0.053500841044329936,0.11351647798818117,0.053500841044329936,0.14562084163235867,0.01588498246833012,-0.041422216984897196,-0.08056472849137897,-1.1351647798818116e-10,-5.350084104432994e-11,-0.11351647858085719,0.14562088645590274,-0.05350084130443344,0.015884980468943696
1.0445580485469468,5.227439621485609,2.819290274012265,0.34877270094500173,0.7807200101471361,-0.11351647798818117,-0.04179990036800194,0.11351647798818117,0.04179990036800194,0.14562084163235867,0.010234222129795554,-0.04205829808241346,-0.07750406454134906,-1.1351647798818116e-10,-4.179990036800194e-11,-0.11351647858085719,0.14562088645590274,-0.04179990057156598,0.0102342219113575
1.0445580485469468,6.339216197606768,2.7782717414732927,0.34877270094500173,0.7397014776081641,-0.11351647798818117,-0.032658022503368904,0.11351647798818117,0.032658022503368904,0.14562084163235867,0.006593605174624262,-0.042679248741297686,-0.07451620449674887,-1.1351647798818116e-10,-3.2658022503368906e-11,-0.11351647858298292,0.14562092715690106,-0.03265802266242773,0.006593606624755315
1.0445580485469468,7.687446419243286,2.7394082965326696,0.34877270094500173,0.7008380326675407,-0.11351647798818117,-0.025515525741467954,0.11351647798818117,0.025515525741467954,0.14562084163235867,0.004248063863325616,-0.04328473082137461,-0.07160277540395427,-1.1351647798818116e-10,-2.5515525741467955e-11,-0.11351647858085719,0.14562088645590274,-0.025515525865501744,0.004248063454870414
1.0445580485469468,9.322419461107367,2.7025867122593206,0.34877270094500173,0.6640164483941917,-0.11351647798818117,-0.019935133971946847,0.11351647798818117,0.019935133971946847,0.14562084163235867,0.0027369013019378032,-0.04387446670531821,-0.06876511308845201,-1.1351647798818116e-10,-1.9935133971946848e-11,-0.11351647858085719,0.14562088645590274,-0.019935134068892982,0.0027369016115552625
1.0445580485469468,11.305120044971734,2.6676997105930806,0.34877270094500173,0.6291294467279519,-0.11351647798818117,-0.01557520587685156,0.11351647798818117,0.01557520587685156,0.14562084163235867,0.0017633041728060922,-0.044448237653740855,-0.06600427006974119,-1.1351647798818116e-10,-1.557520587685156e-11,-0.11351647858085719,0.14562088645590274,-0.015575205952653394,0.0017633045493487855
1.0445580485469468,13.709503178270442,2.6346456497948023,0.34877270094500173,0.5960753859296735,-0.11351647798818117,-0.012168819053219565,0.11351647798818117,0.012168819053219565,0.14562084163235867,0.0011360444761504365,-0.04500588180975763,-0.06332102516287337,-1.1351647798818116e-10,-1.2168819053219565e-11,-0.11351647858085719,0.14562088645590274,-0.01216881911233734,0.0011360446531749392
1.0445580485469468,16.625252686158202,2.6033282283176344,0.34877270094500173,0.5647579644525057,-0.11351647798818117,-0.009507428557980204,0.11351647798818117,0.009507428557980204,0.14562084163235867,0.0007319196946821074,-0.045547291899448325,-0.060715894543257,-1.1351647798818116e-10,-9.507428557980204e-12,-0.11351647858085719,0.14562088645590274,-0.009507428604153944,0.000731919756892843
1.0445580485469468,20.161126430657447,2.573656204236719,0.34877270094500173,0.5350859403715899,-0.11351647798818117,-0.0074280994227769615,0.11351647798818117,0.0074280994227769615,0.14562084163235867,0.00047155410788037716,-0.04607241267503449,-0.05818914404945341,-1.1351647798818116e-10,-7.428099422776961e-12,-0.11351647858085719,0.14562088645590274,-0.007428099458894082,0.0004715539953984351
1.0445580485469468,24.44901299403245,2.5455431294198685,0.34877270094500173,0.5069728655547395,-0.11351647798818117,-0.005803531490998793,0.11351647798818117,0.005803531490998793,0.14562084163235867,0.00030380829792459155,-0.04658123814711409,-0.05574080250097471,-1.1351647798818116e-10,-5.803531490998793e-12,-0.11351647858085719,0.14562088645590274,-0.005803531519205938,0.0003038082833871013
1.0445580485469468,29.648851141244215,2.518907097664753,0.34877270094500173,0.48033683379962433,-0.11351647798818117,-0.004534265880143972,0.11351647798818117,0.004534265880143972,0.14562084163235867,0.00019573465768906405,-0.047073808651055815,-0.05337067581406436,-1.1351647798818116e-10,-4.534265880143972e-12,-0.11351647858085719,0.14562088645590274,-0.004534265902158096,0.00019573468588407917
1.0445580485469468,35.95459555812005,2.493670506068794,0.34877270094500173,0.45510024220366474,-0.11351647798818117,-0.00354259593554811,0.11351647798818117,0.00354259593554811,0.14562084163235867,0.00012610602304932608,-0.04755020779075846,-0.05107836170756648,-1.1351647798818116e-10,-3.5425959355481098e-12,-0.11351647857873147,0.14562084575490444,-0.0035425959527779697,0.00012610596087102245
1.0445580485469468,43.601451388100436,2.469759828936531,0.34877270094500173,0.431189565071402,-0.11351647798818117,-0.002767809893442663,0.11351647798818117,0.002767809893442663,0.14562084163235867,8.124636299504802e-05,-0.048010559300543286,-0.04886326480271902,-1.1351647798818116e-10,-2.767809893442663e-12,-0.11351647858085719,0.14562088645590274,-0.0027678099069098063,8.124635763992965e-05
1.0445580485469468,52.87464741679016,2.447105403565759,0.34877270094500173,0.40853513970063016,-0.11351647798818117,-0.0021624740008780612,0.11351647798818117,0.0021624740008780612,0.14562084163235867,5.234461717455907e-05,-0.04845502386308249,-0.04672461193448976,-1.1351647798818116e-10,-2.162474000878061e-12,-0.11351647858085719,0.14562088645590274,-0.002162474011399466,5.234460465020004e-05
1.0445580485469468,64.12007514531668,2.4256412272883177,0.34877270094500173,0.387070963423189,-0.11351647798818117,-0.001689528538629904,0.11351647798818117,0.001689528538629904,0.14562084163235867,3.3724081252943594e-05,-0.04888379591808566,-0.04466146750738328,-1.1351647798818116e-10,-1.689528538629904e-12,-0.11351647858085719,0.14562088645590274,-0.0016895285468450398,3.372409098595545e-05
1.0445580485469468,77.75719059141188,2.405304765174233,0.34877270094500173,0.36673450130910396,-0.11351647798818117,-0.0013200189605451172,0.11351647798818117,0.0013200189605451172,0.14562084163235867,2.172742332917296e-05,-0.0492971004930711,-0.04267274874498038,-1.1351647798818116e-10,-1.3200189605451172e-12,-0.11351647858085719,0.14562088645590274,-0.0013200189669490797,2.1727417870031313e-05
1.0445580485469468,94.29466005719073,2.3860367678389576,0.34877270094500173,0.34746650397382856,-0.11351647798818117,-0.0010313232457213309,0.11351647798818117,0.0010313232457213309,0.14562084163235867,1.39983331490723e-05,-0.04969519008403645,-0.04075724069937514,-1.1351647798818116e-10,-1.0313232457213309e-12,-0.11351647858085719,0.14562088645590274,-0.0010313232507332603,1.3998329124118205e-05
1.0445580485469468,114.34933345293979,2.367781098822907,0.34877270094500173,0.3292108349577785,-0.11351647798818117,-0.0008057669389278654,0.11351647798818117,0.0008057669389278654,0.14562084163235867,9.018710041393375e-06,-0.05007834161029658,-0.03891361090373683,-1.1351647798818116e-10,-8.057669389278655e-13,-0.11351647858298292,0.14562092715690106,-0.000805766942845301,9.01871520182505e-06
1.0445580485469468,138.6692528845326,2.3504845710403637,0.34877270094500173,0.31191430717523483,-0.11351647798818117,-0.0006295410896271181,0.11351647798818117,0.0006295410896271181,0.14562084163235867,5.810486859010076e-06,-0.050446853464251366,-0.03714042356809324,-1.1351647798818116e-10,-6.295410896271181e-13,-0.11351647858085719,0.14562088645590274,-0.0006295410926893784,5.810485123998944e-06
1.0445580485469468,168.16155472797897,2.3340967918212465,0.34877270094500173,0.2955265279561175,-0.11351647798818117,-0.0004918568439358354,0.11351647798818117,0.0004918568439358354,0.14562084163235867,3.7435240055142786e-06,-0.050801042673442744,-0.035436153234806096,-1.1351647798818116e-10,-4.918568439358354e-13,-0.11351647858085719,0.14562088645590274,-0.0004918568463254249,3.7435222118635078e-06
1.0445580485469468,203.9263059423702,2.3185700160942955,0.34877270094500173,0.2799997522291665,-0.11351647798818117,-0.00038428493217148603,0.11351647798818117,0.00038428493217148603,0.14562084163235867,2.4118412656128398e-06,-0.05114124218901076,-0.03379919782584574,-1.1351647798818116e-10,-3.8428493217148604e-13,-0.11351647858085719,0.14562088645590274,-0.0003842849340397061,2.411840696052486e-06
1.0445580485469468,247.29753672039521,2.303859007283913,0.34877270094500173,0.26528874341878433,-0.11351647798818117,-0.0003002396142592021,0.11351647798818117,0.0003002396142592021,0.14562084163235867,1.553877651631041e-06,-0.05146779831160239,-0.03222789102867717,-1.1351647798818116e-10,-3.002396142592021e-13,-0.11351647858085719,0.14562088645590274,-0.0003002396157147192,1.5538776233140892e-06
1.0445580485469468,299.893,2.2899209055153986,0.34877270094500173,0.25135064165026993,-0.11351647798818117,-0.00023457548923695002,0.11351647798818117,0.00023457548923695002,0.14562084163235867,1.001117192355889e-06,-0.051781068262953416,-0.03072051398120379,-1.1351647798818116e-10,-2.3457548923695e-13,-0.11351647858085719,0.14562088645590274,-0.00023457549037856227,1.0011172199867804e-06
1.1875993513349699,0.134,4.200552027919832,0.3338820592510087,2.1768724057486954,-0.09558112433484021,-4.546708768677904,0.09558112433484021,4.546708768677904,0.10784484526353531,43.4271127604176,-0.02702313422270263,-0.14504259700945835,-9.558112433484021e-11,-4.5467087686779044e-09,-0.09558112483138571,0.10784475017951062,-4.546708790758223,43.427106914354226
1.1875993513349699,0.1624992409262676,4.086180536927094,0.3338820592510087,2.0625009147559576,-0.09558112433484021,-3.552317493020029,0.09558112433484021,3.552317493020029,0.10784484526353531,27.97879817191351,-0.02777950710550033,-0.1412685736541053,-9.558112433484021e-11,-3.552317493020029e-09,-0.09558112483512511,0.10784481315337048,-3.552317510294488,27.97879732755106
1.1875993513349699,0.19705972613144151,3.9778180512933092,0.3338820592510087,1.9541384291221735,-0.09558112433484021,-2.77540529055822,0.09558112433484021,2.77540529055822,0.10784484526353531,18.025908180066246,-0.02853626782225927,-0.13749261514948785,-9.558112433484021e-11,-2.77540529055822e-09,-0.09558112483138571,0.10784487612723034,-2.775405304046202,18.02590898325027
1.1875993513349699,0.23897056651863752,3.8751488617006187,0.3338820592510087,1.851469239529483,-0.09558112433484021,-2.168408241097251,0.09558112433484021,2.168408241097251,0.10784484526353531,11.613556941211405,-0.029292315033830285,-0.13372021677414614,-9.558112433484021e-11,-2.168408241097251e-09,-0.09558112483138571,0.10784487612723034,-2.1684082516454217,11.613558352155893
1.1875993513349699,0.2897950422611845,3.777873845997828,0.3338820592510087,1.7541942238266917,-0.09558112433484021,-1.6941649264899823,0.09558112433484021,1.6941649264899823,0.10784484526353531,7.482269602144617,-0.030046551549140484,-0.12995685310924046,-9.558112433484021e-11,-1.6941649264899822e-09,-0.09558112483512511,0.10784481315337048,-1.6941649347390257,7.482269392815102
1.1875993513349699,0.35142891337043375,3.6857095977212255,0.3338820592510087,1.6620299755500898,-0.09558112433484021,-1.323641343798085,0.09558112433484021,1.323641343798085,0.10784484526353531,4.8206039443879165,-0.030797890677579372,-0.12620794634247395,-9.558112433484021e-11,-1.323641343798085e-09,-0.09558112483138571,0.10784487612723034,-1.3236413502298119,4.820604331385803
1.1875993513349699,0.4261711318077503,3.598387600402366,0.3338820592510087,1.5747079782312299,-0.09558112433484021,-1.0341533929884241,0.09558112433484021,1.0341533929884241,0.10784484526353531,3.1057718612528524,-0.031545262452335764,-0.12247883521592298,-9.558112433484021e-11,-1.034153392988424e-09,-0.09558112483325541,0.10784484464030042,-1.0341533980222497,3.1057718930715947
1.1875993513349699,0.5168095927122967,3.5156534452571897,0.3338820592510087,1.491973823086054,-0.09558112433484021,-0.8079781167613735,0.09558112433484021,0.8079781167613735,0.10784484526353531,2.00095651196974,-0.03228761964950141,-0.11877474499291733,-9.558112433484021e-11,-8.079781167613735e-10,-0.09558112483138571,0.10784487612723034,-0.8079781206936961,2.0009568229279493
1.1875993513349699,0.6267251232773262,3.437266089977266,0.3338820592510087,1.4135864678061296,-0.09558112433484021,-0.6312686701909447,0.09558112433484021,0.6312686701909447,0.10784484526353531,1.2891568156519335,-0.0330239435320162,-0.11510075879785912,-9.558112433484021e-11,-6.312686701909447e-10,-0.09558112483512511,0.10784481315337048,-0.6312686732584893,1.2891567686972332
1.1875993513349699,0.7600175880745298,3.3629971564636634,0.3338820592510087,1.3393175342925274,-0.09558112433484021,-0.49320659272550027,0.09558112433484021,0.49320659272550027,0.10784484526353531,0.8305654247856867,-0.03375324925320074,-0.11146179065457731,-9.558112433484021e-11,-4.932065927255003e-10,-0.09558112483325541,0.10784484464030042,-0.49320659512027093,0.8305655331949743
1.1875993513349699,0.9216588145725657,3.2926302654574497,0.3338820592510087,1.2689506432863136,-0.09558112433484021,-0.38533948316224703,0.09558112433484021,0.38533948316224703,0.10784484526353531,0.535108620203488,-0.03447459086152601,-0.10786256051436131,-9.558112433484021e-11,-3.85339483162247e-10,-0.09558112483512511,0.10784481315337048,-0.38533948503670273,0.5351085521461122
1.1875993513349699,1.117678042992877,3.225960406128265,0.3338820592510087,1.2022807839571288,-0.09558112433484021,-0.3010635289021562,0.09558112433484021,0.3010635289021562,0.10784484526353531,0.3447545814828088,-0.03518706585619826,-0.10430757152526329,-9.558112433484021e-11,-3.010635289021562e-10,-0.09558112483512511,0.10784481315337048,-0.3010635303668195,0.3447545850808318
1.1875993513349699,1.3553868178082003,3.162793338784324,0.3338820592510087,1.139113716613188,-0.09558112433484021,-0.23521920902368526,0.09558112433484021,0.23521920902368526,0.10784484526353531,0.22211513133200658,-0.035889819251849614,-0.10080108975078218,-9.558112433484021e-11,-2.352192090236853e-10,-0.09558112483325541,0.10784484464030042,-0.2352192101667671,0.22211516492017613
1.1875993513349699,1.643651709367924,3.1029450289636475,0.3338820592510087,1.0792654067925118,-0.09558112433484021,-0.18377541941225786,0.09558112433484021,0.18377541941225786,0.10784484526353531,0.14310217823485172,-0.03658204711987284,-0.09734712649990153,-9.558112433484021e-11,-1.8377541941225786e-10,-0.09558112483138571,0.10784487612723034,-0.18377542030601993,0.14310219493794196
1.1875993513349699,1.99322503820485,3.0462411112577823,0.3338820592510087,1.0225614890866463,-0.09558112433484021,-0.14358268153495263,0.09558112433484021,0.14358268153495263,0.10784484526353531,0.09219648068437712,-0.03726299958346193,-0.09394942338293533,-9.558112433484021e-11,-1.4358268153495262e-10,-0.09558112483325541,0.10784484464030042,-0.14358268223368859,0.09219648562739743
1.1875993513349699,2.4171459380859606,2.9925163813058813,0.3338820592510087,0.9688367591347453,-0.09558112433484021,-0.11218032587111348,0.09558112433484021,0.11218032587111348,0.10784484526353531,0.059399452582997524,-0.03793198325296675,-0.09061144016000125,-9.558112433484021e-11,-1.1218032587111349e-10,-0.09558112483325541,0.10784484464030042,-0.11218032641640963,0.05939945436273851
1.1875993513349699,2.931226717514774,2.941614314479092,0.3338820592510087,0.9179346923079563,-0.09558112433484021,-0.08764584543217176,0.09558112433484021,0.08764584543217176,0.10784484526353531,0.03826930204894082,-0.0385883630975002,-0.08733634540238708,-9.558112433484021e-11,-8.764584543217176e-11,-0.09558112483138571,0.10784487612723034,-0.08764584585787111,0.03826931210776653
1.1875993513349699,3.554642661036909,2.8933866098529624,0.3338820592510087,0.8697069876818265,-0.09558112433484021,-0.06847719653039638,0.09558112433484021,0.06847719653039638,0.10784484526353531,0.024655774011834514,-0.03923156375763136,-0.08412700994269322,-9.558112433484021e-11,-6.847719653039638e-11,-0.09558112483325541,0.10784484464030042,-0.06847719686356152,0.02465577681876911
1.1875993513349699,4.310647270019593,2.847692758139241,0.3338820592510087,0.8240131359681051,-0.09558112433484021,-0.053500841044329936,0.09558112433484021,0.053500841044329936,0.10784484526353531,0.01588498246833012,-0.03986107031226753,-0.08098600304837256,-9.558112433484021e-11,-5.350084104432994e-11,-0.09558112483325541,0.10784484464030042,-0.053500841304948546,0.01588498285887406
1.1875993513349699,5.227439621485609,2.804399632318272,0.3338820592510087,0.7807200101471361,-0.09558112433484021,-0.04179990036800194,0.09558112433484021,0.04179990036800194,0.10784484526353531,0.010234222129795554,-0.040476428520313266,-0.07791559121594047,-9.558112433484021e-11,-4.179990036800194e-11,-0.09558112483325541,0.10784484464030042,-0.04179990057114122,0.010234223536502704
1.1875993513349699,6.339216197606768,2.7633810997793002,0.3338820592510087,0.7397014776081641,-0.09558112433484021,-0.032658022503368904,0.09558112433484021,0.032658022503368904,0.10784484526353531,0.006593605174624262,-0.04107724456427276,-0.07491773945030485,-9.558112433484021e-11,-3.2658022503368906e-11,-0.09558112483512511,0.10784481315337048,-0.03265802266242773,0.006593604414567962
1.1875993513349699,7.687446419243286,2.7245176548386767,0.3338820592510087,0.7008380326675407,-0.09558112433484021,-0.025515525741467954,0.09558112433484021,0.025515525741467954,0.10784484526353531,0.004248063863325616,-0.04166318432854662,-0.07199411486580072,-9.558112433484021e-11,-2.5515525741467955e-11,-0.09558112483325541,0.10784484464030042,-0.025515525865501744,0.004248063454870414
1.1875993513349699,9.322419461107367,2.6876960705653277,0.3338820592510087,0.6640164483941917,-0.09558112433484021,-0.019935133971946847,0.09558112433484021,0.019935133971946847,0.10784484526353531,0.0027369013019378032,-0.04223397224971472,-0.06914609242285706,-9.558112433484021e-11,-1.9935133971946848e-11,-0.09558112483325541,0.10784484464030042,-0.019935134068892982,0.002736900589573992
1.1875993513349699,11.305120044971734,2.6528090688990877,0.3338820592510087,0.6291294467279519,-0.09558112433484021,-0.01557520587685156,0.09558112433484021,0.01557520587685156,0.10784484526353531,0.0017633041728060922,-0.042789389779578337,-0.0663747625968532,-9.558112433484021e-11,-1.557520587685156e-11,-0.09558112483325541,0.10784484464030042,-0.015575205952653394,0.0017633045493487855
1.1875993513349699,13.709503178270442,2.6197550081008094,0.3338820592510087,0.5960753859296735,-0.09558112433484021,-0.012168819053219565,0.09558112433484021,0.012168819053219565,0.10784484526353531,0.0011360444761504365,-0.043329273504171636,-0.06368094076356162,-9.558112433484021e-11,-1.2168819053219565e-11,-0.09558112483325541,0.10784484464030042,-0.012168819112499304,0.001136044416895034
1.1875993513349699,16.625252686158202,2.5884375866236415,0.3338820592510087,0.5647579644525057,-0.09558112433484021,-0.009507428557980204,0.09558112433484021,0.009507428557980204,0.10784484526353531,0.0007319196946821074,-0.04385351296338905,-0.06106517807840811,-9.558112433484021e-11,-9.507428557980204e-12,-0.09558112483325541,0.10784484464030042,-0.009507428604153944,0.000731919756892843
1.1875993513349699,20.161126430657447,2.558765562542726,0.3338820592510087,0.5350859403715899,-0.09558112433484021,-0.0074280994227769615,0.09558112433484021,0.0074280994227769615,0.10784484526353531,0.00047155410788037716,-0.04436204821637619,-0.058527773624278356,-9.558112433484021e-11,-7.428099422776961e-12,-0.09558112483325541,0.10784484464030042,-0.007428099458894082,0.0004715539953984351
1.1875993513349699,24.44901299403245,2.5306524877258756,0.3338820592510087,0.5069728655547395,-0.09558112433484021,-0.005803531490998793,0.09558112433484021,0.005803531490998793,0.10784484526353531,0.00030380829792459155,-0.04485486719748269,-0.05606878760434365,-9.558112433484021e-11,-5.803531490998793e-12,-0.09558112483325541,0.10784484464030042,-0.005803531519205938,0.0003038082833871013
1.1875993513349699,29.648851141244215,2.5040164559707603,0.3338820592510087,0.48033683379962433,-0.09558112433484021,-0.004534265880143972,0.09558112433484021,0.004534265880143972,0.10784484526353531,0.00019573465768906405,-0.04533200290647325,-0.053688055361877825,-9.558112433484021e-11,-4.534265880143972e-12,-0.09558112483325541,0.10784484464030042,-0.004534265902232987,0.0001957346353651098
1.1875993513349699,35.95459555812005,2.4787798643748005,0.3338820592510087,0.45510024220366474,-0.09558112433484021,-0.00354259593554811,0.09558112433484021,0.00354259593554811,0.10784484526353531,0.00012610602304932608,-0.04579353047494334,-0.051385202017767,-9.558112433484021e-11,-3.5425959355481098e-12,-0.09558112483138571,0.10784487612723034,-0.0035425959527162127,0.0001261060639292479
1.1875993513349699,43.601451388100436,2.454869187242538,0.3338820592510087,0.431189565071402,-0.09558112433484021,-0.002767809893442663,0.09558112433484021,0.002767809893442663,0.10784484526353531,8.124636299504802e-05,-0.04623956414860019,-0.049159657527821116,-9.558112433484021e-11,-2.767809893442663e-12,-0.09558112483325541,0.10784484464030042,-0.0027678099069098063,8.124635763992965e-05
1.1875993513349699,52.87464741679016,2.432214761871766,0.3338820592510087,0.40853513970063016,-0.09558112433484021,-0.0021624740008780612,0.09558112433484021,0.0021624740008780612,0.10784484526353531,5.234461717455907e-05,-0.04667025422235639,-0.047010671975533144,-9.558112433484021e-11,-2.162474000878061e-12,-0.09558112483325541,0.10784484464030042,-0.002162474011399466,5.234460465020004e-05
1.1875993513349699,64.12007514531668,2.4107505855943248,0.3338820592510087,0.387070963423189,-0.09558112433484021,-0.001689528538629904,0.09558112433484021,0.001689528538629904,0.10784484526353531,3.3724081252943594e-05,-0.04708578396215098,-0.04493733093106317,-9.558112433484021e-11,-1.689528538629904e-12,-0.09558112483325541,0.10784484464030042,-0.0016895285468450398,3.372409098595545e-05
1.1875993513349699,77.75719059141188,2.39041412348024,0.3338820592510087,0.36673450130910396,-0.09558112433484021,-0.0013200189605451172,0.09558112433484021,0.0013200189605451172,0.10784484526353531,2.172742332917296e-05,-0.04748636654416156,-0.04293857072344751,-9.558112433484021e-11,-1.3200189605451172e-12,-0.09558112483325541,0.10784484464030042,-0.0013200189669490797,2.1727417870031313e-05
1.1875993513349699,94.29466005719073,2.3711461261449647,0.3338820592510087,0.34746650397382856,-0.09558112433484021,-0.0010313232457213309,0.09558112433484021,0.0010313232457213309,0.10784484526353531,1.39983331490723e-05,-0.047872242038693974,-0.04101319348988364,-9.558112433484021e-11,-1.0313232457213309e-12,-0.09558112483325541,0.10784484464030042,-0.0010313232507332603,1.3998329124118205e-05
1.1875993513349699,114.34933345293979,2.3528904571289146,0.3338820592510087,0.3292108349577785,-0.09558112433484021,-0.0008057669389278654,0.09558112433484021,0.0008057669389278654,0.10784484526353531,9.018710041393375e-06,-0.048243674462616105,-0.03915988188300463,-9.558112433484021e-11,-8.057669389278655e-13,-0.09558112483512511,0.10784481315337048,-0.000805766942845301,9.018708409273517e-06
1.1875993513349699,138.6692528845326,2.335593929346371,0.3338820592510087,0.31191430717523483,-0.09558112433484021,-0.0006295410896271181,0.09558112433484021,0.0006295410896271181,0.10784484526353531,5.810486859010076e-06,-0.048600948920812764,-0.037377213333971065,-9.558112433484021e-11,-6.295410896271181e-13,-0.09558112483325541,0.10784484464030042,-0.0006295410926893784,5.810485123998944e-06
1.1875993513349699,168.16155472797897,2.3192061501272536,0.3338820592510087,0.2955265279561175,-0.09558112433484021,-0.0004918568439358354,0.09558112433484021,0.0004918568439358354,0.10784484526353531,3.7435240055142786e-06,-0.048944368853840355,-0.03566367378566527,-9.558112433484021e-11,-4.918568439358354e-13,-0.09558112483325541,0.10784484464030042,-0.0004918568463254249,3.7435222118635078e-06
1.1875993513349699,203.9263059423702,2.3036793744003026,0.3338820592510087,0.2799997522291665,-0.09558112433484021,-0.00038428493217148603,0.09558112433484021,0.00038428493217148603,0.10784484526353531,2.4118412656128398e-06,-0.049274253405803485,-0.03401767082602185,-9.558112433484021e-11,-3.8428493217148604e-13,-0.09558112483325541,0.10784484464030042,-0.0003842849340397061,2.411840696052486e-06
1.1875993513349699,247.29753672039521,2.2889683655899202,0.3338820592510087,0.26528874341878433,-0.09558112433484021,-0.0003002396142592021,0.09558112433484021,0.0003002396142592021,0.10784484526353531,1.553877651631041e-06,-0.04959093492350151,-0.03243754616636948,-9.558112433484021e-11,-3.002396142592021e-13,-0.09558112483325541,0.10784484464030042,-0.0003002396157147192,1.5538776233140892e-06
1.1875993513349699,299.893,2.2750302638214057,0.3338820592510087,0.25135064165026993,-0.09558112433484021,-0.00023457548923695002,0.09558112433484021,0.00023457548923695002,0.10784484526353531,1.001117192355889e-06,-0.049894756595129965,-0.03092158742344496,-9.558112433484021e-11,-2.3457548923695e-13,-0.09558112483325541,0.10784484464030042,-0.00023457549037856227,1.0011172199867804e-06
1.3502286648915254,0.134,4.186297133259531,0.3196271645907087,2.1768724057486954,-0.08047951708000806,-4.546708768677904,0.08047951708000806,4.546708768677904,0.07986844822171009,43.4271127604176,-0.025957486398832073,-0.1455364862093433,-8.047951708000805e-11,-4.5467087686779044e-09,-0.08047951749895811,0.07986845227491206,-4.546708790791364,43.42711186077002
1.3502286648915254,0.1624992409262676,4.071925642266793,0.3196271645907087,2.0625009147559576,-0.08047951708000806,-3.552317493020029,0.08047951708000806,3.552317493020029,0.07986844822171009,27.97879817191351,-0.026686575454644364,-0.1417631231162436,-8.047951708000805e-11,-3.552317493020029e-09,-0.0804795175022471,0.07986850099247662,-3.552317510294488,27.978804054645728
1.3502286648915254,0.19705972613144151,3.9635631566330094,0.3196271645907087,1.9541384291221735,-0.08047951708000806,-2.77540529055822,0.08047951708000806,2.77540529055822,0.07986844822171009,18.025908180066246,-0.027416177465521704,-0.13798710525045801,-8.047951708000805e-11,-2.77540529055822e-09,-0.08047951749895811,0.07986845227491206,-2.77540530405747,18.025907839649417
1.3502286648915254,0.23897056651863752,3.860893967040319,0.3196271645907087,1.851469239529483,-0.08047951708000806,-2.168408241097251,0.08047951708000806,2.168408241097251,0.07986844822171009,11.613556941211405,-0.02814523056724992,-0.13421392823588024,-8.047951708000805e-11,-2.168408241097251e-09,-0.08047951749895811,0.07986845227491206,-2.16840825163613,11.613556019220834
1.3502286648915254,0.2897950422611845,3.763618951337527,0.3196271645907087,1.7541942238266917,-0.08047951708000806,-1.6941649264899823,0.08047951708000806,1.6941649264899823,0.07986844822171009,7.482269602144617,-0.02887267608731644,-0.13044907117791557,-8.047951708000805e-11,-1.6941649264899822e-09,-0.0804795175022471,0.07986850099247662,-1.6941649347237013,7.4822704504074835
1.3502286648915254,0.35142891337043375,3.6714547030609257,0.3196271645907087,1.6620299755500898,-0.08047951708000806,-1.323641343798085,0.08047951708000806,1.323641343798085,0.07986844822171009,4.8206039443879165,-0.029597464679996827,-0.1266979649116544,-8.047951708000805e-11,-1.323641343798085e-09,-0.08047951749895811,0.07986845227491206,-1.3236413502361302,4.820603252646514
1.3502286648915254,0.4261711318077503,3.5841327057420655,0.3196271645907087,1.5747079782312299,-0.08047951708000806,-1.0341533929884241,0.08047951708000806,1.0341533929884241,0.07986844822171009,3.1057718612528524,-0.030318562346746483,-0.12296596084364379,-8.047951708000805e-11,-1.034153392988424e-09,-0.08047951750060262,0.07986847663369434,-1.0341533980170396,3.105772137584714
1.3502286648915254,0.5168095927122967,3.50139855059689,0.3196271645907087,1.491973823086054,-0.08047951708000806,-0.8079781167613735,0.08047951708000806,0.8079781167613735,0.07986844822171009,2.00095651196974,-0.031034956268982727,-0.11925830076462157,-8.047951708000805e-11,-8.079781167613735e-10,-0.08047951749895811,0.07986845227491206,-0.8079781206893998,2.0009563241234716
1.3502286648915254,0.6267251232773262,3.423011195316965,0.3196271645907087,1.4135864678061296,-0.08047951708000806,-0.6312686701909447,0.08047951708000806,0.6312686701909447,0.07986844822171009,1.2891568156519335,-0.03174566038426051,-0.1155800879903049,-8.047951708000805e-11,-6.312686701909447e-10,-0.0804795175022471,0.07986850099247662,-0.6312686732584893,1.2891567686972332
1.3502286648915254,0.7600175880745298,3.348742261803363,0.3196271645907087,1.3393175342925274,-0.08047951708000806,-0.49320659272550027,0.08047951708000806,0.49320659272550027,0.07986844822171009,0.8305654247856867,-0.03244972064214203,-0.11193626015990552,-8.047951708000805e-11,-4.932065927255003e-10,-0.08047951750060262,0.07986847663369434,-0.4932065951261141,0.8305655331949743
1.3502286648915254,0.9216588145725657,3.278375370797149,0.3196271645907087,1.2689506432863136,-0.08047951708000806,-0.38533948316224703,0.08047951708000806,0.38533948316224703,0.07986844822171009,0.535108620203488,-0.033146219882572964,-0.10833156398834382,-8.047951708000805e-11,-3.85339483162247e-10,-0.0804795175022471,0.07986850099247662,-0.38533948503429355,0.5351087089840466
1.3502286648915254,1.117678042992877,3.2117055114679642,0.3196271645907087,1.2022807839571288,-0.08047951708000806,-0.3010635289021562,0.08047951708000806,0.3010635289021562,0.07986844822171009,0.3447545814828088,-0.03383428228710374,-0.10477053222918063,-8.047951708000805e-11,-3.010635289021562e-10,-0.0804795175022471,0.07986850099247662,-0.30106353036483285,0.34475462063060075
1.3502286648915254,1.3553868178082003,3.1485384441240236,0.3196271645907087,1.139113716613188,-0.08047951708000806,-0.23521920902368526,0.08047951708000806,0.23521920902368526,0.07986844822171009,0.22211513133200658,-0.03451307736160948,-0.10125746306225389,-8.047951708000805e-11,-2.352192090236853e-10,-0.08047951750060262,0.07986847663369434,-0.2352192101667671,0.2221151165727118
1.3502286648915254,1.643651709367924,3.0886901343033477,0.3196271645907087,1.0792654067925118,-0.08047951708000806,-0.18377541941225786,0.08047951708000806,0.18377541941225786,0.07986844822171009,0.14310217823485172,-0.03518182341802425,-0.09779640207414167,-8.047951708000805e-11,-1.8377541941225786e-10,-0.08047951749895811,0.07986845227491206,-0.18377542030737085,0.1431021456237542
1.3502286648915254,1.99322503820485,3.031986216597482,0.3196271645907087,1.0225614890866463,-0.08047951708000806,-0.14358268153495263,0.08047951708000806,0.14358268153495263,0.07986844822171009,0.09219648068437712,-0.03583979053176552,-0.09439112695216283,-8.047951708000805e-11,-1.4358268153495262e-10,-0.08047951750060262,0.07986847663369434,-0.1435826822325746,0.09219647444956608
1.3502286648915254,2.4171459380859606,2.978261486645581,0.3196271645907087,0.9688367591347453,-0.08047951708000806,-0.11218032587111348,0.08047951708000806,0.11218032587111348,0.07986844822171009,0.059399452582997524,-0.0364863029607398,-0.09104513496493717,-8.047951708000805e-11,-1.1218032587111349e-10,-0.08047951750060262,0.07986847663369434,-0.11218032641640963,0.05939945436273851
1.3502286648915254,2.931226717514774,2.927359419818792,0.3196271645907087,0.9179346923079563,-0.08047951708000806,-0.08764584543217176,0.08047951708000806,0.08764584543217176,0.07986844822171009,0.03826930204894082,-0.03712074102085509,-0.08776163325576712,-8.047951708000805e-11,-8.764584543217176e-11,-0.08047951749895811,0.07986845227491206,-0.08764584585862861,0.03826929660202091
1.3502286648915254,3.554642661036909,2.879131715192662,0.3196271645907087,0.8697069876818265,-0.08047951708000806,-0.06847719653039638,0.08047951708000806,0.06847719653039638,0.07986844822171009,0.024655774011834514,-0.03774254242160728,-0.08454353193037827,-8.047951708000805e-11,-6.847719653039638e-11,-0.08047951750060262,0.07986847663369434,-0.06847719686356152,0.02465577681876911
1.3502286648915254,4.310647270019593,2.8334378634789408,0.3196271645907087,0.8240131359681051,-0.08047951708000806,-0.053500841044329936,0.08047951708000806,0.053500841044329936,0.07986844822171009,0.01588498246833012,-0.03835120307336912,-0.08139343987883682,-8.047951708000805e-11,-5.350084104432994e-11,-0.08047951750060262,0.07986847663369434,-0.05350084130443344,0.015884980468943696
1.3502286648915254,5.227439621485609,2.7901447376579718,0.3196271645907087,0.7807200101471361,-0.08047951708000806,-0.04179990036800194,0.08047951708000806,0.04179990036800194,0.07986844822171009,0.010234222129795554,-0.0389462773853328,-0.07831366323356295,-8.047951708000805e-11,-4.179990036800194e-11,-0.08047951750060262,0.07986847663369434,-0.04179990057156598,0.0102342219113575
1.3502286648915254,6.339216197606768,2.7491262051189995,0.3196271645907087,0.7397014776081641,-0.08047951708000806,-0.032658022503368904,0.08047951708000806,0.032658022503368904,0.07986844822171009,0.006593605174624262,-0.039527378079519726,-0.07530620633191377,-8.047951708000805e-11,-3.2658022503368906e-11,-0.0804795175022471,0.07986850099247662,-0.03265802266242773,0.006593606624755315
1.3502286648915254,7.687446419243286,2.7102627601783764,0.3196271645907087,0.7008380326675407,-0.08047951708000806,-0.025515525741467954,0.08047951708000806,0.025515525741467954,0.07986844822171009,0.004248063863325616,-0.040094175551783816,-0.07237277502327785,-8.047951708000805e-11,-2.5515525741467955e-11,-0.08047951750060262,0.07986847663369434,-0.025515525865501744,0.004248063454870414
1.3502286648915254,9.322419461107367,2.6734411759050274,0.3196271645907087,0.6640164483941917,-0.08047951708000806,-0.019935133971946847,0.08047951708000806,0.019935133971946847,0.07986844822171009,0.0027369013019378032,-0.040646396815246136,-0.0695147821372756,-8.047951708000805e-11,-1.9935133971946848e-11,-0.08047951750060262,0.07986847663369434,-0.019935134068892982,0.0027369016115552625
1.3502286648915254,11.305120044971734,2.6385541742387875,0.3196271645907087,0.6291294467279519,-0.08047951708000806,-0.01557520587685156,0.08047951708000806,0.01557520587685156,0.07986844822171009,0.0017633041728060922,-0.04118382406508808,-0.06673335491159828,-8.047951708000805e-11,-1.557520587685156e-11,-0.08047951750060262,0.07986847663369434,-0.015575205952653394,0.0017633045493487855
1.3502286648915254,13.709503178270442,2.605500113440509,0.3196271645907087,0.5960753859296735,-0.08047951708000806,-0.012168819053219565,0.08047951708000806,0.012168819053219565,0.07986844822171009,0.0011360444761504365,-0.04170629290611049,-0.06402934416518524,-8.047951708000805e-11,-1.2168819053219565e-11,-0.08047951750060262,0.07986847663369434,-0.01216881911233734,0.0011360446531749392
1.3502286648915254,16.625252686158202,2.5741826919633413,0.3196271645907087,0.5647579644525057,-0.08047951708000806,-0.009507428557980204,0.08047951708000806,0.009507428557980204,0.07986844822171009,0.0007319196946821074,-0.042213690285973486,-0.061403334994635475,-8.047951708000805e-11,-9.507428557980204e-12,-0.08047951750060262,0.07986847663369434,-0.009507428604153944,0.000731919756892843
1.3502286648915254,20.161126430657447,2.5445106678824256,0.3196271645907087,0.5350859403715899,-0.08047951708000806,-0.0074280994227769615,0.08047951708000806,0.0074280994227769615,0.07986844822171009,0.00047155410788037716,-0.04270595217762911,-0.05885565876865871,-8.047951708000805e-11,-7.428099422776961e-12,-0.08047951750060262,0.07986847663369434,-0.007428099458894082,0.0004715539953984351
1.3502286648915254,24.44901299403245,2.5163975930655753,0.3196271645907087,0.5069728655547395,-0.08047951708000806,-0.005803531490998793,0.08047951708000806,0.005803531490998793,0.07986844822171009,0.00030380829792459155,-0.04318306105422437,-0.05638640619658566,-8.047951708000805e-11,-5.803531490998793e-12,-0.08047951750060262,0.07986847663369434,-0.005803531519205938,0.0003038082833871013
1.3502286648915254,29.648851141244215,2.48976156131046,0.3196271645907087,0.48033683379962433,-0.08047951708000806,-0.004534265880143972,0.08047951708000806,0.004534265880143972,0.07986844822171009,0.00019573465768906405,-0.0436450431987788,-0.0539954412519938,-8.047951708000805e-11,-4.534265880143972e-12,-0.08047951750060262,0.07986847663369434,-0.004534265902158096,0.00019573468588407917
1.3502286648915254,35.95459555812005,2.4645249697145006,0.3196271645907087,0.45510024220366474,-0.08047951708000806,-0.00354259593554811,0.08047951708000806,0.00354259593554811,0.07986844822171009,0.00012610602304932608,-0.04409196588933007,-0.05168241574084254,-8.047951708000805e-11,-3.5425959355481098e-12,-0.08047951749895811,0.07986845227491206,-0.0035425959527779697,0.00012610596087102245
1.3502286648915254,43.601451388100436,2.4406142925822376,0.3196271645907087,0.431189565071402,-0.08047951708000806,-0.002767809893442663,0.08047951708000806,0.002767809893442663,0.07986844822171009,8.124636299504802e-05,-0.044523934498098265,-0.0494467843145999,-8.047951708000805e-11,-2.767809893442663e-12,-0.08047951750060262,0.07986847663369434,-0.0027678099069098063,8.124635763992965e-05
1.3502286648915254,52.87464741679016,2.417959867211466,0.3196271645907087,0.40853513970063016,-0.08047951708000806,-0.0021624740008780612,0.08047951708000806,0.0021624740008780612,0.07986844822171009,5.234461717455907e-05,-0.04494108954065219,-0.0472878197421311,-8.047951708000805e-11,-2.162474000878061e-12,-0.08047951750060262,0.07986847663369434,-0.002162474011399466,5.234460465020004e-05
1.3502286648915254,64.12007514531668,2.3964956909340245,0.3196271645907087,0.387070963423189,-0.08047951708000806,-0.001689528538629904,0.08047951708000806,0.001689528538629904,0.07986844822171009,3.3724081252943594e-05,-0.045343603708171885,-0.04520462826907244,-8.047951708000805e-11,-1.689528538629904e-12,-0.08047951750060262,0.07986847663369434,-0.0016895285468450398,3.372409098595545e-05
1.3502286648915254,77.75719059141188,2.37615922881994,0.3196271645907087,0.36673450130910396,-0.08047951708000806,-0.0013200189605451172,0.08047951708000806,0.0013200189605451172,0.07986844822171009,2.172742332917296e-05,-0.04573167891278907,-0.04319616490952004,-8.047951708000805e-11,-1.3200189605451172e-12,-0.08047951750060262,0.07986847663369434,-0.0013200189669490797,2.1727417870031313e-05
1.3502286648915254,94.29466005719073,2.3568912314846644,0.3196271645907087,0.34746650397382856,-0.08047951708000806,-0.0010313232457213309,0.08047951708000806,0.0010313232457213309,0.07986844822171009,1.39983331490723e-05,-0.04610554337274306,-0.04126124853165683,-8.047951708000805e-11,-1.0313232457213309e-12,-0.08047951750060262,0.07986847663369434,-0.0010313232507332603,1.3998329124118205e-05
1.3502286648915254,114.34933345293979,2.338635562468614,0.3196271645907087,0.3292108349577785,-0.08047951708000806,-0.0008057669389278654,0.08047951708000806,0.0008057669389278654,0.07986844822171009,9.018710041393375e-06,-0.04646544876079312,-0.03939857661599791,-8.047951708000805e-11,-8.057669389278655e-13,-0.0804795175022471,0.07986850099247662,-0.000805766942845301,9.01871520182505e-06
1.3502286648915254,138.6692528845326,2.3213390346860705,0.3196271645907087,0.31191430717523483,-0.08047951708000806,-0.0006295410896271181,0.08047951708000806,0.0006295410896271181,0.07986844822171009,5.810486859010076e-06,-0.04681166743605358,-0.03760673958188659,-8.047951708000805e-11,-6.295410896271181e-13,-0.08047951750060262,0.07986847663369434,-0.0006295410926893784,5.810485123998944e-06
1.3502286648915254,168.16155472797897,2.3049512554669533,0.3196271645907087,0.2955265279561175,-0.08047951708000806,-0.0004918568439358354,0.08047951708000806,0.0004918568439358354,0.07986844822171009,3.7435240055142786e-06,-0.04714448977622293,-0.035884234594406095,-8.047951708000805e-11,-4.918568439358354e-13,-0.08047951750060262,0.07986847663369434,-0.0004918568463254249,3.7435222118635078e-06
1.3502286648915254,203.9263059423702,2.2894244797400023,0.3196271645907087,0.2799997522291665,-0.08047951708000806,-0.00038428493217148603,0.08047951708000806,0.00038428493217148603,0.07986844822171009,2.4118412656128398e-06,-0.04746422162411514,-0.03422947877972591,-8.047951708000805e-11,-3.8428493217148604e-13,-0.08047951750060262,0.07986847663369434,-0.0003842849340397061,2.411840696052486e-06
1.3502286648915254,247.29753672039521,2.27471347092962,0.3196271645907087,0.26528874341878433,-0.08047951708000806,-0.0003002396142592021,0.08047951708000806,0.0003002396142592021,0.07986844822171009,1.553877651631041e-06,-0.04777118185950908,-0.03264082179187112,-8.047951708000805e-11,-3.002396142592021e-13,-0.08047951750060262,0.07986847663369434,-0.0003002396157147192,1.5538776233140892e-06
1.3502286648915254,299.893,2.2607753691611054,0.3196271645907087,0.25135064165026993,-0.08047951708000806,-0.00023457548923695002,0.08047951708000806,0.00023457548923695002,0.07986844822171009,1.001117192355889e-06,-0.04806570010463978,-0.0311165576878344,-8.047951708000805e-11,-2.3457548923695e-13,-0.08047951750060262,0.07986847663369434,-0.00023457549037856227,1.0011172199867804e-06
1.5351283624779686,0.134,4.172650842793875,0.3059808741250519,2.1768724057486954,-0.06776393053027109,-4.546708768677904,0.06776393053027109,4.546708768677904,0.05914950321228624,43.4271127604176,-0.024930514349087773,-0.14601245058762183,-6.776393053027109e-11,-4.5467087686779044e-09,-0.06776393088523763,0.05914946740096078,-4.546708790791364,43.42711186077002
1.5351283624779686,0.1624992409262676,4.058279351801136,0.3059808741250519,2.0625009147559576,-0.06776393053027109,-3.552317493020029,0.06776393053027109,3.552317493020029,0.05914950321228624,27.97879817191351,-0.025633112630316382,-0.14223981301057143,-6.776393053027109e-11,-3.552317493020029e-09,-0.06776393088523763,0.05914954277830316,-3.552317510294488,27.978804054645728
1.5351283624779686,0.19705972613144151,3.949916866167353,0.3059808741250519,1.9541384291221735,-0.06776393053027109,-2.77540529055822,0.06776393053027109,2.77540529055822,0.05914950321228624,18.025908180066246,-0.026336334468462817,-0.13846382721260656,-6.776393053027109e-11,-2.77540529055822e-09,-0.06776393088523763,0.05914946740096078,-2.77540530405747,18.025907839649417
1.5351283624779686,0.23897056651863752,3.8472476765746624,0.3059808741250519,1.851469239529483,-0.06776393053027109,-2.168408241097251,0.06776393053027109,2.168408241097251,0.05914950321228624,11.613556941211405,-0.027039156419121975,-0.13468998863105455,-6.776393053027109e-11,-2.168408241097251e-09,-0.06776393088523763,0.05914946740096078,-2.16840825163613,11.613556019220834
1.5351283624779686,0.2897950422611845,3.7499726608718706,0.3059808741250519,1.7541942238266917,-0.06776393053027109,-1.6941649264899823,0.06776393053027109,1.6941649264899823,0.05914950321228624,7.482269602144617,-0.027740557363375475,-0.1309237802164223,-6.776393053027109e-11,-1.6941649264899822e-09,-0.0677639308837912,0.059149523933967565,-1.6941649347237013,7.4822704504074835
1.5351283624779686,0.35142891337043375,3.6578084125952692,0.3059808741250519,1.6620299755500898,-0.06776393053027109,-1.323641343798085,0.06776393053027109,1.323641343798085,0.05914950321228624,4.8206039443879165,-0.028439524429929797,-0.12717064063317074,-6.776393053027109e-11,-1.323641343798085e-09,-0.06776393088523763,0.05914946740096078,-1.3236413502361302,4.820603252646514
1.5351283624779686,0.4261711318077503,3.570486415276409,0.3059808741250519,1.5747079782312299,-0.06776393053027109,-1.0341533929884241,0.06776393053027109,1.0341533929884241,0.05914950321228624,3.1057718612528524,-0.029135058815775577,-0.12343593300538663,-6.776393053027109e-11,-1.034153392988424e-09,-0.06776393088523763,0.059149505089631974,-1.0341533980170396,3.105772137584714
1.5351283624779686,0.5168095927122967,3.4877522601312334,0.3059808741250519,1.491973823086054,-0.06776393053027109,-0.8079781167613735,0.06776393053027109,0.8079781167613735,0.05914950321228624,2.00095651196974,-0.029826181434713397,-0.11972491458673215,-6.776393053027109e-11,-8.079781167613735e-10,-0.06776393088523763,0.05914946740096078,-0.8079781206893998,2.0009563241234716
1.5351283624779686,0.6267251232773262,3.4093649048513086,0.3059808741250519,1.4135864678061296,-0.06776393053027109,-0.6312686701909447,0.06776393053027109,0.6312686701909447,0.05914950321228624,1.2891568156519335,-0.030511938326690424,-0.11604270771473438,-6.776393053027109e-11,-6.312686701909447e-10,-0.0677639308837912,0.059149523933967565,-0.6312686732584893,1.2891567686972332
1.5351283624779686,0.7600175880745298,3.3350959713377066,0.3059808741250519,1.3393175342925274,-0.06776393053027109,-0.49320659272550027,0.06776393053027109,0.49320659272550027,0.05914950321228624,0.8305654247856867,-0.031191405765837957,-0.11239427238291469,-6.776393053027109e-11,-4.932065927255003e-10,-0.06776393088523763,0.059149505089631974,-0.4932065951261141,0.8305655331949743
1.5351283624779686,0.9216588145725657,3.2647290803314926,0.3059808741250519,1.2689506432863136,-0.06776393053027109,-0.38533948316224703,0.06776393053027109,0.38533948316224703,0.05914950321228624,0.535108620203488,-0.031863695011239125,-0.10878438073129809,-6.776393053027109e-11,-3.85339483162247e-10,-0.0677639308837912,0.059149523933967565,-0.38533948503429355,0.5351087089840466
1.5351283624779686,1.117678042992877,3.1980592210023078,0.3059808741250519,1.2022807839571288,-0.06776393053027109,-0.3010635289021562,0.06776393053027109,0.3010635289021562,0.05914950321228624,0.3447545814828088,-0.03252795665159786,-0.10521759371748939,-6.776393053027109e-11,-3.010635289021562e-10,-0.0677639308837912,0.059149523933967565,-0.30106353036483285,0.34475462063060075
1.5351283624779686,1.3553868178082003,3.134892153658367,0.3059808741250519,1.139113716613188,-0.06776393053027109,-0.23521920902368526,0.06776393053027109,0.23521920902368526,0.05914950321228624,0.22211513133200658,-0.033183384502911493,-0.10169824018792008,-6.776393053027109e-11,-2.352192090236853e-10,-0.06776393088523763,0.059149505089631974,-0.2352192101667671,0.2221151165727118
1.5351283624779686,1.643651709367924,3.0750438438376912,0.3059808741250519,1.0792654067925118,-0.06776393053027109,-0.18377541941225786,0.06776393053027109,0.18377541941225786,0.05914950321228624,0.14310217823485172,-0.033829219026737446,-0.09823039852328963,-6.776393053027109e-11,-1.8377541941225786e-10,-0.06776393088523763,0.05914946740096078,-0.18377542030737085,0.1431021456237542
1.5351283624779686,1.99322503820485,3.0183399261318256,0.3059808741250519,1.0225614890866463,-0.06776393053027109,-0.14358268153495263,0.06776393053027109,0.14358268153495263,0.05914950321228624,0.09219648068437712,-0.034464750245450836,-0.09481788098494025,-6.776393053027109e-11,-1.4358268153495262e-10,-0.0677639308837912,0.05914948624529638,-0.1435826822325746,0.09219647444956608
1.5351283624779686,2.4171459380859606,2.9646151961799245,0.3059808741250519,0.9688367591347453,-0.06776393053027109,-0.11218032587111348,0.06776393053027109,0.11218032587111348,0.05914950321228624,0.059399452582997524,-0.035089320139777246,-0.09146422084118086,-6.776393053027109e-11,-1.1218032587111349e-10,-0.06776393088523763,0.059149505089631974,-0.11218032641640963,0.05939945436273851
1.5351283624779686,2.931226717514774,2.9137131293531358,0.3059808741250519,0.9179346923079563,-0.06776393053027109,-0.08764584543217176,0.06776393053027109,0.08764584543217176,0.05914950321228624,0.03826930204894082,-0.0357023245226274,-0.08817266230563604,-6.776393053027109e-11,-8.764584543217176e-11,-0.06776393088523763,0.05914946740096078,-0.08764584585862861,0.03826929660202091
1.5351283624779686,3.554642661036909,2.8654854247270056,0.3059808741250519,0.8697069876818265,-0.06776393053027109,-0.06847719653039638,0.06776393053027109,0.06847719653039638,0.05914950321228624,0.024655774011834514,-0.03630321439164761,-0.08494615327465692,-6.776393053027109e-11,-6.847719653039638e-11,-0.06776393088523763,0.059149505089631974,-0.06847719686356152,0.02465577681876911
1.5351283624779686,4.310647270019593,2.8197915730132843,0.3059808741250519,0.8240131359681051,-0.06776393053027109,-0.053500841044329936,0.06776393053027109,0.053500841044329936,0.05914950321228624,0.01588498246833012,-0.03689149677074938,-0.08178734080868413,-6.776393053027109e-11,-5.350084104432994e-11,-0.0677639308837912,0.05914948624529638,-0.05350084130443344,0.015884980468943696
1.5351283624779686,5.227439621485609,2.7764984471923153,0.3059808741250519,0.7807200101471361,-0.06776393053027109,-0.04179990036800194,0.06776393053027109,0.04179990036800194,0.05914950321228624,0.010234222129795554,-0.0374667350580371,-0.0786985692640329,-6.776393053027109e-11,-4.179990036800194e-11,-0.0677639308837912,0.05914948624529638,-0.04179990057156598,0.0102342219113575
1.5351283624779686,6.339216197606768,2.735479914653343,0.3059808741250519,0.7397014776081641,-0.06776393053027109,-0.032658022503368904,0.06776393053027109,0.032658022503368904,0.05914950321228624,0.006593605174624262,-0.038028548903890874,-0.07568188094753317,-6.776393053027109e-11,-3.2658022503368906e-11,-0.0677639308837912,0.059149523933967565,-0.03265802266242773,0.006593606624755315
1.5351283624779686,7.687446419243286,2.69661646971272,0.3059808741250519,0.7008380326675407,-0.06776393053027109,-0.025515525741467954,0.06776393053027109,0.025515525741467954,0.05914950321228624,0.004248063863325616,-0.03857661364839479,-0.07273901913728731,-6.776393053027109e-11,-2.5515525741467955e-11,-0.0677639308837912,0.05914948624529638,-0.025515525865501744,0.004248063454870414
1.5351283624779686,9.322419461107367,2.659794885439371,0.3059808741250519,0.6640164483941917,-0.06776393053027109,-0.019935133971946847,0.06776393053027109,0.019935133971946847,0.05914950321228624,0.0027369013019378032,-0.03911065935177246,-0.06987143328879679,-6.776393053027109e-11,-1.9935133971946848e-11,-0.06776393088523763,0.059149505089631974,-0.019935134068892982,0.0027369016115552625
1.5351283624779686,11.305120044971734,2.624907883773131,0.3059808741250519,0.6291294467279519,-0.06776393053027109,-0.01557520587685156,0.06776393053027109,0.01557520587685156,0.05914950321228624,0.0017633041728060922,-0.03963046945497948,-0.06708028622697929,-6.776393053027109e-11,-1.557520587685156e-11,-0.06776393088523763,0.059149505089631974,-0.015575205952653394,0.0017633045493487855
1.5351283624779686,13.709503178270442,2.5918538229748527,0.3059808741250519,0.5960753859296735,-0.06776393053027109,-0.012168819053219565,0.06776393053027109,0.012168819053219565,0.05914950321228624,0.0011360444761504365,-0.04013587911011415,-0.06436646311111434,-6.776393053027109e-11,-1.2168819053219565e-11,-0.06776393088523763,0.059149505089631974,-0.01216881911233734,0.0011360446531749392
1.5351283624779686,16.625252686158202,2.560536401497685,0.3059808741250519,0.5647579644525057,-0.06776393053027109,-0.009507428557980204,0.06776393053027109,0.009507428557980204,0.05914950321228624,0.0007319196946821074,-0.0406267732218764,-0.061730581951330445,-6.776393053027109e-11,-9.507428557980204e-12,-0.06776393088523763,0.059149505089631974,-0.009507428604153944,0.000731919756892843
1.5351283624779686,20.161126430657447,2.530864377416769,0.3059808741250519,0.5350859403715899,-0.06776393053027109,-0.0074280994227769615,0.06776393053027109,0.0074280994227769615,0.05914950321228624,0.00047155410788037716,-0.04110308424198718,-0.05917300545158309,-6.776393053027109e-11,-7.428099422776961e-12,-0.0677639308837912,0.05914948624529638,-0.007428099458894082,0.0004715539953984351
1.5351283624779686,24.44901299403245,2.502751302599919,0.3059808741250519,0.5069728655547395,-0.06776393053027109,-0.005803531490998793,0.06776393053027109,0.005803531490998793,0.05914950321228624,0.00030380829792459155,-0.04156478975835146,-0.05669385395476833,-6.776393053027109e-11,-5.803531490998793e-12,-0.0677639308837912,0.05914948624529638,-0.005803531519205938,0.0003038082833871013
1.5351283624779686,29.648851141244215,2.4761152708448035,0.3059808741250519,0.48033683379962433,-0.06776393053027109,-0.004534265880143972,0.06776393053027109,0.004534265880143972,0.05914950321228624,0.00019573465768906405,-0.04201190991989403,-0.054293019270199146,-6.776393053027109e-11,-4.534265880143972e-12,-0.0677639308837912,0.05914948624529638,-0.004534265902158096,0.00019573468588407917
1.5351283624779686,35.95459555812005,2.450878679248844,0.3059808741250519,0.45510024220366474,-0.06776393053027109,-0.00354259593554811,0.06776393053027109,0.00354259593554811,0.05914950321228624,0.00012610602304932608,-0.04244450473651692,-0.0519701791716226,-6.776393053027109e-11,-3.5425959355481098e-12,-0.06776393088523763,0.05914946740096078,-0.0035425959527779697,0.00012610596087102245
1.5351283624779686,43.601451388100436,2.426968002116581,0.3059808741250519,0.431189565071402,-0.06776393053027109,-0.002767809893442663,0.06776393053027109,0.002767809893442663,0.05914950321228624,8.124636299504802e-05,-0.0428626712916213,-0.04972481236472715,-6.776393053027109e-11,-2.767809893442663e-12,-0.06776393088523763,0.059149505089631974,-0.0027678099069098063,8.124635763992965e-05
1.5351283624779686,52.87464741679016,2.4043135767458095,0.3059808741250519,0.40853513970063016,-0.06776393053027109,-0.0021624740008780612,0.06776393053027109,0.0021624740008780612,0.05914950321228624,5.234461717455907e-05,-0.04326654090220771,-0.04755621373613006,-6.776393053027109e-11,-2.162474000878061e-12,-0.0677639308837912,0.05914948624529638,-0.002162474011399466,5.234460465020004e-05
1.5351283624779686,64.12007514531668,2.382849400468368,0.3059808741250519,0.387070963423189,-0.06776393053027109,-0.001689528538629904,0.06776393053027109,0.001689528538629904,0.05914950321228624,3.3724081252943594e-05,-0.04365627625881799,-0.04546350971060649,-6.776393053027109e-11,-1.689528538629904e-12,-0.06776393088523763,0.059149505089631974,-0.0016895285468450398,3.372409098595545e-05
1.5351283624779686,77.75719059141188,2.3625129383542833,0.3059808741250519,0.36673450130910396,-0.06776393053027109,-0.0013200189605451172,0.06776393053027109,0.0013200189605451172,0.05914950321228624,2.172742332917296e-05,-0.04403206857460438,-0.04344567355930899,-6.776393053027109e-11,-1.3200189605451172e-12,-0.0677639308837912,0.05914948624529638,-0.0013200189669490797,2.1727417870031313e-05
1.5351283624779686,94.29466005719073,2.343244941019008,0.3059808741250519,0.34746650397382856,-0.06776393053027109,-0.0010313232457213309,0.06776393053027109,0.0010313232457213309,0.05914950321228624,1.39983331490723e-05,-0.04439413476969587,-0.04150154051845774,-6.776393053027109e-11,-1.0313232457213309e-12,-0.0677639308837912,0.05914948624529638,-0.0010313232507332603,1.3998329124118205e-05
1.5351283624779686,114.34933345293979,2.3249892720029575,0.3059808741250519,0.3292108349577785,-0.06776393053027109,-0.0008057669389278654,0.06776393053027109,0.0008057669389278654,0.05914950321228624,9.018710041393375e-06,-0.04474271471385678,-0.039629822595026516,-6.776393053027109e-11,-8.057669389278655e-13,-0.0677639308837912,0.059149523933967565,-0.000805766942845301,9.01871520182505e-06
1.5351283624779686,138.6692528845326,2.307692744220414,0.3059808741250519,0.31191430717523483,-0.06776393053027109,-0.0006295410896271181,0.06776393053027109,0.0006295410896271181,0.05914950321228624,5.810486859010076e-06,-0.04507806854727019,-0.03782912295293371,-6.776393053027109e-11,-6.295410896271181e-13,-0.06776393088523763,0.059149505089631974,-0.0006295410926893784,5.810485123998944e-06
1.5351283624779686,168.16155472797897,2.291304965001297,0.3059808741250519,0.2955265279561175,-0.06776393053027109,-0.0004918568439358354,0.06776393053027109,0.0004918568439358354,0.05914950321228624,3.7435240055142786e-06,-0.04540047409618694,-0.03609794978984833,-6.776393053027109e-11,-4.918568439358354e-13,-0.0677639308837912,0.05914948624529638,-0.0004918568463254249,3.7435222118635078e-06
1.5351283624779686,203.9263059423702,2.275778189274346,0.3059808741250519,0.2799997522291665,-0.06776393053027109,-0.00038428493217148603,0.06776393053027109,0.00038428493217148603,0.05914950321228624,2.4118412656128398e-06,-0.04571022439720969,-0.034434729630673344,-6.776393053027109e-11,-3.8428493217148604e-13,-0.0677639308837912,0.05914948624529638,-0.0003842849340397061,2.411840696052486e-06
1.5351283624779686,247.29753672039521,2.2610671804639635,0.3059808741250519,0.26528874341878433,-0.06776393053027109,-0.0003002396142592021,0.06776393053027109,0.0003002396142592021,0.05914950321228624,1.553877651631041e-06,-0.04600762534117187,-0.03283781997885918,-6.776393053027109e-11,-3.002396142592021e-13,-0.06776393088523763,0.059149505089631974,-0.0003002396157147192,1.5538776233140892e-06
1.5351283624779686,299.893,2.247129078695449,0.3059808741250519,0.25135064165026993,-0.06776393053027109,-0.00023457548923695002,0.06776393053027109,0.00023457548923695002,0.05914950321228624,1.001117192355889e-06,-0.046292993444950414,-0.03130552128076964,-6.776393053027109e-11,-2.3457548923695e-13,-0.06776393088523763,0.059149505089631974,-0.00023457549037856227,1.0011172199867804e-06
1.7453481403267475,0.134,4.159587172531077,0.292917203862254,2.1768724057486954,-0.05705737866625555,-4.546708768677904,0.05705737866625555,4.546708768677904,0.04380532999149014,43.4271127604176,-0.023941075307834327,-0.14647101977480853,-5.705737866625555e-11,-4.5467087686779044e-09,-0.057057378964385966,0.04380534940739489,-4.546708790791364,43.42711186077002
1.7453481403267475,0.1624992409262676,4.045215681538339,0.292917203862254,2.0625009147559576,-0.05705737866625555,-3.552317493020029,0.05705737866625555,3.552317493020029,0.04380532999149014,27.97879817191351,-0.02461796788773383,-0.1426991640468814,-5.705737866625555e-11,-3.552317493020029e-09,-0.057057378964385966,0.04380529109430193,-3.5523175103218168,27.978793964003728
1.7453481403267475,0.19705972613144151,3.936853195904555,0.292917203862254,1.9541384291221735,-0.05705737866625555,-2.77540529055822,0.05705737866625555,2.77540529055822,0.04380532999149014,18.025908180066246,-0.02529558121462716,-0.1389232920928089,-5.705737866625555e-11,-2.77540529055822e-09,-0.05705737896565817,0.04380530567257517,-2.77540530405747,18.025907839649417
1.7453481403267475,0.23897056651863752,3.8341840063118644,0.292917203862254,1.851469239529483,-0.05705737866625555,-2.168408241097251,0.05705737866625555,2.168408241097251,0.04380532999149014,11.613556941211405,-0.025972929202962233,-0.13514889868760885,-5.705737866625555e-11,-2.168408241097251e-09,-0.05705737896565817,0.04380530567257517,-2.16840825163613,11.613556019220834
1.7453481403267475,0.2897950422611845,3.7369089906090727,0.292917203862254,1.7541942238266917,-0.05705737866625555,-1.6941649264899823,0.05705737866625555,1.6941649264899823,0.04380532999149014,7.482269602144617,-0.02664902731035924,-0.131381470007264,-5.705737866625555e-11,-1.6941649264899822e-09,-0.057057378964385966,0.04380534940739489,-1.6941649347237013,7.4822704504074835
1.7453481403267475,0.35142891337043375,3.6447447423324713,0.292917203862254,1.6620299755500898,-0.05705737866625555,-1.323641343798085,0.05705737866625555,1.323641343798085,0.04380532999149014,4.8206039443879165,-0.02732289825139806,-0.12762645178972304,-5.705737866625555e-11,-1.323641343798085e-09,-0.05705737896565817,0.04380530567257517,-1.3236413502361302,4.820603252646514
1.7453481403267475,0.4261711318077503,3.557422745013611,0.292917203862254,1.5747079782312299,-0.05705737866625555,-1.0341533929884241,0.05705737866625555,1.0341533929884241,0.04380532999149014,3.1057718612528524,-0.027993577622073457,-0.12388921799368988,-5.705737866625555e-11,-1.034153392988424e-09,-0.057057378964385966,0.04380532025084841,-1.0341533980170396,3.105772137584714
1.7453481403267475,0.5168095927122967,3.4746885898684354,0.292917203862254,1.491973823086054,-0.05705737866625555,-0.8079781167613735,0.05705737866625555,0.8079781167613735,0.04380532999149014,2.00095651196974,-0.028660119366506687,-0.12017504033640745,-5.705737866625555e-11,-8.079781167613735e-10,-0.05705737896565817,0.04380530567257517,-0.8079781206893998,2.0009563241234716
1.7453481403267475,0.6267251232773262,3.3963012345885106,0.292917203862254,1.4135864678061296,-0.05705737866625555,-0.6312686701909447,0.05705737866625555,0.6312686701909447,0.04380532999149014,1.2891568156519335,-0.02932160102080394,-0.1164890590732502,-5.705737866625555e-11,-6.312686701909447e-10,-0.057057378964385966,0.04380534940739489,-0.6312686732584893,1.2891567686972332
1.7453481403267475,0.7600175880745298,3.3220323010749087,0.292917203862254,1.3393175342925274,-0.05705737866625555,-0.49320659272550027,0.05705737866625555,0.49320659272550027,0.04380532999149014,0.8305654247856867,-0.029977128673566927,-0.11283625535621764,-5.705737866625555e-11,-4.932065927255003e-10,-0.057057378964385966,0.04380532025084841,-0.4932065951261141,0.8305655331949743
1.7453481403267475,0.9216588145725657,3.2516654100686946,0.292917203862254,1.2689506432863136,-0.05705737866625555,-0.38533948316224703,0.05705737866625555,0.38533948316224703,0.04380532999149014,0.535108620203488,-0.030625841588346057,-0.1092214254761897,-5.705737866625555e-11,-3.85339483162247e-10,-0.057057378964385966,0.04380534940739489,-0.38533948503429355,0.5351087089840466
1.7453481403267475,1.117678042992877,3.18499555073951,0.292917203862254,1.2022807839571288,-0.05705737866625555,-0.3010635289021562,0.05705737866625555,0.3010635289021562,0.04380532999149014,0.3447545814828088,-0.031266916440101766,-0.10564915725604793,-5.705737866625555e-11,-3.010635289021562e-10,-0.057057378964385966,0.04380534940739489,-0.30106353036483285,0.34475462063060075
1.7453481403267475,1.3553868178082003,3.121828483395569,0.292917203862254,1.139113716613188,-0.05705737866625555,-0.23521920902368526,0.05705737866625555,0.23521920902368526,0.04380532999149014,0.22211513133200658,-0.03189957112530121,-0.10212380881963323,-5.705737866625555e-11,-2.352192090236853e-10,-0.057057378964385966,0.04380532025084841,-0.2352192101667671,0.2221151165727118
1.7453481403267475,1.643651709367924,3.0619801735748933,0.292917203862254,1.0792654067925118,-0.05705737866625555,-0.18377541941225786,0.05705737866625555,0.18377541941225786,0.04380532999149014,0.14310217823485172,-0.032523068113403775,-0.09864948991622745,-5.705737866625555e-11,-1.8377541941225786e-10,-0.05705737896565817,0.04380530567257517,-0.18377542030737085,0.1431021456237542
1.7453481403267475,1.99322503820485,3.0052762558690276,0.292917203862254,1.0225614890866463,-0.05705737866625555,-0.14358268153495263,0.05705737866625555,0.14358268153495263,0.04380532999149014,0.09219648068437712,-0.03313671731594985,-0.0952300459330995,-5.705737866625555e-11,-1.4358268153495262e-10,-0.05705737896565817,0.04380533482912165,-0.1435826822325746,0.09219647444956608
1.7453481403267475,2.4171459380859606,2.9515515259171266,0.292917203862254,0.9688367591347453,-0.05705737866625555,-0.11218032587111348,0.05705737866625555,0.11218032587111348,0.04380532999149014,0.059399452582997524,-0.033739878458033834,-0.0918690446809211,-5.705737866625555e-11,-1.1218032587111349e-10,-0.057057378964385966,0.04380532025084841,-0.11218032641640963,0.05939945436273851
1.7453481403267475,2.931226717514774,2.900649459090338,0.292917203862254,0.9179346923079563,-0.05705737866625555,-0.08764584543217176,0.05705737866625555,0.08764584543217176,0.04380532999149014,0.03826930204894082,-0.03433196294539453,-0.08856976598975895,-5.705737866625555e-11,-8.764584543217176e-11,-0.05705737896565817,0.04380530567257517,-0.08764584585862861,0.03826929660202091
1.7453481403267475,3.554642661036909,2.8524217544642076,0.292917203862254,0.8697069876818265,-0.05705737866625555,-0.06847719653039638,0.05705737866625555,0.06847719653039638,0.04380532999149014,0.024655774011834514,-0.034912435228490246,-0.08533519410802472,-5.705737866625555e-11,-6.847719653039638e-11,-0.05705737896565817,0.04380533482912165,-0.06847719686356152,0.02465577681876911
1.7453481403267475,4.310647270019593,2.8067279027504863,0.292917203862254,0.8240131359681051,-0.05705737866625555,-0.053500841044329936,0.05705737866625555,0.053500841044329936,0.04380532999149014,0.01588498246833012,-0.03548081367256108,-0.08216801285421756,-5.705737866625555e-11,-5.350084104432994e-11,-0.05705737896565817,0.04380533482912165,-0.05350084130443344,0.015884980468943696
1.7453481403267475,5.227439621485609,2.7634347769295173,0.292917203862254,0.7807200101471361,-0.05705737866625555,-0.04179990036800194,0.05705737866625555,0.04179990036800194,0.04380532999149014,0.010234222129795554,-0.03603667094966436,-0.07907060343238105,-5.705737866625555e-11,-4.179990036800194e-11,-0.05705737896565817,0.04380533482912165,-0.04179990057156598,0.0102342219113575
1.7453481403267475,6.339216197606768,2.722416244390545,0.292917203862254,0.7397014776081641,-0.05705737866625555,-0.032658022503368904,0.05705737866625555,0.032658022503368904,0.04380532999149014,0.006593605174624262,-0.036579633974878005,-0.07604504478759769,-5.705737866625555e-11,-3.2658022503368906e-11,-0.057057378964385966,0.04380534940739489,-0.03265802266242773,0.006593606624755315
1.7453481403267475,7.687446419243286,2.683552799449922,0.292917203862254,0.7008380326675407,-0.05705737866625555,-0.025515525741467954,0.05705737866625555,0.025515525741467954,0.04380532999149014,0.004248063863325616,-0.03710938341421164,-0.0730931163480609,-5.705737866625555e-11,-2.5515525741467955e-11,-0.05705737896565817,0.04380533482912165,-0.025515525865501744,0.004248063454870414
1.7453481403267475,9.322419461107367,2.646731215176573,0.292917203862254,0.6640164483941917,-0.05705737866625555,-0.019935133971946847,0.05705737866625555,0.019935133971946847,0.04380532999149014,0.0027369013019378032,-0.03762565279618863,-0.07021630297561651,-5.705737866625555e-11,-1.9935133971946848e-11,-0.057057378964385966,0.04380532025084841,-0.019935134068892982,0.0027369016115552625
1.7453481403267475,11.305120044971734,2.611844213510333,0.292917203862254,0.6291294467279519,-0.05705737866625555,-0.01557520587685156,0.05705737866625555,0.01557520587685156,0.04380532999149014,0.0017633041728060922,-0.03812822726253852,-0.06741580192729191,-5.705737866625555e-11,-1.557520587685156e-11,-0.05705737896565817,0.04380533482912165,-0.015575205952653394,0.0017633045493487855
1.7453481403267475,13.709503178270442,2.5787901527120547,0.292917203862254,0.5960753859296735,-0.05705737866625555,-0.012168819053219565,0.05705737866625555,0.012168819053219565,0.04380532999149014,0.0011360444761504365,-0.038616941995973146,-0.06469253161621617,-5.705737866625555e-11,-1.2168819053219565e-11,-0.057057378964385966,0.04380532025084841,-0.01216881911233734,0.0011360446531749392
1.7453481403267475,16.625252686158202,2.547472731234887,0.292917203862254,0.5647579644525057,-0.05705737866625555,-0.009507428557980204,0.05705737866625555,0.009507428557980204,0.04380532999149014,0.0007319196946821074,-0.03909168036463902,-0.06204714195130811,-5.705737866625555e-11,-9.507428557980204e-12,-0.05705737896565817,0.04380533482912165,-0.009507428604153944,0.000731919756892843
1.7453481403267475,20.161126430657447,2.517800707153971,0.292917203862254,0.5350859403715899,-0.05705737866625555,-0.0074280994227769615,0.05705737866625555,0.0074280994227769615,0.04380532999149014,0.00047155410788037716,-0.039552371823596534,-0.05948002603088542,-5.705737866625555e-11,-7.428099422776961e-12,-0.057057378964385966,0.04380532025084841,-0.007428099458894082,0.0004715539953984351
1.7453481403267475,24.44901299403245,2.489687632337121,0.292917203862254,0.5069728655547395,-0.05705737866625555,-0.005803531490998793,0.05705737866625555,0.005803531490998793,0.04380532999149014,0.00030380829792459155,-0.03999898961364309,-0.056991332965537676,-5.705737866625555e-11,-5.803531490998793e-12,-0.057057378964385966,0.04380532025084841,-0.005803531519205938,0.0003038082833871013
1.7453481403267475,29.648851141244215,2.4630516005820056,0.292917203862254,0.48033683379962433,-0.05705737866625555,-0.004534265880143972,0.05705737866625555,0.004534265880143972,0.04380532999149014,0.00019573465768906405,-0.04043154829705426,-0.054580981609741695,-5.705737866625555e-11,-4.534265880143972e-12,-0.05705737896565817,0.04380533482912165,-0.004534265902158096,0.00019573468588407917
1.7453481403267475,35.95459555812005,2.437815008986046,0.292917203862254,0.45510024220366474,-0.05705737866625555,-0.00354259593554811,0.05705737866625555,0.00354259593554811,0.04380532999149014,0.00012610602304932608,-0.040850101168459156,-0.052248674989268336,-5.705737866625555e-11,-3.5425959355481098e-12,-0.05705737896565817,0.04380530567257517,-0.0035425959527779697,0.00012610596087102245
1.7453481403267475,43.601451388100436,2.413904331853783,0.292917203862254,0.431189565071402,-0.05705737866625555,-0.002767809893442663,0.05705737866625555,0.002767809893442663,0.04380532999149014,8.124636299504802e-05,-0.04125473757718924,-0.04999391522188696,-5.705737866625555e-11,-2.767809893442663e-12,-0.05705737896565817,0.04380533482912165,-0.0027678099069098063,8.124635763992965e-05
1.7453481403267475,52.87464741679016,2.3912499064830115,0.292917203862254,0.40853513970063016,-0.05705737866625555,-0.0021624740008780612,0.05705737866625555,0.0021624740008780612,0.04380532999149014,5.234461717455907e-05,-0.04164558019514371,-0.047816018741667805,-5.705737866625555e-11,-2.162474000878061e-12,-0.057057378964385966,0.04380532025084841,-0.002162474011399466,5.234460465020004e-05
1.7453481403267475,64.12007514531668,2.36978573020557,0.292917203862254,0.387070963423189,-0.05705737866625555,-0.001689528538629904,0.05705737866625555,0.001689528538629904,0.04380532999149014,3.3724081252943594e-05,-0.042022782261596926,-0.045714131651771336,-5.705737866625555e-11,-1.689528538629904e-12,-0.05705737896565817,0.04380533482912165,-0.0016895285468450398,3.372409098595545e-05
1.7453481403267475,77.75719059141188,2.3494492680914854,0.292917203862254,0.36673450130910396,-0.05705737866625555,-0.0013200189605451172,0.05705737866625555,0.0013200189605451172,0.04380532999149014,2.172742332917296e-05,-0.04238652483352554,-0.043687245046479264,-5.705737866625555e-11,-1.3200189605451172e-12,-0.057057378964385966,0.04380532025084841,-0.0013200189669490797,2.1727417870031313e-05
1.7453481403267475,94.29466005719073,2.33018127075621,0.292917203862254,0.34746650397382856,-0.05705737866625555,-0.0010313232457213309,0.05705737866625555,0.0010313232457213309,0.04380532999149014,1.39983331490723e-05,-0.042737014067042944,-0.04173421015988668,-5.705737866625555e-11,-1.0313232457213309e-12,-0.057057378964385966,0.04380532025084841,-0.0010313232507332603,1.3998329124118205e-05
1.7453481403267475,114.34933345293979,2.3119256017401595,0.292917203862254,0.3292108349577785,-0.05705737866625555,-0.0008057669389278654,0.05705737866625555,0.0008057669389278654,0.04380532999149014,9.018710041393375e-06,-0.04307447855247232,-0.0398537532157026,-5.705737866625555e-11,-8.057669389278655e-13,-0.057057378964385966,0.04380534940739489,-0.000805766942845301,9.01871520182505e-06
1.7453481403267475,138.6692528845326,2.294629073957616,0.292917203862254,0.31191430717523483,-0.05705737866625555,-0.0006295410896271181,0.05705737866625555,0.0006295410896271181,0.04380532999149014,5.810486859010076e-06,-0.04339916672253739,-0.038044489869616074,-5.705737866625555e-11,-6.295410896271181e-13,-0.057057378964385966,0.04380532025084841,-0.0006295410926893784,5.810485123998944e-06
1.7453481403267475,168.16155472797897,2.278241294738499,0.292917203862254,0.2955265279561175,-0.05705737866625555,-0.0004918568439358354,0.05705737866625555,0.0004918568439358354,0.04380532999149014,3.7435240055142786e-06,-0.04371134435015968,-0.036304939152347684,-5.705737866625555e-11,-4.918568439358354e-13,-0.057057378964385966,0.04380532025084841,-0.0004918568463254249,3.7435222118635078e-06
1.7453481403267475,203.9263059423702,2.262714519011548,0.292917203862254,0.2799997522291665,-0.05705737866625555,-0.00038428493217148603,0.05705737866625555,0.00038428493217148603,0.04380532999149014,2.4118412656128398e-06,-0.04401129214947152,-0.0346335368375499,-5.705737866625555e-11,-3.8428493217148604e-13,-0.057057378964385966,0.04380532025084841,-0.0003842849340397061,2.411840696052486e-06
1.7453481403267475,247.29753672039521,2.2480035102011655,0.292917203862254,0.26528874341878433,-0.05705737866625555,-0.0003002396142592021,0.05705737866625555,0.0003002396142592021,0.04380532999149014,1.553877651631041e-06,-0.044299303490925895,-0.03302864817392483,-5.705737866625555e-11,-3.002396142592021e-13,-0.05705737896565817,0.04380533482912165,-0.0003002396157147192,1.5538776233140892e-06
1.7453481403267475,299.893,2.234065408432651,0.292917203862254,0.25135064165026993,-0.05705737866625555,-0.00023457548923695002,0.05705737866625555,0.00023457548923695002,0.04380532999149014,1.001117192355889e-06,-0.044575682238835526,-0.03148857993512833,-5.705737866625555e-11,-2.3457548923695e-13,-0.05705737896565817,0.04380533482912165,-0.00023457549037856227,1.0011172199867804e-06
1.984355318681537,0.134,4.147081247850329,0.2804112791815063,2.1768724057486954,-0.04804243842983957,-4.546708768677904,0.04804243842983957,4.546708768677904,0.03244164078228066,43.4271127604176,-0.022988039665270403,-0.146912717304165,-4.804243842983957e-11,-4.5467087686779044e-09,-0.04804243868108584,0.032441652451740015,-4.546708790791364,43.42711186077002
1.984355318681537,0.1624992409262676,4.032709756857591,0.2804112791815063,2.0625009147559576,-0.04804243842983957,-3.552317493020029,0.04804243842983957,3.552317493020029,0.03244164078228066,27.97879817191351,-0.023640002372739312,-0.1431416915544813,-4.804243842983957e-11,-3.552317493020029e-09,-0.04804243868108584,0.03244160733981774,-3.552317510294488,27.97879732755106
1.984355318681537,0.19705972613144151,3.924347271223807,0.2804112791815063,1.9541384291221735,-0.04804243842983957,-2.77540529055822,0.04804243842983957,2.77540529055822,0.03244164078228066,18.025908180066246,-0.024292770652519946,-0.1393660062837914,-4.804243842983957e-11,-2.77540529055822e-09,-0.04804243868108584,0.032441652451740015,-2.77540530405747,18.025907839649417
1.984355318681537,0.23897056651863752,3.8216780816311164,0.2804112791815063,1.851469239529483,-0.04804243842983957,-2.168408241097251,0.04804243842983957,2.168408241097251,0.03244164078228066,11.613556941211405,-0.02494539471519108,-0.13559115518111023,-4.804243842983957e-11,-2.168408241097251e-09,-0.04804243868108584,0.032441652451740015,-2.1684082516454217,11.613556796865854
1.984355318681537,0.2897950422611845,3.724403065928325,0.2804112791815063,1.7541942238266917,-0.04804243842983957,-1.6941649264899823,0.04804243842983957,1.6941649264899823,0.03244164078228066,7.482269602144617,-0.025596925610123285,-0.1318226270837866,-4.804243842983957e-11,-1.6941649264899822e-09,-0.04804243868108584,0.032441629895778874,-1.6941649347313636,7.482269921611293
1.984355318681537,0.35142891337043375,3.6322388176517233,0.2804112791815063,1.6620299755500898,-0.04804243842983957,-1.323641343798085,0.04804243842983957,1.323641343798085,0.03244164078228066,4.8206039443879165,-0.026246420735714808,-0.12806587410567782,-4.804243842983957e-11,-1.323641343798085e-09,-0.04804243868108584,0.032441652451740015,-1.3236413502298119,4.820603612226277
1.984355318681537,0.4261711318077503,3.5449168203328636,0.2804112791815063,1.5747079782312299,-0.04804243842983957,-1.0341533929884241,0.04804243842983957,1.0341533929884241,0.03244164078228066,3.1057718612528524,-0.026892949271438968,-0.12432628021757594,-4.804243842983957e-11,-1.034153392988424e-09,-0.04804243868108584,0.032441629895778874,-1.0341533980222497,3.1057718930715947
1.984355318681537,0.5168095927122967,3.4621826651876875,0.2804112791815063,1.491973823086054,-0.04804243842983957,-0.8079781167613735,0.04804243842983957,0.8079781167613735,0.03244164078228066,2.00095651196974,-0.02753559746551222,-0.12060913066273964,-4.804243842983957e-11,-8.079781167613735e-10,-0.04804243868108584,0.032441652451740015,-0.8079781206893998,2.00095665665979
1.984355318681537,0.6267251232773262,3.383795309907763,0.2804112791815063,1.4135864678061296,-0.04804243842983957,-0.6312686701909447,0.04804243842983957,0.6312686701909447,0.03244164078228066,1.2891568156519335,-0.028173473715016488,-0.11691958257289443,-4.804243842983957e-11,-6.312686701909447e-10,-0.04804243868108584,0.032441629895778874,-0.6312686732584893,1.2891567686972332
1.984355318681537,0.7600175880745298,3.309526376394161,0.2804112791815063,1.3393175342925274,-0.04804243842983957,-0.49320659272550027,0.04804243842983957,0.49320659272550027,0.03244164078228066,0.8305654247856867,-0.02880571337961391,-0.11326263712516425,-4.804243842983957e-11,-4.932065927255003e-10,-0.04804243868108584,0.032441629895778874,-0.4932065951231925,0.8305654563132817
1.984355318681537,0.9216588145725657,3.239159485387947,0.2804112791815063,1.2689506432863136,-0.04804243842983957,-0.38533948316224703,0.04804243842983957,0.38533948316224703,0.03244164078228066,0.535108620203488,-0.029431483275441307,-0.1096431135488798,-4.804243842983957e-11,-3.85339483162247e-10,-0.04804243868108584,0.032441629895778874,-0.38533948503670273,0.5351086567047352
1.984355318681537,1.117678042992877,3.1724896260587623,0.2804112791815063,1.2022807839571288,-0.04804243842983957,-0.3010635289021562,0.04804243842983957,0.3010635289021562,0.03244164078228066,0.3447545814828088,-0.030049985802196796,-0.10606562525404417,-4.804243842983957e-11,-3.010635289021562e-10,-0.04804243868108584,0.032441629895778874,-0.3010635303668195,0.3447545850808318
1.984355318681537,1.3553868178082003,3.1093225587148217,0.2804112791815063,1.139113716613188,-0.04804243842983957,-0.23521920902368526,0.04804243842983957,0.23521920902368526,0.03244164078228066,0.22211513133200658,-0.030660462663637766,-0.10253455831155384,-4.804243842983957e-11,-2.352192090236853e-10,-0.04804243868108584,0.032441629895778874,-0.2352192101667671,0.2221151165727118
1.984355318681537,1.643651709367924,3.0494742488941453,0.2804112791815063,1.0792654067925118,-0.04804243842983957,-0.18377541941225786,0.04804243842983957,0.18377541941225786,0.03244164078228066,0.14310217823485172,-0.03126219814948556,-0.09905405247029195,-4.804243842983957e-11,-1.8377541941225786e-10,-0.04804243868108584,0.032441652451740015,-0.18377542030601993,0.14310216206181678
1.984355318681537,1.99322503820485,2.9927703311882796,0.2804112791815063,1.0225614890866463,-0.04804243842983957,-0.14358268153495263,0.04804243842983957,0.14358268153495263,0.03244164078228066,0.09219648068437712,-0.03185452195485724,-0.09562798484921761,-4.804243842983957e-11,-1.4358268153495262e-10,-0.04804243868108584,0.032441652451740015,-0.14358268223368859,0.09219648562739743
1.984355318681537,2.4171459380859606,2.939045601236379,0.2804112791815063,0.9688367591347453,-0.04804243842983957,-0.11218032587111348,0.04804243842983957,0.11218032587111348,0.03244164078228066,0.059399452582997524,-0.03243681152159675,-0.09225995639484229,-4.804243842983957e-11,-1.1218032587111349e-10,-0.04804243868108584,0.032441629895778874,-0.11218032641640963,0.05939943916095749
1.984355318681537,2.931226717514774,2.88814353440959,0.2804112791815063,0.9179346923079563,-0.04804243842983957,-0.08764584543217176,0.04804243842983957,0.08764584543217176,0.03244164078228066,0.03826930204894082,-0.03300849389404428,-0.08895328114725122,-4.804243842983957e-11,-8.764584543217176e-11,-0.04804243868108584,0.032441652451740015,-0.08764584585862861,0.03826930693918466
1.984355318681537,3.554642661036909,2.83991582978346,0.2804112791815063,0.8697069876818265,-0.04804243842983957,-0.06847719653039638,0.04804243842983957,0.06847719653039638,0.03244164078228066,0.024655774011834514,-0.03356904708966373,-0.08571097831223942,-4.804243842983957e-11,-6.847719653039638e-11,-0.04804243868108584,0.032441629895778874,-0.06847719686293686,0.024655773304149534
1.984355318681537,4.310647270019593,2.7942219780697384,0.2804112791815063,0.8240131359681051,-0.04804243842983957,-0.053500841044329936,0.04804243842983957,0.053500841044329936,0.03244164078228066,0.01588498246833012,-0.03411800099236894,-0.08253576709421227,-4.804243842983957e-11,-5.350084104432994e-11,-0.04804243868108584,0.032441652451740015,-0.05350084130443344,0.015884985248804426
1.984355318681537,5.227439621485609,2.7509288522487694,0.2804112791815063,0.7807200101471361,-0.04804243842983957,-0.04179990036800194,0.04804243842983957,0.04179990036800194,0.03244164078228066,0.010234222129795554,-0.03465493778319693,-0.07943006420512269,-4.804243842983957e-11,-4.179990036800194e-11,-0.04804243868108584,0.032441652451740015,-0.04179990057114122,0.010234223536502704
1.984355318681537,6.339216197606768,2.7099103197097976,0.2804112791815063,0.7397014776081641,-0.04804243842983957,-0.032658022503368904,0.04804243842983957,0.032658022503368904,0.03244164078228066,0.006593605174624262,-0.03517949192905085,-0.07639598392958362,-4.804243842983957e-11,-3.2658022503368906e-11,-0.04804243868108584,0.032441629895778874,-0.03265802266242773,0.006593604414567962
1.984355318681537,7.687446419243286,2.671046874769174,0.2804112791815063,0.7008380326675407,-0.04804243842983957,-0.025515525741467954,0.04804243842983957,0.025515525741467954,0.03244164078228066,0.004248063863325616,-0.03569134975548526,-0.0734353405959259,-4.804243842983957e-11,-2.5515525741467955e-11,-0.04804243868108584,0.032441652451740015,-0.025515525865790586,0.004248064206330672
1.984355318681537,9.322419461107367,2.6342252904958254,0.2804112791815063,0.6640164483941917,-0.04804243842983957,-0.019935133971946847,0.04804243842983957,0.019935133971946847,0.03244164078228066,0.0027369013019378032,-0.03619024863387383,-0.0705496532777117,-4.804243842983957e-11,-1.9935133971946848e-11,-0.04804243868108584,0.032441629895778874,-0.019935134068892982,0.002736900589573992
1.984355318681537,11.305120044971734,2.5993382888295855,0.2804112791815063,0.6291294467279519,-0.04804243842983957,-0.01557520587685156,0.04804243842983957,0.01557520587685156,0.03244164078228066,0.0017633041728060922,-0.03667597581675624,-0.06774015253021959,-4.804243842983957e-11,-1.557520587685156e-11,-0.04804243868108584,0.032441629895778874,-0.015575205952653394,0.0017633038544047047
1.984355318681537,13.709503178270442,2.566284228031307,0.2804112791815063,0.5960753859296735,-0.04804243842983957,-0.012168819053219565,0.04804243842983957,0.012168819053219565,0.03244164078228066,0.0011360444761504365,-0.037148366957706846,-0.06500778895169064,-4.804243842983957e-11,-1.2168819053219565e-11,-0.04804243868108584,0.032441629895778874,-0.01216881911233734,0.0011360441806151287
1.984355318681537,16.625252686158202,2.5349668065541393,0.2804112791815063,0.5647579644525057,-0.04804243842983957,-0.009507428557980204,0.04804243842983957,0.009507428557980204,0.03244164078228066,0.0007319196946821074,-0.03760730435372918,-0.062353243349516745,-4.804243842983957e-11,-9.507428557980204e-12,-0.04804243868108584,0.032441629895778874,-0.009507428604287502,0.0007319195962232434
1.984355318681537,20.161126430657447,2.5052947824732232,0.2804112791815063,0.5350859403715899,-0.04804243842983957,-0.0074280994227769615,0.04804243842983957,0.0074280994227769615,0.03244164078228066,0.00047155410788037716,-0.03805271494900475,-0.05977693828678245,-4.804243842983957e-11,-7.428099422776961e-12,-0.04804243868108584,0.032441652451740015,-0.007428099458894082,0.00047155421390808976
1.984355318681537,24.44901299403245,2.477181707656373,0.2804112791815063,0.5069728655547395,-0.04804243842983957,-0.005803531490998793,0.04804243842983957,0.005803531490998793,0.03244164078228066,0.00030380829792459155,-0.03848456813887743,-0.05727905078426674,-4.804243842983957e-11,-5.803531490998793e-12,-0.04804243868108584,0.032441652451740015,-0.005803531519205938,0.0003038082833871013
1.984355318681537,29.648851141244215,2.4505456759012576,0.2804112791815063,0.48033683379962433,-0.04804243842983957,-0.004534265880143972,0.04804243842983957,0.004534265880143972,0.03244164078228066,0.00019573465768906405,-0.03890287341231496,-0.05485952595671114,-4.804243842983957e-11,-4.534265880143972e-12,-0.04804243868108584,0.032441652451740015,-0.004534265902232987,0.00019573473640304852
1.984355318681537,35.95459555812005,2.4253090843052982,0.2804112791815063,0.45510024220366474,-0.04804243842983957,-0.00354259593554811,0.04804243842983957,0.00354259593554811,0.03244164078228066,0.00012610602304932608,-0.03930767786984542,-0.05251809136935493,-4.804243842983957e-11,-3.5425959355481098e-12,-0.04804243868108584,0.032441652451740015,-0.0035425959527779697,0.00012610602957650608
1.984355318681537,43.601451388100436,2.4013984071730357,0.2804112791815063,0.431189565071402,-0.04804243842983957,-0.002767809893442663,0.04804243842983957,0.002767809893442663,0.03244164078228066,8.124636299504802e-05,-0.039699063652211826,-0.050254271910886605,-4.804243842983957e-11,-2.767809893442663e-12,-0.04804243868108584,0.032441629895778874,-0.0027678099069098063,8.124635763992965e-05
1.984355318681537,52.87464741679016,2.3787439818022635,0.2804112791815063,0.40853513970063016,-0.04804243842983957,-0.0021624740008780612,0.04804243842983957,0.0021624740008780612,0.03244164078228066,5.234461717455907e-05,-0.040077145312818765,-0.04806740499150856,-4.804243842983957e-11,-2.162474000878061e-12,-0.04804243868108584,0.032441652451740015,-0.0021624740113574716,5.234462053476234e-05
1.984355318681537,64.12007514531668,2.3572798055248225,0.2804112791815063,0.387070963423189,-0.04804243842983957,-0.001689528538629904,0.04804243842983957,0.001689528538629904,0.03244164078228066,3.3724081252943594e-05,-0.04044206716455433,-0.04595665588921779,-4.804243842983957e-11,-1.689528538629904e-12,-0.04804243868108584,0.032441629895778874,-0.0016895285468796692,3.372408018450256e-05
1.984355318681537,77.75719059141188,2.3369433434107374,0.2804112791815063,0.36673450130910396,-0.04804243842983957,-0.0013200189605451172,0.04804243842983957,0.0013200189605451172,0.03244164078228066,2.172742332917296e-05,-0.040794000628849136,-0.0439210330831474,-4.804243842983957e-11,-1.3200189605451172e-12,-0.04804243868108584,0.032441652451740015,-0.0013200189669776358,2.1727425214985635e-05
1.984355318681537,94.29466005719073,2.317675346075462,0.2804112791815063,0.34746650397382856,-0.04804243842983957,-0.0010313232457213309,0.04804243842983957,0.0010313232457213309,0.03244164078228066,1.39983331490723e-05,-0.0411331416119652,-0.041959403429407294,-4.804243842983957e-11,-1.0313232457213309e-12,-0.04804243868108584,0.032441652451740015,-0.0010313232507097123,1.3998334118664267e-05
1.984355318681537,114.34933345293979,2.299419677059412,0.2804112791815063,0.3292108349577785,-0.04804243842983957,-0.0008057669389278654,0.04804243842983957,0.0008057669389278654,0.03244164078228066,9.018710041393375e-06,-0.041459707930567226,-0.040070507051869673,-4.804243842983957e-11,-8.057669389278655e-13,-0.04804243868108584,0.032441629895778874,-0.000805766942845301,9.018708409273517e-06
1.984355318681537,138.6692528845326,2.2821231492768685,0.2804112791815063,0.31191430717523483,-0.04804243842983957,-0.0006295410896271181,0.04804243842983957,0.0006295410896271181,0.03244164078228066,5.810486859010076e-06,-0.041773936805684864,-0.03825297183737388,-4.804243842983957e-11,-6.295410896271181e-13,-0.04804243868108584,0.032441629895778874,-0.0006295410926893784,5.810485123998944e-06
1.984355318681537,168.16155472797897,2.265735370057751,0.2804112791815063,0.2955265279561175,-0.04804243842983957,-0.0004918568439358354,0.04804243842983957,0.0004918568439358354,0.03244164078228066,3.7435240055142786e-06,-0.04207608244128373,-0.036505327441544416,-4.804243842983957e-11,-4.918568439358354e-13,-0.04804243868108584,0.032441652451740015,-0.0004918568463386291,3.743523782287036e-06
1.984355318681537,203.9263059423702,2.2502085943308,0.2804112791815063,0.2799997522291665,-0.04804243842983957,-0.00038428493217148603,0.04804243842983957,0.00038428493217148603,0.03244164078228066,2.4118412656128398e-06,-0.04236641370087471,-0.03482601872754424,-4.804243842983957e-11,-3.8428493217148604e-13,-0.04804243868108584,0.032441652451740015,-0.0003842849340288176,2.411841763935594e-06
1.984355318681537,247.29753672039521,2.235497585520418,0.2804112791815063,0.26528874341878433,-0.04804243842983957,-0.0003002396142592021,0.04804243842983957,0.0003002396142592021,0.03244164078228066,1.553877651631041e-06,-0.04264521189294378,-0.03321341857539849,-4.804243842983957e-11,-3.002396142592021e-13,-0.04804243868108584,0.032441629895778874,-0.00030023961572369804,1.553876897156902e-06
1.984355318681537,299.893,2.2215594837519035,0.2804112791815063,0.25135064165026993,-0.04804243842983957,-0.00023457548923695002,0.04804243842983957,0.00023457548923695002,0.03244164078228066,1.001117192355889e-06,-0.042912768673507615,-0.03166584001384895,-4.804243842983957e-11,-2.3457548923695e-13,-0.04804243868108584,0.032441629895778874,-0.00023457549037856227,1.0011172199867804e-06
2.2560920310388806,0.134,4.135109256137868,0.2684392874690458,2.1768724057486954,-0.04045183890738308,-4.546708768677904,0.04045183890738308,4.546708768677904,0.024025844728278314,43.4271127604176,-0.02207029264446906,-0.14733805983445242,-4.045183890738308e-11,-4.5467087686779044e-09,-0.04045183911712635,0.024025857689126337,-4.546708790791364,43.42711186077002
2.2560920310388806,0.1624992409262676,4.020737765145131,0.2684392874690458,2.0625009147559576,-0.04045183890738308,-3.552317493020029,0.04045183890738308,3.552317493020029,0.024025844728278314,27.97879817191351,-0.02269809093021547,-0.14356790466388958,-4.045183890738308e-11,-3.552317493020029e-09,-0.04045183911909475,0.024025840239481424,-3.552317510294488,27.97879732755106
2.2560920310388806,0.19705972613144151,3.9123752795113464,0.2684392874690458,1.9541384291221735,-0.04045183890738308,-2.77540529055822,0.04045183890738308,2.77540529055822,0.024025844728278314,18.025908180066246,-0.023326768236613084,-0.13979247065722866,-4.045183890738308e-11,-2.77540529055822e-09,-0.04045183911909475,0.024025840239481424,-2.77540530405747,18.025907839649417
2.2560920310388806,0.23897056651863752,3.809706089918656,0.2684392874690458,1.851469239529483,-0.04045183890738308,-2.168408241097251,0.04045183890738308,2.168408241097251,0.024025844728278314,11.613556941211405,-0.023955410009532822,-0.1360172500419203,-4.045183890738308e-11,-2.168408241097251e-09,-0.04045183911909475,0.024025840239481424,-2.1684082516454217,11.613556796865854
2.2560920310388806,0.2897950422611845,3.7124310742158646,0.2684392874690458,1.7541942238266917,-0.04045183890738308,-1.6941649264899823,0.04045183890738308,1.6941649264899823,0.024025844728278314,7.482269602144617,-0.02458310190151934,-0.13224773380426494,-4.045183890738308e-11,-1.6941649264899822e-09,-0.04045183911811055,0.02402584896430388,-1.6941649347313636,7.482269921611293
2.2560920310388806,0.35142891337043375,3.6202668259392627,0.2684392874690458,1.6620299755500898,-0.04045183890738308,-1.323641343798085,0.04045183890738308,1.323641343798085,0.024025844728278314,4.8206039443879165,-0.025208935083434823,-0.12848937979107558,-4.045183890738308e-11,-1.323641343798085e-09,-0.04045183911909475,0.024025840239481424,-1.3236413502298119,4.820603612226277
2.2560920310388806,0.4261711318077503,3.532944828620403,0.2684392874690458,1.5747079782312299,-0.04045183890738308,-1.0341533929884241,0.04045183890738308,1.0341533929884241,0.024025844728278314,3.1057718612528524,-0.02583201148811975,-0.1247475812196035,-4.045183890738308e-11,-1.034153392988424e-09,-0.04045183911909475,0.024025840239481424,-1.0341533980222497,3.1057718930715947
2.2560920310388806,0.5168095927122967,3.450210673475227,0.2684392874690458,1.491973823086054,-0.04045183890738308,-0.8079781167613735,0.04045183890738308,0.8079781167613735,0.024025844728278314,2.00095651196974,-0.026451448922071397,-0.12102763598006479,-4.045183890738308e-11,-8.079781167613735e-10,-0.04045183911909475,0.024025840239481424,-0.8079781206893998,2.00095665665979
2.2560920310388806,0.6267251232773262,3.3718233181953026,0.2684392874690458,1.4135864678061296,-0.04045183890738308,-0.6312686701909447,0.04045183890738308,0.6312686701909447,0.024025844728278314,1.2891568156519335,-0.027066385983908006,-0.1173347170984888,-4.045183890738308e-11,-6.312686701909447e-10,-0.04045183911811055,0.02402584896430388,-0.6312686732584893,1.2891567686972332
2.2560920310388806,0.7600175880745298,3.2975543846817006,0.2684392874690458,1.3393175342925274,-0.04045183890738308,-0.49320659272550027,0.04045183890738308,0.49320659272550027,0.024025844728278314,0.8305654247856867,-0.02767598673239919,-0.11367384470351168,-4.045183890738308e-11,-4.932065927255003e-10,-0.04045183911909475,0.024025840239481424,-0.4932065951231925,0.8305654563132817
2.2560920310388806,0.9216588145725657,3.2271874936754865,0.2684392874690458,1.2689506432863136,-0.04045183890738308,-0.38533948316224703,0.04045183890738308,0.38533948316224703,0.024025844728278314,0.535108620203488,-0.02827944505197459,-0.11004985980992228,-4.045183890738308e-11,-3.85339483162247e-10,-0.04045183911811055,0.02402584896430388,-0.38533948503670273,0.5351086567047352
2.2560920310388806,1.117678042992877,3.1605176343463017,0.2684392874690458,1.2022807839571288,-0.04045183890738308,-0.3010635289021562,0.04045183890738308,0.3010635289021562,0.024025844728278314,0.3447545814828088,-0.02887598866971413,-0.10646740019518637,-4.045183890738308e-11,-3.010635289021562e-10,-0.04045183911811055,0.02402584896430388,-0.3010635303668195,0.3447545850808318
2.2560920310388806,1.3553868178082003,3.097350567002361,0.2684392874690458,1.139113716613188,-0.04045183890738308,-0.23521920902368526,0.04045183890738308,0.23521920902368526,0.024025844728278314,0.22211513133200658,-0.0294648827846893,-0.10293087860394319,-4.045183890738308e-11,-2.352192090236853e-10,-0.04045183911909475,0.024025840239481424,-0.2352192101667671,0.2221151165727118
2.2560920310388806,1.643651709367924,3.0375022571816848,0.2684392874690458,1.0792654067925118,-0.04045183890738308,-0.18377541941225786,0.04045183890738308,0.18377541941225786,0.024025844728278314,0.14310217823485172,-0.030045433277963395,-0.09944446347079612,-4.045183890738308e-11,-1.8377541941225786e-10,-0.04045183911909475,0.024025840239481424,-0.18377542030601993,0.14310216206181678
2.2560920310388806,1.99322503820485,2.980798339475819,0.2684392874690458,1.0225614890866463,-0.04045183890738308,-0.14358268153495263,0.04045183890738308,0.14358268153495263,0.024025844728278314,0.09219648068437712,-0.030616989479356847,-0.09601206230488858,-4.045183890738308e-11,-1.4358268153495262e-10,-0.04045183911811055,0.02402584896430388,-0.14358268223368859,0.09219648562739743
2.2560920310388806,2.4171459380859606,2.9270736095239185,0.2684392874690458,0.9688367591347453,-0.04045183890738308,-0.11218032587111348,0.04045183890738308,0.11218032587111348,0.024025844728278314,0.059399452582997524,-0.03117894647502877,-0.09263730783204467,-4.045183890738308e-11,-1.1218032587111349e-10,-0.04045183911909475,0.024025840239481424,-0.11218032641640963,0.05939943916095749
2.2560920310388806,2.931226717514774,2.8761715426971293,0.2684392874690458,0.9179346923079563,-0.04045183890738308,-0.08764584543217176,0.04045183890738308,0.08764584543217176,0.024025844728278314,0.03826930204894082,-0.03173074694781021,-0.08932354694290415,-4.045183890738308e-11,-8.764584543217176e-11,-0.04045183911909475,0.024025840239481424,-0.08764584585862861,0.03826930693918466
2.2560920310388806,3.554642661036909,2.8279438380709996,0.2684392874690458,0.8697069876818265,-0.04045183890738308,-0.06847719653039638,0.04045183890738308,0.06847719653039638,0.024025844728278314,0.024655774011834514,-0.032271882549855725,-0.08607383244965432,-4.045183890738308e-11,-6.847719653039638e-11,-0.04045183911909475,0.024025840239481424,-0.06847719686293686,0.024655773304149534
2.2560920310388806,4.310647270019593,2.782249986357278,0.2684392874690458,0.8240131359681051,-0.04045183890738308,-0.053500841044329936,0.04045183890738308,0.053500841044329936,0.024025844728278314,0.01588498246833012,-0.032801894814384995,-0.08289091761069307,-4.045183890738308e-11,-5.350084104432994e-11,-0.04045183911811055,0.02402584896430388,-0.05350084130443344,0.015884985248804426
2.2560920310388806,5.227439621485609,2.738956860536309,0.2684392874690458,0.7807200101471361,-0.04045183890738308,-0.04179990036800194,0.04045183890738308,0.04179990036800194,0.024025844728278314,0.010234222129795554,-0.03332037561991594,-0.07977725334274122,-4.045183890738308e-11,-4.179990036800194e-11,-0.04045183911811055,0.02402584896430388,-0.04179990057114122,0.010234223536502704
2.2560920310388806,6.339216197606768,2.697938327997337,0.2684392874690458,0.7397014776081641,-0.04045183890738308,-0.032658022503368904,0.04045183890738308,0.032658022503368904,0.024025844728278314,0.006593605174624262,-0.033826967226326304,-0.07673498800427984,-4.045183890738308e-11,-3.2658022503368906e-11,-0.04045183911811055,0.02402584896430388,-0.03265802266242773,0.006593604414567962
2.2560920310388806,7.687446419243286,2.6590748830567135,0.2684392874690458,0.7008380326675407,-0.04045183890738308,-0.025515525741467954,0.04045183890738308,0.025515525741467954,0.024025844728278314,0.004248063863325616,-0.034321361907230286,-0.07376596960326151,-4.045183890738308e-11,-2.5515525741467955e-11,-0.04045183911811055,0.02402584896430388,-0.025515525865790586,0.004248064206330672
2.2560920310388806,9.322419461107367,2.622253298783365,0.2684392874690458,0.6640164483941917,-0.04045183890738308,-0.019935133971946847,0.04045183890738308,0.019935133971946847,0.024025844728278314,0.0027369013019378032,-0.03480330120746094,-0.07087175025619567,-4.045183890738308e-11,-1.9935133971946848e-11,-0.04045183911909475,0.024025840239481424,-0.019935134068892982,0.002736900589573992
2.2560920310388806,11.305120044971734,2.587366297117125,0.2684392874690458,0.6291294467279519,-0.04045183890738308,-0.01557520587685156,0.04045183890738308,0.01557520587685156,0.024025844728278314,0.0017633041728060922,-0.03527257485787843,-0.06805359270511721,-4.045183890738308e-11,-1.557520587685156e-11,-0.04045183911909475,0.024025840239481424,-0.015575205952653394,0.0017633038544047047
2.2560920310388806,13.709503178270442,2.5543122363188466,0.2684392874690458,0.5960753859296735,-0.04045183890738308,-0.012168819053219565,0.04045183890738308,0.012168819053219565,0.024025844728278314,0.0011360444761504365,-0.03572901938227392,-0.06531247868363063,-4.045183890738308e-11,-1.2168819053219565e-11,-0.04045183911909475,0.024025840239481424,-0.01216881911233734,0.0011360441806151287
2.2560920310388806,16.625252686158202,2.5229948148416788,0.2684392874690458,0.5647579644525057,-0.04045183890738308,-0.009507428557980204,0.04045183890738308,0.009507428557980204,0.024025844728278314,0.0007319196946821074,-0.036172516432833965,-0.0626491189130471,-4.045183890738308e-11,-9.507428557980204e-12,-0.04045183911909475,0.024025840239481424,-0.009507428604287502,0.0007319195962232434
2.2560920310388806,20.161126430657447,2.4933227907607627,0.2684392874690458,0.5350859403715899,-0.04045183890738308,-0.0074280994227769615,0.04045183890738308,0.0074280994227769615,0.024025844728278314,0.00047155410788037716,-0.03660299089151201,-0.06006396450433339,-4.045183890738308e-11,-7.428099422776961e-12,-0.04045183911811055,0.02402584896430388,-0.007428099458894082,0.00047155421390808976
2.2560920310388806,24.44901299403245,2.4652097159439124,0.2684392874690458,0.5069728655547395,-0.04045183890738308,-0.005803531490998793,0.04045183890738308,0.005803531490998793,0.024025844728278314,0.00030380829792459155,-0.03702040877478511,-0.05755721954080366,-4.045183890738308e-11,-5.803531490998793e-12,-0.04045183911811055,0.02402584896430388,-0.005803531519205938,0.0003038082833871013
2.2560920310388806,29.648851141244215,2.438573684188797,0.2684392874690458,0.48033683379962433,-0.04045183890738308,-0.004534265880143972,0.04045183890738308,0.004534265880143972,0.024025844728278314,0.00019573465768906405,-0.03742477497872885,-0.05512885461975777,-4.045183890738308e-11,-4.534265880143972e-12,-0.04045183911811055,0.02402584896430388,-0.004534265902232987,0.00019573473640304852
2.2560920310388806,35.95459555812005,2.4133370925928377,0.2684392874690458,0.45510024220366474,-0.04045183890738308,-0.00354259593554811,0.04045183890738308,0.00354259593554811,0.024025844728278314,0.00012610602304932608,-0.03781613090020691,-0.052778621138096296,-4.045183890738308e-11,-3.5425959355481098e-12,-0.04045183911909475,0.024025840239481424,-0.0035425959527779697,0.00012610602957650608
2.2560920310388806,43.601451388100436,2.389426415460575,0.2684392874690458,0.431189565071402,-0.04045183890738308,-0.002767809893442663,0.04045183890738308,0.002767809893442663,0.024025844728278314,8.124636299504802e-05,-0.03819455196833256,-0.05050606611678472,-4.045183890738308e-11,-2.767809893442663e-12,-0.04045183911909475,0.024025840239481424,-0.0027678099069098063,8.124635763992965e-05
2.2560920310388806,52.87464741679016,2.366771990089803,0.2684392874690458,0.40853513970063016,-0.04045183890738308,-0.0021624740008780612,0.04045183890738308,0.0021624740008780612,0.024025844728278314,5.234461717455907e-05,-0.038560145118310574,-0.0483105473713438,-4.045183890738308e-11,-2.162474000878061e-12,-0.04045183911811055,0.02402584896430388,-0.0021624740113574716,5.234462053476234e-05
2.2560920310388806,64.12007514531668,2.345307813812362,0.2684392874690458,0.387070963423189,-0.04045183890738308,-0.001689528538629904,0.04045183890738308,0.001689528538629904,0.024025844728278314,3.3724081252943594e-05,-0.038913046237399815,-0.04619124884976558,-4.045183890738308e-11,-1.689528538629904e-12,-0.04045183911909475,0.024025840239481424,-0.0016895285468796692,3.372408018450256e-05
2.2560920310388806,77.75719059141188,2.324971351698277,0.2684392874690458,0.36673450130910396,-0.04045183890738308,-0.0013200189605451172,0.04045183890738308,0.0013200189605451172,0.024025844728278314,2.172742332917296e-05,-0.03925341761013629,-0.044147195974870795,-4.045183890738308e-11,-1.3200189605451172e-12,-0.04045183911811055,0.02402584896430388,-0.0013200189669776358,2.1727425214985635e-05
2.2560920310388806,94.29466005719073,2.3057033543630014,0.2684392874690458,0.34746650397382856,-0.04045183890738308,-0.0010313232457213309,0.04045183890738308,0.0010313232457213309,0.024025844728278314,1.39983331490723e-05,-0.039581445387205434,-0.04217727084464356,-4.045183890738308e-11,-1.0313232457213309e-12,-0.04045183911811055,0.02402584896430388,-0.0010313232507097123,1.3998334118664267e-05
2.2560920310388806,114.34933345293979,2.2874476853469514,0.2684392874690458,0.3292108349577785,-0.04045183890738308,-0.0008057669389278654,0.04045183890738308,0.0008057669389278654,0.024025844728278314,9.018710041393375e-06,-0.039897337099525,-0.04028022716106042,-4.045183890738308e-11,-8.057669389278655e-13,-0.04045183911811055,0.02402584896430388,-0.000805766942845301,9.018708409273517e-06
2.2560920310388806,138.6692528845326,2.270151157564408,0.2684392874690458,0.31191430717523483,-0.04045183890738308,-0.0006295410896271181,0.04045183890738308,0.0006295410896271181,0.024025844728278314,5.810486859010076e-06,-0.04020131923626157,-0.03845470477497499,-4.045183890738308e-11,-6.295410896271181e-13,-0.04045183911909475,0.024025840239481424,-0.0006295410926893784,5.810485123998944e-06
2.2560920310388806,168.16155472797897,2.2537633783452904,0.2684392874690458,0.2955265279561175,-0.04045183890738308,-0.0004918568439358354,0.04045183890738308,0.0004918568439358354,0.024025844728278314,3.7435240055142786e-06,-0.04049363490271136,-0.036699243751388666,-4.045183890738308e-11,-4.918568439358354e-13,-0.04045183911811055,0.02402584896430388,-0.0004918568463386291,3.743523782287036e-06
2.2560920310388806,203.9263059423702,2.2382366026183393,0.2684392874690458,0.2799997522291665,-0.04045183890738308,-0.00038428493217148603,0.04045183890738308,0.00038428493217148603,0.024025844728278314,2.4118412656128398e-06,-0.040774541571277106,-0.035012297875645214,-4.045183890738308e-11,-3.8428493217148604e-13,-0.04045183911811055,0.02402584896430388,-0.0003842849340288176,2.411841763935594e-06
2.2560920310388806,247.29753672039521,2.2235255938079574,0.2684392874690458,0.26528874341878433,-0.04045183890738308,-0.0003002396142592021,0.04045183890738308,0.0003002396142592021,0.024025844728278314,1.553877651631041e-06,-0.041044308936206364,-0.03339224753650174,-4.045183890738308e-11,-3.002396142592021e-13,-0.04045183911909475,0.024025840239481424,-0.00030023961572369804,1.553876897156902e-06
2.2560920310388806,299.893,2.209587492039443,0.2684392874690458,0.25135064165026993,-0.04045183890738308,-0.00023457548923695002,0.04045183890738308,0.00023457548923695002,0.024025844728278314,1.001117192355889e-06,-0.0413032168803508,-0.03183741193647239,-4.045183890738308e-11,-2.3457548923695e-13,-0.04045183911909475,0.024025840239481424,-0.00023457549037856227,1.0011172199867804e-06
2.565040244858492,0.134,4.123648401445222,0.2569784327763998,2.1768724057486954,-0.03406053740129312,-4.546708768677904,0.03406053740129312,4.546708768677904,0.017793218868961253,43.4271127604176,-0.021186735795710707,-0.14774755645736218,-3.406053740129312e-11,-4.5467087686779044e-09,-0.03406053757936533,0.017793222461429305,-4.546708790791364,43.42711186077002
2.565040244858492,0.1624992409262676,4.009276910452485,0.2569784327763998,2.0625009147559576,-0.03406053740129312,-3.552317493020029,0.03406053740129312,3.552317493020029,0.017793218868961253,27.97879817191351,-0.021791123723096634,-0.143978305574236,-3.406053740129312e-11,-3.552317493020029e-09,-0.03406053757936533,0.017793222461429305,-3.552317510294488,27.97879732755106
2.565040244858492,0.19705972613144151,3.9009144248187004,0.2569784327763998,1.9541384291221735,-0.03406053740129312,-2.77540529055822,0.03406053740129312,2.77540529055822,0.017793218868961253,18.025908180066246,-0.022396453672496337,-0.1402031797933059,-3.406053740129312e-11,-2.77540529055822e-09,-0.03406053757936533,0.017793222461429305,-2.77540530405747,18.025907839649417
2.565040244858492,0.23897056651863752,3.79824523522601,0.2569784327763998,1.851469239529483,-0.03406053740129312,-2.168408241097251,0.03406053740129312,2.168408241097251,0.017793218868961253,11.613556941211405,-0.023001845269379,-0.13642766954931976,-3.406053740129312e-11,-2.168408241097251e-09,-0.03406053757936533,0.017793222461429305,-2.1684082516454217,11.613556796865854
2.565040244858492,0.2897950422611845,3.7009702195232186,0.2569784327763998,1.7541942238266917,-0.03406053740129312,-1.6941649264899823,0.03406053740129312,1.6941649264899823,0.017793218868961253,7.482269602144617,-0.023606417780654237,-0.13265726751317375,-3.406053740129312e-11,-1.6941649264899822e-09,-0.03406053757849967,0.017793215711769967,-1.6941649347313636,7.482269921611293
2.565040244858492,0.35142891337043375,3.6088059712466167,0.2569784327763998,1.6620299755500898,-0.03406053740129312,-1.323641343798085,0.03406053740129312,1.323641343798085,0.017793218868961253,4.8206039443879165,-0.024209295232806603,-0.12889743667278847,-3.406053740129312e-11,-1.323641343798085e-09,-0.03406053757936533,0.017793222461429305,-1.3236413502298119,4.820603612226277
2.565040244858492,0.4261711318077503,3.521483973927757,0.2569784327763998,1.5747079782312299,-0.03406053740129312,-1.0341533929884241,0.03406053740129312,1.0341533929884241,0.017793218868961253,3.1057718612528524,-0.024809611471375972,-0.12515357877978045,-3.406053740129312e-11,-1.034153392988424e-09,-0.03406053757849967,0.017793215711769967,-1.0341533980222497,3.1057718930715947
2.565040244858492,0.5168095927122967,3.438749818782581,0.2569784327763998,1.491973823086054,-0.03406053740129312,-0.8079781167613735,0.03406053740129312,0.8079781167613735,0.017793218868961253,2.00095651196974,-0.02540651509994266,-0.12143100354759928,-3.406053740129312e-11,-8.079781167613735e-10,-0.03406053757936533,0.017793222461429305,-0.8079781206893998,2.00095665665979
2.565040244858492,0.6267251232773262,3.3603624635026565,0.2569784327763998,1.4135864678061296,-0.03406053740129312,-0.6312686701909447,0.03406053740129312,0.6312686701909447,0.017793218868961253,1.2891568156519335,-0.02599917423930469,-0.11773489897103204,-3.406053740129312e-11,-6.312686701909447e-10,-0.03406053757849967,0.017793215711769967,-0.6312686732584893,1.2891567686972332
2.565040244858492,0.7600175880745298,3.2860935299890546,0.2569784327763998,1.3393175342925274,-0.03406053740129312,-0.49320659272550027,0.03406053740129312,0.49320659272550027,0.017793218868961253,0.8305654247856867,-0.02658678105127328,-0.11407030311366098,-3.406053740129312e-11,-4.932065927255003e-10,-0.03406053757849967,0.017793215711769967,-0.4932065951231925,0.8305654563132817
2.565040244858492,0.9216588145725657,3.2157266389828405,0.2569784327763998,1.2689506432863136,-0.03406053740129312,-0.38533948316224703,0.03406053740129312,0.38533948316224703,0.017793218868961253,0.535108620203488,-0.02716855597634365,-0.11044207767973056,-3.406053740129312e-11,-3.85339483162247e-10,-0.03406053757849967,0.017793215711769967,-0.38533948503670273,0.5351086567047352
2.565040244858492,1.117678042992877,3.1490567796536557,0.2569784327763998,1.2022807839571288,-0.03406053740129312,-0.3010635289021562,0.03406053740129312,0.3010635289021562,0.017793218868961253,0.3447545814828088,-0.027743751640271666,-0.1068548836508753,-3.406053740129312e-11,-3.010635289021562e-10,-0.03406053757849967,0.017793215711769967,-0.3010635303668195,0.3447545850808318
2.565040244858492,1.3553868178082003,3.085889712309715,0.2569784327763998,1.139113716613188,-0.03406053740129312,-0.23521920902368526,0.03406053740129312,0.23521920902368526,0.017793218868961253,0.22211513133200658,-0.028311656391126455,-0.10331315922737586,-3.406053740129312e-11,-2.352192090236853e-10,-0.03406053757849967,0.017793215711769967,-0.2352192101667671,0.2221151165727118
2.565040244858492,1.643651709367924,3.0260414024890387,0.2569784327763998,1.0792654067925118,-0.03406053740129312,-0.18377541941225786,0.03406053740129312,0.18377541941225786,0.017793218868961253,0.14310217823485172,-0.028871597435501772,-0.0998211002692515,-3.406053740129312e-11,-1.8377541941225786e-10,-0.03406053757936533,0.017793222461429305,-0.18377542030601993,0.14310216206181678
2.565040244858492,1.99322503820485,2.969337484783173,0.2569784327763998,1.0225614890866463,-0.03406053740129312,-0.14358268153495263,0.03406053740129312,0.14358268153495263,0.017793218868961253,0.09219648068437712,-0.029422943550050665,-0.09638264338583903,-3.406053740129312e-11,-1.4358268153495262e-10,-0.03406053757936533,0.017793222461429305,-0.14358268223368859,0.09219648562739743
2.565040244858492,2.4171459380859606,2.9156127548312725,0.2569784327763998,0.9688367591347453,-0.03406053740129312,-0.11218032587111348,0.03406053740129312,0.11218032587111348,0.017793218868961253,0.059399452582997524,-0.02996510735215269,-0.09300145177483052,-3.406053740129312e-11,-1.1218032587111349e-10,-0.03406053757849967,0.017793215711769967,-0.11218032641640963,0.05939943916095749
2.565040244858492,2.931226717514774,2.8647106880044833,0.2569784327763998,0.9179346923079563,-0.03406053740129312,-0.08764584543217176,0.03406053740129312,0.08764584543217176,0.017793218868961253,0.03826930204894082,-0.030497547121131136,-0.08968090386429627,-3.406053740129312e-11,-8.764584543217176e-11,-0.03406053757936533,0.017793222461429305,-0.08764584585862861,0.03826930693918466
2.565040244858492,3.554642661036909,2.8164829833783536,0.2569784327763998,0.8697069876818265,-0.03406053740129312,-0.06847719653039638,0.03406053740129312,0.06847719653039638,0.017793218868961253,0.024655774011834514,-0.031019768168820596,-0.08642408476517209,-3.406053740129312e-11,-6.847719653039638e-11,-0.03406053757849967,0.017793215711769967,-0.06847719686293686,0.024655773304149534
2.565040244858492,4.310647270019593,2.770789131664632,0.2569784327763998,0.8240131359681051,-0.03406053740129312,-0.053500841044329936,0.03406053740129312,0.053500841044329936,0.017793218868961253,0.01588498246833012,-0.03153132376527573,-0.08323378049809926,-3.406053740129312e-11,-5.350084104432994e-11,-0.03406053757936533,0.017793222461429305,-0.05350084130443344,0.015884985248804426
2.565040244858492,5.227439621485609,2.727496005843663,0.2569784327763998,0.7807200101471361,-0.03406053740129312,-0.04179990036800194,0.03406053740129312,0.04179990036800194,0.017793218868961253,0.010234222129795554,-0.032031815631862186,-0.08011247491827447,-3.406053740129312e-11,-4.179990036800194e-11,-0.03406053757936533,0.017793222461429305,-0.04179990057114122,0.010234223536502704
2.565040244858492,6.339216197606768,2.686477473304691,0.2569784327763998,0.7397014776081641,-0.03406053740129312,-0.032658022503368904,0.03406053740129312,0.032658022503368904,0.017793218868961253,0.006593605174624262,-0.03252089401976381,-0.07706234922584154,-3.406053740129312e-11,-3.2658022503368906e-11,-0.03406053757849967,0.017793215711769967,-0.03265802266242773,0.006593604414567962
2.565040244858492,7.687446419243286,2.6476140283640675,0.2569784327763998,0.7008380326675407,-0.03406053740129312,-0.025515525741467954,0.03406053740129312,0.025515525741467954,0.017793218868961253,0.004248063863325616,-0.03299825739698458,-0.07408528391789652,-3.406053740129312e-11,-2.5515525741467955e-11,-0.03406053757936533,0.017793222461429305,-0.025515525865790586,0.004248064206330672
2.565040244858492,9.322419461107367,2.610792444090719,0.2569784327763998,0.6640164483941917,-0.03406053740129312,-0.019935133971946847,0.03406053740129312,0.019935133971946847,0.017793218868961253,0.0027369013019378032,-0.033463651771158925,-0.07118286301176466,-3.406053740129312e-11,-1.9935133971946848e-11,-0.03406053757849967,0.017793215711769967,-0.019935134068892982,0.002736900589573992
2.565040244858492,11.305120044971734,2.575905442424479,0.2569784327763998,0.6291294467279519,-0.03406053740129312,-0.01557520587685156,0.03406053740129312,0.01557520587685156,0.017793218868961253,0.0017633041728060922,-0.03391686967887842,-0.06835638034804084,-3.406053740129312e-11,-1.557520587685156e-11,-0.03406053757849967,0.017793215711769967,-0.015575205952653394,0.0017633038544047047
2.565040244858492,13.709503178270442,2.5428513816262006,0.2569784327763998,0.5960753859296735,-0.03406053740129312,-0.012168819053219565,0.03406053740129312,0.012168819053219565,0.017793218868961253,0.0011360444761504365,-0.03435774887478958,-0.06560684776599947,-3.406053740129312e-11,-1.2168819053219565e-11,-0.03406053757849967,0.017793215711769967,-0.01216881911233734,0.0011360441806151287
2.565040244858492,16.625252686158202,2.5115339601490327,0.2569784327763998,0.5647579644525057,-0.03406053740129312,-0.009507428557980204,0.03406053740129312,0.009507428557980204,0.017793218868961253,0.0007319196946821074,-0.03478617075543762,-0.0629350049332553,-3.406053740129312e-11,-9.507428557980204e-12,-0.03406053757849967,0.017793215711769967,-0.009507428604287502,0.0007319195962232434
2.565040244858492,20.161126430657447,2.4818619360681167,0.2569784327763998,0.5350859403715899,-0.03406053740129312,-0.0074280994227769615,0.03406053740129312,0.0074280994227769615,0.017793218868961253,0.00047155410788037716,-0.03520205855376271,-0.06034133060574473,-3.406053740129312e-11,-7.428099422776961e-12,-0.03406053757936533,0.017793222461429305,-0.007428099458894082,0.00047155421390808976
2.565040244858492,24.44901299403245,2.4537488612512663,0.2569784327763998,0.5069728655547395,-0.03406053740129312,-0.005803531490998793,0.03406053740129312,0.005803531490998793,0.017793218868961253,0.00030380829792459155,-0.035605375340356925,-0.05782605509283872,-3.406053740129312e-11,-5.803531490998793e-12,-0.03406053757936533,0.017793222461429305,-0.005803531519205938,0.0003038082833871013
2.565040244858492,29.648851141244215,2.427112829496151,0.2569784327763998,0.48033683379962433,-0.03406053740129312,-0.004534265880143972,0.03406053740129312,0.004534265880143972,0.017793218868961253,0.00019573465768906405,-0.0359961218671327,-0.05538917370525336,-3.406053740129312e-11,-4.534265880143972e-12,-0.03406053757936533,0.017793222461429305,-0.004534265902232987,0.00019573473640304852
2.565040244858492,35.95459555812005,2.4018762379001917,0.2569784327763998,0.45510024220366474,-0.03406053740129312,-0.00354259593554811,0.03406053740129312,0.00354259593554811,0.017793218868961253,0.00012610602304932608,-0.036374334288016376,-0.05303046096988994,-3.406053740129312e-11,-3.5425959355481098e-12,-0.03406053757936533,0.017793222461429305,-0.0035425959527779697,0.00012610602957650608
2.565040244858492,43.601451388100436,2.377965560767929,0.2569784327763998,0.431189565071402,-0.03406053740129312,-0.002767809893442663,0.03406053740129312,0.002767809893442663,0.017793218868961253,8.124636299504802e-05,-0.03674008178975096,-0.050749485405277156,-3.406053740129312e-11,-2.767809893442663e-12,-0.03406053757849967,0.017793215711769967,-0.0027678099069098063,8.124635763992965e-05
2.565040244858492,52.87464741679016,2.355311135397157,0.2569784327763998,0.40853513970063016,-0.03406053740129312,-0.0021624740008780612,0.03406053740129312,0.0021624740008780612,0.017793218868961253,5.234461717455907e-05,-0.0370934641639576,-0.048545624663351675,-3.406053740129312e-11,-2.162474000878061e-12,-0.03406053757936533,0.017793222461429305,-0.0021624740113574716,5.234462053476234e-05
2.565040244858492,64.12007514531668,2.333846959119716,0.2569784327763998,0.387070963423189,-0.03406053740129312,-0.001689528538629904,0.03406053740129312,0.001689528538629904,0.017793218868961253,3.3724081252943594e-05,-0.03743460934935417,-0.04641808085735304,-3.406053740129312e-11,-1.689528538629904e-12,-0.03406053757849967,0.017793215711769967,-0.0016895285468796692,3.372408018450256e-05
2.565040244858492,77.75719059141188,2.313510497005631,0.2569784327763998,0.36673450130910396,-0.03406053740129312,-0.0013200189605451172,0.03406053740129312,0.0013200189605451172,0.017793218868961253,2.172742332917296e-05,-0.037763670970545886,-0.04436589591109785,-3.406053740129312e-11,-1.3200189605451172e-12,-0.03406053757936533,0.017793222461429305,-0.0013200189669776358,2.1727425214985635e-05
2.565040244858492,94.29466005719073,2.2942424996703554,0.2569784327763998,0.34746650397382856,-0.03406053740129312,-0.0010313232457213309,0.03406053740129312,0.0010313232457213309,0.017793218868961253,1.39983331490723e-05,-0.03808082589716556,-0.042387966781342615,-3.406053740129312e-11,-1.0313232457213309e-12,-0.03406053757936533,0.017793222461429305,-0.0010313232507097123,1.3998334118664267e-05
2.565040244858492,114.34933345293979,2.2759868306543054,0.2569784327763998,0.3292108349577785,-0.03406053740129312,-0.0008057669389278654,0.03406053740129312,0.0008057669389278654,0.017793218868961253,9.018710041393375e-06,-0.0383862718444238,-0.040483060421895666,-3.406053740129312e-11,-8.057669389278655e-13,-0.03406053757849967,0.017793215711769967,-0.000805766942845301,9.018708409273517e-06
2.565040244858492,138.6692528845326,2.258690302871762,0.2569784327763998,0.31191430717523483,-0.03406053740129312,-0.0006295410896271181,0.03406053740129312,0.0006295410896271181,0.017793218868961253,5.810486859010076e-06,-0.03868022503339405,-0.03864982837519333,-3.406053740129312e-11,-6.295410896271181e-13,-0.03406053757849967,0.017793215711769967,-0.0006295410926893784,5.810485123998944e-06
2.565040244858492,168.16155472797897,2.2423025236526444,0.2569784327763998,0.2955265279561175,-0.03406053740129312,-0.0004918568439358354,0.03406053740129312,0.0004918568439358354,0.017793218868961253,3.7435240055142786e-06,-0.03896291792666185,-0.036886820893869646,-3.406053740129312e-11,-4.918568439358354e-13,-0.03406053757936533,0.017793222461429305,-0.0004918568463386291,3.743523782287036e-06
2.565040244858492,203.9263059423702,2.2267757479256933,0.2569784327763998,0.2799997522291665,-0.03406053740129312,-0.00038428493217148603,0.03406053740129312,0.00038428493217148603,0.017793218868961253,2.4118412656128398e-06,-0.03923459705235667,-0.03519250051112937,-3.406053740129312e-11,-3.8428493217148604e-13,-0.03406053757936533,0.017793222461429305,-0.0003842849340288176,2.411841763935594e-06
2.565040244858492,247.29753672039521,2.2120647391153114,0.2569784327763998,0.26528874341878433,-0.03406053740129312,-0.0003002396142592021,0.03406053740129312,0.0003002396142592021,0.017793218868961253,1.553877651631041e-06,-0.03949552092709816,-0.03356525499424448,-3.406053740129312e-11,-3.002396142592021e-13,-0.03406053757849967,0.017793215711769967,-0.00030023961572369804,1.553876897156902e-06
2.565040244858492,299.893,2.198126637346797,0.2569784327763998,0.25135064165026993,-0.03406053740129312,-0.00023457548923695002,0.03406053740129312,0.00023457548923695002,0.017793218868961253,1.001117192355889e-06,-0.03974595808605405,-0.03200340963005125,-3.406053740129312e-11,-2.3457548923695e-13,-0.03406053757849967,0.017793215711769967,-0.00023457549037856227,1.0011172199867804e-06
2.916295686179978,0.134,4.112676861083293,0.24600689241447032,2.1768724057486954,-0.02867904746483965,-4.546708768677904,0.02867904746483965,4.546708768677904,0.013177419620385851,43.4271127604176,-0.02033628831792842,-0.1481417080850739,-2.867904746483965e-11,-4.5467087686779044e-09,-0.028679047614393636,0.013177419823509366,-4.546708790791364,43.42711186077002
2.916295686179978,0.1624992409262676,3.998305370090555,0.24600689241447032,2.0625009147559576,-0.02867904746483965,-3.552317493020029,0.02867904746483965,3.552317493020029,0.013177419620385851,27.97879817191351,-0.020918007671727305,-0.14437338890195447,-2.867904746483965e-11,-3.552317493020029e-09,-0.02867904761515503,0.013177425045151575,-3.5523175103218168,27.978800691098396
2.916295686179978,0.19705972613144151,3.889942884456771,0.24600689241447032,1.9541384291221735,-0.02867904746483965,-2.77540529055822,0.02867904746483965,2.77540529055822,0.013177419620385851,18.025908180066246,-0.021500722475811498,-0.14059862129249076,-2.867904746483965e-11,-2.77540529055822e-09,-0.02867904761515503,0.013177425045151575,-2.775405304046202,18.02590898325027
2.916295686179978,0.23897056651863752,3.7872736948640804,0.24600689241447032,1.851469239529483,-0.02867904746483965,-2.168408241097251,0.02867904746483965,2.168408241097251,0.013177419620385851,11.613556941211405,-0.02208358548759817,-0.13682289360850888,-2.867904746483965e-11,-2.168408241097251e-09,-0.02867904761515503,0.013177425045151575,-2.16840825163613,11.613557574510873
2.916295686179978,0.2897950422611845,3.689998679161289,0.24600689241447032,1.7541942238266917,-0.02867904746483965,-1.6941649264899823,0.02867904746483965,1.6941649264899823,0.013177419620385851,7.482269602144617,-0.022665748602509722,-0.13305169978574977,-2.867904746483965e-11,-1.6941649264899822e-09,-0.028679047614393636,0.013177419823509366,-1.6941649347313636,7.482269921611293
2.916295686179978,0.35142891337043375,3.5978344308846872,0.24600689241447032,1.6620299755500898,-0.02867904746483965,-1.323641343798085,0.02867904746483965,1.323641343798085,0.013177419620385851,4.8206039443879165,-0.02324636778377179,-0.1292905074091361,-2.867904746483965e-11,-1.323641343798085e-09,-0.02867904761515503,0.013177425045151575,-1.3236413502361302,4.820603971806039
2.916295686179978,0.4261711318077503,3.510512433565827,0.24600689241447032,1.5747079782312299,-0.02867904746483965,-1.0341533929884241,0.02867904746483965,1.0341533929884241,0.013177419620385851,3.1057718612528524,-0.023824607942068525,-0.12554472610285874,-2.867904746483965e-11,-1.034153392988424e-09,-0.02867904761515503,0.013177425045151575,-1.0341533980170396,3.105772137584714
2.916295686179978,0.5168095927122967,3.4277782784206514,0.24600689241447032,1.491973823086054,-0.02867904746483965,-0.8079781167613735,0.02867904746483965,0.8079781167613735,0.013177419620385851,2.00095651196974,-0.02439964770533474,-0.12181967663214485,-2.867904746483965e-11,-8.079781167613735e-10,-0.02867904761515503,0.013177425045151575,-0.8079781206936961,2.000956490391631
2.916295686179978,0.6267251232773262,3.349390923140727,0.24600689241447032,1.4135864678061296,-0.02867904746483965,-0.6312686701909447,0.02867904746483965,0.6312686701909447,0.013177419620385851,1.2891568156519335,-0.024970684021271724,-0.11812056108862598,-2.867904746483965e-11,-6.312686701909447e-10,-0.028679047614393636,0.013177419823509366,-0.6312686732584893,1.2891567686972332
2.916295686179978,0.7600175880745298,3.2751219896271246,0.24600689241447032,1.3393175342925274,-0.02867904746483965,-0.49320659272550027,0.02867904746483965,0.49320659272550027,0.013177419620385851,0.8305654247856867,-0.025536936538655405,-0.11445243450866639,-2.867904746483965e-11,-4.932065927255003e-10,-0.02867904761515503,0.013177425045151575,-0.4932065951231925,0.8305656100766668
2.916295686179978,0.9216588145725657,3.204755098620911,0.24600689241447032,1.2689506432863136,-0.02867904746483965,-0.38533948316224703,0.02867904746483965,0.38533948316224703,0.013177419620385851,0.535108620203488,-0.026097651718052867,-0.11082017824455685,-2.867904746483965e-11,-3.85339483162247e-10,-0.028679047614393636,0.013177419823509366,-0.38533948503429355,0.5351086044254237
2.916295686179978,1.117678042992877,3.1380852392917262,0.24600689241447032,1.2022807839571288,-0.02867904746483965,-0.3010635289021562,0.02867904746483965,0.3010635289021562,0.013177419620385851,0.3447545814828088,-0.02665210662803401,-0.10722847537303944,-2.867904746483965e-11,-3.010635289021562e-10,-0.028679047614393636,0.013177419823509366,-0.30106353036483285,0.34475462063060075
2.916295686179978,1.3553868178082003,3.074918171947785,0.24600689241447032,1.139113716613188,-0.02867904746483965,-0.23521920902368526,0.02867904746483965,0.23521920902368526,0.013177419620385851,0.22211513133200658,-0.027199612389192038,-0.10368178838529053,-2.867904746483965e-11,-2.352192090236853e-10,-0.02867904761515503,0.013177425045151575,-0.2352192101667671,0.22211516492017613
2.916295686179978,1.643651709367924,3.0150698621271093,0.24600689241447032,1.0792654067925118,-0.02867904746483965,-0.18377541941225786,0.02867904746483965,0.18377541941225786,0.013177419620385851,0.14310217823485172,-0.027739517235085796,-0.10018433935844584,-2.867904746483965e-11,-1.8377541941225786e-10,-0.02867904761515503,0.013177425045151575,-0.18377542030737085,0.14310217849987936
2.916295686179978,1.99322503820485,2.958365944421244,0.24600689241447032,1.0225614890866463,-0.02867904746483965,-0.14358268153495263,0.02867904746483965,0.14358268153495263,0.013177419620385851,0.09219648068437712,-0.02827120916639163,-0.09674009276227309,-2.867904746483965e-11,-1.4358268153495262e-10,-0.028679047614393636,0.013177419823509366,-0.1435826822325746,0.09219647444956608
2.916295686179978,2.4171459380859606,2.9046412144693425,0.24600689241447032,0.9688367591347453,-0.02867904746483965,-0.11218032587111348,0.02867904746483965,0.11218032587111348,0.013177419620385851,0.059399452582997524,-0.028794118181905134,-0.09335274100696794,-2.867904746483965e-11,-1.1218032587111349e-10,-0.02867904761515503,0.013177425045151575,-0.11218032641640963,0.05939946956451953
2.916295686179978,2.931226717514774,2.8537391476425538,0.24600689241447032,0.9179346923079563,-0.02867904746483965,-0.08764584543217176,0.02867904746483965,0.08764584543217176,0.013177419620385851,0.03826930204894082,-0.029307718077370204,-0.0900256927905211,-2.867904746483965e-11,-8.764584543217176e-11,-0.02867904761515503,0.013177425045151575,-0.08764584585862861,0.03826930693918466
2.916295686179978,3.554642661036909,2.805511443016424,0.24600689241447032,0.8697069876818265,-0.02867904746483965,-0.06847719653039638,0.02867904746483965,0.06847719653039638,0.013177419620385851,0.024655774011834514,-0.029811527810251415,-0.0867620642578611,-2.867904746483965e-11,-6.847719653039638e-11,-0.028679047614393636,0.013177419823509366,-0.06847719686356152,0.02465576978952996
2.916295686179978,4.310647270019593,2.7598175913027028,0.24600689241447032,0.8240131359681051,-0.02867904746483965,-0.053500841044329936,0.02867904746483965,0.053500841044329936,0.013177419620385851,0.01588498246833012,-0.03030511243534184,-0.0835646729400812,-2.867904746483965e-11,-5.350084104432994e-11,-0.028679047614393636,0.013177419823509366,-0.05350084130443344,0.015884980468943696
2.916295686179978,5.227439621485609,2.7165244654817338,0.24600689241447032,0.7807200101471361,-0.02867904746483965,-0.04179990036800194,0.02867904746483965,0.04179990036800194,0.013177419620385851,0.010234222129795554,-0.03078808362236894,-0.08043603440144077,-2.867904746483965e-11,-4.179990036800194e-11,-0.028679047614393636,0.013177419823509366,-0.04179990057156598,0.0102342219113575
2.916295686179978,6.339216197606768,2.6755059329427615,0.24600689241447032,0.7397014776081641,-0.02867904746483965,-0.032658022503368904,0.02867904746483965,0.032658022503368904,0.013177419620385851,0.006593605174624262,-0.03126009977240891,-0.07737836148524493,-2.867904746483965e-11,-3.2658022503368906e-11,-0.028679047614393636,0.013177419823509366,-0.03265802266207746,0.006593605519661638
2.916295686179978,7.687446419243286,2.6366424880021384,0.24600689241447032,0.7008380326675407,-0.02867904746483965,-0.025515525741467954,0.02867904746483965,0.025515525741467954,0.013177419620385851,0.004248063863325616,-0.031720865754855,-0.0743935660177371,-2.867904746483965e-11,-2.5515525741467955e-11,-0.028679047614393636,0.013177419823509366,-0.025515525865501744,0.004248063454870414
2.916295686179978,9.322419461107367,2.599820903728789,0.24600689241447032,0.6640164483941917,-0.02867904746483965,-0.019935133971946847,0.02867904746483965,0.019935133971946847,0.013177419620385851,0.0027369013019378032,-0.032170132290846296,-0.0714832628021853,-2.867904746483965e-11,-1.9935133971946848e-11,-0.02867904761515503,0.013177425045151575,-0.019935134068892982,0.0027369016115552625
2.916295686179978,11.305120044971734,2.5649339020625495,0.24600689241447032,0.6291294467279519,-0.02867904746483965,-0.01557520587685156,0.02867904746483965,0.01557520587685156,0.013177419620385851,0.0017633041728060922,-0.03260769501241639,-0.06864877571362156,-2.867904746483965e-11,-1.557520587685156e-11,-0.028679047614393636,0.013177419823509366,-0.015575205952456983,0.001763304201876745
2.916295686179978,13.709503178270442,2.5318798412642707,0.24600689241447032,0.5960753859296735,-0.02867904746483965,-0.012168819053219565,0.02867904746483965,0.012168819053219565,0.013177419620385851,0.0011360444761504365,-0.033033393229158756,-0.06589114568825956,-2.867904746483965e-11,-1.2168819053219565e-11,-0.02867904761515503,0.013177425045151575,-0.012168819112499304,0.0011360448894548443
2.916295686179978,16.625252686158202,2.5005624197871033,0.24600689241447032,0.5647579644525057,-0.02867904746483965,-0.009507428557980204,0.02867904746483965,0.009507428557980204,0.013177419620385851,0.0007319196946821074,-0.03344710843594278,-0.06321114039035867,-2.867904746483965e-11,-9.507428557980204e-12,-0.028679047614393636,0.013177419823509366,-0.009507428604287502,0.0007319195962232434
2.916295686179978,20.161126430657447,2.470890395706187,0.24600689241447032,0.5350859403715899,-0.02867904746483965,-0.0074280994227769615,0.02867904746483965,0.0074280994227769615,0.013177419620385851,0.00047155410788037716,-0.03384876259618919,-0.06060926533299282,-2.867904746483965e-11,-7.428099422776961e-12,-0.02867904761515503,0.013177425045151575,-0.007428099458894082,0.00047155421390808976
2.916295686179978,24.44901299403245,2.442777320889337,0.24600689241447032,0.5069728655547395,-0.02867904746483965,-0.005803531490998793,0.02867904746483965,0.005803531490998793,0.013177419620385851,0.00030380829792459155,-0.03423831623547795,-0.05808577622746562,-2.867904746483965e-11,-5.803531490998793e-12,-0.02867904761515503,0.013177425045151575,-0.005803531519205938,0.0003038082833871013
2.916295686179978,29.648851141244215,2.416141289134222,0.24600689241447032,0.48033683379962433,-0.02867904746483965,-0.004534265880143972,0.02867904746483965,0.004534265880143972,0.013177419620385851,0.00019573465768906405,-0.0346157663798843,-0.055640692338560956,-2.867904746483965e-11,-4.534265880143972e-12,-0.028679047614393636,0.013177419823509366,-0.004534265902158096,0.00019573458484614044
2.916295686179978,35.95459555812005,2.390904697538262,0.24600689241447032,0.45510024220366474,-0.02867904746483965,-0.00354259593554811,0.02867904746483965,0.00354259593554811,0.013177419620385851,0.00012610602304932608,-0.03498114437249511,-0.05327381062892986,-2.867904746483965e-11,-3.5425959355481098e-12,-0.02867904761515503,0.013177425045151575,-0.0035425959527779697,0.00012610602957650608
2.916295686179978,43.601451388100436,2.3669940204059996,0.24600689241447032,0.431189565071402,-0.02867904746483965,-0.002767809893442663,0.02867904746483965,0.002767809893442663,0.013177419620385851,8.124636299504802e-05,-0.03533451360013022,-0.050984720485159465,-2.867904746483965e-11,-2.767809893442663e-12,-0.028679047614393636,0.013177419823509366,-0.0027678099069098063,8.124635763992965e-05
2.916295686179978,52.87464741679016,2.3443395950352275,0.24600689241447032,0.40853513970063016,-0.02867904746483965,-0.0021624740008780612,0.02867904746483965,0.0021624740008780612,0.013177419620385851,5.234461717455907e-05,-0.03567596716046846,-0.04877281882989521,-2.867904746483965e-11,-2.162474000878061e-12,-0.02867904761515503,0.013177425045151575,-0.002162474011399466,5.234463641932464e-05
2.916295686179978,64.12007514531668,2.3228754187577865,0.24600689241447032,0.387070963423189,-0.02867904746483965,-0.001689528538629904,0.02867904746483965,0.001689528538629904,0.013177419620385851,3.3724081252943594e-05,-0.03600562549763835,-0.04663732543824499,-2.867904746483965e-11,-1.689528538629904e-12,-0.028679047614393636,0.013177419823509366,-0.0016895285468104101,3.372408018450256e-05
2.916295686179978,77.75719059141188,2.3025389566437013,0.24600689241447032,0.36673450130910396,-0.02867904746483965,-0.0013200189605451172,0.02867904746483965,0.0013200189605451172,0.013177419620385851,2.172742332917296e-05,-0.03632363403196256,-0.04457729829205531,-2.867904746483965e-11,-1.3200189605451172e-12,-0.02867904761515503,0.013177425045151575,-0.0013200189669776358,2.1727425214985635e-05
2.916295686179978,94.29466005719073,2.283270959308426,0.24600689241447032,0.34746650397382856,-0.02867904746483965,-0.0010313232457213309,0.02867904746483965,0.0010313232457213309,0.013177419620385851,1.39983331490723e-05,-0.03663016080701836,-0.04259164882201574,-2.867904746483965e-11,-1.0313232457213309e-12,-0.02867904761515503,0.013177425045151575,-0.0010313232507568083,1.3998334118664267e-05
2.916295686179978,114.34933345293979,2.265015290292376,0.24600689241447032,0.3292108349577785,-0.02867904746483965,-0.0008057669389278654,0.02867904746483965,0.0008057669389278654,0.013177419620385851,9.018710041393375e-06,-0.03692539417456498,-0.04067915690446551,-2.867904746483965e-11,-8.057669389278655e-13,-0.028679047614393636,0.013177419823509366,-0.000805766942845301,9.018708409273517e-06
2.916295686179978,138.6692528845326,2.247718762509832,0.24600689241447032,0.31191430717523483,-0.02867904746483965,-0.0006295410896271181,0.02867904746483965,0.0006295410896271181,0.013177419620385851,5.810486859010076e-06,-0.03720954053525496,-0.03883848549683723,-2.867904746483965e-11,-6.295410896271181e-13,-0.02867904761515503,0.013177425045151575,-0.0006295410926893784,5.81048974291283e-06
2.916295686179978,168.16155472797897,2.231330983290715,0.24600689241447032,0.2955265279561175,-0.02867904746483965,-0.0004918568439358354,0.02867904746483965,0.0004918568439358354,0.013177419620385851,3.7435240055142786e-06,-0.037482822150444677,-0.03706819481252671,-2.867904746483965e-11,-4.918568439358354e-13,-0.02867904761515503,0.013177425045151575,-0.0004918568463254249,3.743525352710564e-06
2.916295686179978,203.9263059423702,2.215804207563764,0.24600689241447032,0.2799997522291665,-0.02867904746483965,-0.00038428493217148603,0.02867904746483965,0.00038428493217148603,0.013177419620385851,2.4118412656128398e-06,-0.03774547503789588,-0.035366755952326315,-2.867904746483965e-11,-3.8428493217148604e-13,-0.02867904761515503,0.013177425045151575,-0.00038428493405059456,2.411841763935594e-06
2.916295686179978,247.29753672039521,2.201093198753382,0.24600689241447032,0.26528874341878433,-0.02867904746483965,-0.0003002396142592021,0.02867904746483965,0.0003002396142592021,0.013177419620385851,1.553877651631041e-06,-0.037997746961751275,-0.03373256392515953,-2.867904746483965e-11,-3.002396142592021e-13,-0.028679047614393636,0.013177419823509366,-0.00030023961572369804,1.553876897156902e-06
2.916295686179978,299.893,2.1871550969848674,0.24600689241447032,0.25135064165026993,-0.02867904746483965,-0.00023457548923695002,0.02867904746483965,0.00023457548923695002,0.013177419620385851,1.001117192355889e-06,-0.03823989552490405,-0.032163950005518686,-2.867904746483965e-11,-2.3457548923695e-13,-0.028679047614393636,0.013177419823509366,-0.00023457549037856227,1.0011172199867804e-06
3.315651887442858,0.134,4.10217374406963,0.23550377540080758,2.1768724057486954,-0.02414782109278463,-4.546708768677904,0.02414782109278463,4.546708768677904,0.009759020508348705,43.4271127604176,-0.019517888217112235,-0.148521006913377,-2.414782109278463e-11,-4.5467087686779044e-09,-0.024147821220045638,0.009759013688551537,-4.546708790791364,43.42711186077002
3.315651887442858,0.1624992409262676,3.987802253076892,0.23550377540080758,2.0625009147559576,-0.02414782109278463,-3.552317493020029,0.02414782109278463,3.552317493020029,0.009759020508348705,27.97879817191351,-0.02007766772340504,-0.14475364110631747,-2.414782109278463e-11,-3.552317493020029e-09,-0.024147821218706265,0.009759021767639972,-3.5523175103218168,27.978800691098396
3.315651887442858,0.19705972613144151,3.8794397674431083,0.23550377540080758,1.9541384291221735,-0.02414782109278463,-2.77540529055822,0.02414782109278463,2.77540529055822,0.009759020508348705,18.025908180066246,-0.02063848735475901,-0.14097927516519362,-2.414782109278463e-11,-2.77540529055822e-09,-0.02414782121937595,0.009759017728095756,-2.775405304046202,18.02590898325027
3.315651887442858,0.23897056651863752,3.7767705778504177,0.23550377540080758,1.851469239529483,-0.02414782109278463,-2.168408241097251,0.02414782109278463,2.168408241097251,0.009759020508348705,11.613556941211405,-0.02119953196349405,-0.1372033951063086,-2.414782109278463e-11,-2.168408241097251e-09,-0.02414782121937595,0.009759017728095756,-2.16840825163613,11.613557574510873
3.315651887442858,0.2897950422611845,3.6794955621476264,0.23550377540080758,1.7541942238266917,-0.02414782109278463,-1.6941649264899823,0.02414782109278463,1.6941649264899823,0.009759020508348705,7.482269602144617,-0.021759985093497844,-0.13343149575183072,-2.414782109278463e-11,-1.6941649264899822e-09,-0.024147821218706265,0.009759021767639972,-1.6941649347313636,7.482269921611293
3.315651887442858,0.35142891337043375,3.5873313138710246,0.23550377540080758,1.6620299755500898,-0.02414782109278463,-1.323641343798085,0.02414782109278463,1.323641343798085,0.009759020508348705,4.8206039443879165,-0.022319033726920054,-0.12966904878411958,-2.414782109278463e-11,-1.323641343798085e-09,-0.02414782121937595,0.009759017728095756,-1.3236413502361302,4.820603971806039
3.315651887442858,0.4261711318077503,3.5000093165521644,0.23550377540080758,1.5747079782312299,-0.02414782109278463,-1.0341533929884241,0.02414782109278463,1.0341533929884241,0.009759020508348705,3.1057718612528524,-0.022875872988474235,-0.12592147108535653,-2.414782109278463e-11,-1.034153392988424e-09,-0.024147821218706265,0.009759021767639972,-1.0341533980170396,3.105772137584714
3.315651887442858,0.5168095927122967,3.4172751614069887,0.23550377540080758,1.491973823086054,-0.02414782109278463,-0.8079781167613735,0.02414782109278463,0.8079781167613735,0.009759020508348705,2.00095651196974,-0.023429710749706935,-0.12219409375040441,-2.414782109278463e-11,-8.079781167613735e-10,-0.02414782121937595,0.009759017728095756,-0.8079781206936961,2.000956490391631
3.315651887442858,0.6267251232773262,3.3388878061270644,0.23550377540080758,1.4135864678061296,-0.02414782109278463,-0.6312686701909447,0.02414782109278463,0.6312686701909447,0.009759020508348705,1.2891568156519335,-0.023979772077695517,-0.11849213214667612,-2.414782109278463e-11,-6.312686701909447e-10,-0.024147821218706265,0.009759021767639972,-0.6312686732584893,1.2891567686972332
3.315651887442858,0.7600175880745298,3.264618872613462,0.23550377540080758,1.3393175342925274,-0.02414782109278463,-0.49320659272550027,0.02414782109278463,0.49320659272550027,0.009759020508348705,0.8305654247856867,-0.024525303475877988,-0.11482065737297298,-2.414782109278463e-11,-4.932065927255003e-10,-0.024147821218706265,0.009759021767639972,-0.4932065951231925,0.8305656100766668
3.315651887442858,0.9216588145725657,3.1942519816072483,0.23550377540080758,1.2689506432863136,-0.02414782109278463,-0.38533948316224703,0.02414782109278463,0.38533948316224703,0.009759020508348705,0.535108620203488,-0.025065576868997422,-0.11118456944045489,-2.414782109278463e-11,-3.85339483162247e-10,-0.024147821218706265,0.009759021767639972,-0.38533948503429355,0.5351086044254237
3.315651887442858,1.117678042992877,3.1275821222780635,0.23550377540080758,1.2022807839571288,-0.02414782109278463,-0.3010635289021562,0.02414782109278463,0.3010635289021562,0.009759020508348705,0.3447545814828088,-0.02559989328932653,-0.10758857246402144,-2.414782109278463e-11,-3.010635289021562e-10,-0.024147821218706265,0.009759021767639972,-0.30106353036483285,0.34475462063060075
3.315651887442858,1.3553868178082003,3.0644150549341225,0.23550377540080758,1.139113716613188,-0.02414782109278463,-0.23521920902368526,0.02414782109278463,0.23521920902368526,0.009759020508348705,0.22211513133200658,-0.02612758622726615,-0.1040371521124864,-2.414782109278463e-11,-2.352192090236853e-10,-0.024147821218706265,0.009759021767639972,-0.2352192101667671,0.22211516492017613
3.315651887442858,1.643651709367924,3.0045667451134466,0.23550377540080758,1.0792654067925118,-0.02414782109278463,-0.18377541941225786,0.02414782109278463,0.18377541941225786,0.009759020508348705,0.14310217823485172,-0.026648024615908705,-0.10053455552220042,-2.414782109278463e-11,-1.8377541941225786e-10,-0.02414782121937595,0.009759017728095756,-0.18377542030737085,0.14310217849987936
3.315651887442858,1.99322503820485,2.9478628274075813,0.23550377540080758,1.0225614890866463,-0.02414782109278463,-0.14358268153495263,0.02414782109278463,0.14358268153495263,0.009759020508348705,0.09219648068437712,-0.027160615426035786,-0.09708477383248704,-2.414782109278463e-11,-1.4358268153495262e-10,-0.02414782121937595,0.009759017728095756,-0.1435826822325746,0.09219647444956608
3.315651887442858,2.4171459380859606,2.89413809745568,0.23550377540080758,0.9688367591347453,-0.02414782109278463,-0.11218032587111348,0.02414782109278463,0.11218032587111348,0.009759020508348705,0.059399452582997524,-0.027664805855087547,-0.0936915274536839,-2.414782109278463e-11,-1.1218032587111349e-10,-0.024147821218706265,0.009759021767639972,-0.11218032641640963,0.05939946956451953
3.315651887442858,2.931226717514774,2.843236030628891,0.23550377540080758,0.9179346923079563,-0.02414782109278463,-0.08764584543217176,0.02414782109278463,0.08764584543217176,0.009759020508348705,0.03826930204894082,-0.028160085100713286,-0.09035825413098982,-2.414782109278463e-11,-8.764584543217176e-11,-0.02414782121937595,0.009759017728095756,-0.08764584585862861,0.03826930693918466
3.315651887442858,3.554642661036909,2.7950083260027614,0.23550377540080758,0.8697069876818265,-0.02414782109278463,-0.06847719653039638,0.02414782109278463,0.06847719653039638,0.009759020508348705,0.024655774011834514,-0.028645985716410607,-0.08708809982089302,-2.414782109278463e-11,-6.847719653039638e-11,-0.02414782121937595,0.009759017728095756,-0.06847719686356152,0.02465576978952996
3.315651887442858,4.310647270019593,2.74931447428904,0.23550377540080758,0.8240131359681051,-0.02414782109278463,-0.053500841044329936,0.02414782109278463,0.053500841044329936,0.009759020508348705,0.01588498246833012,-0.029122084553324316,-0.08388391235278064,-2.414782109278463e-11,-5.350084104432994e-11,-0.02414782121937595,0.009759017728095756,-0.05350084130443344,0.015884980468943696
3.315651887442858,5.227439621485609,2.706021348468071,0.23550377540080758,0.7807200101471361,-0.02414782109278463,-0.04179990036800194,0.02414782109278463,0.04179990036800194,0.009759020508348705,0.010234222129795554,-0.02958800329836664,-0.08074823780734205,-2.414782109278463e-11,-4.179990036800194e-11,-0.02414782121937595,0.009759017728095756,-0.04179990057156598,0.0102342219113575
3.315651887442858,6.339216197606768,2.665002815929099,0.23550377540080758,0.7397014776081641,-0.02414782109278463,-0.032658022503368904,0.02414782109278463,0.032658022503368904,0.009759020508348705,0.006593605174624262,-0.03004340862432092,-0.07768331950635744,-2.414782109278463e-11,-3.2658022503368906e-11,-0.024147821218706265,0.009759021767639972,-0.03265802266207746,0.006593605519661638
3.315651887442858,7.687446419243286,2.6261393709884757,0.23550377540080758,0.7008380326675407,-0.02414782109278463,-0.025515525741467954,0.02414782109278463,0.025515525741467954,0.009759020508348705,0.004248063863325616,-0.030488011972413773,-0.07469109947600662,-2.414782109278463e-11,-2.5515525741467955e-11,-0.02414782121937595,0.009759017728095756,-0.025515525865501744,0.004248063454870414
3.315651887442858,9.322419461107367,2.5893177867151262,0.23550377540080758,0.6640164483941917,-0.02414782109278463,-0.019935133971946847,0.02414782109278463,0.019935133971946847,0.009759020508348705,0.0027369013019378032,-0.030921568991922492,-0.07177322221836117,-2.414782109278463e-11,-1.9935133971946848e-11,-0.024147821218706265,0.009759021767639972,-0.019935134068892982,0.0027369016115552625
3.315651887442858,11.305120044971734,2.5544307850488868,0.23550377540080758,0.6291294467279519,-0.02414782109278463,-0.01557520587685156,0.02414782109278463,0.01557520587685156,0.009759020508348705,0.0017633041728060922,-0.03134387866469105,-0.06893104060346904,-2.414782109278463e-11,-1.557520587685156e-11,-0.02414782121937595,0.009759017728095756,-0.015575205952456983,0.001763304201876745
3.315651887442858,13.709503178270442,2.521376724250608,0.23550377540080758,0.5960753859296735,-0.02414782109278463,-0.012168819053219565,0.02414782109278463,0.012168819053219565,0.009759020508348705,0.0011360444761504365,-0.03175478214494924,-0.06616562367747546,-2.414782109278463e-11,-1.2168819053219565e-11,-0.024147821218706265,0.009759021767639972,-0.012168819112499304,0.0011360448894548443
3.315651887442858,16.625252686158202,2.4900593027734406,0.23550377540080758,0.5647579644525057,-0.02414782109278463,-0.009507428557980204,0.02414782109278463,0.009507428557980204,0.009759020508348705,0.0007319196946821074,-0.032154161346577635,-0.06347776617045456,-2.414782109278463e-11,-9.507428557980204e-12,-0.02414782121937595,0.009759017728095756,-0.009507428604287502,0.0007319195962232434
3.315651887442858,20.161126430657447,2.4603872786925245,0.23550377540080758,0.5350859403715899,-0.02414782109278463,-0.0074280994227769615,0.02414782109278463,0.0074280994227769615,0.009759020508348705,0.00047155410788037716,-0.03254193731097147,-0.06086799948083106,-2.414782109278463e-11,-7.428099422776961e-12,-0.024147821218706265,0.009759021767639972,-0.007428099458894082,0.00047155421390808976
3.315651887442858,24.44901299403245,2.432274203875674,0.23550377540080758,0.5069728655547395,-0.02414782109278463,-0.005803531490998793,0.02414782109278463,0.005803531490998793,0.009759020508348705,0.00030380829792459155,-0.032918068388976915,-0.05833660391111015,-2.414782109278463e-11,-5.803531490998793e-12,-0.024147821218706265,0.009759021767639972,-0.005803531519205938,0.0003038082833871013
3.315651887442858,29.648851141244215,2.4056381721205593,0.23550377540080758,0.48033683379962433,-0.02414782109278463,-0.004534265880143972,0.02414782109278463,0.004534265880143972,0.009759020508348705,0.00019573465768906405,-0.03328254827006931,-0.05588362193168342,-2.414782109278463e-11,-4.534265880143972e-12,-0.02414782121937595,0.009759017728095756,-0.004534265902158096,0.00019573458484614044
3.315651887442858,35.95459555812005,2.3804015805245995,0.23550377540080758,0.45510024220366474,-0.02414782109278463,-0.00354259593554811,0.02414782109278463,0.00354259593554811,0.009759020508348705,0.00012610602304932608,-0.03363540389108577,-0.05350887225524421,-2.414782109278463e-11,-3.5425959355481098e-12,-0.02414782121937595,0.009759017728095756,-0.0035425959527779697,0.00012610602957650608
3.315651887442858,43.601451388100436,2.356490903392337,0.23550377540080758,0.431189565071402,-0.02414782109278463,-0.002767809893442663,0.02414782109278463,0.002767809893442663,0.009759020508348705,8.124636299504802e-05,-0.03397669325549419,-0.05121196451330047,-2.414782109278463e-11,-2.767809893442663e-12,-0.02414782121937595,0.009759017728095756,-0.0027678099069098063,8.124635763992965e-05
3.315651887442858,52.87464741679016,2.333836478021565,0.23550377540080758,0.40853513970063016,-0.02414782109278463,-0.0021624740008780612,0.02414782109278463,0.0021624740008780612,0.009759020508348705,5.234461717455907e-05,-0.03430650319245889,-0.04899231433786277,-2.414782109278463e-11,-2.162474000878061e-12,-0.024147821218706265,0.009759021767639972,-0.002162474011399466,5.234463641932464e-05
3.315651887442858,64.12007514531668,2.312372301744124,0.23550377540080758,0.387070963423189,-0.02414782109278463,-0.001689528538629904,0.02414782109278463,0.001689528538629904,0.009759020508348705,3.3724081252943594e-05,-0.034624947082930214,-0.04684915866506262,-2.414782109278463e-11,-1.689528538629904e-12,-0.02414782121937595,0.009759017728095756,-0.0016895285468104101,3.372408018450256e-05
3.315651887442858,77.75719059141188,2.2920358396300387,0.23550377540080758,0.36673450130910396,-0.02414782109278463,-0.0013200189605451172,0.02414782109278463,0.0013200189605451172,0.009759020508348705,2.172742332917296e-05,-0.03493216257772277,-0.04478157109268917,-2.414782109278463e-11,-1.3200189605451172e-12,-0.024147821218706265,0.009759021767639972,-0.0013200189669776358,2.1727425214985635e-05
3.315651887442858,94.29466005719073,2.2727678422947633,0.23550377540080758,0.34746650397382856,-0.02414782109278463,-0.0010313232457213309,0.02414782109278463,0.0010313232457213309,0.009759020508348705,1.39983331490723e-05,-0.035228309330126384,-0.04278847713991855,-2.414782109278463e-11,-1.0313232457213309e-12,-0.024147821218706265,0.009759021767639972,-0.0010313232507568083,1.3998334118664267e-05
3.315651887442858,114.34933345293979,2.2545121732787132,0.23550377540080758,0.3292108349577785,-0.02414782109278463,-0.0008057669389278654,0.02414782109278463,0.0008057669389278654,0.009759020508348705,9.018710041393375e-06,-0.035513566763086056,-0.04086866927439137,-2.414782109278463e-11,-8.057669389278655e-13,-0.024147821218706265,0.009759021767639972,-0.000805766942845301,9.018708409273517e-06
3.315651887442858,138.6692528845326,2.2372156454961694,0.23550377540080758,0.31191430717523483,-0.02414782109278463,-0.0006295410896271181,0.02414782109278463,0.0006295410896271181,0.009759020508348705,5.810486859010076e-06,-0.03578813188845139,-0.039020821588857654,-2.414782109278463e-11,-6.295410896271181e-13,-0.024147821218706265,0.009759021767639972,-0.0006295410926893784,5.81048974291283e-06
3.315651887442858,168.16155472797897,2.220827866277052,0.23550377540080758,0.2955265279561175,-0.02414782109278463,-0.0004918568439358354,0.02414782109278463,0.0004918568439358354,0.009759020508348705,3.7435240055142786e-06,-0.03605221719328673,-0.03724350402649739,-2.414782109278463e-11,-4.918568439358354e-13,-0.024147821218706265,0.009759021767639972,-0.0004918568463254249,3.743525352710564e-06
3.315651887442858,203.9263059423702,2.205301090550101,0.23550377540080758,0.2799997522291665,-0.02414782109278463,-0.00038428493217148603,0.02414782109278463,0.00038428493217148603,0.009759020508348705,2.4118412656128398e-06,-0.0363060486057946,-0.03553519607043657,-2.414782109278463e-11,-3.8428493217148604e-13,-0.024147821218706265,0.009759021767639972,-0.00038428493405059456,2.411841763935594e-06
3.315651887442858,247.29753672039521,2.1905900817397193,0.23550377540080758,0.26528874341878433,-0.02414782109278463,-0.0003002396142592021,0.02414782109278463,0.0003002396142592021,0.009759020508348705,1.553877651631041e-06,-0.03654986355107447,-0.033894299828663405,-2.414782109278463e-11,-3.002396142592021e-13,-0.02414782121937595,0.009759017728095756,-0.00030023961572369804,1.553876897156902e-06
3.315651887442858,299.893,2.1766519799712047,0.23550377540080758,0.25135064165026993,-0.02414782109278463,-0.00023457548923695002,0.02414782109278463,0.00023457548923695002,0.009759020508348705,1.001117192355889e-06,-0.036783909104744904,-0.03231915246031535,-2.414782109278463e-11,-2.3457548923695e-13,-0.02414782121937595,0.009759017728095756,-0.00023457549037856227,1.0011172199867804e-06
3.7696957447767265,0.134,4.0921190513497745,0.22544908268095212,2.1768724057486954,-0.02033251851352569,-4.546708768677904,0.02033251851352569,4.546708768677904,0.007227399902711902,43.4271127604176,-0.018730493311466555,-0.14888593595581653,-2.033251851352569e-11,-4.5467087686779044e-09,-0.020332518618711874,0.0072274014882008075,-4.546708790791364,43.42711186077002
3.7696957447767265,0.1624992409262676,3.977747560357037,0.22544908268095212,2.0625009147559576,-0.02033251851352569,-3.552317493020029,0.02033251851352569,3.552317493020029,0.007227399902711902,27.97879817191351,-0.01926904796194559,-0.14511953998735996,-2.033251851352569e-11,-3.552317493020029e-09,-0.020332518619889925,0.007227395238091423,-3.552317510294488,27.97879732755106
3.7696957447767265,0.19705972613144151,3.8693850747232528,0.22544908268095212,1.9541384291221735,-0.02033251851352569,-2.77540529055822,0.02033251851352569,2.77540529055822,0.007227399902711902,18.025908180066246,-0.01980867942602322,-0.14134561329496875,-2.033251851352569e-11,-2.77540529055822e-09,-0.0203325186193009,0.007227398363146115,-2.77540530405747,18.025907839649417
3.7696957447767265,0.23897056651863752,3.766715885130562,0.22544908268095212,1.851469239529483,-0.02033251851352569,-2.168408241097251,0.02033251851352569,2.168408241097251,0.007227399902711902,11.613556941211405,-0.020348603626730678,-0.13756963934133593,-2.033251851352569e-11,-2.168408241097251e-09,-0.0203325186193009,0.007227398363146115,-2.1684082516454217,11.613556796865854
3.7696957447767265,0.2897950422611845,3.669440869427771,0.22544908268095212,1.7541942238266917,-0.02033251851352569,-1.6941649264899823,0.02033251851352569,1.6941649264899823,0.007227399902711902,7.482269602144617,-0.020888034784706737,-0.13379711349488066,-2.033251851352569e-11,-1.6941649264899822e-09,-0.020332518619889925,0.0072274014882008075,-1.6941649347313636,7.482269921611293
3.7696957447767265,0.35142891337043375,3.577276621151169,0.22544908268095212,1.6620299755500898,-0.02033251851352569,-1.323641343798085,0.02033251851352569,1.323641343798085,0.007227399902711902,4.8206039443879165,-0.021426189987054076,-0.1300335110773321,-2.033251851352569e-11,-1.323641343798085e-09,-0.0203325186193009,0.007227398363146115,-1.3236413502298119,4.820603612226277
3.7696957447767265,0.4261711318077503,3.4899546238323094,0.22544908268095212,1.5747079782312299,-0.02033251851352569,-1.0341533929884241,0.02033251851352569,1.0341533929884241,0.007227399902711902,3.1057718612528524,-0.02196229372084658,-0.1262842556585282,-2.033251851352569e-11,-1.034153392988424e-09,-0.020332518619889925,0.007227395238091423,-1.0341533980222497,3.1057718930715947
3.7696957447767265,0.5168095927122967,3.4072204686871332,0.22544908268095212,1.491973823086054,-0.02033251851352569,-0.8079781167613735,0.02033251851352569,0.8079781167613735,0.007227399902711902,2.00095651196974,-0.022495582315683115,-0.12255468798730007,-2.033251851352569e-11,-8.079781167613735e-10,-0.0203325186193009,0.007227398363146115,-0.8079781206893998,2.00095665665979
3.7696957447767265,0.6267251232773262,3.328833113407209,0.22544908268095212,1.4135864678061296,-0.02033251851352569,-0.6312686701909447,0.02033251851352569,0.6312686701909447,0.007227399902711902,1.2891568156519335,-0.02302530824159574,-0.11885003593393924,-2.033251851352569e-11,-6.312686701909447e-10,-0.020332518619889925,0.0072274014882008075,-0.6312686732584893,1.2891567686972332
3.7696957447767265,0.7600175880745298,3.254564179893607,0.22544908268095212,1.3393175342925274,-0.02033251851352569,-0.49320659272550027,0.02033251851352569,0.49320659272550027,0.007227399902711902,0.8305654247856867,-0.02355074421163741,-0.1151753857986434,-2.033251851352569e-11,-4.932065927255003e-10,-0.020332518619889925,0.007227395238091423,-0.4932065951231925,0.8305654563132817
3.7696957447767265,0.9216588145725657,3.184197288887393,0.22544908268095212,1.2689506432863136,-0.02033251851352569,-0.38533948316224703,0.02033251851352569,0.38533948316224703,0.007227399902711902,0.535108620203488,-0.024071187042500622,-0.11153565531217983,-2.033251851352569e-11,-3.85339483162247e-10,-0.020332518619889925,0.0072274014882008075,-0.38533948503670273,0.5351086567047352
3.7696957447767265,1.117678042992877,3.117527429558208,0.22544908268095212,1.2022807839571288,-0.02033251851352569,-0.3010635289021562,0.02033251851352569,0.3010635289021562,0.007227399902711902,0.3447545814828088,-0.024585961231428106,-0.10793556862066696,-2.033251851352569e-11,-3.010635289021562e-10,-0.020332518619889925,0.0072274014882008075,-0.3010635303668195,0.3447545850808318
3.7696957447767265,1.3553868178082003,3.0543603622142674,0.22544908268095212,1.139113716613188,-0.02033251851352569,-0.23521920902368526,0.02033251851352569,0.23521920902368526,0.007227399902711902,0.22211513133200658,-0.02509442221331934,-0.10437963350691541,-2.033251851352569e-11,-2.352192090236853e-10,-0.020332518619889925,0.007227395238091423,-0.2352192101667671,0.2221151165727118
3.7696957447767265,1.643651709367924,2.994512052393591,0.22544908268095212,1.0792654067925118,-0.02033251851352569,-0.18377541941225786,0.02033251851352569,0.18377541941225786,0.007227399902711902,0.14310217823485172,-0.02559595926814372,-0.10087212105735831,-2.033251851352569e-11,-1.8377541941225786e-10,-0.0203325186193009,0.007227398363146115,-0.18377542030601993,0.14310216206181678
3.7696957447767265,1.99322503820485,2.9378081346877254,0.22544908268095212,1.0225614890866463,-0.02033251851352569,-0.14358268153495263,0.02033251851352569,0.14358268153495263,0.007227399902711902,0.09219648068437712,-0.026089998055362815,-0.09741704793750312,-2.033251851352569e-11,-1.4358268153495262e-10,-0.0203325186193009,0.0072274046132555,-0.14358268223368859,0.09219648562739743
3.7696957447767265,2.4171459380859606,2.884083404735825,0.22544908268095212,0.9688367591347453,-0.02033251851352569,-0.11218032587111348,0.02033251851352569,0.11218032587111348,0.007227399902711902,0.059399452582997524,-0.0265760027588566,-0.09401816139133418,-2.033251851352569e-11,-1.1218032587111349e-10,-0.020332518619889925,0.007227395238091423,-0.11218032641640963,0.05939943916095749
3.7696957447767265,2.931226717514774,2.8331813379090356,0.22544908268095212,0.9179346923079563,-0.02033251851352569,-0.08764584543217176,0.02033251851352569,0.08764584543217176,0.007227399902711902,0.03826930204894082,-0.027053477832661314,-0.09067892703244985,-2.033251851352569e-11,-8.764584543217176e-11,-0.0203325186193009,0.007227398363146115,-0.08764584585862861,0.03826930693918466
3.7696957447767265,3.554642661036909,2.784953633282906,0.22544908268095212,0.8697069876818265,-0.02033251851352569,-0.06847719653039638,0.02033251851352569,0.06847719653039638,0.007227399902711902,0.024655774011834514,-0.027521969344487713,-0.0874025194481322,-2.033251851352569e-11,-6.847719653039638e-11,-0.0203325186193009,0.007227398363146115,-0.06847719686293686,0.024655773304149534
3.7696957447767265,4.310647270019593,2.739259781569184,0.22544908268095212,0.8240131359681051,-0.02033251851352569,-0.053500841044329936,0.02033251851352569,0.053500841044329936,0.007227399902711902,0.01588498246833012,-0.027981065920343037,-0.08419181559310909,-2.033251851352569e-11,-5.350084104432994e-11,-0.0203325186193009,0.0072274046132555,-0.05350084130443344,0.015884985248804426
3.7696957447767265,5.227439621485609,2.695966655748215,0.22544908268095212,0.7807200101471361,-0.02033251851352569,-0.04179990036800194,0.02033251851352569,0.04179990036800194,0.007227399902711902,0.010234222129795554,-0.02843039929948976,-0.08104939090843535,-2.033251851352569e-11,-4.179990036800194e-11,-0.0203325186193009,0.0072274046132555,-0.04179990057114122,0.010234223536502704
3.7696957447767265,6.339216197606768,2.6549481232092433,0.22544908268095212,0.7397014776081641,-0.02033251851352569,-0.032658022503368904,0.02033251851352569,0.032658022503368904,0.007227399902711902,0.006593605174624262,-0.028869644514327497,-0.0779775180634843,-2.033251851352569e-11,-3.2658022503368906e-11,-0.020332518619889925,0.0072274014882008075,-0.03265802266242773,0.006593604414567962
3.7696957447767265,7.687446419243286,2.61608467826862,0.22544908268095212,0.7008380326675407,-0.02033251851352569,-0.025515525741467954,0.02033251851352569,0.025515525741467954,0.007227399902711902,0.004248063863325616,-0.029298519714491312,-0.07497816818612058,-2.033251851352569e-11,-2.5515525741467955e-11,-0.0203325186193009,0.0072274046132555,-0.025515525865790586,0.004248064206330672
3.7696957447767265,9.322419461107367,2.579263093995271,0.22544908268095212,0.6640164483941917,-0.02033251851352569,-0.019935133971946847,0.02033251851352569,0.019935133971946847,0.007227399902711902,0.0027369013019378032,-0.029716785658459213,-0.07205301441815637,-2.033251851352569e-11,-1.9935133971946848e-11,-0.020332518619889925,0.007227395238091423,-0.019935134068892982,0.002736900589573992
3.7696957447767265,11.305120044971734,2.5443760923290313,0.22544908268095212,0.6291294467279519,-0.02033251851352569,-0.01557520587685156,0.02033251851352569,0.01557520587685156,0.007227399902711902,0.0017633041728060922,-0.03012424489921673,-0.06920343761042777,-2.033251851352569e-11,-1.557520587685156e-11,-0.0203325186193009,0.007227398363146115,-0.015575205952653394,0.0017633038544047047
3.7696957447767265,13.709503178270442,2.511322031530753,0.22544908268095212,0.5960753859296735,-0.02033251851352569,-0.012168819053219565,0.02033251851352569,0.012168819053219565,0.007227399902711902,0.0011360444761504365,-0.030520740693025378,-0.06643053395435025,-2.033251851352569e-11,-1.2168819053219565e-11,-0.020332518619889925,0.007227395238091423,-0.01216881911233734,0.0011360441806151287
3.7696957447767265,16.625252686158202,2.480004610053585,0.22544908268095212,0.5647579644525057,-0.02033251851352569,-0.009507428557980204,0.02033251851352569,0.009507428557980204,0.007227399902711902,0.0007319196946821074,-0.03090615566209601,-0.06373512433454805,-2.033251851352569e-11,-9.507428557980204e-12,-0.0203325186193009,0.007227398363146115,-0.009507428604287502,0.0007319195962232434
3.7696957447767265,20.161126430657447,2.450332585972669,0.22544908268095212,0.5350859403715899,-0.02033251851352569,-0.0074280994227769615,0.02033251851352569,0.0074280994227769615,0.007227399902711902,0.00047155410788037716,-0.031280410243006394,-0.061117765179885805,-2.033251851352569e-11,-7.428099422776961e-12,-0.020332518619889925,0.0072274014882008075,-0.007428099458894082,0.00047155421390808976
3.7696957447767265,24.44901299403245,2.4222195111558187,0.22544908268095212,0.5069728655547395,-0.02033251851352569,-0.005803531490998793,0.02033251851352569,0.005803531490998793,0.007227399902711902,0.00030380829792459155,-0.03164346095307345,-0.05857876058763954,-2.033251851352569e-11,-5.803531490998793e-12,-0.020332518619889925,0.0072274014882008075,-0.005803531519205938,0.0003038082833871013
3.7696957447767265,29.648851141244215,2.3955834794007034,0.22544908268095212,0.48033683379962433,-0.02033251851352569,-0.004534265880143972,0.02033251851352569,0.004534265880143972,0.007227399902711902,0.00019573465768906405,-0.031995298506652954,-0.05611817549720401,-2.033251851352569e-11,-4.534265880143972e-12,-0.0203325186193009,0.0072274046132555,-0.004534265902232987,0.00019573473640304852
3.7696957447767265,35.95459555812005,2.370346887804744,0.22544908268095212,0.45510024220366474,-0.02033251851352569,-0.00354259593554811,0.02033251851352569,0.00354259593554811,0.007227399902711902,0.00012610602304932608,-0.03233594581256311,-0.05373584969516261,-2.033251851352569e-11,-3.5425959355481098e-12,-0.0203325186193009,0.007227398363146115,-0.0035425959527779697,0.00012610602957650608
3.7696957447767265,43.601451388100436,2.3464362106724814,0.22544908268095212,0.431189565071402,-0.02033251851352569,-0.002767809893442663,0.02033251851352569,0.002767809893442663,0.007227399902711902,8.124636299504802e-05,-0.03266545588258924,-0.05143141244221468,-2.033251851352569e-11,-2.767809893442663e-12,-0.0203325186193009,0.007227398363146115,-0.0027678099069098063,8.124635763992965e-05
3.7696957447767265,52.87464741679016,2.3237817853017093,0.22544908268095212,0.40853513970063016,-0.02033251851352569,-0.0021624740008780612,0.02033251851352569,0.0021624740008780612,0.007227399902711902,5.234461717455907e-05,-0.032983909679402304,-0.049204297523813174,-2.033251851352569e-11,-2.162474000878061e-12,-0.020332518619889925,0.0072274014882008075,-0.0021624740113574716,5.234462053476234e-05
3.7696957447767265,64.12007514531668,2.3023176090242683,0.22544908268095212,0.387070963423189,-0.02033251851352569,-0.001689528538629904,0.02033251851352569,0.001689528538629904,0.007227399902711902,3.3724081252943594e-05,-0.03329141393029405,-0.04705375853986468,-2.033251851352569e-11,-1.689528538629904e-12,-0.0203325186193009,0.007227398363146115,-0.0016895285468796692,3.372408018450256e-05
3.7696957447767265,77.75719059141188,2.281981146910183,0.22544908268095212,0.36673450130910396,-0.02033251851352569,-0.0013200189605451172,0.02033251851352569,0.0013200189605451172,0.007227399902711902,2.172742332917296e-05,-0.03358809893097184,-0.04497888426394784,-2.033251851352569e-11,-1.3200189605451172e-12,-0.020332518619889925,0.0072274014882008075,-0.0013200189669776358,2.1727425214985635e-05
3.7696957447767265,94.29466005719073,2.2627131495749078,0.22544908268095212,0.34746650397382856,-0.02033251851352569,-0.0010313232457213309,0.02033251851352569,0.0010313232457213309,0.007227399902711902,1.39983331490723e-05,-0.033874116361338795,-0.04297861391871141,-2.033251851352569e-11,-1.0313232457213309e-12,-0.020332518619889925,0.0072274014882008075,-0.0010313232507097123,1.3998334118664267e-05
3.7696957447767265,114.34933345293979,2.2444574805588577,0.22544908268095212,0.3292108349577785,-0.02033251851352569,-0.0008057669389278654,0.02033251851352569,0.0008057669389278654,0.007227399902711902,9.018710041393375e-06,-0.034149637132776973,-0.04105175223095559,-2.033251851352569e-11,-8.057669389278655e-13,-0.020332518619889925,0.0072274014882008075,-0.000805766942845301,9.018708409273517e-06
3.7696957447767265,138.6692528845326,2.2271609527763143,0.22544908268095212,0.31191430717523483,-0.02033251851352569,-0.0006295410896271181,0.02033251851352569,0.0006295410896271181,0.007227399902711902,5.810486859010076e-06,-0.03441484928401128,-0.03919698414696248,-2.033251851352569e-11,-6.295410896271181e-13,-0.020332518619889925,0.007227395238091423,-0.0006295410926893784,5.810485123998944e-06
3.7696957447767265,168.16155472797897,2.2107731735571967,0.22544908268095212,0.2955265279561175,-0.02033251851352569,-0.0004918568439358354,0.02033251851352569,0.0004918568439358354,0.007227399902711902,3.7435240055142786e-06,-0.03466995594021252,-0.037412889105562105,-2.033251851352569e-11,-4.918568439358354e-13,-0.020332518619889925,0.0072274014882008075,-0.0004918568463386291,3.743523782287036e-06
3.7696957447767265,203.9263059423702,2.1952463978302457,0.22544908268095212,0.2799997522291665,-0.02033251851352569,-0.00038428493217148603,0.02033251851352569,0.00038428493217148603,0.007227399902711902,2.4118412656128398e-06,-0.034915173347642964,-0.035697954782889625,-2.033251851352569e-11,-3.8428493217148604e-13,-0.020332518619889925,0.0072274014882008075,-0.0003842849340288176,2.411841763935594e-06
3.7696957447767265,247.29753672039521,2.1805353890198638,0.22544908268095212,0.26528874341878433,-0.02033251851352569,-0.0003002396142592021,0.02033251851352569,0.0003002396142592021,0.007227399902711902,1.553877651631041e-06,-0.0351507289938937,-0.03405059023855446,-2.033251851352569e-11,-3.002396142592021e-13,-0.0203325186193009,0.007227398363146115,-0.00030023961572369804,1.553876897156902e-06
3.7696957447767265,299.893,2.1665972872513493,0.22544908268095212,0.25135064165026993,-0.02033251851352569,-0.00023457548923695002,0.02033251851352569,0.00023457548923695002,0.007227399902711902,1.001117192355889e-06,-0.03537685982163785,-0.03246913840780396,-2.033251851352569e-11,-2.3457548923695e-13,-0.0203325186193009,0.007227398363146115,-0.00023457549037856227,1.0011172199867804e-06
4.285916160863152,0.134,4.082493637716926,0.2158236690481035,2.1768724057486954,-0.017120025343669302,-4.546708768677904,0.017120025343669302,4.546708768677904,0.005352515583816372,43.4271127604176,-0.017973082092995713,-0.14923696864437938,-1.71200253436693e-11,-4.5467087686779044e-09,-0.017120025433770635,0.005352518057650886,-4.546708790791364,43.42711186077002
4.285916160863152,0.1624992409262676,3.9681221467241885,0.2158236690481035,2.0625009147559576,-0.017120025343669302,-3.552317493020029,0.017120025343669302,3.552317493020029,0.005352515583816372,27.97879817191351,-0.01849111256703436,-0.14547155425177474,-1.71200253436693e-11,-3.552317493020029e-09,-0.017120025432734477,0.005352513222468349,-3.552317510294488,27.97879732755106
4.285916160863152,0.19705972613144151,3.859759661090404,0.2158236690481035,1.9541384291221735,-0.017120025343669302,-2.77540529055822,0.017120025343669302,2.77540529055822,0.005352515583816372,18.025908180066246,-0.01901024927393799,-0.14169809897092103,-1.71200253436693e-11,-2.77540529055822e-09,-0.017120025433252556,0.005352515640059618,-2.77540530405747,18.025907839649417
4.285916160863152,0.23897056651863752,3.7570904714977136,0.2158236690481035,1.851469239529483,-0.017120025343669302,-2.168408241097251,0.017120025343669302,2.168408241097251,0.005352515583816372,11.613556941211405,-0.019529738198071404,-0.13792208352441526,-1.71200253436693e-11,-2.168408241097251e-09,-0.017120025433252556,0.005352515640059618,-2.1684082516454217,11.613556796865854
4.285916160863152,0.2897950422611845,3.6598154557949223,0.2158236690481035,1.7541942238266917,-0.017120025343669302,-1.6941649264899823,0.017120025343669302,1.6941649264899823,0.005352515583816372,7.482269602144617,-0.020048823275675726,-0.13414900352207595,-1.71200253436693e-11,-1.6941649264899822e-09,-0.017120025433252556,0.005352515640059618,-1.6941649347313636,7.482269921611293
4.285916160863152,0.35142891337043375,3.5676512075183204,0.2158236690481035,1.6620299755500898,-0.017120025343669302,-1.323641343798085,0.017120025343669302,1.323641343798085,0.005352515583816372,4.8206039443879165,-0.020566750791162425,-0.1303843375055472,-1.71200253436693e-11,-1.323641343798085e-09,-0.017120025433252556,0.005352515640059618,-1.3236413502298119,4.820603612226277
4.285916160863152,0.4261711318077503,3.4803292101994607,0.2158236690481035,1.5747079782312299,-0.017120025343669302,-1.0341533929884241,0.017120025343669302,1.0341533929884241,0.005352515583816372,3.1057718612528524,-0.021082773744445234,-0.1266335152034205,-1.71200253436693e-11,-1.034153392988424e-09,-0.017120025432734477,0.005352513222468349,-1.0341533980222497,3.1057718930715947
4.285916160863152,0.5168095927122967,3.3975950550542846,0.2158236690481035,1.491973823086054,-0.017120025343669302,-0.8079781167613735,0.017120025343669302,0.8079781167613735,0.005352515583816372,2.00095651196974,-0.02159615613569542,-0.12290188638658184,-1.71200253436693e-11,-8.079781167613735e-10,-0.017120025433252556,0.005352515640059618,-0.8079781206893998,2.00095665665979
4.285916160863152,0.6267251232773262,3.3192076997743603,0.2158236690481035,1.4135864678061296,-0.017120025343669302,-0.6312686701909447,0.017120025343669302,0.6312686701909447,0.005352515583816372,1.2891568156519335,-0.0221061771156433,-0.11919469070086475,-1.71200253436693e-11,-6.312686701909447e-10,-0.017120025433252556,0.005352515640059618,-0.6312686732584893,1.2891567686972332
4.285916160863152,0.7600175880745298,3.2449387662607583,0.2158236690481035,1.3393175342925274,-0.017120025343669302,-0.49320659272550027,0.017120025343669302,0.49320659272550027,0.005352515583816372,0.8305654247856867,-0.02261213495235574,-0.11551702883368667,-1.71200253436693e-11,-4.932065927255003e-10,-0.017120025432734477,0.005352513222468349,-0.4932065951231925,0.8305654563132817
4.285916160863152,0.9216588145725657,3.174571875254544,0.2158236690481035,1.2689506432863136,-0.017120025343669302,-0.38533948316224703,0.017120025343669302,0.38533948316224703,0.005352515583816372,0.535108620203488,-0.023113350769207463,-0.11187383534381148,-1.71200253436693e-11,-3.85339483162247e-10,-0.017120025433252556,0.005352515640059618,-0.38533948503670273,0.5351086567047352
4.285916160863152,1.117678042992877,3.1079020159253594,0.2158236690481035,1.2022807839571288,-0.017120025343669302,-0.3010635289021562,0.017120025343669302,0.3010635289021562,0.005352515583816372,0.3447545814828088,-0.02360917201341434,-0.10826985344957953,-1.71200253436693e-11,-3.010635289021562e-10,-0.017120025433252556,0.005352515640059618,-0.3010635303668195,0.3447545850808318
4.285916160863152,1.3553868178082003,3.044734948581419,0.2158236690481035,1.139113716613188,-0.017120025343669302,-0.23521920902368526,0.017120025343669302,0.23521920902368526,0.005352515583816372,0.22211513133200658,-0.02409897561986647,-0.10470961203191553,-1.71200253436693e-11,-2.352192090236853e-10,-0.017120025432734477,0.005352513222468349,-0.2352192101667671,0.2221151165727118
4.285916160863152,1.643651709367924,2.9848866387607424,0.2158236690481035,1.0792654067925118,-0.017120025343669302,-0.18377541941225786,0.017120025343669302,0.18377541941225786,0.005352515583816372,0.14310217823485172,-0.024582170840927696,-0.10119740506533087,-1.71200253436693e-11,-1.8377541941225786e-10,-0.017120025433252556,0.005352515640059618,-0.18377542030601993,0.14310216206181678
4.285916160863152,1.99322503820485,2.9281827210548768,0.2158236690481035,1.0225614890866463,-0.017120025343669302,-0.14358268153495263,0.017120025343669302,0.14358268153495263,0.005352515583816372,0.09219648068437712,-0.02505820171918291,-0.09773727364423489,-1.71200253436693e-11,-1.4358268153495262e-10,-0.017120025433770635,0.005352518057650886,-0.14358268223368859,0.09219648562739743
4.285916160863152,2.4171459380859606,2.874457991102976,0.2158236690481035,0.9688367591347453,-0.017120025343669302,-0.11218032587111348,0.017120025343669302,0.11218032587111348,0.005352515583816372,0.059399452582997524,-0.02552654918663947,-0.09433299072444412,-1.71200253436693e-11,-1.1218032587111349e-10,-0.017120025432734477,0.005352513222468349,-0.11218032641640963,0.05939943916095749
4.285916160863152,2.931226717514774,2.823555924276187,0.2158236690481035,0.9179346923079563,-0.017120025343669302,-0.08764584543217176,0.017120025343669302,0.08764584543217176,0.005352515583816372,0.03826930204894082,-0.025986732780449013,-0.09098804865209476,-1.71200253436693e-11,-8.764584543217176e-11,-0.017120025433252556,0.005352515640059618,-0.08764584585862861,0.03826930693918466
4.285916160863152,3.554642661036909,2.7753282196500573,0.2158236690481035,0.8697069876818265,-0.017120025343669302,-0.06847719653039638,0.017120025343669302,0.06847719653039638,0.005352515583816372,0.024655774011834514,-0.02643831197164525,-0.0877056495054295,-1.71200253436693e-11,-6.847719653039638e-11,-0.017120025433252556,0.005352515640059618,-0.06847719686293686,0.024655773304149534
4.285916160863152,4.310647270019593,2.7296343679363355,0.2158236690481035,0.8240131359681051,-0.017120025343669302,-0.053500841044329936,0.017120025343669302,0.053500841044329936,0.005352515583816372,0.01588498246833012,-0.026880887109540657,-0.08448869823025029,-1.71200253436693e-11,-5.350084104432994e-11,-0.017120025433770635,0.005352518057650886,-0.05350084130443344,0.015884985248804426
4.285916160863152,5.227439621485609,2.6863412421153665,0.2158236690481035,0.7807200101471361,-0.017120025343669302,-0.04179990036800194,0.017120025343669302,0.04179990036800194,0.005352515583816372,0.010234222129795554,-0.027314099990156004,-0.08133979850816747,-1.71200253436693e-11,-4.179990036800194e-11,-0.017120025433770635,0.005352518057650886,-0.04179990057114122,0.010234223536502704
4.285916160863152,6.339216197606768,2.6453227095763947,0.2158236690481035,0.7397014776081641,-0.017120025343669302,-0.032658022503368904,0.017120025343669302,0.032658022503368904,0.005352515583816372,0.006593605174624262,-0.02773763406226109,-0.07826125125894919,-1.71200253436693e-11,-3.2658022503368906e-11,-0.017120025433252556,0.005352515640059618,-0.03265802266242773,0.006593604414567962
4.285916160863152,7.687446419243286,2.606459264635771,0.2158236690481035,0.7008380326675407,-0.017120025343669302,-0.025515525741467954,0.017120025343669302,0.025515525741467954,0.005352515583816372,0.004248063863325616,-0.02815121428919492,-0.07525505564491058,-1.71200253436693e-11,-2.5515525741467955e-11,-0.017120025433770635,0.005352518057650886,-0.025515525865790586,0.004248064206330672
4.285916160863152,9.322419461107367,2.5696376803624226,0.2158236690481035,0.6640164483941917,-0.017120025343669302,-0.019935133971946847,0.017120025343669302,0.019935133971946847,0.005352515583816372,0.0027369013019378032,-0.02855460668854691,-0.07232291241683864,-1.71200253436693e-11,-1.9935133971946848e-11,-0.017120025432734477,0.005352513222468349,-0.019935134068892982,0.002736900589573992
4.285916160863152,11.305120044971734,2.5347506786961826,0.2158236690481035,0.6291294467279519,-0.017120025343669302,-0.01557520587685156,0.017120025343669302,0.01557520587685156,0.005352515583816372,0.0017633041728060922,-0.028947617574980357,-0.06946622941769065,-1.71200253436693e-11,-1.557520587685156e-11,-0.017120025433252556,0.005352515640059618,-0.015575205952653394,0.0017633038544047047
4.285916160863152,13.709503178270442,2.5016966178979043,0.2158236690481035,0.5960753859296735,-0.017120025343669302,-0.012168819053219565,0.017120025343669302,0.012168819053219565,0.005352515583816372,0.0011360444761504365,-0.029330092533951486,-0.06668612904233455,-1.71200253436693e-11,-1.2168819053219565e-11,-0.017120025432734477,0.005352513222468349,-0.01216881911233734,0.0011360441806151287
4.285916160863152,16.625252686158202,2.4703791964207364,0.2158236690481035,0.5647579644525057,-0.017120025343669302,-0.009507428557980204,0.017120025343669302,0.009507428557980204,0.005352515583816372,0.0007319196946821074,-0.02970191515583113,-0.06398345743885442,-1.71200253436693e-11,-9.507428557980204e-12,-0.017120025433252556,0.005352515640059618,-0.009507428604287502,0.0007319195962232434
4.285916160863152,20.161126430657447,2.4407071723398204,0.2158236690481035,0.5350859403715899,-0.017120025343669302,-0.0074280994227769615,0.017120025343669302,0.0074280994227769615,0.005352515583816372,0.00047155410788037716,-0.030063005560997703,-0.06135879522922505,-1.71200253436693e-11,-7.428099422776961e-12,-0.017120025433252556,0.005352515640059618,-0.007428099458894082,0.00047155421390808976
4.285916160863152,24.44901299403245,2.41259409752297,0.2158236690481035,0.5069728655547395,-0.017120025343669302,-0.005803531490998793,0.017120025343669302,0.005803531490998793,0.005352515583816372,0.00030380829792459155,-0.030413318746884816,-0.058812469524146746,-1.71200253436693e-11,-5.803531490998793e-12,-0.017120025433252556,0.005352515640059618,-0.005803531519205938,0.0003038082833871013
4.285916160863152,29.648851141244215,2.3859580657678547,0.2158236690481035,0.48033683379962433,-0.017120025343669302,-0.004534265880143972,0.017120025343669302,0.004534265880143972,0.005352515583816372,0.00019573465768906405,-0.030752842787790273,-0.05634456700811582,-1.71200253436693e-11,-4.534265880143972e-12,-0.017120025433770635,0.005352518057650886,-0.004534265902232987,0.00019573473640304852
4.285916160863152,35.95459555812005,2.3607214741718954,0.2158236690481035,0.45510024220366474,-0.017120025343669302,-0.00354259593554811,0.017120025343669302,0.00354259593554811,0.005352515583816372,0.00012610602304932608,-0.03108159691755158,-0.053954947875904144,-1.71200253436693e-11,-3.5425959355481098e-12,-0.017120025433252556,0.005352515640059618,-0.0035425959527779697,0.00012610602957650608
4.285916160863152,43.601451388100436,2.336810797039633,0.2158236690481035,0.431189565071402,-0.017120025343669302,-0.002767809893442663,0.017120025343669302,0.002767809893442663,0.005352515583816372,8.124636299504802e-05,-0.0313996295240391,-0.05164326041001126,-1.71200253436693e-11,-2.767809893442663e-12,-0.017120025433252556,0.005352515640059618,-0.0027678099069098063,8.124635763992965e-05
4.285916160863152,52.87464741679016,2.3141563716688607,0.2158236690481035,0.40853513970063016,-0.017120025343669302,-0.0021624740008780612,0.017120025343669302,0.0021624740008780612,0.005352515583816372,5.234461717455907e-05,-0.03170701608288657,-0.049408955999782504,-1.71200253436693e-11,-2.162474000878061e-12,-0.017120025433252556,0.005352515640059618,-0.0021624740113574716,5.234462053476234e-05
4.285916160863152,64.12007514531668,2.2926921953914197,0.2158236690481035,0.387070963423189,-0.017120025343669302,-0.001689528538629904,0.017120025343669302,0.001689528538629904,0.005352515583816372,3.3724081252943594e-05,-0.03200385705604588,-0.047251304416209006,-1.71200253436693e-11,-1.689528538629904e-12,-0.017120025433252556,0.005352515640059618,-0.0016895285468796692,3.372408018450256e-05
4.285916160863152,77.75719059141188,2.2723557332773345,0.2158236690481035,0.36673450130910396,-0.017120025343669302,-0.0013200189605451172,0.017120025343669302,0.0013200189605451172,0.005352515583816372,2.172742332917296e-05,-0.032290275778692874,-0.04516940917140153,-1.71200253436693e-11,-1.3200189605451172e-12,-0.017120025433252556,0.005352515640059618,-0.0013200189669776358,2.1727425214985635e-05
4.285916160863152,94.29466005719073,2.253087735942059,0.2158236690481035,0.34746650397382856,-0.017120025343669302,-0.0010313232457213309,0.017120025343669302,0.0010313232457213309,0.005352515583816372,1.39983331490723e-05,-0.032566416355792514,-0.04316222280785267,-1.71200253436693e-11,-1.0313232457213309e-12,-0.017120025433252556,0.005352515640059618,-0.0010313232507097123,1.3998334118664267e-05
4.285916160863152,114.34933345293979,2.234832066926009,0.2158236690481035,0.3292108349577785,-0.017120025343669302,-0.0008057669389278654,0.017120025343669302,0.0008057669389278654,0.005352515583816372,9.018710041393375e-06,-0.03283244158732053,-0.04122856197940335,-1.71200253436693e-11,-8.057669389278655e-13,-0.017120025433252556,0.005352515640059618,-0.000805766942845301,9.018708409273517e-06
4.285916160863152,138.6692528845326,2.2175355391434657,0.2158236690481035,0.31191430717523483,-0.017120025343669302,-0.0006295410896271181,0.017120025343669302,0.0006295410896271181,0.005352515583816372,5.810486859010076e-06,-0.03308853093879184,-0.03936712220288759,-1.71200253436693e-11,-6.295410896271181e-13,-0.017120025432734477,0.005352513222468349,-0.0006295410926893784,5.810485123998944e-06
4.285916160863152,168.16155472797897,2.201147759924348,0.2158236690481035,0.2955265279561175,-0.017120025343669302,-0.0004918568439358354,0.017120025343669302,0.0004918568439358354,0.005352515583816372,3.7435240055142786e-06,-0.03333487857141442,-0.03757649217637699,-1.71200253436693e-11,-4.918568439358354e-13,-0.017120025433252556,0.005352515640059618,-0.0004918568463386291,3.743523782287036e-06
4.285916160863152,203.9263059423702,2.185620984197397,0.2158236690481035,0.2799997522291665,-0.017120025343669302,-0.00038428493217148603,0.017120025343669302,0.00038428493217148603,0.005352515583816372,2.4118412656128398e-06,-0.03357169144391416,-0.0358551675764693,-1.71200253436693e-11,-3.8428493217148604e-13,-0.017120025433252556,0.005352515640059618,-0.0003842849340288176,2.411841763935594e-06
4.285916160863152,247.29753672039521,2.170909975387015,0.2158236690481035,0.26528874341878433,-0.017120025343669302,-0.0003002396142592021,0.017120025343669302,0.0003002396142592021,0.005352515583816372,1.553877651631041e-06,-0.03379918749589706,-0.03420156426290584,-1.71200253436693e-11,-3.002396142592021e-13,-0.017120025433252556,0.005352515640059618,-0.00030023961572369804,1.553876897156902e-06
4.285916160863152,299.893,2.1569718736185006,0.2158236690481035,0.25135064165026993,-0.017120025343669302,-0.00023457548923695002,0.017120025343669302,0.00023457548923695002,0.005352515583816372,1.001117192355889e-06,-0.03401759392055786,-0.03261403083375527,-1.71200253436693e-11,-2.3457548923695e-13,-0.017120025433252556,0.005352515640059618,-0.00023457549037856227,1.0011172199867804e-06
4.872827565301537,0.134,4.073279175357428,0.20660920668860533,2.1768724057486954,-0.014415099023414393,-4.546708768677904,0.014415099023414393,4.546708768677904,0.003964001364342263,43.4271127604176,-0.01724465445501442,-0.14957456849231973,-1.4415099023414393e-11,-4.5467087686779044e-09,-0.014415099099662642,0.003964004865442009,-4.546708790824505,43.42711680718581
4.872827565301537,0.1624992409262676,3.95890768436469,0.20660920668860533,2.0625009147559576,-0.014415099023414393,-3.552317493020029,0.014415099023414393,3.552317493020029,0.003964001364342263,27.97879817191351,-0.01774284663298915,-0.14581014314242371,-1.4415099023414393e-11,-3.552317493020029e-09,-0.014415099098751282,0.003964001124869048,-3.552317510308152,27.978799009324728
4.872827565301537,0.19705972613144151,3.850545198730906,0.20660920668860533,1.9541384291221735,-0.014415099023414393,-2.77540529055822,0.014415099023414393,2.77540529055822,0.003964001364342263,18.025908180066246,-0.018242167862617467,-0.1420371864850243,-1.4415099023414393e-11,-2.77540529055822e-09,-0.014415099098751282,0.003964001124869048,-2.775405304046202,18.02590898325027
4.872827565301537,0.23897056651863752,3.7478760091382153,0.20660920668860533,1.851469239529483,-0.014415099023414393,-2.168408241097251,0.014415099023414393,2.168408241097251,0.003964001364342263,11.613556941211405,-0.018741893196727283,-0.13826117634501034,-1.4415099023414393e-11,-2.168408241097251e-09,-0.014415099098751282,0.003964001124869048,-2.1684082516454217,11.613558352155893
4.872827565301537,0.2897950422611845,3.6506009934354244,0.20660920668860533,1.7541942238266917,-0.014415099023414393,-1.6941649264899823,0.014415099023414393,1.6941649264899823,0.003964001364342263,7.482269602144617,-0.019241295338536274,-0.13448760830132767,-1.4415099023414393e-11,-1.6941649264899822e-09,-0.014415099098751282,0.003964001124869048,-1.6941649347390257,7.482269392815102
4.872827565301537,0.35142891337043375,3.558436745158822,0.20660920668860533,1.6620299755500898,-0.014415099023414393,-1.323641343798085,0.014415099023414393,1.323641343798085,0.003964001364342263,4.8206039443879165,-0.019739648870647504,-0.1307219637319646,-1.4415099023414393e-11,-1.323641343798085e-09,-0.014415099098751282,0.003964001124869048,-1.3236413502298119,4.820604331385803
4.872827565301537,0.4261711318077503,3.4711147478399624,0.20660920668860533,1.5747079782312299,-0.014415099023414393,-1.0341533929884241,0.014415099023414393,1.0341533929884241,0.003964001364342263,3.1057718612528524,-0.020236234460861875,-0.12696967803411316,-1.4415099023414393e-11,-1.034153392988424e-09,-0.014415099098751282,0.003964001124869048,-1.0341533980222497,3.1057718930715947
4.872827565301537,0.5168095927122967,3.3883805926947863,0.20660920668860533,1.491973823086054,-0.014415099023414393,-0.8079781167613735,0.014415099023414393,0.8079781167613735,0.003964001364342263,2.00095651196974,-0.020730342993134983,-0.12323610940995237,-1.4415099023414393e-11,-8.079781167613735e-10,-0.014415099098751282,0.003964001124869048,-0.8079781206936961,2.0009568229279493
4.872827565301537,0.6267251232773262,3.3099932374148624,0.20660920668860533,1.4135864678061296,-0.014415099023414393,-0.6312686701909447,0.014415099023414393,0.6312686701909447,0.003964001364342263,1.2891568156519335,-0.0212212795735815,-0.11952650859659342,-1.4415099023414393e-11,-6.312686701909447e-10,-0.014415099098751282,0.003964001124869048,-0.6312686732584893,1.2891567686972332
4.872827565301537,0.7600175880745298,3.23572430390126,0.20660920668860533,1.3393175342925274,-0.014415099023414393,-0.49320659272550027,0.014415099023414393,0.49320659272550027,0.003964001364342263,0.8305654247856867,-0.02170836736404116,-0.11584598989899922,-1.4415099023414393e-11,-4.932065927255003e-10,-0.014415099098751282,0.003964001124869048,-0.49320659512027093,0.8305655331949743
4.872827565301537,0.9216588145725657,3.1653574128950464,0.20660920668860533,1.2689506432863136,-0.014415099023414393,-0.38533948316224703,0.014415099023414393,0.38533948316224703,0.003964001364342263,0.535108620203488,-0.02219095119928371,-0.11219950385776467,-1.4415099023414393e-11,-3.85339483162247e-10,-0.014415099098751282,0.003964001124869048,-0.38533948503670273,0.5351085521461122
4.872827565301537,1.117678042992877,3.0986875535658616,0.20660920668860533,1.2022807839571288,-0.014415099023414393,-0.3010635289021562,0.014415099023414393,0.3010635289021562,0.003964001364342263,0.3447545814828088,-0.022668400948334576,-0.10859181185036486,-1.4415099023414393e-11,-3.010635289021562e-10,-0.014415099098751282,0.003964001124869048,-0.3010635303668195,0.3447545850808318
4.872827565301537,1.3553868178082003,3.0355204862219205,0.20660920668860533,1.139113716613188,-0.014415099023414393,-0.23521920902368526,0.014415099023414393,0.23521920902368526,0.003964001364342263,0.22211513133200658,-0.02314011458551219,-0.10502746288587127,-1.4415099023414393e-11,-2.352192090236853e-10,-0.014415099098751282,0.003964001124869048,-0.2352192101667671,0.22211516492017613
4.872827565301537,1.643651709367924,2.975672176401244,0.20660920668860533,1.0792654067925118,-0.014415099023414393,-0.18377541941225786,0.014415099023414393,0.18377541941225786,0.003964001364342263,0.14310217823485172,-0.023605520942429695,-0.10151077281035618,-1.4415099023414393e-11,-1.8377541941225786e-10,-0.014415099098751282,0.003964001124869048,-0.18377542030601993,0.14310219493794196
4.872827565301537,1.99322503820485,2.918968258695379,0.20660920668860533,1.0225614890866463,-0.014415099023414393,-0.14358268153495263,0.014415099023414393,0.14358268153495263,0.003964001364342263,0.09219648068437712,-0.024064082118261686,-0.09804580609450457,-1.4415099023414393e-11,-1.4358268153495262e-10,-0.014415099098751282,0.003964001124869048,-0.14358268223368859,0.09219648562739743
4.872827565301537,2.4171459380859606,2.865243528743478,0.20660920668860533,0.9688367591347453,-0.014415099023414393,-0.11218032587111348,0.014415099023414393,0.11218032587111348,0.003964001364342263,0.059399452582997524,-0.024515295531842254,-0.09463636032761027,-1.4415099023414393e-11,-1.1218032587111349e-10,-0.014415099098751282,0.003964001124869048,-0.11218032641640963,0.05939945436273851
4.872827565301537,2.931226717514774,2.8143414619166887,0.20660920668860533,0.9179346923079563,-0.014415099023414393,-0.08764584543217176,0.014415099023414393,0.08764584543217176,0.003964001364342263,0.03826930204894082,-0.024958695605474566,-0.09128595349442258,-1.4415099023414393e-11,-8.764584543217176e-11,-0.014415099098751282,0.003964001124869048,-0.08764584585787111,0.03826931210776653
4.872827565301537,3.554642661036909,2.766113757290559,0.20660920668860533,0.8697069876818265,-0.014415099023414393,-0.06847719653039638,0.014415099023414393,0.06847719653039638,0.003964001364342263,0.024655774011834514,-0.02539385507653455,-0.08799781406444414,-1.4415099023414393e-11,-6.847719653039638e-11,-0.014415099098751282,0.003964001124869048,-0.06847719686356152,0.02465577681876911
4.872827565301537,4.310647270019593,2.7204199055768377,0.20660920668860533,0.8240131359681051,-0.014415099023414393,-0.053500841044329936,0.014415099023414393,0.053500841044329936,0.003964001364342263,0.01588498246833012,-0.025820385938894515,-0.08477487387837346,-1.4415099023414393e-11,-5.350084104432994e-11,-0.014415099098751282,0.003964001124869048,-0.053500841304948546,0.01588498285887406
4.872827565301537,5.227439621485609,2.6771267797558687,0.20660920668860533,0.7807200101471361,-0.014415099023414393,-0.04179990036800194,0.014415099023414393,0.04179990036800194,0.003964001364342263,0.010234222129795554,-0.026237940021746158,-0.08161976377441871,-1.4415099023414393e-11,-4.179990036800194e-11,-0.014415099098751282,0.003964001124869048,-0.04179990057114122,0.010234223536502704
4.872827565301537,6.339216197606768,2.636108247216897,0.20660920668860533,0.7397014776081641,-0.014415099023414393,-0.032658022503368904,0.014415099023414393,0.032658022503368904,0.003964001364342263,0.006593605174624262,-0.026646209218458335,-0.07853481185900957,-1.4415099023414393e-11,-3.2658022503368906e-11,-0.014415099098751282,0.003964001124869048,-0.03265802266242773,0.006593604414567962
4.872827565301537,7.687446419243286,2.5972448022762733,0.20660920668860533,0.7008380326675407,-0.014415099023414393,-0.025515525741467954,0.014415099023414393,0.025515525741467954,0.003964001364342263,0.004248063863325616,-0.027044925382575906,-0.07552204429264768,-1.4415099023414393e-11,-2.5515525741467955e-11,-0.014415099098751282,0.003964001124869048,-0.025515525865501744,0.004248063454870414
4.872827565301537,9.322419461107367,2.5604232180029243,0.20660920668860533,0.6640164483941917,-0.014415099023414393,-0.019935133971946847,0.014415099023414393,0.019935133971946847,0.003964001364342263,0.0027369013019378032,-0.02743385991189082,-0.07258318843273653,-1.4415099023414393e-11,-1.9935133971946848e-11,-0.014415099098751282,0.003964001124869048,-0.019935134068892982,0.002736900589573992
4.872827565301537,11.305120044971734,2.5255362163366843,0.20660920668860533,0.6291294467279519,-0.014415099023414393,-0.01557520587685156,0.014415099023414393,0.01557520587685156,0.003964001364342263,0.0017633041728060922,-0.027812823044657056,-0.06971967815150214,-1.4415099023414393e-11,-1.557520587685156e-11,-0.014415099098751282,0.003964001124869048,-0.015575205952653394,0.0017633045493487855
4.872827565301537,13.709503178270442,2.492482155538406,0.20660920668860533,0.5960753859296735,-0.014415099023414393,-0.012168819053219565,0.014415099023414393,0.012168819053219565,0.003964001364342263,0.0011360444761504365,-0.028181662894461824,-0.06693266112867098,-1.4415099023414393e-11,-1.2168819053219565e-11,-0.014415099098751282,0.003964001124869048,-0.012168819112499304,0.001136044416895034
4.872827565301537,16.625252686158202,2.461164734061238,0.20660920668860533,0.5647579644525057,-0.014415099023414393,-0.009507428557980204,0.014415099023414393,0.009507428557980204,0.003964001364342263,0.0007319196946821074,-0.028540264252013767,-0.06422300790536384,-1.4415099023414393e-11,-9.507428557980204e-12,-0.014415099098751282,0.003964001124869048,-0.009507428604153944,0.000731919756892843
4.872827565301537,20.161126430657447,2.4314927099803225,0.20660920668860533,0.5350859403715899,-0.014415099023414393,-0.0074280994227769615,0.014415099023414393,0.0074280994227769615,0.003964001364342263,0.00047155410788037716,-0.028888547183188295,-0.06159132247750473,-1.4415099023414393e-11,-7.428099422776961e-12,-0.014415099098751282,0.003964001124869048,-0.007428099458894082,0.0004715539953984351
4.872827565301537,24.44901299403245,2.403379635163472,0.20660920668860533,0.5069728655547395,-0.014415099023414393,-0.005803531490998793,0.014415099023414393,0.005803531490998793,0.003964001364342263,0.00030380829792459155,-0.029226465453123143,-0.05903795420362498,-1.4415099023414393e-11,-5.803531490998793e-12,-0.014415099098751282,0.003964001124869048,-0.005803531519205938,0.0003038082833871013
4.872827565301537,29.648851141244215,2.376743603408357,0.20660920668860533,0.48033683379962433,-0.014415099023414393,-0.004534265880143972,0.014415099023414393,0.004534265880143972,0.003964001364342263,0.00019573465768906405,-0.029554004806035587,-0.05656301080285832,-1.4415099023414393e-11,-4.534265880143972e-12,-0.014415099098751282,0.003964001124869048,-0.004534265902232987,0.0001957346353651098
4.872827565301537,35.95459555812005,2.351507011812397,0.20660920668860533,0.45510024220366474,-0.014415099023414393,-0.00354259593554811,0.014415099023414393,0.00354259593554811,0.003964001364342263,0.00012610602304932608,-0.029871181129800875,-0.05416637222370059,-1.4415099023414393e-11,-3.5425959355481098e-12,-0.014415099098751282,0.003964001124869048,-0.0035425959527162127,0.0001261060639292479
4.872827565301537,43.601451388100436,2.3275963346801345,0.20660920668860533,0.431189565071402,-0.014415099023414393,-0.002767809893442663,0.014415099023414393,0.002767809893442663,0.003964001364342263,8.124636299504802e-05,-0.03017803853325703,-0.05184770517222352,-1.4415099023414393e-11,-2.767809893442663e-12,-0.014415099098751282,0.003964001124869048,-0.0027678099069098063,8.124635763992965e-05
4.872827565301537,52.87464741679016,2.304941909309363,0.20660920668860533,0.40853513970063016,-0.014415099023414393,-0.0021624740008780612,0.014415099023414393,0.0021624740008780612,0.003964001364342263,5.234461717455907e-05,-0.03047464736275798,-0.0496064780993388,-1.4415099023414393e-11,-2.162474000878061e-12,-0.014415099098751282,0.003964001124869048,-0.002162474011399466,5.234460465020004e-05
4.872827565301537,64.12007514531668,2.2834777330319214,0.20660920668860533,0.387070963423189,-0.014415099023414393,-0.001689528538629904,0.014415099023414393,0.001689528538629904,0.003964001364342263,3.3724081252943594e-05,-0.03076110218275686,-0.04744197645985632,-1.4415099023414393e-11,-1.689528538629904e-12,-0.014415099098751282,0.003964001124869048,-0.0016895285468450398,3.372409098595545e-05
4.872827565301537,77.75719059141188,2.2631412709178367,0.20660920668860533,0.36673450130910396,-0.014415099023414393,-0.0013200189605451172,0.014415099023414393,0.0013200189605451172,0.003964001364342263,2.172742332917296e-05,-0.031037519743236156,-0.04535331807092941,-1.4415099023414393e-11,-1.3200189605451172e-12,-0.014415099098751282,0.003964001124869048,-0.0013200189669490797,2.1727417870031313e-05
4.872827565301537,94.29466005719073,2.2438732735825613,0.20660920668860533,0.34746650397382856,-0.014415099023414393,-0.0010313232457213309,0.014415099023414393,0.0010313232457213309,0.003964001364342263,1.39983331490723e-05,-0.03130403695467895,-0.04333946841351926,-1.4415099023414393e-11,-1.0313232457213309e-12,-0.014415099098751282,0.003964001124869048,-0.0010313232507332603,1.3998329124118205e-05
4.872827565301537,114.34933345293979,2.2256176045665113,0.20660920668860533,0.3292108349577785,-0.014415099023414393,-0.0008057669389278654,0.014415099023414393,0.0008057669389278654,0.003964001364342263,9.018710041393375e-06,-0.03156080888905719,-0.04139925573726901,-1.4415099023414393e-11,-8.057669389278655e-13,-0.014415099098751282,0.003964001124869048,-0.000805766942845301,9.018708409273517e-06
4.872827565301537,138.6692528845326,2.2083210767839674,0.20660920668860533,0.31191430717523483,-0.014415099023414393,-0.0006295410896271181,0.014415099023414393,0.0006295410896271181,0.003964001364342263,5.810486859010076e-06,-0.031808006823056956,-0.03953138584622906,-1.4415099023414393e-11,-6.295410896271181e-13,-0.014415099098751282,0.003964001124869048,-0.0006295410926893784,5.810485123998944e-06
4.872827565301537,168.16155472797897,2.1919332975648502,0.20660920668860533,0.2955265279561175,-0.014415099023414393,-0.0004918568439358354,0.014415099023414393,0.0004918568439358354,0.003964001364342263,3.7435240055142786e-06,-0.03204581633751414,-0.03773445645984577,-1.4415099023414393e-11,-4.918568439358354e-13,-0.014415099098751282,0.003964001124869048,-0.0004918568463254249,3.7435222118635078e-06
4.872827565301537,203.9263059423702,2.176406521837899,0.20660920668860533,0.2799997522291665,-0.014415099023414393,-0.00038428493217148603,0.014415099023414393,0.00038428493217148603,0.003964001364342263,2.4118412656128398e-06,-0.032274435484841206,-0.03600697106019893,-1.4415099023414393e-11,-3.8428493217148604e-13,-0.014415099098751282,0.003964001124869048,-0.0003842849340397061,2.411840696052486e-06
4.872827565301537,247.29753672039521,2.161695513027517,0.20660920668860533,0.26528874341878433,-0.014415099023414393,-0.0003002396142592021,0.014415099023414393,0.0003002396142592021,0.003964001364342263,1.553877651631041e-06,-0.03249407303411967,-0.034347352152382986,-1.4415099023414393e-11,-3.002396142592021e-13,-0.014415099098751282,0.003964001124869048,-0.0003002396157147192,1.5538776233140892e-06
4.872827565301537,299.893,2.1477574112590023,0.20660920668860533,0.25135064165026993,-0.014415099023414393,-0.00023457548923695002,0.014415099023414393,0.00023457548923695002,0.003964001364342263,1.001117192355889e-06,-0.03270494680154278,-0.03275395387996792,-1.4415099023414393e-11,-2.3457548923695e-13,-0.014415099098751282,0.003964001124869048,-0.00023457549037856227,1.0011172199867804e-06
5.540110349797544,0.134,4.064458118952657,0.19778815028383437,2.1768724057486954,-0.012137545107763619,-4.546708768677904,0.012137545107763619,4.546708768677904,0.002935686327381723,43.4271127604176,-0.016544232294853432,-0.14989918881482658,-1.213754510776362e-11,-4.5467087686779044e-09,-0.012137545170629031,0.002935687830433872,-4.546708790791364,43.42711186077002
5.540110349797544,0.1624992409262676,3.9500866279599194,0.19778815028383437,2.0625009147559576,-0.012137545107763619,-3.552317493020029,0.012137545107763619,3.552317493020029,0.002935686327381723,27.97879817191351,-0.017023256856365347,-0.14613575612719798,-1.213754510776362e-11,-3.552317493020029e-09,-0.01213754517143062,0.0029356849366680275,-3.552317510294488,27.97879732755106
5.540110349797544,0.19705972613144151,3.841724142326135,0.19778815028383437,1.9541384291221735,-0.012137545107763619,-2.77540529055822,0.012137545107763619,2.77540529055822,0.002935686327381723,18.025908180066246,-0.01750342731061904,-0.14236332079012845,-1.213754510776362e-11,-2.77540529055822e-09,-0.012137545171029825,0.0029356863835509495,-2.77540530405747,18.025907839649417
5.540110349797544,0.23897056651863752,3.7390549527334445,0.19778815028383437,1.851469239529483,-0.012137545107763619,-2.168408241097251,0.012137545107763619,2.168408241097251,0.002935686327381723,11.613556941211405,-0.017984046803991842,-0.13858735759951094,-1.213754510776362e-11,-2.168408241097251e-09,-0.012137545171029825,0.0029356863835509495,-2.1684082516454217,11.613556796865854
5.540110349797544,0.2897950422611845,3.641779937030653,0.19778815028383437,1.7541942238266917,-0.012137545107763619,-1.6941649264899823,0.012137545107763619,1.6941649264899823,0.002935686327381723,7.482269602144617,-0.018464415872278934,-0.13481336186114767,-1.213754510776362e-11,-1.6941649264899822e-09,-0.01213754517143062,0.002935687830433872,-1.6941649347313636,7.482269921611293
5.540110349797544,0.35142891337043375,3.5496156887540513,0.19778815028383437,1.6620299755500898,-0.012137545107763619,-1.323641343798085,0.012137545107763619,1.323641343798085,0.002935686327381723,4.8206039443879165,-0.018943836507624524,-0.13104681743910684,-1.213754510776362e-11,-1.323641343798085e-09,-0.012137545171029825,0.0029356863835509495,-1.3236413502298119,4.820603612226277
5.540110349797544,0.4261711318077503,3.4622936914351916,0.19778815028383437,1.5747079782312299,-0.012137545107763619,-1.0341533929884241,0.012137545107763619,1.0341533929884241,0.002935686327381723,3.1057718612528524,-0.01942161620748644,-0.12729316494523368,-1.213754510776362e-11,-1.034153392988424e-09,-0.01213754517143062,0.0029356849366680275,-1.0341533980222497,3.1057718930715947
5.540110349797544,0.5168095927122967,3.3795595362900155,0.19778815028383437,1.491973823086054,-0.012137545107763619,-0.8079781167613735,0.012137545107763619,0.8079781167613735,0.002935686327381723,2.00095651196974,-0.019897071955854224,-0.12355777046090786,-1.213754510776362e-11,-8.079781167613735e-10,-0.012137545171029825,0.0029356863835509495,-0.8079781206893998,2.00095665665979
5.540110349797544,0.6267251232773262,3.301172181010091,0.19778815028383437,1.4135864678061296,-0.012137545107763619,-0.6312686701909447,0.012137545107763619,0.6312686701909447,0.002935686327381723,1.2891568156519335,-0.020369534088367572,-0.11984589517093239,-1.213754510776362e-11,-6.312686701909447e-10,-0.01213754517143062,0.002935687830433872,-0.6312686732584893,1.2891567686972332
5.540110349797544,0.7600175880745298,3.226903247496489,0.19778815028383437,1.3393175342925274,-0.012137545107763619,-0.49320659272550027,0.012137545107763619,0.49320659272550027,0.002935686327381723,0.8305654247856867,-0.020838349995409625,-0.11616266627036499,-1.213754510776362e-11,-4.932065927255003e-10,-0.01213754517143062,0.0029356849366680275,-0.4932065951231925,0.8305654563132817
5.540110349797544,0.9216588145725657,3.156536356490275,0.19778815028383437,1.2689506432863136,-0.012137545107763619,-0.38533948316224703,0.012137545107763619,0.38533948316224703,0.002935686327381723,0.535108620203488,-0.021302887620601667,-0.11251304947876843,-1.213754510776362e-11,-3.85339483162247e-10,-0.01213754517143062,0.002935687830433872,-0.38533948503670273,0.5351086567047352
5.540110349797544,1.117678042992877,3.0898664971610903,0.19778815028383437,1.2022807839571288,-0.012137545107763619,-0.3010635289021562,0.012137545107763619,0.3010635289021562,0.002935686327381723,0.3447545814828088,-0.02176253871629653,-0.10890182346358779,-1.213754510776362e-11,-3.010635289021562e-10,-0.01213754517143062,0.002935687830433872,-0.3010635303668195,0.3447545850808318
5.540110349797544,1.3553868178082003,3.0266994298171497,0.19778815028383437,1.139113716613188,-0.012137545107763619,-0.23521920902368526,0.012137545107763619,0.23521920902368526,0.002935686327381723,0.22211513133200658,-0.022216721822529338,-0.10533355643617211,-1.213754510776362e-11,-2.352192090236853e-10,-0.01213754517143062,0.0029356849366680275,-0.2352192101667671,0.2221151165727118
5.540110349797544,1.643651709367924,2.9668511199964733,0.19778815028383437,1.0792654067925118,-0.012137545107763619,-0.18377541941225786,0.012137545107763619,0.18377541941225786,0.002935686327381723,0.14310217823485172,-0.02266488494128944,-0.10181258514148962,-1.213754510776362e-11,-1.8377541941225786e-10,-0.012137545171029825,0.0029356863835509495,-0.18377542030601993,0.14310216206181678
5.540110349797544,1.99322503820485,2.9101472022906076,0.19778815028383437,1.0225614890866463,-0.012137545107763619,-0.14358268153495263,0.012137545107763619,0.14358268153495263,0.002935686327381723,0.09219648068437712,-0.023106507883768845,-0.09834299641708694,-1.213754510776362e-11,-1.4358268153495262e-10,-0.012137545171029825,0.0029356892773167945,-0.14358268223368859,0.09219648562739743
5.540110349797544,2.4171459380859606,2.856422472338707,0.19778815028383437,0.9688367591347453,-0.012137545107763619,-0.11218032587111348,0.012137545107763619,0.11218032587111348,0.002935686327381723,0.059399452582997524,-0.02354110427425675,-0.09492861144959104,-1.213754510776362e-11,-1.1218032587111349e-10,-0.01213754517143062,0.0029356849366680275,-0.11218032641640963,0.05939943916095749
5.540110349797544,2.931226717514774,2.805520405511918,0.19778815028383437,0.9179346923079563,-0.012137545107763619,-0.08764584543217176,0.012137545107763619,0.08764584543217176,0.002935686327381723,0.03826930204894082,-0.02396822320042474,-0.09157297280932598,-1.213754510776362e-11,-8.764584543217176e-11,-0.012137545171029825,0.0029356863835509495,-0.08764584585862861,0.03826930693918466
5.540110349797544,3.554642661036909,2.757292700885788,0.19778815028383437,0.8697069876818265,-0.012137545107763619,-0.06847719653039638,0.012137545107763619,0.06847719653039638,0.002935686327381723,0.024655774011834514,-0.02438745050572747,-0.08827933429663046,-1.213754510776362e-11,-6.847719653039638e-11,-0.012137545171029825,0.0029356863835509495,-0.06847719686293686,0.024655773304149534
5.540110349797544,4.310647270019593,2.7115988491720664,0.19778815028383437,0.8240131359681051,-0.012137545107763619,-0.053500841044329936,0.012137545107763619,0.053500841044329936,0.002935686327381723,0.01588498246833012,-0.024798409725386633,-0.08505065358834671,-1.213754510776362e-11,-5.350084104432994e-11,-0.012137545171029825,0.0029356892773167945,-0.05350084130443344,0.015884985248804426
5.540110349797544,5.227439621485609,2.6683057233510974,0.19778815028383437,0.7807200101471361,-0.012137545107763619,-0.04179990036800194,0.012137545107763619,0.04179990036800194,0.002935686327381723,0.010234222129795554,-0.02520076267280406,-0.08188958763069483,-1.213754510776362e-11,-4.179990036800194e-11,-0.012137545171029825,0.0029356892773167945,-0.04179990057114122,0.010234223536502704
5.540110349797544,6.339216197606768,2.6272871908121256,0.19778815028383437,0.7397014776081641,-0.012137545107763619,-0.032658022503368904,0.012137545107763619,0.032658022503368904,0.002935686327381723,0.006593605174624262,-0.025594209688157486,-0.07879849068619263,-1.213754510776362e-11,-3.2658022503368906e-11,-0.01213754517143062,0.002935687830433872,-0.03265802266242773,0.006593604414567962
5.540110349797544,7.687446419243286,2.588423745871502,0.19778815028383437,0.7008380326675407,-0.012137545107763619,-0.025515525741467954,0.012137545107763619,0.025515525741467954,0.002935686327381723,0.004248063863325616,-0.02597848956528386,-0.07577941490809334,-1.213754510776362e-11,-2.5515525741467955e-11,-0.012137545171029825,0.0029356892773167945,-0.025515525865790586,0.004248064206330672
5.540110349797544,9.322419461107367,2.5516021615981535,0.19778815028383437,0.6640164483941917,-0.012137545107763619,-0.019935133971946847,0.012137545107763619,0.019935133971946847,0.002935686327381723,0.0027369013019378032,-0.02635337917668914,-0.07283411328647715,-1.213754510776362e-11,-1.9935133971946848e-11,-0.01213754517143062,0.0029356849366680275,-0.019935134068892982,0.002736900589573992
5.540110349797544,11.305120044971734,2.5167151599319135,0.19778815028383437,0.6291294467279519,-0.012137545107763619,-0.01557520587685156,0.012137545107763619,0.01557520587685156,0.002935686327381723,0.0017633041728060922,-0.026718692819601784,-0.06996404478595016,-1.213754510776362e-11,-1.557520587685156e-11,-0.012137545171029825,0.0029356863835509495,-0.015575205952653394,0.0017633038544047047
5.540110349797544,13.709503178270442,2.483661099133635,0.19778815028383437,0.5960753859296735,-0.012137545107763619,-0.012168819053219565,0.012137545107763619,0.012168819053219565,0.002935686327381723,0.0011360444761504365,-0.027074281308392668,-0.06717038147600153,-1.213754510776362e-11,-1.2168819053219565e-11,-0.01213754517143062,0.0029356849366680275,-0.01216881911233734,0.0011360441806151287
5.540110349797544,16.625252686158202,2.4523436776564673,0.19778815028383437,0.5647579644525057,-0.012137545107763619,-0.009507428557980204,0.012137545107763619,0.009507428557980204,0.002935686327381723,0.0007319196946821074,-0.027420030840422625,-0.06445401744141656,-1.213754510776362e-11,-9.507428557980204e-12,-0.012137545171029825,0.0029356863835509495,-0.009507428604287502,0.0007319195962232434
5.540110349797544,20.161126430657447,2.4226716535755513,0.19778815028383437,0.5350859403715899,-0.012137545107763619,-0.0074280994227769615,0.012137545107763619,0.0074280994227769615,0.002935686327381723,0.00047155410788037716,-0.027755861663471097,-0.06181557925155692,-1.213754510776362e-11,-7.428099422776961e-12,-0.01213754517143062,0.002935687830433872,-0.007428099458894082,0.00047155421390808976
5.540110349797544,24.44901299403245,2.394558578758701,0.19778815028383437,0.5069728655547395,-0.012137545107763619,-0.005803531490998793,0.012137545107763619,0.005803531490998793,0.002935686327381723,0.00030380829792459155,-0.028081726573385226,-0.05925543776350617,-1.213754510776362e-11,-5.803531490998793e-12,-0.01213754517143062,0.002935687830433872,-0.005803531519205938,0.0003038082833871013
5.540110349797544,29.648851141244215,2.3679225470035856,0.19778815028383437,0.48033683379962433,-0.012137545107763619,-0.004534265880143972,0.012137545107763619,0.004534265880143972,0.002935686327381723,0.00019573465768906405,-0.02839760927051722,-0.0567737210346381,-1.213754510776362e-11,-4.534265880143972e-12,-0.012137545171029825,0.0029356892773167945,-0.004534265902232987,0.00019573473640304852
5.540110349797544,35.95459555812005,2.3426859554076263,0.19778815028383437,0.45510024220366474,-0.012137545107763619,-0.00354259593554811,0.012137545107763619,0.00354259593554811,0.002935686327381723,0.00012610602304932608,-0.02870352260294977,-0.054370328124628824,-1.213754510776362e-11,-3.5425959355481098e-12,-0.012137545171029825,0.0029356863835509495,-0.0035425959527779697,0.00012610602957650608
5.540110349797544,43.601451388100436,2.3187752782753637,0.19778815028383437,0.431189565071402,-0.012137545107763619,-0.002767809893442663,0.012137545107763619,0.002767809893442663,0.002935686327381723,8.124636299504802e-05,-0.028999506723510256,-0.052044943574783294,-1.213754510776362e-11,-2.767809893442663e-12,-0.012137545171029825,0.0029356863835509495,-0.0027678099069098063,8.124635763992965e-05
5.540110349797544,52.87464741679016,2.2961208529045916,0.19778815028383437,0.40853513970063016,-0.012137545107763619,-0.0021624740008780612,0.012137545107763619,0.0021624740008780612,0.002935686327381723,5.234461717455907e-05,-0.02928562718621408,-0.049797052363233826,-1.213754510776362e-11,-2.162474000878061e-12,-0.01213754517143062,0.002935687830433872,-0.0021624740113574716,5.234462053476234e-05
5.540110349797544,64.12007514531668,2.2746566766271505,0.19778815028383437,0.387070963423189,-0.012137545107763619,-0.001689528538629904,0.012137545107763619,0.001689528538629904,0.002935686327381723,3.3724081252943594e-05,-0.029561973006125855,-0.04762595514754415,-1.213754510776362e-11,-1.689528538629904e-12,-0.012137545171029825,0.0029356863835509495,-0.0016895285468796692,3.372408018450256e-05
5.540110349797544,77.75719059141188,2.2543202145130654,0.19778815028383437,0.36673450130910396,-0.012137545107763619,-0.0013200189605451172,0.012137545107763619,0.0013200189605451172,0.002935686327381723,2.172742332917296e-05,-0.02982865470475337,-0.04553078362097489,-1.213754510776362e-11,-1.3200189605451172e-12,-0.01213754517143062,0.002935687830433872,-0.0013200189669776358,2.1727425214985635e-05
5.540110349797544,94.29466005719073,2.23505221717779,0.19778815028383437,0.34746650397382856,-0.012137545107763619,-0.0010313232457213309,0.012137545107763619,0.0010313232457213309,0.002935686327381723,1.39983331490723e-05,-0.030085802361058133,-0.043510515824622335,-1.213754510776362e-11,-1.0313232457213309e-12,-0.01213754517143062,0.002935687830433872,-0.0010313232507097123,1.3998334118664267e-05
5.540110349797544,114.34933345293979,2.21679654816174,0.19778815028383437,0.3292108349577785,-0.012137545107763619,-0.0008057669389278654,0.012137545107763619,0.0008057669389278654,0.002935686327381723,9.018710041393375e-06,-0.030333563686039094,-0.041563991274356,-1.213754510776362e-11,-8.057669389278655e-13,-0.01213754517143062,0.002935687830433872,-0.000805766942845301,9.018708409273517e-06
5.540110349797544,138.6692528845326,2.1995000203791966,0.19778815028383437,0.31191430717523483,-0.012137545107763619,-0.0006295410896271181,0.012137545107763619,0.0006295410896271181,0.002935686327381723,5.810486859010076e-06,-0.030572102136676924,-0.039689925778521595,-1.213754510776362e-11,-6.295410896271181e-13,-0.01213754517143062,0.0029356849366680275,-0.0006295410926893784,5.810485123998944e-06
5.540110349797544,168.16155472797897,2.183112241160079,0.19778815028383437,0.2955265279561175,-0.012137545107763619,-0.0004918568439358354,0.012137545107763619,0.0004918568439358354,0.002935686327381723,3.7435240055142786e-06,-0.03080159508286367,-0.03788692583936737,-1.213754510776362e-11,-4.918568439358354e-13,-0.01213754517143062,0.002935687830433872,-0.0004918568463386291,3.743523782287036e-06
5.540110349797544,203.9263059423702,2.167585465433128,0.19778815028383437,0.2799997522291665,-0.012137545107763619,-0.00038428493217148603,0.012137545107763619,0.00038428493217148603,0.002935686327381723,2.4118412656128398e-06,-0.03102223203882721,-0.03615350254776983,-1.213754510776362e-11,-3.8428493217148604e-13,-0.01213754517143062,0.002935687830433872,-0.0003842849340288176,2.411841763935594e-06
5.540110349797544,247.29753672039521,2.152874456622746,0.19778815028383437,0.26528874341878433,-0.012137545107763619,-0.0003002396142592021,0.012137545107763619,0.0003002396142592021,0.002935686327381723,1.553877651631041e-06,-0.031234212968526572,-0.034488084896811565,-1.213754510776362e-11,-3.002396142592021e-13,-0.012137545171029825,0.0029356863835509495,-0.00030023961572369804,1.553876897156902e-06
5.540110349797544,299.893,2.1389363548542315,0.19778815028383437,0.25135064165026993,-0.012137545107763619,-0.00023457548923695002,0.012137545107763619,0.00023457548923695002,0.002935686327381723,1.001117192355889e-06,-0.031437746672569135,-0.03288903245488613,-1.213754510776362e-11,-2.3457548923695e-13,-0.012137545171029825,0.0029356863835509495,-0.00023457549037856227,1.0011172199867804e-06
6.298770534482181,0.134,4.056013672270867,0.18934370360204364,2.1768724057486954,-0.010219839697507817,-4.546708768677904,0.010219839697507817,4.546708768677904,0.002174129981462807,43.4271127604176,-0.01587086000076349,-0.15021127250336153,-1.0219839697507817e-11,-4.5467087686779044e-09,-0.010219839751247472,0.002174128666102614,-4.546708790758223,43.427106914354226
6.298770534482181,0.1624992409262676,3.9416421812781284,0.18934370360204364,2.0625009147559576,-0.010219839697507817,-3.552317493020029,0.010219839697507817,3.552317493020029,0.002174129981462807,27.97879817191351,-0.016331372101594452,-0.14644883264306763,-1.0219839697507817e-11,-3.552317493020029e-09,-0.010219839750894952,0.00217412978543391,-3.552317510308152,27.978799009324728
6.298770534482181,0.19705972613144151,3.833279695644344,0.18934370360204364,1.9541384291221735,-0.010219839697507817,-2.77540529055822,0.010219839697507817,2.77540529055822,0.002174129981462807,18.025908180066246,-0.016793041537495487,-0.14267693721452374,-1.0219839697507817e-11,-2.77540529055822e-09,-0.010219839750894952,0.002174132024096503,-2.775405304046202,18.02590898325027
6.298770534482181,0.23897056651863752,3.7306105060516535,0.18934370360204364,1.851469239529483,-0.010219839697507817,-2.168408241097251,0.010219839697507817,2.168408241097251,0.002174129981462807,11.613556941211405,-0.01725519859266226,-0.13890105787728613,-1.0219839697507817e-11,-2.168408241097251e-09,-0.010219839750894952,0.002174132024096503,-2.1684082516454217,11.613558352155893
6.298770534482181,0.2897950422611845,3.6333354903488626,0.18934370360204364,1.7541942238266917,-0.010219839697507817,-1.6941649264899823,0.010219839697507817,1.6941649264899823,0.002174129981462807,7.482269602144617,-0.017717170716765457,-0.1351266894493248,-1.0219839697507817e-11,-1.6941649264899822e-09,-0.010219839751247472,0.002174128666102614,-1.6941649347390257,7.482269392815102
6.298770534482181,0.35142891337043375,3.5411712420722603,0.18934370360204364,1.6620299755500898,-0.010219839697507817,-1.323641343798085,0.010219839697507817,1.323641343798085,0.002174129981462807,4.8206039443879165,-0.01817828643500544,-0.13135931796140166,-1.0219839697507817e-11,-1.323641343798085e-09,-0.010219839750894952,0.002174132024096503,-1.3236413502298119,4.820604331385803
6.298770534482181,0.4261711318077503,3.4538492447534006,0.18934370360204364,1.5747079782312299,-0.010219839697507817,-1.0341533929884241,0.010219839697507817,1.0341533929884241,0.002174129981462807,3.1057718612528524,-0.018637879244897276,-0.12760438881986266,-1.0219839697507817e-11,-1.034153392988424e-09,-0.010219839750894952,0.00217412978543391,-1.0341533980222497,3.1057718930715947
6.298770534482181,0.5168095927122967,3.3711150896082245,0.18934370360204364,1.491973823086054,-0.010219839697507817,-0.8079781167613735,0.010219839697507817,0.8079781167613735,0.002174129981462807,2.00095651196974,-0.019095291451848535,-0.12386727546950113,-1.0219839697507817e-11,-8.079781167613735e-10,-0.010219839750894952,0.002174132024096503,-0.8079781206936961,2.0009568229279493
6.298770534482181,0.6267251232773262,3.2927277343283006,0.18934370360204364,1.4135864678061296,-0.010219839697507817,-0.6312686701909447,0.010219839697507817,0.6312686701909447,0.002174129981462807,1.2891568156519335,-0.019549877896881496,-0.12015324893761387,-1.0219839697507817e-11,-6.312686701909447e-10,-0.010219839751247472,0.002174128666102614,-0.6312686732584893,1.2891567686972332
6.298770534482181,0.7600175880745298,3.218458800814698,0.18934370360204364,1.3393175342925274,-0.010219839697507817,-0.49320659272550027,0.010219839697507817,0.49320659272550027,0.002174129981462807,0.8305654247856867,-0.02000100953210858,-0.11646744862193228,-1.0219839697507817e-11,-4.932065927255003e-10,-0.010219839750894952,0.00217412978543391,-0.49320659512027093,0.8305655331949743
6.298770534482181,0.9216588145725657,3.1480919098084845,0.18934370360204364,1.2689506432863136,-0.010219839697507817,-0.38533948316224703,0.010219839697507817,0.38533948316224703,0.002174129981462807,0.535108620203488,-0.020448076802722592,-0.11281485465935064,-1.0219839697507817e-11,-3.85339483162247e-10,-0.010219839751247472,0.002174128666102614,-0.38533948503670273,0.5351085521461122
6.298770534482181,1.117678042992877,3.0814220504792997,0.18934370360204364,1.2022807839571288,-0.010219839697507817,-0.3010635289021562,0.010219839697507817,0.3010635289021562,0.002174129981462807,0.3447545814828088,-0.02089049279821332,-0.10920026218010342,-1.0219839697507817e-11,-3.010635289021562e-10,-0.010219839751247472,0.002174128666102614,-0.3010635303668195,0.3447545850808318
6.298770534482181,1.3553868178082003,3.0182549831353587,0.18934370360204364,1.139113716613188,-0.010219839697507817,-0.23521920902368526,0.010219839697507817,0.23521920902368526,0.002174129981462807,0.22211513133200658,-0.021327696140146367,-0.10562825771426117,-1.0219839697507817e-11,-2.352192090236853e-10,-0.010219839750894952,0.00217412978543391,-0.2352192101667671,0.22211516492017613
6.298770534482181,1.643651709367924,2.9584066733146823,0.18934370360204364,1.0792654067925118,-0.010219839697507817,-0.18377541941225786,0.010219839697507817,0.18377541941225786,0.002174129981462807,0.14310217823485172,-0.021759153579000295,-0.10210319797525509,-1.0219839697507817e-11,-1.8377541941225786e-10,-0.010219839750894952,0.002174132024096503,-0.18377542030601993,0.14310219493794196
6.298770534482181,1.99322503820485,2.901702755608817,0.18934370360204364,1.0225614890866463,-0.010219839697507817,-0.14358268153495263,0.010219839697507817,0.14358268153495263,0.002174129981462807,0.09219648068437712,-0.022184362278102228,-0.09862919119984558,-1.0219839697507817e-11,-1.4358268153495262e-10,-0.010219839751247472,0.0021741309047652066,-0.14358268223368859,0.09219648562739743
6.298770534482181,2.4171459380859606,2.847978025656916,0.18934370360204364,0.9688367591347453,-0.010219839697507817,-0.11218032587111348,0.010219839697507817,0.11218032587111348,0.002174129981462807,0.059399452582997524,-0.022602851768473653,-0.0952100811767943,-1.0219839697507817e-11,-1.1218032587111349e-10,-0.010219839750894952,0.00217412978543391,-0.11218032641640963,0.05939945436273851
6.298770534482181,2.931226717514774,2.797075958830127,0.18934370360204364,0.9179346923079563,-0.010219839697507817,-0.08764584543217176,0.010219839697507817,0.08764584543217176,0.002174129981462807,0.03826930204894082,-0.023014185564240883,-0.09184943404876436,-1.0219839697507817e-11,-8.764584543217176e-11,-0.010219839750894952,0.002174132024096503,-0.08764584585787111,0.03826931210776653
6.298770534482181,3.554642661036909,2.748848254203997,0.18934370360204364,0.8697069876818265,-0.010219839697507817,-0.06847719653039638,0.010219839697507817,0.06847719653039638,0.002174129981462807,0.024655774011834514,-0.023417962434028317,-0.08855052792488251,-1.0219839697507817e-11,-6.847719653039638e-11,-0.010219839751247472,0.0021741309047652066,-0.06847719686356152,0.02465577681876911
6.298770534482181,4.310647270019593,2.703154402490276,0.18934370360204364,0.8240131359681051,-0.010219839697507817,-0.053500841044329936,0.010219839697507817,0.053500841044329936,0.002174129981462807,0.01588498246833012,-0.023813817329298895,-0.08531634529608512,-1.0219839697507817e-11,-5.350084104432994e-11,-0.010219839751247472,0.0021741309047652066,-0.053500841304948546,0.01588498285887406
6.298770534482181,5.227439621485609,2.659861276669307,0.18934370360204364,0.7807200101471361,-0.010219839697507817,-0.04179990036800194,0.010219839697507817,0.04179990036800194,0.002174129981462807,0.010234222129795554,-0.0242014219758111,-0.08214956820284224,-1.0219839697507817e-11,-4.179990036800194e-11,-0.010219839751247472,0.0021741309047652066,-0.04179990057114122,0.010234223536502704
6.298770534482181,6.339216197606768,2.618842744130335,0.18934370360204364,0.7397014776081641,-0.010219839697507817,-0.032658022503368904,0.010219839697507817,0.032658022503368904,0.002174129981462807,0.006593605174624262,-0.024580485139122133,-0.07905257606596448,-1.0219839697507817e-11,-3.2658022503368906e-11,-0.010219839751247472,0.002174128666102614,-0.03265802266242773,0.006593604414567962
6.298770534482181,7.687446419243286,2.5799792991897115,0.18934370360204364,0.7008380326675407,-0.010219839697507817,-0.025515525741467954,0.010219839697507817,0.025515525741467954,0.002174129981462807,0.004248063863325616,-0.02495075257929815,-0.07602744605662606,-1.0219839697507817e-11,-2.5515525741467955e-11,-0.010219839751247472,0.0021741309047652066,-0.025515525865501744,0.004248063454870414
6.298770534482181,9.322419461107367,2.5431577149163624,0.18934370360204364,0.6640164483941917,-0.010219839697507817,-0.019935133971946847,0.010219839697507817,0.019935133971946847,0.002174129981462807,0.0027369013019378032,-0.02531200671363418,-0.07307595585198372,-1.0219839697507817e-11,-1.9935133971946848e-11,-0.010219839750894952,0.00217412978543391,-0.019935134068892982,0.002736900589573992
6.298770534482181,11.305120044971734,2.5082707132501225,0.18934370360204364,0.6291294467279519,-0.010219839697507817,-0.01557520587685156,0.010219839697507817,0.01557520587685156,0.002174129981462807,0.0017633041728060922,-0.02566406600919969,-0.07019958859815369,-1.0219839697507817e-11,-1.557520587685156e-11,-0.010219839751247472,0.0021741309047652066,-0.015575205952653394,0.0017633045493487855
6.298770534482181,13.709503178270442,2.475216652451844,0.18934370360204364,0.5960753859296735,-0.010219839697507817,-0.012168819053219565,0.010219839697507817,0.012168819053219565,0.002174129981462807,0.0011360444761504365,-0.026006784129392856,-0.06739953988296676,-1.0219839697507817e-11,-1.2168819053219565e-11,-0.010219839750894952,0.00217412978543391,-0.012168819112499304,0.001136044416895034
6.298770534482181,16.625252686158202,2.4438992309746763,0.18934370360204364,0.5647579644525057,-0.010219839697507817,-0.009507428557980204,0.010219839697507817,0.009507428557980204,0.002174129981462807,0.0007319196946821074,-0.026340048860410872,-0.06467672650683666,-1.0219839697507817e-11,-9.507428557980204e-12,-0.010219839751247472,0.0021741309047652066,-0.009507428604153944,0.000731919756892843
6.298770534482181,20.161126430657447,2.4142272068937607,0.18934370360204364,0.5350859403715899,-0.010219839697507817,-0.0074280994227769615,0.010219839697507817,0.0074280994227769615,0.002174129981462807,0.00047155410788037716,-0.026663780844644533,-0.06203179683108018,-1.0219839697507817e-11,-7.428099422776961e-12,-0.010219839750894952,0.00217412978543391,-0.007428099458894082,0.0004715539953984351
6.298770534482181,24.44901299403245,2.3861141320769104,0.18934370360204364,0.5069728655547395,-0.010219839697507817,-0.005803531490998793,0.010219839697507817,0.005803531490998793,0.002174129981462807,0.00030380829792459155,-0.02697793214851914,-0.05946514247883115,-1.0219839697507817e-11,-5.803531490998793e-12,-0.010219839750894952,0.00217412978543391,-0.005803531519205938,0.0003038082833871013
6.298770534482181,29.648851141244215,2.359478100321795,0.18934370360204364,0.48033683379962433,-0.010219839697507817,-0.004534265880143972,0.010219839697507817,0.004534265880143972,0.002174129981462807,0.00019573465768906405,-0.027282484692277568,-0.05697691116390375,-1.0219839697507817e-11,-4.534265880143972e-12,-0.010219839751247472,0.0021741309047652066,-0.004534265902232987,0.0001957346353651098
6.298770534482181,35.95459555812005,2.3342415087258352,0.18934370360204364,0.45510024220366474,-0.010219839697507817,-0.00354259593554811,0.010219839697507817,0.00354259593554811,0.002174129981462807,0.00012610602304932608,-0.027577448568692337,-0.0545670204271192,-1.0219839697507817e-11,-3.5425959355481098e-12,-0.010219839750894952,0.002174132024096503,-0.0035425959527162127,0.0001261060639292479
6.298770534482181,43.601451388100436,2.3103308315935727,0.18934370360204364,0.431189565071402,-0.010219839697507817,-0.002767809893442663,0.010219839697507817,0.002767809893442663,0.002174129981462807,8.124636299504802e-05,-0.027862860276764795,-0.052235172067198354,-1.0219839697507817e-11,-2.767809893442663e-12,-0.010219839751247472,0.0021741309047652066,-0.0027678099069098063,8.124635763992965e-05
6.298770534482181,52.87464741679016,2.287676406222801,0.18934370360204364,0.40853513970063016,-0.010219839697507817,-0.0021624740008780612,0.010219839697507817,0.0021624740008780612,0.002174129981462807,5.234461717455907e-05,-0.02813878089518758,-0.04998086706379542,-1.0219839697507817e-11,-2.162474000878061e-12,-0.010219839750894952,0.00217412978543391,-0.002162474011399466,5.234460465020004e-05
6.298770534482181,64.12007514531668,2.2662122299453595,0.18934370360204364,0.387070963423189,-0.010219839697507817,-0.001689528538629904,0.010219839697507817,0.001689528538629904,0.002174129981462807,3.3724081252943594e-05,-0.028405294218779152,-0.04780342080305449,-1.0219839697507817e-11,-1.689528538629904e-12,-0.010219839751247472,0.0021741309047652066,-0.0016895285468450398,3.372409098595545e-05
6.298770534482181,77.75719059141188,2.245875767831275,0.18934370360204364,0.36673450130910396,-0.010219839697507817,-0.0013200189605451172,0.010219839697507817,0.0013200189605451172,0.002174129981462807,2.172742332917296e-05,-0.028662504879312458,-0.04570197843066766,-1.0219839697507817e-11,-1.3200189605451172e-12,-0.010219839750894952,0.00217412978543391,-0.0013200189669490797,2.1727417870031313e-05
6.298770534482181,94.29466005719073,2.2266077704959994,0.18934370360204364,0.34746650397382856,-0.010219839697507817,-0.0010313232457213309,0.010219839697507817,0.0010313232457213309,0.002174129981462807,1.39983331490723e-05,-0.028910536470217168,-0.04367553017328617,-1.0219839697507817e-11,-1.0313232457213309e-12,-0.010219839750894952,0.00217412978543391,-0.0010313232507332603,1.3998329124118205e-05
6.298770534482181,114.34933345293979,2.2083521014799494,0.18934370360204364,0.3292108349577785,-0.010219839697507817,-0.0008057669389278654,0.010219839697507817,0.0008057669389278654,0.002174129981462807,9.018710041393375e-06,-0.029149529692594628,-0.04172292648580325,-1.0219839697507817e-11,-8.057669389278655e-13,-0.010219839751247472,0.002174128666102614,-0.000805766942845301,9.018708409273517e-06
6.298770534482181,138.6692528845326,2.1910555736974056,0.18934370360204364,0.31191430717523483,-0.010219839697507817,-0.0006295410896271181,0.010219839697507817,0.0006295410896271181,0.002174129981462807,5.810486859010076e-06,-0.02937964053790068,-0.03984289289905674,-1.0219839697507817e-11,-6.295410896271181e-13,-0.010219839750894952,0.00217412978543391,-0.0006295410926893784,5.810485123998944e-06
6.298770534482181,168.16155472797897,2.1746677944782884,0.18934370360204364,0.2955265279561175,-0.010219839697507817,-0.0004918568439358354,0.010219839697507817,0.0004918568439358354,0.002174129981462807,3.7435240055142786e-06,-0.029601038520569407,-0.0380340444595078,-1.0219839697507817e-11,-4.918568439358354e-13,-0.010219839750894952,0.00217412978543391,-0.0004918568463254249,3.7435222118635078e-06
6.298770534482181,203.9263059423702,2.1591410187513373,0.18934370360204364,0.2799997522291665,-0.010219839697507817,-0.00038428493217148603,0.010219839697507817,0.00038428493217148603,0.002174129981462807,2.4118412656128398e-06,-0.02981390497181191,-0.03629489966911264,-1.0219839697507817e-11,-3.8428493217148604e-13,-0.010219839750894952,0.00217412978543391,-0.0003842849340397061,2.411840696052486e-06
6.298770534482181,247.29753672039521,2.144430009940955,0.18934370360204364,0.26528874341878433,-0.010219839697507817,-0.0003002396142592021,0.010219839697507817,0.0003002396142592021,0.002174129981462807,1.553877651631041e-06,-0.030018431403861005,-0.034623893849641985,-1.0219839697507817e-11,-3.002396142592021e-13,-0.010219839751247472,0.0021741309047652066,-0.0003002396157147192,1.5538776233140892e-06
6.298770534482181,299.893,2.1304919081724405,0.18934370360204364,0.25135064165026993,-0.010219839697507817,-0.00023457548923695002,0.010219839697507817,0.00023457548923695002,0.002174129981462807,1.001117192355889e-06,-0.03021481795207235,-0.033019391870904385,-1.0219839697507817e-11,-2.3457548923695e-13,-0.010219839751247472,0.0021741309047652066,-0.00023457549037856227,1.0011172199867804e-06
7.161321298863802,0.134,4.047929756185368,0.1812597875165463,2.1768724057486954,-0.008605127520881446,-4.546708768677904,0.008605127520881446,4.546708768677904,0.0016101315498891317,43.4271127604176,-0.015223604831720156,-0.15051125184963293,-8.605127520881446e-12,-4.5467087686779044e-09,-0.008605127565775087,0.0016101334331502725,-4.546708790824505,43.42711680718581
7.161321298863802,0.1624992409262676,3.933558265192631,0.1812597875165463,2.0625009147559576,-0.008605127520881446,-3.552317493020029,0.008605127520881446,3.552317493020029,0.0016101315498891317,27.97879817191351,-0.015666243853568435,-0.1467498018912879,-8.605127520881446e-12,-3.552317493020029e-09,-0.008605127565775087,0.0016101317012858188,-3.552317510308152,27.978799009324728
7.161321298863802,0.19705972613144151,3.8251957795588467,0.1812597875165463,1.9541384291221735,-0.008605127520881446,-2.77540529055822,0.008605127520881446,2.77540529055822,0.0016101315498891317,18.025908180066246,-0.016110046791339493,-0.14297846122904384,-8.605127520881446e-12,-2.77540529055822e-09,-0.008605127565775087,0.0016101334331502725,-2.775405304046202,18.02590898325027
7.161321298863802,0.23897056651863752,3.722526589966156,0.1812597875165463,1.851469239529483,-0.008605127520881446,-2.168408241097251,0.008605127520881446,2.168408241097251,0.0016101315498891317,11.613556941211405,-0.016554370131520706,-0.13920269830051193,-8.605127520881446e-12,-2.168408241097251e-09,-0.008605127565775087,0.0016101334331502725,-2.1684082516454217,11.613558352155893
7.161321298863802,0.2897950422611845,3.6252515742633653,0.1812597875165463,1.7541942238266917,-0.008605127520881446,-1.6941649264899823,0.008605127520881446,1.6941649264899823,0.0016101315498891317,7.482269602144617,-0.0169985673359094,-0.1354280072464604,-8.605127520881446e-12,-1.6941649264899822e-09,-0.008605127565775087,0.001610129969421365,-1.6941649347390257,7.482269392815102
7.161321298863802,0.35142891337043375,3.533087325986763,0.1812597875165463,1.6620299755500898,-0.008605127520881446,-1.323641343798085,0.008605127520881446,1.323641343798085,0.0016101315498891317,4.8206039443879165,-0.017441992599918615,-0.13165987597355086,-8.605127520881446e-12,-1.323641343798085e-09,-0.008605127565775087,0.0016101334331502725,-1.3236413502298119,4.820604331385803
7.161321298863802,0.4261711318077503,3.4457653286679033,0.1812597875165463,1.5747079782312299,-0.008605127520881446,-1.0341533929884241,0.008605127520881446,1.0341533929884241,0.0016101315498891317,3.1057718612528524,-0.017884004601831253,-0.12790375429399367,-8.605127520881446e-12,-1.034153392988424e-09,-0.008605127565775087,0.0016101317012858188,-1.0341533980222497,3.1057718930715947
7.161321298863802,0.5168095927122967,3.363031173522727,0.1812597875165463,1.491973823086054,-0.008605127520881446,-0.8079781167613735,0.008605127520881446,0.8079781167613735,0.0016101315498891317,2.00095651196974,-0.01832397019685578,-0.12416502253426763,-8.605127520881446e-12,-8.079781167613735e-10,-0.008605127565775087,0.0016101334331502725,-0.8079781206936961,2.0009568229279493
7.161321298863802,0.6267251232773262,3.2846438182428033,0.1812597875165463,1.4135864678061296,-0.008605127520881446,-0.6312686701909447,0.008605127520881446,0.6312686701909447,0.0016101315498891317,1.2891568156519335,-0.018761268010999928,-0.12044896099516389,-8.605127520881446e-12,-6.312686701909447e-10,-0.008605127565775087,0.001610129969421365,-0.6312686732584893,1.2891567686972332
7.161321298863802,0.7600175880745298,3.210374884729201,0.1812597875165463,1.3393175342925274,-0.008605127520881446,-0.49320659272550027,0.008605127520881446,0.49320659272550027,0.0016101315498891317,0.8305654247856867,-0.019195291891876808,-0.11676072062758813,-8.605127520881446e-12,-4.932065927255003e-10,-0.008605127565775087,0.0016101317012858188,-0.49320659512027093,0.8305655331949743
7.161321298863802,0.9216588145725657,3.1400079937229872,0.1812597875165463,1.2689506432863136,-0.008605127520881446,-0.38533948316224703,0.008605127520881446,0.38533948316224703,0.0016101315498891317,0.535108620203488,-0.019625454176523307,-0.11310529526335128,-8.605127520881446e-12,-3.85339483162247e-10,-0.008605127565775087,0.001610129969421365,-0.38533948503670273,0.5351085521461122
7.161321298863802,1.117678042992877,3.0733381343938024,0.1812597875165463,1.2022807839571288,-0.008605127520881446,-0.3010635289021562,0.008605127520881446,0.3010635289021562,0.0016101315498891317,0.3447545814828088,-0.020051188740051327,-0.10948749570839607,-8.605127520881446e-12,-3.010635289021562e-10,-0.008605127565775087,0.001610129969421365,-0.3010635303668195,0.3447545850808318
7.161321298863802,1.3553868178082003,3.0101710670498614,0.1812597875165463,1.139113716613188,-0.008605127520881446,-0.23521920902368526,0.008605127520881446,0.23521920902368526,0.0016101315498891317,0.22211513133200658,-0.020471953793351177,-0.10591192596852295,-8.605127520881446e-12,-2.352192090236853e-10,-0.008605127565775087,0.0016101317012858188,-0.2352192101667671,0.22211516492017613
7.161321298863802,1.643651709367924,2.950322757229185,0.1812597875165463,1.0792654067925118,-0.008605127520881446,-0.18377541941225786,0.008605127520881446,0.18377541941225786,0.0016101315498891317,0.14310217823485172,-0.020887234402991905,-0.10238296183582607,-8.605127520881446e-12,-1.8377541941225786e-10,-0.008605127565775087,0.0016101334331502725,-0.18377542030601993,0.14310219493794196
7.161321298863802,1.99322503820485,2.8936188395233198,0.1812597875165463,1.0225614890866463,-0.008605127520881446,-0.14358268153495263,0.008605127520881446,0.14358268153495263,0.0016101315498891317,0.09219648068437712,-0.021296544711769644,-0.09890473201895753,-8.605127520881446e-12,-1.4358268153495262e-10,-0.008605127565775087,0.0016101317012858188,-0.14358268223368859,0.09219648562739743
7.161321298863802,2.4171459380859606,2.8398941095714187,0.1812597875165463,0.9688367591347453,-0.008605127520881446,-0.11218032587111348,0.008605127520881446,0.11218032587111348,0.0016101315498891317,0.059399452582997524,-0.02169942984389208,-0.09548110195328471,-8.605127520881446e-12,-1.1218032587111349e-10,-0.008605127565775087,0.0016101317012858188,-0.11218032641640963,0.05939945436273851
7.161321298863802,2.931226717514774,2.7889920427446295,0.1812597875165463,0.9179346923079563,-0.008605127520881446,-0.08764584543217176,0.008605127520881446,0.08764584543217176,0.0016101315498891317,0.03826930204894082,-0.022095467484404687,-0.09211566037927046,-8.605127520881446e-12,-8.764584543217176e-11,-0.008605127565775087,0.0016101334331502725,-0.08764584585787111,0.03826931210776653
7.161321298863802,3.554642661036909,2.7407643381185,0.1812597875165463,0.8697069876818265,-0.008605127520881446,-0.06847719653039638,0.008605127520881446,0.06847719653039638,0.0016101315498891317,0.024655774011834514,-0.022484269128016866,-0.08881170873022043,-8.605127520881446e-12,-6.847719653039638e-11,-0.008605127565775087,0.0016101317012858188,-0.06847719686356152,0.02465577681876911
7.161321298863802,4.310647270019593,2.6950704864047785,0.1812597875165463,0.8240131359681051,-0.008605127520881446,-0.053500841044329936,0.008605127520881446,0.053500841044329936,0.0016101315498891317,0.01588498246833012,-0.022865480997839815,-0.08557225332504911,-8.605127520881446e-12,-5.350084104432994e-11,-0.008605127565775087,0.0016101317012858188,-0.053500841304948546,0.01588498285887406
7.161321298863802,5.227439621485609,2.6517773605838095,0.1812597875165463,0.7807200101471361,-0.008605127520881446,-0.04179990036800194,0.008605127520881446,0.04179990036800194,0.0016101315498891317,0.010234222129795554,-0.02323878463958239,-0.08240000031893263,-8.605127520881446e-12,-4.179990036800194e-11,-0.008605127565775087,0.0016101317012858188,-0.04179990057114122,0.010234223536502704
7.161321298863802,6.339216197606768,2.6107588280448377,0.1812597875165463,0.7397014776081641,-0.008605127520881446,-0.032658022503368904,0.008605127520881446,0.032658022503368904,0.0016101315498891317,0.006593605174624262,-0.023603897201365326,-0.07929735332550869,-8.605127520881446e-12,-3.2658022503368906e-11,-0.008605127565775087,0.001610129969421365,-0.03265802266242773,0.006593604414567962
7.161321298863802,7.687446419243286,2.571895383104214,0.1812597875165463,0.7008380326675407,-0.008605127520881446,-0.025515525741467954,0.008605127520881446,0.025515525741467954,0.0016101315498891317,0.004248063863325616,-0.023960571413425308,-0.07626641358934687,-8.605127520881446e-12,-2.5515525741467955e-11,-0.008605127565775087,0.0016101317012858188,-0.025515525865501744,0.004248063454870414
7.161321298863802,9.322419461107367,2.535073798830865,0.1812597875165463,0.6640164483941917,-0.008605127520881446,-0.019935133971946847,0.008605127520881446,0.019935133971946847,0.0016101315498891317,0.0027369013019378032,-0.024308595285528724,-0.07330898255726045,-8.605127520881446e-12,-1.9935133971946848e-11,-0.008605127565775087,0.0016101317012858188,-0.019935134068892982,0.002736900589573992
7.161321298863802,11.305120044971734,2.500186797164625,0.1812597875165463,0.6291294467279519,-0.008605127520881446,-0.01557520587685156,0.008605127520881446,0.01557520587685156,0.0016101315498891317,0.0017633041728060922,-0.024647791542861154,-0.070426566671995,-8.605127520881446e-12,-1.557520587685156e-11,-0.008605127565775087,0.0016101317012858188,-0.015575205952653394,0.0017633045493487855
7.161321298863802,13.709503178270442,2.467132736366347,0.1812597875165463,0.5960753859296735,-0.008605127520881446,-0.012168819053219565,0.008605127520881446,0.012168819053219565,0.0016101315498891317,0.0011360444761504365,-0.02497801682348426,-0.06762038419206441,-8.605127520881446e-12,-1.2168819053219565e-11,-0.008605127565775087,0.0016101317012858188,-0.012168819112499304,0.001136044416895034
7.161321298863802,16.625252686158202,2.435815314889179,0.1812597875165463,0.5647579644525057,-0.008605127520881446,-0.009507428557980204,0.008605127520881446,0.009507428557980204,0.0016101315498891317,0.0007319196946821074,-0.02529916066215843,-0.064891373827005,-8.605127520881446e-12,-9.507428557980204e-12,-0.008605127565775087,0.0016101317012858188,-0.009507428604153944,0.000731919756892843
7.161321298863802,20.161126430657447,2.4061432908082634,0.1812597875165463,0.5350859403715899,-0.008605127520881446,-0.0074280994227769615,0.008605127520881446,0.0074280994227769615,0.0016101315498891317,0.00047155410788037716,-0.025611144286434753,-0.06224020496792335,-8.605127520881446e-12,-7.428099422776961e-12,-0.008605127565775087,0.0016101317012858188,-0.007428099458894082,0.0004715539953984351
7.161321298863802,24.44901299403245,2.378030215991413,0.1812597875165463,0.5069728655547395,-0.008605127520881446,-0.005803531490998793,0.008605127520881446,0.005803531490998793,0.0016101315498891317,0.00030380829792459155,-0.02591391925145744,-0.05966728928864811,-8.605127520881446e-12,-5.803531490998793e-12,-0.008605127565775087,0.0016101317012858188,-0.005803531519205938,0.0003038082833871013
7.161321298863802,29.648851141244215,2.3513941842362978,0.1812597875165463,0.48033683379962433,-0.008605127520881446,-0.004534265880143972,0.008605127520881446,0.004534265880143972,0.0016101315498891317,0.00019573465768906405,-0.026207465939932173,-0.05717279349267179,-8.605127520881446e-12,-4.534265880143972e-12,-0.008605127565775087,0.0016101317012858188,-0.004534265902232987,0.0001957346353651098
7.161321298863802,35.95459555812005,2.326157592640338,0.1812597875165463,0.45510024220366474,-0.008605127520881446,-0.00354259593554811,0.008605127520881446,0.00354259593554811,0.0016101315498891317,0.00012610602304932608,-0.026491791953261467,-0.05475665298493217,-8.605127520881446e-12,-3.5425959355481098e-12,-0.008605127565775087,0.0016101334331502725,-0.0035425959527162127,0.0001261060639292479
7.161321298863802,43.601451388100436,2.3022469155080754,0.1812597875165463,0.431189565071402,-0.008605127520881446,-0.002767809893442663,0.008605127520881446,0.002767809893442663,0.0016101315498891317,8.124636299504802e-05,-0.026766930418984945,-0.052418586254815824,-8.605127520881446e-12,-2.767809893442663e-12,-0.008605127565775087,0.0016101317012858188,-0.0027678099069098063,8.124635763992965e-05
7.161321298863802,52.87464741679016,2.2795924901373037,0.1812597875165463,0.40853513970063016,-0.008605127520881446,-0.0021624740008780612,0.008605127520881446,0.0021624740008780612,0.0016101315498891317,5.234461717455907e-05,-0.02703293823845491,-0.05015810976702953,-8.605127520881446e-12,-2.162474000878061e-12,-0.008605127565775087,0.0016101317012858188,-0.002162474011399466,5.234460465020004e-05
7.161321298863802,64.12007514531668,2.2581283138598622,0.1812597875165463,0.387070963423189,-0.008605127520881446,-0.001689528538629904,0.008605127520881446,0.001689528538629904,0.0016101315498891317,3.3724081252943594e-05,-0.02728989429718993,-0.04797455316962539,-8.605127520881446e-12,-1.689528538629904e-12,-0.008605127565775087,0.0016101317012858188,-0.0016895285468450398,3.372409098595545e-05
7.161321298863802,77.75719059141188,2.2377918517457775,0.1812597875165463,0.36673450130910396,-0.008605127520881446,-0.0013200189605451172,0.008605127520881446,0.0013200189605451172,0.0016101315498891317,2.172742332917296e-05,-0.027537897658646098,-0.04586707464293892,-8.605127520881446e-12,-1.3200189605451172e-12,-0.008605127565775087,0.0016101317012858188,-0.0013200189669490797,2.1727417870031313e-05
7.161321298863802,94.29466005719073,2.218523854410502,0.1812597875165463,0.34746650397382856,-0.008605127520881446,-0.0010313232457213309,0.008605127520881446,0.0010313232457213309,0.0016101315498891317,1.39983331490723e-05,-0.02777706576028766,-0.04383467622898827,-8.605127520881446e-12,-1.0313232457213309e-12,-0.008605127565775087,0.0016101317012858188,-0.0010313232507332603,1.3998329124118205e-05
7.161321298863802,114.34933345293979,2.200268185394452,0.1812597875165463,0.3292108349577785,-0.008605127520881446,-0.0008057669389278654,0.008605127520881446,0.0008057669389278654,0.0016101315498891317,9.018710041393375e-06,-0.028007532628882573,-0.041876218997503205,-8.605127520881446e-12,-8.057669389278655e-13,-0.008605127565775087,0.001610129969421365,-0.000805766942845301,9.018708409273517e-06
7.161321298863802,138.6692528845326,2.1829716576119083,0.1812597875165463,0.31191430717523483,-0.008605127520881446,-0.0006295410896271181,0.008605127520881446,0.0006295410896271181,0.0016101315498891317,5.810486859010076e-06,-0.028229447129946652,-0.03999043792176756,-8.605127520881446e-12,-6.295410896271181e-13,-0.008605127565775087,0.0016101317012858188,-0.0006295410926893784,5.810485123998944e-06
7.161321298863802,168.16155472797897,2.166583878392791,0.1812597875165463,0.2955265279561175,-0.008605127520881446,-0.0004918568439358354,0.008605127520881446,0.0004918568439358354,0.0016101315498891317,3.7435240055142786e-06,-0.028442971264256413,-0.03817595635448175,-8.605127520881446e-12,-4.918568439358354e-13,-0.008605127565775087,0.0016101317012858188,-0.0004918568463254249,3.7435222118635078e-06
7.161321298863802,203.9263059423702,2.15105710266584,0.1812597875165463,0.2799997522291665,-0.008605127520881446,-0.00038428493217148603,0.008605127520881446,0.00038428493217148603,0.0016101315498891317,2.4118412656128398e-06,-0.028648278522385873,-0.036431300010550824,-8.605127520881446e-12,-3.8428493217148604e-13,-0.008605127565775087,0.0016101317012858188,-0.0003842849340397061,2.411840696052486e-06
7.161321298863802,247.29753672039521,2.1363460938554577,0.1812597875165463,0.26528874341878433,-0.008605127520881446,-0.0003002396142592021,0.008605127520881446,0.0003002396142592021,0.0016101315498891317,1.553877651631041e-06,-0.02884555230632812,-0.034754910379800046,-8.605127520881446e-12,-3.002396142592021e-13,-0.008605127565775087,0.0016101317012858188,-0.0003002396157147192,1.5538776233140892e-06
7.161321298863802,299.893,2.122407992086943,0.1812597875165463,0.25135064165026993,-0.008605127520881446,-0.00023457548923695002,0.008605127520881446,0.00023457548923695002,0.0016101315498891317,1.001117192355889e-06,-0.02903498442546525,-0.03314515750789488,-8.605127520881446e-12,-2.3457548923695e-13,-0.008605127565775087,0.0016101317012858188,-0.00023457549037856227,1.0011172199867804e-06
8.141989371545888,0.134,4.040190978058167,0.17352100938934475,2.1768724057486954,-0.007245536313909942,-4.546708768677904,0.007245536313909942,4.546708768677904,0.0011924418641262955,43.4271127604176,-0.014601557198506072,-0.15079954841532436,-7.245536313909942e-12,-4.5467087686779044e-09,-0.007245536351824728,0.0011924438679518732,-4.546708790824505,43.42711680718581
8.141989371545888,0.1624992409262676,3.9258194870654295,0.17352100938934475,2.0625009147559576,-0.007245536313909942,-3.552317493020029,0.007245536313909942,3.552317493020029,0.0011924418641262955,27.97879817191351,-0.015026946565773493,-0.1470390826798695,-7.245536313909942e-12,-3.552317493020029e-09,-0.007245536351552013,0.0011924418582556625,-3.552317510308152,27.978799009324728
8.141989371545888,0.19705972613144151,3.817457001431645,0.17352100938934475,1.9541384291221735,-0.007245536313909942,-2.77540529055822,0.007245536313909942,2.77540529055822,0.0011924418641262955,18.025908180066246,-0.015453502066134755,-0.14326830826281667,-7.245536313909942e-12,-2.77540529055822e-09,-0.007245536351552013,0.0011924431980531362,-2.775405304046202,18.02590898325027
8.141989371545888,0.23897056651863752,3.7147878118389546,0.17352100938934475,1.851469239529483,-0.007245536313909942,-2.168408241097251,0.007245536313909942,2.168408241097251,0.0011924418641262955,11.613556941211405,-0.015880605473883258,-0.13949269031389755,-7.245536313909942e-12,-2.168408241097251e-09,-0.007245536351552013,0.0011924431980531362,-2.1684082516454217,11.613558352155893
8.141989371545888,0.2897950422611845,3.6175127961361637,0.17352100938934475,1.7541942238266917,-0.007245536313909942,-1.6941649264899823,0.007245536313909942,1.6941649264899823,0.0011924418641262955,7.482269602144617,-0.016307635379207104,-0.13571772213051245,-7.245536313909942e-12,-1.6941649264899822e-09,-0.007245536351824728,0.0011924411883569258,-1.6941649347390257,7.482269392815102
8.141989371545888,0.35142891337043375,3.5253485478595614,0.17352100938934475,1.6620299755500898,-0.007245536313909942,-1.323641343798085,0.007245536313909942,1.323641343798085,0.0011924418641262955,4.8206039443879165,-0.016733970799801497,-0.13194889323087505,-7.245536313909942e-12,-1.323641343798085e-09,-0.007245536351552013,0.0011924431980531362,-1.3236413502298119,4.820604331385803
8.141989371545888,0.4261711318077503,3.4380265505407017,0.17352100938934475,1.5747079782312299,-0.007245536313909942,-1.0341533929884241,0.007245536313909942,1.0341533929884241,0.0011924418641262955,3.1057718612528524,-0.017158994787206228,-0.12819165747378783,-7.245536313909942e-12,-1.034153392988424e-09,-0.007245536351552013,0.0011924418582556625,-1.0341533980222497,3.1057718930715947
8.141989371545888,0.5168095927122967,3.3552923953955256,0.17352100938934475,1.491973823086054,-0.007245536313909942,-0.8079781167613735,0.007245536313909942,0.8079781167613735,0.0011924418641262955,2.00095651196974,-0.017582097983460648,-0.12445140161761378,-7.245536313909942e-12,-8.079781167613735e-10,-0.007245536351552013,0.0011924431980531362,-0.8079781206936961,2.0009568229279493
8.141989371545888,0.6267251232773262,3.2769050401156017,0.17352100938934475,1.4135864678061296,-0.007245536313909942,-0.6312686701909447,0.007245536313909942,0.6312686701909447,0.0011924418641262955,1.2891568156519335,-0.01800268208471594,-0.1207334147017506,-7.245536313909942e-12,-6.312686701909447e-10,-0.007245536351824728,0.0011924411883569258,-0.6312686732584893,1.2891567686972332
8.141989371545888,0.7600175880745298,3.2026361066019993,0.17352100938934475,1.3393175342925274,-0.007245536313909942,-0.49320659272550027,0.007245536313909942,0.49320659272550027,0.0011924418641262955,0.8305654247856867,-0.018420163170394105,-0.1170428586166798,-7.245536313909942e-12,-4.932065927255003e-10,-0.007245536351552013,0.0011924418582556625,-0.49320659512027093,0.8305655331949743
8.141989371545888,0.9216588145725657,3.1322692155957856,0.17352100938934475,1.2689506432863136,-0.007245536313909942,-0.38533948316224703,0.007245536313909942,0.38533948316224703,0.0011924418641262955,0.535108620203488,-0.018833974859272594,-0.11338474020400215,-7.245536313909942e-12,-3.85339483162247e-10,-0.007245536351824728,0.0011924411883569258,-0.38533948503670273,0.5351085521461122
8.141989371545888,1.117678042992877,3.065599356266601,0.17352100938934475,1.2022807839571288,-0.007245536313909942,-0.3010635289021562,0.007245536313909942,0.3010635289021562,0.0011924418641262955,0.3447545814828088,-0.019243571257415857,-0.10976388519655869,-7.245536313909942e-12,-3.010635289021562e-10,-0.007245536351824728,0.0011924411883569258,-0.3010635303668195,0.3447545850808318
8.141989371545888,1.3553868178082003,3.00243228892266,0.17352100938934475,1.139113716613188,-0.007245536313909942,-0.23521920902368526,0.007245536313909942,0.23521920902368526,0.0011924418641262955,0.22211513133200658,-0.019648429667059222,-0.10618491427174596,-7.245536313909942e-12,-2.352192090236853e-10,-0.007245536351552013,0.0011924418582556625,-0.2352192101667671,0.22211516492017613
8.141989371545888,1.643651709367924,2.9425839791019834,0.17352100938934475,1.0792654067925118,-0.007245536313909942,-0.18377541941225786,0.007245536313909942,0.18377541941225786,0.0011924418641262955,0.14310217823485172,-0.020048053030251322,-0.10265222144958058,-7.245536313909942e-12,-1.8377541941225786e-10,-0.007245536351552013,0.0011924431980531362,-0.18377542030601993,0.14310219493794196
8.141989371545888,1.99322503820485,2.885880061396118,0.17352100938934475,1.0225614890866463,-0.007245536313909942,-0.14358268153495263,0.007245536313909942,0.14358268153495263,0.0011924418641262955,0.09219648068437712,-0.020441972086138988,-0.09916995502218058,-7.245536313909942e-12,-1.4358268153495262e-10,-0.007245536351824728,0.0011924425281543995,-0.14358268223368859,0.09219648562739743
8.141989371545888,2.4171459380859606,2.832155331444217,0.17352100938934475,0.9688367591347453,-0.007245536313909942,-0.11218032587111348,0.007245536313909942,0.11218032587111348,0.0011924418641262955,0.059399452582997524,-0.02082974722608941,-0.09574200115438199,-7.245536313909942e-12,-1.1218032587111349e-10,-0.007245536351552013,0.0011924418582556625,-0.11218032641640963,0.05939945436273851
8.141989371545888,2.931226717514774,2.781253264617428,0.17352100938934475,0.9179346923079563,-0.007245536313909942,-0.08764584543217176,0.007245536313909942,0.08764584543217176,0.0011924418641262955,0.03826930204894082,-0.02121097003624344,-0.09237197024748159,-7.245536313909942e-12,-8.764584543217176e-11,-0.007245536351552013,0.0011924431980531362,-0.08764584585787111,0.03826931210776653
8.141989371545888,3.554642661036909,2.7330255599912983,0.17352100938934475,0.8697069876818265,-0.007245536313909942,-0.06847719653039638,0.007245536313909942,0.06847719653039638,0.0011924418641262955,0.024655774011834514,-0.021585264522440962,-0.08906318611082825,-7.245536313909942e-12,-6.847719653039638e-11,-0.007245536351824728,0.0011924425281543995,-0.06847719686356152,0.02465577681876911
8.141989371545888,4.310647270019593,2.687331708277577,0.17352100938934475,0.8240131359681051,-0.007245536313909942,-0.053500841044329936,0.007245536313909942,0.053500841044329936,0.0011924418641262955,0.01588498246833012,-0.021952288017624607,-0.0858186779403236,-7.245536313909942e-12,-5.350084104432994e-11,-0.007245536351824728,0.0011924425281543995,-0.053500841304948546,0.01588498285887406
8.141989371545888,5.227439621485609,2.644038582456608,0.17352100938934475,0.7807200101471361,-0.007245536313909942,-0.04179990036800194,0.007245536313909942,0.04179990036800194,0.0011924418641262955,0.010234222129795554,-0.02231173177669493,-0.08264117505986894,-7.245536313909942e-12,-4.179990036800194e-11,-0.007245536351824728,0.0011924425281543995,-0.04179990057114122,0.010234223536502704
8.141989371545888,6.339216197606768,2.603020049917636,0.17352100938934475,0.7397014776081641,-0.007245536313909942,-0.032658022503368904,0.007245536313909942,0.032658022503368904,0.0011924418641262955,0.006593605174624262,-0.022663321268259595,-0.07953310434228623,-7.245536313909942e-12,-3.2658022503368906e-11,-0.007245536351824728,0.0011924411883569258,-0.03265802266242773,0.006593604414567962
8.141989371545888,7.687446419243286,2.5641566049770126,0.17352100938934475,0.7008380326675407,-0.007245536313909942,-0.025515525741467954,0.007245536313909942,0.025515525741467954,0.0011924418641262955,0.004248063863325616,-0.023006816176710618,-0.07649659019095527,-7.245536313909942e-12,-2.5515525741467955e-11,-0.007245536351824728,0.0011924425281543995,-0.025515525865501744,0.004248063454870414
8.141989371545888,9.322419461107367,2.5273350207036636,0.17352100938934475,0.6640164483941917,-0.007245536313909942,-0.019935133971946847,0.007245536313909942,0.019935133971946847,0.0011924418641262955,0.0027369013019378032,-0.02334201013151774,-0.07353345693287512,-7.245536313909942e-12,-1.9935133971946848e-11,-0.007245536351552013,0.0011924418582556625,-0.019935134068892982,0.002736900589573992
8.141989371545888,11.305120044971734,2.4924480190374236,0.17352100938934475,0.6291294467279519,-0.007245536313909942,-0.01557520587685156,0.007245536313909942,0.01557520587685156,0.0011924418641262955,0.0017633041728060922,-0.023668730183503475,-0.07064523344842215,-7.245536313909942e-12,-1.557520587685156e-11,-0.007245536351824728,0.0011924425281543995,-0.015575205952653394,0.0017633045493487855
8.141989371545888,13.709503178270442,2.4593939582391453,0.17352100938934475,0.5960753859296735,-0.007245536313909942,-0.012168819053219565,0.007245536313909942,0.012168819053219565,0.0011924418641262955,0.0011360444761504365,-0.023986836050147023,-0.06783315984290532,-7.245536313909942e-12,-1.2168819053219565e-11,-0.007245536351552013,0.0011924418582556625,-0.012168819112499304,0.001136044416895034
8.141989371545888,16.625252686158202,2.4280765367619774,0.17352100938934475,0.5647579644525057,-0.007245536313909942,-0.009507428557980204,0.007245536313909942,0.009507428557980204,0.0011924418641262955,0.0007319196946821074,-0.02429621915365,-0.06509819595011902,-7.245536313909942e-12,-9.507428557980204e-12,-0.007245536351824728,0.0011924425281543995,-0.009507428604153944,0.000731919756892843
8.141989371545888,20.161126430657447,2.398404512681062,0.17352100938934475,0.5350859403715899,-0.007245536313909942,-0.0074280994227769615,0.007245536313909942,0.0074280994227769615,0.0011924418641262955,0.00047155410788037716,-0.024596801476602863,-0.06244103144831547,-7.245536313909942e-12,-7.428099422776961e-12,-0.007245536351552013,0.0011924418582556625,-0.007428099458894082,0.0004715539953984351
8.141989371545888,24.44901299403245,2.3702914378642115,0.17352100938934475,0.5069728655547395,-0.007245536313909942,-0.005803531490998793,0.007245536313909942,0.005803531490998793,0.0011924418641262955,0.00030380829792459155,-0.0248885342606482,-0.059862097364094084,-7.245536313909942e-12,-5.803531490998793e-12,-0.007245536351552013,0.0011924418582556625,-0.005803531519205938,0.0003038082833871013
8.141989371545888,29.648851141244215,2.343655406109096,0.17352100938934475,0.48033683379962433,-0.007245536313909942,-0.004534265880143972,0.007245536313909942,0.004534265880143972,0.0011924418641262955,0.00019573465768906405,-0.025171396573587582,-0.05736157873925659,-7.245536313909942e-12,-4.534265880143972e-12,-0.007245536351824728,0.0011924425281543995,-0.004534265902232987,0.0001957346353651098
8.141989371545888,35.95459555812005,2.3184188145131364,0.17352100938934475,0.45510024220366474,-0.007245536313909942,-0.00354259593554811,0.007245536313909942,0.00354259593554811,0.0011924418641262955,0.00012610602304932608,-0.025445393769974626,-0.0549394282392503,-7.245536313909942e-12,-3.5425959355481098e-12,-0.007245536351552013,0.0011924431980531362,-0.0035425959527162127,0.0001261060639292479
8.141989371545888,43.601451388100436,2.294508137380874,0.17352100938934475,0.431189565071402,-0.007245536313909942,-0.002767809893442663,0.007245536313909942,0.002767809893442663,0.0011924418641262955,8.124636299504802e-05,-0.02571055586943514,-0.05259538048890847,-7.245536313909942e-12,-2.767809893442663e-12,-0.007245536351824728,0.0011924425281543995,-0.0027678099069098063,8.124635763992965e-05
8.141989371545888,52.87464741679016,2.271853712010102,0.17352100938934475,0.40853513970063016,-0.007245536313909942,-0.0021624740008780612,0.007245536313909942,0.0021624740008780612,0.0011924418641262955,5.234461717455907e-05,-0.025966935875817602,-0.05032896693125399,-7.245536313909942e-12,-2.162474000878061e-12,-0.007245536351552013,0.0011924418582556625,-0.002162474011399466,5.234460465020004e-05
8.141989371545888,64.12007514531668,2.2503895357326607,0.17352100938934475,0.387070963423189,-0.007245536313909942,-0.001689528538629904,0.007245536313909942,0.001689528538629904,0.0011924418641262955,3.3724081252943594e-05,-0.02621460805886573,-0.04813953101760961,-7.245536313909942e-12,-1.689528538629904e-12,-0.007245536351824728,0.0011924425281543995,-0.0016895285468450398,3.372409098595545e-05
8.141989371545888,77.75719059141188,2.230053073618576,0.17352100938934475,0.36673450130910396,-0.007245536313909942,-0.0013200189605451172,0.007245536313909942,0.0013200189605451172,0.0011924418641262955,2.172742332917296e-05,-0.02645366621848148,-0.04602624355160957,-7.245536313909942e-12,-1.3200189605451172e-12,-0.007245536351552013,0.0011924418582556625,-0.0013200189669490797,2.1727417870031313e-05
8.141989371545888,94.29466005719073,2.2107850762833006,0.17352100938934475,0.34746650397382856,-0.007245536313909942,-0.0010313232457213309,0.007245536313909942,0.0010313232457213309,0.0011924418641262955,1.39983331490723e-05,-0.02668422194987029,-0.043988118025412984,-7.245536313909942e-12,-1.0313232457213309e-12,-0.007245536351552013,0.0011924418582556625,-0.0010313232507332603,1.3998329124118205e-05
8.141989371545888,114.34933345293979,2.1925294072672505,0.17352100938934475,0.3292108349577785,-0.007245536313909942,-0.0008057669389278654,0.007245536313909942,0.0008057669389278654,0.0011924418641262955,9.018710041393375e-06,-0.026906402925985368,-0.04202402580299171,-7.245536313909942e-12,-8.057669389278655e-13,-0.007245536351824728,0.0011924411883569258,-0.000805766942845301,9.018708409273517e-06
8.141989371545888,138.6692528845326,2.1752328794847067,0.17352100938934475,0.31191430717523483,-0.007245536313909942,-0.0006295410896271181,0.007245536313909942,0.0006295410896271181,0.0011924418641262955,5.810486859010076e-06,-0.027120351211765176,-0.04013271102236518,-7.245536313909942e-12,-6.295410896271181e-13,-0.007245536351552013,0.0011924418582556625,-0.0006295410926893784,5.810485123998944e-06
8.141989371545888,168.16155472797897,2.1588451002655895,0.17352100938934475,0.2955265279561175,-0.007245536313909942,-0.0004918568439358354,0.007245536313909942,0.0004918568439358354,0.0011924418641262955,3.7435240055142786e-06,-0.02732622162273104,-0.03831280510568893,-7.245536313909942e-12,-4.918568439358354e-13,-0.007245536351552013,0.0011924418582556625,-0.0004918568463254249,3.7435222118635078e-06
8.141989371545888,203.9263059423702,2.1433183245386385,0.17352100938934475,0.2799997522291665,-0.007245536313909942,-0.00038428493217148603,0.007245536313909942,0.00038428493217148603,0.0011924418641262955,2.4118412656128398e-06,-0.027524180138618987,-0.036562840782838044,-7.245536313909942e-12,-3.8428493217148604e-13,-0.007245536351552013,0.0011924418582556625,-0.0003842849340397061,2.411840696052486e-06
8.141989371545888,247.29753672039521,2.128607315728256,0.17352100938934475,0.26528874341878433,-0.007245536313909942,-0.0003002396142592021,0.007245536313909942,0.0003002396142592021,0.0011924418641262955,1.553877651631041e-06,-0.027714402380892567,-0.034881265550278276,-7.245536313909942e-12,-3.002396142592021e-13,-0.007245536351824728,0.0011924425281543995,-0.0003002396157147192,1.5538776233140892e-06
8.141989371545888,299.893,2.1146692139597416,0.17352100938934475,0.25135064165026993,-0.007245536313909942,-0.00023457548923695002,0.007245536313909942,0.00023457548923695002,0.0011924418641262955,1.001117192355889e-06,-0.027897072161248006,-0.03326645450236167,-7.245536313909942e-12,-2.3457548923695e-13,-0.007245536351824728,0.0011924425281543995,-0.00023457549037856227,1.0011172199867804e-06
9.256949682858655,0.134,4.032782602430729,0.1661126337619066,2.1768724057486954,-0.00610075752495184,-4.546708768677904,0.00610075752495184,4.546708768677904,0.0008831064762496599,43.4271127604176,-0.01400383085410083,-0.15107657294385593,-6.10075752495184e-12,-4.5467087686779044e-09,-0.006100757557174714,0.0008831056652134195,-4.546708790791364,43.42711186077002
9.256949682858655,0.1624992409262676,3.918411111437991,0.1661126337619066,2.0625009147559576,-0.00610075752495184,-3.552317493020029,0.00610075752495184,3.552317493020029,0.0008831064762496599,27.97879817191351,-0.014412577912243449,-0.14731708330957033,-6.10075752495184e-12,-3.552317493020029e-09,-0.006100757556694978,0.0008831067017017351,-3.5523175103218168,27.978800691098396
9.256949682858655,0.19705972613144151,3.8100486258042072,0.1661126337619066,1.9541384291221735,-0.00610075752495184,-2.77540529055822,0.00610075752495184,2.77540529055822,0.0008831064762496599,18.025908180066246,-0.014822489417410031,-0.14354688356391127,-6.10075752495184e-12,-2.77540529055822e-09,-0.006100757556934846,0.0008831061834575773,-2.775405304046202,18.02590898325027
9.256949682858655,0.23897056651863752,3.7073794362115167,0.1661126337619066,1.851469239529483,-0.00610075752495184,-2.168408241097251,0.00610075752495184,2.168408241097251,0.0008831064762496599,11.613556941211405,-0.015232971538923556,-0.13977143552056115,-6.10075752495184e-12,-2.168408241097251e-09,-0.006100757556934846,0.0008831061834575773,-2.16840825163613,11.613557574510873
9.256949682858655,0.2897950422611845,3.6101044205087254,0.1661126337619066,1.7541942238266917,-0.00610075752495184,-1.6941649264899823,0.00610075752495184,1.6941649264899823,0.0008831064762496599,7.482269602144617,-0.01564342713052114,-0.13599623148861614,-6.10075752495184e-12,-1.6941649264899822e-09,-0.006100757556694978,0.0008831067017017351,-1.6941649347313636,7.482269921611293
9.256949682858655,0.35142891337043375,3.5179401722321235,0.1661126337619066,1.6620299755500898,-0.00610075752495184,-1.323641343798085,0.00610075752495184,1.323641343798085,0.0008831064762496599,4.8206039443879165,-0.016053259200246046,-0.13222676235792696,-6.10075752495184e-12,-1.323641343798085e-09,-0.006100757556934846,0.0008831061834575773,-1.3236413502361302,4.820603971806039
9.256949682858655,0.4261711318077503,3.4306181749132634,0.1661126337619066,1.5747079782312299,-0.00610075752495184,-1.0341533929884241,0.00610075752495184,1.0341533929884241,0.0008831064762496599,3.1057718612528524,-0.0164618743784357,-0.12846848570195218,-6.10075752495184e-12,-1.034153392988424e-09,-0.006100757556694978,0.0008831067017017351,-1.0341533980170396,3.105772137584714
9.256949682858655,0.5168095927122967,3.3478840197680877,0.1661126337619066,1.491973823086054,-0.00610075752495184,-0.8079781167613735,0.00610075752495184,0.8079781167613735,0.0008831064762496599,2.00095651196974,-0.01686868634108554,-0.12472679429104584,-6.10075752495184e-12,-8.079781167613735e-10,-0.006100757556934846,0.0008831061834575773,-0.8079781206936961,2.000956490391631
9.256949682858655,0.6267251232773262,3.2694966644881633,0.1661126337619066,1.4135864678061296,-0.00610075752495184,-0.6312686701909447,0.00610075752495184,0.6312686701909447,0.0008831064762496599,1.2891568156519335,-0.01727311914680956,-0.12100698540044831,-6.10075752495184e-12,-6.312686701909447e-10,-0.006100757556694978,0.0008831067017017351,-0.6312686732584893,1.2891567686972332
9.256949682858655,0.7600175880745298,3.195227730974561,0.1661126337619066,1.3393175342925274,-0.00610075752495184,-0.49320659272550027,0.00610075752495184,0.49320659272550027,0.0008831064762496599,0.8305654247856867,-0.017674610447429833,-0.117314231280586,-6.10075752495184e-12,-4.932065927255003e-10,-0.006100757556694978,0.0008831067017017351,-0.4932065951231925,0.8305656100766668
9.256949682858655,0.9216588145725657,3.1248608399683473,0.1661126337619066,1.2689506432863136,-0.00610075752495184,-0.38533948316224703,0.00610075752495184,0.38533948316224703,0.0008831064762496599,0.535108620203488,-0.018072614534851587,-0.11365355113315036,-6.10075752495184e-12,-3.85339483162247e-10,-0.006100757556694978,0.0008831067017017351,-0.38533948503429355,0.5351086044254237
9.256949682858655,1.117678042992877,3.0581909806391625,0.1661126337619066,1.2022807839571288,-0.00610075752495184,-0.3010635289021562,0.00610075752495184,0.3010635289021562,0.0008831064762496599,0.3447545814828088,-0.018466605190234825,-0.11002978490557333,-6.10075752495184e-12,-3.010635289021562e-10,-0.006100757556694978,0.0008831067017017351,-0.30106353036483285,0.34475462063060075
9.256949682858655,1.3553868178082003,2.9950239132952214,0.1661126337619066,1.139113716613188,-0.00610075752495184,-0.23521920902368526,0.00610075752495184,0.23521920902368526,0.0008831064762496599,0.22211513133200658,-0.018856078305453508,-0.10644756917990893,-6.10075752495184e-12,-2.352192090236853e-10,-0.006100757556694978,0.0008831067017017351,-0.2352192101667671,0.22211516492017613
9.256949682858655,1.643651709367924,2.9351756034745455,0.1661126337619066,1.0792654067925118,-0.00610075752495184,-0.18377541941225786,0.00610075752495184,0.18377541941225786,0.0008831064762496599,0.14310217823485172,-0.019240554251319174,-0.10291131539087295,-6.10075752495184e-12,-1.8377541941225786e-10,-0.006100757556934846,0.0008831061834575773,-0.18377542030737085,0.14310217849987936
9.256949682858655,1.99322503820485,2.8784716857686803,0.1661126337619066,1.0225614890866463,-0.00610075752495184,-0.14358268153495263,0.00610075752495184,0.14358268153495263,0.0008831064762496599,0.09219648068437712,-0.01961957997190419,-0.09942519056310765,-6.10075752495184e-12,-1.4358268153495262e-10,-0.006100757556934846,0.0008831061834575773,-0.1435826822325746,0.09219647444956608
9.256949682858655,2.4171459380859606,2.824746955816779,0.1661126337619066,0.9688367591347453,-0.00610075752495184,-0.11218032587111348,0.00610075752495184,0.11218032587111348,0.0008831064762496599,0.059399452582997524,-0.019992730789392375,-0.09599310071089756,-6.10075752495184e-12,-1.1218032587111349e-10,-0.006100757556694978,0.0008831067017017351,-0.11218032641640963,0.05939946956451953
9.256949682858655,2.931226717514774,2.77384488898999,0.1661126337619066,0.9179346923079563,-0.00610075752495184,-0.08764584543217176,0.00610075752495184,0.08764584543217176,0.0008831064762496599,0.03826930204894082,-0.0203596119090725,-0.09261867699584957,-6.10075752495184e-12,-8.764584543217176e-11,-0.006100757556934846,0.0008831061834575773,-0.08764584585862861,0.03826930693918466
9.256949682858655,3.554642661036909,2.7256171843638604,0.1661126337619066,0.8697069876818265,-0.00610075752495184,-0.06847719653039638,0.00610075752495184,0.06847719653039638,0.0008831064762496599,0.024655774011834514,-0.020719859619237474,-0.08930526469070756,-6.10075752495184e-12,-6.847719653039638e-11,-0.006100757556934846,0.0008831061834575773,-0.06847719686356152,0.02465576978952996
9.256949682858655,4.310647270019593,2.679923332650139,0.1661126337619066,0.8240131359681051,-0.00610075752495184,-0.053500841044329936,0.00610075752495184,0.053500841044329936,0.0008831064762496599,0.01588498246833012,-0.02107314218573325,-0.08605591495165382,-6.10075752495184e-12,-5.350084104432994e-11,-0.006100757556934846,0.0008831061834575773,-0.05350084130443344,0.015884980468943696
9.256949682858655,5.227439621485609,2.63663020682917,0.1661126337619066,0.7807200101471361,-0.00610075752495184,-0.04179990036800194,0.00610075752495184,0.04179990036800194,0.0008831064762496599,0.010234222129795554,-0.021419160445604168,-0.08287337935820042,-6.10075752495184e-12,-4.179990036800194e-11,-0.006100757556934846,0.0008831061834575773,-0.04179990057156598,0.0102342219113575
9.256949682858655,6.339216197606768,2.595611674290198,0.1661126337619066,0.7397014776081641,-0.00610075752495184,-0.032658022503368904,0.00610075752495184,0.032658022503368904,0.0008831064762496599,0.006593605174624262,-0.021757648108607818,-0.07976010713997747,-6.10075752495184e-12,-3.2658022503368906e-11,-0.006100757556694978,0.0008831067017017351,-0.03265802266207746,0.006593605519661638
9.256949682858655,7.687446419243286,2.5567482293495747,0.1661126337619066,0.7008380326675407,-0.00610075752495184,-0.025515525741467954,0.00610075752495184,0.025515525741467954,0.0008831064762496599,0.004248063863325616,-0.022088371779245282,-0.07671824497410806,-6.10075752495184e-12,-2.5515525741467955e-11,-0.006100757556934846,0.0008831061834575773,-0.025515525865501744,0.004248063454870414
9.256949682858655,9.322419461107367,2.519926645076225,0.1661126337619066,0.6640164483941917,-0.00610075752495184,-0.019935133971946847,0.00610075752495184,0.019935133971946847,0.0008831064762496599,0.0027369013019378032,-0.022411130715311832,-0.07374963920596121,-6.10075752495184e-12,-1.9935133971946848e-11,-0.006100757556694978,0.0008831067017017351,-0.019935134068892982,0.0027369016115552625
9.256949682858655,11.305120044971734,2.4850396434099857,0.1661126337619066,0.6291294467279519,-0.00610075752495184,-0.01557520587685156,0.00610075752495184,0.01557520587685156,0.0008831064762496599,0.0017633041728060922,-0.022725756341780524,-0.07085584032025288,-6.10075752495184e-12,-1.557520587685156e-11,-0.006100757556934846,0.0008831061834575773,-0.015575205952456983,0.001763304201876745
9.256949682858655,13.709503178270442,2.451985582611707,0.1661126337619066,0.5960753859296735,-0.00610075752495184,-0.012168819053219565,0.00610075752495184,0.012168819053219565,0.0008831064762496599,0.0011360444761504365,-0.023032111541066796,-0.06803810946890476,-6.10075752495184e-12,-1.2168819053219565e-11,-0.006100757556694978,0.0008831067017017351,-0.012168819112499304,0.0011360448894548443
9.256949682858655,16.625252686158202,2.4206681611345395,0.1661126337619066,0.5647579644525057,-0.00610075752495184,-0.009507428557980204,0.00610075752495184,0.009507428557980204,0.0008831064762496599,0.0007319196946821074,-0.023330089742384014,-0.06529742684678229,-6.10075752495184e-12,-9.507428557980204e-12,-0.006100757556934846,0.0008831061834575773,-0.009507428604287502,0.0007319195962232434
9.256949682858655,20.161126430657447,2.3909961370536235,0.1661126337619066,0.5350859403715899,-0.00610075752495184,-0.0074280994227769615,0.00610075752495184,0.0074280994227769615,0.0008831064762496599,0.00047155410788037716,-0.023619613834003416,-0.06263450169628662,-6.10075752495184e-12,-7.428099422776961e-12,-0.006100757556694978,0.0008831067017017351,-0.007428099458894082,0.00047155421390808976
9.256949682858655,24.44901299403245,2.362883062236773,0.1661126337619066,0.5069728655547395,-0.00610075752495184,-0.005803531490998793,0.00610075752495184,0.005803531490998793,0.0008831064762496599,0.00030380829792459155,-0.023900634922804937,-0.060049783716502776,-6.10075752495184e-12,-5.803531490998793e-12,-0.006100757556694978,0.0008831067017017351,-0.005803531519205938,0.0003038082833871013
9.256949682858655,29.648851141244215,2.3362470304816583,0.1661126337619066,0.48033683379962433,-0.00610075752495184,-0.004534265880143972,0.00610075752495184,0.004534265880143972,0.0008831064762496599,0.00019573465768906405,-0.024173130965588558,-0.05754347565184278,-6.10075752495184e-12,-4.534265880143972e-12,-0.006100757556934846,0.0008831061834575773,-0.004534265902158096,0.00019573458484614044
9.256949682858655,35.95459555812005,2.3110104388856985,0.1661126337619066,0.45510024220366474,-0.00610075752495184,-0.00354259593554811,0.00610075752495184,0.00354259593554811,0.0008831064762496599,0.00012610602304932608,-0.024437105296257682,-0.055115546838415644,-6.10075752495184e-12,-3.5425959355481098e-12,-0.006100757556934846,0.0008831061834575773,-0.0035425959527779697,0.00012610602957650608
9.256949682858655,43.601451388100436,2.287099761753436,0.1661126337619066,0.431189565071402,-0.00610075752495184,-0.002767809893442663,0.00610075752495184,0.002767809893442663,0.0008831064762496599,8.124636299504802e-05,-0.024692585072241723,-0.05276574749320177,-6.10075752495184e-12,-2.767809893442663e-12,-0.006100757556934846,0.0008831061834575773,-0.0027678099069098063,8.124635763992965e-05
9.256949682858655,52.87464741679016,2.2644453363826638,0.1661126337619066,0.40853513970063016,-0.00610075752495184,-0.0021624740008780612,0.00610075752495184,0.0021624740008780612,0.0008831064762496599,5.234461717455907e-05,-0.024939619662453623,-0.050493623540966315,-6.10075752495184e-12,-2.162474000878061e-12,-0.006100757556694978,0.0008831067017017351,-0.002162474011399466,5.234463641932464e-05
9.256949682858655,64.12007514531668,2.2429811601052227,0.1661126337619066,0.387070963423189,-0.00610075752495184,-0.001689528538629904,0.00610075752495184,0.001689528538629904,0.0008831064762496599,3.3724081252943594e-05,-0.02517827899773851,-0.04829853178616284,-6.10075752495184e-12,-1.689528538629904e-12,-0.006100757556934846,0.0008831061834575773,-0.0016895285468104101,3.372408018450256e-05
9.256949682858655,77.75719059141188,2.2226446979911376,0.1661126337619066,0.36673450130910396,-0.00610075752495184,-0.0013200189605451172,0.00610075752495184,0.0013200189605451172,0.0008831064762496599,2.172742332917296e-05,-0.025408651903222758,-0.04617965525131059,-6.10075752495184e-12,-1.3200189605451172e-12,-0.006100757556694978,0.0008831067017017351,-0.0013200189669776358,2.1727425214985635e-05
9.256949682858655,94.29466005719073,2.203376700655862,0.1661126337619066,0.34746650397382856,-0.00610075752495184,-0.0010313232457213309,0.00610075752495184,0.0010313232457213309,0.0008831064762496599,1.39983331490723e-05,-0.025630844430273855,-0.04413601851895063,-6.10075752495184e-12,-1.0313232457213309e-12,-0.006100757556694978,0.0008831067017017351,-0.0010313232507568083,1.3998334118664267e-05
9.256949682858655,114.34933345293979,2.185121031639812,0.1661126337619066,0.3292108349577785,-0.00610075752495184,-0.0008057669389278654,0.00610075752495184,0.0008057669389278654,0.0008831064762496599,9.018710041393375e-06,-0.02584497820398515,-0.042166502930811076,-6.10075752495184e-12,-8.057669389278655e-13,-0.006100757556694978,0.0008831067017017351,-0.000805766942845301,9.018708409273517e-06
9.256949682858655,138.6692528845326,2.1678245038572683,0.1661126337619066,0.31191430717523483,-0.00610075752495184,-0.0006295410896271181,0.00610075752495184,0.0006295410896271181,0.0008831064762496599,5.810486859010076e-06,-0.026051188800253002,-0.040269861514793004,-6.10075752495184e-12,-6.295410896271181e-13,-0.006100757556694978,0.0008831067017017351,-0.0006295410926893784,5.81048974291283e-06
9.256949682858655,168.16155472797897,2.151436724638151,0.1661126337619066,0.2955265279561175,-0.00610075752495184,-0.0004918568439358354,0.00610075752495184,0.0004918568439358354,0.0008831064762496599,3.7435240055142786e-06,-0.026249624164660892,-0.038444733527433016,-6.10075752495184e-12,-4.918568439358354e-13,-0.006100757556694978,0.0008831067017017351,-0.0004918568463254249,3.743525352710564e-06
9.256949682858655,203.9263059423702,2.1359099489112,0.1661126337619066,0.2799997522291665,-0.00610075752495184,-0.00038428493217148603,0.00610075752495184,0.00038428493217148603,0.0008831064762496599,2.4118412656128398e-06,-0.02644044308356204,-0.036689658516265225,-6.10075752495184e-12,-3.8428493217148604e-13,-0.006100757556694978,0.0008831067017017351,-0.00038428493405059456,2.411841763935594e-06
9.256949682858655,247.29753672039521,2.121198940100818,0.1661126337619066,0.26528874341878433,-0.00610075752495184,-0.0003002396142592021,0.00610075752495184,0.0003002396142592021,0.0008831064762496599,1.553877651631041e-06,-0.026623813715990412,-0.03500308982270818,-6.10075752495184e-12,-3.002396142592021e-13,-0.006100757556934846,0.0008831061834575773,-0.00030023961572369804,1.553876897156902e-06
9.256949682858655,299.893,2.1072608383323037,0.1661126337619066,0.25135064165026993,-0.00610075752495184,-0.00023457548923695002,0.00610075752495184,0.00023457548923695002,0.0008831064762496599,1.001117192355889e-06,-0.026799912193354574,-0.03338340746151294,-6.10075752495184e-12,-2.3457548923695e-13,-0.006100757556934846,0.0008831061834575773,-0.00023457549037856227,1.0011172199867804e-06
10.524592150715018,0.134,4.025690522966103,0.15902055429728107,2.1768724057486954,-0.005136851264799157,-4.546708768677904,0.005136851264799157,4.546708768677904,0.0006540168303848579,43.4271127604176,-0.013429563001048141,-0.15134272531062348,-5.136851264799157e-12,-4.5467087686779044e-09,-0.005136851291790141,0.0006540181187283922,-4.546708790824505,43.42711680718581
10.524592150715018,0.1624992409262676,3.911319031973366,0.15902055429728107,2.0625009147559576,-0.005136851264799157,-3.552317493020029,0.005136851264799157,3.552317493020029,0.0006540168303848579,27.97879817191351,-0.013822258951251887,-0.14758420149982474,-5.136851264799157e-12,-3.552317493020029e-09,-0.005136851291790141,0.0006540165150411938,-3.552317510308152,27.978799009324728
10.524592150715018,0.19705972613144151,3.8029565463395816,0.15902055429728107,1.9541384291221735,-0.005136851264799157,-2.77540529055822,0.005136851264799157,2.77540529055822,0.0006540168303848579,18.025908180066246,-0.014216114184352868,-0.1438145821012807,-5.136851264799157e-12,-2.77540529055822e-09,-0.005136851291579164,0.0006540169159629934,-2.775405304046202,18.02590898325027
10.524592150715018,0.23897056651863752,3.700287356746891,0.15902055429728107,1.851469239529483,-0.005136851264799157,-2.168408241097251,0.005136851264799157,2.168408241097251,0.0006540168303848579,11.613556941211405,-0.014610558394152788,-0.14003932556044932,-5.136851264799157e-12,-2.168408241097251e-09,-0.005136851291579164,0.0006540169159629934,-2.1684082516454217,11.613558352155893
10.524592150715018,0.2897950422611845,3.6030123410441,0.15902055429728107,1.7541942238266917,-0.005136851264799157,-1.6941649264899823,0.005136851264799157,1.6941649264899823,0.0006540168303848579,7.482269602144617,-0.015005017852708486,-0.1362639230725776,-5.136851264799157e-12,-1.6941649264899822e-09,-0.005136851291790141,0.0006540165150411938,-1.6941649347390257,7.482269392815102
10.524592150715018,0.35142891337043375,3.510848092767498,0.15902055429728107,1.6620299755500898,-0.005136851264799157,-1.323641343798085,0.005136851264799157,1.323641343798085,0.0006540168303848579,4.8206039443879165,-0.015398918743385233,-0.13249386668178662,-5.136851264799157e-12,-1.323641343798085e-09,-0.005136851291579164,0.0006540169159629934,-1.3236413502298119,4.820604331385803
10.524592150715018,0.4261711318077503,3.423526095448638,0.15902055429728107,1.5747079782312299,-0.005136851264799157,-1.0341533929884241,0.005136851264799157,1.0341533929884241,0.0006540168303848579,3.1057718612528524,-0.015791690495004382,-0.128734617369682,-5.136851264799157e-12,-1.034153392988424e-09,-0.005136851291790141,0.0006540165150411938,-1.0341533980222497,3.1057718930715947
10.524592150715018,0.5168095927122967,3.340791940303462,0.15902055429728107,1.491973823086054,-0.005136851264799157,-0.8079781167613735,0.005136851264799157,0.8079781167613735,0.0006540168303848579,2.00095651196974,-0.016182769076000844,-0.12499157352671407,-5.136851264799157e-12,-8.079781167613735e-10,-0.005136851291579164,0.0006540169159629934,-0.8079781206936961,2.0009568229279493
10.524592150715018,0.6267251232773262,3.262404585023538,0.15902055429728107,1.4135864678061296,-0.005136851264799157,-0.6312686701909447,0.005136851264799157,0.6312686701909447,0.0006540168303848579,1.2891568156519335,-0.016571600208349285,-0.12127004019143724,-5.136851264799157e-12,-6.312686701909447e-10,-0.005136851291790141,0.0006540165150411938,-0.6312686732584893,1.2891567686972332
10.524592150715018,0.7600175880745298,3.1881356515099357,0.15902055429728107,1.3393175342925274,-0.005136851264799157,-0.49320659272550027,0.005136851264799157,0.49320659272550027,0.0006540168303848579,0.8305654247856867,-0.016957642462700973,-0.11757519942671218,-5.136851264799157e-12,-4.932065927255003e-10,-0.005136851291790141,0.0006540165150411938,-0.49320659512027093,0.8305655331949743
10.524592150715018,0.9216588145725657,3.117768760503722,0.15902055429728107,1.2689506432863136,-0.005136851264799157,-0.38533948316224703,0.005136851264799157,0.38533948316224703,0.0006540168303848579,0.535108620203488,-0.01734037019864199,-0.1139120821782632,-5.136851264799157e-12,-3.85339483162247e-10,-0.005136851291790141,0.0006540165150411938,-0.38533948503670273,0.5351085521461122
10.524592150715018,1.117678042992877,3.0510989011745373,0.15902055429728107,1.2022807839571288,-0.005136851264799157,-0.3010635289021562,0.005136851264799157,0.3010635289021562,0.0006540168303848579,0.3447545814828088,-0.017719276317160276,-0.1102855419305998,-5.136851264799157e-12,-3.010635289021562e-10,-0.005136851291790141,0.0006540165150411938,-0.3010635303668195,0.3447545850808318
10.524592150715018,1.3553868178082003,2.9879318338305962,0.15902055429728107,1.139113716613188,-0.005136851264799157,-0.23521920902368526,0.005136851264799157,0.23521920902368526,0.0006540168303848579,0.22211513133200658,-0.018093874796194863,-0.1067002304390757,-5.136851264799157e-12,-2.352192090236853e-10,-0.005136851291790141,0.0006540165150411938,-0.2352192101667671,0.22211516492017613
10.524592150715018,1.643651709367924,2.92808352400992,0.15902055429728107,1.0792654067925118,-0.005136851264799157,-0.18377541941225786,0.005136851264799157,0.18377541941225786,0.0006540168303848579,0.14310217823485172,-0.018463702984420932,-0.10316057577589152,-5.136851264799157e-12,-1.8377541941225786e-10,-0.005136851291579164,0.0006540169159629934,-0.18377542030601993,0.14310219493794196
10.524592150715018,1.99322503820485,2.8713796063040546,0.15902055429728107,1.0225614890866463,-0.005136851264799157,-0.14358268153495263,0.005136851264799157,0.14358268153495263,0.0006540168303848579,0.09219648068437712,-0.01882832363307204,-0.0996707628833648,-5.136851264799157e-12,-1.4358268153495262e-10,-0.005136851291579164,0.0006540169159629934,-0.14358268223368859,0.09219648562739743
10.524592150715018,2.4171459380859606,2.8176548763521536,0.15902055429728107,0.9688367591347453,-0.005136851264799157,-0.11218032587111348,0.005136851264799157,0.11218032587111348,0.0006540168303848579,0.059399452582997524,-0.019187326650483234,-0.09623471678105971,-5.136851264799157e-12,-1.1218032587111349e-10,-0.005136851291790141,0.0006540165150411938,-0.11218032641640963,0.05939945436273851
10.524592150715018,2.931226717514774,2.7667528095253644,0.15902055429728107,0.9179346923079563,-0.005136851264799157,-0.08764584543217176,0.005136851264799157,0.08764584543217176,0.0006540168303848579,0.03826930204894082,-0.019540330569021908,-0.09285608852567674,-5.136851264799157e-12,-8.764584543217176e-11,-0.005136851291579164,0.0006540169159629934,-0.08764584585787111,0.03826931210776653
10.524592150715018,3.554642661036909,2.7185251048992347,0.15902055429728107,0.8697069876818265,-0.005136851264799157,-0.06847719653039638,0.005136851264799157,0.06847719653039638,0.0006540168303848579,0.024655774011834514,-0.01988698371902644,-0.08953824397519328,-5.136851264799157e-12,-6.847719653039638e-11,-0.005136851291579164,0.0006540169159629934,-0.06847719686356152,0.02465577681876911
10.524592150715018,4.310647270019593,2.6728312531855134,0.15902055429728107,0.8240131359681051,-0.005136851264799157,-0.053500841044329936,0.005136851264799157,0.053500841044329936,0.0006540168303848579,0.01588498246833012,-0.020226965109174943,-0.08628425536278558,-5.136851264799157e-12,-5.350084104432994e-11,-0.005136851291579164,0.0006540169159629934,-0.053500841304948546,0.01588498285887406
10.524592150715018,5.227439621485609,2.6295381273645444,0.15902055429728107,0.7807200101471361,-0.005136851264799157,-0.04179990036800194,0.005136851264799157,0.04179990036800194,0.0006540168303848579,0.010234222129795554,-0.020559985017247363,-0.08309689564259805,-5.136851264799157e-12,-4.179990036800194e-11,-0.005136851291579164,0.0006540169159629934,-0.04179990057114122,0.010234223536502704
10.524592150715018,6.339216197606768,2.5885195948255726,0.15902055429728107,0.7397014776081641,-0.005136851264799157,-0.032658022503368904,0.005136851264799157,0.032658022503368904,0.0006540168303848579,0.006593605174624262,-0.020885785299430495,-0.07997863552936053,-5.136851264799157e-12,-3.2658022503368906e-11,-0.005136851291790141,0.0006540165150411938,-0.03265802266242773,0.006593604414567962
10.524592150715018,7.687446419243286,2.549656149884949,0.15902055429728107,0.7008380326675407,-0.005136851264799157,-0.025515525741467954,0.005136851264799157,0.025515525741467954,0.0006540168303848579,0.004248063863325616,-0.021204139430069924,-0.07693164311791954,-5.136851264799157e-12,-2.5515525741467955e-11,-0.005136851291579164,0.0006540169159629934,-0.025515525865501744,0.004248063454870414
10.524592150715018,9.322419461107367,2.5128345656116,0.15902055429728107,0.6640164483941917,-0.005136851264799157,-0.019935133971946847,0.005136851264799157,0.019935133971946847,0.0006540168303848579,0.0027369013019378032,-0.02151485228703754,-0.07395778593750253,-5.136851264799157e-12,-1.9935133971946848e-11,-0.005136851291790141,0.0006540165150411938,-0.019935134068892982,0.002736900589573992
10.524592150715018,11.305120044971734,2.47794756394536,0.15902055429728107,0.6291294467279519,-0.005136851264799157,-0.01557520587685156,0.005136851264799157,0.01557520587685156,0.0006540168303848579,0.0017633041728060922,-0.021817759700619655,-0.07105863526934533,-5.136851264799157e-12,-1.557520587685156e-11,-0.005136851291579164,0.0006540169159629934,-0.015575205952653394,0.0017633045493487855
10.524592150715018,13.709503178270442,2.4448935031470818,0.15902055429728107,0.5960753859296735,-0.005136851264799157,-0.012168819053219565,0.005136851264799157,0.012168819053219565,0.0006540168303848579,0.0011360444761504365,-0.02211272778601815,-0.06823547253537585,-5.136851264799157e-12,-1.2168819053219565e-11,-0.005136851291790141,0.0006540165150411938,-0.012168819112499304,0.001136044416895034
10.524592150715018,16.625252686158202,2.413576081669914,0.15902055429728107,0.5647579644525057,-0.005136851264799157,-0.009507428557980204,0.005136851264799157,0.009507428557980204,0.0006540168303848579,0.0007319196946821074,-0.022399652081193242,-0.06548929754998901,-5.136851264799157e-12,-9.507428557980204e-12,-0.005136851291579164,0.0006540169159629934,-0.009507428604153944,0.000731919756892843
10.524592150715018,20.161126430657447,2.3839040575889983,0.15902055429728107,0.5350859403715899,-0.005136851264799157,-0.0074280994227769615,0.005136851264799157,0.0074280994227769615,0.0006540168303848579,0.00047155410788037716,-0.022678456512873896,-0.06282083841644243,-5.136851264799157e-12,-7.428099422776961e-12,-0.005136851291790141,0.0006540165150411938,-0.007428099458894082,0.0004715539953984351
10.524592150715018,24.44901299403245,2.355790982772148,0.15902055429728107,0.5069728655547395,-0.005136851264799157,-0.005803531490998793,0.005136851264799157,0.005803531490998793,0.0006540168303848579,0.00030380829792459155,-0.022949092214147725,-0.06023056284379608,-5.136851264799157e-12,-5.803531490998793e-12,-0.005136851291790141,0.0006540165150411938,-0.005803531519205938,0.0003038082833871013
10.524592150715018,29.648851141244215,2.3291549510170326,0.15902055429728107,0.48033683379962433,-0.005136851264799157,-0.004534265880143972,0.005136851264799157,0.004534265880143972,0.0006540168303848579,0.00019573465768906405,-0.023211536217154136,-0.0577186906592494,-5.136851264799157e-12,-4.534265880143972e-12,-0.005136851291579164,0.0006540169159629934,-0.004534265902232987,0.0001957346353651098
10.524592150715018,35.95459555812005,2.303918359421073,0.15902055429728107,0.45510024220366474,-0.005136851264799157,-0.00354259593554811,0.005136851264799157,0.00354259593554811,0.0006540168303848579,0.00012610602304932608,-0.0234657900440885,-0.05528520729375077,-5.136851264799157e-12,-3.5425959355481098e-12,-0.005136851291579164,0.0006540169159629934,-0.0035425959527162127,0.0001261060639292479
10.524592150715018,43.601451388100436,2.2800076822888102,0.15902055429728107,0.431189565071402,-0.005136851264799157,-0.002767809893442663,0.005136851264799157,0.002767809893442663,0.0006540168303848579,8.124636299504802e-05,-0.023711878219034654,-0.052929878025365806,-5.136851264799157e-12,-2.767809893442663e-12,-0.005136851291579164,0.0006540169159629934,-0.0027678099069098063,8.124635763992965e-05
10.524592150715018,52.87464741679016,2.2573532569180386,0.15902055429728107,0.40853513970063016,-0.005136851264799157,-0.0021624740008780612,0.005136851264799157,0.0021624740008780612,0.0006540168303848579,5.234461717455907e-05,-0.023949846722133437,-0.050652262774551905,-5.136851264799157e-12,-2.162474000878061e-12,-0.005136851291790141,0.0006540165150411938,-0.002162474011399466,5.234460465020004e-05
10.524592150715018,64.12007514531668,2.235889080640597,0.15902055429728107,0.387070963423189,-0.005136851264799157,-0.001689528538629904,0.005136851264799157,0.001689528538629904,0.0006540168303848579,3.3724081252943594e-05,-0.02417976140632443,-0.04845173125764739,-5.136851264799157e-12,-1.689528538629904e-12,-0.005136851291579164,0.0006540169159629934,-0.0016895285468450398,3.372409098595545e-05
10.524592150715018,77.75719059141188,2.2155526185265124,0.15902055429728107,0.36673450130910396,-0.005136851264799157,-0.0013200189605451172,0.005136851264799157,0.0013200189605451172,0.0006540168303848579,2.172742332917296e-05,-0.02440170639542352,-0.04632747831899702,-5.136851264799157e-12,-1.3200189605451172e-12,-0.005136851291790141,0.0006540165150411938,-0.0013200189669490797,2.1727417870031313e-05
10.524592150715018,94.29466005719073,2.196284621191237,0.15902055429728107,0.34746650397382856,-0.005136851264799157,-0.0010313232457213309,0.005136851264799157,0.0010313232457213309,0.0006540168303848579,1.39983331490723e-05,-0.024615782480675245,-0.044278539277675784,-5.136851264799157e-12,-1.0313232457213309e-12,-0.005136851291790141,0.0006540165150411938,-0.0010313232507332603,1.3998329124118205e-05
10.524592150715018,114.34933345293979,2.178028952175187,0.15902055429728107,0.3292108349577785,-0.005136851264799157,-0.0008057669389278654,0.005136851264799157,0.0008057669389278654,0.0006540168303848579,9.018710041393375e-06,-0.02482210553119737,-0.04230380514124864,-5.136851264799157e-12,-8.057669389278655e-13,-0.005136851291790141,0.0006540165150411938,-0.000805766942845301,9.018708409273517e-06
10.524592150715018,138.6692528845326,2.160732424392643,0.15902055429728107,0.31191430717523483,-0.005136851264799157,-0.0006295410896271181,0.005136851264799157,0.0006295410896271181,0.0006540168303848579,5.810486859010076e-06,-0.025020804931962955,-0.040402037555966934,-5.136851264799157e-12,-6.295410896271181e-13,-0.005136851291790141,0.0006540165150411938,-0.0006295410926893784,5.810485123998944e-06
10.524592150715018,168.16155472797897,2.144344645173526,0.15902055429728107,0.2955265279561175,-0.005136851264799157,-0.0004918568439358354,0.005136851264799157,0.0004918568439358354,0.0006540168303848579,3.7435240055142786e-06,-0.025212022061183538,-0.0385718833798537,-5.136851264799157e-12,-4.918568439358354e-13,-0.005136851291790141,0.0006540165150411938,-0.0004918568463254249,3.7435222118635078e-06
10.524592150715018,203.9263059423702,2.128817869446575,0.15902055429728107,0.2799997522291665,-0.005136851264799157,-0.00038428493217148603,0.005136851264799157,0.00038428493217148603,0.0006540168303848579,2.4118412656128398e-06,-0.025395908817202127,-0.036811888781926684,-5.136851264799157e-12,-3.8428493217148604e-13,-0.005136851291790141,0.0006540165150411938,-0.0003842849340397061,2.411840696052486e-06
10.524592150715018,247.29753672039521,2.1141068606361926,0.15902055429728107,0.26528874341878433,-0.005136851264799157,-0.0003002396142592021,0.005136851264799157,0.0003002396142592021,0.0006540168303848579,1.553877651631041e-06,-0.025572626203306775,-0.03512051278705889,-5.136851264799157e-12,-3.002396142592021e-13,-0.005136851291579164,0.0006540169159629934,-0.0003002396157147192,1.5538776233140892e-06
10.524592150715018,299.893,2.100168758867678,0.15902055429728107,0.25135064165026993,-0.005136851264799157,-0.00023457548923695002,0.005136851264799157,0.00023457548923695002,0.0006540168303848579,1.001117192355889e-06,-0.02574234297725881,-0.033496140201449844,-5.136851264799157e-12,-2.3457548923695e-13,-0.005136851291579164,0.0006540169159629934,-0.00023457549037856227,1.0011172199867804e-06
11.965825,0.134,4.018901235588952,0.15223126692012945,2.1768724057486954,-0.004325240072031381,-4.546708768677904,0.004325240072031381,4.546708768677904,0.0004843561064608607,43.4271127604176,-0.01287791432309991,-0.15159839450833257,-4.325240072031381e-12,-4.5467087686779044e-09,-0.004325240094605845,0.00048435606165858185,-4.546708790758223,43.427106914354226
11.965825,0.1624992409262676,3.904529744596214,0.15223126692012945,2.0625009147559576,-0.004325240072031381,-3.552317493020029,0.004325240072031381,3.552317493020029,0.0004843561064608607,27.97879817191351,-0.013255134208298146,-0.1478408243511928,-4.325240072031381e-12,-3.552317493020029e-09,-0.004325240094605845,0.00048435606165858185,-3.552317510308152,27.978799009324728
11.965825,0.19705972613144151,3.79616725896243,0.15223126692012945,1.9541384291221735,-0.004325240072031381,-2.77540529055822,0.004325240072031381,2.77540529055822,0.0004843561064608607,18.025908180066246,-0.01363350512618367,-0.14407178850455638,-4.325240072031381e-12,-2.77540529055822e-09,-0.004325240094791411,0.00048435637181796706,-2.775405304046202,18.02590898325027
11.965825,0.23897056651863752,3.6934980693697392,0.15223126692012945,1.851469239529483,-0.004325240072031381,-2.168408241097251,0.004325240072031381,2.168408241097251,0.0004843561064608607,11.613556941211405,-0.014012479447091308,-0.14029674202784026,-4.325240072031381e-12,-2.168408241097251e-09,-0.004325240094791411,0.00048435637181796706,-2.1684082516454217,11.613558352155893
11.965825,0.2897950422611845,3.5962230536669484,0.15223126692012945,1.7541942238266917,-0.004325240072031381,-1.6941649264899823,0.004325240072031381,1.6941649264899823,0.0004843561064608607,7.482269602144617,-0.014391506036351663,-0.1365211748945786,-4.325240072031381e-12,-1.6941649264899822e-09,-0.004325240094605845,0.00048435606165858185,-1.6941649347390257,7.482269392815102
11.965825,0.35142891337043375,3.504058805390346,0.15223126692012945,1.6620299755500898,-0.004325240072031381,-1.323641343798085,0.004325240072031381,1.323641343798085,0.0004843561064608607,4.8206039443879165,-0.014770033455288852,-0.132750580106581,-4.325240072031381e-12,-1.323641343798085e-09,-0.004325240094791411,0.00048435637181796706,-1.3236413502298119,4.820604331385803
11.965825,0.4261711318077503,3.4167368080714864,0.15223126692012945,1.5747079782312299,-0.004325240072031381,-1.0341533929884241,0.004325240072031381,1.0341533929884241,0.0004843561064608607,3.1057718612528524,-0.01514751316596934,-0.12899042177072506,-4.325240072031381e-12,-1.034153392988424e-09,-0.004325240094605845,0.00048435606165858185,-1.0341533980222497,3.1057718930715947
11.965825,0.5168095927122967,3.3340026529263103,0.15223126692012945,1.491973823086054,-0.004325240072031381,-0.8079781167613735,0.004325240072031381,0.8079781167613735,0.0004843561064608607,2.00095651196974,-0.015523402700201396,-0.1252461035318568,-4.325240072031381e-12,-8.079781167613735e-10,-0.004325240094791411,0.00048435637181796706,-0.8079781206936961,2.0009568229279493
11.965825,0.6267251232773262,3.2556152976463864,0.15223126692012945,1.4135864678061296,-0.004325240072031381,-0.6312686701909447,0.004325240072031381,0.6312686701909447,0.0004843561064608607,1.2891568156519335,-0.015897168754038814,-0.12152293774775898,-4.325240072031381e-12,-6.312686701909447e-10,-0.004325240094605845,0.00048435606165858185,-0.6312686732584893,1.2891567686972332
11.965825,0.7600175880745298,3.181346364132784,0.15223126692012945,1.3393175342925274,-0.004325240072031381,-0.49320659272550027,0.004325240072031381,0.49320659272550027,0.0004843561064608607,0.8305654247856867,-0.016268290170606124,-0.11782611577657384,-4.325240072031381e-12,-4.932065927255003e-10,-0.004325240094605845,0.00048435606165858185,-0.49320659512027093,0.8305655331949743
11.965825,0.9216588145725657,3.1109794731265703,0.15223126692012945,1.2689506432863136,-0.004325240072031381,-0.38533948316224703,0.004325240072031381,0.38533948316224703,0.0004843561064608607,0.535108620203488,-0.01663626077638515,-0.11416067972392964,-4.325240072031381e-12,-3.85339483162247e-10,-0.004325240094605845,0.00048435606165858185,-0.38533948503670273,0.5351085521461122
11.965825,1.117678042992877,3.0443096137973855,0.15223126692012945,1.2022807839571288,-0.004325240072031381,-0.3010635289021562,0.004325240072031381,0.3010635289021562,0.0004843561064608607,0.3447545814828088,-0.017000592039111653,-0.11053149596704809,-4.325240072031381e-12,-3.010635289021562e-10,-0.004325240094605845,0.00048435606165858185,-0.3010635303668195,0.3447545850808318
11.965825,1.3553868178082003,2.9811425464534445,0.15223126692012945,1.139113716613188,-0.004325240072031381,-0.23521920902368526,0.004325240072031381,0.23521920902368526,0.0004843561064608607,0.22211513133200658,-0.017360815519031788,-0.10694323073724024,-4.325240072031381e-12,-2.352192090236853e-10,-0.004325240094605845,0.00048435606165858185,-0.2352192101667671,0.22211516492017613
11.965825,1.643651709367924,2.921294236632768,0.15223126692012945,1.0792654067925118,-0.004325240072031381,-0.18377541941225786,0.004325240072031381,0.18377541941225786,0.0004843561064608607,0.14310217823485172,-0.017716485089352182,-0.10340032800151541,-4.325240072031381e-12,-1.8377541941225786e-10,-0.004325240094791411,0.00048435637181796706,-0.18377542030601993,0.14310219493794196
11.965825,1.99322503820485,2.864590318926903,0.15223126692012945,1.0225614890866463,-0.004325240072031381,-0.14358268153495263,0.004325240072031381,0.14358268153495263,0.0004843561064608607,0.09219648068437712,-0.018067178906163005,-0.09990698983974458,-4.325240072031381e-12,-1.4358268153495262e-10,-0.004325240094791411,0.00048435637181796706,-0.14358268223368859,0.09219648562739743
11.965825,2.4171459380859606,2.810865588975002,0.15223126692012945,0.9688367591347453,-0.004325240072031381,-0.11218032587111348,0.004325240072031381,0.11218032587111348,0.0004843561064608607,0.059399452582997524,-0.0184125011127934,-0.0964671594672017,-4.325240072031381e-12,-1.1218032587111349e-10,-0.004325240094605845,0.00048435606165858185,-0.11218032641640963,0.05939945436273851
11.965825,2.931226717514774,2.7599635221482126,0.15223126692012945,0.9179346923079563,-0.004325240072031381,-0.08764584543217176,0.004325240072031381,0.08764584543217176,0.0004843561064608607,0.03826930204894082,-0.018752083268343864,-0.09308450700463851,-4.325240072031381e-12,-8.764584543217176e-11,-0.004325240094791411,0.00048435637181796706,-0.08764584585787111,0.03826931210776653
11.965825,3.554642661036909,2.711735817522083,0.15223126692012945,0.8697069876818265,-0.004325240072031381,-0.06847719653039638,0.004325240072031381,0.06847719653039638,0.0004843561064608607,0.024655774011834514,-0.0190855854949054,-0.0897624180505826,-4.325240072031381e-12,-6.847719653039638e-11,-0.004325240094791411,0.00048435637181796706,-0.06847719686356152,0.02465577681876911
11.965825,4.310647270019593,2.6660419658083616,0.15223126692012945,0.8240131359681051,-0.004325240072031381,-0.053500841044329936,0.004325240072031381,0.053500841044329936,0.0004843561064608607,0.01588498246833012,-0.019412697342602564,-0.0865039850644536,-4.325240072031381e-12,-5.350084104432994e-11,-0.004325240094791411,0.00048435637181796706,-0.053500841304948546,0.01588498285887406
11.965825,5.227439621485609,2.6227488399873926,0.15223126692012945,0.7807200101471361,-0.004325240072031381,-0.04179990036800194,0.004325240072031381,0.04179990036800194,0.0004843561064608607,0.010234222129795554,-0.01973313837598101,-0.08331200152542803,-4.325240072031381e-12,-4.179990036800194e-11,-0.004325240094791411,0.00048435637181796706,-0.04179990057114122,0.010234223536502704
11.965825,6.339216197606768,2.581730307448421,0.15223126692012945,0.7397014776081641,-0.004325240072031381,-0.032658022503368904,0.004325240072031381,0.032658022503368904,0.0004843561064608607,0.006593605174624262,-0.020046658489308103,-0.08018895879166053,-4.325240072031381e-12,-3.2658022503368906e-11,-0.004325240094605845,0.00048435606165858185,-0.03265802266242773,0.006593604414567962
11.965825,7.687446419243286,2.5428668625077973,0.15223126692012945,0.7008380326675407,-0.004325240072031381,-0.025515525741467954,0.004325240072031381,0.025515525741467954,0.0004843561064608607,0.004248063863325616,-0.020353037961992868,-0.07713704554823354,-4.325240072031381e-12,-2.5515525741467955e-11,-0.004325240094791411,0.00048435637181796706,-0.025515525865501744,0.004248063454870414
11.965825,9.322419461107367,2.5060452782344482,0.15223126692012945,0.6640164483941917,-0.004325240072031381,-0.019935133971946847,0.004325240072031381,0.019935133971946847,0.0004843561064608607,0.0027369013019378032,-0.02065208726850188,-0.07415814970062709,-4.325240072031381e-12,-1.9935133971946848e-11,-0.004325240094605845,0.00048435606165858185,-0.019935134068892982,0.002736900589573992
11.965825,11.305120044971734,2.4711582765682083,0.15223126692012945,0.6291294467279519,-0.004325240072031381,-0.01557520587685156,0.004325240072031381,0.01557520587685156,0.0004843561064608607,0.0017633041728060922,-0.02094364665981215,-0.07125386254395834,-4.325240072031381e-12,-1.557520587685156e-11,-0.004325240094791411,0.00048435637181796706,-0.015575205952653394,0.0017633045493487855
11.965825,13.709503178270442,2.43810421576993,0.15223126692012945,0.5960753859296735,-0.004325240072031381,-0.012168819053219565,0.004325240072031381,0.012168819053219565,0.0004843561064608607,0.0011360444761504365,-0.021227585535580212,-0.06842548501694326,-4.325240072031381e-12,-1.2168819053219565e-11,-0.004325240094605845,0.00048435606165858185,-0.012168819112499304,0.001136044416895034
11.965825,16.625252686158202,2.406786794292762,0.15223126692012945,0.5647579644525057,-0.004325240072031381,-0.009507428557980204,0.004325240072031381,0.009507428557980204,0.0004843561064608607,0.0007319196946821074,-0.0215038016278144,-0.06567403583351668,-4.325240072031381e-12,-9.507428557980204e-12,-0.004325240094791411,0.00048435637181796706,-0.009507428604153944,0.000731919756892843
11.965825,20.161126430657447,2.3771147702118465,0.15223126692012945,0.5350859403715899,-0.004325240072031381,-0.0074280994227769615,0.004325240072031381,0.0074280994227769615,0.0004843561064608607,0.00047155410788037716,-0.02177222001792641,-0.06300026127419735,-4.325240072031381e-12,-7.428099422776961e-12,-0.004325240094605845,0.00048435606165858185,-0.007428099458894082,0.0004715539953984351
11.965825,24.44901299403245,2.349001695394996,0.15223126692012945,0.5069728655547395,-0.004325240072031381,-0.005803531490998793,0.004325240072031381,0.005803531490998793,0.0004843561064608607,0.00030380829792459155,-0.022032792009633706,-0.060404646413354926,-4.325240072031381e-12,-5.803531490998793e-12,-0.004325240094605845,0.00048435606165858185,-0.005803531519205938,0.0003038082833871013
11.965825,29.648851141244215,2.322365663639881,0.15223126692012945,0.48033683379962433,-0.004325240072031381,-0.004534265880143972,0.004325240072031381,0.004534265880143972,0.0004843561064608607,0.00019573465768906405,-0.02228549388032131,-0.05788742755716942,-4.325240072031381e-12,-4.534265880143972e-12,-0.004325240094791411,0.00048435637181796706,-0.004534265902232987,0.0001957346353651098
11.965825,35.95459555812005,2.297129072043921,0.15223126692012945,0.45510024220366474,-0.004325240072031381,-0.00354259593554811,0.004325240072031381,0.00354259593554811,0.0004843561064608607,0.00012610602304932608,-0.022530325533194655,-0.05544860566983275,-4.325240072031381e-12,-3.5425959355481098e-12,-0.004325240094791411,0.00048435637181796706,-0.0035425959527162127,0.0001261060639292479
11.965825,43.601451388100436,2.2732183949116584,0.15223126692012945,0.431189565071402,-0.004325240072031381,-0.002767809893442663,0.004325240072031381,0.002767809893442663,0.0004843561064608607,8.124636299504802e-05,-0.022767309071914404,-0.053087960571924546,-4.325240072031381e-12,-2.767809893442663e-12,-0.004325240094791411,0.00048435637181796706,-0.0027678099069098063,8.124635763992965e-05
11.965825,52.87464741679016,2.2505639695408868,0.15223126692012945,0.40853513970063016,-0.004325240072031381,-0.0021624740008780612,0.004325240072031381,0.0021624740008780612,0.0004843561064608607,5.234461717455907e-05,-0.02299648731845329,-0.0508050657043658,-4.325240072031381e-12,-2.162474000878061e-12,-0.004325240094605845,0.00048435606165858185,-0.002162474011399466,5.234460465020004e-05
11.965825,64.12007514531668,2.2290997932634453,0.15223126692012945,0.387070963423189,-0.004325240072031381,-0.001689528538629904,0.004325240072031381,0.001689528538629904,0.0004843561064608607,3.3724081252943594e-05,-0.023217922293709642,-0.048599303263361454,-4.325240072031381e-12,-1.689528538629904e-12,-0.004325240094791411,0.00048435637181796706,-0.0016895285468450398,3.372409098595545e-05
11.965825,77.75719059141188,2.2087633311493606,0.15223126692012945,0.36673450130910396,-0.004325240072031381,-0.0013200189605451172,0.004325240072031381,0.0013200189605451172,0.0004843561064608607,2.172742332917296e-05,-0.023431693679006993,-0.04646987952574051,-4.325240072031381e-12,-1.3200189605451172e-12,-0.004325240094605845,0.00048435606165858185,-0.0013200189669490797,2.1727417870031313e-05
11.965825,94.29466005719073,2.1894953338140852,0.15223126692012945,0.34746650397382856,-0.004325240072031381,-0.0010313232457213309,0.004325240072031381,0.0010313232457213309,0.0004843561064608607,1.39983331490723e-05,-0.02363789727505742,-0.04441584019956127,-4.325240072031381e-12,-1.0313232457213309e-12,-0.004325240094605845,0.00048435606165858185,-0.0010313232507332603,1.3998329124118205e-05
11.965825,114.34933345293979,2.171239664798035,0.15223126692012945,0.3292108349577785,-0.004325240072031381,-0.0008057669389278654,0.004325240072031381,0.0008057669389278654,0.0004843561064608607,9.018710041393375e-06,-0.023836643473316918,-0.04243608565127593,-4.325240072031381e-12,-8.057669389278655e-13,-0.004325240094605845,0.00048435606165858185,-0.000805766942845301,9.018708409273517e-06
11.965825,138.6692528845326,2.1539431370154913,0.15223126692012945,0.31191430717523483,-0.004325240072031381,-0.0006295410896271181,0.004325240072031381,0.0006295410896271181,0.0004843561064608607,5.810486859010076e-06,-0.024028055752960516,-0.0405293858776919,-4.325240072031381e-12,-6.295410896271181e-13,-0.004325240094605845,0.00048435606165858185,-0.0006295410926893784,5.810485123998944e-06
11.965825,168.16155472797897,2.137555357796374,0.15223126692012945,0.2955265279561175,-0.004325240072031381,-0.0004918568439358354,0.004325240072031381,0.0004918568439358354,0.0004843561064608607,3.7435240055142786e-06,-0.02421226921499225,-0.03869439510802423,-4.325240072031381e-12,-4.918568439358354e-13,-0.004325240094605845,0.00048435606165858185,-0.0004918568463254249,3.7435222118635078e-06
11.965825,203.9263059423702,2.122028582069423,0.15223126692012945,0.2799997522291665,-0.004325240072031381,-0.00038428493217148603,0.004325240072031381,0.00038428493217148603,0.0004843561064608607,2.4118412656128398e-06,-0.024389429163316382,-0.036929665938157316,-4.325240072031381e-12,-3.8428493217148604e-13,-0.004325240094605845,0.00048435606165858185,-0.0003842849340397061,2.411840696052486e-06
11.965825,247.29753672039521,2.107317573259041,0.15223126692012945,0.26528874341878433,-0.004325240072031381,-0.0003002396142592021,0.004325240072031381,0.0003002396142592021,0.0004843561064608607,1.553877651631041e-06,-0.024559689740960053,-0.035233662915530276,-4.325240072031381e-12,-3.002396142592021e-13,-0.004325240094791411,0.00048435637181796706,-0.0003002396157147192,1.5538776233140892e-06
11.965825,299.893,2.0933794714905263,0.15223126692012945,0.25135064165026993,-0.004325240072031381,-0.00023457548923695002,0.004325240072031381,0.00023457548923695002,0.0004843561064608607,1.001117192355889e-06,-0.02472321262807851,-0.03360477550859322,-4.325240072031381e-12,-2.3457548923695e-13,-0.004325240094791411,0.00048435637181796706,-0.00023457549037856227,1.0011172199867804e-06
