check,comparisons,passed,max_absolute_error,max_tolerance_fraction
scale_reference_prediction,1681,True,0.0,0.0
N_first_relative_step_0.0001,1681,True,2.2046544145837288e-08,0.0026169602578098457
N_curvature_relative_step_0.0001,1681,True,3.08775015014362e-05,0.00044659451640276254
D_first_relative_step_0.0001,1681,True,2.2146600997530186e-08,0.0024301093312965732
D_curvature_relative_step_0.0001,1681,True,5.882732217799003e-06,0.00013184523568840692
N_first_relative_step_1e-05,1681,True,3.0679725426807636e-10,0.00016756984750670244
N_curvature_relative_step_1e-05,1681,True,0.0042570975744098405,0.05226117679674164
D_first_relative_step_1e-05,1681,True,3.398330505888225e-10,6.48144822254418e-05
D_curvature_relative_step_1e-05,1681,True,0.0010445933797953444,0.01328886472666958
N_elasticity_unit_invariance,1681,True,1.3877787807814457e-17,1.1453482797091376e-10
D_elasticity_unit_invariance,1681,True,2.7755575615628914e-17,1.5035042667854942e-10
N_doubling_marginal_ratio,1681,True,1.6653345369377348e-16,2.0558311633520628e-10
D_doubling_marginal_ratio,1681,True,1.6653345369377348e-16,1.9739389878789537e-10
quality_one_sided_Q_A_topsis_0_1,2,True,0.0,0.0
quality_regular_Q_A_topsis_0_1,1,True,0.0,0.0
quality_one_sided_Q_A_topsis_0_1,2,True,0.0,0.0
quality_regular_Q_A_topsis_0_1,1,True,0.0,0.0
quality_one_sided_Q_A_topsis_0_1,2,True,0.0,0.0
quality_regular_Q_A_topsis_0_1,1,True,0.0,0.0
quality_one_sided_Q_A_topsis_0_1,2,True,0.0,0.0
quality_regular_Q_A_topsis_0_1,1,True,0.0,0.0
quality_one_sided_Q_A_topsis_0_1,2,True,0.0,0.0
quality_regular_Q_A_topsis_0_1,1,True,0.0,0.0
quality_one_sided_Q_A_topsis_0_1,2,True,0.0,0.0
quality_regular_Q_A_topsis_0_1,1,True,0.0,0.0
quality_one_sided_Q_A_topsis_0_1,2,True,0.0,0.0
quality_regular_Q_A_topsis_0_1,1,True,0.0,0.0
quality_one_sided_Q_A_topsis_0_1,2,True,0.0,0.0
quality_regular_Q_A_topsis_0_1,1,True,0.0,0.0
quality_one_sided_Q_A_topsis_0_1,2,True,0.0,0.0
quality_regular_Q_A_topsis_0_1,1,True,0.0,0.0
quality_one_sided_Q_A_topsis_0_1,2,True,0.0,0.0
quality_regular_Q_A_topsis_0_1,1,True,0.0,0.0
quality_one_sided_Q_A_topsis_0_1,2,True,0.0,0.0
quality_regular_Q_A_topsis_0_1,1,True,0.0,0.0
quality_one_sided_Q_A_topsis_0_1,2,True,0.0,0.0
quality_regular_Q_A_topsis_0_1,1,True,0.0,0.0
quality_one_sided_Q_A_topsis_0_1,2,True,0.0,0.0
quality_regular_Q_A_topsis_0_1,1,True,0.0,0.0
quality_one_sided_Q_A_topsis_0_1,2,True,0.0,0.0
quality_regular_Q_A_topsis_0_1,1,True,0.0,0.0
quality_one_sided_Q_A_topsis_0_1,2,True,0.0,0.0
quality_regular_Q_A_topsis_0_1,1,True,0.0,0.0
quality_one_sided_Q_A_topsis_0_1,2,True,0.0,0.0
quality_regular_Q_A_topsis_0_1,1,True,0.0,0.0
quality_one_sided_Q_A_topsis_0_1,2,True,0.0,0.0
quality_regular_Q_A_topsis_0_1,1,True,0.0,0.0
quality_one_sided_Q_A_topsis_0_1,2,True,0.0,0.0
quality_regular_Q_A_topsis_0_1,1,True,0.0,0.0
quality_one_sided_Q_A_topsis_0_1,2,True,0.0,0.0
quality_regular_Q_A_topsis_0_1,1,True,0.0,0.0
quality_one_sided_Q_A_topsis_0_1,2,True,0.0,0.0
quality_regular_Q_A_topsis_0_1,1,True,0.0,0.0
quality_one_sided_Q_A_topsis_0_1,2,True,0.0,0.0
quality_regular_Q_A_topsis_0_1,1,True,0.0,0.0
quality_one_sided_Q_A_topsis_0_1,2,True,0.0,0.0
quality_regular_Q_A_topsis_0_1,1,True,0.0,0.0
quality_one_sided_Q_A_topsis_0_1,2,True,0.0,0.0
quality_regular_Q_A_topsis_0_1,1,True,0.0,0.0
quality_one_sided_Q_A_topsis_0_1,2,True,0.0,0.0
quality_regular_Q_A_topsis_0_1,1,True,0.0,0.0
quality_one_sided_Q_A_topsis_0_1,2,True,0.0,0.0
quality_regular_Q_A_topsis_0_1,1,True,0.0,0.0
quality_one_sided_Q_A_topsis_0_1,2,True,0.0,0.0
quality_regular_Q_A_topsis_0_1,1,True,0.0,0.0
quality_one_sided_Q_A_topsis_0_1,2,True,0.0,0.0
quality_regular_Q_A_topsis_0_1,1,True,0.0,0.0
quality_one_sided_Q_A_topsis_0_1,2,True,0.0,0.0
quality_regular_Q_A_topsis_0_1,1,True,0.0,0.0
quality_one_sided_Q_A_topsis_0_1,2,True,0.0,0.0
quality_regular_Q_A_topsis_0_1,1,True,0.0,0.0
quality_one_sided_Q_A_topsis_0_1,2,True,0.0,0.0
quality_regular_Q_A_topsis_0_1,1,True,0.0,0.0
quality_one_sided_Q_A_topsis_0_1,2,True,0.0,0.0
quality_regular_Q_A_topsis_0_1,1,True,0.0,0.0
quality_one_sided_Q_A_topsis_0_1,2,True,0.0,0.0
quality_regular_Q_A_topsis_0_1,1,True,0.0,0.0
quality_one_sided_Q_A_topsis_0_1,2,True,0.0,0.0
quality_regular_Q_A_topsis_0_1,1,True,0.0,0.0
quality_one_sided_Q_A_topsis_0_1,2,True,0.0,0.0
quality_regular_Q_A_topsis_0_1,1,True,0.0,0.0
quality_one_sided_Q_A_topsis_0_1,2,True,0.0,0.0
quality_regular_Q_A_topsis_0_1,1,True,0.0,0.0
quality_one_sided_Q_A_topsis_0_1,2,True,0.0,0.0
quality_regular_Q_A_topsis_0_1,1,True,0.0,0.0
quality_one_sided_Q_A_topsis_0_1,2,True,0.0,0.0
quality_regular_Q_A_topsis_0_1,1,True,0.0,0.0
quality_one_sided_Q_A_topsis_0_1,2,True,0.0,0.0
quality_regular_Q_A_topsis_0_1,1,True,0.0,0.0
quality_one_sided_Q_A_topsis_0_1,2,True,0.0,0.0
quality_regular_Q_A_topsis_0_1,1,True,0.0,0.0
quality_one_sided_Q_A_topsis_0_1,2,True,0.0,0.0
quality_regular_Q_A_topsis_0_1,1,True,0.0,0.0
quality_one_sided_Q_A_topsis_0_1,2,True,0.0,0.0
quality_regular_Q_A_topsis_0_1,1,True,0.0,0.0
quality_one_sided_Q_A_topsis_0_1,2,True,0.0,0.0
quality_regular_Q_A_topsis_0_1,1,True,0.0,0.0
quality_one_sided_Q_A_topsis_0_1,2,True,0.0,0.0
quality_regular_Q_A_topsis_0_1,1,True,0.0,0.0
quality_one_sided_Q_A_topsis_0_1,2,True,0.0,0.0
quality_regular_Q_A_topsis_0_1,1,True,0.0,0.0
quality_one_sided_Q_A_topsis_0_1,2,True,0.0,0.0
quality_regular_Q_A_topsis_0_1,1,True,0.0,0.0
quality_one_sided_Q_A_topsis_0_1,2,True,0.0,0.0
quality_regular_Q_A_topsis_0_1,1,True,0.0,0.0
quality_one_sided_Q_A_topsis_0_1,2,True,0.0,0.0
quality_regular_Q_A_topsis_0_1,1,True,0.0,0.0
quality_one_sided_Q_A_topsis_0_1,2,True,0.0,0.0
quality_regular_Q_A_topsis_0_1,1,True,0.0,0.0
quality_one_sided_Q_A_topsis_0_1,2,True,0.0,0.0
quality_regular_Q_A_topsis_0_1,1,True,0.0,0.0
quality_one_sided_Q_A_topsis_0_1,2,True,0.0,0.0
quality_regular_Q_A_topsis_0_1,1,True,0.0,0.0
quality_one_sided_Q_A_topsis_0_1,2,True,0.0,0.0
quality_regular_Q_A_topsis_0_1,1,True,0.0,0.0
quality_one_sided_Q_A_topsis_0_1,2,True,0.0,0.0
quality_regular_Q_A_topsis_0_1,1,True,0.0,0.0
quality_one_sided_Q_A_topsis_0_1,2,True,0.0,0.0
quality_regular_Q_A_topsis_0_1,1,True,0.0,0.0
quality_one_sided_Q_A_topsis_0_1,2,True,0.0,0.0
quality_regular_Q_A_topsis_0_1,1,True,0.0,0.0
quality_one_sided_Q_A_topsis_0_1,2,True,0.0,0.0
quality_regular_Q_A_topsis_0_1,1,True,0.0,0.0
quality_one_sided_Q_A_topsis_0_1,2,True,0.0,0.0
quality_regular_Q_A_topsis_0_1,1,True,0.0,0.0
quality_one_sided_Q_A_topsis_0_1,2,True,0.0,0.0
quality_regular_Q_A_topsis_0_1,1,True,0.0,0.0
quality_one_sided_Q_A_topsis_0_1,2,True,0.0,0.0
quality_regular_Q_A_topsis_0_1,1,True,0.0,0.0
quality_one_sided_Q_A_topsis_0_1,2,True,0.0,0.0
quality_regular_Q_A_topsis_0_1,1,True,0.0,0.0
quality_one_sided_Q_A_topsis_0_1,2,True,0.0,0.0
quality_regular_Q_A_topsis_0_1,1,True,0.0,0.0
quality_one_sided_Q_A_topsis_0_1,2,True,0.0,0.0
quality_regular_Q_A_topsis_0_1,1,True,0.0,0.0
quality_one_sided_Q_A_topsis_0_1,2,True,0.0,0.0
quality_regular_Q_A_topsis_0_1,1,True,0.0,0.0
quality_one_sided_Q_A_topsis_0_1,2,True,0.0,0.0
quality_regular_Q_A_topsis_0_1,1,True,0.0,0.0
quality_one_sided_Q_A_topsis_0_1,2,True,0.0,0.0
quality_regular_Q_A_topsis_0_1,1,True,0.0,0.0
quality_one_sided_Q_A_topsis_0_1,2,True,0.0,0.0
quality_regular_Q_A_topsis_0_1,1,True,0.0,0.0
quality_one_sided_Q_A_topsis_0_1,2,True,0.0,0.0
quality_regular_Q_A_topsis_0_1,1,True,0.0,0.0
quality_one_sided_Q_A_topsis_0_1,2,True,0.0,0.0
quality_regular_Q_A_topsis_0_1,1,True,0.0,0.0
quality_one_sided_Q_A_topsis_0_1,2,True,0.0,0.0
quality_regular_Q_A_topsis_0_1,1,True,0.0,0.0
quality_one_sided_Q_A_topsis_0_1,2,True,0.0,0.0
quality_regular_Q_A_topsis_0_1,1,True,0.0,0.0
quality_one_sided_Q_A_topsis_0_1,2,True,0.0,0.0
quality_regular_Q_A_topsis_0_1,1,True,0.0,0.0
quality_one_sided_Q_A_topsis_0_1,2,True,0.0,0.0
quality_regular_Q_A_topsis_0_1,1,True,0.0,0.0
quality_one_sided_Q_A_topsis_0_1,2,True,0.0,0.0
quality_regular_Q_A_topsis_0_1,1,True,0.0,0.0
quality_one_sided_Q_A_topsis_0_1,2,True,0.0,0.0
quality_regular_Q_A_topsis_0_1,1,True,0.0,0.0
quality_one_sided_Q_A_topsis_0_1,2,True,0.0,0.0
quality_regular_Q_A_topsis_0_1,1,True,0.0,0.0
quality_one_sided_Q_A_topsis_0_1,2,True,0.0,0.0
quality_regular_Q_A_topsis_0_1,1,True,0.0,0.0
quality_one_sided_Q_A_topsis_0_1,2,True,0.0,0.0
quality_regular_Q_A_topsis_0_1,1,True,0.0,0.0
quality_one_sided_Q_A_topsis_0_1,2,True,0.0,0.0
quality_regular_Q_A_topsis_0_1,1,True,0.0,0.0
quality_one_sided_Q_A_topsis_0_1,2,True,0.0,0.0
quality_regular_Q_A_topsis_0_1,1,True,0.0,0.0
quality_one_sided_Q_A_topsis_0_1,2,True,0.0,0.0
quality_regular_Q_A_topsis_0_1,1,True,0.0,0.0
quality_one_sided_Q_A_topsis_0_1,2,True,0.0,0.0
quality_regular_Q_A_topsis_0_1,1,True,0.0,0.0
quality_one_sided_Q_A_topsis_0_1,2,True,0.0,0.0
quality_regular_Q_A_topsis_0_1,1,True,0.0,0.0
quality_one_sided_Q_A_topsis_0_1,2,True,0.0,0.0
quality_regular_Q_A_topsis_0_1,1,True,0.0,0.0
quality_one_sided_Q_A_topsis_0_1,2,True,0.0,0.0
quality_regular_Q_A_topsis_0_1,1,True,0.0,0.0
quality_one_sided_Q_A_topsis_0_1,2,True,0.0,0.0
quality_regular_Q_A_topsis_0_1,1,True,0.0,0.0
quality_one_sided_Q_A_topsis_0_1,2,True,0.0,0.0
quality_regular_Q_A_topsis_0_1,1,True,0.0,0.0
quality_one_sided_Q_A_topsis_0_1,2,True,0.0,0.0
quality_regular_Q_A_topsis_0_1,1,True,0.0,0.0
quality_one_sided_Q_A_topsis_0_1,2,True,0.0,0.0
quality_regular_Q_A_topsis_0_1,1,True,0.0,0.0
quality_one_sided_Q_A_topsis_0_1,2,True,0.0,0.0
quality_regular_Q_A_topsis_0_1,1,True,0.0,0.0
quality_one_sided_Q_A_topsis_0_1,2,True,0.0,0.0
quality_regular_Q_A_topsis_0_1,1,True,0.0,0.0
quality_one_sided_Q_A_topsis_0_1,2,True,0.0,0.0
quality_regular_Q_A_topsis_0_1,1,True,0.0,0.0
quality_one_sided_Q_A_topsis_0_1,2,True,0.0,0.0
quality_regular_Q_A_topsis_0_1,1,True,0.0,0.0
quality_one_sided_Q_A_topsis_0_1,2,True,0.0,0.0
quality_regular_Q_A_topsis_0_1,1,True,0.0,0.0
quality_one_sided_Q_A_topsis_0_1,2,True,0.0,0.0
quality_regular_Q_A_topsis_0_1,1,True,0.0,0.0
quality_one_sided_Q_A_topsis_0_1,2,True,0.0,0.0
quality_regular_Q_A_topsis_0_1,1,True,0.0,0.0
quality_one_sided_Q_A_topsis_0_1,2,True,0.0,0.0
quality_regular_Q_A_topsis_0_1,1,True,0.0,0.0
quality_one_sided_Q_A_topsis_0_1,2,True,0.0,0.0
quality_regular_Q_A_topsis_0_1,1,True,0.0,0.0
quality_one_sided_Q_A_topsis_0_1,2,True,0.0,0.0
quality_regular_Q_A_topsis_0_1,1,True,0.0,0.0
quality_one_sided_Q_A_topsis_0_1,2,True,0.0,0.0
quality_regular_Q_A_topsis_0_1,1,True,0.0,0.0
quality_one_sided_Q_A_topsis_0_1,2,True,0.0,0.0
quality_regular_Q_A_topsis_0_1,1,True,0.0,0.0
quality_one_sided_Q_A_topsis_0_1,2,True,0.0,0.0
quality_regular_Q_A_topsis_0_1,1,True,0.0,0.0
quality_one_sided_Q_A_topsis_0_1,2,True,0.0,0.0
quality_regular_Q_A_topsis_0_1,1,True,0.0,0.0
quality_one_sided_Q_A_topsis_0_1,2,True,0.0,0.0
quality_regular_Q_A_topsis_0_1,1,True,0.0,0.0
quality_one_sided_Q_A_topsis_0_1,2,True,0.0,0.0
quality_regular_Q_A_topsis_0_1,1,True,0.0,0.0
quality_one_sided_Q_A_topsis_0_1,2,True,0.0,0.0
quality_regular_Q_A_topsis_0_1,1,True,0.0,0.0
quality_one_sided_Q_A_topsis_0_1,2,True,0.0,0.0
quality_regular_Q_A_topsis_0_1,1,True,0.0,0.0
quality_one_sided_Q_A_topsis_0_1,2,True,0.0,0.0
quality_regular_Q_A_topsis_0_1,1,True,0.0,0.0
quality_one_sided_Q_A_topsis_0_1,2,True,0.0,0.0
quality_regular_Q_A_topsis_0_1,1,True,0.0,0.0
quality_one_sided_Q_A_topsis_0_1,2,True,0.0,0.0
quality_regular_Q_A_topsis_0_1,1,True,0.0,0.0
quality_one_sided_Q_A_topsis_0_1,2,True,0.0,0.0
quality_regular_Q_A_topsis_0_1,1,True,0.0,0.0
quality_one_sided_Q_A_topsis_0_1,2,True,0.0,0.0
quality_regular_Q_A_topsis_0_1,1,True,0.0,0.0
quality_one_sided_Q_A_topsis_0_1,2,True,0.0,0.0
quality_regular_Q_A_topsis_0_1,1,True,0.0,0.0
quality_one_sided_Q_A_topsis_0_1,2,True,0.0,0.0
quality_regular_Q_A_topsis_0_1,1,True,0.0,0.0
quality_one_sided_Q_A_topsis_0_1,2,True,0.0,0.0
quality_regular_Q_A_topsis_0_1,1,True,0.0,0.0
quality_one_sided_Q_A_topsis_0_1,2,True,0.0,0.0
quality_regular_Q_A_topsis_0_1,1,True,0.0,0.0
quality_one_sided_Q_A_topsis_0_1,2,True,0.0,0.0
quality_regular_Q_A_topsis_0_1,1,True,0.0,0.0
quality_one_sided_Q_A_topsis_0_1,2,True,0.0,0.0
quality_regular_Q_A_topsis_0_1,1,True,0.0,0.0
quality_one_sided_Q_A_topsis_0_1,2,True,0.0,0.0
quality_regular_Q_A_topsis_0_1,1,True,0.0,0.0
quality_one_sided_Q_A_topsis_0_1,2,True,0.0,0.0
quality_regular_Q_A_topsis_0_1,1,True,0.0,0.0
quality_one_sided_Q_A_topsis_0_1,2,True,0.0,0.0
quality_regular_Q_A_topsis_0_1,1,True,0.0,0.0
quality_one_sided_Q_A_topsis_0_1,2,True,0.0,0.0
quality_regular_Q_A_topsis_0_1,1,True,0.0,0.0
quality_one_sided_Q_A_topsis_0_1,2,True,0.0,0.0
quality_regular_Q_A_topsis_0_1,1,True,0.0,0.0
quality_one_sided_Q_A_topsis_0_1,2,True,0.0,0.0
quality_regular_Q_A_topsis_0_1,1,True,0.0,0.0
quality_one_sided_Q_A_topsis_0_1,2,True,0.0,0.0
quality_regular_Q_A_topsis_0_1,1,True,0.0,0.0
quality_one_sided_Q_A_topsis_0_1,2,True,0.0,0.0
quality_regular_Q_A_topsis_0_1,1,True,0.0,0.0
quality_one_sided_Q_A_topsis_0_1,2,True,0.0,0.0
quality_regular_Q_A_topsis_0_1,1,True,0.0,0.0
quality_one_sided_Q_A_topsis_0_1,2,True,0.0,0.0
quality_regular_Q_A_topsis_0_1,1,True,0.0,0.0
quality_one_sided_Q_A_topsis_0_1,2,True,0.0,0.0
quality_regular_Q_A_topsis_0_1,1,True,0.0,0.0
quality_one_sided_Q_A_topsis_0_1,2,True,0.0,0.0
quality_regular_Q_A_topsis_0_1,1,True,0.0,0.0
quality_one_sided_Q_A_topsis_0_1,2,True,0.0,0.0
quality_regular_Q_A_topsis_0_1,1,True,0.0,0.0
quality_one_sided_Q_A_topsis_0_1,2,True,0.0,0.0
quality_regular_Q_A_topsis_0_1,1,True,0.0,0.0
quality_one_sided_Q_A_topsis_0_1,2,True,0.0,0.0
quality_regular_Q_A_topsis_0_1,1,True,0.0,0.0
quality_one_sided_Q_A_topsis_0_1,2,True,1.5156764732182637e-11,5.772963706613963e-06
quality_one_sided_Q_A_topsis_0_1,2,True,1.5156764732182637e-11,5.772963706613963e-06
quality_regular_Q_A_topsis_0_1,1,True,1.5156764732182637e-11,5.772963706613963e-06
quality_one_sided_Q_A_topsis_0_1,2,True,3.3999314474897346e-10,0.000129497826205997
quality_regular_Q_A_topsis_0_1,1,True,1.6241807898609295e-10,6.186238896311294e-05
quality_one_sided_Q_A_topsis_0_1,2,True,1.5156764732182637e-11,5.772963706613963e-06
quality_regular_Q_A_topsis_0_1,1,True,1.5156764732182637e-11,5.772963706613963e-06
quality_one_sided_Q_A_topsis_0_1,2,True,1.5156764732182637e-11,5.772963706613963e-06
quality_regular_Q_A_topsis_0_1,1,True,1.5156764732182637e-11,5.772963706613963e-06
quality_one_sided_Q_A_topsis_0_1,2,True,3.3999314474897346e-10,0.000129497826205997
quality_regular_Q_A_topsis_0_1,1,True,1.6241807898609295e-10,6.186238896311294e-05
quality_one_sided_Q_A_topsis_0_1,2,True,1.5156764732182637e-11,5.772963706613963e-06
quality_regular_Q_A_topsis_0_1,1,True,1.5156764732182637e-11,5.772963706613963e-06
quality_one_sided_Q_A_topsis_0_1,2,True,1.5156764732182637e-11,5.772963706613963e-06
quality_regular_Q_A_topsis_0_1,1,True,1.5156764732182637e-11,5.772963706613963e-06
quality_one_sided_Q_A_topsis_0_1,2,True,1.5156764732182637e-11,5.772963706613963e-06
quality_regular_Q_A_topsis_0_1,1,True,1.5156764732182637e-11,5.772963706613963e-06
quality_one_sided_Q_A_topsis_0_1,2,True,1.5156764732182637e-11,5.772963706613963e-06
quality_regular_Q_A_topsis_0_1,1,True,1.5156764732182637e-11,5.772963706613963e-06
quality_one_sided_Q_A_topsis_0_1,2,True,1.5156764732182637e-11,5.772963706613963e-06
quality_regular_Q_A_topsis_0_1,1,True,1.5156764732182637e-11,5.772963706613963e-06
quality_one_sided_Q_A_topsis_0_1,2,True,3.3999314474897346e-10,0.000129497826205997
quality_regular_Q_A_topsis_0_1,1,True,1.6241807898609295e-10,6.186238896311294e-05
quality_one_sided_Q_A_topsis_0_1,2,True,1.5156764732182637e-11,5.772963706613963e-06
quality_regular_Q_A_topsis_0_1,1,True,1.5156764732182637e-11,5.772963706613963e-06
quality_one_sided_Q_A_topsis_0_1,2,True,1.5156764732182637e-11,5.772963706613963e-06
quality_regular_Q_A_topsis_0_1,1,True,1.5156764732182637e-11,5.772963706613963e-06
quality_one_sided_Q_A_topsis_0_1,2,True,1.5156764732182637e-11,5.772963706613963e-06
quality_regular_Q_A_topsis_0_1,1,True,1.5156764732182637e-11,5.772963706613963e-06
quality_one_sided_Q_A_topsis_0_1,2,True,1.5156764732182637e-11,5.772963706613963e-06
quality_regular_Q_A_topsis_0_1,1,True,1.5156764732182637e-11,5.772963706613963e-06
quality_one_sided_Q_A_topsis_0_1,2,True,1.5156764732182637e-11,5.772963706613963e-06
quality_regular_Q_A_topsis_0_1,1,True,1.5156764732182637e-11,5.772963706613963e-06
quality_one_sided_Q_A_topsis_0_1,2,True,1.5156764732182637e-11,5.772963706613963e-06
quality_regular_Q_A_topsis_0_1,1,True,1.5156764732182637e-11,5.772963706613963e-06
quality_one_sided_Q_A_topsis_0_1,2,True,1.5156764732182637e-11,5.772963706613963e-06
quality_regular_Q_A_topsis_0_1,1,True,1.5156764732182637e-11,5.772963706613963e-06
quality_one_sided_Q_A_topsis_0_1,2,True,1.5156764732182637e-11,5.772963706613963e-06
quality_regular_Q_A_topsis_0_1,1,True,1.5156764732182637e-11,5.772963706613963e-06
quality_one_sided_Q_A_topsis_0_1,2,True,3.3999314474897346e-10,0.000129497826205997
quality_regular_Q_A_topsis_0_1,1,True,1.6241807898609295e-10,6.186238896311294e-05
quality_one_sided_Q_A_topsis_0_1,2,True,1.5156764732182637e-11,5.772963706613963e-06
quality_regular_Q_A_topsis_0_1,1,True,1.5156764732182637e-11,5.772963706613963e-06
quality_one_sided_Q_A_topsis_0_1,2,True,1.5156764732182637e-11,5.772963706613963e-06
quality_regular_Q_A_topsis_0_1,1,True,1.5156764732182637e-11,5.772963706613963e-06
quality_one_sided_Q_A_topsis_0_1,2,True,3.3999314474897346e-10,0.000129497826205997
quality_regular_Q_A_topsis_0_1,1,True,1.6241807898609295e-10,6.186238896311294e-05
quality_one_sided_Q_A_topsis_0_1,2,True,1.5156764732182637e-11,5.772963706613963e-06
quality_regular_Q_A_topsis_0_1,1,True,1.5156764732182637e-11,5.772963706613963e-06
quality_one_sided_Q_A_topsis_0_1,2,True,1.5156764732182637e-11,5.772963706613963e-06
quality_regular_Q_A_topsis_0_1,1,True,1.5156764732182637e-11,5.772963706613963e-06
quality_one_sided_Q_A_topsis_0_1,2,True,1.5156764732182637e-11,5.772963706613963e-06
quality_regular_Q_A_topsis_0_1,1,True,1.5156764732182637e-11,5.772963706613963e-06
quality_one_sided_Q_A_topsis_0_1,2,True,3.3999314474897346e-10,0.000129497826205997
quality_regular_Q_A_topsis_0_1,1,True,1.6241807898609295e-10,6.186238896311294e-05
quality_one_sided_Q_A_topsis_0_1,2,True,1.5156764732182637e-11,5.772963706613963e-06
quality_regular_Q_A_topsis_0_1,1,True,1.5156764732182637e-11,5.772963706613963e-06
quality_one_sided_Q_A_topsis_0_1,2,True,3.3999314474897346e-10,0.000129497826205997
quality_regular_Q_A_topsis_0_1,1,True,1.6241807898609295e-10,6.186238896311294e-05
quality_one_sided_Q_A_topsis_0_1,2,True,1.5156764732182637e-11,5.772963706613963e-06
quality_regular_Q_A_topsis_0_1,1,True,1.5156764732182637e-11,5.772963706613963e-06
quality_one_sided_Q_A_topsis_0_1,2,True,1.5156764732182637e-11,5.772963706613963e-06
quality_regular_Q_A_topsis_0_1,1,True,1.5156764732182637e-11,5.772963706613963e-06
quality_one_sided_Q_A_topsis_0_1,2,True,1.5156764732182637e-11,5.772963706613963e-06
quality_regular_Q_A_topsis_0_1,1,True,1.5156764732182637e-11,5.772963706613963e-06
quality_one_sided_Q_A_topsis_0_1,2,True,1.5156764732182637e-11,5.772963706613963e-06
quality_regular_Q_A_topsis_0_1,1,True,1.5156764732182637e-11,5.772963706613963e-06
quality_one_sided_Q_A_topsis_0_1,2,True,1.5156764732182637e-11,5.772963706613963e-06
quality_regular_Q_A_topsis_0_1,1,True,1.5156764732182637e-11,5.772963706613963e-06
quality_one_sided_Q_A_topsis_0_1,2,True,1.5156764732182637e-11,5.772963706613963e-06
quality_regular_Q_A_topsis_0_1,1,True,1.5156764732182637e-11,5.772963706613963e-06
quality_one_sided_Q_A_topsis_0_1,2,True,3.3999314474897346e-10,0.000129497826205997
quality_regular_Q_A_topsis_0_1,1,True,1.6241807898609295e-10,6.186238896311294e-05
quality_one_sided_Q_A_topsis_0_1,2,True,1.5156764732182637e-11,5.772963706613963e-06
quality_regular_Q_A_topsis_0_1,1,True,1.5156764732182637e-11,5.772963706613963e-06
quality_one_sided_Q_A_topsis_0_1,2,True,1.5156764732182637e-11,5.772963706613963e-06
quality_regular_Q_A_topsis_0_1,1,True,1.5156764732182637e-11,5.772963706613963e-06
quality_one_sided_Q_A_topsis_0_1,2,True,1.5156764732182637e-11,5.772963706613963e-06
quality_regular_Q_A_topsis_0_1,1,True,1.5156764732182637e-11,5.772963706613963e-06
quality_one_sided_Q_A_topsis_0_1,2,True,1.5156764732182637e-11,5.772963706613963e-06
quality_regular_Q_A_topsis_0_1,1,True,1.5156764732182637e-11,5.772963706613963e-06
quality_one_sided_Q_A_topsis_0_1,2,True,1.5156764732182637e-11,5.772963706613963e-06
quality_regular_Q_A_topsis_0_1,1,True,1.5156764732182637e-11,5.772963706613963e-06
quality_one_sided_Q_A_topsis_0_1,2,True,3.3999314474897346e-10,0.000129497826205997
quality_regular_Q_A_topsis_0_1,1,True,1.6241807898609295e-10,6.186238896311294e-05
quality_one_sided_Q_A_topsis_0_1,2,True,1.5156764732182637e-11,5.772963706613963e-06
quality_regular_Q_A_topsis_0_1,1,True,1.5156764732182637e-11,5.772963706613963e-06
quality_one_sided_Q_A_topsis_0_1,2,True,1.5156764732182637e-11,5.772963706613963e-06
quality_regular_Q_A_topsis_0_1,1,True,1.5156764732182637e-11,5.772963706613963e-06
quality_one_sided_Q_A_topsis_0_1,2,True,3.3999314474897346e-10,0.000129497826205997
quality_regular_Q_A_topsis_0_1,1,True,1.6241807898609295e-10,6.186238896311294e-05
quality_one_sided_Q_A_topsis_0_1,2,True,1.5156764732182637e-11,5.772963706613963e-06
quality_regular_Q_A_topsis_0_1,1,True,1.5156764732182637e-11,5.772963706613963e-06
quality_one_sided_Q_A_topsis_0_1,2,True,1.5156764732182637e-11,5.772963706613963e-06
quality_regular_Q_A_topsis_0_1,1,True,1.5156764732182637e-11,5.772963706613963e-06
quality_one_sided_Q_A_topsis_0_1,2,True,1.5156764732182637e-11,5.772963706613963e-06
quality_regular_Q_A_topsis_0_1,1,True,1.5156764732182637e-11,5.772963706613963e-06
quality_one_sided_Q_A_topsis_0_1,2,True,1.5156764732182637e-11,5.772963706613963e-06
quality_regular_Q_A_topsis_0_1,1,True,1.5156764732182637e-11,5.772963706613963e-06
quality_one_sided_Q_A_topsis_0_1,2,True,1.5156764732182637e-11,5.772963706613963e-06
quality_regular_Q_A_topsis_0_1,1,True,1.5156764732182637e-11,5.772963706613963e-06
quality_one_sided_Q_A_topsis_0_1,2,True,1.5156764732182637e-11,5.772963706613963e-06
quality_regular_Q_A_topsis_0_1,1,True,1.5156764732182637e-11,5.772963706613963e-06
quality_one_sided_Q_A_topsis_0_1,2,True,1.5156764732182637e-11,5.772963706613963e-06
quality_regular_Q_A_topsis_0_1,1,True,1.5156764732182637e-11,5.772963706613963e-06
quality_one_sided_Q_A_topsis_0_1,2,True,1.5156764732182637e-11,5.772963706613963e-06
quality_regular_Q_A_topsis_0_1,1,True,1.5156764732182637e-11,5.772963706613963e-06
quality_one_sided_Q_A_topsis_0_1,2,True,3.3999314474897346e-10,0.000129497826205997
quality_regular_Q_A_topsis_0_1,1,True,1.6241807898609295e-10,6.186238896311294e-05
quality_one_sided_Q_A_topsis_0_1,2,True,1.5156764732182637e-11,5.772963706613963e-06
quality_regular_Q_A_topsis_0_1,1,True,1.5156764732182637e-11,5.772963706613963e-06
quality_one_sided_Q_A_topsis_0_1,2,True,1.5156764732182637e-11,5.772963706613963e-06
quality_regular_Q_A_topsis_0_1,1,True,1.5156764732182637e-11,5.772963706613963e-06
quality_one_sided_Q_A_topsis_0_1,2,True,1.5156764732182637e-11,5.772963706613963e-06
quality_regular_Q_A_topsis_0_1,1,True,1.5156764732182637e-11,5.772963706613963e-06
quality_one_sided_Q_A_topsis_0_1,2,True,3.3999314474897346e-10,0.000129497826205997
quality_regular_Q_A_topsis_0_1,1,True,1.6241807898609295e-10,6.186238896311294e-05
quality_one_sided_Q_A_topsis_0_1,2,True,1.5156764732182637e-11,5.772963706613963e-06
quality_regular_Q_A_topsis_0_1,1,True,1.5156764732182637e-11,5.772963706613963e-06
quality_one_sided_Q_A_topsis_0_1,2,True,1.5156764732182637e-11,5.772963706613963e-06
quality_regular_Q_A_topsis_0_1,1,True,1.5156764732182637e-11,5.772963706613963e-06
quality_one_sided_Q_A_topsis_0_1,2,True,1.5156764732182637e-11,5.772963706613963e-06
quality_regular_Q_A_topsis_0_1,1,True,1.5156764732182637e-11,5.772963706613963e-06
quality_one_sided_Q_A_topsis_0_1,2,True,1.5156764732182637e-11,5.772963706613963e-06
quality_regular_Q_A_topsis_0_1,1,True,1.5156764732182637e-11,5.772963706613963e-06
quality_one_sided_Q_A_topsis_0_1,2,True,1.5156764732182637e-11,5.772963706613963e-06
quality_regular_Q_A_topsis_0_1,1,True,1.5156764732182637e-11,5.772963706613963e-06
quality_one_sided_Q_A_topsis_0_1,2,True,1.5156764732182637e-11,5.772963706613963e-06
quality_regular_Q_A_topsis_0_1,1,True,1.5156764732182637e-11,5.772963706613963e-06
quality_one_sided_Q_A_topsis_0_1,2,True,1.5156764732182637e-11,5.772963706613963e-06
quality_regular_Q_A_topsis_0_1,1,True,1.5156764732182637e-11,5.772963706613963e-06
quality_one_sided_Q_A_topsis_0_1,2,True,1.5156764732182637e-11,5.772963706613963e-06
quality_regular_Q_A_topsis_0_1,1,True,1.5156764732182637e-11,5.772963706613963e-06
quality_one_sided_Q_A_topsis_0_1,2,True,3.3999314474897346e-10,0.000129497826205997
quality_regular_Q_A_topsis_0_1,1,True,1.6241807898609295e-10,6.186238896311294e-05
quality_one_sided_Q_A_topsis_0_1,2,True,1.5156764732182637e-11,5.772963706613963e-06
quality_regular_Q_A_topsis_0_1,1,True,1.5156764732182637e-11,5.772963706613963e-06
quality_one_sided_Q_A_topsis_0_1,2,True,1.5156764732182637e-11,5.772963706613963e-06
quality_regular_Q_A_topsis_0_1,1,True,1.5156764732182637e-11,5.772963706613963e-06
quality_one_sided_Q_A_topsis_0_1,2,True,1.5156764732182637e-11,5.772963706613963e-06
quality_regular_Q_A_topsis_0_1,1,True,1.5156764732182637e-11,5.772963706613963e-06
quality_one_sided_Q_A_topsis_0_1,2,True,1.5156764732182637e-11,5.772963706613963e-06
quality_regular_Q_A_topsis_0_1,1,True,1.5156764732182637e-11,5.772963706613963e-06
quality_one_sided_Q_A_topsis_0_1,2,True,1.5156764732182637e-11,5.772963706613963e-06
quality_regular_Q_A_topsis_0_1,1,True,1.5156764732182637e-11,5.772963706613963e-06
quality_one_sided_Q_A_topsis_0_1,2,True,1.5156764732182637e-11,5.772963706613963e-06
quality_regular_Q_A_topsis_0_1,1,True,1.5156764732182637e-11,5.772963706613963e-06
quality_one_sided_Q_A_topsis_0_1,2,True,1.5156764732182637e-11,5.772963706613963e-06
quality_regular_Q_A_topsis_0_1,1,True,1.5156764732182637e-11,5.772963706613963e-06
quality_one_sided_Q_A_topsis_0_1,2,True,1.5156764732182637e-11,5.772963706613963e-06
quality_regular_Q_A_topsis_0_1,1,True,1.5156764732182637e-11,5.772963706613963e-06
quality_one_sided_Q_A_topsis_0_1,2,True,3.3999314474897346e-10,0.000129497826205997
quality_regular_Q_A_topsis_0_1,1,True,1.6241807898609295e-10,6.186238896311294e-05
quality_one_sided_Q_A_topsis_0_1,2,True,1.5156764732182637e-11,5.772963706613963e-06
quality_regular_Q_A_topsis_0_1,1,True,1.5156764732182637e-11,5.772963706613963e-06
quality_one_sided_Q_A_topsis_0_1,2,True,1.5156764732182637e-11,5.772963706613963e-06
quality_regular_Q_A_topsis_0_1,1,True,1.5156764732182637e-11,5.772963706613963e-06
quality_one_sided_Q_A_topsis_0_1,2,True,1.5156764732182637e-11,5.772963706613963e-06
quality_regular_Q_A_topsis_0_1,1,True,1.5156764732182637e-11,5.772963706613963e-06
quality_one_sided_Q_A_topsis_0_1,2,True,1.5156764732182637e-11,5.772963706613963e-06
quality_regular_Q_A_topsis_0_1,1,True,1.5156764732182637e-11,5.772963706613963e-06
quality_one_sided_Q_A_topsis_0_1,2,True,1.5156764732182637e-11,5.772963706613963e-06
quality_regular_Q_A_topsis_0_1,1,True,1.5156764732182637e-11,5.772963706613963e-06
quality_one_sided_Q_A_topsis_0_1,2,True,1.5156764732182637e-11,5.772963706613963e-06
quality_regular_Q_A_topsis_0_1,1,True,1.5156764732182637e-11,5.772963706613963e-06
quality_one_sided_Q_A_topsis_0_1,2,True,1.5156764732182637e-11,5.772963706613963e-06
quality_regular_Q_A_topsis_0_1,1,True,1.5156764732182637e-11,5.772963706613963e-06
quality_one_sided_Q_A_topsis_0_1,2,True,1.5156764732182637e-11,5.772963706613963e-06
quality_regular_Q_A_topsis_0_1,1,True,1.5156764732182637e-11,5.772963706613963e-06
quality_one_sided_Q_A_topsis_0_1,2,True,3.3999314474897346e-10,0.000129497826205997
quality_regular_Q_A_topsis_0_1,1,True,1.6241807898609295e-10,6.186238896311294e-05
quality_one_sided_Q_A_topsis_0_1,2,True,1.5156764732182637e-11,5.772963706613963e-06
quality_regular_Q_A_topsis_0_1,1,True,1.5156764732182637e-11,5.772963706613963e-06
quality_one_sided_Q_A_topsis_0_1,2,True,1.5156764732182637e-11,5.772963706613963e-06
quality_regular_Q_A_topsis_0_1,1,True,1.5156764732182637e-11,5.772963706613963e-06
quality_one_sided_Q_A_topsis_0_1,2,True,1.5156764732182637e-11,5.772963706613963e-06
quality_regular_Q_A_topsis_0_1,1,True,1.5156764732182637e-11,5.772963706613963e-06
quality_one_sided_Q_A_topsis_0_1,2,True,1.5156764732182637e-11,5.772963706613963e-06
quality_regular_Q_A_topsis_0_1,1,True,1.5156764732182637e-11,5.772963706613963e-06
quality_one_sided_Q_A_topsis_0_1,2,True,1.5156764732182637e-11,5.772963706613963e-06
quality_regular_Q_A_topsis_0_1,1,True,1.5156764732182637e-11,5.772963706613963e-06
quality_one_sided_Q_A_topsis_0_1,2,True,1.5156764732182637e-11,5.772963706613963e-06
quality_regular_Q_A_topsis_0_1,1,True,1.5156764732182637e-11,5.772963706613963e-06
quality_one_sided_Q_A_topsis_0_1,2,True,1.5156764732182637e-11,5.772963706613963e-06
quality_regular_Q_A_topsis_0_1,1,True,1.5156764732182637e-11,5.772963706613963e-06
quality_one_sided_Q_A_topsis_0_1,2,True,1.5156764732182637e-11,5.772963706613963e-06
quality_regular_Q_A_topsis_0_1,1,True,1.5156764732182637e-11,5.772963706613963e-06
quality_one_sided_Q_A_topsis_0_1,2,True,1.5156764732182637e-11,5.772963706613963e-06
quality_regular_Q_A_topsis_0_1,1,True,1.5156764732182637e-11,5.772963706613963e-06
quality_one_sided_Q_A_topsis_0_1,2,True,1.5156764732182637e-11,5.772963706613963e-06
quality_regular_Q_A_topsis_0_1,1,True,1.5156764732182637e-11,5.772963706613963e-06
quality_one_sided_Q_A_topsis_0_1,2,True,1.5156764732182637e-11,5.772963706613963e-06
quality_regular_Q_A_topsis_0_1,1,True,1.5156764732182637e-11,5.772963706613963e-06
quality_one_sided_Q_A_topsis_0_1,2,True,1.5156764732182637e-11,5.772963706613963e-06
quality_regular_Q_A_topsis_0_1,1,True,1.5156764732182637e-11,5.772963706613963e-06
quality_one_sided_Q_A_topsis_0_1,2,True,3.3999314474897346e-10,0.000129497826205997
quality_regular_Q_A_topsis_0_1,1,True,1.6241807898609295e-10,6.186238896311294e-05
quality_one_sided_Q_A_topsis_0_1,2,True,1.5156764732182637e-11,5.772963706613963e-06
quality_regular_Q_A_topsis_0_1,1,True,1.5156764732182637e-11,5.772963706613963e-06
quality_one_sided_Q_A_topsis_0_1,2,True,1.5156764732182637e-11,5.772963706613963e-06
quality_one_sided_Q_A_topsis_0_1,2,True,0.0,0.0
quality_regular_Q_A_topsis_0_1,1,True,0.0,0.0
quality_one_sided_Q_A_topsis_0_1,2,True,0.0,0.0
quality_regular_Q_A_topsis_0_1,1,True,0.0,0.0
quality_one_sided_Q_A_topsis_0_1,2,True,0.0,0.0
quality_regular_Q_A_topsis_0_1,1,True,0.0,0.0
quality_one_sided_Q_A_topsis_0_1,2,True,0.0,0.0
quality_regular_Q_A_topsis_0_1,1,True,0.0,0.0
quality_one_sided_Q_A_topsis_0_1,2,True,0.0,0.0
quality_regular_Q_A_topsis_0_1,1,True,0.0,0.0
quality_one_sided_Q_A_topsis_0_1,2,True,0.0,0.0
quality_regular_Q_A_topsis_0_1,1,True,0.0,0.0
quality_one_sided_Q_A_topsis_0_1,2,True,0.0,0.0
quality_regular_Q_A_topsis_0_1,1,True,0.0,0.0
quality_one_sided_Q_A_topsis_0_1,2,True,0.0,0.0
quality_regular_Q_A_topsis_0_1,1,True,0.0,0.0
quality_one_sided_Q_A_topsis_0_1,2,True,0.0,0.0
quality_regular_Q_A_topsis_0_1,1,True,0.0,0.0
quality_one_sided_Q_A_topsis_0_1,2,True,0.0,0.0
quality_regular_Q_A_topsis_0_1,1,True,0.0,0.0
quality_one_sided_Q_A_topsis_0_1,2,True,0.0,0.0
quality_regular_Q_A_topsis_0_1,1,True,0.0,0.0
quality_one_sided_Q_A_topsis_0_1,2,True,0.0,0.0
quality_regular_Q_A_topsis_0_1,1,True,0.0,0.0
quality_one_sided_Q_A_topsis_0_1,2,True,0.0,0.0
quality_regular_Q_A_topsis_0_1,1,True,0.0,0.0
quality_one_sided_Q_A_topsis_0_1,2,True,0.0,0.0
quality_regular_Q_A_topsis_0_1,1,True,0.0,0.0
quality_one_sided_Q_A_topsis_0_1,2,True,0.0,0.0
quality_regular_Q_A_topsis_0_1,1,True,0.0,0.0
quality_one_sided_Q_A_topsis_0_1,2,True,0.0,0.0
quality_regular_Q_A_topsis_0_1,1,True,0.0,0.0
quality_one_sided_Q_A_topsis_0_1,2,True,0.0,0.0
quality_regular_Q_A_topsis_0_1,1,True,0.0,0.0
quality_one_sided_Q_A_topsis_0_1,2,True,0.0,0.0
quality_regular_Q_A_topsis_0_1,1,True,0.0,0.0
quality_one_sided_Q_A_topsis_0_1,2,True,0.0,0.0
quality_regular_Q_A_topsis_0_1,1,True,0.0,0.0
quality_one_sided_Q_A_topsis_0_1,2,True,0.0,0.0
quality_regular_Q_A_topsis_0_1,1,True,0.0,0.0
quality_one_sided_Q_A_topsis_0_1,2,True,3.0313529464365274e-11,5.795036050805455e-06
quality_one_sided_Q_A_topsis_0_1,2,True,3.248361579721859e-10,6.209891356487639e-05
quality_regular_Q_A_topsis_0_1,1,True,1.4726131425391031e-10,2.815193875703547e-05
quality_one_sided_Q_A_topsis_0_1,2,True,3.0313529464365274e-11,5.795036050805455e-06
quality_regular_Q_A_topsis_0_1,1,True,3.0313529464365274e-11,5.795036050805455e-06
quality_one_sided_Q_A_topsis_0_1,2,True,3.0313529464365274e-11,5.795036050805455e-06
quality_regular_Q_A_topsis_0_1,1,True,3.0313529464365274e-11,5.795036050805455e-06
quality_one_sided_Q_A_topsis_0_1,2,True,3.248361579721859e-10,6.209891356487639e-05
quality_regular_Q_A_topsis_0_1,1,True,1.4726131425391031e-10,2.815193875703547e-05
quality_one_sided_Q_A_topsis_0_1,2,True,3.0313529464365274e-11,5.795036050805455e-06
quality_regular_Q_A_topsis_0_1,1,True,3.0313529464365274e-11,5.795036050805455e-06
quality_one_sided_Q_A_topsis_0_1,2,True,3.0313529464365274e-11,5.795036050805455e-06
quality_regular_Q_A_topsis_0_1,1,True,3.0313529464365274e-11,5.795036050805455e-06
quality_one_sided_Q_A_topsis_0_1,2,True,3.0313529464365274e-11,5.795036050805455e-06
quality_regular_Q_A_topsis_0_1,1,True,3.0313529464365274e-11,5.795036050805455e-06
quality_one_sided_Q_A_topsis_0_1,2,True,3.248361579721859e-10,6.209891356487639e-05
quality_regular_Q_A_topsis_0_1,1,True,1.4726131425391031e-10,2.815193875703547e-05
quality_one_sided_Q_A_topsis_0_1,2,True,3.0313529464365274e-11,5.795036050805455e-06
quality_regular_Q_A_topsis_0_1,1,True,3.0313529464365274e-11,5.795036050805455e-06
quality_one_sided_Q_A_topsis_0_1,2,True,3.248361579721859e-10,6.209891356487639e-05
quality_regular_Q_A_topsis_0_1,1,True,1.4726131425391031e-10,2.815193875703547e-05
quality_one_sided_Q_A_topsis_0_1,2,True,3.0313529464365274e-11,5.795036050805455e-06
quality_regular_Q_A_topsis_0_1,1,True,3.0313529464365274e-11,5.795036050805455e-06
quality_one_sided_Q_A_topsis_0_1,2,True,3.248361579721859e-10,6.209891356487639e-05
quality_regular_Q_A_topsis_0_1,1,True,1.4726131425391031e-10,2.815193875703547e-05
quality_one_sided_Q_A_topsis_0_1,2,True,3.248361579721859e-10,6.209891356487639e-05
quality_regular_Q_A_topsis_0_1,1,True,1.4726131425391031e-10,2.815193875703547e-05
quality_one_sided_Q_A_topsis_0_1,2,True,3.0313529464365274e-11,5.795036050805455e-06
quality_regular_Q_A_topsis_0_1,1,True,3.0313529464365274e-11,5.795036050805455e-06
quality_one_sided_Q_A_topsis_0_1,2,True,3.248361579721859e-10,6.209891356487639e-05
quality_regular_Q_A_topsis_0_1,1,True,1.4726131425391031e-10,2.815193875703547e-05
quality_one_sided_Q_A_topsis_0_1,2,True,3.0313529464365274e-11,5.795036050805455e-06
quality_regular_Q_A_topsis_0_1,1,True,3.0313529464365274e-11,5.795036050805455e-06
quality_one_sided_Q_A_topsis_0_1,2,True,3.0313529464365274e-11,5.795036050805455e-06
quality_regular_Q_A_topsis_0_1,1,True,3.0313529464365274e-11,5.795036050805455e-06
quality_one_sided_Q_A_topsis_0_1,2,True,3.0313529464365274e-11,5.795036050805455e-06
quality_regular_Q_A_topsis_0_1,1,True,3.0313529464365274e-11,5.795036050805455e-06
quality_one_sided_Q_A_topsis_0_1,2,True,3.0313529464365274e-11,5.795036050805455e-06
quality_regular_Q_A_topsis_0_1,1,True,3.0313529464365274e-11,5.795036050805455e-06
quality_one_sided_Q_A_topsis_0_1,2,True,3.0313529464365274e-11,5.795036050805455e-06
quality_regular_Q_A_topsis_0_1,1,True,3.0313529464365274e-11,5.795036050805455e-06
quality_one_sided_Q_A_topsis_0_1,2,True,3.248361579721859e-10,6.209891356487639e-05
quality_regular_Q_A_topsis_0_1,1,True,1.4726131425391031e-10,2.815193875703547e-05
quality_one_sided_Q_A_topsis_0_1,2,True,3.0313529464365274e-11,5.795036050805455e-06
quality_regular_Q_A_topsis_0_1,1,True,3.0313529464365274e-11,5.795036050805455e-06
quality_one_sided_Q_A_topsis_0_1,2,True,3.0313529464365274e-11,5.795036050805455e-06
quality_regular_Q_A_topsis_0_1,1,True,3.0313529464365274e-11,5.795036050805455e-06
quality_one_sided_Q_A_topsis_0_1,2,True,3.248361579721859e-10,6.209891356487639e-05
quality_regular_Q_A_topsis_0_1,1,True,1.4726131425391031e-10,2.815193875703547e-05
quality_one_sided_Q_A_topsis_0_1,2,True,3.0313529464365274e-11,5.795036050805455e-06
quality_regular_Q_A_topsis_0_1,1,True,3.0313529464365274e-11,5.795036050805455e-06
quality_one_sided_Q_A_topsis_0_1,2,True,3.248361579721859e-10,6.209891356487639e-05
quality_regular_Q_A_topsis_0_1,1,True,1.4726131425391031e-10,2.815193875703547e-05
quality_one_sided_Q_A_topsis_0_1,2,True,3.0313529464365274e-11,5.795036050805455e-06
quality_regular_Q_A_topsis_0_1,1,True,3.0313529464365274e-11,5.795036050805455e-06
quality_one_sided_Q_A_topsis_0_1,2,True,3.0313529464365274e-11,5.795036050805455e-06
quality_regular_Q_A_topsis_0_1,1,True,3.0313529464365274e-11,5.795036050805455e-06
quality_one_sided_Q_A_topsis_0_1,2,True,3.0313529464365274e-11,5.795036050805455e-06
quality_regular_Q_A_topsis_0_1,1,True,3.0313529464365274e-11,5.795036050805455e-06
quality_one_sided_Q_A_topsis_0_1,2,True,3.0313529464365274e-11,5.795036050805455e-06
quality_regular_Q_A_topsis_0_1,1,True,3.0313529464365274e-11,5.795036050805455e-06
quality_one_sided_Q_A_topsis_0_1,2,True,3.0313529464365274e-11,5.795036050805455e-06
quality_regular_Q_A_topsis_0_1,1,True,3.0313529464365274e-11,5.795036050805455e-06
quality_one_sided_Q_A_topsis_0_1,2,True,3.248361579721859e-10,6.209891356487639e-05
quality_regular_Q_A_topsis_0_1,1,True,1.4726131425391031e-10,2.815193875703547e-05
quality_one_sided_Q_A_topsis_0_1,2,True,3.0313529464365274e-11,5.795036050805455e-06
quality_regular_Q_A_topsis_0_1,1,True,3.0313529464365274e-11,5.795036050805455e-06
quality_one_sided_Q_A_topsis_0_1,2,True,3.0313529464365274e-11,5.795036050805455e-06
quality_regular_Q_A_topsis_0_1,1,True,3.0313529464365274e-11,5.795036050805455e-06
quality_one_sided_Q_A_topsis_0_1,2,True,3.248361579721859e-10,6.209891356487639e-05
quality_regular_Q_A_topsis_0_1,1,True,1.4726131425391031e-10,2.815193875703547e-05
quality_one_sided_Q_A_topsis_0_1,2,True,3.0313529464365274e-11,5.795036050805455e-06
quality_regular_Q_A_topsis_0_1,1,True,3.0313529464365274e-11,5.795036050805455e-06
quality_one_sided_Q_A_topsis_0_1,2,True,3.248361579721859e-10,6.209891356487639e-05
quality_regular_Q_A_topsis_0_1,1,True,1.4726131425391031e-10,2.815193875703547e-05
quality_one_sided_Q_A_topsis_0_1,2,True,3.0313529464365274e-11,5.795036050805455e-06
quality_regular_Q_A_topsis_0_1,1,True,3.0313529464365274e-11,5.795036050805455e-06
quality_one_sided_Q_A_topsis_0_1,2,True,3.0313529464365274e-11,5.795036050805455e-06
quality_regular_Q_A_topsis_0_1,1,True,3.0313529464365274e-11,5.795036050805455e-06
quality_one_sided_Q_A_topsis_0_1,2,True,3.0313529464365274e-11,5.795036050805455e-06
quality_regular_Q_A_topsis_0_1,1,True,3.0313529464365274e-11,5.795036050805455e-06
quality_one_sided_Q_A_topsis_0_1,2,True,3.0313529464365274e-11,5.795036050805455e-06
quality_regular_Q_A_topsis_0_1,1,True,3.0313529464365274e-11,5.795036050805455e-06
quality_one_sided_Q_A_topsis_0_1,2,True,3.0313529464365274e-11,5.795036050805455e-06
quality_regular_Q_A_topsis_0_1,1,True,3.0313529464365274e-11,5.795036050805455e-06
quality_one_sided_Q_A_topsis_0_1,2,True,3.248361579721859e-10,6.209891356487639e-05
quality_regular_Q_A_topsis_0_1,1,True,1.4726131425391031e-10,2.815193875703547e-05
quality_one_sided_Q_A_topsis_0_1,2,True,3.248361579721859e-10,6.209891356487639e-05
quality_regular_Q_A_topsis_0_1,1,True,1.4726131425391031e-10,2.815193875703547e-05
quality_one_sided_Q_A_topsis_0_1,2,True,3.0313529464365274e-11,5.795036050805455e-06
quality_regular_Q_A_topsis_0_1,1,True,3.0313529464365274e-11,5.795036050805455e-06
quality_one_sided_Q_A_topsis_0_1,2,True,3.248361579721859e-10,6.209891356487639e-05
quality_regular_Q_A_topsis_0_1,1,True,1.4726131425391031e-10,2.815193875703547e-05
quality_one_sided_Q_A_topsis_0_1,2,True,3.0313529464365274e-11,5.795036050805455e-06
quality_regular_Q_A_topsis_0_1,1,True,3.0313529464365274e-11,5.795036050805455e-06
quality_one_sided_Q_A_topsis_0_1,2,True,3.0313529464365274e-11,5.795036050805455e-06
quality_regular_Q_A_topsis_0_1,1,True,3.0313529464365274e-11,5.795036050805455e-06
quality_one_sided_Q_A_topsis_0_1,2,True,3.0313529464365274e-11,5.795036050805455e-06
quality_regular_Q_A_topsis_0_1,1,True,3.0313529464365274e-11,5.795036050805455e-06
quality_one_sided_Q_A_topsis_0_1,2,True,3.0313529464365274e-11,5.795036050805455e-06
quality_regular_Q_A_topsis_0_1,1,True,3.0313529464365274e-11,5.795036050805455e-06
quality_one_sided_Q_A_topsis_0_1,2,True,3.0313529464365274e-11,5.795036050805455e-06
quality_regular_Q_A_topsis_0_1,1,True,3.0313529464365274e-11,5.795036050805455e-06
quality_one_sided_Q_A_topsis_0_1,2,True,3.0313529464365274e-11,5.795036050805455e-06
quality_regular_Q_A_topsis_0_1,1,True,3.0313529464365274e-11,5.795036050805455e-06
quality_one_sided_Q_A_topsis_0_1,2,True,3.0313529464365274e-11,5.795036050805455e-06
quality_regular_Q_A_topsis_0_1,1,True,3.0313529464365274e-11,5.795036050805455e-06
quality_one_sided_Q_A_topsis_0_1,2,True,3.0313529464365274e-11,5.795036050805455e-06
quality_regular_Q_A_topsis_0_1,1,True,3.0313529464365274e-11,5.795036050805455e-06
quality_one_sided_Q_A_topsis_0_1,2,True,3.248361579721859e-10,6.209891356487639e-05
quality_regular_Q_A_topsis_0_1,1,True,1.4726131425391031e-10,2.815193875703547e-05
quality_one_sided_Q_A_topsis_0_1,2,True,3.0313529464365274e-11,5.795036050805455e-06
quality_regular_Q_A_topsis_0_1,1,True,3.0313529464365274e-11,5.795036050805455e-06
quality_one_sided_Q_A_topsis_0_1,2,True,3.248361579721859e-10,6.209891356487639e-05
quality_regular_Q_A_topsis_0_1,1,True,1.4726131425391031e-10,2.815193875703547e-05
quality_one_sided_Q_A_topsis_0_1,2,True,3.0313529464365274e-11,5.795036050805455e-06
quality_regular_Q_A_topsis_0_1,1,True,3.0313529464365274e-11,5.795036050805455e-06
quality_one_sided_Q_A_topsis_0_1,2,True,3.0313529464365274e-11,5.795036050805455e-06
quality_regular_Q_A_topsis_0_1,1,True,3.0313529464365274e-11,5.795036050805455e-06
quality_one_sided_Q_A_topsis_0_1,2,True,3.0313529464365274e-11,5.795036050805455e-06
quality_regular_Q_A_topsis_0_1,1,True,3.0313529464365274e-11,5.795036050805455e-06
quality_one_sided_Q_A_topsis_0_1,2,True,3.0313529464365274e-11,5.795036050805455e-06
quality_regular_Q_A_topsis_0_1,1,True,3.0313529464365274e-11,5.795036050805455e-06
quality_one_sided_Q_A_topsis_0_1,2,True,3.0313529464365274e-11,5.795036050805455e-06
quality_regular_Q_A_topsis_0_1,1,True,3.0313529464365274e-11,5.795036050805455e-06
quality_one_sided_Q_A_topsis_0_1,2,True,3.248361579721859e-10,6.209891356487639e-05
quality_regular_Q_A_topsis_0_1,1,True,1.4726131425391031e-10,2.815193875703547e-05
quality_one_sided_Q_A_topsis_0_1,2,True,3.248361579721859e-10,6.209891356487639e-05
quality_regular_Q_A_topsis_0_1,1,True,1.4726131425391031e-10,2.815193875703547e-05
quality_one_sided_Q_A_topsis_0_1,2,True,3.0313529464365274e-11,5.795036050805455e-06
quality_regular_Q_A_topsis_0_1,1,True,3.0313529464365274e-11,5.795036050805455e-06
quality_one_sided_Q_A_topsis_0_1,2,True,3.248361579721859e-10,6.209891356487639e-05
quality_regular_Q_A_topsis_0_1,1,True,1.4726131425391031e-10,2.815193875703547e-05
quality_one_sided_Q_A_topsis_0_1,2,True,3.0313529464365274e-11,5.795036050805455e-06
quality_regular_Q_A_topsis_0_1,1,True,3.0313529464365274e-11,5.795036050805455e-06
quality_one_sided_Q_A_topsis_0_1,2,True,3.248361579721859e-10,6.209891356487639e-05
quality_regular_Q_A_topsis_0_1,1,True,1.4726131425391031e-10,2.815193875703547e-05
quality_one_sided_Q_A_topsis_0_1,2,True,3.248361579721859e-10,6.209891356487639e-05
quality_regular_Q_A_topsis_0_1,1,True,1.4726131425391031e-10,2.815193875703547e-05
quality_one_sided_Q_A_topsis_0_1,2,True,3.0313529464365274e-11,5.795036050805455e-06
quality_regular_Q_A_topsis_0_1,1,True,3.0313529464365274e-11,5.795036050805455e-06
quality_one_sided_Q_A_topsis_0_1,2,True,3.0313529464365274e-11,5.795036050805455e-06
quality_regular_Q_A_topsis_0_1,1,True,3.0313529464365274e-11,5.795036050805455e-06
quality_one_sided_Q_A_topsis_0_1,2,True,3.0313529464365274e-11,5.795036050805455e-06
quality_regular_Q_A_topsis_0_1,1,True,3.0313529464365274e-11,5.795036050805455e-06
quality_one_sided_Q_A_topsis_0_1,2,True,3.0313529464365274e-11,5.795036050805455e-06
quality_regular_Q_A_topsis_0_1,1,True,3.0313529464365274e-11,5.795036050805455e-06
quality_one_sided_Q_A_topsis_0_1,2,True,3.0313529464365274e-11,5.795036050805455e-06
quality_regular_Q_A_topsis_0_1,1,True,3.0313529464365274e-11,5.795036050805455e-06
quality_one_sided_Q_A_topsis_0_1,2,True,3.248361579721859e-10,6.209891356487639e-05
quality_regular_Q_A_topsis_0_1,1,True,1.4726131425391031e-10,2.815193875703547e-05
quality_one_sided_Q_A_topsis_0_1,2,True,3.0313529464365274e-11,5.795036050805455e-06
quality_regular_Q_A_topsis_0_1,1,True,3.0313529464365274e-11,5.795036050805455e-06
quality_one_sided_Q_A_topsis_0_1,2,True,3.248361579721859e-10,6.209891356487639e-05
quality_regular_Q_A_topsis_0_1,1,True,1.4726131425391031e-10,2.815193875703547e-05
quality_one_sided_Q_A_topsis_0_1,2,True,3.0313529464365274e-11,5.795036050805455e-06
quality_regular_Q_A_topsis_0_1,1,True,3.0313529464365274e-11,5.795036050805455e-06
quality_one_sided_Q_A_topsis_0_1,2,True,3.0313529464365274e-11,5.795036050805455e-06
quality_regular_Q_A_topsis_0_1,1,True,3.0313529464365274e-11,5.795036050805455e-06
quality_one_sided_Q_A_topsis_0_1,2,True,3.0313529464365274e-11,5.795036050805455e-06
quality_regular_Q_A_topsis_0_1,1,True,3.0313529464365274e-11,5.795036050805455e-06
quality_one_sided_Q_A_topsis_0_1,2,True,3.0313529464365274e-11,5.795036050805455e-06
quality_regular_Q_A_topsis_0_1,1,True,3.0313529464365274e-11,5.795036050805455e-06
quality_one_sided_Q_A_topsis_0_1,2,True,3.0313529464365274e-11,5.795036050805455e-06
quality_regular_Q_A_topsis_0_1,1,True,3.0313529464365274e-11,5.795036050805455e-06
quality_one_sided_Q_A_topsis_0_1,2,True,3.0313529464365274e-11,5.795036050805455e-06
quality_regular_Q_A_topsis_0_1,1,True,3.0313529464365274e-11,5.795036050805455e-06
quality_one_sided_Q_A_topsis_0_1,2,True,3.248361579721859e-10,6.209891356487639e-05
quality_regular_Q_A_topsis_0_1,1,True,1.4726131425391031e-10,2.815193875703547e-05
quality_one_sided_Q_A_topsis_0_1,2,True,3.0313529464365274e-11,5.795036050805455e-06
quality_regular_Q_A_topsis_0_1,1,True,3.0313529464365274e-11,5.795036050805455e-06
quality_one_sided_Q_A_topsis_0_1,2,True,3.248361579721859e-10,6.209891356487639e-05
quality_regular_Q_A_topsis_0_1,1,True,1.4726131425391031e-10,2.815193875703547e-05
quality_one_sided_Q_A_topsis_0_1,2,True,3.0313529464365274e-11,5.795036050805455e-06
quality_regular_Q_A_topsis_0_1,1,True,3.0313529464365274e-11,5.795036050805455e-06
quality_one_sided_Q_A_topsis_0_1,2,True,3.248361579721859e-10,6.209891356487639e-05
quality_regular_Q_A_topsis_0_1,1,True,1.4726131425391031e-10,2.815193875703547e-05
quality_one_sided_Q_A_topsis_0_1,2,True,3.0313529464365274e-11,5.795036050805455e-06
quality_regular_Q_A_topsis_0_1,1,True,3.0313529464365274e-11,5.795036050805455e-06
quality_one_sided_Q_A_topsis_0_1,2,True,3.0313529464365274e-11,5.795036050805455e-06
quality_regular_Q_A_topsis_0_1,1,True,3.0313529464365274e-11,5.795036050805455e-06
quality_one_sided_Q_A_topsis_0_1,2,True,3.0313529464365274e-11,5.795036050805455e-06
quality_regular_Q_A_topsis_0_1,1,True,3.0313529464365274e-11,5.795036050805455e-06
quality_one_sided_Q_A_topsis_0_1,2,True,3.0313529464365274e-11,5.795036050805455e-06
quality_regular_Q_A_topsis_0_1,1,True,3.0313529464365274e-11,5.795036050805455e-06
quality_one_sided_Q_A_topsis_0_1,2,True,3.0313529464365274e-11,5.795036050805455e-06
quality_regular_Q_A_topsis_0_1,1,True,3.0313529464365274e-11,5.795036050805455e-06
quality_one_sided_Q_A_topsis_0_1,2,True,3.0313529464365274e-11,5.795036050805455e-06
quality_regular_Q_A_topsis_0_1,1,True,3.0313529464365274e-11,5.795036050805455e-06
quality_one_sided_Q_A_topsis_0_1,2,True,3.248361579721859e-10,6.209891356487639e-05
quality_regular_Q_A_topsis_0_1,1,True,1.4726131425391031e-10,2.815193875703547e-05
quality_one_sided_Q_A_topsis_0_1,2,True,3.0313529464365274e-11,5.795036050805455e-06
quality_regular_Q_A_topsis_0_1,1,True,3.0313529464365274e-11,5.795036050805455e-06
quality_one_sided_Q_A_topsis_0_1,2,True,3.248361579721859e-10,6.209891356487639e-05
quality_regular_Q_A_topsis_0_1,1,True,1.4726131425391031e-10,2.815193875703547e-05
quality_one_sided_Q_A_topsis_0_1,2,True,3.0313529464365274e-11,5.795036050805455e-06
quality_regular_Q_A_topsis_0_1,1,True,3.0313529464365274e-11,5.795036050805455e-06
quality_one_sided_Q_A_topsis_0_1,2,True,3.248361579721859e-10,6.209891356487639e-05
quality_regular_Q_A_topsis_0_1,1,True,1.4726131425391031e-10,2.815193875703547e-05
quality_one_sided_Q_A_topsis_0_1,2,True,3.0313529464365274e-11,5.795036050805455e-06
quality_one_sided_Q_A_topsis_0_1,2,True,0.0,0.0
quality_regular_Q_A_topsis_0_1,1,True,0.0,0.0
quality_one_sided_Q_A_topsis_0_1,2,True,0.0,0.0
quality_regular_Q_A_topsis_0_1,1,True,0.0,0.0
quality_one_sided_Q_A_topsis_0_1,2,True,0.0,0.0
quality_regular_Q_A_topsis_0_1,1,True,0.0,0.0
quality_one_sided_Q_A_topsis_0_1,2,True,0.0,0.0
quality_regular_Q_A_topsis_0_1,1,True,0.0,0.0
quality_one_sided_Q_A_topsis_0_1,2,True,0.0,0.0
quality_regular_Q_A_topsis_0_1,1,True,0.0,0.0
quality_one_sided_Q_A_topsis_0_1,2,True,0.0,0.0
quality_regular_Q_A_topsis_0_1,1,True,0.0,0.0
quality_one_sided_Q_A_topsis_0_1,2,True,0.0,0.0
quality_regular_Q_A_topsis_0_1,1,True,0.0,0.0
quality_one_sided_Q_A_topsis_0_1,2,True,0.0,0.0
quality_regular_Q_A_topsis_0_1,1,True,0.0,0.0
quality_one_sided_Q_A_topsis_0_1,2,True,0.0,0.0
quality_regular_Q_A_topsis_0_1,1,True,0.0,0.0
quality_one_sided_Q_A_topsis_0_1,2,True,0.0,0.0
quality_regular_Q_A_topsis_0_1,1,True,0.0,0.0
Q_loading_path_Q_A_topsis_0_1,17,True,3.1086244689504383e-15,6.993887917382561e-09
Q_path_convex_minus_Q_A_topsis_0_1,17,True,4.163336342344337e-17,2.4467929240263637e-10
Q_path_convex_plus_Q_A_topsis_0_1,17,True,4.163336342344337e-17,1.6820607593352109e-10
Q_fixed_residual_predictor_Q_A_topsis_0_1,1,True,3.0313529464365274e-11,5.795036050805455e-06
Q_path_residual_zero_Q_A_topsis_0_1,17,True,9.524207865516804e-17,4.762103932758402e-09
quality_one_sided_quality_score_soft_proxy_0_1,2,True,0.0,0.0
quality_regular_quality_score_soft_proxy_0_1,1,True,0.0,0.0
quality_one_sided_quality_score_soft_proxy_0_1,2,True,0.0,0.0
quality_regular_quality_score_soft_proxy_0_1,1,True,0.0,0.0
quality_one_sided_quality_score_soft_proxy_0_1,2,True,0.0,0.0
quality_regular_quality_score_soft_proxy_0_1,1,True,0.0,0.0
quality_one_sided_quality_score_soft_proxy_0_1,2,True,0.0,0.0
quality_regular_quality_score_soft_proxy_0_1,1,True,0.0,0.0
quality_one_sided_quality_score_soft_proxy_0_1,2,True,0.0,0.0
quality_regular_quality_score_soft_proxy_0_1,1,True,0.0,0.0
quality_one_sided_quality_score_soft_proxy_0_1,2,True,0.0,0.0
quality_regular_quality_score_soft_proxy_0_1,1,True,0.0,0.0
quality_one_sided_quality_score_soft_proxy_0_1,2,True,0.0,0.0
quality_regular_quality_score_soft_proxy_0_1,1,True,0.0,0.0
quality_one_sided_quality_score_soft_proxy_0_1,2,True,0.0,0.0
quality_regular_quality_score_soft_proxy_0_1,1,True,0.0,0.0
quality_one_sided_quality_score_soft_proxy_0_1,2,True,0.0,0.0
quality_regular_quality_score_soft_proxy_0_1,1,True,0.0,0.0
quality_one_sided_quality_score_soft_proxy_0_1,2,True,0.0,0.0
quality_regular_quality_score_soft_proxy_0_1,1,True,0.0,0.0
quality_one_sided_quality_score_soft_proxy_0_1,2,True,0.0,0.0
quality_regular_quality_score_soft_proxy_0_1,1,True,0.0,0.0
quality_one_sided_quality_score_soft_proxy_0_1,2,True,0.0,0.0
quality_regular_quality_score_soft_proxy_0_1,1,True,0.0,0.0
quality_one_sided_quality_score_soft_proxy_0_1,2,True,0.0,0.0
quality_regular_quality_score_soft_proxy_0_1,1,True,0.0,0.0
quality_one_sided_quality_score_soft_proxy_0_1,2,True,0.0,0.0
quality_regular_quality_score_soft_proxy_0_1,1,True,0.0,0.0
quality_one_sided_quality_score_soft_proxy_0_1,2,True,0.0,0.0
quality_regular_quality_score_soft_proxy_0_1,1,True,0.0,0.0
quality_one_sided_quality_score_soft_proxy_0_1,2,True,0.0,0.0
quality_regular_quality_score_soft_proxy_0_1,1,True,0.0,0.0
quality_one_sided_quality_score_soft_proxy_0_1,2,True,0.0,0.0
quality_regular_quality_score_soft_proxy_0_1,1,True,0.0,0.0
quality_one_sided_quality_score_soft_proxy_0_1,2,True,0.0,0.0
quality_regular_quality_score_soft_proxy_0_1,1,True,0.0,0.0
quality_one_sided_quality_score_soft_proxy_0_1,2,True,0.0,0.0
quality_regular_quality_score_soft_proxy_0_1,1,True,0.0,0.0
quality_one_sided_quality_score_soft_proxy_0_1,2,True,0.0,0.0
quality_regular_quality_score_soft_proxy_0_1,1,True,0.0,0.0
quality_one_sided_quality_score_soft_proxy_0_1,2,True,0.0,0.0
quality_regular_quality_score_soft_proxy_0_1,1,True,0.0,0.0
quality_one_sided_quality_score_soft_proxy_0_1,2,True,0.0,0.0
quality_regular_quality_score_soft_proxy_0_1,1,True,0.0,0.0
quality_one_sided_quality_score_soft_proxy_0_1,2,True,0.0,0.0
quality_regular_quality_score_soft_proxy_0_1,1,True,0.0,0.0
quality_one_sided_quality_score_soft_proxy_0_1,2,True,0.0,0.0
quality_regular_quality_score_soft_proxy_0_1,1,True,0.0,0.0
quality_one_sided_quality_score_soft_proxy_0_1,2,True,0.0,0.0
quality_regular_quality_score_soft_proxy_0_1,1,True,0.0,0.0
quality_one_sided_quality_score_soft_proxy_0_1,2,True,0.0,0.0
quality_regular_quality_score_soft_proxy_0_1,1,True,0.0,0.0
quality_one_sided_quality_score_soft_proxy_0_1,2,True,0.0,0.0
quality_regular_quality_score_soft_proxy_0_1,1,True,0.0,0.0
quality_one_sided_quality_score_soft_proxy_0_1,2,True,0.0,0.0
quality_regular_quality_score_soft_proxy_0_1,1,True,0.0,0.0
quality_one_sided_quality_score_soft_proxy_0_1,2,True,0.0,0.0
quality_regular_quality_score_soft_proxy_0_1,1,True,0.0,0.0
quality_one_sided_quality_score_soft_proxy_0_1,2,True,0.0,0.0
quality_regular_quality_score_soft_proxy_0_1,1,True,0.0,0.0
quality_one_sided_quality_score_soft_proxy_0_1,2,True,0.0,0.0
quality_regular_quality_score_soft_proxy_0_1,1,True,0.0,0.0
quality_one_sided_quality_score_soft_proxy_0_1,2,True,0.0,0.0
quality_regular_quality_score_soft_proxy_0_1,1,True,0.0,0.0
quality_one_sided_quality_score_soft_proxy_0_1,2,True,0.0,0.0
quality_regular_quality_score_soft_proxy_0_1,1,True,0.0,0.0
quality_one_sided_quality_score_soft_proxy_0_1,2,True,0.0,0.0
quality_regular_quality_score_soft_proxy_0_1,1,True,0.0,0.0
quality_one_sided_quality_score_soft_proxy_0_1,2,True,0.0,0.0
quality_regular_quality_score_soft_proxy_0_1,1,True,0.0,0.0
quality_one_sided_quality_score_soft_proxy_0_1,2,True,0.0,0.0
quality_regular_quality_score_soft_proxy_0_1,1,True,0.0,0.0
quality_one_sided_quality_score_soft_proxy_0_1,2,True,0.0,0.0
quality_regular_quality_score_soft_proxy_0_1,1,True,0.0,0.0
quality_one_sided_quality_score_soft_proxy_0_1,2,True,0.0,0.0
quality_regular_quality_score_soft_proxy_0_1,1,True,0.0,0.0
quality_one_sided_quality_score_soft_proxy_0_1,2,True,0.0,0.0
quality_regular_quality_score_soft_proxy_0_1,1,True,0.0,0.0
quality_one_sided_quality_score_soft_proxy_0_1,2,True,0.0,0.0
quality_regular_quality_score_soft_proxy_0_1,1,True,0.0,0.0
quality_one_sided_quality_score_soft_proxy_0_1,2,True,0.0,0.0
quality_regular_quality_score_soft_proxy_0_1,1,True,0.0,0.0
quality_one_sided_quality_score_soft_proxy_0_1,2,True,0.0,0.0
quality_regular_quality_score_soft_proxy_0_1,1,True,0.0,0.0
quality_one_sided_quality_score_soft_proxy_0_1,2,True,0.0,0.0
quality_regular_quality_score_soft_proxy_0_1,1,True,0.0,0.0
quality_one_sided_quality_score_soft_proxy_0_1,2,True,0.0,0.0
quality_regular_quality_score_soft_proxy_0_1,1,True,0.0,0.0
quality_one_sided_quality_score_soft_proxy_0_1,2,True,0.0,0.0
quality_regular_quality_score_soft_proxy_0_1,1,True,0.0,0.0
quality_one_sided_quality_score_soft_proxy_0_1,2,True,0.0,0.0
quality_regular_quality_score_soft_proxy_0_1,1,True,0.0,0.0
quality_one_sided_quality_score_soft_proxy_0_1,2,True,0.0,0.0
quality_regular_quality_score_soft_proxy_0_1,1,True,0.0,0.0
quality_one_sided_quality_score_soft_proxy_0_1,2,True,0.0,0.0
quality_regular_quality_score_soft_proxy_0_1,1,True,0.0,0.0
quality_one_sided_quality_score_soft_proxy_0_1,2,True,0.0,0.0
quality_regular_quality_score_soft_proxy_0_1,1,True,0.0,0.0
quality_one_sided_quality_score_soft_proxy_0_1,2,True,0.0,0.0
quality_regular_quality_score_soft_proxy_0_1,1,True,0.0,0.0
quality_one_sided_quality_score_soft_proxy_0_1,2,True,0.0,0.0
quality_regular_quality_score_soft_proxy_0_1,1,True,0.0,0.0
quality_one_sided_quality_score_soft_proxy_0_1,2,True,0.0,0.0
quality_regular_quality_score_soft_proxy_0_1,1,True,0.0,0.0
quality_one_sided_quality_score_soft_proxy_0_1,2,True,0.0,0.0
quality_regular_quality_score_soft_proxy_0_1,1,True,0.0,0.0
quality_one_sided_quality_score_soft_proxy_0_1,2,True,0.0,0.0
quality_regular_quality_score_soft_proxy_0_1,1,True,0.0,0.0
quality_one_sided_quality_score_soft_proxy_0_1,2,True,0.0,0.0
quality_regular_quality_score_soft_proxy_0_1,1,True,0.0,0.0
quality_one_sided_quality_score_soft_proxy_0_1,2,True,0.0,0.0
quality_regular_quality_score_soft_proxy_0_1,1,True,0.0,0.0
quality_one_sided_quality_score_soft_proxy_0_1,2,True,0.0,0.0
quality_regular_quality_score_soft_proxy_0_1,1,True,0.0,0.0
quality_one_sided_quality_score_soft_proxy_0_1,2,True,0.0,0.0
quality_regular_quality_score_soft_proxy_0_1,1,True,0.0,0.0
quality_one_sided_quality_score_soft_proxy_0_1,2,True,0.0,0.0
quality_regular_quality_score_soft_proxy_0_1,1,True,0.0,0.0
quality_one_sided_quality_score_soft_proxy_0_1,2,True,0.0,0.0
quality_regular_quality_score_soft_proxy_0_1,1,True,0.0,0.0
quality_one_sided_quality_score_soft_proxy_0_1,2,True,0.0,0.0
quality_regular_quality_score_soft_proxy_0_1,1,True,0.0,0.0
quality_one_sided_quality_score_soft_proxy_0_1,2,True,0.0,0.0
quality_regular_quality_score_soft_proxy_0_1,1,True,0.0,0.0
quality_one_sided_quality_score_soft_proxy_0_1,2,True,0.0,0.0
quality_regular_quality_score_soft_proxy_0_1,1,True,0.0,0.0
quality_one_sided_quality_score_soft_proxy_0_1,2,True,0.0,0.0
quality_regular_quality_score_soft_proxy_0_1,1,True,0.0,0.0
quality_one_sided_quality_score_soft_proxy_0_1,2,True,0.0,0.0
quality_regular_quality_score_soft_proxy_0_1,1,True,0.0,0.0
quality_one_sided_quality_score_soft_proxy_0_1,2,True,0.0,0.0
quality_regular_quality_score_soft_proxy_0_1,1,True,0.0,0.0
quality_one_sided_quality_score_soft_proxy_0_1,2,True,0.0,0.0
quality_regular_quality_score_soft_proxy_0_1,1,True,0.0,0.0
quality_one_sided_quality_score_soft_proxy_0_1,2,True,0.0,0.0
quality_regular_quality_score_soft_proxy_0_1,1,True,0.0,0.0
quality_one_sided_quality_score_soft_proxy_0_1,2,True,0.0,0.0
quality_regular_quality_score_soft_proxy_0_1,1,True,0.0,0.0
quality_one_sided_quality_score_soft_proxy_0_1,2,True,0.0,0.0
quality_regular_quality_score_soft_proxy_0_1,1,True,0.0,0.0
quality_one_sided_quality_score_soft_proxy_0_1,2,True,0.0,0.0
quality_regular_quality_score_soft_proxy_0_1,1,True,0.0,0.0
quality_one_sided_quality_score_soft_proxy_0_1,2,True,0.0,0.0
quality_regular_quality_score_soft_proxy_0_1,1,True,0.0,0.0
quality_one_sided_quality_score_soft_proxy_0_1,2,True,0.0,0.0
quality_regular_quality_score_soft_proxy_0_1,1,True,0.0,0.0
quality_one_sided_quality_score_soft_proxy_0_1,2,True,0.0,0.0
quality_regular_quality_score_soft_proxy_0_1,1,True,0.0,0.0
quality_one_sided_quality_score_soft_proxy_0_1,2,True,0.0,0.0
quality_regular_quality_score_soft_proxy_0_1,1,True,0.0,0.0
quality_one_sided_quality_score_soft_proxy_0_1,2,True,0.0,0.0
quality_regular_quality_score_soft_proxy_0_1,1,True,0.0,0.0
quality_one_sided_quality_score_soft_proxy_0_1,2,True,0.0,0.0
quality_regular_quality_score_soft_proxy_0_1,1,True,0.0,0.0
quality_one_sided_quality_score_soft_proxy_0_1,2,True,0.0,0.0
quality_regular_quality_score_soft_proxy_0_1,1,True,0.0,0.0
quality_one_sided_quality_score_soft_proxy_0_1,2,True,0.0,0.0
quality_regular_quality_score_soft_proxy_0_1,1,True,0.0,0.0
quality_one_sided_quality_score_soft_proxy_0_1,2,True,0.0,0.0
quality_regular_quality_score_soft_proxy_0_1,1,True,0.0,0.0
quality_one_sided_quality_score_soft_proxy_0_1,2,True,0.0,0.0
quality_regular_quality_score_soft_proxy_0_1,1,True,0.0,0.0
quality_one_sided_quality_score_soft_proxy_0_1,2,True,0.0,0.0
quality_regular_quality_score_soft_proxy_0_1,1,True,0.0,0.0
quality_one_sided_quality_score_soft_proxy_0_1,2,True,0.0,0.0
quality_regular_quality_score_soft_proxy_0_1,1,True,0.0,0.0
quality_one_sided_quality_score_soft_proxy_0_1,2,True,0.0,0.0
quality_regular_quality_score_soft_proxy_0_1,1,True,0.0,0.0
quality_one_sided_quality_score_soft_proxy_0_1,2,True,0.0,0.0
quality_regular_quality_score_soft_proxy_0_1,1,True,0.0,0.0
quality_one_sided_quality_score_soft_proxy_0_1,2,True,0.0,0.0
quality_regular_quality_score_soft_proxy_0_1,1,True,0.0,0.0
quality_one_sided_quality_score_soft_proxy_0_1,2,True,0.0,0.0
quality_regular_quality_score_soft_proxy_0_1,1,True,0.0,0.0
quality_one_sided_quality_score_soft_proxy_0_1,2,True,0.0,0.0
quality_regular_quality_score_soft_proxy_0_1,1,True,0.0,0.0
quality_one_sided_quality_score_soft_proxy_0_1,2,True,0.0,0.0
quality_regular_quality_score_soft_proxy_0_1,1,True,0.0,0.0
quality_one_sided_quality_score_soft_proxy_0_1,2,True,0.0,0.0
quality_regular_quality_score_soft_proxy_0_1,1,True,0.0,0.0
quality_one_sided_quality_score_soft_proxy_0_1,2,True,0.0,0.0
quality_regular_quality_score_soft_proxy_0_1,1,True,0.0,0.0
quality_one_sided_quality_score_soft_proxy_0_1,2,True,0.0,0.0
quality_regular_quality_score_soft_proxy_0_1,1,True,0.0,0.0
quality_one_sided_quality_score_soft_proxy_0_1,2,True,0.0,0.0
quality_regular_quality_score_soft_proxy_0_1,1,True,0.0,0.0
quality_one_sided_quality_score_soft_proxy_0_1,2,True,0.0,0.0
quality_regular_quality_score_soft_proxy_0_1,1,True,0.0,0.0
quality_one_sided_quality_score_soft_proxy_0_1,2,True,0.0,0.0
quality_regular_quality_score_soft_proxy_0_1,1,True,0.0,0.0
quality_one_sided_quality_score_soft_proxy_0_1,2,True,0.0,0.0
quality_regular_quality_score_soft_proxy_0_1,1,True,0.0,0.0
quality_one_sided_quality_score_soft_proxy_0_1,2,True,0.0,0.0
quality_regular_quality_score_soft_proxy_0_1,1,True,0.0,0.0
quality_one_sided_quality_score_soft_proxy_0_1,2,True,0.0,0.0
quality_regular_quality_score_soft_proxy_0_1,1,True,0.0,0.0
quality_one_sided_quality_score_soft_proxy_0_1,2,True,0.0,0.0
quality_regular_quality_score_soft_proxy_0_1,1,True,0.0,0.0
quality_one_sided_quality_score_soft_proxy_0_1,2,True,0.0,0.0
quality_regular_quality_score_soft_proxy_0_1,1,True,0.0,0.0
quality_one_sided_quality_score_soft_proxy_0_1,2,True,0.0,0.0
quality_regular_quality_score_soft_proxy_0_1,1,True,0.0,0.0
quality_one_sided_quality_score_soft_proxy_0_1,2,True,0.0,0.0
quality_regular_quality_score_soft_proxy_0_1,1,True,0.0,0.0
quality_one_sided_quality_score_soft_proxy_0_1,2,True,0.0,0.0
quality_regular_quality_score_soft_proxy_0_1,1,True,0.0,0.0
quality_one_sided_quality_score_soft_proxy_0_1,2,True,0.0,0.0
quality_regular_quality_score_soft_proxy_0_1,1,True,0.0,0.0
quality_one_sided_quality_score_soft_proxy_0_1,2,True,0.0,0.0
quality_regular_quality_score_soft_proxy_0_1,1,True,0.0,0.0
quality_one_sided_quality_score_soft_proxy_0_1,2,True,0.0,0.0
quality_regular_quality_score_soft_proxy_0_1,1,True,0.0,0.0
quality_one_sided_quality_score_soft_proxy_0_1,2,True,0.0,0.0
quality_regular_quality_score_soft_proxy_0_1,1,True,0.0,0.0
quality_one_sided_quality_score_soft_proxy_0_1,2,True,0.0,0.0
quality_regular_quality_score_soft_proxy_0_1,1,True,0.0,0.0
quality_one_sided_quality_score_soft_proxy_0_1,2,True,0.0,0.0
quality_regular_quality_score_soft_proxy_0_1,1,True,0.0,0.0
quality_one_sided_quality_score_soft_proxy_0_1,2,True,0.0,0.0
quality_regular_quality_score_soft_proxy_0_1,1,True,0.0,0.0
quality_one_sided_quality_score_soft_proxy_0_1,2,True,0.0,0.0
quality_regular_quality_score_soft_proxy_0_1,1,True,0.0,0.0
quality_one_sided_quality_score_soft_proxy_0_1,2,True,0.0,0.0
quality_regular_quality_score_soft_proxy_0_1,1,True,0.0,0.0
quality_one_sided_quality_score_soft_proxy_0_1,2,True,0.0,0.0
quality_regular_quality_score_soft_proxy_0_1,1,True,0.0,0.0
quality_one_sided_quality_score_soft_proxy_0_1,2,True,0.0,0.0
quality_regular_quality_score_soft_proxy_0_1,1,True,0.0,0.0
quality_one_sided_quality_score_soft_proxy_0_1,2,True,0.0,0.0
quality_regular_quality_score_soft_proxy_0_1,1,True,0.0,0.0
quality_one_sided_quality_score_soft_proxy_0_1,2,True,0.0,0.0
quality_regular_quality_score_soft_proxy_0_1,1,True,0.0,0.0
quality_one_sided_quality_score_soft_proxy_0_1,2,True,0.0,0.0
quality_regular_quality_score_soft_proxy_0_1,1,True,0.0,0.0
quality_one_sided_quality_score_soft_proxy_0_1,2,True,0.0,0.0
quality_regular_quality_score_soft_proxy_0_1,1,True,0.0,0.0
quality_one_sided_quality_score_soft_proxy_0_1,2,True,0.0,0.0
quality_regular_quality_score_soft_proxy_0_1,1,True,0.0,0.0
quality_one_sided_quality_score_soft_proxy_0_1,2,True,0.0,0.0
quality_regular_quality_score_soft_proxy_0_1,1,True,0.0,0.0
quality_one_sided_quality_score_soft_proxy_0_1,2,True,0.0,0.0
quality_regular_quality_score_soft_proxy_0_1,1,True,0.0,0.0
quality_one_sided_quality_score_soft_proxy_0_1,2,True,0.0,0.0
quality_regular_quality_score_soft_proxy_0_1,1,True,0.0,0.0
quality_one_sided_quality_score_soft_proxy_0_1,2,True,0.0,0.0
quality_regular_quality_score_soft_proxy_0_1,1,True,0.0,0.0
quality_one_sided_quality_score_soft_proxy_0_1,2,True,0.0,0.0
quality_regular_quality_score_soft_proxy_0_1,1,True,0.0,0.0
quality_one_sided_quality_score_soft_proxy_0_1,2,True,0.0,0.0
quality_regular_quality_score_soft_proxy_0_1,1,True,0.0,0.0
quality_one_sided_quality_score_soft_proxy_0_1,2,True,0.0,0.0
quality_regular_quality_score_soft_proxy_0_1,1,True,0.0,0.0
quality_one_sided_quality_score_soft_proxy_0_1,2,True,0.0,0.0
quality_regular_quality_score_soft_proxy_0_1,1,True,0.0,0.0
quality_one_sided_quality_score_soft_proxy_0_1,2,True,0.0,0.0
quality_regular_quality_score_soft_proxy_0_1,1,True,0.0,0.0
quality_one_sided_quality_score_soft_proxy_0_1,2,True,0.0,0.0
quality_regular_quality_score_soft_proxy_0_1,1,True,0.0,0.0
quality_one_sided_quality_score_soft_proxy_0_1,2,True,0.0,0.0
quality_regular_quality_score_soft_proxy_0_1,1,True,0.0,0.0
quality_one_sided_quality_score_soft_proxy_0_1,2,True,0.0,0.0
quality_regular_quality_score_soft_proxy_0_1,1,True,0.0,0.0
quality_one_sided_quality_score_soft_proxy_0_1,2,True,3.928357639182423e-12,5.6498587098565976e-06
quality_one_sided_quality_score_soft_proxy_0_1,2,True,3.928357639182423e-12,5.6498587098565976e-06
quality_regular_quality_score_soft_proxy_0_1,1,True,3.928357639182423e-12,5.6498587098565976e-06
quality_one_sided_quality_score_soft_proxy_0_1,2,True,3.928357639182423e-12,5.6498587098565976e-06
quality_regular_quality_score_soft_proxy_0_1,1,True,3.928357639182423e-12,5.6498587098565976e-06
quality_one_sided_quality_score_soft_proxy_0_1,2,True,3.928357639182423e-12,5.6498587098565976e-06
quality_regular_quality_score_soft_proxy_0_1,1,True,3.928357639182423e-12,5.6498587098565976e-06
quality_one_sided_quality_score_soft_proxy_0_1,2,True,3.928357639182423e-12,5.6498587098565976e-06
quality_regular_quality_score_soft_proxy_0_1,1,True,3.928357639182423e-12,5.6498587098565976e-06
quality_one_sided_quality_score_soft_proxy_0_1,2,True,3.928357639182423e-12,5.6498587098565976e-06
quality_regular_quality_score_soft_proxy_0_1,1,True,3.928357639182423e-12,5.6498587098565976e-06
quality_one_sided_quality_score_soft_proxy_0_1,2,True,3.928357639182423e-12,5.6498587098565976e-06
quality_regular_quality_score_soft_proxy_0_1,1,True,3.928357639182423e-12,5.6498587098565976e-06
quality_one_sided_quality_score_soft_proxy_0_1,2,True,3.928357639182423e-12,5.6498587098565976e-06
quality_regular_quality_score_soft_proxy_0_1,1,True,3.928357639182423e-12,5.6498587098565976e-06
quality_one_sided_quality_score_soft_proxy_0_1,2,True,3.928357639182423e-12,5.6498587098565976e-06
quality_regular_quality_score_soft_proxy_0_1,1,True,3.928357639182423e-12,5.6498587098565976e-06
quality_one_sided_quality_score_soft_proxy_0_1,2,True,3.928357639182423e-12,5.6498587098565976e-06
quality_regular_quality_score_soft_proxy_0_1,1,True,3.928357639182423e-12,5.6498587098565976e-06
quality_one_sided_quality_score_soft_proxy_0_1,2,True,8.812139906666516e-11,0.00012673832165270105
quality_regular_quality_score_soft_proxy_0_1,1,True,4.2096548469316986e-11,6.054427139016055e-05
quality_one_sided_quality_score_soft_proxy_0_1,2,True,3.928357639182423e-12,5.6498587098565976e-06
quality_regular_quality_score_soft_proxy_0_1,1,True,3.928357639182423e-12,5.6498587098565976e-06
quality_one_sided_quality_score_soft_proxy_0_1,2,True,3.928357639182423e-12,5.6498587098565976e-06
quality_regular_quality_score_soft_proxy_0_1,1,True,3.928357639182423e-12,5.6498587098565976e-06
quality_one_sided_quality_score_soft_proxy_0_1,2,True,8.812139906666516e-11,0.00012673832165270105
quality_regular_quality_score_soft_proxy_0_1,1,True,4.2096548469316986e-11,6.054427139016055e-05
quality_one_sided_quality_score_soft_proxy_0_1,2,True,3.928357639182423e-12,5.6498587098565976e-06
quality_regular_quality_score_soft_proxy_0_1,1,True,3.928357639182423e-12,5.6498587098565976e-06
quality_one_sided_quality_score_soft_proxy_0_1,2,True,3.928357639182423e-12,5.6498587098565976e-06
quality_regular_quality_score_soft_proxy_0_1,1,True,3.928357639182423e-12,5.6498587098565976e-06
quality_one_sided_quality_score_soft_proxy_0_1,2,True,8.812139906666516e-11,0.00012673832165270105
quality_regular_quality_score_soft_proxy_0_1,1,True,4.2096548469316986e-11,6.054427139016055e-05
quality_one_sided_quality_score_soft_proxy_0_1,2,True,3.928357639182423e-12,5.6498587098565976e-06
quality_regular_quality_score_soft_proxy_0_1,1,True,3.928357639182423e-12,5.6498587098565976e-06
quality_one_sided_quality_score_soft_proxy_0_1,2,True,3.928357639182423e-12,5.6498587098565976e-06
quality_regular_quality_score_soft_proxy_0_1,1,True,3.928357639182423e-12,5.6498587098565976e-06
quality_one_sided_quality_score_soft_proxy_0_1,2,True,3.928357639182423e-12,5.6498587098565976e-06
quality_regular_quality_score_soft_proxy_0_1,1,True,3.928357639182423e-12,5.6498587098565976e-06
quality_one_sided_quality_score_soft_proxy_0_1,2,True,3.928357639182423e-12,5.6498587098565976e-06
quality_regular_quality_score_soft_proxy_0_1,1,True,3.928357639182423e-12,5.6498587098565976e-06
quality_one_sided_quality_score_soft_proxy_0_1,2,True,3.928357639182423e-12,5.6498587098565976e-06
quality_regular_quality_score_soft_proxy_0_1,1,True,3.928357639182423e-12,5.6498587098565976e-06
quality_one_sided_quality_score_soft_proxy_0_1,2,True,3.928357639182423e-12,5.6498587098565976e-06
quality_regular_quality_score_soft_proxy_0_1,1,True,3.928357639182423e-12,5.6498587098565976e-06
quality_one_sided_quality_score_soft_proxy_0_1,2,True,3.928357639182423e-12,5.6498587098565976e-06
quality_regular_quality_score_soft_proxy_0_1,1,True,3.928357639182423e-12,5.6498587098565976e-06
quality_one_sided_quality_score_soft_proxy_0_1,2,True,3.928357639182423e-12,5.6498587098565976e-06
quality_regular_quality_score_soft_proxy_0_1,1,True,3.928357639182423e-12,5.6498587098565976e-06
quality_one_sided_quality_score_soft_proxy_0_1,2,True,3.928357639182423e-12,5.6498587098565976e-06
quality_regular_quality_score_soft_proxy_0_1,1,True,3.928357639182423e-12,5.6498587098565976e-06
quality_one_sided_quality_score_soft_proxy_0_1,2,True,3.928357639182423e-12,5.6498587098565976e-06
quality_regular_quality_score_soft_proxy_0_1,1,True,3.928357639182423e-12,5.6498587098565976e-06
quality_one_sided_quality_score_soft_proxy_0_1,2,True,3.928357639182423e-12,5.6498587098565976e-06
quality_regular_quality_score_soft_proxy_0_1,1,True,3.928357639182423e-12,5.6498587098565976e-06
quality_one_sided_quality_score_soft_proxy_0_1,2,True,3.928357639182423e-12,5.6498587098565976e-06
quality_regular_quality_score_soft_proxy_0_1,1,True,3.928357639182423e-12,5.6498587098565976e-06
quality_one_sided_quality_score_soft_proxy_0_1,2,True,3.928357639182423e-12,5.6498587098565976e-06
quality_regular_quality_score_soft_proxy_0_1,1,True,3.928357639182423e-12,5.6498587098565976e-06
quality_one_sided_quality_score_soft_proxy_0_1,2,True,3.928357639182423e-12,5.6498587098565976e-06
quality_regular_quality_score_soft_proxy_0_1,1,True,3.928357639182423e-12,5.6498587098565976e-06
quality_one_sided_quality_score_soft_proxy_0_1,2,True,3.928357639182423e-12,5.6498587098565976e-06
quality_regular_quality_score_soft_proxy_0_1,1,True,3.928357639182423e-12,5.6498587098565976e-06
quality_one_sided_quality_score_soft_proxy_0_1,2,True,3.928357639182423e-12,5.6498587098565976e-06
quality_regular_quality_score_soft_proxy_0_1,1,True,3.928357639182423e-12,5.6498587098565976e-06
quality_one_sided_quality_score_soft_proxy_0_1,2,True,3.928357639182423e-12,5.6498587098565976e-06
quality_regular_quality_score_soft_proxy_0_1,1,True,3.928357639182423e-12,5.6498587098565976e-06
quality_one_sided_quality_score_soft_proxy_0_1,2,True,3.928357639182423e-12,5.6498587098565976e-06
quality_regular_quality_score_soft_proxy_0_1,1,True,3.928357639182423e-12,5.6498587098565976e-06
quality_one_sided_quality_score_soft_proxy_0_1,2,True,3.928357639182423e-12,5.6498587098565976e-06
quality_regular_quality_score_soft_proxy_0_1,1,True,3.928357639182423e-12,5.6498587098565976e-06
quality_one_sided_quality_score_soft_proxy_0_1,2,True,3.928357639182423e-12,5.6498587098565976e-06
quality_regular_quality_score_soft_proxy_0_1,1,True,3.928357639182423e-12,5.6498587098565976e-06
quality_one_sided_quality_score_soft_proxy_0_1,2,True,3.928357639182423e-12,5.6498587098565976e-06
quality_regular_quality_score_soft_proxy_0_1,1,True,3.928357639182423e-12,5.6498587098565976e-06
quality_one_sided_quality_score_soft_proxy_0_1,2,True,8.812139906666516e-11,0.00012673832165270105
quality_regular_quality_score_soft_proxy_0_1,1,True,4.2096548469316986e-11,6.054427139016055e-05
quality_one_sided_quality_score_soft_proxy_0_1,2,True,3.928357639182423e-12,5.6498587098565976e-06
quality_regular_quality_score_soft_proxy_0_1,1,True,3.928357639182423e-12,5.6498587098565976e-06
quality_one_sided_quality_score_soft_proxy_0_1,2,True,3.928357639182423e-12,5.6498587098565976e-06
quality_regular_quality_score_soft_proxy_0_1,1,True,3.928357639182423e-12,5.6498587098565976e-06
quality_one_sided_quality_score_soft_proxy_0_1,2,True,8.812139906666516e-11,0.00012673832165270105
quality_regular_quality_score_soft_proxy_0_1,1,True,4.2096548469316986e-11,6.054427139016055e-05
quality_one_sided_quality_score_soft_proxy_0_1,2,True,3.928357639182423e-12,5.6498587098565976e-06
quality_regular_quality_score_soft_proxy_0_1,1,True,3.928357639182423e-12,5.6498587098565976e-06
quality_one_sided_quality_score_soft_proxy_0_1,2,True,3.928357639182423e-12,5.6498587098565976e-06
quality_regular_quality_score_soft_proxy_0_1,1,True,3.928357639182423e-12,5.6498587098565976e-06
quality_one_sided_quality_score_soft_proxy_0_1,2,True,8.812139906666516e-11,0.00012673832165270105
quality_regular_quality_score_soft_proxy_0_1,1,True,4.2096548469316986e-11,6.054427139016055e-05
quality_one_sided_quality_score_soft_proxy_0_1,2,True,3.928357639182423e-12,5.6498587098565976e-06
quality_regular_quality_score_soft_proxy_0_1,1,True,3.928357639182423e-12,5.6498587098565976e-06
quality_one_sided_quality_score_soft_proxy_0_1,2,True,3.928357639182423e-12,5.6498587098565976e-06
quality_regular_quality_score_soft_proxy_0_1,1,True,3.928357639182423e-12,5.6498587098565976e-06
quality_one_sided_quality_score_soft_proxy_0_1,2,True,8.812139906666516e-11,0.00012673832165270105
quality_regular_quality_score_soft_proxy_0_1,1,True,4.2096548469316986e-11,6.054427139016055e-05
quality_one_sided_quality_score_soft_proxy_0_1,2,True,3.928357639182423e-12,5.6498587098565976e-06
quality_regular_quality_score_soft_proxy_0_1,1,True,3.928357639182423e-12,5.6498587098565976e-06
quality_one_sided_quality_score_soft_proxy_0_1,2,True,3.928357639182423e-12,5.6498587098565976e-06
quality_regular_quality_score_soft_proxy_0_1,1,True,3.928357639182423e-12,5.6498587098565976e-06
quality_one_sided_quality_score_soft_proxy_0_1,2,True,3.928357639182423e-12,5.6498587098565976e-06
quality_regular_quality_score_soft_proxy_0_1,1,True,3.928357639182423e-12,5.6498587098565976e-06
quality_one_sided_quality_score_soft_proxy_0_1,2,True,3.928357639182423e-12,5.6498587098565976e-06
quality_regular_quality_score_soft_proxy_0_1,1,True,3.928357639182423e-12,5.6498587098565976e-06
quality_one_sided_quality_score_soft_proxy_0_1,2,True,3.928357639182423e-12,5.6498587098565976e-06
quality_regular_quality_score_soft_proxy_0_1,1,True,3.928357639182423e-12,5.6498587098565976e-06
quality_one_sided_quality_score_soft_proxy_0_1,2,True,3.928357639182423e-12,5.6498587098565976e-06
quality_regular_quality_score_soft_proxy_0_1,1,True,3.928357639182423e-12,5.6498587098565976e-06
quality_one_sided_quality_score_soft_proxy_0_1,2,True,3.928357639182423e-12,5.6498587098565976e-06
quality_regular_quality_score_soft_proxy_0_1,1,True,3.928357639182423e-12,5.6498587098565976e-06
quality_one_sided_quality_score_soft_proxy_0_1,2,True,3.928357639182423e-12,5.6498587098565976e-06
quality_regular_quality_score_soft_proxy_0_1,1,True,3.928357639182423e-12,5.6498587098565976e-06
quality_one_sided_quality_score_soft_proxy_0_1,2,True,3.928357639182423e-12,5.6498587098565976e-06
quality_regular_quality_score_soft_proxy_0_1,1,True,3.928357639182423e-12,5.6498587098565976e-06
quality_one_sided_quality_score_soft_proxy_0_1,2,True,3.928357639182423e-12,5.6498587098565976e-06
quality_regular_quality_score_soft_proxy_0_1,1,True,3.928357639182423e-12,5.6498587098565976e-06
quality_one_sided_quality_score_soft_proxy_0_1,2,True,3.928357639182423e-12,5.6498587098565976e-06
quality_regular_quality_score_soft_proxy_0_1,1,True,3.928357639182423e-12,5.6498587098565976e-06
quality_one_sided_quality_score_soft_proxy_0_1,2,True,3.928357639182423e-12,5.6498587098565976e-06
quality_regular_quality_score_soft_proxy_0_1,1,True,3.928357639182423e-12,5.6498587098565976e-06
quality_one_sided_quality_score_soft_proxy_0_1,2,True,3.928357639182423e-12,5.6498587098565976e-06
quality_regular_quality_score_soft_proxy_0_1,1,True,3.928357639182423e-12,5.6498587098565976e-06
quality_one_sided_quality_score_soft_proxy_0_1,2,True,3.928357639182423e-12,5.6498587098565976e-06
quality_regular_quality_score_soft_proxy_0_1,1,True,3.928357639182423e-12,5.6498587098565976e-06
quality_one_sided_quality_score_soft_proxy_0_1,2,True,3.928357639182423e-12,5.6498587098565976e-06
quality_regular_quality_score_soft_proxy_0_1,1,True,3.928357639182423e-12,5.6498587098565976e-06
quality_one_sided_quality_score_soft_proxy_0_1,2,True,3.928357639182423e-12,5.6498587098565976e-06
quality_regular_quality_score_soft_proxy_0_1,1,True,3.928357639182423e-12,5.6498587098565976e-06
quality_one_sided_quality_score_soft_proxy_0_1,2,True,3.928357639182423e-12,5.6498587098565976e-06
quality_regular_quality_score_soft_proxy_0_1,1,True,3.928357639182423e-12,5.6498587098565976e-06
quality_one_sided_quality_score_soft_proxy_0_1,2,True,3.928357639182423e-12,5.6498587098565976e-06
quality_regular_quality_score_soft_proxy_0_1,1,True,3.928357639182423e-12,5.6498587098565976e-06
quality_one_sided_quality_score_soft_proxy_0_1,2,True,3.928357639182423e-12,5.6498587098565976e-06
quality_regular_quality_score_soft_proxy_0_1,1,True,3.928357639182423e-12,5.6498587098565976e-06
quality_one_sided_quality_score_soft_proxy_0_1,2,True,3.928357639182423e-12,5.6498587098565976e-06
quality_regular_quality_score_soft_proxy_0_1,1,True,3.928357639182423e-12,5.6498587098565976e-06
quality_one_sided_quality_score_soft_proxy_0_1,2,True,3.928357639182423e-12,5.6498587098565976e-06
quality_regular_quality_score_soft_proxy_0_1,1,True,3.928357639182423e-12,5.6498587098565976e-06
quality_one_sided_quality_score_soft_proxy_0_1,2,True,8.812139906666516e-11,0.00012673832165270105
quality_regular_quality_score_soft_proxy_0_1,1,True,4.2096548469316986e-11,6.054427139016055e-05
quality_one_sided_quality_score_soft_proxy_0_1,2,True,3.928357639182423e-12,5.6498587098565976e-06
quality_regular_quality_score_soft_proxy_0_1,1,True,3.928357639182423e-12,5.6498587098565976e-06
quality_one_sided_quality_score_soft_proxy_0_1,2,True,3.928357639182423e-12,5.6498587098565976e-06
quality_regular_quality_score_soft_proxy_0_1,1,True,3.928357639182423e-12,5.6498587098565976e-06
quality_one_sided_quality_score_soft_proxy_0_1,2,True,8.812139906666516e-11,0.00012673832165270105
quality_regular_quality_score_soft_proxy_0_1,1,True,4.2096548469316986e-11,6.054427139016055e-05
quality_one_sided_quality_score_soft_proxy_0_1,2,True,3.928357639182423e-12,5.6498587098565976e-06
quality_regular_quality_score_soft_proxy_0_1,1,True,3.928357639182423e-12,5.6498587098565976e-06
quality_one_sided_quality_score_soft_proxy_0_1,2,True,3.928357639182423e-12,5.6498587098565976e-06
quality_regular_quality_score_soft_proxy_0_1,1,True,3.928357639182423e-12,5.6498587098565976e-06
quality_one_sided_quality_score_soft_proxy_0_1,2,True,8.812139906666516e-11,0.00012673832165270105
quality_regular_quality_score_soft_proxy_0_1,1,True,4.2096548469316986e-11,6.054427139016055e-05
quality_one_sided_quality_score_soft_proxy_0_1,2,True,3.928357639182423e-12,5.6498587098565976e-06
quality_regular_quality_score_soft_proxy_0_1,1,True,3.928357639182423e-12,5.6498587098565976e-06
quality_one_sided_quality_score_soft_proxy_0_1,2,True,3.928357639182423e-12,5.6498587098565976e-06
quality_regular_quality_score_soft_proxy_0_1,1,True,3.928357639182423e-12,5.6498587098565976e-06
quality_one_sided_quality_score_soft_proxy_0_1,2,True,8.812139906666516e-11,0.00012673832165270105
quality_regular_quality_score_soft_proxy_0_1,1,True,4.2096548469316986e-11,6.054427139016055e-05
quality_one_sided_quality_score_soft_proxy_0_1,2,True,3.928357639182423e-12,5.6498587098565976e-06
quality_regular_quality_score_soft_proxy_0_1,1,True,3.928357639182423e-12,5.6498587098565976e-06
quality_one_sided_quality_score_soft_proxy_0_1,2,True,3.928357639182423e-12,5.6498587098565976e-06
quality_regular_quality_score_soft_proxy_0_1,1,True,3.928357639182423e-12,5.6498587098565976e-06
quality_one_sided_quality_score_soft_proxy_0_1,2,True,8.812139906666516e-11,0.00012673832165270105
quality_regular_quality_score_soft_proxy_0_1,1,True,4.2096548469316986e-11,6.054427139016055e-05
quality_one_sided_quality_score_soft_proxy_0_1,2,True,3.928357639182423e-12,5.6498587098565976e-06
quality_regular_quality_score_soft_proxy_0_1,1,True,3.928357639182423e-12,5.6498587098565976e-06
quality_one_sided_quality_score_soft_proxy_0_1,2,True,3.928357639182423e-12,5.6498587098565976e-06
quality_regular_quality_score_soft_proxy_0_1,1,True,3.928357639182423e-12,5.6498587098565976e-06
quality_one_sided_quality_score_soft_proxy_0_1,2,True,3.928357639182423e-12,5.6498587098565976e-06
quality_regular_quality_score_soft_proxy_0_1,1,True,3.928357639182423e-12,5.6498587098565976e-06
quality_one_sided_quality_score_soft_proxy_0_1,2,True,3.928357639182423e-12,5.6498587098565976e-06
quality_regular_quality_score_soft_proxy_0_1,1,True,3.928357639182423e-12,5.6498587098565976e-06
quality_one_sided_quality_score_soft_proxy_0_1,2,True,3.928357639182423e-12,5.6498587098565976e-06
quality_regular_quality_score_soft_proxy_0_1,1,True,3.928357639182423e-12,5.6498587098565976e-06
quality_one_sided_quality_score_soft_proxy_0_1,2,True,3.928357639182423e-12,5.6498587098565976e-06
quality_regular_quality_score_soft_proxy_0_1,1,True,3.928357639182423e-12,5.6498587098565976e-06
quality_one_sided_quality_score_soft_proxy_0_1,2,True,3.928357639182423e-12,5.6498587098565976e-06
quality_regular_quality_score_soft_proxy_0_1,1,True,3.928357639182423e-12,5.6498587098565976e-06
quality_one_sided_quality_score_soft_proxy_0_1,2,True,3.928357639182423e-12,5.6498587098565976e-06
quality_regular_quality_score_soft_proxy_0_1,1,True,3.928357639182423e-12,5.6498587098565976e-06
quality_one_sided_quality_score_soft_proxy_0_1,2,True,3.928357639182423e-12,5.6498587098565976e-06
quality_regular_quality_score_soft_proxy_0_1,1,True,3.928357639182423e-12,5.6498587098565976e-06
quality_one_sided_quality_score_soft_proxy_0_1,2,True,3.928357639182423e-12,5.6498587098565976e-06
quality_regular_quality_score_soft_proxy_0_1,1,True,3.928357639182423e-12,5.6498587098565976e-06
quality_one_sided_quality_score_soft_proxy_0_1,2,True,3.928357639182423e-12,5.6498587098565976e-06
quality_regular_quality_score_soft_proxy_0_1,1,True,3.928357639182423e-12,5.6498587098565976e-06
quality_one_sided_quality_score_soft_proxy_0_1,2,True,3.928357639182423e-12,5.6498587098565976e-06
quality_regular_quality_score_soft_proxy_0_1,1,True,3.928357639182423e-12,5.6498587098565976e-06
quality_one_sided_quality_score_soft_proxy_0_1,2,True,3.928357639182423e-12,5.6498587098565976e-06
quality_regular_quality_score_soft_proxy_0_1,1,True,3.928357639182423e-12,5.6498587098565976e-06
quality_one_sided_quality_score_soft_proxy_0_1,2,True,3.928357639182423e-12,5.6498587098565976e-06
quality_regular_quality_score_soft_proxy_0_1,1,True,3.928357639182423e-12,5.6498587098565976e-06
quality_one_sided_quality_score_soft_proxy_0_1,2,True,3.928357639182423e-12,5.6498587098565976e-06
quality_regular_quality_score_soft_proxy_0_1,1,True,3.928357639182423e-12,5.6498587098565976e-06
quality_one_sided_quality_score_soft_proxy_0_1,2,True,3.928357639182423e-12,5.6498587098565976e-06
quality_regular_quality_score_soft_proxy_0_1,1,True,3.928357639182423e-12,5.6498587098565976e-06
quality_one_sided_quality_score_soft_proxy_0_1,2,True,3.928357639182423e-12,5.6498587098565976e-06
quality_regular_quality_score_soft_proxy_0_1,1,True,3.928357639182423e-12,5.6498587098565976e-06
quality_one_sided_quality_score_soft_proxy_0_1,2,True,3.928357639182423e-12,5.6498587098565976e-06
quality_regular_quality_score_soft_proxy_0_1,1,True,3.928357639182423e-12,5.6498587098565976e-06
quality_one_sided_quality_score_soft_proxy_0_1,2,True,3.928357639182423e-12,5.6498587098565976e-06
quality_one_sided_quality_score_soft_proxy_0_1,2,True,0.0,0.0
quality_regular_quality_score_soft_proxy_0_1,1,True,0.0,0.0
quality_one_sided_quality_score_soft_proxy_0_1,2,True,0.0,0.0
quality_regular_quality_score_soft_proxy_0_1,1,True,0.0,0.0
quality_one_sided_quality_score_soft_proxy_0_1,2,True,0.0,0.0
quality_regular_quality_score_soft_proxy_0_1,1,True,0.0,0.0
quality_one_sided_quality_score_soft_proxy_0_1,2,True,0.0,0.0
quality_regular_quality_score_soft_proxy_0_1,1,True,0.0,0.0
quality_one_sided_quality_score_soft_proxy_0_1,2,True,0.0,0.0
quality_regular_quality_score_soft_proxy_0_1,1,True,0.0,0.0
quality_one_sided_quality_score_soft_proxy_0_1,2,True,0.0,0.0
quality_regular_quality_score_soft_proxy_0_1,1,True,0.0,0.0
quality_one_sided_quality_score_soft_proxy_0_1,2,True,0.0,0.0
quality_regular_quality_score_soft_proxy_0_1,1,True,0.0,0.0
quality_one_sided_quality_score_soft_proxy_0_1,2,True,0.0,0.0
quality_regular_quality_score_soft_proxy_0_1,1,True,0.0,0.0
quality_one_sided_quality_score_soft_proxy_0_1,2,True,0.0,0.0
quality_regular_quality_score_soft_proxy_0_1,1,True,0.0,0.0
quality_one_sided_quality_score_soft_proxy_0_1,2,True,0.0,0.0
quality_regular_quality_score_soft_proxy_0_1,1,True,0.0,0.0
quality_one_sided_quality_score_soft_proxy_0_1,2,True,0.0,0.0
quality_regular_quality_score_soft_proxy_0_1,1,True,0.0,0.0
quality_one_sided_quality_score_soft_proxy_0_1,2,True,0.0,0.0
quality_regular_quality_score_soft_proxy_0_1,1,True,0.0,0.0
quality_one_sided_quality_score_soft_proxy_0_1,2,True,0.0,0.0
quality_regular_quality_score_soft_proxy_0_1,1,True,0.0,0.0
quality_one_sided_quality_score_soft_proxy_0_1,2,True,0.0,0.0
quality_regular_quality_score_soft_proxy_0_1,1,True,0.0,0.0
quality_one_sided_quality_score_soft_proxy_0_1,2,True,0.0,0.0
quality_regular_quality_score_soft_proxy_0_1,1,True,0.0,0.0
quality_one_sided_quality_score_soft_proxy_0_1,2,True,0.0,0.0
quality_regular_quality_score_soft_proxy_0_1,1,True,0.0,0.0
quality_one_sided_quality_score_soft_proxy_0_1,2,True,0.0,0.0
quality_regular_quality_score_soft_proxy_0_1,1,True,0.0,0.0
quality_one_sided_quality_score_soft_proxy_0_1,2,True,0.0,0.0
quality_regular_quality_score_soft_proxy_0_1,1,True,0.0,0.0
quality_one_sided_quality_score_soft_proxy_0_1,2,True,0.0,0.0
quality_regular_quality_score_soft_proxy_0_1,1,True,0.0,0.0
quality_one_sided_quality_score_soft_proxy_0_1,2,True,0.0,0.0
quality_regular_quality_score_soft_proxy_0_1,1,True,0.0,0.0
quality_one_sided_quality_score_soft_proxy_0_1,2,True,8.419309693863397e-11,6.142773996286471e-05
quality_one_sided_quality_score_soft_proxy_0_1,2,True,7.856715278364845e-12,5.732302060742943e-06
quality_regular_quality_score_soft_proxy_0_1,1,True,7.856715278364845e-12,5.732302060742943e-06
quality_one_sided_quality_score_soft_proxy_0_1,2,True,7.856715278364845e-12,5.732302060742943e-06
quality_regular_quality_score_soft_proxy_0_1,1,True,7.856715278364845e-12,5.732302060742943e-06
quality_one_sided_quality_score_soft_proxy_0_1,2,True,8.419309693863397e-11,6.142773996286471e-05
quality_regular_quality_score_soft_proxy_0_1,1,True,3.816813531898333e-11,2.7847678449824e-05
quality_one_sided_quality_score_soft_proxy_0_1,2,True,7.856715278364845e-12,5.732302060742943e-06
quality_regular_quality_score_soft_proxy_0_1,1,True,7.856715278364845e-12,5.732302060742943e-06
quality_one_sided_quality_score_soft_proxy_0_1,2,True,7.856715278364845e-12,5.732302060742943e-06
quality_regular_quality_score_soft_proxy_0_1,1,True,7.856715278364845e-12,5.732302060742943e-06
quality_one_sided_quality_score_soft_proxy_0_1,2,True,8.419309693863397e-11,6.142773996286471e-05
quality_regular_quality_score_soft_proxy_0_1,1,True,3.816813531898333e-11,2.7847678449824e-05
quality_one_sided_quality_score_soft_proxy_0_1,2,True,7.856715278364845e-12,5.732302060742943e-06
quality_regular_quality_score_soft_proxy_0_1,1,True,7.856715278364845e-12,5.732302060742943e-06
quality_one_sided_quality_score_soft_proxy_0_1,2,True,7.856715278364845e-12,5.732302060742943e-06
quality_regular_quality_score_soft_proxy_0_1,1,True,7.856715278364845e-12,5.732302060742943e-06
quality_one_sided_quality_score_soft_proxy_0_1,2,True,8.419309693863397e-11,6.142773996286471e-05
quality_regular_quality_score_soft_proxy_0_1,1,True,3.816813531898333e-11,2.7847678449824e-05
quality_one_sided_quality_score_soft_proxy_0_1,2,True,7.856715278364845e-12,5.732302060742943e-06
quality_regular_quality_score_soft_proxy_0_1,1,True,7.856715278364845e-12,5.732302060742943e-06
quality_one_sided_quality_score_soft_proxy_0_1,2,True,7.856715278364845e-12,5.732302060742943e-06
quality_regular_quality_score_soft_proxy_0_1,1,True,7.856715278364845e-12,5.732302060742943e-06
quality_one_sided_quality_score_soft_proxy_0_1,2,True,7.856715278364845e-12,5.732302060742943e-06
quality_regular_quality_score_soft_proxy_0_1,1,True,7.856715278364845e-12,5.732302060742943e-06
quality_one_sided_quality_score_soft_proxy_0_1,2,True,7.856715278364845e-12,5.732302060742943e-06
quality_regular_quality_score_soft_proxy_0_1,1,True,7.856715278364845e-12,5.732302060742943e-06
quality_one_sided_quality_score_soft_proxy_0_1,2,True,7.856715278364845e-12,5.732302060742943e-06
quality_regular_quality_score_soft_proxy_0_1,1,True,7.856715278364845e-12,5.732302060742943e-06
quality_one_sided_quality_score_soft_proxy_0_1,2,True,7.856715278364845e-12,5.732302060742943e-06
quality_regular_quality_score_soft_proxy_0_1,1,True,7.856715278364845e-12,5.732302060742943e-06
quality_one_sided_quality_score_soft_proxy_0_1,2,True,7.856715278364845e-12,5.732302060742943e-06
quality_regular_quality_score_soft_proxy_0_1,1,True,7.856715278364845e-12,5.732302060742943e-06
quality_one_sided_quality_score_soft_proxy_0_1,2,True,7.856715278364845e-12,5.732302060742943e-06
quality_regular_quality_score_soft_proxy_0_1,1,True,7.856715278364845e-12,5.732302060742943e-06
quality_one_sided_quality_score_soft_proxy_0_1,2,True,7.856715278364845e-12,5.732302060742943e-06
quality_regular_quality_score_soft_proxy_0_1,1,True,7.856715278364845e-12,5.732302060742943e-06
quality_one_sided_quality_score_soft_proxy_0_1,2,True,7.856715278364845e-12,5.732302060742943e-06
quality_regular_quality_score_soft_proxy_0_1,1,True,7.856715278364845e-12,5.732302060742943e-06
quality_one_sided_quality_score_soft_proxy_0_1,2,True,8.419309693863397e-11,6.142773996286471e-05
quality_regular_quality_score_soft_proxy_0_1,1,True,3.816813531898333e-11,2.7847678449824e-05
quality_one_sided_quality_score_soft_proxy_0_1,2,True,7.856715278364845e-12,5.732302060742943e-06
quality_regular_quality_score_soft_proxy_0_1,1,True,7.856715278364845e-12,5.732302060742943e-06
quality_one_sided_quality_score_soft_proxy_0_1,2,True,7.856715278364845e-12,5.732302060742943e-06
quality_regular_quality_score_soft_proxy_0_1,1,True,7.856715278364845e-12,5.732302060742943e-06
quality_one_sided_quality_score_soft_proxy_0_1,2,True,8.419309693863397e-11,6.142773996286471e-05
quality_regular_quality_score_soft_proxy_0_1,1,True,3.816813531898333e-11,2.7847678449824e-05
quality_one_sided_quality_score_soft_proxy_0_1,2,True,7.856715278364845e-12,5.732302060742943e-06
quality_regular_quality_score_soft_proxy_0_1,1,True,7.856715278364845e-12,5.732302060742943e-06
quality_one_sided_quality_score_soft_proxy_0_1,2,True,7.856715278364845e-12,5.732302060742943e-06
quality_regular_quality_score_soft_proxy_0_1,1,True,7.856715278364845e-12,5.732302060742943e-06
quality_one_sided_quality_score_soft_proxy_0_1,2,True,7.856715278364845e-12,5.732302060742943e-06
quality_regular_quality_score_soft_proxy_0_1,1,True,7.856715278364845e-12,5.732302060742943e-06
quality_one_sided_quality_score_soft_proxy_0_1,2,True,7.856715278364845e-12,5.732302060742943e-06
quality_regular_quality_score_soft_proxy_0_1,1,True,7.856715278364845e-12,5.732302060742943e-06
quality_one_sided_quality_score_soft_proxy_0_1,2,True,7.856715278364845e-12,5.732302060742943e-06
quality_regular_quality_score_soft_proxy_0_1,1,True,7.856715278364845e-12,5.732302060742943e-06
quality_one_sided_quality_score_soft_proxy_0_1,2,True,7.856715278364845e-12,5.732302060742943e-06
quality_regular_quality_score_soft_proxy_0_1,1,True,7.856715278364845e-12,5.732302060742943e-06
quality_one_sided_quality_score_soft_proxy_0_1,2,True,7.856715278364845e-12,5.732302060742943e-06
quality_regular_quality_score_soft_proxy_0_1,1,True,7.856715278364845e-12,5.732302060742943e-06
quality_one_sided_quality_score_soft_proxy_0_1,2,True,7.856715278364845e-12,5.732302060742943e-06
quality_regular_quality_score_soft_proxy_0_1,1,True,7.856715278364845e-12,5.732302060742943e-06
quality_one_sided_quality_score_soft_proxy_0_1,2,True,7.856715278364845e-12,5.732302060742943e-06
quality_regular_quality_score_soft_proxy_0_1,1,True,7.856715278364845e-12,5.732302060742943e-06
quality_one_sided_quality_score_soft_proxy_0_1,2,True,7.856715278364845e-12,5.732302060742943e-06
quality_regular_quality_score_soft_proxy_0_1,1,True,7.856715278364845e-12,5.732302060742943e-06
quality_one_sided_quality_score_soft_proxy_0_1,2,True,8.419309693863397e-11,6.142773996286471e-05
quality_regular_quality_score_soft_proxy_0_1,1,True,3.816813531898333e-11,2.7847678449824e-05
quality_one_sided_quality_score_soft_proxy_0_1,2,True,7.856715278364845e-12,5.732302060742943e-06
quality_regular_quality_score_soft_proxy_0_1,1,True,7.856715278364845e-12,5.732302060742943e-06
quality_one_sided_quality_score_soft_proxy_0_1,2,True,7.856715278364845e-12,5.732302060742943e-06
quality_regular_quality_score_soft_proxy_0_1,1,True,7.856715278364845e-12,5.732302060742943e-06
quality_one_sided_quality_score_soft_proxy_0_1,2,True,8.419309693863397e-11,6.142773996286471e-05
quality_regular_quality_score_soft_proxy_0_1,1,True,3.816813531898333e-11,2.7847678449824e-05
quality_one_sided_quality_score_soft_proxy_0_1,2,True,7.856715278364845e-12,5.732302060742943e-06
quality_regular_quality_score_soft_proxy_0_1,1,True,7.856715278364845e-12,5.732302060742943e-06
quality_one_sided_quality_score_soft_proxy_0_1,2,True,7.856715278364845e-12,5.732302060742943e-06
quality_regular_quality_score_soft_proxy_0_1,1,True,7.856715278364845e-12,5.732302060742943e-06
quality_one_sided_quality_score_soft_proxy_0_1,2,True,7.856715278364845e-12,5.732302060742943e-06
quality_regular_quality_score_soft_proxy_0_1,1,True,7.856715278364845e-12,5.732302060742943e-06
quality_one_sided_quality_score_soft_proxy_0_1,2,True,7.856715278364845e-12,5.732302060742943e-06
quality_regular_quality_score_soft_proxy_0_1,1,True,7.856715278364845e-12,5.732302060742943e-06
quality_one_sided_quality_score_soft_proxy_0_1,2,True,7.856715278364845e-12,5.732302060742943e-06
quality_regular_quality_score_soft_proxy_0_1,1,True,7.856715278364845e-12,5.732302060742943e-06
quality_one_sided_quality_score_soft_proxy_0_1,2,True,7.856715278364845e-12,5.732302060742943e-06
quality_regular_quality_score_soft_proxy_0_1,1,True,7.856715278364845e-12,5.732302060742943e-06
quality_one_sided_quality_score_soft_proxy_0_1,2,True,7.856715278364845e-12,5.732302060742943e-06
quality_regular_quality_score_soft_proxy_0_1,1,True,7.856715278364845e-12,5.732302060742943e-06
quality_one_sided_quality_score_soft_proxy_0_1,2,True,7.856715278364845e-12,5.732302060742943e-06
quality_regular_quality_score_soft_proxy_0_1,1,True,7.856715278364845e-12,5.732302060742943e-06
quality_one_sided_quality_score_soft_proxy_0_1,2,True,7.856715278364845e-12,5.732302060742943e-06
quality_regular_quality_score_soft_proxy_0_1,1,True,7.856715278364845e-12,5.732302060742943e-06
quality_one_sided_quality_score_soft_proxy_0_1,2,True,7.856715278364845e-12,5.732302060742943e-06
quality_regular_quality_score_soft_proxy_0_1,1,True,7.856715278364845e-12,5.732302060742943e-06
quality_one_sided_quality_score_soft_proxy_0_1,2,True,8.419309693863397e-11,6.142773996286471e-05
quality_regular_quality_score_soft_proxy_0_1,1,True,3.816813531898333e-11,2.7847678449824e-05
quality_one_sided_quality_score_soft_proxy_0_1,2,True,7.856715278364845e-12,5.732302060742943e-06
quality_regular_quality_score_soft_proxy_0_1,1,True,7.856715278364845e-12,5.732302060742943e-06
quality_one_sided_quality_score_soft_proxy_0_1,2,True,7.856715278364845e-12,5.732302060742943e-06
quality_regular_quality_score_soft_proxy_0_1,1,True,7.856715278364845e-12,5.732302060742943e-06
quality_one_sided_quality_score_soft_proxy_0_1,2,True,8.419309693863397e-11,6.142773996286471e-05
quality_regular_quality_score_soft_proxy_0_1,1,True,3.816813531898333e-11,2.7847678449824e-05
quality_one_sided_quality_score_soft_proxy_0_1,2,True,7.856715278364845e-12,5.732302060742943e-06
quality_regular_quality_score_soft_proxy_0_1,1,True,7.856715278364845e-12,5.732302060742943e-06
quality_one_sided_quality_score_soft_proxy_0_1,2,True,7.856715278364845e-12,5.732302060742943e-06
quality_regular_quality_score_soft_proxy_0_1,1,True,7.856715278364845e-12,5.732302060742943e-06
quality_one_sided_quality_score_soft_proxy_0_1,2,True,8.419309693863397e-11,6.142773996286471e-05
quality_regular_quality_score_soft_proxy_0_1,1,True,3.816813531898333e-11,2.7847678449824e-05
quality_one_sided_quality_score_soft_proxy_0_1,2,True,7.856715278364845e-12,5.732302060742943e-06
quality_regular_quality_score_soft_proxy_0_1,1,True,7.856715278364845e-12,5.732302060742943e-06
quality_one_sided_quality_score_soft_proxy_0_1,2,True,8.419309693863397e-11,6.142773996286471e-05
quality_regular_quality_score_soft_proxy_0_1,1,True,3.816813531898333e-11,2.7847678449824e-05
quality_one_sided_quality_score_soft_proxy_0_1,2,True,7.856715278364845e-12,5.732302060742943e-06
quality_regular_quality_score_soft_proxy_0_1,1,True,7.856715278364845e-12,5.732302060742943e-06
quality_one_sided_quality_score_soft_proxy_0_1,2,True,7.856715278364845e-12,5.732302060742943e-06
quality_regular_quality_score_soft_proxy_0_1,1,True,7.856715278364845e-12,5.732302060742943e-06
quality_one_sided_quality_score_soft_proxy_0_1,2,True,7.856715278364845e-12,5.732302060742943e-06
quality_regular_quality_score_soft_proxy_0_1,1,True,7.856715278364845e-12,5.732302060742943e-06
quality_one_sided_quality_score_soft_proxy_0_1,2,True,7.856715278364845e-12,5.732302060742943e-06
quality_regular_quality_score_soft_proxy_0_1,1,True,7.856715278364845e-12,5.732302060742943e-06
quality_one_sided_quality_score_soft_proxy_0_1,2,True,7.856715278364845e-12,5.732302060742943e-06
quality_regular_quality_score_soft_proxy_0_1,1,True,7.856715278364845e-12,5.732302060742943e-06
quality_one_sided_quality_score_soft_proxy_0_1,2,True,7.856715278364845e-12,5.732302060742943e-06
quality_regular_quality_score_soft_proxy_0_1,1,True,7.856715278364845e-12,5.732302060742943e-06
quality_one_sided_quality_score_soft_proxy_0_1,2,True,8.419309693863397e-11,6.142773996286471e-05
quality_regular_quality_score_soft_proxy_0_1,1,True,3.816813531898333e-11,2.7847678449824e-05
quality_one_sided_quality_score_soft_proxy_0_1,2,True,7.856715278364845e-12,5.732302060742943e-06
quality_regular_quality_score_soft_proxy_0_1,1,True,7.856715278364845e-12,5.732302060742943e-06
quality_one_sided_quality_score_soft_proxy_0_1,2,True,8.419309693863397e-11,6.142773996286471e-05
quality_regular_quality_score_soft_proxy_0_1,1,True,3.816813531898333e-11,2.7847678449824e-05
quality_one_sided_quality_score_soft_proxy_0_1,2,True,7.856715278364845e-12,5.732302060742943e-06
quality_regular_quality_score_soft_proxy_0_1,1,True,7.856715278364845e-12,5.732302060742943e-06
quality_one_sided_quality_score_soft_proxy_0_1,2,True,7.856715278364845e-12,5.732302060742943e-06
quality_regular_quality_score_soft_proxy_0_1,1,True,7.856715278364845e-12,5.732302060742943e-06
quality_one_sided_quality_score_soft_proxy_0_1,2,True,7.856715278364845e-12,5.732302060742943e-06
quality_regular_quality_score_soft_proxy_0_1,1,True,7.856715278364845e-12,5.732302060742943e-06
quality_one_sided_quality_score_soft_proxy_0_1,2,True,7.856715278364845e-12,5.732302060742943e-06
quality_regular_quality_score_soft_proxy_0_1,1,True,7.856715278364845e-12,5.732302060742943e-06
quality_one_sided_quality_score_soft_proxy_0_1,2,True,7.856715278364845e-12,5.732302060742943e-06
quality_regular_quality_score_soft_proxy_0_1,1,True,7.856715278364845e-12,5.732302060742943e-06
quality_one_sided_quality_score_soft_proxy_0_1,2,True,7.856715278364845e-12,5.732302060742943e-06
quality_regular_quality_score_soft_proxy_0_1,1,True,7.856715278364845e-12,5.732302060742943e-06
quality_one_sided_quality_score_soft_proxy_0_1,2,True,7.856715278364845e-12,5.732302060742943e-06
quality_regular_quality_score_soft_proxy_0_1,1,True,7.856715278364845e-12,5.732302060742943e-06
quality_one_sided_quality_score_soft_proxy_0_1,2,True,7.856715278364845e-12,5.732302060742943e-06
quality_regular_quality_score_soft_proxy_0_1,1,True,7.856715278364845e-12,5.732302060742943e-06
quality_one_sided_quality_score_soft_proxy_0_1,2,True,8.419309693863397e-11,6.142773996286471e-05
quality_regular_quality_score_soft_proxy_0_1,1,True,3.816813531898333e-11,2.7847678449824e-05
quality_one_sided_quality_score_soft_proxy_0_1,2,True,7.856715278364845e-12,5.732302060742943e-06
quality_regular_quality_score_soft_proxy_0_1,1,True,7.856715278364845e-12,5.732302060742943e-06
quality_one_sided_quality_score_soft_proxy_0_1,2,True,7.856715278364845e-12,5.732302060742943e-06
quality_regular_quality_score_soft_proxy_0_1,1,True,7.856715278364845e-12,5.732302060742943e-06
quality_one_sided_quality_score_soft_proxy_0_1,2,True,7.856715278364845e-12,5.732302060742943e-06
quality_regular_quality_score_soft_proxy_0_1,1,True,7.856715278364845e-12,5.732302060742943e-06
quality_one_sided_quality_score_soft_proxy_0_1,2,True,7.856715278364845e-12,5.732302060742943e-06
quality_regular_quality_score_soft_proxy_0_1,1,True,7.856715278364845e-12,5.732302060742943e-06
quality_one_sided_quality_score_soft_proxy_0_1,2,True,7.856715278364845e-12,5.732302060742943e-06
quality_regular_quality_score_soft_proxy_0_1,1,True,7.856715278364845e-12,5.732302060742943e-06
quality_one_sided_quality_score_soft_proxy_0_1,2,True,7.856715278364845e-12,5.732302060742943e-06
quality_regular_quality_score_soft_proxy_0_1,1,True,7.856715278364845e-12,5.732302060742943e-06
quality_one_sided_quality_score_soft_proxy_0_1,2,True,7.856715278364845e-12,5.732302060742943e-06
quality_regular_quality_score_soft_proxy_0_1,1,True,7.856715278364845e-12,5.732302060742943e-06
quality_one_sided_quality_score_soft_proxy_0_1,2,True,7.856715278364845e-12,5.732302060742943e-06
quality_regular_quality_score_soft_proxy_0_1,1,True,7.856715278364845e-12,5.732302060742943e-06
quality_one_sided_quality_score_soft_proxy_0_1,2,True,7.856715278364845e-12,5.732302060742943e-06
quality_regular_quality_score_soft_proxy_0_1,1,True,7.856715278364845e-12,5.732302060742943e-06
quality_one_sided_quality_score_soft_proxy_0_1,2,True,7.856715278364845e-12,5.732302060742943e-06
quality_regular_quality_score_soft_proxy_0_1,1,True,7.856715278364845e-12,5.732302060742943e-06
quality_one_sided_quality_score_soft_proxy_0_1,2,True,8.419309693863397e-11,6.142773996286471e-05
quality_regular_quality_score_soft_proxy_0_1,1,True,3.816813531898333e-11,2.7847678449824e-05
quality_one_sided_quality_score_soft_proxy_0_1,2,True,7.856715278364845e-12,5.732302060742943e-06
quality_regular_quality_score_soft_proxy_0_1,1,True,7.856715278364845e-12,5.732302060742943e-06
quality_one_sided_quality_score_soft_proxy_0_1,2,True,7.856715278364845e-12,5.732302060742943e-06
quality_regular_quality_score_soft_proxy_0_1,1,True,7.856715278364845e-12,5.732302060742943e-06
quality_one_sided_quality_score_soft_proxy_0_1,2,True,8.419309693863397e-11,6.142773996286471e-05
quality_regular_quality_score_soft_proxy_0_1,1,True,3.816813531898333e-11,2.7847678449824e-05
quality_one_sided_quality_score_soft_proxy_0_1,2,True,7.856715278364845e-12,5.732302060742943e-06
quality_regular_quality_score_soft_proxy_0_1,1,True,7.856715278364845e-12,5.732302060742943e-06
quality_one_sided_quality_score_soft_proxy_0_1,2,True,8.419309693863397e-11,6.142773996286471e-05
quality_regular_quality_score_soft_proxy_0_1,1,True,3.816813531898333e-11,2.7847678449824e-05
quality_one_sided_quality_score_soft_proxy_0_1,2,True,7.856715278364845e-12,5.732302060742943e-06
quality_regular_quality_score_soft_proxy_0_1,1,True,7.856715278364845e-12,5.732302060742943e-06
quality_one_sided_quality_score_soft_proxy_0_1,2,True,7.856715278364845e-12,5.732302060742943e-06
quality_regular_quality_score_soft_proxy_0_1,1,True,7.856715278364845e-12,5.732302060742943e-06
quality_one_sided_quality_score_soft_proxy_0_1,2,True,8.419309693863397e-11,6.142773996286471e-05
quality_regular_quality_score_soft_proxy_0_1,1,True,3.816813531898333e-11,2.7847678449824e-05
quality_one_sided_quality_score_soft_proxy_0_1,2,True,7.856715278364845e-12,5.732302060742943e-06
quality_regular_quality_score_soft_proxy_0_1,1,True,7.856715278364845e-12,5.732302060742943e-06
quality_one_sided_quality_score_soft_proxy_0_1,2,True,7.856715278364845e-12,5.732302060742943e-06
quality_regular_quality_score_soft_proxy_0_1,1,True,7.856715278364845e-12,5.732302060742943e-06
quality_one_sided_quality_score_soft_proxy_0_1,2,True,8.419309693863397e-11,6.142773996286471e-05
quality_regular_quality_score_soft_proxy_0_1,1,True,3.816813531898333e-11,2.7847678449824e-05
quality_one_sided_quality_score_soft_proxy_0_1,2,True,7.856715278364845e-12,5.732302060742943e-06
quality_regular_quality_score_soft_proxy_0_1,1,True,7.856715278364845e-12,5.732302060742943e-06
quality_one_sided_quality_score_soft_proxy_0_1,2,True,7.856715278364845e-12,5.732302060742943e-06
quality_regular_quality_score_soft_proxy_0_1,1,True,7.856715278364845e-12,5.732302060742943e-06
quality_one_sided_quality_score_soft_proxy_0_1,2,True,8.419309693863397e-11,6.142773996286471e-05
quality_regular_quality_score_soft_proxy_0_1,1,True,3.816813531898333e-11,2.7847678449824e-05
quality_one_sided_quality_score_soft_proxy_0_1,2,True,7.856715278364845e-12,5.732302060742943e-06
quality_one_sided_quality_score_soft_proxy_0_1,2,True,0.0,0.0
quality_regular_quality_score_soft_proxy_0_1,1,True,0.0,0.0
quality_one_sided_quality_score_soft_proxy_0_1,2,True,0.0,0.0
quality_regular_quality_score_soft_proxy_0_1,1,True,0.0,0.0
quality_one_sided_quality_score_soft_proxy_0_1,2,True,0.0,0.0
quality_regular_quality_score_soft_proxy_0_1,1,True,0.0,0.0
quality_one_sided_quality_score_soft_proxy_0_1,2,True,0.0,0.0
quality_regular_quality_score_soft_proxy_0_1,1,True,0.0,0.0
quality_one_sided_quality_score_soft_proxy_0_1,2,True,0.0,0.0
quality_regular_quality_score_soft_proxy_0_1,1,True,0.0,0.0
quality_one_sided_quality_score_soft_proxy_0_1,2,True,0.0,0.0
quality_regular_quality_score_soft_proxy_0_1,1,True,0.0,0.0
quality_one_sided_quality_score_soft_proxy_0_1,2,True,0.0,0.0
quality_regular_quality_score_soft_proxy_0_1,1,True,0.0,0.0
quality_one_sided_quality_score_soft_proxy_0_1,2,True,0.0,0.0
quality_regular_quality_score_soft_proxy_0_1,1,True,0.0,0.0
quality_one_sided_quality_score_soft_proxy_0_1,2,True,0.0,0.0
quality_regular_quality_score_soft_proxy_0_1,1,True,0.0,0.0
quality_one_sided_quality_score_soft_proxy_0_1,2,True,0.0,0.0
quality_regular_quality_score_soft_proxy_0_1,1,True,0.0,0.0
Q_loading_path_quality_score_soft_proxy_0_1,17,True,7.216449660063518e-16,1.3280890487829398e-09
Q_path_convex_minus_quality_score_soft_proxy_0_1,17,True,2.7755575615628914e-17,1.9566614799329395e-10
Q_path_convex_plus_quality_score_soft_proxy_0_1,17,True,2.7755575615628914e-17,1.758160977706913e-10
Q_fixed_residual_predictor_quality_score_soft_proxy_0_1,1,True,7.856715278364845e-12,5.732302060742943e-06
Q_path_residual_zero_quality_score_soft_proxy_0_1,17,True,6.294725347520333e-18,3.1473626737601665e-10
simplex_direction_reconstruction,17,True,8.881784197001252e-16,2.776641763735377e-08
simplex_convex_minus,17,True,2.7755575615628914e-17,1.8216822498237279e-10
simplex_convex_plus,17,True,2.7755575615628914e-17,1.8216822498237279e-10
simplex_predictor_Q_A_topsis_0_1,1,True,3.071987109137808e-13,9.406969651349776e-07
pair_logratio_elasticity_Q_A_topsis_0_1,1,True,2.3053651002080677e-13,8.633815427117114e-06
simplex_predictor_quality_score_soft_proxy_0_1,1,True,6.183942247162122e-13,8.935754403666762e-06
pair_logratio_elasticity_quality_score_soft_proxy_0_1,1,True,2.052559728085712e-12,9.739023761410735e-05
simplex_direction_reconstruction,17,True,2.4424906541753444e-15,1.2212453270876722e-07
simplex_convex_minus,17,True,5.551115123125783e-17,2.1434929745347573e-10
simplex_convex_plus,17,True,4.163336342344337e-17,1.9486744132765333e-10
simplex_predictor_Q_A_topsis_0_1,1,True,3.353761712787673e-12,7.337140046970236e-07
pair_logratio_elasticity_Q_A_topsis_0_1,1,True,4.9203128550667774e-11,0.0016037958003709304
simplex_predictor_quality_score_soft_proxy_0_1,1,True,3.3999469906120794e-12,7.150972280015541e-07
pair_logratio_elasticity_quality_score_soft_proxy_0_1,1,True,4.997619505731077e-11,0.0016064365189501861
simplex_direction_reconstruction,17,True,2.220446049250313e-15,1.5157146371347352e-08
simplex_convex_minus,17,True,5.551115123125783e-17,2.5982325510353774e-10
simplex_convex_plus,17,True,4.163336342344337e-17,1.7246535105575478e-10
simplex_predictor_Q_A_topsis_0_1,1,True,2.440270208126094e-13,1.7593985758829377e-06
pair_logratio_elasticity_Q_A_topsis_0_1,1,True,4.509807674871191e-12,0.00019761742857130253
simplex_predictor_quality_score_soft_proxy_0_1,1,True,3.530509218307998e-13,1.1715402455075378e-06
pair_logratio_elasticity_quality_score_soft_proxy_0_1,1,True,6.919638473323886e-12,0.00025929390062811057
simplex_direction_reconstruction,17,True,1.429412144204889e-15,7.147060721024445e-08
simplex_convex_minus,17,True,2.7755575615628914e-17,1.2681605113953863e-10
simplex_convex_plus,17,True,5.551115123125783e-17,2.2995380140767303e-10
simplex_predictor_Q_A_topsis_0_1,1,True,1.3252732244950494e-12,4.0607799352017005e-06
pair_logratio_elasticity_Q_A_topsis_0_1,1,True,7.701005631799429e-13,2.985664004461201e-05
simplex_predictor_quality_score_soft_proxy_0_1,1,True,6.575850974854802e-13,6.35346003544997e-07
pair_logratio_elasticity_quality_score_soft_proxy_0_1,1,True,2.0968712877156293e-12,5.3500100082426185e-05
simplex_direction_reconstruction,17,True,1.9984014443252818e-15,7.077671781985373e-08
simplex_convex_minus,17,True,5.551115123125783e-17,2.24279884018506e-10
simplex_convex_plus,17,True,5.551115123125783e-17,2.24279884018506e-10
simplex_predictor_Q_A_topsis_0_1,1,True,2.8985702726913587e-12,1.026599248959609e-06
pair_logratio_elasticity_Q_A_topsis_0_1,1,True,3.061386213976114e-12,6.891696017129478e-05
simplex_predictor_quality_score_soft_proxy_0_1,1,True,9.887646257311644e-13,3.334566493085784e-07
pair_logratio_elasticity_quality_score_soft_proxy_0_1,1,True,5.955656107170526e-12,0.00013044631363763888
simplex_direction_reconstruction,17,True,1.3322676295501878e-15,4.9960036108132044e-08
simplex_convex_minus,17,True,5.551115123125783e-17,2.1434929745347573e-10
simplex_convex_plus,17,True,2.7755575615628914e-17,1.6219047336788632e-10
simplex_predictor_Q_A_topsis_0_1,1,True,1.7541523789077473e-14,3.783274559233855e-08
pair_logratio_elasticity_Q_A_topsis_0_1,1,True,2.3816764532780255e-12,7.83429339550388e-05
simplex_predictor_quality_score_soft_proxy_0_1,1,True,5.331290964250002e-13,1.0238829584897558e-06
pair_logratio_elasticity_quality_score_soft_proxy_0_1,1,True,3.433774965755365e-12,0.00010819235914994027
simplex_direction_reconstruction,17,True,2.6645352591003757e-15,9.71445146547012e-08
simplex_convex_minus,17,True,2.7755575615628914e-17,1.6311887439522567e-10
simplex_convex_plus,17,True,5.551115123125783e-17,2.5363210227907726e-10
simplex_predictor_Q_A_topsis_0_1,1,True,2.913225216616411e-13,3.3094780405456595e-08
pair_logratio_elasticity_Q_A_topsis_0_1,1,True,1.0237295559878401e-10,0.002607045095778183
simplex_predictor_quality_score_soft_proxy_0_1,1,True,2.851940905657102e-12,3.1741383610136547e-07
pair_logratio_elasticity_quality_score_soft_proxy_0_1,1,True,1.0356237568898141e-10,0.002610751198993549
simplex_direction_reconstruction,17,True,1.7763568394002505e-15,3.2786273695961654e-08
simplex_convex_minus,17,True,4.163336342344337e-17,1.6934798215955009e-10
simplex_convex_plus,17,True,5.551115123125783e-17,2.5982325510353774e-10
simplex_predictor_Q_A_topsis_0_1,1,True,2.0761170560490427e-13,3.491761780724658e-07
pair_logratio_elasticity_Q_A_topsis_0_1,1,True,3.3288927170360694e-12,0.00010167567537995307
simplex_predictor_quality_score_soft_proxy_0_1,1,True,1.2678746941219288e-12,1.1116432611477287e-06
pair_logratio_elasticity_quality_score_soft_proxy_0_1,1,True,1.4073655435486998e-12,3.138203499392465e-05
simplex_direction_reconstruction,17,True,7.105427357601002e-15,3.552713678800501e-07
simplex_convex_minus,17,True,2.7755575615628914e-17,1.2191690593121703e-10
simplex_convex_plus,17,True,2.7755575615628914e-17,1.9566653842687665e-10
simplex_predictor_Q_A_topsis_0_1,1,True,2.2364332608049153e-12,2.4315959410774854e-07
pair_logratio_elasticity_Q_A_topsis_0_1,1,True,2.788090513669572e-10,0.009837066752209574
simplex_predictor_quality_score_soft_proxy_0_1,1,True,1.723066134218243e-13,1.7934503686844186e-08
pair_logratio_elasticity_quality_score_soft_proxy_0_1,1,True,2.9164415240451325e-10,0.010156311606503635
simplex_direction_reconstruction,17,True,1.3322676295501878e-15,3.920475055707584e-08
simplex_convex_minus,17,True,8.326672684688674e-17,3.4493070211150955e-10
simplex_convex_plus,17,True,6.938893903907228e-17,2.6793662181684467e-10
simplex_predictor_Q_A_topsis_0_1,1,True,1.943778471513724e-12,2.893518575975178e-06
pair_logratio_elasticity_Q_A_topsis_0_1,1,True,2.6086858367913024e-13,8.977550290998957e-06
simplex_predictor_quality_score_soft_proxy_0_1,1,True,2.1971313657331848e-13,2.512703861327861e-07
pair_logratio_elasticity_quality_score_soft_proxy_0_1,1,True,4.802668679415589e-14,1.5067652974877213e-06
simplex_direction_reconstruction,17,True,8.881784197001252e-16,2.0296264668928643e-08
simplex_convex_minus,17,True,4.163336342344337e-17,1.9486744132765333e-10
simplex_convex_plus,17,True,4.163336342344337e-17,1.8216822498237279e-10
simplex_predictor_Q_A_topsis_0_1,1,True,3.0120350658080497e-13,1.060855724281363e-06
pair_logratio_elasticity_Q_A_topsis_0_1,1,True,1.7726705520137997e-13,6.708084076301568e-06
simplex_predictor_quality_score_soft_proxy_0_1,1,True,2.727262859991697e-12,5.529637179302004e-06
pair_logratio_elasticity_quality_score_soft_proxy_0_1,1,True,1.4564313297049658e-12,4.6204548808569485e-05
simplex_direction_reconstruction,17,True,1.1657341758564144e-15,5.828670879282072e-08
simplex_convex_minus,17,True,2.7755575615628914e-17,1.2991162755176887e-10
simplex_convex_plus,17,True,4.163336342344337e-17,2.3521675618772203e-10
simplex_predictor_Q_A_topsis_0_1,1,True,4.4142467459096224e-13,9.479610094324491e-08
pair_logratio_elasticity_Q_A_topsis_0_1,1,True,1.1689840068163093e-11,0.00022281485819904929
simplex_predictor_quality_score_soft_proxy_0_1,1,True,6.794564910705958e-13,1.3453353142499936e-07
pair_logratio_elasticity_quality_score_soft_proxy_0_1,1,True,1.0806328054613346e-11,0.00019568768262716998
simplex_direction_reconstruction,17,True,2.130240428499519e-15,1.0651202142497596e-07
simplex_convex_minus,17,True,5.551115123125783e-17,2.2995380140767303e-10
simplex_convex_plus,17,True,2.7755575615628914e-17,1.2991162755176887e-10
simplex_predictor_Q_A_topsis_0_1,1,True,5.961897642237091e-13,2.2847786480250096e-07
pair_logratio_elasticity_Q_A_topsis_0_1,1,True,1.2777455309087582e-11,0.00039406112622159255
simplex_predictor_quality_score_soft_proxy_0_1,1,True,5.471179065352771e-13,1.7838669656731218e-07
pair_logratio_elasticity_quality_score_soft_proxy_0_1,1,True,1.2940034460617866e-11,0.00037376269652649076
simplex_direction_reconstruction,17,True,1.3183898417423734e-15,6.591949208711867e-08
simplex_convex_minus,17,True,4.163336342344337e-17,1.6934798215955009e-10
simplex_convex_plus,17,True,4.163336342344337e-17,1.8216822498237279e-10
simplex_predictor_Q_A_topsis_0_1,1,True,2.9594104944408173e-12,7.28486392292704e-07
pair_logratio_elasticity_Q_A_topsis_0_1,1,True,2.060540973958247e-11,0.0005437128541856464
simplex_predictor_quality_score_soft_proxy_0_1,1,True,9.769962616701378e-13,2.1923922975883427e-07
pair_logratio_elasticity_quality_score_soft_proxy_0_1,1,True,2.0752212448460483e-11,0.0005234966865876624
simplex_direction_reconstruction,17,True,1.9984014443252818e-15,3.972516759986888e-08
simplex_convex_minus,17,True,4.163336342344337e-17,1.7246535105575478e-10
simplex_convex_plus,17,True,5.551115123125783e-17,2.2995380140767303e-10
simplex_predictor_Q_A_topsis_0_1,1,True,2.3738788712535097e-12,3.4067021107521756e-06
pair_logratio_elasticity_Q_A_topsis_0_1,1,True,1.011535473438574e-12,3.176703978396073e-05
simplex_predictor_quality_score_soft_proxy_0_1,1,True,1.957989326228926e-12,2.2781008330718667e-06
pair_logratio_elasticity_quality_score_soft_proxy_0_1,1,True,1.5993942281689044e-12,4.6107631590916154e-05
simplex_direction_reconstruction,17,True,1.3322676295501878e-15,5.7202506620335214e-08
simplex_convex_minus,17,True,5.551115123125783e-17,2.2995380140767303e-10
simplex_convex_plus,17,True,5.551115123125783e-17,2.2995380140767303e-10
simplex_predictor_Q_A_topsis_0_1,1,True,1.3592460490485792e-12,4.9016552419113615e-06
pair_logratio_elasticity_Q_A_topsis_0_1,1,True,3.6417579021841284e-12,0.00014634618720060384
simplex_predictor_quality_score_soft_proxy_0_1,1,True,7.247535904753022e-13,1.3910381771215422e-06
pair_logratio_elasticity_quality_score_soft_proxy_0_1,1,True,2.3013362049351116e-13,7.798209192303678e-06
simplex_direction_reconstruction,17,True,8.881784197001252e-16,2.776641763735377e-08
simplex_convex_minus,17,True,2.7755575615628914e-17,1.8216822498237279e-10
simplex_convex_plus,17,True,2.7755575615628914e-17,1.8216822498237279e-10
simplex_predictor_Q_A_topsis_0_1,1,True,3.071987109137808e-13,9.406969651349776e-07
pair_logratio_elasticity_Q_A_topsis_0_1,1,True,2.3053651002080677e-13,8.633815427117114e-06
simplex_predictor_quality_score_soft_proxy_0_1,1,True,6.183942247162122e-13,8.935754403666762e-06
pair_logratio_elasticity_quality_score_soft_proxy_0_1,1,True,2.052559728085712e-12,9.739023761410735e-05
simplex_direction_reconstruction,17,True,5.717648576819556e-15,2.858824288409778e-07
simplex_convex_minus,17,True,2.7755575615628914e-17,1.3003335332536082e-10
simplex_convex_plus,17,True,6.938893903907228e-17,2.803498550231325e-10
simplex_predictor_Q_A_topsis_0_1,1,True,8.260059303211165e-13,1.6935014014572116e-07
pair_logratio_elasticity_Q_A_topsis_0_1,1,True,5.1287606973871025e-11,0.0016383260076144246
simplex_predictor_quality_score_soft_proxy_0_1,1,True,4.2232883856740955e-13,8.975561158001611e-08
pair_logratio_elasticity_quality_score_soft_proxy_0_1,1,True,4.885222174705328e-11,0.001580765222062234
simplex_direction_reconstruction,17,True,1.1102230246251565e-15,3.885780586188048e-08
simplex_convex_minus,17,True,5.551115123125783e-17,2.4383381186243405e-10
simplex_convex_plus,17,True,5.551115123125783e-17,2.2995380140767303e-10
simplex_predictor_Q_A_topsis_0_1,1,True,6.317169010117141e-14,1.418746477968124e-07
pair_logratio_elasticity_Q_A_topsis_0_1,1,True,1.4875080334153523e-12,5.0726571822117484e-05
simplex_predictor_quality_score_soft_proxy_0_1,1,True,2.653433028854124e-13,1.0523160289786837e-06
pair_logratio_elasticity_quality_score_soft_proxy_0_1,1,True,4.310584875155676e-12,0.0001718049349403657
simplex_direction_reconstruction,17,True,1.0130785099704553e-15,5.065392549852277e-08
simplex_convex_minus,17,True,5.551115123125783e-17,2.5363210227907726e-10
simplex_convex_plus,17,True,8.326672684688674e-17,3.2152394618021363e-10
simplex_predictor_Q_A_topsis_0_1,1,True,3.4228175849193576e-12,5.407941588407492e-06
pair_logratio_elasticity_Q_A_topsis_0_1,1,True,2.929452687372436e-12,9.491187108843885e-05
simplex_predictor_quality_score_soft_proxy_0_1,1,True,2.181255176481045e-12,2.2126782079029535e-06
pair_logratio_elasticity_quality_score_soft_proxy_0_1,1,True,1.2847292674145194e-12,3.460998713183043e-05
simplex_direction_reconstruction,17,True,2.55351295663786e-15,1.0547118733938987e-07
simplex_convex_minus,17,True,5.551115123125783e-17,2.256137681108558e-10
simplex_convex_plus,17,True,5.551115123125783e-17,2.5363210227907726e-10
simplex_predictor_Q_A_topsis_0_1,1,True,3.710365348297273e-13,1.1854076852675602e-07
pair_logratio_elasticity_Q_A_topsis_0_1,1,True,4.3321145282160245e-12,9.359963374901795e-05
simplex_predictor_quality_score_soft_proxy_0_1,1,True,3.703704010149522e-13,1.2701349879726463e-07
pair_logratio_elasticity_quality_score_soft_proxy_0_1,1,True,6.322654205748179e-12,0.00014216339313093975
simplex_direction_reconstruction,17,True,1.9984014443252818e-15,4.7271214720367993e-08
simplex_convex_minus,17,True,2.7755575615628914e-17,2.4383381186243405e-10
simplex_convex_plus,17,True,5.551115123125783e-17,2.256137681108558e-10
simplex_predictor_Q_A_topsis_0_1,1,True,3.247402347028583e-13,2.0671608467078357e-06
pair_logratio_elasticity_Q_A_topsis_0_1,1,True,1.95278970945012e-12,8.50214593914614e-05
simplex_predictor_quality_score_soft_proxy_0_1,1,True,8.526512829121202e-14,1.8084227403287707e-07
pair_logratio_elasticity_quality_score_soft_proxy_0_1,1,True,3.982085494680376e-12,0.0001337390064059657
simplex_direction_reconstruction,17,True,1.887379141862766e-15,9.43689570931383e-08
simplex_convex_minus,17,True,5.551115123125783e-17,3.2623774879045133e-10
simplex_convex_plus,17,True,2.7755575615628914e-17,1.6311887439522567e-10
simplex_predictor_Q_A_topsis_0_1,1,True,2.204458837695711e-12,2.4200255788513824e-07
pair_logratio_elasticity_Q_A_topsis_0_1,1,True,1.0398168263925367e-10,0.0026134529337233027
simplex_predictor_quality_score_soft_proxy_0_1,1,True,9.707790127322369e-13,1.0864020793626612e-07
pair_logratio_elasticity_quality_score_soft_proxy_0_1,1,True,1.0190554997069334e-10,0.002585821354637582
simplex_direction_reconstruction,17,True,1.5543122344752192e-15,2.8731357570865868e-08
simplex_convex_minus,17,True,8.326672684688674e-17,3.8010081503108113e-10
simplex_convex_plus,17,True,4.163336342344337e-17,2.4467831159283847e-10
simplex_predictor_Q_A_topsis_0_1,1,True,9.958700530887654e-14,1.1051214692185468e-07
pair_logratio_elasticity_Q_A_topsis_0_1,1,True,1.8847944038835607e-13,4.944466051377486e-06
simplex_predictor_quality_score_soft_proxy_0_1,1,True,6.494804694057166e-13,5.951239317891209e-07
pair_logratio_elasticity_quality_score_soft_proxy_0_1,1,True,6.0126122830572726e-12,0.00014305407795864037
simplex_direction_reconstruction,17,True,4.6629367034256575e-15,2.3314683517128287e-07
simplex_convex_minus,17,True,2.7755575615628914e-17,1.8216822498237279e-10
simplex_convex_plus,17,True,4.163336342344337e-17,1.682099130138795e-10
simplex_predictor_Q_A_topsis_0_1,1,True,3.232969447708456e-13,3.401710074186901e-08
pair_logratio_elasticity_Q_A_topsis_0_1,1,True,2.8651604786628093e-10,0.010020215802967676
simplex_predictor_quality_score_soft_proxy_0_1,1,True,7.904787935331115e-13,8.270039186790904e-08
pair_logratio_elasticity_quality_score_soft_proxy_0_1,1,True,2.8790498630970607e-10,0.01005146550241594
simplex_direction_reconstruction,17,True,1.27675647831893e-15,6.38378239159465e-08
simplex_convex_minus,17,True,2.7755575615628914e-17,1.2681605113953863e-10
simplex_convex_plus,17,True,4.163336342344337e-17,1.9468519419440498e-10
simplex_predictor_Q_A_topsis_0_1,1,True,5.838662886503698e-13,5.967959728768828e-07
pair_logratio_elasticity_Q_A_topsis_0_1,1,True,2.789331265962147e-13,8.531278706255328e-06
simplex_predictor_quality_score_soft_proxy_0_1,1,True,3.986810881428937e-13,4.831299182620614e-07
pair_logratio_elasticity_quality_score_soft_proxy_0_1,1,True,2.9265478929119126e-12,9.543053311558133e-05
simplex_direction_reconstruction,17,True,8.482797797526587e-16,4.2413988987632933e-08
simplex_convex_minus,17,True,4.163336342344337e-17,1.7246535105575478e-10
simplex_convex_plus,17,True,2.7755575615628914e-17,2.34422104938317e-10
simplex_predictor_Q_A_topsis_0_1,1,True,5.995204332975845e-15,1.015293033174733e-08
pair_logratio_elasticity_Q_A_topsis_0_1,1,True,6.180039119341174e-14,1.8847126001290454e-06
simplex_predictor_quality_score_soft_proxy_0_1,1,True,2.3320234632251413e-12,5.252260091428974e-06
pair_logratio_elasticity_quality_score_soft_proxy_0_1,1,True,5.044766687722912e-13,1.709734546463769e-05
simplex_direction_reconstruction,17,True,1.1934897514720433e-15,5.967448757360216e-08
simplex_convex_minus,17,True,4.163336342344337e-17,1.7246535105575478e-10
simplex_convex_plus,17,True,5.551115123125783e-17,2.595802589258733e-10
simplex_predictor_Q_A_topsis_0_1,1,True,1.341149413747189e-13,2.7022223385878856e-08
pair_logratio_elasticity_Q_A_topsis_0_1,1,True,1.1827063634006763e-11,0.00021993271721895683
simplex_predictor_quality_score_soft_proxy_0_1,1,True,6.128431095930864e-14,1.2253780261249991e-08
pair_logratio_elasticity_quality_score_soft_proxy_0_1,1,True,1.0811351813799774e-11,0.0002000756738843254
simplex_direction_reconstruction,17,True,1.9984014443252818e-15,8.27463098040937e-08
simplex_convex_minus,17,True,2.7755575615628914e-17,1.6311887439522567e-10
simplex_convex_plus,17,True,4.163336342344337e-17,1.9468519419440498e-10
simplex_predictor_Q_A_topsis_0_1,1,True,1.3171685964152857e-12,4.517095839774317e-07
pair_logratio_elasticity_Q_A_topsis_0_1,1,True,1.423908560505005e-11,0.0004229694761467912
simplex_predictor_quality_score_soft_proxy_0_1,1,True,1.1655121312514893e-12,3.8620885072291755e-07
pair_logratio_elasticity_quality_score_soft_proxy_0_1,1,True,1.2735454184287232e-11,0.00037297911865287426
simplex_direction_reconstruction,17,True,1.394717674685353e-15,6.973588373426765e-08
simplex_convex_minus,17,True,5.551115123125783e-17,2.6006670665072165e-10
simplex_convex_plus,17,True,4.163336342344337e-17,1.9566653842687665e-10
simplex_predictor_Q_A_topsis_0_1,1,True,4.3165471197426086e-13,9.879999293888709e-08
pair_logratio_elasticity_Q_A_topsis_0_1,1,True,2.084523179068931e-11,0.0005350622736102015
simplex_predictor_quality_score_soft_proxy_0_1,1,True,3.588240815588506e-13,8.141958820311801e-08
pair_logratio_elasticity_quality_score_soft_proxy_0_1,1,True,2.0319067609020358e-11,0.000519341128481695
simplex_direction_reconstruction,17,True,1.1102230246251565e-15,3.41740524767431e-08
simplex_convex_minus,17,True,5.551115123125783e-17,2.256137681108558e-10
simplex_convex_plus,17,True,2.7755575615628914e-17,1.6311887439522567e-10
simplex_predictor_Q_A_topsis_0_1,1,True,1.5376588891058418e-13,1.532462179516482e-07
pair_logratio_elasticity_Q_A_topsis_0_1,1,True,8.642409704551213e-13,2.3870734379359204e-05
simplex_predictor_quality_score_soft_proxy_0_1,1,True,1.864508547555488e-12,2.301070689354303e-06
pair_logratio_elasticity_quality_score_soft_proxy_0_1,1,True,3.059670572458373e-12,9.265328949268753e-05
simplex_direction_reconstruction,17,True,9.35015953551499e-16,4.675079767757495e-08
simplex_convex_minus,17,True,5.551115123125783e-17,2.5363210227907726e-10
simplex_convex_plus,17,True,4.163336342344337e-17,1.9022407670930793e-10
simplex_predictor_Q_A_topsis_0_1,1,True,2.774447338538266e-12,4.751836086104223e-06
pair_logratio_elasticity_Q_A_topsis_0_1,1,True,1.195155953370719e-12,3.979633852143166e-05
simplex_predictor_quality_score_soft_proxy_0_1,1,True,1.0635936575909e-13,2.2542750453710235e-07
pair_logratio_elasticity_quality_score_soft_proxy_0_1,1,True,8.94854502997422e-13,3.191554449540748e-05
simplex_direction_reconstruction,17,True,2.4424906541753444e-15,1.2212453270876722e-07
simplex_convex_minus,17,True,4.163336342344337e-17,1.9486744132765333e-10
simplex_convex_plus,17,True,5.551115123125783e-17,2.1434929745347573e-10
simplex_predictor_Q_A_topsis_0_1,1,True,3.353761712787673e-12,7.337140046970236e-07
pair_logratio_elasticity_Q_A_topsis_0_1,1,True,4.9203128550667774e-11,0.0016037958003709304
simplex_predictor_quality_score_soft_proxy_0_1,1,True,3.3999469906120794e-12,7.150972280015541e-07
pair_logratio_elasticity_quality_score_soft_proxy_0_1,1,True,4.997619505731077e-11,0.0016064365189501861
simplex_direction_reconstruction,17,True,5.717648576819556e-15,2.858824288409778e-07
simplex_convex_minus,17,True,6.938893903907228e-17,2.803498550231325e-10
simplex_convex_plus,17,True,2.7755575615628914e-17,1.3003335332536082e-10
simplex_predictor_Q_A_topsis_0_1,1,True,8.260059303211165e-13,1.6935014014572116e-07
pair_logratio_elasticity_Q_A_topsis_0_1,1,True,5.1287606973871025e-11,0.0016383260076144246
simplex_predictor_quality_score_soft_proxy_0_1,1,True,4.2232883856740955e-13,8.975561158001611e-08
pair_logratio_elasticity_quality_score_soft_proxy_0_1,1,True,4.885222174705328e-11,0.001580765222062234
simplex_direction_reconstruction,17,True,3.969047313034935e-15,1.9845236565174673e-07
simplex_convex_minus,17,True,4.163336342344337e-17,1.9022407670930793e-10
simplex_convex_plus,17,True,2.7755575615628914e-17,2.445831730335958e-10
simplex_predictor_Q_A_topsis_0_1,1,True,8.895106873296754e-13,1.9978949400843984e-07
pair_logratio_elasticity_Q_A_topsis_0_1,1,True,4.747135410460013e-11,0.0015613548538299152
simplex_predictor_quality_score_soft_proxy_0_1,1,True,6.874500968478969e-13,1.5368305323415074e-07
pair_logratio_elasticity_quality_score_soft_proxy_0_1,1,True,4.798722703924785e-11,0.0015757760626995587
simplex_direction_reconstruction,17,True,4.107825191113079e-15,2.0539125955565396e-07
simplex_convex_minus,17,True,4.163336342344337e-17,1.682099130138795e-10
simplex_convex_plus,17,True,4.163336342344337e-17,1.9486744132765333e-10
simplex_predictor_Q_A_topsis_0_1,1,True,1.9184653865522705e-13,4.498603999395843e-08
pair_logratio_elasticity_Q_A_topsis_0_1,1,True,4.3042128888837183e-11,0.0014483993363187573
simplex_predictor_quality_score_soft_proxy_0_1,1,True,1.837197061149709e-12,4.912920883772475e-07
pair_logratio_elasticity_quality_score_soft_proxy_0_1,1,True,3.7306711539453197e-11,0.001308317651499387
simplex_direction_reconstruction,17,True,4.0245584642661925e-15,2.0122792321330962e-07
simplex_convex_minus,17,True,5.551115123125783e-17,2.2995380140767303e-10
simplex_convex_plus,17,True,4.163336342344337e-17,2.4383381186243405e-10
simplex_predictor_Q_A_topsis_0_1,1,True,4.551914400963142e-13,2.575383487035154e-07
pair_logratio_elasticity_Q_A_topsis_0_1,1,True,1.4434224215181812e-11,0.0006141223610491011
simplex_predictor_quality_score_soft_proxy_0_1,1,True,5.1958437552457326e-14,2.871699400551898e-08
pair_logratio_elasticity_quality_score_soft_proxy_0_1,1,True,1.4201555513168596e-11,0.0006020733281014323
simplex_direction_reconstruction,17,True,3.552713678800501e-15,1.7763568394002505e-07
simplex_convex_minus,17,True,2.7755575615628914e-17,1.2991162755176887e-10
simplex_convex_plus,17,True,5.551115123125783e-17,2.256137681108558e-10
simplex_predictor_Q_A_topsis_0_1,1,True,1.0693668173189508e-12,2.1325073619916111e-07
pair_logratio_elasticity_Q_A_topsis_0_1,1,True,5.390167392288481e-11,0.0016999340991702223
simplex_predictor_quality_score_soft_proxy_0_1,1,True,3.9332981316420046e-12,9.246484932375821e-07
pair_logratio_elasticity_quality_score_soft_proxy_0_1,1,True,4.4874495612468035e-11,0.0014995784071401546
simplex_direction_reconstruction,17,True,4.107825191113079e-15,2.0539125955565396e-07
simplex_convex_minus,17,True,5.551115123125783e-17,2.5982325510353774e-10
simplex_convex_plus,17,True,2.7755575615628914e-17,1.2681605113953863e-10
simplex_predictor_Q_A_topsis_0_1,1,True,1.3784529073745944e-12,3.2420957648813494e-07
pair_logratio_elasticity_Q_A_topsis_0_1,1,True,2.6260030174668492e-11,0.001048755387906854
simplex_predictor_quality_score_soft_proxy_0_1,1,True,5.480060849549773e-13,1.2893031245896072e-07
pair_logratio_elasticity_quality_score_soft_proxy_0_1,1,True,2.5884965178246677e-11,0.0010338416274787187
simplex_direction_reconstruction,17,True,3.3306690738754696e-15,1.2212453270876722e-07
simplex_convex_minus,17,True,2.7755575615628914e-17,1.8216822498237279e-10
simplex_convex_plus,17,True,6.938893903907228e-17,4.0779718598806414e-10
simplex_predictor_Q_A_topsis_0_1,1,True,9.259260025373806e-13,2.3169217462103514e-07
pair_logratio_elasticity_Q_A_topsis_0_1,1,True,4.214125576273986e-11,0.0014398337667058685
simplex_predictor_quality_score_soft_proxy_0_1,1,True,2.2715163083830703e-13,6.250761891853711e-08
pair_logratio_elasticity_quality_score_soft_proxy_0_1,1,True,3.9196801186747177e-11,0.001379027867238744
simplex_direction_reconstruction,17,True,1.0769163338864018e-14,5.384581669432009e-07
simplex_convex_minus,17,True,6.938893903907228e-17,2.6793662181684467e-10
simplex_convex_plus,17,True,5.551115123125783e-17,2.1434929745347573e-10
simplex_predictor_Q_A_topsis_0_1,1,True,1.071143174158351e-12,2.3052937320406722e-07
pair_logratio_elasticity_Q_A_topsis_0_1,1,True,8.130445990940649e-11,0.0035169967040375558
simplex_predictor_quality_score_soft_proxy_0_1,1,True,1.213251721310371e-12,2.489730452554393e-07
pair_logratio_elasticity_quality_score_soft_proxy_0_1,1,True,8.51907116898587e-11,0.0036609262416766896
simplex_direction_reconstruction,17,True,5.079270337660091e-15,2.5396351688300456e-07
simplex_convex_minus,17,True,5.551115123125783e-17,2.1434929745347573e-10
simplex_convex_plus,17,True,2.7755575615628914e-17,1.6311887439522567e-10
simplex_predictor_Q_A_topsis_0_1,1,True,8.104628079763643e-13,2.0679456319704358e-07
pair_logratio_elasticity_Q_A_topsis_0_1,1,True,3.643883372123069e-11,0.0012761903493305042
simplex_predictor_quality_score_soft_proxy_0_1,1,True,8.211209490127658e-13,2.1053763119592218e-07
pair_logratio_elasticity_quality_score_soft_proxy_0_1,1,True,3.66701590967522e-11,0.00128617468040097
simplex_direction_reconstruction,17,True,4.551914400963142e-15,2.275957200481571e-07
simplex_convex_minus,17,True,5.551115123125783e-17,2.2995380140767303e-10
simplex_convex_plus,17,True,2.7755575615628914e-17,1.1497690070383651e-10
simplex_predictor_Q_A_topsis_0_1,1,True,1.3882228699912957e-12,3.223168050546991e-07
pair_logratio_elasticity_Q_A_topsis_0_1,1,True,4.6920486593271526e-11,0.0015594998323336944
simplex_predictor_quality_score_soft_proxy_0_1,1,True,2.7542412794900883e-12,6.433165432630005e-07
pair_logratio_elasticity_quality_score_soft_proxy_0_1,1,True,4.532863147332922e-11,0.0015096250445496614
simplex_direction_reconstruction,17,True,2.942091015256665e-15,1.4710455076283324e-07
simplex_convex_minus,17,True,5.551115123125783e-17,2.24279884018506e-10
simplex_convex_plus,17,True,4.163336342344337e-17,1.6921032608314186e-10
simplex_predictor_Q_A_topsis_0_1,1,True,1.5283330156989905e-12,1.4468564649611962e-05
pair_logratio_elasticity_Q_A_topsis_0_1,1,True,6.696622829828122e-13,3.321315237208959e-05
simplex_predictor_quality_score_soft_proxy_0_1,1,True,4.0796255262876e-12,1.2912743298726616e-05
pair_logratio_elasticity_quality_score_soft_proxy_0_1,1,True,1.879150372634253e-12,9.139031360000976e-05
simplex_direction_reconstruction,17,True,2.886579864025407e-15,1.4432899320127035e-07
simplex_convex_minus,17,True,2.7755575615628914e-17,1.8216822498237279e-10
simplex_convex_plus,17,True,5.551115123125783e-17,2.24279884018506e-10
simplex_predictor_Q_A_topsis_0_1,1,True,2.7112756484370948e-12,1.3682667131756155e-06
pair_logratio_elasticity_Q_A_topsis_0_1,1,True,1.2028117217510736e-11,0.0005159730477181897
simplex_predictor_quality_score_soft_proxy_0_1,1,True,1.5878409698188989e-12,9.299264278967776e-07
pair_logratio_elasticity_quality_score_soft_proxy_0_1,1,True,1.0602258437505951e-11,0.00046401684868666455
simplex_direction_reconstruction,17,True,5.10702591327572e-15,2.55351295663786e-07
simplex_convex_minus,17,True,5.551115123125783e-17,2.445831730335958e-10
simplex_convex_plus,17,True,6.938893903907228e-17,2.803498550231325e-10
simplex_predictor_Q_A_topsis_0_1,1,True,1.8258727862985324e-12,3.4546342201262185e-06
pair_logratio_elasticity_Q_A_topsis_0_1,1,True,3.2643704362886328e-12,0.00015668531738771447
simplex_predictor_quality_score_soft_proxy_0_1,1,True,6.350475700855895e-14,1.9956125156699105e-07
pair_logratio_elasticity_quality_score_soft_proxy_0_1,1,True,1.6341119538250404e-12,7.975538431328321e-05
simplex_direction_reconstruction,17,True,3.524958103184872e-15,1.762479051592436e-07
simplex_convex_minus,17,True,2.7755575615628914e-17,1.1497690070383651e-10
simplex_convex_plus,17,True,6.938893903907228e-17,3.1704012784884654e-10
simplex_predictor_Q_A_topsis_0_1,1,True,9.801048861390882e-13,2.516888930132157e-07
pair_logratio_elasticity_Q_A_topsis_0_1,1,True,3.8799516551002444e-11,0.0013479990391252548
simplex_predictor_quality_score_soft_proxy_0_1,1,True,1.4421797089880783e-12,3.683690009805859e-07
pair_logratio_elasticity_quality_score_soft_proxy_0_1,1,True,3.9290471050279496e-11,0.0013628096157225404
simplex_direction_reconstruction,17,True,5.245803791353865e-15,2.6229018956769323e-07
simplex_convex_minus,17,True,4.163336342344337e-17,1.8216822498237279e-10
simplex_convex_plus,17,True,6.938893903907228e-17,2.803498550231325e-10
simplex_predictor_Q_A_topsis_0_1,1,True,2.722266856380884e-13,6.310841642787325e-08
pair_logratio_elasticity_Q_A_topsis_0_1,1,True,4.381091149585625e-11,0.00146849210073666
simplex_predictor_quality_score_soft_proxy_0_1,1,True,3.161915174132446e-13,7.433664991706691e-08
pair_logratio_elasticity_quality_score_soft_proxy_0_1,1,True,4.3148285291949584e-11,0.0014529885970582584
simplex_direction_reconstruction,17,True,2.220446049250313e-15,1.5157146371347352e-08
simplex_convex_minus,17,True,4.163336342344337e-17,1.7246535105575478e-10
simplex_convex_plus,17,True,5.551115123125783e-17,2.5982325510353774e-10
simplex_predictor_Q_A_topsis_0_1,1,True,2.440270208126094e-13,1.7593985758829377e-06
pair_logratio_elasticity_Q_A_topsis_0_1,1,True,4.505993017947518e-12,0.00019745027228737974
simplex_predictor_quality_score_soft_proxy_0_1,1,True,3.530509218307998e-13,1.1715402455075378e-06
pair_logratio_elasticity_quality_score_soft_proxy_0_1,1,True,6.910596660886226e-12,0.00025895508425428595
simplex_direction_reconstruction,17,True,1.1102230246251565e-15,3.885780586188048e-08
simplex_convex_minus,17,True,5.551115123125783e-17,2.2995380140767303e-10
simplex_convex_plus,17,True,5.551115123125783e-17,2.4383381186243405e-10
simplex_predictor_Q_A_topsis_0_1,1,True,6.317169010117141e-14,1.418746477968124e-07
pair_logratio_elasticity_Q_A_topsis_0_1,1,True,1.5010440806983993e-12,5.1188174219729096e-05
simplex_predictor_quality_score_soft_proxy_0_1,1,True,2.653433028854124e-13,1.0523160289786837e-06
pair_logratio_elasticity_quality_score_soft_proxy_0_1,1,True,4.3179743634824685e-12,0.00017209945426848385
simplex_direction_reconstruction,17,True,3.969047313034935e-15,1.9845236565174673e-07
simplex_convex_minus,17,True,2.7755575615628914e-17,2.445831730335958e-10
simplex_convex_plus,17,True,4.163336342344337e-17,1.9022407670930793e-10
simplex_predictor_Q_A_topsis_0_1,1,True,8.895106873296754e-13,1.9978949400843984e-07
pair_logratio_elasticity_Q_A_topsis_0_1,1,True,4.747135410460013e-11,0.0015613548538299152
simplex_predictor_quality_score_soft_proxy_0_1,1,True,6.874500968478969e-13,1.5368305323415074e-07
pair_logratio_elasticity_quality_score_soft_proxy_0_1,1,True,4.798722703924785e-11,0.0015757760626995587
simplex_direction_reconstruction,17,True,8.690964614643804e-16,4.345482307321902e-08
simplex_convex_minus,17,True,5.551115123125783e-17,2.443910554794425e-10
simplex_convex_plus,17,True,2.7755575615628914e-17,1.8287535889682554e-10
simplex_predictor_Q_A_topsis_0_1,1,True,1.1391998455678731e-12,5.485885170214991e-06
pair_logratio_elasticity_Q_A_topsis_0_1,1,True,6.854337626996387e-12,0.0002909582939641145
simplex_predictor_quality_score_soft_proxy_0_1,1,True,1.9159118735956326e-12,2.5421876320302395e-06
pair_logratio_elasticity_quality_score_soft_proxy_0_1,1,True,5.0465586570735965e-12,0.0001488264195639808
simplex_direction_reconstruction,17,True,1.5543122344752192e-15,6.522560269672795e-08
simplex_convex_minus,17,True,6.938893903907228e-17,2.6793662181684467e-10
simplex_convex_plus,17,True,2.7755575615628914e-17,1.6219047336788632e-10
simplex_predictor_Q_A_topsis_0_1,1,True,4.3431924723336124e-13,1.6057535511876054e-07
pair_logratio_elasticity_Q_A_topsis_0_1,1,True,4.491027341679832e-12,0.00010344398741515786
simplex_predictor_quality_score_soft_proxy_0_1,1,True,6.357137039003646e-13,2.3686715195108588e-07
pair_logratio_elasticity_quality_score_soft_proxy_0_1,1,True,3.3693620810071323e-12,7.793579026566812e-05
simplex_direction_reconstruction,17,True,1.0625181290357943e-15,5.312590645178972e-08
simplex_convex_minus,17,True,5.551115123125783e-17,2.2446126071274744e-10
simplex_convex_plus,17,True,2.7755575615628914e-17,1.8216822498237279e-10
simplex_predictor_Q_A_topsis_0_1,1,True,2.615685446016869e-13,4.491534905610338e-07
pair_logratio_elasticity_Q_A_topsis_0_1,1,True,6.377207789620698e-13,1.9193777326409865e-05
simplex_predictor_quality_score_soft_proxy_0_1,1,True,1.800781745942004e-13,7.524036371464767e-07
pair_logratio_elasticity_quality_score_soft_proxy_0_1,1,True,3.3881300542937254e-12,0.00013467241480656465
simplex_direction_reconstruction,17,True,2.456368441983159e-15,1.2281842209915794e-07
simplex_convex_minus,17,True,5.551115123125783e-17,2.256137681108558e-10
simplex_convex_plus,17,True,5.551115123125783e-17,2.1434929745347573e-10
simplex_predictor_Q_A_topsis_0_1,1,True,4.707345624410664e-14,5.420727676678429e-09
pair_logratio_elasticity_Q_A_topsis_0_1,1,True,1.0030464826782381e-10,0.0025710526184729186
simplex_predictor_quality_score_soft_proxy_0_1,1,True,1.2363443602225743e-12,1.420502055285523e-07
pair_logratio_elasticity_quality_score_soft_proxy_0_1,1,True,1.0012812801107884e-10,0.0025637015421172463
simplex_direction_reconstruction,17,True,9.835882108788496e-16,4.917941054394248e-08
simplex_convex_minus,17,True,4.163336342344337e-17,1.6921032608314186e-10
simplex_convex_plus,17,True,4.163336342344337e-17,1.7246535105575478e-10
simplex_predictor_Q_A_topsis_0_1,1,True,2.2568613644580182e-12,4.742533981339384e-06
pair_logratio_elasticity_Q_A_topsis_0_1,1,True,1.6619691733943398e-12,5.514372616087621e-05
simplex_predictor_quality_score_soft_proxy_0_1,1,True,3.526068326209497e-12,4.1039697491946984e-06
pair_logratio_elasticity_quality_score_soft_proxy_0_1,1,True,6.855311457387714e-12,0.00017730580743289355
simplex_direction_reconstruction,17,True,5.551115123125783e-15,2.7755575615628914e-07
simplex_convex_minus,17,True,4.163336342344337e-17,1.6076197309010682e-10
simplex_convex_plus,17,True,5.551115123125783e-17,2.5982325510353774e-10
simplex_predictor_Q_A_topsis_0_1,1,True,2.602362769721367e-13,2.8664520297977282e-08
pair_logratio_elasticity_Q_A_topsis_0_1,1,True,2.7532443165612097e-10,0.009750893736061809
simplex_predictor_quality_score_soft_proxy_0_1,1,True,5.258016244624741e-13,5.637902475145994e-08
pair_logratio_elasticity_quality_score_soft_proxy_0_1,1,True,2.828297596124685e-10,0.009937507386637574
simplex_direction_reconstruction,17,True,5.169475958410885e-16,2.5847379792054426e-08
simplex_convex_minus,17,True,5.551115123125783e-17,2.5982325510353774e-10
simplex_convex_plus,17,True,4.163336342344337e-17,2.34422104938317e-10
simplex_predictor_Q_A_topsis_0_1,1,True,1.6997514507011147e-12,3.073298599240828e-06
pair_logratio_elasticity_Q_A_topsis_0_1,1,True,9.867484433712104e-13,3.598345759819538e-05
simplex_predictor_quality_score_soft_proxy_0_1,1,True,2.0871082639928318e-12,3.519260994200087e-06
pair_logratio_elasticity_quality_score_soft_proxy_0_1,1,True,1.9884545399140308e-12,7.106959081200637e-05
simplex_direction_reconstruction,17,True,6.661338147750939e-16,2.667137344314341e-08
simplex_convex_minus,17,True,2.7755575615628914e-17,1.6311887439522567e-10
simplex_convex_plus,17,True,5.551115123125783e-17,2.2995380140767303e-10
simplex_predictor_Q_A_topsis_0_1,1,True,5.717648576819556e-14,3.460503187172065e-07
pair_logratio_elasticity_Q_A_topsis_0_1,1,True,1.5720961858700644e-12,6.676248656012544e-05
simplex_predictor_quality_score_soft_proxy_0_1,1,True,2.066680160339729e-12,9.755298003743956e-06
pair_logratio_elasticity_quality_score_soft_proxy_0_1,1,True,8.565500739243781e-12,0.00034696981708404667
simplex_direction_reconstruction,17,True,1.0130785099704553e-15,5.065392549852277e-08
simplex_convex_minus,17,True,2.7755575615628914e-17,1.6311887439522567e-10
simplex_convex_plus,17,True,4.163336342344337e-17,1.6076197309010682e-10
simplex_predictor_Q_A_topsis_0_1,1,True,2.417621658423741e-12,5.327656399671342e-07
pair_logratio_elasticity_Q_A_topsis_0_1,1,True,1.1785475373393695e-11,0.00022812059633387684
simplex_predictor_quality_score_soft_proxy_0_1,1,True,3.26405569239796e-13,6.844167057117719e-08
pair_logratio_elasticity_quality_score_soft_proxy_0_1,1,True,1.2129804105587283e-11,0.00022764457670803323
simplex_direction_reconstruction,17,True,1.797173521111972e-15,8.985867605559861e-08
simplex_convex_minus,17,True,4.163336342344337e-17,2.4383381186243405e-10
simplex_convex_plus,17,True,2.7755575615628914e-17,1.2991162755176887e-10
simplex_predictor_Q_A_topsis_0_1,1,True,1.3802292642139946e-12,5.541533242711667e-07
pair_logratio_elasticity_Q_A_topsis_0_1,1,True,1.1913140612884732e-11,0.0003738837951216417
simplex_predictor_quality_score_soft_proxy_0_1,1,True,9.001688283660769e-13,3.2314186306811347e-07
pair_logratio_elasticity_quality_score_soft_proxy_0_1,1,True,1.1216355101650866e-11,0.0003370342443776017
simplex_direction_reconstruction,17,True,1.5681900222830336e-15,7.840950111415168e-08
simplex_convex_minus,17,True,2.7755575615628914e-17,1.6311887439522567e-10
simplex_convex_plus,17,True,2.7755575615628914e-17,1.2991162755176887e-10
simplex_predictor_Q_A_topsis_0_1,1,True,4.947153797729698e-13,1.2544412571181062e-07
pair_logratio_elasticity_Q_A_topsis_0_1,1,True,1.9738738421537505e-11,0.0005280207049908764
simplex_predictor_quality_score_soft_proxy_0_1,1,True,6.24389429049188e-13,1.4955628884365853e-07
pair_logratio_elasticity_quality_score_soft_proxy_0_1,1,True,2.0717677573500737e-11,0.0005394258276326971
simplex_direction_reconstruction,17,True,6.522560269672795e-16,3.2612801348363973e-08
simplex_convex_minus,17,True,5.551115123125783e-17,2.2446126071274744e-10
simplex_convex_plus,17,True,8.326672684688674e-17,3.8044815341861587e-10
simplex_predictor_Q_A_topsis_0_1,1,True,9.059419880941277e-14,1.5670294619525683e-07
pair_logratio_elasticity_Q_A_topsis_0_1,1,True,3.356958808153898e-13,1.1269238715183624e-05
simplex_predictor_quality_score_soft_proxy_0_1,1,True,2.1298518504409003e-12,3.684055538982607e-06
pair_logratio_elasticity_quality_score_soft_proxy_0_1,1,True,3.356958808153898e-13,1.1269238715183624e-05
simplex_direction_reconstruction,17,True,1.0061396160665481e-15,5.0306980803327406e-08
simplex_convex_minus,17,True,2.7755575615628914e-17,2.4383381186243405e-10
simplex_convex_plus,17,True,2.7755575615628914e-17,1.2681605113953863e-10
simplex_predictor_Q_A_topsis_0_1,1,True,6.171729793891245e-13,3.891273578866612e-06
pair_logratio_elasticity_Q_A_topsis_0_1,1,True,2.582578898999155e-12,0.00011408155140646535
simplex_predictor_quality_score_soft_proxy_0_1,1,True,3.717026686445024e-13,1.5509575701781885e-06
pair_logratio_elasticity_quality_score_soft_proxy_0_1,1,True,2.737947889241976e-12,0.00011322859303372126
simplex_direction_reconstruction,17,True,1.429412144204889e-15,7.147060721024445e-08
simplex_convex_minus,17,True,5.551115123125783e-17,2.2995380140767303e-10
simplex_convex_plus,17,True,2.7755575615628914e-17,1.2681605113953863e-10
simplex_predictor_Q_A_topsis_0_1,1,True,1.3252732244950494e-12,4.0607799352017005e-06
pair_logratio_elasticity_Q_A_topsis_0_1,1,True,7.737274362873414e-13,2.9997253167147515e-05
simplex_predictor_quality_score_soft_proxy_0_1,1,True,6.575850974854802e-13,6.35346003544997e-07
pair_logratio_elasticity_quality_score_soft_proxy_0_1,1,True,2.1088877172337206e-12,5.3806690279744246e-05
simplex_direction_reconstruction,17,True,1.0130785099704553e-15,5.065392549852277e-08
simplex_convex_minus,17,True,8.326672684688674e-17,3.2152394618021363e-10
simplex_convex_plus,17,True,5.551115123125783e-17,2.5363210227907726e-10
simplex_predictor_Q_A_topsis_0_1,1,True,3.4228175849193576e-12,5.407941588407492e-06
pair_logratio_elasticity_Q_A_topsis_0_1,1,True,2.9422046396443413e-12,9.53250239123005e-05
simplex_predictor_quality_score_soft_proxy_0_1,1,True,2.181255176481045e-12,2.2126782079029535e-06
pair_logratio_elasticity_quality_score_soft_proxy_0_1,1,True,1.3048243041602348e-12,3.515133773450061e-05
simplex_direction_reconstruction,17,True,4.107825191113079e-15,2.0539125955565396e-07
simplex_convex_minus,17,True,4.163336342344337e-17,1.9486744132765333e-10
simplex_convex_plus,17,True,4.163336342344337e-17,1.682099130138795e-10
simplex_predictor_Q_A_topsis_0_1,1,True,1.9184653865522705e-13,4.498603999395843e-08
pair_logratio_elasticity_Q_A_topsis_0_1,1,True,4.3042128888837183e-11,0.0014483993363187573
simplex_predictor_quality_score_soft_proxy_0_1,1,True,1.837197061149709e-12,4.912920883772475e-07
pair_logratio_elasticity_quality_score_soft_proxy_0_1,1,True,3.7306711539453197e-11,0.001308317651499387
simplex_direction_reconstruction,17,True,8.690964614643804e-16,4.345482307321902e-08
simplex_convex_minus,17,True,2.7755575615628914e-17,1.8287535889682554e-10
simplex_convex_plus,17,True,5.551115123125783e-17,2.443910554794425e-10
simplex_predictor_Q_A_topsis_0_1,1,True,1.1391998455678731e-12,5.485885170214991e-06
pair_logratio_elasticity_Q_A_topsis_0_1,1,True,6.854337626996387e-12,0.0002909582939641145
simplex_predictor_quality_score_soft_proxy_0_1,1,True,1.9159118735956326e-12,2.5421876320302395e-06
pair_logratio_elasticity_quality_score_soft_proxy_0_1,1,True,5.0465586570735965e-12,0.0001488264195639808
simplex_direction_reconstruction,17,True,2.220446049250313e-15,7.355227538141662e-08
simplex_convex_minus,17,True,9.71445146547012e-17,3.9248979703238553e-10
simplex_convex_plus,17,True,4.163336342344337e-17,1.682099130138795e-10
simplex_predictor_Q_A_topsis_0_1,1,True,6.470379787515412e-13,2.570560174816717e-07
pair_logratio_elasticity_Q_A_topsis_0_1,1,True,6.942883767901975e-13,1.7399360478777884e-05
simplex_predictor_quality_score_soft_proxy_0_1,1,True,2.5516255774959973e-12,1.3083959119259901e-06
pair_logratio_elasticity_quality_score_soft_proxy_0_1,1,True,3.882870587557097e-12,0.00010973357781173962
simplex_direction_reconstruction,17,True,1.349614864309956e-15,6.74807432154978e-08
simplex_convex_minus,17,True,4.163336342344337e-17,2.4383381186243405e-10
simplex_convex_plus,17,True,4.163336342344337e-17,1.8287535889682554e-10
simplex_predictor_Q_A_topsis_0_1,1,True,8.776313009661862e-13,1.1397526441232726e-06
pair_logratio_elasticity_Q_A_topsis_0_1,1,True,1.0809087999663625e-12,3.173061761047437e-05
simplex_predictor_quality_score_soft_proxy_0_1,1,True,2.095990048189833e-12,3.922799737535832e-06
pair_logratio_elasticity_quality_score_soft_proxy_0_1,1,True,2.413217195518236e-13,8.140415165543626e-06
simplex_direction_reconstruction,17,True,3.3584246494910985e-15,1.6792123247455493e-07
simplex_convex_minus,17,True,5.551115123125783e-17,2.5982325510353774e-10
simplex_convex_plus,17,True,2.7755575615628914e-17,1.2991162755176887e-10
simplex_predictor_Q_A_topsis_0_1,1,True,1.0338396805309458e-12,1.2168097191426115e-07
pair_logratio_elasticity_Q_A_topsis_0_1,1,True,9.37513209425811e-11,0.0024561223427727115
simplex_predictor_quality_score_soft_proxy_0_1,1,True,1.2891909761947318e-12,1.6175695137753584e-07
pair_logratio_elasticity_quality_score_soft_proxy_0_1,1,True,8.805120001176281e-11,0.0023770601838888745
simplex_direction_reconstruction,17,True,9.298117831235686e-16,4.649058915617843e-08
simplex_convex_minus,17,True,4.163336342344337e-17,1.9005040751554056e-10
simplex_convex_plus,17,True,5.551115123125783e-17,2.5982325510353774e-10
simplex_predictor_Q_A_topsis_0_1,1,True,1.117661518890145e-12,3.877853792125546e-06
pair_logratio_elasticity_Q_A_topsis_0_1,1,True,3.2167714672515224e-13,1.2965825263800035e-05
simplex_predictor_quality_score_soft_proxy_0_1,1,True,1.6101564526138645e-12,1.282606289265254e-05
pair_logratio_elasticity_quality_score_soft_proxy_0_1,1,True,6.4380400966942974e-12,0.0002940753039473812
simplex_direction_reconstruction,17,True,8.770761894538737e-15,4.3853809472693683e-07
simplex_convex_minus,17,True,4.163336342344337e-17,1.682099130138795e-10
simplex_convex_plus,17,True,4.163336342344337e-17,1.7246535105575478e-10
simplex_predictor_Q_A_topsis_0_1,1,True,8.79296635503124e-13,9.889705807905816e-08
pair_logratio_elasticity_Q_A_topsis_0_1,1,True,2.6455711059358844e-10,0.009452939766465033
simplex_predictor_quality_score_soft_proxy_0_1,1,True,1.3908874052503961e-12,1.6187140705136673e-07
pair_logratio_elasticity_quality_score_soft_proxy_0_1,1,True,2.551387534403815e-10,0.009204795742275111
simplex_direction_reconstruction,17,True,8.196568423990414e-16,4.098284211995207e-08
simplex_convex_minus,17,True,4.163336342344337e-17,2.732523374735592e-10
simplex_convex_plus,17,True,4.163336342344337e-17,2.443910554794425e-10
simplex_predictor_Q_A_topsis_0_1,1,True,1.6019408022316384e-12,4.383947938102842e-06
pair_logratio_elasticity_Q_A_topsis_0_1,1,True,1.2131979448826158e-12,5.017252781052151e-05
simplex_predictor_quality_score_soft_proxy_0_1,1,True,2.658318010162475e-12,1.471986393945632e-05
pair_logratio_elasticity_quality_score_soft_proxy_0_1,1,True,1.9788066584619513e-13,9.017662151682299e-06
simplex_direction_reconstruction,17,True,1.635844237846129e-15,8.179221189230645e-08
simplex_convex_minus,17,True,6.938893903907228e-17,2.803498550231325e-10
simplex_convex_plus,17,True,5.551115123125783e-17,2.256137681108558e-10
simplex_predictor_Q_A_topsis_0_1,1,True,1.1963763313360687e-12,1.9162183094399638e-05
pair_logratio_elasticity_Q_A_topsis_0_1,1,True,5.711296507341507e-12,0.00027431586701558885
simplex_predictor_quality_score_soft_proxy_0_1,1,True,1.5076828674409626e-13,2.683689422228664e-07
pair_logratio_elasticity_quality_score_soft_proxy_0_1,1,True,8.935335110704656e-13,2.9323560117726137e-05
simplex_direction_reconstruction,17,True,1.2212453270876722e-15,6.106226635438361e-08
simplex_convex_minus,17,True,5.551115123125783e-17,2.2995380140767303e-10
simplex_convex_plus,17,True,4.163336342344337e-17,2.443910554794425e-10
simplex_predictor_Q_A_topsis_0_1,1,True,1.3367085216486885e-12,3.0727443453242724e-07
pair_logratio_elasticity_Q_A_topsis_0_1,1,True,9.276109394495968e-12,0.00019240227733812918
simplex_predictor_quality_score_soft_proxy_0_1,1,True,2.1760371282653068e-14,5.392291639494773e-09
pair_logratio_elasticity_quality_score_soft_proxy_0_1,1,True,7.29826962753144e-12,0.00015810331595018413
simplex_direction_reconstruction,17,True,1.970645868709653e-15,9.853229343548264e-08
simplex_convex_minus,17,True,2.7755575615628914e-17,1.8216822498237279e-10
simplex_convex_plus,17,True,5.551115123125783e-17,2.2995380140767303e-10
simplex_predictor_Q_A_topsis_0_1,1,True,2.9887203822909214e-13,1.297728909356433e-07
pair_logratio_elasticity_Q_A_topsis_0_1,1,True,1.0875361375339843e-11,0.00035748867867356666
simplex_predictor_quality_score_soft_proxy_0_1,1,True,1.0156320229270932e-12,4.949401442160192e-07
pair_logratio_elasticity_quality_score_soft_proxy_0_1,1,True,8.450689800709732e-12,0.00028865830193166935
simplex_direction_reconstruction,17,True,2.4424906541753444e-15,7.0082828429463e-08
simplex_convex_minus,17,True,6.938893903907228e-17,2.803498550231325e-10
simplex_convex_plus,17,True,4.163336342344337e-17,2.443910554794425e-10
simplex_predictor_Q_A_topsis_0_1,1,True,1.6340262476433054e-12,4.350383732574402e-07
pair_logratio_elasticity_Q_A_topsis_0_1,1,True,1.6799606844530857e-11,0.00046932586349301075
simplex_predictor_quality_score_soft_proxy_0_1,1,True,3.197442310920451e-13,9.291381655048404e-08
pair_logratio_elasticity_quality_score_soft_proxy_0_1,1,True,1.4562085044744766e-11,0.0004225243574902304
simplex_direction_reconstruction,17,True,1.4432899320127035e-15,2.8102520310824275e-08
simplex_convex_minus,17,True,5.551115123125783e-17,2.5363210227907726e-10
simplex_convex_plus,17,True,4.163336342344337e-17,1.7246535105575478e-10
simplex_predictor_Q_A_topsis_0_1,1,True,3.2690516960087734e-12,8.3721630859639e-06
pair_logratio_elasticity_Q_A_topsis_0_1,1,True,5.605989630841357e-12,0.00022016715791927795
simplex_predictor_quality_score_soft_proxy_0_1,1,True,3.951283744640932e-13,2.0209107569019724e-06
pair_logratio_elasticity_quality_score_soft_proxy_0_1,1,True,1.576499998254266e-12,6.979372559387681e-05
simplex_direction_reconstruction,17,True,8.083811398051921e-16,4.0419056990259605e-08
simplex_convex_minus,17,True,5.551115123125783e-17,2.5982325510353774e-10
simplex_convex_plus,17,True,5.551115123125783e-17,2.5982325510353774e-10
simplex_predictor_Q_A_topsis_0_1,1,True,4.640732242933154e-13,6.720263903311765e-06
pair_logratio_elasticity_Q_A_topsis_0_1,1,True,1.58005336245437e-12,7.605761940936327e-05
simplex_predictor_quality_score_soft_proxy_0_1,1,True,2.153277556260491e-12,4.032454626253802e-06
pair_logratio_elasticity_quality_score_soft_proxy_0_1,1,True,1.978636005040002e-12,7.037873276832166e-05
simplex_direction_reconstruction,17,True,1.9984014443252818e-15,7.077671781985373e-08
simplex_convex_minus,17,True,5.551115123125783e-17,2.24279884018506e-10
simplex_convex_plus,17,True,5.551115123125783e-17,2.24279884018506e-10
simplex_predictor_Q_A_topsis_0_1,1,True,2.8985702726913587e-12,1.026599248959609e-06
pair_logratio_elasticity_Q_A_topsis_0_1,1,True,3.0332143047262505e-12,6.828276304227572e-05
simplex_predictor_quality_score_soft_proxy_0_1,1,True,9.887646257311644e-13,3.334566493085784e-07
pair_logratio_elasticity_quality_score_soft_proxy_0_1,1,True,5.92605825522341e-12,0.0001297980339840428
simplex_direction_reconstruction,17,True,2.55351295663786e-15,1.0547118733938987e-07
simplex_convex_minus,17,True,5.551115123125783e-17,2.5363210227907726e-10
simplex_convex_plus,17,True,5.551115123125783e-17,2.256137681108558e-10
simplex_predictor_Q_A_topsis_0_1,1,True,3.710365348297273e-13,1.1854076852675602e-07
pair_logratio_elasticity_Q_A_topsis_0_1,1,True,4.361528499474687e-12,9.423515178968452e-05
simplex_predictor_quality_score_soft_proxy_0_1,1,True,3.703704010149522e-13,1.2701349879726463e-07
pair_logratio_elasticity_quality_score_soft_proxy_0_1,1,True,6.350043754710377e-12,0.00014277924069907848
simplex_direction_reconstruction,17,True,4.0245584642661925e-15,2.0122792321330962e-07
simplex_convex_minus,17,True,4.163336342344337e-17,2.4383381186243405e-10
simplex_convex_plus,17,True,5.551115123125783e-17,2.2995380140767303e-10
simplex_predictor_Q_A_topsis_0_1,1,True,4.551914400963142e-13,2.575383487035154e-07
pair_logratio_elasticity_Q_A_topsis_0_1,1,True,1.4434224215181812e-11,0.0006141223610491011
simplex_predictor_quality_score_soft_proxy_0_1,1,True,5.1958437552457326e-14,2.871699400551898e-08
pair_logratio_elasticity_quality_score_soft_proxy_0_1,1,True,1.4201555513168596e-11,0.0006020733281014323
simplex_direction_reconstruction,17,True,1.5543122344752192e-15,6.522560269672795e-08
simplex_convex_minus,17,True,2.7755575615628914e-17,1.6219047336788632e-10
simplex_convex_plus,17,True,6.938893903907228e-17,2.6793662181684467e-10
simplex_predictor_Q_A_topsis_0_1,1,True,4.3431924723336124e-13,1.6057535511876054e-07
pair_logratio_elasticity_Q_A_topsis_0_1,1,True,4.491027341679832e-12,0.00010344398741515786
simplex_predictor_quality_score_soft_proxy_0_1,1,True,6.357137039003646e-13,2.3686715195108588e-07
pair_logratio_elasticity_quality_score_soft_proxy_0_1,1,True,3.3693620810071323e-12,7.793579026566812e-05
simplex_direction_reconstruction,17,True,2.220446049250313e-15,7.355227538141662e-08
simplex_convex_minus,17,True,4.163336342344337e-17,1.682099130138795e-10
simplex_convex_plus,17,True,9.71445146547012e-17,3.9248979703238553e-10
simplex_predictor_Q_A_topsis_0_1,1,True,6.470379787515412e-13,2.570560174816717e-07
pair_logratio_elasticity_Q_A_topsis_0_1,1,True,6.942883767901975e-13,1.7399360478777884e-05
simplex_predictor_quality_score_soft_proxy_0_1,1,True,2.5516255774959973e-12,1.3083959119259901e-06
pair_logratio_elasticity_quality_score_soft_proxy_0_1,1,True,3.882870587557097e-12,0.00010973357781173962
simplex_direction_reconstruction,17,True,1.797173521111972e-15,8.985867605559861e-08
simplex_convex_minus,17,True,4.163336342344337e-17,2.4467831159283847e-10
simplex_convex_plus,17,True,2.7755575615628914e-17,1.2991162755176887e-10
simplex_predictor_Q_A_topsis_0_1,1,True,1.524558257415265e-12,4.6663561345088614e-07
pair_logratio_elasticity_Q_A_topsis_0_1,1,True,5.155216531438356e-12,0.00010700467462657972
simplex_predictor_quality_score_soft_proxy_0_1,1,True,4.556355293061642e-13,1.848792372376667e-07
pair_logratio_elasticity_quality_score_soft_proxy_0_1,1,True,1.6838162808507917e-12,4.085684917079134e-05
simplex_direction_reconstruction,17,True,4.718447854656915e-15,2.3592239273284576e-07
simplex_convex_minus,17,True,5.551115123125783e-17,2.256137681108558e-10
simplex_convex_plus,17,True,4.163336342344337e-17,1.8287535889682554e-10
simplex_predictor_Q_A_topsis_0_1,1,True,1.8336443474709085e-12,3.056479094656023e-07
pair_logratio_elasticity_Q_A_topsis_0_1,1,True,5.207463973921911e-11,0.0016628963115168074
simplex_predictor_quality_score_soft_proxy_0_1,1,True,6.004086117172847e-13,9.940980222323283e-08
pair_logratio_elasticity_quality_score_soft_proxy_0_1,1,True,5.256486999144494e-11,0.0016744497076718711
simplex_direction_reconstruction,17,True,1.7763568394002505e-15,6.01949046163952e-08
simplex_convex_minus,17,True,2.7755575615628914e-17,1.9621984936125395e-10
simplex_convex_plus,17,True,4.163336342344337e-17,1.682099130138795e-10
simplex_predictor_Q_A_topsis_0_1,1,True,4.707345624410664e-13,2.0931840712701115e-07
pair_logratio_elasticity_Q_A_topsis_0_1,1,True,1.7667759616424306e-12,4.537151917666243e-05
simplex_predictor_quality_score_soft_proxy_0_1,1,True,1.9413359808595487e-12,1.052410886098769e-06
pair_logratio_elasticity_quality_score_soft_proxy_0_1,1,True,3.3029958976249496e-12,9.302860067948742e-05
simplex_direction_reconstruction,17,True,6.661338147750939e-15,3.3306690738754696e-07
simplex_convex_minus,17,True,2.7755575615628914e-17,1.6311887439522567e-10
simplex_convex_plus,17,True,2.7755575615628914e-17,1.8216822498237279e-10
simplex_predictor_Q_A_topsis_0_1,1,True,6.941114349956479e-13,1.0855803531786875e-07
pair_logratio_elasticity_Q_A_topsis_0_1,1,True,1.705685636135823e-10,0.0067059067519397
simplex_predictor_quality_score_soft_proxy_0_1,1,True,1.1608491945480637e-12,1.7424015893108646e-07
pair_logratio_elasticity_quality_score_soft_proxy_0_1,1,True,1.7784112247079542e-10,0.006929464184001039
simplex_direction_reconstruction,17,True,1.2802259252708836e-15,6.401129626354418e-08
simplex_convex_minus,17,True,8.326672684688674e-17,3.2152394618021363e-10
simplex_convex_plus,17,True,4.163336342344337e-17,1.9486744132765333e-10
simplex_predictor_Q_A_topsis_0_1,1,True,9.547918011776346e-13,4.396521353371086e-07
pair_logratio_elasticity_Q_A_topsis_0_1,1,True,1.2960119089022726e-12,3.7149088317840474e-05
simplex_predictor_quality_score_soft_proxy_0_1,1,True,3.671729587040318e-12,1.7395068043272164e-06
pair_logratio_elasticity_quality_score_soft_proxy_0_1,1,True,3.538656347112923e-12,0.0001026728430744943
simplex_direction_reconstruction,17,True,1.9984014443252818e-15,8.44810332800705e-08
simplex_convex_minus,17,True,5.551115123125783e-17,2.256137681108558e-10
simplex_convex_plus,17,True,5.551115123125783e-17,2.5363210227907726e-10
simplex_predictor_Q_A_topsis_0_1,1,True,3.7703173916270316e-13,1.4730431358104097e-07
pair_logratio_elasticity_Q_A_topsis_0_1,1,True,3.761484179687358e-12,8.883034941563063e-05
simplex_predictor_quality_score_soft_proxy_0_1,1,True,4.818367926873179e-13,1.9335433065383223e-07
pair_logratio_elasticity_quality_score_soft_proxy_0_1,1,True,5.852842516196333e-12,0.00014018719054813297
simplex_direction_reconstruction,17,True,1.3322676295501878e-15,6.609296443471635e-08
simplex_convex_minus,17,True,5.551115123125783e-17,2.2995380140767303e-10
simplex_convex_plus,17,True,2.7755575615628914e-17,1.8216822498237279e-10
simplex_predictor_Q_A_topsis_0_1,1,True,2.369215934550084e-13,1.2785136405126015e-07
pair_logratio_elasticity_Q_A_topsis_0_1,1,True,3.3131969390254312e-12,0.00011621112456901557
simplex_predictor_quality_score_soft_proxy_0_1,1,True,3.093081346605686e-13,1.4692122754398666e-07
pair_logratio_elasticity_quality_score_soft_proxy_0_1,1,True,3.5222510672006102e-12,0.00011867095633711784
simplex_direction_reconstruction,17,True,2.2690183065776637e-15,1.1345091532888318e-07
simplex_convex_minus,17,True,2.7755575615628914e-17,1.8216822498237279e-10
simplex_convex_plus,17,True,4.163336342344337e-17,1.6076197309010682e-10
simplex_predictor_Q_A_topsis_0_1,1,True,9.460210392830959e-13,4.041619598129247e-06
pair_logratio_elasticity_Q_A_topsis_0_1,1,True,6.307589541822145e-13,3.0380655922377774e-05
simplex_predictor_quality_score_soft_proxy_0_1,1,True,1.5358825322664416e-12,1.2606125196825672e-05
pair_logratio_elasticity_quality_score_soft_proxy_0_1,1,True,3.391004924774288e-13,1.6653243949497136e-05
simplex_direction_reconstruction,17,True,1.4779844015322396e-15,7.389922007661198e-08
simplex_convex_minus,17,True,5.551115123125783e-17,2.2995380140767303e-10
simplex_convex_plus,17,True,4.163336342344337e-17,1.682099130138795e-10
simplex_predictor_Q_A_topsis_0_1,1,True,6.061817714453355e-14,4.815009587516678e-08
pair_logratio_elasticity_Q_A_topsis_0_1,1,True,4.292718524395722e-12,0.0001777425492817655
simplex_predictor_quality_score_soft_proxy_0_1,1,True,1.1546319456101628e-14,7.640976132487068e-09
pair_logratio_elasticity_quality_score_soft_proxy_0_1,1,True,3.5904417459986515e-12,0.00014363920380961942
simplex_direction_reconstruction,17,True,1.1102230246251565e-15,4.718447854656915e-08
simplex_convex_minus,17,True,6.938893903907228e-17,4.0779718598806414e-10
simplex_convex_plus,17,True,4.163336342344337e-17,1.682099130138795e-10
simplex_predictor_Q_A_topsis_0_1,1,True,5.24913446042774e-13,2.4452769989129873e-07
pair_logratio_elasticity_Q_A_topsis_0_1,1,True,3.0635268627454693e-12,8.418078915441353e-05
simplex_predictor_quality_score_soft_proxy_0_1,1,True,1.4941381465405357e-12,7.028877498898008e-07
pair_logratio_elasticity_quality_score_soft_proxy_0_1,1,True,3.0955377150476693e-12,8.543912284986826e-05
simplex_direction_reconstruction,17,True,1.6792123247455493e-15,8.396061623727746e-08
simplex_convex_minus,17,True,4.163336342344337e-17,2.4527481170156743e-10
simplex_convex_plus,17,True,5.551115123125783e-17,2.2995380140767303e-10
simplex_predictor_Q_A_topsis_0_1,1,True,1.829647544582258e-13,7.129891435068771e-08
pair_logratio_elasticity_Q_A_topsis_0_1,1,True,3.670615894568741e-12,9.102068271679925e-05
simplex_predictor_quality_score_soft_proxy_0_1,1,True,1.956435013994451e-12,7.939495270941692e-07
pair_logratio_elasticity_quality_score_soft_proxy_0_1,1,True,4.5278589905217714e-12,0.00011459138367460335
simplex_direction_reconstruction,17,True,1.3322676295501878e-15,4.9960036108132044e-08
simplex_convex_minus,17,True,2.7755575615628914e-17,1.6219047336788632e-10
simplex_convex_plus,17,True,5.551115123125783e-17,2.1434929745347573e-10
simplex_predictor_Q_A_topsis_0_1,1,True,1.7541523789077473e-14,3.783274559233855e-08
pair_logratio_elasticity_Q_A_topsis_0_1,1,True,2.3852083502751142e-12,7.845911227674076e-05
simplex_predictor_quality_score_soft_proxy_0_1,1,True,5.331290964250002e-13,1.0238829584897558e-06
pair_logratio_elasticity_quality_score_soft_proxy_0_1,1,True,3.437760492941422e-12,0.00010831793627512058
simplex_direction_reconstruction,17,True,1.9984014443252818e-15,4.7271214720367993e-08
simplex_convex_minus,17,True,5.551115123125783e-17,2.256137681108558e-10
simplex_convex_plus,17,True,2.7755575615628914e-17,2.4383381186243405e-10
simplex_predictor_Q_A_topsis_0_1,1,True,3.247402347028583e-13,2.0671608467078357e-06
pair_logratio_elasticity_Q_A_topsis_0_1,1,True,1.9538533117813284e-12,8.506776700050599e-05
simplex_predictor_quality_score_soft_proxy_0_1,1,True,8.526512829121202e-14,1.8084227403287707e-07
pair_logratio_elasticity_quality_score_soft_proxy_0_1,1,True,3.9855887687401115e-12,0.00013385666445036044
simplex_direction_reconstruction,17,True,3.552713678800501e-15,1.7763568394002505e-07
simplex_convex_minus,17,True,5.551115123125783e-17,2.256137681108558e-10
simplex_convex_plus,17,True,2.7755575615628914e-17,1.2991162755176887e-10
simplex_predictor_Q_A_topsis_0_1,1,True,1.0693668173189508e-12,2.1325073619916111e-07
pair_logratio_elasticity_Q_A_topsis_0_1,1,True,5.3894405431520465e-11,0.0016997048677675492
simplex_predictor_quality_score_soft_proxy_0_1,1,True,3.9332981316420046e-12,9.246484932375821e-07
pair_logratio_elasticity_quality_score_soft_proxy_0_1,1,True,4.4868333874681365e-11,0.0014993724993341896
simplex_direction_reconstruction,17,True,1.0625181290357943e-15,5.312590645178972e-08
simplex_convex_minus,17,True,2.7755575615628914e-17,1.8216822498237279e-10
simplex_convex_plus,17,True,5.551115123125783e-17,2.2446126071274744e-10
simplex_predictor_Q_A_topsis_0_1,1,True,2.615685446016869e-13,4.491534905610338e-07
pair_logratio_elasticity_Q_A_topsis_0_1,1,True,6.242055483607345e-13,1.8787003178170077e-05
simplex_predictor_quality_score_soft_proxy_0_1,1,True,1.800781745942004e-13,7.524036371464767e-07
pair_logratio_elasticity_quality_score_soft_proxy_0_1,1,True,3.393401011575481e-12,0.00013488192640561812
simplex_direction_reconstruction,17,True,1.349614864309956e-15,6.74807432154978e-08
simplex_convex_minus,17,True,4.163336342344337e-17,1.8287535889682554e-10
simplex_convex_plus,17,True,4.163336342344337e-17,2.4383381186243405e-10
simplex_predictor_Q_A_topsis_0_1,1,True,8.776313009661862e-13,1.1397526441232726e-06
pair_logratio_elasticity_Q_A_topsis_0_1,1,True,1.063443604010228e-12,3.1217918061360375e-05
simplex_predictor_quality_score_soft_proxy_0_1,1,True,2.095990048189833e-12,3.922799737535832e-06
pair_logratio_elasticity_quality_score_soft_proxy_0_1,1,True,2.293460560354177e-13,7.736444594276986e-06
simplex_direction_reconstruction,17,True,1.797173521111972e-15,8.985867605559861e-08
simplex_convex_minus,17,True,2.7755575615628914e-17,1.2991162755176887e-10
simplex_convex_plus,17,True,4.163336342344337e-17,2.4467831159283847e-10
simplex_predictor_Q_A_topsis_0_1,1,True,1.524558257415265e-12,4.6663561345088614e-07
pair_logratio_elasticity_Q_A_topsis_0_1,1,True,5.187596879840939e-12,0.00010767677998316054
simplex_predictor_quality_score_soft_proxy_0_1,1,True,4.556355293061642e-13,1.848792372376667e-07
pair_logratio_elasticity_quality_score_soft_proxy_0_1,1,True,1.7081926151352178e-12,4.144832712745557e-05
simplex_direction_reconstruction,17,True,1.9984014443252818e-15,9.71445146547012e-08
simplex_convex_minus,17,True,4.163336342344337e-17,1.726083563684578e-10
simplex_convex_plus,17,True,2.7755575615628914e-17,1.6311887439522567e-10
simplex_predictor_Q_A_topsis_0_1,1,True,3.090860900556436e-13,3.3427965941380445e-08
pair_logratio_elasticity_Q_A_topsis_0_1,1,True,1.070621456072951e-10,0.0026618143621485874
simplex_predictor_quality_score_soft_proxy_0_1,1,True,1.056044141023449e-12,1.2447133031522816e-07
pair_logratio_elasticity_quality_score_soft_proxy_0_1,1,True,9.790744430471232e-11,0.002539673483861601
simplex_direction_reconstruction,17,True,1.7763568394002505e-15,7.420279668490792e-08
simplex_convex_minus,17,True,4.163336342344337e-17,1.9005040751554056e-10
simplex_convex_plus,17,True,5.551115123125783e-17,2.24279884018506e-10
simplex_predictor_Q_A_topsis_0_1,1,True,1.9952928198563313e-12,1.9218111878358402e-06
pair_logratio_elasticity_Q_A_topsis_0_1,1,True,1.048038392181816e-12,2.474223084915857e-05
simplex_predictor_quality_score_soft_proxy_0_1,1,True,7.347455976969286e-13,1.148313470745414e-06
pair_logratio_elasticity_quality_score_soft_proxy_0_1,1,True,7.482918798484839e-12,0.00022263613968327416
simplex_direction_reconstruction,17,True,8.43769498715119e-15,4.218847493575595e-07
simplex_convex_minus,17,True,4.163336342344337e-17,1.682099130138795e-10
simplex_convex_plus,17,True,5.551115123125783e-17,2.5363210227907726e-10
simplex_predictor_Q_A_topsis_0_1,1,True,1.7763568394002505e-15,1.8424934475531637e-10
pair_logratio_elasticity_Q_A_topsis_0_1,1,True,2.9232405905632586e-10,0.01017044919117204
simplex_predictor_quality_score_soft_proxy_0_1,1,True,7.052136652418994e-13,7.743767302631296e-08
pair_logratio_elasticity_quality_score_soft_proxy_0_1,1,True,2.756212627921806e-10,0.009754060464062785
simplex_direction_reconstruction,17,True,2.220446049250313e-15,4.7618159415563355e-08
simplex_convex_minus,17,True,2.7755575615628914e-17,1.8216822498237279e-10
simplex_convex_plus,17,True,4.163336342344337e-17,1.8216822498237279e-10
simplex_predictor_Q_A_topsis_0_1,1,True,2.4795721031978246e-12,2.2229749085758547e-06
pair_logratio_elasticity_Q_A_topsis_0_1,1,True,9.538880102466507e-13,2.7152708904596314e-05
simplex_predictor_quality_score_soft_proxy_0_1,1,True,3.134159598516817e-13,8.386478718796416e-07
pair_logratio_elasticity_quality_score_soft_proxy_0_1,1,True,3.506255615709497e-12,0.0001408946350973449
simplex_direction_reconstruction,17,True,2.4424906541753444e-15,3.879275373153135e-08
simplex_convex_minus,17,True,5.551115123125783e-17,2.256137681108558e-10
simplex_convex_plus,17,True,9.71445146547012e-17,3.9248979703238553e-10
simplex_predictor_Q_A_topsis_0_1,1,True,2.5391910796201955e-12,3.4898899510925645e-06
pair_logratio_elasticity_Q_A_topsis_0_1,1,True,2.2648220104892758e-12,6.113849138840227e-05
simplex_predictor_quality_score_soft_proxy_0_1,1,True,2.194133763566697e-12,4.6206770074708744e-05
pair_logratio_elasticity_quality_score_soft_proxy_0_1,1,True,1.7931676651351813e-12,8.678554504658831e-05
simplex_direction_reconstruction,17,True,1.7832957333041577e-15,8.916478666520788e-08
simplex_convex_minus,17,True,4.163336342344337e-17,1.682099130138795e-10
simplex_convex_plus,17,True,5.551115123125783e-17,2.1434929745347573e-10
simplex_predictor_Q_A_topsis_0_1,1,True,4.587441537751147e-13,8.994578193677663e-08
pair_logratio_elasticity_Q_A_topsis_0_1,1,True,1.2946324567941758e-11,0.0002334317074730138
simplex_predictor_quality_score_soft_proxy_0_1,1,True,1.4654943925052066e-13,3.2210305922759383e-08
pair_logratio_elasticity_quality_score_soft_proxy_0_1,1,True,1.0518117626867607e-11,0.00020376622176673952
simplex_direction_reconstruction,17,True,2.2898349882893854e-15,1.1449174941446927e-07
simplex_convex_minus,17,True,4.163336342344337e-17,2.4383381186243405e-10
simplex_convex_plus,17,True,5.551115123125783e-17,2.5363210227907726e-10
simplex_predictor_Q_A_topsis_0_1,1,True,5.786482404346316e-13,1.8953069632731229e-07
pair_logratio_elasticity_Q_A_topsis_0_1,1,True,1.4179933269242717e-11,0.00041073777546935924
simplex_predictor_quality_score_soft_proxy_0_1,1,True,1.0802470029602773e-12,4.209290740236011e-07
pair_logratio_elasticity_quality_score_soft_proxy_0_1,1,True,1.2053615050522382e-11,0.0003744225639925327
simplex_direction_reconstruction,17,True,2.609024107869118e-15,1.304512053934559e-07
simplex_convex_minus,17,True,2.7755575615628914e-17,2.392631569263428e-10
simplex_convex_plus,17,True,5.551115123125783e-17,2.256137681108558e-10
simplex_predictor_Q_A_topsis_0_1,1,True,7.562839243746566e-13,1.678367035899466e-07
pair_logratio_elasticity_Q_A_topsis_0_1,1,True,2.2241729291661017e-11,0.0005585143010980357
simplex_predictor_quality_score_soft_proxy_0_1,1,True,4.440892098500626e-13,1.1226823281950686e-07
pair_logratio_elasticity_quality_score_soft_proxy_0_1,1,True,1.8904157753074635e-11,0.0005055851545065523
simplex_direction_reconstruction,17,True,8.881784197001252e-16,4.2674197509029455e-08
simplex_convex_minus,17,True,5.551115123125783e-17,2.24279884018506e-10
simplex_convex_plus,17,True,2.7755575615628914e-17,1.6311887439522567e-10
simplex_predictor_Q_A_topsis_0_1,1,True,2.391420395042587e-12,2.0968434693063443e-06
pair_logratio_elasticity_Q_A_topsis_0_1,1,True,1.6393171542450347e-12,4.154984041710965e-05
simplex_predictor_quality_score_soft_proxy_0_1,1,True,2.4911184226539262e-12,6.943114359704631e-06
pair_logratio_elasticity_quality_score_soft_proxy_0_1,1,True,5.197684296853744e-12,0.00020082098986805164
simplex_direction_reconstruction,17,True,2.040034807748725e-15,1.0200174038743626e-07
simplex_convex_minus,17,True,4.163336342344337e-17,1.8216822498237279e-10
simplex_convex_plus,17,True,6.938893903907228e-17,2.803498550231325e-10
simplex_predictor_Q_A_topsis_0_1,1,True,1.3417045252595017e-12,1.8609886785736747e-06
pair_logratio_elasticity_Q_A_topsis_0_1,1,True,4.45555918549001e-13,1.3422018209587993e-05
simplex_predictor_quality_score_soft_proxy_0_1,1,True,1.9162449405030202e-13,9.428983735471528e-06
pair_logratio_elasticity_quality_score_soft_proxy_0_1,1,True,4.053640916993695e-14,2.0262045821234755e-06
simplex_direction_reconstruction,17,True,2.6645352591003757e-15,9.71445146547012e-08
simplex_convex_minus,17,True,5.551115123125783e-17,2.5363210227907726e-10
simplex_convex_plus,17,True,2.7755575615628914e-17,1.6311887439522567e-10
simplex_predictor_Q_A_topsis_0_1,1,True,2.913225216616411e-13,3.3094780405456595e-08
pair_logratio_elasticity_Q_A_topsis_0_1,1,True,1.0237295559878401e-10,0.002607045095778183
simplex_predictor_quality_score_soft_proxy_0_1,1,True,2.851940905657102e-12,3.1741383610136547e-07
pair_logratio_elasticity_quality_score_soft_proxy_0_1,1,True,1.0356237568898141e-10,0.002610751198993549
simplex_direction_reconstruction,17,True,1.887379141862766e-15,9.43689570931383e-08
simplex_convex_minus,17,True,2.7755575615628914e-17,1.6311887439522567e-10
simplex_convex_plus,17,True,5.551115123125783e-17,3.2623774879045133e-10
simplex_predictor_Q_A_topsis_0_1,1,True,2.204458837695711e-12,2.4200255788513824e-07
pair_logratio_elasticity_Q_A_topsis_0_1,1,True,1.0398168263925367e-10,0.0026134529337233027
simplex_predictor_quality_score_soft_proxy_0_1,1,True,9.707790127322369e-13,1.0864020793626612e-07
pair_logratio_elasticity_quality_score_soft_proxy_0_1,1,True,1.0190554997069334e-10,0.002585821354637582
simplex_direction_reconstruction,17,True,4.107825191113079e-15,2.0539125955565396e-07
simplex_convex_minus,17,True,2.7755575615628914e-17,1.2681605113953863e-10
simplex_convex_plus,17,True,5.551115123125783e-17,2.5982325510353774e-10
simplex_predictor_Q_A_topsis_0_1,1,True,1.3784529073745944e-12,3.2420957648813494e-07
pair_logratio_elasticity_Q_A_topsis_0_1,1,True,2.6259980301368557e-11,0.0010487533961006119
simplex_predictor_quality_score_soft_proxy_0_1,1,True,5.480060849549773e-13,1.2893031245896072e-07
pair_logratio_elasticity_quality_score_soft_proxy_0_1,1,True,2.5884915738627612e-11,0.0010338396528677472
simplex_direction_reconstruction,17,True,2.456368441983159e-15,1.2281842209915794e-07
simplex_convex_minus,17,True,5.551115123125783e-17,2.1434929745347573e-10
simplex_convex_plus,17,True,5.551115123125783e-17,2.256137681108558e-10
simplex_predictor_Q_A_topsis_0_1,1,True,4.707345624410664e-14,5.420727676678429e-09
pair_logratio_elasticity_Q_A_topsis_0_1,1,True,1.0031569845636579e-10,0.002571335861739069
simplex_predictor_quality_score_soft_proxy_0_1,1,True,1.2363443602225743e-12,1.420502055285523e-07
pair_logratio_elasticity_quality_score_soft_proxy_0_1,1,True,1.0013920248574948e-10,0.0025639850952841256
simplex_direction_reconstruction,17,True,3.3584246494910985e-15,1.6792123247455493e-07
simplex_convex_minus,17,True,2.7755575615628914e-17,1.2991162755176887e-10
simplex_convex_plus,17,True,5.551115123125783e-17,2.5982325510353774e-10
simplex_predictor_Q_A_topsis_0_1,1,True,1.0338396805309458e-12,1.2168097191426115e-07
pair_logratio_elasticity_Q_A_topsis_0_1,1,True,9.37513209425811e-11,0.0024561223427727115
simplex_predictor_quality_score_soft_proxy_0_1,1,True,1.2891909761947318e-12,1.6175695137753584e-07
pair_logratio_elasticity_quality_score_soft_proxy_0_1,1,True,8.805120001176281e-11,0.0023770601838888745
simplex_direction_reconstruction,17,True,4.718447854656915e-15,2.3592239273284576e-07
simplex_convex_minus,17,True,4.163336342344337e-17,1.8287535889682554e-10
simplex_convex_plus,17,True,5.551115123125783e-17,2.256137681108558e-10
simplex_predictor_Q_A_topsis_0_1,1,True,1.8336443474709085e-12,3.056479094656023e-07
pair_logratio_elasticity_Q_A_topsis_0_1,1,True,5.207463973921911e-11,0.0016628963115168074
simplex_predictor_quality_score_soft_proxy_0_1,1,True,6.004086117172847e-13,9.940980222323283e-08
pair_logratio_elasticity_quality_score_soft_proxy_0_1,1,True,5.256486999144494e-11,0.0016744497076718711
simplex_direction_reconstruction,17,True,1.9984014443252818e-15,9.71445146547012e-08
simplex_convex_minus,17,True,2.7755575615628914e-17,1.6311887439522567e-10
simplex_convex_plus,17,True,4.163336342344337e-17,1.726083563684578e-10
simplex_predictor_Q_A_topsis_0_1,1,True,3.090860900556436e-13,3.3427965941380445e-08
pair_logratio_elasticity_Q_A_topsis_0_1,1,True,1.070621456072951e-10,0.0026618143621485874
simplex_predictor_quality_score_soft_proxy_0_1,1,True,1.056044141023449e-12,1.2447133031522816e-07
pair_logratio_elasticity_quality_score_soft_proxy_0_1,1,True,9.790744430471232e-11,0.002539673483861601
simplex_direction_reconstruction,17,True,2.581268532253489e-15,1.2906342661267445e-07
simplex_convex_minus,17,True,2.7755575615628914e-17,1.6311887439522567e-10
simplex_convex_plus,17,True,2.7755575615628914e-17,1.602455043676125e-10
simplex_predictor_Q_A_topsis_0_1,1,True,2.1369572777985013e-12,2.5971464492598415e-07
pair_logratio_elasticity_Q_A_topsis_0_1,1,True,9.421446955926172e-11,0.0024862613931769923
simplex_predictor_quality_score_soft_proxy_0_1,1,True,3.2107649872159527e-13,4.082663289968536e-08
pair_logratio_elasticity_quality_score_soft_proxy_0_1,1,True,8.905912292356266e-11,0.00240044227662776
simplex_direction_reconstruction,17,True,4.579669976578771e-15,2.2898349882893854e-07
simplex_convex_minus,17,True,2.7755575615628914e-17,1.172110524691585e-10
simplex_convex_plus,17,True,2.7755575615628914e-17,2.4383381186243405e-10
simplex_predictor_Q_A_topsis_0_1,1,True,3.0730973321624333e-13,7.410128852564655e-07
pair_logratio_elasticity_Q_A_topsis_0_1,1,True,6.612396584058586e-12,0.0003263645304087823
simplex_predictor_quality_score_soft_proxy_0_1,1,True,1.7612578062653483e-12,2.7407493396830497e-06
pair_logratio_elasticity_quality_score_soft_proxy_0_1,1,True,1.0617627599612128e-11,0.0005201829232056498
simplex_direction_reconstruction,17,True,2.4147350785597155e-15,1.2073675392798577e-07
simplex_convex_minus,17,True,2.7755575615628914e-17,1.217030726853194e-10
simplex_convex_plus,17,True,4.163336342344337e-17,1.682099130138795e-10
simplex_predictor_Q_A_topsis_0_1,1,True,1.652011860642233e-12,2.0267838741448656e-07
pair_logratio_elasticity_Q_A_topsis_0_1,1,True,8.295000450408985e-11,0.002257430820805714
simplex_predictor_quality_score_soft_proxy_0_1,1,True,8.5087492607272e-13,1.0465196636718856e-07
pair_logratio_elasticity_quality_score_soft_proxy_0_1,1,True,8.27649546120135e-11,0.002254970866492183
simplex_direction_reconstruction,17,True,2.3869795029440866e-15,1.1934897514720433e-07
simplex_convex_minus,17,True,4.163336342344337e-17,1.9022407670930793e-10
simplex_convex_plus,17,True,5.551115123125783e-17,2.5363210227907726e-10
simplex_predictor_Q_A_topsis_0_1,1,True,9.769962616701378e-15,1.1441915080157462e-09
pair_logratio_elasticity_Q_A_topsis_0_1,1,True,9.950634760613752e-11,0.00256885090609371
simplex_predictor_quality_score_soft_proxy_0_1,1,True,3.3022473644450656e-12,3.8796470442851683e-07
pair_logratio_elasticity_quality_score_soft_proxy_0_1,1,True,9.903260156374216e-11,0.0025605499360452926
simplex_direction_reconstruction,17,True,4.496403249731884e-15,2.248201624865942e-07
simplex_convex_minus,17,True,2.7755575615628914e-17,1.6311887439522567e-10
simplex_convex_plus,17,True,6.938893903907228e-17,2.803498550231325e-10
simplex_predictor_Q_A_topsis_0_1,1,True,1.5010215292932116e-13,3.60293924436159e-08
pair_logratio_elasticity_Q_A_topsis_0_1,1,True,3.285625504306777e-11,0.001196892666267835
simplex_predictor_quality_score_soft_proxy_0_1,1,True,9.094947017729282e-13,2.2999170719311336e-07
pair_logratio_elasticity_quality_score_soft_proxy_0_1,1,True,3.114921862112929e-11,0.0011506511498420404
simplex_direction_reconstruction,17,True,3.552713678800501e-15,1.7763568394002505e-07
simplex_convex_minus,17,True,4.163336342344337e-17,1.9022407670930793e-10
simplex_convex_plus,17,True,5.551115123125783e-17,2.9302763117289626e-10
simplex_predictor_Q_A_topsis_0_1,1,True,8.877343304902752e-13,1.42877052219855e-07
pair_logratio_elasticity_Q_A_topsis_0_1,1,True,4.1856415035346206e-11,0.0013972210018076312
simplex_predictor_quality_score_soft_proxy_0_1,1,True,2.136069099378801e-12,3.597349972528811e-07
pair_logratio_elasticity_quality_score_soft_proxy_0_1,1,True,3.910586351268952e-11,0.0013249856292313167
simplex_direction_reconstruction,17,True,2.220446049250313e-15,1.1102230246251565e-07
simplex_convex_minus,17,True,5.551115123125783e-17,2.5982325510353774e-10
simplex_convex_plus,17,True,5.551115123125783e-17,2.256137681108558e-10
simplex_predictor_Q_A_topsis_0_1,1,True,1.77280412572145e-12,3.724172938295031e-07
pair_logratio_elasticity_Q_A_topsis_0_1,1,True,3.1239399088389685e-11,0.001139591767961164
simplex_predictor_quality_score_soft_proxy_0_1,1,True,6.119549311733863e-13,1.34536180939489e-07
pair_logratio_elasticity_quality_score_soft_proxy_0_1,1,True,2.922000098479205e-11,0.0010789516868916632
simplex_direction_reconstruction,17,True,2.6645352591003757e-15,1.3322676295501878e-07
simplex_convex_minus,17,True,5.551115123125783e-17,2.1434929745347573e-10
simplex_convex_plus,17,True,5.551115123125783e-17,2.5982325510353774e-10
simplex_predictor_Q_A_topsis_0_1,1,True,2.3581137043038325e-12,2.901991385467724e-07
pair_logratio_elasticity_Q_A_topsis_0_1,1,True,8.832918250989419e-11,0.002373251381292492
simplex_predictor_quality_score_soft_proxy_0_1,1,True,8.93507490218326e-13,1.0969411199991838e-07
pair_logratio_elasticity_quality_score_soft_proxy_0_1,1,True,8.843269866387615e-11,0.0023733777512665154
simplex_direction_reconstruction,17,True,1.9984014443252818e-15,9.992007221626409e-08
simplex_convex_minus,17,True,2.7755575615628914e-17,1.2991162755176887e-10
simplex_convex_plus,17,True,2.7755575615628914e-17,1.2991162755176887e-10
simplex_predictor_Q_A_topsis_0_1,1,True,5.702105454474804e-13,6.67274318163301e-08
pair_logratio_elasticity_Q_A_topsis_0_1,1,True,9.431692753192333e-11,0.0024636349011732243
simplex_predictor_quality_score_soft_proxy_0_1,1,True,8.641976023682219e-13,1.0186309016168645e-07
pair_logratio_elasticity_quality_score_soft_proxy_0_1,1,True,9.321446219068275e-11,0.002443249037548088
simplex_direction_reconstruction,17,True,1.7763568394002505e-15,3.2786273695961654e-08
simplex_convex_minus,17,True,5.551115123125783e-17,2.5982325510353774e-10
simplex_convex_plus,17,True,4.163336342344337e-17,1.6934798215955009e-10
simplex_predictor_Q_A_topsis_0_1,1,True,2.0761170560490427e-13,3.491761780724658e-07
pair_logratio_elasticity_Q_A_topsis_0_1,1,True,3.305511246665116e-12,0.00010096152596348892
simplex_predictor_quality_score_soft_proxy_0_1,1,True,1.2678746941219288e-12,1.1116432611477287e-06
pair_logratio_elasticity_quality_score_soft_proxy_0_1,1,True,1.3617683369826494e-12,3.0365289103959998e-05
simplex_direction_reconstruction,17,True,1.5543122344752192e-15,2.8731357570865868e-08
simplex_convex_minus,17,True,4.163336342344337e-17,2.4467831159283847e-10
simplex_convex_plus,17,True,8.326672684688674e-17,3.8010081503108113e-10
simplex_predictor_Q_A_topsis_0_1,1,True,9.958700530887654e-14,1.1051214692185468e-07
pair_logratio_elasticity_Q_A_topsis_0_1,1,True,1.6689254145330068e-13,4.378167208814219e-06
simplex_predictor_quality_score_soft_proxy_0_1,1,True,6.494804694057166e-13,5.951239317891209e-07
pair_logratio_elasticity_quality_score_soft_proxy_0_1,1,True,5.9863659168657435e-12,0.00014242961565531271
simplex_direction_reconstruction,17,True,3.3306690738754696e-15,1.2212453270876722e-07
simplex_convex_minus,17,True,6.938893903907228e-17,4.0779718598806414e-10
simplex_convex_plus,17,True,2.7755575615628914e-17,1.8216822498237279e-10
simplex_predictor_Q_A_topsis_0_1,1,True,9.259260025373806e-13,2.3169217462103514e-07
pair_logratio_elasticity_Q_A_topsis_0_1,1,True,4.214125576273986e-11,0.0014398337667058685
simplex_predictor_quality_score_soft_proxy_0_1,1,True,2.2715163083830703e-13,6.250761891853711e-08
pair_logratio_elasticity_quality_score_soft_proxy_0_1,1,True,3.9196801186747177e-11,0.001379027867238744
simplex_direction_reconstruction,17,True,9.835882108788496e-16,4.917941054394248e-08
simplex_convex_minus,17,True,4.163336342344337e-17,1.7246535105575478e-10
simplex_convex_plus,17,True,4.163336342344337e-17,1.6921032608314186e-10
simplex_predictor_Q_A_topsis_0_1,1,True,2.2568613644580182e-12,4.742533981339384e-06
pair_logratio_elasticity_Q_A_topsis_0_1,1,True,1.6545037909154736e-12,5.489602661644963e-05
simplex_predictor_quality_score_soft_proxy_0_1,1,True,3.526068326209497e-12,4.1039697491946984e-06
pair_logratio_elasticity_quality_score_soft_proxy_0_1,1,True,6.869053936764402e-12,0.00017766124298343848
simplex_direction_reconstruction,17,True,9.298117831235686e-16,4.649058915617843e-08
simplex_convex_minus,17,True,5.551115123125783e-17,2.5982325510353774e-10
simplex_convex_plus,17,True,4.163336342344337e-17,1.9005040751554056e-10
simplex_predictor_Q_A_topsis_0_1,1,True,1.117661518890145e-12,3.877853792125546e-06
pair_logratio_elasticity_Q_A_topsis_0_1,1,True,3.273874227271989e-13,1.3195989083655934e-05
simplex_predictor_quality_score_soft_proxy_0_1,1,True,1.6101564526138645e-12,1.282606289265254e-05
pair_logratio_elasticity_quality_score_soft_proxy_0_1,1,True,6.435793087691821e-12,0.00029397266559076163
simplex_direction_reconstruction,17,True,1.7763568394002505e-15,6.01949046163952e-08
simplex_convex_minus,17,True,4.163336342344337e-17,1.682099130138795e-10
simplex_convex_plus,17,True,2.7755575615628914e-17,1.9621984936125395e-10
simplex_predictor_Q_A_topsis_0_1,1,True,4.707345624410664e-13,2.0931840712701115e-07
pair_logratio_elasticity_Q_A_topsis_0_1,1,True,1.7667759616424306e-12,4.537151917666243e-05
simplex_predictor_quality_score_soft_proxy_0_1,1,True,1.9413359808595487e-12,1.052410886098769e-06
pair_logratio_elasticity_quality_score_soft_proxy_0_1,1,True,3.3029958976249496e-12,9.302860067948742e-05
simplex_direction_reconstruction,17,True,1.7763568394002505e-15,7.420279668490792e-08
simplex_convex_minus,17,True,5.551115123125783e-17,2.24279884018506e-10
simplex_convex_plus,17,True,4.163336342344337e-17,1.9005040751554056e-10
simplex_predictor_Q_A_topsis_0_1,1,True,1.9952928198563313e-12,1.9218111878358402e-06
pair_logratio_elasticity_Q_A_topsis_0_1,1,True,1.0642910164282426e-12,2.5125924980985717e-05
simplex_predictor_quality_score_soft_proxy_0_1,1,True,7.347455976969286e-13,1.148313470745414e-06
pair_logratio_elasticity_quality_score_soft_proxy_0_1,1,True,7.49281366119181e-12,0.00022293053737688833
simplex_direction_reconstruction,17,True,2.581268532253489e-15,1.2906342661267445e-07
simplex_convex_minus,17,True,2.7755575615628914e-17,1.602455043676125e-10
simplex_convex_plus,17,True,2.7755575615628914e-17,1.6311887439522567e-10
simplex_predictor_Q_A_topsis_0_1,1,True,2.1369572777985013e-12,2.5971464492598415e-07
pair_logratio_elasticity_Q_A_topsis_0_1,1,True,9.421446955926172e-11,0.0024862613931769923
simplex_predictor_quality_score_soft_proxy_0_1,1,True,3.2107649872159527e-13,4.082663289968536e-08
pair_logratio_elasticity_quality_score_soft_proxy_0_1,1,True,8.905912292356266e-11,0.00240044227662776
simplex_direction_reconstruction,17,True,4.9960036108132044e-15,2.498001805406602e-07
simplex_convex_minus,17,True,5.551115123125783e-17,2.24279884018506e-10
simplex_convex_plus,17,True,2.7755575615628914e-17,1.9566653842687665e-10
simplex_predictor_Q_A_topsis_0_1,1,True,2.2382096176443156e-13,2.5956839014543692e-08
pair_logratio_elasticity_Q_A_topsis_0_1,1,True,2.602118863263836e-10,0.009360163719915668
simplex_predictor_quality_score_soft_proxy_0_1,1,True,3.000266701747023e-12,3.535129085082998e-07
pair_logratio_elasticity_quality_score_soft_proxy_0_1,1,True,2.5619806363202935e-10,0.009256781159263946
simplex_direction_reconstruction,17,True,8.083811398051921e-16,4.0419056990259605e-08
simplex_convex_minus,17,True,2.7755575615628914e-17,1.2991162755176887e-10
simplex_convex_plus,17,True,4.163336342344337e-17,2.732523374735592e-10
simplex_predictor_Q_A_topsis_0_1,1,True,4.842792833414933e-13,4.982603395103665e-06
pair_logratio_elasticity_Q_A_topsis_0_1,1,True,1.4613446086900184e-12,6.94838083315022e-05
simplex_predictor_quality_score_soft_proxy_0_1,1,True,1.0481615575486103e-12,3.663212621164478e-06
pair_logratio_elasticity_quality_score_soft_proxy_0_1,1,True,1.5181137597020111e-12,6.444710711841506e-05
simplex_direction_reconstruction,17,True,5.371679663579432e-16,2.685839831789716e-08
simplex_convex_minus,17,True,2.7755575615628914e-17,1.8216822498237279e-10
simplex_convex_plus,17,True,5.551115123125783e-17,2.256137681108558e-10
simplex_predictor_Q_A_topsis_0_1,1,True,2.1268542482744124e-12,6.432328359943485e-06
pair_logratio_elasticity_Q_A_topsis_0_1,1,True,2.0695728117359202e-13,7.646069229472082e-06
simplex_predictor_quality_score_soft_proxy_0_1,1,True,1.4593881658697683e-12,2.186897440511027e-06
pair_logratio_elasticity_quality_score_soft_proxy_0_1,1,True,9.062722794439537e-12,0.0002609743357893321
simplex_direction_reconstruction,17,True,1.7763568394002505e-15,4.336808689942018e-08
simplex_convex_minus,17,True,8.326672684688674e-17,3.2152394618021363e-10
simplex_convex_plus,17,True,4.163336342344337e-17,1.8216822498237279e-10
simplex_predictor_Q_A_topsis_0_1,1,True,2.3359092438113294e-13,5.722470833928516e-08
pair_logratio_elasticity_Q_A_topsis_0_1,1,True,1.1563756896482147e-11,0.00024152456838708605
simplex_predictor_quality_score_soft_proxy_0_1,1,True,5.88418203051333e-13,1.4972774180451855e-07
pair_logratio_elasticity_quality_score_soft_proxy_0_1,1,True,1.1782151643213723e-11,0.00025157005317559083
simplex_direction_reconstruction,17,True,2.84147705365001e-15,1.420738526825005e-07
simplex_convex_minus,17,True,4.163336342344337e-17,1.9039806359326878e-10
simplex_convex_plus,17,True,5.551115123125783e-17,2.256137681108558e-10
simplex_predictor_Q_A_topsis_0_1,1,True,3.0242475190789264e-12,1.4862463140539578e-06
pair_logratio_elasticity_Q_A_topsis_0_1,1,True,9.301020023610995e-12,0.0003149046296086912
simplex_predictor_quality_score_soft_proxy_0_1,1,True,2.6258994978434202e-12,1.3490419218645249e-06
pair_logratio_elasticity_quality_score_soft_proxy_0_1,1,True,9.410383930430477e-12,0.0003231817678466672
simplex_direction_reconstruction,17,True,1.942890293094024e-15,9.71445146547012e-08
simplex_convex_minus,17,True,4.163336342344337e-17,1.7581657870373776e-10
simplex_convex_plus,17,True,4.163336342344337e-17,1.8216822498237279e-10
simplex_predictor_Q_A_topsis_0_1,1,True,3.909761403519951e-12,1.1209710789456433e-06
pair_logratio_elasticity_Q_A_topsis_0_1,1,True,1.7911881179666356e-11,0.0005094383955134333
simplex_predictor_quality_score_soft_proxy_0_1,1,True,2.90656387846866e-13,8.713345132971068e-08
pair_logratio_elasticity_quality_score_soft_proxy_0_1,1,True,1.582524822990594e-11,0.00045876604283456537
simplex_direction_reconstruction,17,True,1.9984014443252818e-15,2.5500435096859064e-08
simplex_convex_minus,17,True,2.7755575615628914e-17,2.4383381186243405e-10
simplex_convex_plus,17,True,5.551115123125783e-17,2.5982325510353774e-10
simplex_predictor_Q_A_topsis_0_1,1,True,5.417888360170764e-14,4.431800455530717e-07
pair_logratio_elasticity_Q_A_topsis_0_1,1,True,5.430444505530319e-13,2.5021528218334524e-05
simplex_predictor_quality_score_soft_proxy_0_1,1,True,1.2150280781497713e-12,4.0358630144295224e-06
pair_logratio_elasticity_quality_score_soft_proxy_0_1,1,True,4.62612153445674e-12,0.00018743410994953702
simplex_direction_reconstruction,17,True,1.3322676295501878e-15,5.347285114698508e-08
simplex_convex_minus,17,True,6.938893903907228e-17,3.173301059887813e-10
simplex_convex_plus,17,True,5.551115123125783e-17,2.5340054335405407e-10
simplex_predictor_Q_A_topsis_0_1,1,True,6.535882945968297e-13,1.9378651965215983e-06
pair_logratio_elasticity_Q_A_topsis_0_1,1,True,1.4646617252367378e-12,5.696801780160042e-05
simplex_predictor_quality_score_soft_proxy_0_1,1,True,5.431211036466266e-13,8.492574828544036e-07
pair_logratio_elasticity_quality_score_soft_proxy_0_1,1,True,8.73160918568594e-13,2.8030701937618352e-05
simplex_direction_reconstruction,17,True,7.105427357601002e-15,3.552713678800501e-07
simplex_convex_minus,17,True,2.7755575615628914e-17,1.9566653842687665e-10
simplex_convex_plus,17,True,2.7755575615628914e-17,1.2191690593121703e-10
simplex_predictor_Q_A_topsis_0_1,1,True,2.2364332608049153e-12,2.4315959410774854e-07
pair_logratio_elasticity_Q_A_topsis_0_1,1,True,2.788110601767424e-10,0.009837137627942813
simplex_predictor_quality_score_soft_proxy_0_1,1,True,1.723066134218243e-13,1.7934503686844186e-08
pair_logratio_elasticity_quality_score_soft_proxy_0_1,1,True,2.9164625055255744e-10,0.010156384673099202
simplex_direction_reconstruction,17,True,4.6629367034256575e-15,2.3314683517128287e-07
simplex_convex_minus,17,True,4.163336342344337e-17,1.682099130138795e-10
simplex_convex_plus,17,True,2.7755575615628914e-17,1.8216822498237279e-10
simplex_predictor_Q_A_topsis_0_1,1,True,3.232969447708456e-13,3.401710074186901e-08
pair_logratio_elasticity_Q_A_topsis_0_1,1,True,2.8651604786628093e-10,0.010020215802967676
simplex_predictor_quality_score_soft_proxy_0_1,1,True,7.904787935331115e-13,8.270039186790904e-08
pair_logratio_elasticity_quality_score_soft_proxy_0_1,1,True,2.8790498630970607e-10,0.01005146550241594
simplex_direction_reconstruction,17,True,1.0769163338864018e-14,5.384581669432009e-07
simplex_convex_minus,17,True,5.551115123125783e-17,2.1434929745347573e-10
simplex_convex_plus,17,True,6.938893903907228e-17,2.6793662181684467e-10
simplex_predictor_Q_A_topsis_0_1,1,True,1.071143174158351e-12,2.3052937320406722e-07
pair_logratio_elasticity_Q_A_topsis_0_1,1,True,8.130445990940649e-11,0.0035169967040375558
simplex_predictor_quality_score_soft_proxy_0_1,1,True,1.213251721310371e-12,2.489730452554393e-07
pair_logratio_elasticity_quality_score_soft_proxy_0_1,1,True,8.51907116898587e-11,0.0036609262416766896
simplex_direction_reconstruction,17,True,5.551115123125783e-15,2.7755575615628914e-07
simplex_convex_minus,17,True,5.551115123125783e-17,2.5982325510353774e-10
simplex_convex_plus,17,True,4.163336342344337e-17,1.6076197309010682e-10
simplex_predictor_Q_A_topsis_0_1,1,True,2.602362769721367e-13,2.8664520297977282e-08
pair_logratio_elasticity_Q_A_topsis_0_1,1,True,2.7532443165612097e-10,0.009750893736061809
simplex_predictor_quality_score_soft_proxy_0_1,1,True,5.258016244624741e-13,5.637902475145994e-08
pair_logratio_elasticity_quality_score_soft_proxy_0_1,1,True,2.828297596124685e-10,0.009937507386637574
simplex_direction_reconstruction,17,True,8.770761894538737e-15,4.3853809472693683e-07
simplex_convex_minus,17,True,4.163336342344337e-17,1.7246535105575478e-10
simplex_convex_plus,17,True,4.163336342344337e-17,1.682099130138795e-10
simplex_predictor_Q_A_topsis_0_1,1,True,8.79296635503124e-13,9.889705807905816e-08
pair_logratio_elasticity_Q_A_topsis_0_1,1,True,2.6455711059358844e-10,0.009452939766465033
simplex_predictor_quality_score_soft_proxy_0_1,1,True,1.3908874052503961e-12,1.6187140705136673e-07
pair_logratio_elasticity_quality_score_soft_proxy_0_1,1,True,2.551387534403815e-10,0.009204795742275111
simplex_direction_reconstruction,17,True,6.661338147750939e-15,3.3306690738754696e-07
simplex_convex_minus,17,True,2.7755575615628914e-17,1.8216822498237279e-10
simplex_convex_plus,17,True,2.7755575615628914e-17,1.6311887439522567e-10
simplex_predictor_Q_A_topsis_0_1,1,True,6.941114349956479e-13,1.0855803531786875e-07
pair_logratio_elasticity_Q_A_topsis_0_1,1,True,1.705685636135823e-10,0.0067059067519397
simplex_predictor_quality_score_soft_proxy_0_1,1,True,1.1608491945480637e-12,1.7424015893108646e-07
pair_logratio_elasticity_quality_score_soft_proxy_0_1,1,True,1.7784112247079542e-10,0.006929464184001039
simplex_direction_reconstruction,17,True,8.43769498715119e-15,4.218847493575595e-07
simplex_convex_minus,17,True,5.551115123125783e-17,2.5363210227907726e-10
simplex_convex_plus,17,True,4.163336342344337e-17,1.682099130138795e-10
simplex_predictor_Q_A_topsis_0_1,1,True,1.7763568394002505e-15,1.8424934475531637e-10
pair_logratio_elasticity_Q_A_topsis_0_1,1,True,2.9232405905632586e-10,0.01017044919117204
simplex_predictor_quality_score_soft_proxy_0_1,1,True,7.052136652418994e-13,7.743767302631296e-08
pair_logratio_elasticity_quality_score_soft_proxy_0_1,1,True,2.756212627921806e-10,0.009754060464062785
simplex_direction_reconstruction,17,True,4.579669976578771e-15,2.2898349882893854e-07
simplex_convex_minus,17,True,2.7755575615628914e-17,2.4383381186243405e-10
simplex_convex_plus,17,True,2.7755575615628914e-17,1.172110524691585e-10
simplex_predictor_Q_A_topsis_0_1,1,True,3.0730973321624333e-13,7.410128852564655e-07
pair_logratio_elasticity_Q_A_topsis_0_1,1,True,6.612396584058586e-12,0.0003263645304087823
simplex_predictor_quality_score_soft_proxy_0_1,1,True,1.7612578062653483e-12,2.7407493396830497e-06
pair_logratio_elasticity_quality_score_soft_proxy_0_1,1,True,1.0617627599612128e-11,0.0005201829232056498
simplex_direction_reconstruction,17,True,4.9960036108132044e-15,2.498001805406602e-07
simplex_convex_minus,17,True,2.7755575615628914e-17,1.9566653842687665e-10
simplex_convex_plus,17,True,5.551115123125783e-17,2.24279884018506e-10
simplex_predictor_Q_A_topsis_0_1,1,True,2.2382096176443156e-13,2.5956839014543692e-08
pair_logratio_elasticity_Q_A_topsis_0_1,1,True,2.602137593940568e-10,0.009360231096622885
simplex_predictor_quality_score_soft_proxy_0_1,1,True,3.000266701747023e-12,3.535129085082998e-07
pair_logratio_elasticity_quality_score_soft_proxy_0_1,1,True,2.5619990720940344e-10,0.009256847770197925
simplex_direction_reconstruction,17,True,4.6629367034256575e-15,2.3314683517128287e-07
simplex_convex_minus,17,True,5.551115123125783e-17,2.5982325510353774e-10
simplex_convex_plus,17,True,4.163336342344337e-17,1.8216822498237279e-10
simplex_predictor_Q_A_topsis_0_1,1,True,2.611244553918368e-13,3.055653014428605e-08
pair_logratio_elasticity_Q_A_topsis_0_1,1,True,2.459310346515642e-10,0.008927952415489404
simplex_predictor_quality_score_soft_proxy_0_1,1,True,3.9168668308775523e-13,4.474813789196732e-08
pair_logratio_elasticity_quality_score_soft_proxy_0_1,1,True,2.515964702201612e-10,0.009073122464473293
simplex_direction_reconstruction,17,True,7.549516567451064e-15,3.774758283725532e-07
simplex_convex_minus,17,True,2.7755575615628914e-17,1.2191690593121703e-10
simplex_convex_plus,17,True,6.938893903907228e-17,2.6814370242301515e-10
simplex_predictor_Q_A_topsis_0_1,1,True,1.9033663534173684e-12,2.1306029368714548e-07
pair_logratio_elasticity_Q_A_topsis_0_1,1,True,2.714672826809039e-10,0.009656907760059981
simplex_predictor_quality_score_soft_proxy_0_1,1,True,1.5409895581797173e-12,1.6870288679824227e-07
pair_logratio_elasticity_quality_score_soft_proxy_0_1,1,True,2.775470695284832e-10,0.009809397209535152
simplex_direction_reconstruction,17,True,4.884981308350689e-15,2.4424906541753444e-07
simplex_convex_minus,17,True,5.551115123125783e-17,2.445831730335958e-10
simplex_convex_plus,17,True,2.7755575615628914e-17,1.9566653842687665e-10
simplex_predictor_Q_A_topsis_0_1,1,True,1.7630341631047486e-12,3.8656090611438353e-07
pair_logratio_elasticity_Q_A_topsis_0_1,1,True,1.1593526442685298e-10,0.004874927154714534
simplex_predictor_quality_score_soft_proxy_0_1,1,True,8.517631044924201e-13,1.8609285938232917e-07
pair_logratio_elasticity_quality_score_soft_proxy_0_1,1,True,1.1636333281488109e-10,0.004890140842971036
simplex_direction_reconstruction,17,True,5.551115123125783e-15,2.3314683517128287e-07
simplex_convex_minus,17,True,2.7755575615628914e-17,1.2191690593121703e-10
simplex_convex_plus,17,True,6.938893903907228e-17,2.8744225175959125e-10
simplex_predictor_Q_A_topsis_0_1,1,True,5.021316695774658e-12,7.598856179826333e-07
pair_logratio_elasticity_Q_A_topsis_0_1,1,True,1.5210342707572266e-10,0.006035177365609642
simplex_predictor_quality_score_soft_proxy_0_1,1,True,3.7481129311345285e-13,5.713137965958848e-08
pair_logratio_elasticity_quality_score_soft_proxy_0_1,1,True,1.5090293684766332e-10,0.0059964647885061145
simplex_direction_reconstruction,17,True,5.329070518200751e-15,2.6645352591003757e-07
simplex_convex_minus,17,True,2.7755575615628914e-17,1.2991162755176887e-10
simplex_convex_plus,17,True,2.7755575615628914e-17,1.2681605113953863e-10
simplex_predictor_Q_A_topsis_0_1,1,True,1.4654943925052066e-12,2.8428720315408104e-07
pair_logratio_elasticity_Q_A_topsis_0_1,1,True,1.1525324965233619e-10,0.00480219030856725
simplex_predictor_quality_score_soft_proxy_0_1,1,True,1.149302875091962e-12,2.2224872212305906e-07
pair_logratio_elasticity_quality_score_soft_proxy_0_1,1,True,1.156304323124413e-10,0.004815363532726047
simplex_direction_reconstruction,17,True,6.2450045135165055e-15,3.122502256758253e-07
simplex_convex_minus,17,True,2.7755575615628914e-17,1.2991162755176887e-10
simplex_convex_plus,17,True,4.163336342344337e-17,1.6076197309010682e-10
simplex_predictor_Q_A_topsis_0_1,1,True,2.050803971087589e-12,2.406888023727561e-07
pair_logratio_elasticity_Q_A_topsis_0_1,1,True,2.5157271621792376e-10,0.00910706789726655
simplex_predictor_quality_score_soft_proxy_0_1,1,True,2.6556534749033744e-12,3.028779308450595e-07
pair_logratio_elasticity_quality_score_soft_proxy_0_1,1,True,2.5887642463723326e-10,0.009296759940686334
simplex_direction_reconstruction,17,True,5.88418203051333e-15,2.942091015256665e-07
simplex_convex_minus,17,True,6.938893903907228e-17,2.803498550231325e-10
simplex_convex_plus,17,True,4.163336342344337e-17,1.682099130138795e-10
simplex_predictor_Q_A_topsis_0_1,1,True,1.3429257705865894e-12,1.5021398157521307e-07
pair_logratio_elasticity_Q_A_topsis_0_1,1,True,2.659705641491761e-10,0.00948796913176349
simplex_predictor_quality_score_soft_proxy_0_1,1,True,8.970602038971265e-13,9.85073339887487e-08
pair_logratio_elasticity_quality_score_soft_proxy_0_1,1,True,2.7078469414659745e-10,0.009608329980608806
simplex_direction_reconstruction,17,True,1.3322676295501878e-15,3.920475055707584e-08
simplex_convex_minus,17,True,6.938893903907228e-17,2.6793662181684467e-10
simplex_convex_plus,17,True,8.326672684688674e-17,3.4493070211150955e-10
simplex_predictor_Q_A_topsis_0_1,1,True,1.943778471513724e-12,2.893518575975178e-06
pair_logratio_elasticity_Q_A_topsis_0_1,1,True,2.6086858367913024e-13,8.977550290998957e-06
simplex_predictor_quality_score_soft_proxy_0_1,1,True,2.1971313657331848e-13,2.512703861327861e-07
pair_logratio_elasticity_quality_score_soft_proxy_0_1,1,True,4.802668679415589e-14,1.5067652974877213e-06
simplex_direction_reconstruction,17,True,1.27675647831893e-15,6.38378239159465e-08
simplex_convex_minus,17,True,4.163336342344337e-17,1.9468519419440498e-10
simplex_convex_plus,17,True,2.7755575615628914e-17,1.2681605113953863e-10
simplex_predictor_Q_A_topsis_0_1,1,True,5.838662886503698e-13,5.967959728768828e-07
pair_logratio_elasticity_Q_A_topsis_0_1,1,True,2.789331265962147e-13,8.531278706255328e-06
simplex_predictor_quality_score_soft_proxy_0_1,1,True,3.986810881428937e-13,4.831299182620614e-07
pair_logratio_elasticity_quality_score_soft_proxy_0_1,1,True,2.9265478929119126e-12,9.543053311558133e-05
simplex_direction_reconstruction,17,True,5.079270337660091e-15,2.5396351688300456e-07
simplex_convex_minus,17,True,2.7755575615628914e-17,1.6311887439522567e-10
simplex_convex_plus,17,True,5.551115123125783e-17,2.1434929745347573e-10
simplex_predictor_Q_A_topsis_0_1,1,True,8.104628079763643e-13,2.0679456319704358e-07
pair_logratio_elasticity_Q_A_topsis_0_1,1,True,3.643883372123069e-11,0.0012761903493305042
simplex_predictor_quality_score_soft_proxy_0_1,1,True,8.211209490127658e-13,2.1053763119592218e-07
pair_logratio_elasticity_quality_score_soft_proxy_0_1,1,True,3.66701590967522e-11,0.00128617468040097
simplex_direction_reconstruction,17,True,5.169475958410885e-16,2.5847379792054426e-08
simplex_convex_minus,17,True,4.163336342344337e-17,2.34422104938317e-10
simplex_convex_plus,17,True,5.551115123125783e-17,2.5982325510353774e-10
simplex_predictor_Q_A_topsis_0_1,1,True,1.6997514507011147e-12,3.073298599240828e-06
pair_logratio_elasticity_Q_A_topsis_0_1,1,True,9.867484433712104e-13,3.598345759819538e-05
simplex_predictor_quality_score_soft_proxy_0_1,1,True,2.0871082639928318e-12,3.519260994200087e-06
pair_logratio_elasticity_quality_score_soft_proxy_0_1,1,True,1.9884545399140308e-12,7.106959081200637e-05
simplex_direction_reconstruction,17,True,8.196568423990414e-16,4.098284211995207e-08
simplex_convex_minus,17,True,4.163336342344337e-17,2.443910554794425e-10
simplex_convex_plus,17,True,4.163336342344337e-17,2.732523374735592e-10
simplex_predictor_Q_A_topsis_0_1,1,True,1.6019408022316384e-12,4.383947938102842e-06
pair_logratio_elasticity_Q_A_topsis_0_1,1,True,1.2148728203986714e-12,5.024179329086866e-05
simplex_predictor_quality_score_soft_proxy_0_1,1,True,2.658318010162475e-12,1.471986393945632e-05
pair_logratio_elasticity_quality_score_soft_proxy_0_1,1,True,1.9865944826669146e-13,9.05315221195511e-06
simplex_direction_reconstruction,17,True,1.2802259252708836e-15,6.401129626354418e-08
simplex_convex_minus,17,True,4.163336342344337e-17,1.9486744132765333e-10
simplex_convex_plus,17,True,8.326672684688674e-17,3.2152394618021363e-10
simplex_predictor_Q_A_topsis_0_1,1,True,9.547918011776346e-13,4.396521353371086e-07
pair_logratio_elasticity_Q_A_topsis_0_1,1,True,1.3028319742480754e-12,3.734457973896427e-05
simplex_predictor_quality_score_soft_proxy_0_1,1,True,3.671729587040318e-12,1.7395068043272164e-06
pair_logratio_elasticity_quality_score_soft_proxy_0_1,1,True,3.5452829907911543e-12,0.00010286511276099288
simplex_direction_reconstruction,17,True,2.220446049250313e-15,4.7618159415563355e-08
simplex_convex_minus,17,True,4.163336342344337e-17,1.8216822498237279e-10
simplex_convex_plus,17,True,2.7755575615628914e-17,1.8216822498237279e-10
simplex_predictor_Q_A_topsis_0_1,1,True,2.4795721031978246e-12,2.2229749085758547e-06
pair_logratio_elasticity_Q_A_topsis_0_1,1,True,9.538880102466507e-13,2.7152708904596314e-05
simplex_predictor_quality_score_soft_proxy_0_1,1,True,3.134159598516817e-13,8.386478718796416e-07
pair_logratio_elasticity_quality_score_soft_proxy_0_1,1,True,3.506255615709497e-12,0.0001408946350973449
simplex_direction_reconstruction,17,True,2.4147350785597155e-15,1.2073675392798577e-07
simplex_convex_minus,17,True,4.163336342344337e-17,1.682099130138795e-10
simplex_convex_plus,17,True,2.7755575615628914e-17,1.217030726853194e-10
simplex_predictor_Q_A_topsis_0_1,1,True,1.652011860642233e-12,2.0267838741448656e-07
pair_logratio_elasticity_Q_A_topsis_0_1,1,True,8.295000450408985e-11,0.002257430820805714
simplex_predictor_quality_score_soft_proxy_0_1,1,True,8.5087492607272e-13,1.0465196636718856e-07
pair_logratio_elasticity_quality_score_soft_proxy_0_1,1,True,8.27649546120135e-11,0.002254970866492183
simplex_direction_reconstruction,17,True,8.083811398051921e-16,4.0419056990259605e-08
simplex_convex_minus,17,True,4.163336342344337e-17,2.732523374735592e-10
simplex_convex_plus,17,True,2.7755575615628914e-17,1.2991162755176887e-10
simplex_predictor_Q_A_topsis_0_1,1,True,4.842792833414933e-13,4.982603395103665e-06
pair_logratio_elasticity_Q_A_topsis_0_1,1,True,1.4613446086900184e-12,6.94838083315022e-05
simplex_predictor_quality_score_soft_proxy_0_1,1,True,1.0481615575486103e-12,3.663212621164478e-06
pair_logratio_elasticity_quality_score_soft_proxy_0_1,1,True,1.5181137597020111e-12,6.444710711841506e-05
simplex_direction_reconstruction,17,True,4.6629367034256575e-15,2.3314683517128287e-07
simplex_convex_minus,17,True,4.163336342344337e-17,1.8216822498237279e-10
simplex_convex_plus,17,True,5.551115123125783e-17,2.5982325510353774e-10
simplex_predictor_Q_A_topsis_0_1,1,True,2.611244553918368e-13,3.055653014428605e-08
pair_logratio_elasticity_Q_A_topsis_0_1,1,True,2.459310346515642e-10,0.008927952415489404
simplex_predictor_quality_score_soft_proxy_0_1,1,True,3.9168668308775523e-13,4.474813789196732e-08
pair_logratio_elasticity_quality_score_soft_proxy_0_1,1,True,2.515964702201612e-10,0.009073122464473293
simplex_direction_reconstruction,17,True,1.7763568394002505e-15,4.9439619065339e-08
simplex_convex_minus,17,True,4.163336342344337e-17,1.682099130138795e-10
simplex_convex_plus,17,True,5.551115123125783e-17,2.256137681108558e-10
simplex_predictor_Q_A_topsis_0_1,1,True,2.798317133567707e-12,6.861230653871013e-06
pair_logratio_elasticity_Q_A_topsis_0_1,1,True,4.258312452654067e-15,1.6714376293423797e-07
simplex_predictor_quality_score_soft_proxy_0_1,1,True,2.5075497234183786e-12,6.250109700947996e-06
pair_logratio_elasticity_quality_score_soft_proxy_0_1,1,True,2.5485282287296407e-12,0.00010040246672951442
simplex_direction_reconstruction,17,True,1.5543122344752192e-15,7.060324547225605e-08
simplex_convex_minus,17,True,5.551115123125783e-17,2.2995380140767303e-10
simplex_convex_plus,17,True,2.7755575615628914e-17,1.6219047336788632e-10
simplex_predictor_Q_A_topsis_0_1,1,True,1.5023537969227618e-12,3.7513827214766134e-07
pair_logratio_elasticity_Q_A_topsis_0_1,1,True,8.138831622539477e-12,0.00018887120792350522
simplex_predictor_quality_score_soft_proxy_0_1,1,True,4.596323321948148e-13,1.0953921493103307e-07
pair_logratio_elasticity_quality_score_soft_proxy_0_1,1,True,7.88624894554335e-12,0.00017842080154705805
simplex_direction_reconstruction,17,True,2.0261570199409107e-15,1.0130785099704553e-07
simplex_convex_minus,17,True,2.7755575615628914e-17,1.6219047336788632e-10
simplex_convex_plus,17,True,5.551115123125783e-17,2.434061453706388e-10
simplex_predictor_Q_A_topsis_0_1,1,True,3.1952218648712005e-13,1.6321900813596698e-07
pair_logratio_elasticity_Q_A_topsis_0_1,1,True,6.806213578847142e-12,0.0002419006448828796
simplex_predictor_quality_score_soft_proxy_0_1,1,True,3.673950033089568e-12,1.6604493854425585e-06
pair_logratio_elasticity_quality_score_soft_proxy_0_1,1,True,8.97799456306414e-12,0.00030739012881842126
simplex_direction_reconstruction,17,True,1.4155343563970746e-15,7.077671781985373e-08
simplex_convex_minus,17,True,2.7755575615628914e-17,1.2991162755176887e-10
simplex_convex_plus,17,True,5.551115123125783e-17,2.5363210227907726e-10
simplex_predictor_Q_A_topsis_0_1,1,True,1.2048140263232199e-12,3.532515661552179e-07
pair_logratio_elasticity_Q_A_topsis_0_1,1,True,1.3412390122147233e-11,0.00040319649663180516
simplex_predictor_quality_score_soft_proxy_0_1,1,True,7.576161920042068e-13,2.1033833920067568e-07
pair_logratio_elasticity_quality_score_soft_proxy_0_1,1,True,1.4779562990119288e-11,0.0004345220285760098
simplex_direction_reconstruction,17,True,1.7763568394002505e-15,6.245004513516506e-08
simplex_convex_minus,17,True,2.7755575615628914e-17,1.2213149191303202e-10
simplex_convex_plus,17,True,2.7755575615628914e-17,1.7581657870373776e-10
simplex_predictor_Q_A_topsis_0_1,1,True,4.3010039973978564e-13,9.54585397598893e-06
pair_logratio_elasticity_Q_A_topsis_0_1,1,True,2.197208479612703e-12,0.00010829902124533149
simplex_predictor_quality_score_soft_proxy_0_1,1,True,4.2743586448068527e-14,1.2238319224674866e-06
pair_logratio_elasticity_quality_score_soft_proxy_0_1,1,True,1.3681533119966338e-12,6.78251477147255e-05
simplex_direction_reconstruction,17,True,1.6653345369377348e-15,7.181755190543981e-08
simplex_convex_minus,17,True,5.551115123125783e-17,3.2623774879045133e-10
simplex_convex_plus,17,True,4.163336342344337e-17,1.825546090279791e-10
simplex_predictor_Q_A_topsis_0_1,1,True,1.0825784713119901e-12,2.611981592202184e-06
pair_logratio_elasticity_Q_A_topsis_0_1,1,True,8.411223106907784e-13,3.393522872514934e-05
simplex_predictor_quality_score_soft_proxy_0_1,1,True,5.050404539019837e-13,1.352571201751754e-06
pair_logratio_elasticity_quality_score_soft_proxy_0_1,1,True,1.7132194100877296e-12,7.053838575509023e-05
simplex_direction_reconstruction,17,True,8.881784197001252e-16,2.0296264668928643e-08
simplex_convex_minus,17,True,4.163336342344337e-17,1.8216822498237279e-10
simplex_convex_plus,17,True,4.163336342344337e-17,1.9486744132765333e-10
simplex_predictor_Q_A_topsis_0_1,1,True,3.0120350658080497e-13,1.060855724281363e-06
pair_logratio_elasticity_Q_A_topsis_0_1,1,True,1.701447142898882e-13,6.438562694564319e-06
simplex_predictor_quality_score_soft_proxy_0_1,1,True,2.727262859991697e-12,5.529637179302004e-06
pair_logratio_elasticity_quality_score_soft_proxy_0_1,1,True,1.4436620301983005e-12,4.5799449226959634e-05
simplex_direction_reconstruction,17,True,8.482797797526587e-16,4.2413988987632933e-08
simplex_convex_minus,17,True,2.7755575615628914e-17,2.34422104938317e-10
simplex_convex_plus,17,True,4.163336342344337e-17,1.7246535105575478e-10
simplex_predictor_Q_A_topsis_0_1,1,True,5.995204332975845e-15,1.015293033174733e-08
pair_logratio_elasticity_Q_A_topsis_0_1,1,True,6.654659462368429e-14,2.029456496325676e-06
simplex_predictor_quality_score_soft_proxy_0_1,1,True,2.3320234632251413e-12,5.252260091428974e-06
pair_logratio_elasticity_quality_score_soft_proxy_0_1,1,True,5.009491085838924e-13,1.6977792036458077e-05
simplex_direction_reconstruction,17,True,4.551914400963142e-15,2.275957200481571e-07
simplex_convex_minus,17,True,2.7755575615628914e-17,1.1497690070383651e-10
simplex_convex_plus,17,True,5.551115123125783e-17,2.2995380140767303e-10
simplex_predictor_Q_A_topsis_0_1,1,True,1.3882228699912957e-12,3.223168050546991e-07
pair_logratio_elasticity_Q_A_topsis_0_1,1,True,4.6920486593271526e-11,0.0015594998323336944
simplex_predictor_quality_score_soft_proxy_0_1,1,True,2.7542412794900883e-12,6.433165432630005e-07
pair_logratio_elasticity_quality_score_soft_proxy_0_1,1,True,4.532863147332922e-11,0.0015096250445496614
simplex_direction_reconstruction,17,True,6.661338147750939e-16,2.667137344314341e-08
simplex_convex_minus,17,True,5.551115123125783e-17,2.2995380140767303e-10
simplex_convex_plus,17,True,2.7755575615628914e-17,1.6311887439522567e-10
simplex_predictor_Q_A_topsis_0_1,1,True,5.717648576819556e-14,3.460503187172065e-07
pair_logratio_elasticity_Q_A_topsis_0_1,1,True,1.575682509816212e-12,6.691478761295347e-05
simplex_predictor_quality_score_soft_proxy_0_1,1,True,2.066680160339729e-12,9.755298003743956e-06
pair_logratio_elasticity_quality_score_soft_proxy_0_1,1,True,8.570238269056674e-12,0.0003471617241193328
simplex_direction_reconstruction,17,True,1.635844237846129e-15,8.179221189230645e-08
simplex_convex_minus,17,True,5.551115123125783e-17,2.256137681108558e-10
simplex_convex_plus,17,True,6.938893903907228e-17,2.803498550231325e-10
simplex_predictor_Q_A_topsis_0_1,1,True,1.1963763313360687e-12,1.9162183094399638e-05
pair_logratio_elasticity_Q_A_topsis_0_1,1,True,5.7091973835153575e-12,0.0002742150452544348
simplex_predictor_quality_score_soft_proxy_0_1,1,True,1.5076828674409626e-13,2.683689422228664e-07
pair_logratio_elasticity_quality_score_soft_proxy_0_1,1,True,8.66732033366624e-13,2.8444001899757387e-05
simplex_direction_reconstruction,17,True,1.9984014443252818e-15,8.44810332800705e-08
simplex_convex_minus,17,True,5.551115123125783e-17,2.5363210227907726e-10
simplex_convex_plus,17,True,5.551115123125783e-17,2.256137681108558e-10
simplex_predictor_Q_A_topsis_0_1,1,True,3.7703173916270316e-13,1.4730431358104097e-07
pair_logratio_elasticity_Q_A_topsis_0_1,1,True,3.761484179687358e-12,8.883034941563063e-05
simplex_predictor_quality_score_soft_proxy_0_1,1,True,4.818367926873179e-13,1.9335433065383223e-07
pair_logratio_elasticity_quality_score_soft_proxy_0_1,1,True,5.852842516196333e-12,0.00014018719054813297
simplex_direction_reconstruction,17,True,2.4424906541753444e-15,3.879275373153135e-08
simplex_convex_minus,17,True,9.71445146547012e-17,3.9248979703238553e-10
simplex_convex_plus,17,True,5.551115123125783e-17,2.256137681108558e-10
simplex_predictor_Q_A_topsis_0_1,1,True,2.5391910796201955e-12,3.4898899510925645e-06
pair_logratio_elasticity_Q_A_topsis_0_1,1,True,2.295405185370747e-12,6.19640790793824e-05
simplex_predictor_quality_score_soft_proxy_0_1,1,True,2.194133763566697e-12,4.6206770074708744e-05
pair_logratio_elasticity_quality_score_soft_proxy_0_1,1,True,1.794355571245465e-12,8.684303720487869e-05
simplex_direction_reconstruction,17,True,2.3869795029440866e-15,1.1934897514720433e-07
simplex_convex_minus,17,True,5.551115123125783e-17,2.5363210227907726e-10
simplex_convex_plus,17,True,4.163336342344337e-17,1.9022407670930793e-10
simplex_predictor_Q_A_topsis_0_1,1,True,9.769962616701378e-15,1.1441915080157462e-09
pair_logratio_elasticity_Q_A_topsis_0_1,1,True,9.950634760613752e-11,0.00256885090609371
simplex_predictor_quality_score_soft_proxy_0_1,1,True,3.3022473644450656e-12,3.8796470442851683e-07
pair_logratio_elasticity_quality_score_soft_proxy_0_1,1,True,9.903260156374216e-11,0.0025605499360452926
simplex_direction_reconstruction,17,True,5.371679663579432e-16,2.685839831789716e-08
simplex_convex_minus,17,True,5.551115123125783e-17,2.256137681108558e-10
simplex_convex_plus,17,True,2.7755575615628914e-17,1.8216822498237279e-10
simplex_predictor_Q_A_topsis_0_1,1,True,2.1268542482744124e-12,6.432328359943485e-06
pair_logratio_elasticity_Q_A_topsis_0_1,1,True,2.0961878066660944e-13,7.744398745894106e-06
simplex_predictor_quality_score_soft_proxy_0_1,1,True,1.4593881658697683e-12,2.186897440511027e-06
pair_logratio_elasticity_quality_score_soft_proxy_0_1,1,True,9.068268705392235e-12,0.00026113403839307
simplex_direction_reconstruction,17,True,7.549516567451064e-15,3.774758283725532e-07
simplex_convex_minus,17,True,6.938893903907228e-17,2.6814370242301515e-10
simplex_convex_plus,17,True,2.7755575615628914e-17,1.2191690593121703e-10
simplex_predictor_Q_A_topsis_0_1,1,True,1.9033663534173684e-12,2.1306029368714548e-07
pair_logratio_elasticity_Q_A_topsis_0_1,1,True,2.714672826809039e-10,0.009656907760059981
simplex_predictor_quality_score_soft_proxy_0_1,1,True,1.5409895581797173e-12,1.6870288679824227e-07
pair_logratio_elasticity_quality_score_soft_proxy_0_1,1,True,2.775470695284832e-10,0.009809397209535152
simplex_direction_reconstruction,17,True,1.7763568394002505e-15,4.9439619065339e-08
simplex_convex_minus,17,True,5.551115123125783e-17,2.256137681108558e-10
simplex_convex_plus,17,True,4.163336342344337e-17,1.682099130138795e-10
simplex_predictor_Q_A_topsis_0_1,1,True,2.798317133567707e-12,6.861230653871013e-06
pair_logratio_elasticity_Q_A_topsis_0_1,1,True,9.379649834606596e-15,3.681622675162133e-07
simplex_predictor_quality_score_soft_proxy_0_1,1,True,2.5075497234183786e-12,6.250109700947996e-06
pair_logratio_elasticity_quality_score_soft_proxy_0_1,1,True,2.543494928564094e-12,0.00010020417355515831
simplex_direction_reconstruction,17,True,1.1449174941446927e-15,5.7245874707234634e-08
simplex_convex_minus,17,True,2.7755575615628914e-17,1.2681605113953863e-10
simplex_convex_plus,17,True,4.163336342344337e-17,1.7641256714079152e-10
simplex_predictor_Q_A_topsis_0_1,1,True,2.0801138589376933e-12,4.7354473328057956e-07
pair_logratio_elasticity_Q_A_topsis_0_1,1,True,1.1169339758643204e-11,0.000219595675250613
simplex_predictor_quality_score_soft_proxy_0_1,1,True,2.0476953466186387e-12,4.473633020433813e-07
pair_logratio_elasticity_quality_score_soft_proxy_0_1,1,True,1.2186217313026049e-11,0.00023360361351133828
simplex_direction_reconstruction,17,True,2.2273849431542203e-15,1.1136924715771102e-07
simplex_convex_minus,17,True,4.163336342344337e-17,1.608862214538091e-10
simplex_convex_plus,17,True,2.7755575615628914e-17,1.2991162755176887e-10
simplex_predictor_Q_A_topsis_0_1,1,True,8.975042931069765e-13,3.826538076110446e-07
pair_logratio_elasticity_Q_A_topsis_0_1,1,True,1.0435288917698404e-11,0.0003342488621694334
simplex_predictor_quality_score_soft_proxy_0_1,1,True,1.1666223542761145e-12,4.4976913542521437e-07
pair_logratio_elasticity_quality_score_soft_proxy_0_1,1,True,1.2626692226513914e-11,0.00038949173382845796
simplex_direction_reconstruction,17,True,1.609823385706477e-15,8.049116928532385e-08
simplex_convex_minus,17,True,5.551115123125783e-17,2.2995380140767303e-10
simplex_convex_plus,17,True,4.163336342344337e-17,1.7581657870373776e-10
simplex_predictor_Q_A_topsis_0_1,1,True,1.7827961329430764e-12,4.6934398719504607e-07
pair_logratio_elasticity_Q_A_topsis_0_1,1,True,1.8896400069690067e-11,0.0005132925199336314
simplex_predictor_quality_score_soft_proxy_0_1,1,True,1.7501555760190968e-12,4.393960104994346e-07
pair_logratio_elasticity_quality_score_soft_proxy_0_1,1,True,2.0737361480782646e-11,0.0005510039156598998
simplex_direction_reconstruction,17,True,9.43689570931383e-16,4.718447854656915e-08
simplex_convex_minus,17,True,5.551115123125783e-17,2.1451496193841214e-10
simplex_convex_plus,17,True,4.163336342344337e-17,1.9073740330413832e-10
simplex_predictor_Q_A_topsis_0_1,1,True,2.0726753646727047e-12,4.78787342578384e-06
pair_logratio_elasticity_Q_A_topsis_0_1,1,True,8.220923941593128e-13,3.0034335909984477e-05
simplex_predictor_quality_score_soft_proxy_0_1,1,True,2.4436008771999695e-13,6.326067158399881e-07
pair_logratio_elasticity_quality_score_soft_proxy_0_1,1,True,6.667510727559334e-12,0.000251231508003022
simplex_direction_reconstruction,17,True,1.025221574302293e-15,5.126107871511465e-08
simplex_convex_minus,17,True,5.551115123125783e-17,2.34422104938317e-10
simplex_convex_plus,17,True,8.326672684688674e-17,3.212758329721143e-10
simplex_predictor_Q_A_topsis_0_1,1,True,1.6604495556293841e-12,6.237235189036408e-05
pair_logratio_elasticity_Q_A_topsis_0_1,1,True,1.3420959086912418e-12,6.667644395953058e-05
simplex_predictor_quality_score_soft_proxy_0_1,1,True,2.4383828289842313e-12,5.100361883892518e-05
pair_logratio_elasticity_quality_score_soft_proxy_0_1,1,True,1.4817540098556459e-12,7.214134657048722e-05
simplex_direction_reconstruction,17,True,1.1657341758564144e-15,5.828670879282072e-08
simplex_convex_minus,17,True,4.163336342344337e-17,2.3521675618772203e-10
simplex_convex_plus,17,True,2.7755575615628914e-17,1.2991162755176887e-10
simplex_predictor_Q_A_topsis_0_1,1,True,4.4142467459096224e-13,9.479610094324491e-08
pair_logratio_elasticity_Q_A_topsis_0_1,1,True,1.1659739146407944e-11,0.00022224111787639075
simplex_predictor_quality_score_soft_proxy_0_1,1,True,6.794564910705958e-13,1.3453353142499936e-07
pair_logratio_elasticity_quality_score_soft_proxy_0_1,1,True,1.0773670150454606e-11,0.00019509629306801668
simplex_direction_reconstruction,17,True,1.1934897514720433e-15,5.967448757360216e-08
simplex_convex_minus,17,True,5.551115123125783e-17,2.595802589258733e-10
simplex_convex_plus,17,True,4.163336342344337e-17,1.7246535105575478e-10
simplex_predictor_Q_A_topsis_0_1,1,True,1.341149413747189e-13,2.7022223385878856e-08
pair_logratio_elasticity_Q_A_topsis_0_1,1,True,1.1796501275807003e-11,0.00021936438828360172
simplex_predictor_quality_score_soft_proxy_0_1,1,True,6.128431095930864e-14,1.2253780261249991e-08
pair_logratio_elasticity_quality_score_soft_proxy_0_1,1,True,1.0780553533207282e-11,0.00019950571863264668
simplex_direction_reconstruction,17,True,2.942091015256665e-15,1.4710455076283324e-07
simplex_convex_minus,17,True,4.163336342344337e-17,1.6921032608314186e-10
simplex_convex_plus,17,True,5.551115123125783e-17,2.24279884018506e-10
simplex_predictor_Q_A_topsis_0_1,1,True,1.5283330156989905e-12,1.4468564649611962e-05
pair_logratio_elasticity_Q_A_topsis_0_1,1,True,6.696622829828122e-13,3.321315237208959e-05
simplex_predictor_quality_score_soft_proxy_0_1,1,True,4.0796255262876e-12,1.2912743298726616e-05
pair_logratio_elasticity_quality_score_soft_proxy_0_1,1,True,1.879150372634253e-12,9.139031360000976e-05
simplex_direction_reconstruction,17,True,1.0130785099704553e-15,5.065392549852277e-08
simplex_convex_minus,17,True,4.163336342344337e-17,1.6076197309010682e-10
simplex_convex_plus,17,True,2.7755575615628914e-17,1.6311887439522567e-10
simplex_predictor_Q_A_topsis_0_1,1,True,2.417621658423741e-12,5.327656399671342e-07
pair_logratio_elasticity_Q_A_topsis_0_1,1,True,1.1814861589076742e-11,0.00022868939825600775
simplex_predictor_quality_score_soft_proxy_0_1,1,True,3.26405569239796e-13,6.844167057117719e-08
pair_logratio_elasticity_quality_score_soft_proxy_0_1,1,True,1.2160696061247478e-11,0.00022822433761008351
simplex_direction_reconstruction,17,True,1.2212453270876722e-15,6.106226635438361e-08
simplex_convex_minus,17,True,4.163336342344337e-17,2.443910554794425e-10
simplex_convex_plus,17,True,5.551115123125783e-17,2.2995380140767303e-10
simplex_predictor_Q_A_topsis_0_1,1,True,1.3367085216486885e-12,3.0727443453242724e-07
pair_logratio_elasticity_Q_A_topsis_0_1,1,True,9.324790939402305e-12,0.0001934120153334438
simplex_predictor_quality_score_soft_proxy_0_1,1,True,2.1760371282653068e-14,5.392291639494773e-09
pair_logratio_elasticity_quality_score_soft_proxy_0_1,1,True,7.343412336546784e-12,0.00015908124802868344
simplex_direction_reconstruction,17,True,1.3322676295501878e-15,6.609296443471635e-08
simplex_convex_minus,17,True,2.7755575615628914e-17,1.8216822498237279e-10
simplex_convex_plus,17,True,5.551115123125783e-17,2.2995380140767303e-10
simplex_predictor_Q_A_topsis_0_1,1,True,2.369215934550084e-13,1.2785136405126015e-07
pair_logratio_elasticity_Q_A_topsis_0_1,1,True,3.3145049205263177e-12,0.00011625700231305882
simplex_predictor_quality_score_soft_proxy_0_1,1,True,3.093081346605686e-13,1.4692122754398666e-07
pair_logratio_elasticity_quality_score_soft_proxy_0_1,1,True,3.5237394599429983e-12,0.00011872110295834799
simplex_direction_reconstruction,17,True,1.7832957333041577e-15,8.916478666520788e-08
simplex_convex_minus,17,True,5.551115123125783e-17,2.1434929745347573e-10
simplex_convex_plus,17,True,4.163336342344337e-17,1.682099130138795e-10
simplex_predictor_Q_A_topsis_0_1,1,True,4.587441537751147e-13,8.994578193677663e-08
pair_logratio_elasticity_Q_A_topsis_0_1,1,True,1.2913548702586652e-11,0.0002328407346317571
simplex_predictor_quality_score_soft_proxy_0_1,1,True,1.4654943925052066e-13,3.2210305922759383e-08
pair_logratio_elasticity_quality_score_soft_proxy_0_1,1,True,1.048889100574435e-11,0.0002032000179674892
simplex_direction_reconstruction,17,True,4.496403249731884e-15,2.248201624865942e-07
simplex_convex_minus,17,True,6.938893903907228e-17,2.803498550231325e-10
simplex_convex_plus,17,True,2.7755575615628914e-17,1.6311887439522567e-10
simplex_predictor_Q_A_topsis_0_1,1,True,1.5010215292932116e-13,3.60293924436159e-08
pair_logratio_elasticity_Q_A_topsis_0_1,1,True,3.285625504306777e-11,0.001196892666267835
simplex_predictor_quality_score_soft_proxy_0_1,1,True,9.094947017729282e-13,2.2999170719311336e-07
pair_logratio_elasticity_quality_score_soft_proxy_0_1,1,True,3.114921862112929e-11,0.0011506511498420404
simplex_direction_reconstruction,17,True,1.7763568394002505e-15,4.336808689942018e-08
simplex_convex_minus,17,True,4.163336342344337e-17,1.8216822498237279e-10
simplex_convex_plus,17,True,8.326672684688674e-17,3.2152394618021363e-10
simplex_predictor_Q_A_topsis_0_1,1,True,2.3359092438113294e-13,5.722470833928516e-08
pair_logratio_elasticity_Q_A_topsis_0_1,1,True,1.1563756896482147e-11,0.00024152456838708605
simplex_predictor_quality_score_soft_proxy_0_1,1,True,5.88418203051333e-13,1.4972774180451855e-07
pair_logratio_elasticity_quality_score_soft_proxy_0_1,1,True,1.1782151643213723e-11,0.00025157005317559083
simplex_direction_reconstruction,17,True,4.884981308350689e-15,2.4424906541753444e-07
simplex_convex_minus,17,True,2.7755575615628914e-17,1.9566653842687665e-10
simplex_convex_plus,17,True,5.551115123125783e-17,2.445831730335958e-10
simplex_predictor_Q_A_topsis_0_1,1,True,1.7630341631047486e-12,3.8656090611438353e-07
pair_logratio_elasticity_Q_A_topsis_0_1,1,True,1.1593443002486103e-10,0.004874892069195485
simplex_predictor_quality_score_soft_proxy_0_1,1,True,8.517631044924201e-13,1.8609285938232917e-07
pair_logratio_elasticity_quality_score_soft_proxy_0_1,1,True,1.163624955939635e-10,0.004890105658965003
simplex_direction_reconstruction,17,True,1.5543122344752192e-15,7.060324547225605e-08
simplex_convex_minus,17,True,2.7755575615628914e-17,1.6219047336788632e-10
simplex_convex_plus,17,True,5.551115123125783e-17,2.2995380140767303e-10
simplex_predictor_Q_A_topsis_0_1,1,True,1.5023537969227618e-12,3.7513827214766134e-07
pair_logratio_elasticity_Q_A_topsis_0_1,1,True,8.138831622539477e-12,0.00018887120792350522
simplex_predictor_quality_score_soft_proxy_0_1,1,True,4.596323321948148e-13,1.0953921493103307e-07
pair_logratio_elasticity_quality_score_soft_proxy_0_1,1,True,7.88624894554335e-12,0.00017842080154705805
simplex_direction_reconstruction,17,True,1.1449174941446927e-15,5.7245874707234634e-08
simplex_convex_minus,17,True,4.163336342344337e-17,1.7641256714079152e-10
simplex_convex_plus,17,True,2.7755575615628914e-17,1.2681605113953863e-10
simplex_predictor_Q_A_topsis_0_1,1,True,2.0801138589376933e-12,4.7354473328057956e-07
pair_logratio_elasticity_Q_A_topsis_0_1,1,True,1.1169339758643204e-11,0.000219595675250613
simplex_predictor_quality_score_soft_proxy_0_1,1,True,2.0476953466186387e-12,4.473633020433813e-07
pair_logratio_elasticity_quality_score_soft_proxy_0_1,1,True,1.2186217313026049e-11,0.00023360361351133828
simplex_direction_reconstruction,17,True,2.4424906541753444e-15,7.355227538141662e-08
simplex_convex_minus,17,True,6.938893903907228e-17,2.6793662181684467e-10
simplex_convex_plus,17,True,8.326672684688674e-17,3.2152394618021363e-10
simplex_predictor_Q_A_topsis_0_1,1,True,1.0373923942097463e-12,5.018414524855057e-07
pair_logratio_elasticity_Q_A_topsis_0_1,1,True,4.6298681034839806e-12,0.00017389180700418827
simplex_predictor_quality_score_soft_proxy_0_1,1,True,1.226574397605873e-12,6.122375476950817e-07
pair_logratio_elasticity_quality_score_soft_proxy_0_1,1,True,5.699429209832241e-12,0.00021573457095666547
simplex_direction_reconstruction,17,True,1.3877787807814457e-15,6.938893903907228e-08
simplex_convex_minus,17,True,4.163336342344337e-17,1.7246535105575478e-10
simplex_convex_plus,17,True,5.551115123125783e-17,3.2623774879045133e-10
simplex_predictor_Q_A_topsis_0_1,1,True,1.922906278650771e-12,3.1309542048639457e-06
pair_logratio_elasticity_Q_A_topsis_0_1,1,True,2.2650496929454977e-12,0.00010380633788379892
simplex_predictor_quality_score_soft_proxy_0_1,1,True,2.97761815204467e-13,4.848278970811265e-07
pair_logratio_elasticity_quality_score_soft_proxy_0_1,1,True,1.4537865269254047e-12,6.662646558923173e-05
simplex_direction_reconstruction,17,True,1.2490009027033011e-15,6.245004513516506e-08
simplex_convex_minus,17,True,2.7755575615628914e-17,1.6311887439522567e-10
simplex_convex_plus,17,True,4.163336342344337e-17,1.682099130138795e-10
simplex_predictor_Q_A_topsis_0_1,1,True,2.877698079828406e-13,7.230862527427151e-08
pair_logratio_elasticity_Q_A_topsis_0_1,1,True,8.855725180945129e-12,0.00019635798818750402
simplex_predictor_quality_score_soft_proxy_0_1,1,True,2.637445817299522e-12,6.263260658697104e-07
pair_logratio_elasticity_quality_score_soft_proxy_0_1,1,True,9.125495498141234e-12,0.000195970569380276
simplex_direction_reconstruction,17,True,1.3322676295501878e-15,6.245004513516506e-08
simplex_convex_minus,17,True,5.551115123125783e-17,2.256137681108558e-10
simplex_convex_plus,17,True,4.163336342344337e-17,1.8216822498237279e-10
simplex_predictor_Q_A_topsis_0_1,1,True,4.2010839251815923e-13,9.54951003042592e-08
pair_logratio_elasticity_Q_A_topsis_0_1,1,True,1.0092966393204783e-11,0.0002078034187642776
simplex_predictor_quality_score_soft_proxy_0_1,1,True,4.529709940470639e-14,9.956619413966035e-09
pair_logratio_elasticity_quality_score_soft_proxy_0_1,1,True,8.384903882330264e-12,0.00016922267026739181
simplex_direction_reconstruction,17,True,2.130240428499519e-15,1.0651202142497596e-07
simplex_convex_minus,17,True,2.7755575615628914e-17,1.2991162755176887e-10
simplex_convex_plus,17,True,5.551115123125783e-17,2.2995380140767303e-10
simplex_predictor_Q_A_topsis_0_1,1,True,5.961897642237091e-13,2.2847786480250096e-07
pair_logratio_elasticity_Q_A_topsis_0_1,1,True,1.2777455309087582e-11,0.00039406112622159255
simplex_predictor_quality_score_soft_proxy_0_1,1,True,5.471179065352771e-13,1.7838669656731218e-07
pair_logratio_elasticity_quality_score_soft_proxy_0_1,1,True,1.2940034460617866e-11,0.00037376269652649076
simplex_direction_reconstruction,17,True,1.9984014443252818e-15,8.27463098040937e-08
simplex_convex_minus,17,True,4.163336342344337e-17,1.9468519419440498e-10
simplex_convex_plus,17,True,2.7755575615628914e-17,1.6311887439522567e-10
simplex_predictor_Q_A_topsis_0_1,1,True,1.3171685964152857e-12,4.517095839774317e-07
pair_logratio_elasticity_Q_A_topsis_0_1,1,True,1.4256162222947566e-11,0.0004234767340091858
simplex_predictor_quality_score_soft_proxy_0_1,1,True,1.1655121312514893e-12,3.8620885072291755e-07
pair_logratio_elasticity_quality_score_soft_proxy_0_1,1,True,1.2753131016507435e-11,0.00037349681430837747
simplex_direction_reconstruction,17,True,2.886579864025407e-15,1.4432899320127035e-07
simplex_convex_minus,17,True,5.551115123125783e-17,2.24279884018506e-10
simplex_convex_plus,17,True,2.7755575615628914e-17,1.8216822498237279e-10
simplex_predictor_Q_A_topsis_0_1,1,True,2.7112756484370948e-12,1.3682667131756155e-06
pair_logratio_elasticity_Q_A_topsis_0_1,1,True,1.202774707088905e-11,0.0005159571694492105
simplex_predictor_quality_score_soft_proxy_0_1,1,True,1.5878409698188989e-12,9.299264278967776e-07
pair_logratio_elasticity_quality_score_soft_proxy_0_1,1,True,1.0601939898907675e-11,0.0004640029075742659
simplex_direction_reconstruction,17,True,1.797173521111972e-15,8.985867605559861e-08
simplex_convex_minus,17,True,2.7755575615628914e-17,1.2991162755176887e-10
simplex_convex_plus,17,True,4.163336342344337e-17,2.4383381186243405e-10
simplex_predictor_Q_A_topsis_0_1,1,True,1.3802292642139946e-12,5.541533242711667e-07
pair_logratio_elasticity_Q_A_topsis_0_1,1,True,1.1913140612884732e-11,0.0003738837951216417
simplex_predictor_quality_score_soft_proxy_0_1,1,True,9.001688283660769e-13,3.2314186306811347e-07
pair_logratio_elasticity_quality_score_soft_proxy_0_1,1,True,1.1216355101650866e-11,0.0003370342443776017
simplex_direction_reconstruction,17,True,1.970645868709653e-15,9.853229343548264e-08
simplex_convex_minus,17,True,5.551115123125783e-17,2.2995380140767303e-10
simplex_convex_plus,17,True,2.7755575615628914e-17,1.8216822498237279e-10
simplex_predictor_Q_A_topsis_0_1,1,True,2.9887203822909214e-13,1.297728909356433e-07
pair_logratio_elasticity_Q_A_topsis_0_1,1,True,1.0875361375339843e-11,0.00035748867867356666
simplex_predictor_quality_score_soft_proxy_0_1,1,True,1.0156320229270932e-12,4.949401442160192e-07
pair_logratio_elasticity_quality_score_soft_proxy_0_1,1,True,8.450689800709732e-12,0.00028865830193166935
simplex_direction_reconstruction,17,True,2.2690183065776637e-15,1.1345091532888318e-07
simplex_convex_minus,17,True,4.163336342344337e-17,1.6076197309010682e-10
simplex_convex_plus,17,True,2.7755575615628914e-17,1.8216822498237279e-10
simplex_predictor_Q_A_topsis_0_1,1,True,9.460210392830959e-13,4.041619598129247e-06
pair_logratio_elasticity_Q_A_topsis_0_1,1,True,6.311180419417417e-13,3.039795147021867e-05
simplex_predictor_quality_score_soft_proxy_0_1,1,True,1.5358825322664416e-12,1.2606125196825672e-05
pair_logratio_elasticity_quality_score_soft_proxy_0_1,1,True,3.389296764251537e-13,1.66448551637179e-05
simplex_direction_reconstruction,17,True,2.2898349882893854e-15,1.1449174941446927e-07
simplex_convex_minus,17,True,5.551115123125783e-17,2.5363210227907726e-10
simplex_convex_plus,17,True,4.163336342344337e-17,2.4383381186243405e-10
simplex_predictor_Q_A_topsis_0_1,1,True,5.786482404346316e-13,1.8953069632731229e-07
pair_logratio_elasticity_Q_A_topsis_0_1,1,True,1.4179933269242717e-11,0.00041073777546935924
simplex_predictor_quality_score_soft_proxy_0_1,1,True,1.0802470029602773e-12,4.209290740236011e-07
pair_logratio_elasticity_quality_score_soft_proxy_0_1,1,True,1.2053615050522382e-11,0.0003744225639925327
simplex_direction_reconstruction,17,True,3.552713678800501e-15,1.7763568394002505e-07
simplex_convex_minus,17,True,5.551115123125783e-17,2.9302763117289626e-10
simplex_convex_plus,17,True,4.163336342344337e-17,1.9022407670930793e-10
simplex_predictor_Q_A_topsis_0_1,1,True,8.877343304902752e-13,1.42877052219855e-07
pair_logratio_elasticity_Q_A_topsis_0_1,1,True,4.185747495139003e-11,0.0013972563831692536
simplex_predictor_quality_score_soft_proxy_0_1,1,True,2.136069099378801e-12,3.597349972528811e-07
pair_logratio_elasticity_quality_score_soft_proxy_0_1,1,True,3.910687572383775e-11,0.0013250199249891569
simplex_direction_reconstruction,17,True,2.84147705365001e-15,1.420738526825005e-07
simplex_convex_minus,17,True,5.551115123125783e-17,2.256137681108558e-10
simplex_convex_plus,17,True,4.163336342344337e-17,1.9039806359326878e-10
simplex_predictor_Q_A_topsis_0_1,1,True,3.0242475190789264e-12,1.4862463140539578e-06
pair_logratio_elasticity_Q_A_topsis_0_1,1,True,9.301020023610995e-12,0.0003149046296086912
simplex_predictor_quality_score_soft_proxy_0_1,1,True,2.6258994978434202e-12,1.3490419218645249e-06
pair_logratio_elasticity_quality_score_soft_proxy_0_1,1,True,9.410383930430477e-12,0.0003231817678466672
simplex_direction_reconstruction,17,True,5.551115123125783e-15,2.3314683517128287e-07
simplex_convex_minus,17,True,6.938893903907228e-17,2.8744225175959125e-10
simplex_convex_plus,17,True,2.7755575615628914e-17,1.2191690593121703e-10
simplex_predictor_Q_A_topsis_0_1,1,True,5.021316695774658e-12,7.598856179826333e-07
pair_logratio_elasticity_Q_A_topsis_0_1,1,True,1.5210342707572266e-10,0.006035177365609642
simplex_predictor_quality_score_soft_proxy_0_1,1,True,3.7481129311345285e-13,5.713137965958848e-08
pair_logratio_elasticity_quality_score_soft_proxy_0_1,1,True,1.5090293684766332e-10,0.0059964647885061145
simplex_direction_reconstruction,17,True,2.0261570199409107e-15,1.0130785099704553e-07
simplex_convex_minus,17,True,5.551115123125783e-17,2.434061453706388e-10
simplex_convex_plus,17,True,2.7755575615628914e-17,1.6219047336788632e-10
simplex_predictor_Q_A_topsis_0_1,1,True,3.1952218648712005e-13,1.6321900813596698e-07
pair_logratio_elasticity_Q_A_topsis_0_1,1,True,6.801688552660057e-12,0.00024173982025695693
simplex_predictor_quality_score_soft_proxy_0_1,1,True,3.673950033089568e-12,1.6604493854425585e-06
pair_logratio_elasticity_quality_score_soft_proxy_0_1,1,True,8.972874526724794e-12,0.00030721482812973725
simplex_direction_reconstruction,17,True,2.2273849431542203e-15,1.1136924715771102e-07
simplex_convex_minus,17,True,2.7755575615628914e-17,1.2991162755176887e-10
simplex_convex_plus,17,True,4.163336342344337e-17,1.608862214538091e-10
simplex_predictor_Q_A_topsis_0_1,1,True,8.975042931069765e-13,3.826538076110446e-07
pair_logratio_elasticity_Q_A_topsis_0_1,1,True,1.0435288917698404e-11,0.0003342488621694334
simplex_predictor_quality_score_soft_proxy_0_1,1,True,1.1666223542761145e-12,4.4976913542521437e-07
pair_logratio_elasticity_quality_score_soft_proxy_0_1,1,True,1.2626692226513914e-11,0.00038949173382845796
simplex_direction_reconstruction,17,True,2.4424906541753444e-15,7.355227538141662e-08
simplex_convex_minus,17,True,8.326672684688674e-17,3.2152394618021363e-10
simplex_convex_plus,17,True,6.938893903907228e-17,2.6793662181684467e-10
simplex_predictor_Q_A_topsis_0_1,1,True,1.0373923942097463e-12,5.018414524855057e-07
pair_logratio_elasticity_Q_A_topsis_0_1,1,True,4.629158167901437e-12,0.0001738651427497115
simplex_predictor_quality_score_soft_proxy_0_1,1,True,1.226574397605873e-12,6.122375476950817e-07
pair_logratio_elasticity_quality_score_soft_proxy_0_1,1,True,5.698741391974016e-12,0.00021570853570206761
simplex_direction_reconstruction,17,True,1.0096090630185017e-15,5.0480453150925086e-08
simplex_convex_minus,17,True,4.163336342344337e-17,1.6076197309010682e-10
simplex_convex_plus,17,True,2.7755575615628914e-17,1.2991162755176887e-10
simplex_predictor_Q_A_topsis_0_1,1,True,8.854028621385623e-13,6.01083358956624e-07
pair_logratio_elasticity_Q_A_topsis_0_1,1,True,3.90026531037202e-12,0.00016452521174861533
simplex_predictor_quality_score_soft_proxy_0_1,1,True,1.52433621281034e-12,1.0816502224846498e-06
pair_logratio_elasticity_quality_score_soft_proxy_0_1,1,True,3.6749936861008026e-12,0.00015609311922520393
simplex_direction_reconstruction,17,True,2.886579864025407e-15,1.0711917464156784e-07
simplex_convex_minus,17,True,5.551115123125783e-17,2.1434929745347573e-10
simplex_convex_plus,17,True,5.551115123125783e-17,2.5982325510353774e-10
simplex_predictor_Q_A_topsis_0_1,1,True,1.4708234630234074e-12,7.610703526034215e-07
pair_logratio_elasticity_Q_A_topsis_0_1,1,True,6.6863814832118784e-12,0.00023408841968249
simplex_predictor_quality_score_soft_proxy_0_1,1,True,1.410871419693649e-12,6.333736398980361e-07
pair_logratio_elasticity_quality_score_soft_proxy_0_1,1,True,7.739610168033817e-12,0.0002589863410403516
simplex_direction_reconstruction,17,True,1.6237011735142914e-15,8.118505867571457e-08
simplex_convex_minus,17,True,5.551115123125783e-17,2.256137681108558e-10
simplex_convex_plus,17,True,6.938893903907228e-17,3.1704012784884654e-10
simplex_predictor_Q_A_topsis_0_1,1,True,7.629452625224076e-13,3.24368404795213e-07
pair_logratio_elasticity_Q_A_topsis_0_1,1,True,9.730377961703063e-12,0.0003174110950392768
simplex_predictor_quality_score_soft_proxy_0_1,1,True,1.2718714970105793e-12,4.95659847772721e-07
pair_logratio_elasticity_quality_score_soft_proxy_0_1,1,True,1.0440337830375235e-11,0.00033004720545389525
simplex_direction_reconstruction,17,True,1.3183898417423734e-15,6.591949208711867e-08
simplex_convex_minus,17,True,4.163336342344337e-17,1.8216822498237279e-10
simplex_convex_plus,17,True,4.163336342344337e-17,1.6934798215955009e-10
simplex_predictor_Q_A_topsis_0_1,1,True,2.9594104944408173e-12,7.28486392292704e-07
pair_logratio_elasticity_Q_A_topsis_0_1,1,True,2.060540973958247e-11,0.0005437128541856464
simplex_predictor_quality_score_soft_proxy_0_1,1,True,9.769962616701378e-13,2.1923922975883427e-07
pair_logratio_elasticity_quality_score_soft_proxy_0_1,1,True,2.0752212448460483e-11,0.0005234966865876624
simplex_direction_reconstruction,17,True,1.394717674685353e-15,6.973588373426765e-08
simplex_convex_minus,17,True,4.163336342344337e-17,1.9566653842687665e-10
simplex_convex_plus,17,True,5.551115123125783e-17,2.6006670665072165e-10
simplex_predictor_Q_A_topsis_0_1,1,True,4.3165471197426086e-13,9.879999293888709e-08
pair_logratio_elasticity_Q_A_topsis_0_1,1,True,2.0823343049869436e-11,0.000534500426203219
simplex_predictor_quality_score_soft_proxy_0_1,1,True,3.588240815588506e-13,8.141958820311801e-08
pair_logratio_elasticity_quality_score_soft_proxy_0_1,1,True,2.029698631389465e-11,0.000518776746052856
simplex_direction_reconstruction,17,True,5.10702591327572e-15,2.55351295663786e-07
simplex_convex_minus,17,True,6.938893903907228e-17,2.803498550231325e-10
simplex_convex_plus,17,True,5.551115123125783e-17,2.445831730335958e-10
simplex_predictor_Q_A_topsis_0_1,1,True,1.8258727862985324e-12,3.4546342201262185e-06
pair_logratio_elasticity_Q_A_topsis_0_1,1,True,3.2644609671700353e-12,0.0001566896627462339
simplex_predictor_quality_score_soft_proxy_0_1,1,True,6.350475700855895e-14,1.9956125156699105e-07
pair_logratio_elasticity_quality_score_soft_proxy_0_1,1,True,1.6341650255213835e-12,7.97579745602538e-05
simplex_direction_reconstruction,17,True,1.5681900222830336e-15,7.840950111415168e-08
simplex_convex_minus,17,True,2.7755575615628914e-17,1.2991162755176887e-10
simplex_convex_plus,17,True,2.7755575615628914e-17,1.6311887439522567e-10
simplex_predictor_Q_A_topsis_0_1,1,True,4.947153797729698e-13,1.2544412571181062e-07
pair_logratio_elasticity_Q_A_topsis_0_1,1,True,1.9718343277630446e-11,0.0005274751251248174
simplex_predictor_quality_score_soft_proxy_0_1,1,True,6.24389429049188e-13,1.4955628884365853e-07
pair_logratio_elasticity_quality_score_soft_proxy_0_1,1,True,2.0696080266224826e-11,0.0005388634989010807
simplex_direction_reconstruction,17,True,2.4424906541753444e-15,7.0082828429463e-08
simplex_convex_minus,17,True,4.163336342344337e-17,2.443910554794425e-10
simplex_convex_plus,17,True,6.938893903907228e-17,2.803498550231325e-10
simplex_predictor_Q_A_topsis_0_1,1,True,1.6340262476433054e-12,4.350383732574402e-07
pair_logratio_elasticity_Q_A_topsis_0_1,1,True,1.6790763224250327e-11,0.000469078801775259
simplex_predictor_quality_score_soft_proxy_0_1,1,True,3.197442310920451e-13,9.291381655048404e-08
pair_logratio_elasticity_quality_score_soft_proxy_0_1,1,True,1.4553986488197168e-11,0.0004222893748355242
simplex_direction_reconstruction,17,True,1.4779844015322396e-15,7.389922007661198e-08
simplex_convex_minus,17,True,4.163336342344337e-17,1.682099130138795e-10
simplex_convex_plus,17,True,5.551115123125783e-17,2.2995380140767303e-10
simplex_predictor_Q_A_topsis_0_1,1,True,6.061817714453355e-14,4.815009587516678e-08
pair_logratio_elasticity_Q_A_topsis_0_1,1,True,4.292718524395722e-12,0.0001777425492817655
simplex_predictor_quality_score_soft_proxy_0_1,1,True,1.1546319456101628e-14,7.640976132487068e-09
pair_logratio_elasticity_quality_score_soft_proxy_0_1,1,True,3.5904417459986515e-12,0.00014363920380961942
simplex_direction_reconstruction,17,True,2.609024107869118e-15,1.304512053934559e-07
simplex_convex_minus,17,True,5.551115123125783e-17,2.256137681108558e-10
simplex_convex_plus,17,True,2.7755575615628914e-17,2.392631569263428e-10
simplex_predictor_Q_A_topsis_0_1,1,True,7.562839243746566e-13,1.678367035899466e-07
pair_logratio_elasticity_Q_A_topsis_0_1,1,True,2.2241729291661017e-11,0.0005585143010980357
simplex_predictor_quality_score_soft_proxy_0_1,1,True,4.440892098500626e-13,1.1226823281950686e-07
pair_logratio_elasticity_quality_score_soft_proxy_0_1,1,True,1.8904157753074635e-11,0.0005055851545065523
simplex_direction_reconstruction,17,True,2.220446049250313e-15,1.1102230246251565e-07
simplex_convex_minus,17,True,5.551115123125783e-17,2.256137681108558e-10
simplex_convex_plus,17,True,5.551115123125783e-17,2.5982325510353774e-10
simplex_predictor_Q_A_topsis_0_1,1,True,1.77280412572145e-12,3.724172938295031e-07
pair_logratio_elasticity_Q_A_topsis_0_1,1,True,3.1240166703527805e-11,0.001139619770032839
simplex_predictor_quality_score_soft_proxy_0_1,1,True,6.119549311733863e-13,1.34536180939489e-07
pair_logratio_elasticity_quality_score_soft_proxy_0_1,1,True,2.922073433914152e-11,0.0010789787660800882
simplex_direction_reconstruction,17,True,1.942890293094024e-15,9.71445146547012e-08
simplex_convex_minus,17,True,4.163336342344337e-17,1.8216822498237279e-10
simplex_convex_plus,17,True,4.163336342344337e-17,1.7581657870373776e-10
simplex_predictor_Q_A_topsis_0_1,1,True,3.909761403519951e-12,1.1209710789456433e-06
pair_logratio_elasticity_Q_A_topsis_0_1,1,True,1.7911881179666356e-11,0.0005094383955134333
simplex_predictor_quality_score_soft_proxy_0_1,1,True,2.90656387846866e-13,8.713345132971068e-08
pair_logratio_elasticity_quality_score_soft_proxy_0_1,1,True,1.582524822990594e-11,0.00045876604283456537
simplex_direction_reconstruction,17,True,5.329070518200751e-15,2.6645352591003757e-07
simplex_convex_minus,17,True,2.7755575615628914e-17,1.2681605113953863e-10
simplex_convex_plus,17,True,2.7755575615628914e-17,1.2991162755176887e-10
simplex_predictor_Q_A_topsis_0_1,1,True,1.4654943925052066e-12,2.8428720315408104e-07
pair_logratio_elasticity_Q_A_topsis_0_1,1,True,1.1525283722182977e-10,0.0048021731240645415
simplex_predictor_quality_score_soft_proxy_0_1,1,True,1.149302875091962e-12,2.2224872212305906e-07
pair_logratio_elasticity_quality_score_soft_proxy_0_1,1,True,1.1563001858089228e-10,0.004815346303111199
simplex_direction_reconstruction,17,True,1.4155343563970746e-15,7.077671781985373e-08
simplex_convex_minus,17,True,5.551115123125783e-17,2.5363210227907726e-10
simplex_convex_plus,17,True,2.7755575615628914e-17,1.2991162755176887e-10
simplex_predictor_Q_A_topsis_0_1,1,True,1.2048140263232199e-12,3.532515661552179e-07
pair_logratio_elasticity_Q_A_topsis_0_1,1,True,1.3412390122147233e-11,0.00040319649663180516
simplex_predictor_quality_score_soft_proxy_0_1,1,True,7.576161920042068e-13,2.1033833920067568e-07
pair_logratio_elasticity_quality_score_soft_proxy_0_1,1,True,1.4779562990119288e-11,0.0004345220285760098
simplex_direction_reconstruction,17,True,1.609823385706477e-15,8.049116928532385e-08
simplex_convex_minus,17,True,4.163336342344337e-17,1.7581657870373776e-10
simplex_convex_plus,17,True,5.551115123125783e-17,2.2995380140767303e-10
simplex_predictor_Q_A_topsis_0_1,1,True,1.7827961329430764e-12,4.6934398719504607e-07
pair_logratio_elasticity_Q_A_topsis_0_1,1,True,1.8896400069690067e-11,0.0005132925199336314
simplex_predictor_quality_score_soft_proxy_0_1,1,True,1.7501555760190968e-12,4.393960104994346e-07
pair_logratio_elasticity_quality_score_soft_proxy_0_1,1,True,2.0737361480782646e-11,0.0005510039156598998
simplex_direction_reconstruction,17,True,1.3877787807814457e-15,6.938893903907228e-08
simplex_convex_minus,17,True,5.551115123125783e-17,3.2623774879045133e-10
simplex_convex_plus,17,True,4.163336342344337e-17,1.7246535105575478e-10
simplex_predictor_Q_A_topsis_0_1,1,True,1.922906278650771e-12,3.1309542048639457e-06
pair_logratio_elasticity_Q_A_topsis_0_1,1,True,2.2650496929454977e-12,0.00010380633788379892
simplex_predictor_quality_score_soft_proxy_0_1,1,True,2.97761815204467e-13,4.848278970811265e-07
pair_logratio_elasticity_quality_score_soft_proxy_0_1,1,True,1.4537865269254047e-12,6.662646558923173e-05
simplex_direction_reconstruction,17,True,1.0096090630185017e-15,5.0480453150925086e-08
simplex_convex_minus,17,True,2.7755575615628914e-17,1.2991162755176887e-10
simplex_convex_plus,17,True,4.163336342344337e-17,1.6076197309010682e-10
simplex_predictor_Q_A_topsis_0_1,1,True,8.854028621385623e-13,6.01083358956624e-07
pair_logratio_elasticity_Q_A_topsis_0_1,1,True,3.900030472181459e-12,0.00016451530554994576
simplex_predictor_quality_score_soft_proxy_0_1,1,True,1.52433621281034e-12,1.0816502224846498e-06
pair_logratio_elasticity_quality_score_soft_proxy_0_1,1,True,3.674769256251098e-12,0.00015608358670398626
simplex_direction_reconstruction,17,True,1.5265566588595902e-15,7.632783294297951e-08
simplex_convex_minus,17,True,4.163336342344337e-17,1.682099130138795e-10
simplex_convex_plus,17,True,5.551115123125783e-17,2.7361149644999927e-10
simplex_predictor_Q_A_topsis_0_1,1,True,5.853095785823825e-13,1.7288289726276042e-07
pair_logratio_elasticity_Q_A_topsis_0_1,1,True,1.5148170912082648e-11,0.0004458420764099109
simplex_predictor_quality_score_soft_proxy_0_1,1,True,2.935207632503989e-12,8.115439587214581e-07
pair_logratio_elasticity_quality_score_soft_proxy_0_1,1,True,1.4352932904693194e-11,0.00041082553523368335
simplex_direction_reconstruction,17,True,1.033895191682177e-15,5.169475958410885e-08
simplex_convex_minus,17,True,2.7755575615628914e-17,1.2991162755176887e-10
simplex_convex_plus,17,True,4.163336342344337e-17,1.8216822498237279e-10
simplex_predictor_Q_A_topsis_0_1,1,True,1.2234657731369225e-13,3.215325843608383e-08
pair_logratio_elasticity_Q_A_topsis_0_1,1,True,1.634205791523069e-11,0.0004537387192090864
simplex_predictor_quality_score_soft_proxy_0_1,1,True,4.1884273827008656e-12,1.05894428612971e-06
pair_logratio_elasticity_quality_score_soft_proxy_0_1,1,True,1.6809819161633932e-11,0.0004586340126105774
simplex_direction_reconstruction,17,True,1.9984014443252818e-15,3.972516759986888e-08
simplex_convex_minus,17,True,5.551115123125783e-17,2.2995380140767303e-10
simplex_convex_plus,17,True,4.163336342344337e-17,1.7246535105575478e-10
simplex_predictor_Q_A_topsis_0_1,1,True,2.3738788712535097e-12,3.4067021107521756e-06
pair_logratio_elasticity_Q_A_topsis_0_1,1,True,1.0252554014100745e-12,3.219791097844505e-05
simplex_predictor_quality_score_soft_proxy_0_1,1,True,1.957989326228926e-12,2.2781008330718667e-06
pair_logratio_elasticity_quality_score_soft_proxy_0_1,1,True,1.616410998106499e-12,4.659819417100515e-05
simplex_direction_reconstruction,17,True,1.1102230246251565e-15,3.41740524767431e-08
simplex_convex_minus,17,True,2.7755575615628914e-17,1.6311887439522567e-10
simplex_convex_plus,17,True,5.551115123125783e-17,2.256137681108558e-10
simplex_predictor_Q_A_topsis_0_1,1,True,1.5376588891058418e-13,1.532462179516482e-07
pair_logratio_elasticity_Q_A_topsis_0_1,1,True,8.730828560121751e-13,2.4114951338240447e-05
simplex_predictor_quality_score_soft_proxy_0_1,1,True,1.864508547555488e-12,2.301070689354303e-06
pair_logratio_elasticity_quality_score_soft_proxy_0_1,1,True,3.066775132454236e-12,9.286843058007785e-05
simplex_direction_reconstruction,17,True,3.524958103184872e-15,1.762479051592436e-07
simplex_convex_minus,17,True,6.938893903907228e-17,3.1704012784884654e-10
simplex_convex_plus,17,True,2.7755575615628914e-17,1.1497690070383651e-10
simplex_predictor_Q_A_topsis_0_1,1,True,9.801048861390882e-13,2.516888930132157e-07
pair_logratio_elasticity_Q_A_topsis_0_1,1,True,3.8799516551002444e-11,0.0013479990391252548
simplex_predictor_quality_score_soft_proxy_0_1,1,True,1.4421797089880783e-12,3.683690009805859e-07
pair_logratio_elasticity_quality_score_soft_proxy_0_1,1,True,3.9290471050279496e-11,0.0013628096157225404
simplex_direction_reconstruction,17,True,6.522560269672795e-16,3.2612801348363973e-08
simplex_convex_minus,17,True,8.326672684688674e-17,3.8044815341861587e-10
simplex_convex_plus,17,True,5.551115123125783e-17,2.2446126071274744e-10
simplex_predictor_Q_A_topsis_0_1,1,True,9.059419880941277e-14,1.5670294619525683e-07
pair_logratio_elasticity_Q_A_topsis_0_1,1,True,3.243282378773138e-13,1.0887629380010998e-05
simplex_predictor_quality_score_soft_proxy_0_1,1,True,2.1298518504409003e-12,3.684055538982607e-06
pair_logratio_elasticity_quality_score_soft_proxy_0_1,1,True,3.243282378773138e-13,1.0887629380010998e-05
simplex_direction_reconstruction,17,True,1.4432899320127035e-15,2.8102520310824275e-08
simplex_convex_minus,17,True,4.163336342344337e-17,1.7246535105575478e-10
simplex_convex_plus,17,True,5.551115123125783e-17,2.5363210227907726e-10
simplex_predictor_Q_A_topsis_0_1,1,True,3.2690516960087734e-12,8.3721630859639e-06
pair_logratio_elasticity_Q_A_topsis_0_1,1,True,5.6019897921866235e-12,0.00022001007002459054
simplex_predictor_quality_score_soft_proxy_0_1,1,True,3.951283744640932e-13,2.0209107569019724e-06
pair_logratio_elasticity_quality_score_soft_proxy_0_1,1,True,1.5746050296971958e-12,6.970983284688815e-05
simplex_direction_reconstruction,17,True,1.1102230246251565e-15,4.718447854656915e-08
simplex_convex_minus,17,True,4.163336342344337e-17,1.682099130138795e-10
simplex_convex_plus,17,True,6.938893903907228e-17,4.0779718598806414e-10
simplex_predictor_Q_A_topsis_0_1,1,True,5.24913446042774e-13,2.4452769989129873e-07
pair_logratio_elasticity_Q_A_topsis_0_1,1,True,3.0635268627454693e-12,8.418078915441353e-05
simplex_predictor_quality_score_soft_proxy_0_1,1,True,1.4941381465405357e-12,7.028877498898008e-07
pair_logratio_elasticity_quality_score_soft_proxy_0_1,1,True,3.0955377150476693e-12,8.543912284986826e-05
simplex_direction_reconstruction,17,True,8.881784197001252e-16,4.2674197509029455e-08
simplex_convex_minus,17,True,2.7755575615628914e-17,1.6311887439522567e-10
simplex_convex_plus,17,True,5.551115123125783e-17,2.24279884018506e-10
simplex_predictor_Q_A_topsis_0_1,1,True,2.391420395042587e-12,2.0968434693063443e-06
pair_logratio_elasticity_Q_A_topsis_0_1,1,True,1.6616812092973277e-12,4.211667577053469e-05
simplex_predictor_quality_score_soft_proxy_0_1,1,True,2.4911184226539262e-12,6.943114359704631e-06
pair_logratio_elasticity_quality_score_soft_proxy_0_1,1,True,5.1909219110635174e-12,0.0002005597140900893
simplex_direction_reconstruction,17,True,2.6645352591003757e-15,1.3322676295501878e-07
simplex_convex_minus,17,True,5.551115123125783e-17,2.5982325510353774e-10
simplex_convex_plus,17,True,5.551115123125783e-17,2.1434929745347573e-10
simplex_predictor_Q_A_topsis_0_1,1,True,2.3581137043038325e-12,2.901991385467724e-07
pair_logratio_elasticity_Q_A_topsis_0_1,1,True,8.832918250989419e-11,0.002373251381292492
simplex_predictor_quality_score_soft_proxy_0_1,1,True,8.93507490218326e-13,1.0969411199991838e-07
pair_logratio_elasticity_quality_score_soft_proxy_0_1,1,True,8.843269866387615e-11,0.0023733777512665154
simplex_direction_reconstruction,17,True,1.9984014443252818e-15,2.5500435096859064e-08
simplex_convex_minus,17,True,5.551115123125783e-17,2.5982325510353774e-10
simplex_convex_plus,17,True,2.7755575615628914e-17,2.4383381186243405e-10
simplex_predictor_Q_A_topsis_0_1,1,True,5.417888360170764e-14,4.431800455530717e-07
pair_logratio_elasticity_Q_A_topsis_0_1,1,True,5.430444505530319e-13,2.5021528218334524e-05
simplex_predictor_quality_score_soft_proxy_0_1,1,True,1.2150280781497713e-12,4.0358630144295224e-06
pair_logratio_elasticity_quality_score_soft_proxy_0_1,1,True,4.62612153445674e-12,0.00018743410994953702
simplex_direction_reconstruction,17,True,6.2450045135165055e-15,3.122502256758253e-07
simplex_convex_minus,17,True,4.163336342344337e-17,1.6076197309010682e-10
simplex_convex_plus,17,True,2.7755575615628914e-17,1.2991162755176887e-10
simplex_predictor_Q_A_topsis_0_1,1,True,2.050803971087589e-12,2.406888023727561e-07
pair_logratio_elasticity_Q_A_topsis_0_1,1,True,2.5157271621792376e-10,0.00910706789726655
simplex_predictor_quality_score_soft_proxy_0_1,1,True,2.6556534749033744e-12,3.028779308450595e-07
pair_logratio_elasticity_quality_score_soft_proxy_0_1,1,True,2.5887642463723326e-10,0.009296759940686334
simplex_direction_reconstruction,17,True,1.7763568394002505e-15,6.245004513516506e-08
simplex_convex_minus,17,True,2.7755575615628914e-17,1.7581657870373776e-10
simplex_convex_plus,17,True,2.7755575615628914e-17,1.2213149191303202e-10
simplex_predictor_Q_A_topsis_0_1,1,True,4.3010039973978564e-13,9.54585397598893e-06
pair_logratio_elasticity_Q_A_topsis_0_1,1,True,2.197208479612703e-12,0.00010829902124533149
simplex_predictor_quality_score_soft_proxy_0_1,1,True,4.2743586448068527e-14,1.2238319224674866e-06
pair_logratio_elasticity_quality_score_soft_proxy_0_1,1,True,1.3681533119966338e-12,6.78251477147255e-05
simplex_direction_reconstruction,17,True,9.43689570931383e-16,4.718447854656915e-08
simplex_convex_minus,17,True,4.163336342344337e-17,1.9073740330413832e-10
simplex_convex_plus,17,True,5.551115123125783e-17,2.1451496193841214e-10
simplex_predictor_Q_A_topsis_0_1,1,True,2.0726753646727047e-12,4.78787342578384e-06
pair_logratio_elasticity_Q_A_topsis_0_1,1,True,8.220923941593128e-13,3.0034335909984477e-05
simplex_predictor_quality_score_soft_proxy_0_1,1,True,2.4436008771999695e-13,6.326067158399881e-07
pair_logratio_elasticity_quality_score_soft_proxy_0_1,1,True,6.667510727559334e-12,0.000251231508003022
simplex_direction_reconstruction,17,True,1.2490009027033011e-15,6.245004513516506e-08
simplex_convex_minus,17,True,4.163336342344337e-17,1.682099130138795e-10
simplex_convex_plus,17,True,2.7755575615628914e-17,1.6311887439522567e-10
simplex_predictor_Q_A_topsis_0_1,1,True,2.877698079828406e-13,7.230862527427151e-08
pair_logratio_elasticity_Q_A_topsis_0_1,1,True,8.876793397560867e-12,0.0001968251337396567
simplex_predictor_quality_score_soft_proxy_0_1,1,True,2.637445817299522e-12,6.263260658697104e-07
pair_logratio_elasticity_quality_score_soft_proxy_0_1,1,True,9.147795368424916e-12,0.00019644946044734075
simplex_direction_reconstruction,17,True,2.886579864025407e-15,1.0711917464156784e-07
simplex_convex_minus,17,True,5.551115123125783e-17,2.5982325510353774e-10
simplex_convex_plus,17,True,5.551115123125783e-17,2.1434929745347573e-10
simplex_predictor_Q_A_topsis_0_1,1,True,1.4708234630234074e-12,7.610703526034215e-07
pair_logratio_elasticity_Q_A_topsis_0_1,1,True,6.6863814832118784e-12,0.00023408841968249
simplex_predictor_quality_score_soft_proxy_0_1,1,True,1.410871419693649e-12,6.333736398980361e-07
pair_logratio_elasticity_quality_score_soft_proxy_0_1,1,True,7.739610168033817e-12,0.0002589863410403516
simplex_direction_reconstruction,17,True,1.5265566588595902e-15,7.632783294297951e-08
simplex_convex_minus,17,True,5.551115123125783e-17,2.7361149644999927e-10
simplex_convex_plus,17,True,4.163336342344337e-17,1.682099130138795e-10
simplex_predictor_Q_A_topsis_0_1,1,True,5.853095785823825e-13,1.7288289726276042e-07
pair_logratio_elasticity_Q_A_topsis_0_1,1,True,1.51558574718047e-11,0.00044606830779895574
simplex_predictor_quality_score_soft_proxy_0_1,1,True,2.935207632503989e-12,8.115439587214581e-07
pair_logratio_elasticity_quality_score_soft_proxy_0_1,1,True,1.4361146820351944e-11,0.00041106064302100996
simplex_direction_reconstruction,17,True,6.661338147750939e-16,3.157196726277789e-08
simplex_convex_minus,17,True,5.551115123125783e-17,2.5982325510353774e-10
simplex_convex_plus,17,True,2.7755575615628914e-17,1.819294134457039e-10
simplex_predictor_Q_A_topsis_0_1,1,True,7.077671781985373e-13,1.6103089551820367e-06
pair_logratio_elasticity_Q_A_topsis_0_1,1,True,2.1723998468170524e-12,8.290187461132157e-05
simplex_predictor_quality_score_soft_proxy_0_1,1,True,1.7581491817963979e-12,4.904635323904385e-06
pair_logratio_elasticity_quality_score_soft_proxy_0_1,1,True,3.470353344969812e-12,0.00013878244106286998
simplex_direction_reconstruction,17,True,1.3322676295501878e-15,5.7202506620335214e-08
simplex_convex_minus,17,True,5.551115123125783e-17,2.2995380140767303e-10
simplex_convex_plus,17,True,5.551115123125783e-17,2.2995380140767303e-10
simplex_predictor_Q_A_topsis_0_1,1,True,1.3592460490485792e-12,4.9016552419113615e-06
pair_logratio_elasticity_Q_A_topsis_0_1,1,True,3.644827495374869e-12,0.00014646954061172776
simplex_predictor_quality_score_soft_proxy_0_1,1,True,7.247535904753022e-13,1.3910381771215422e-06
pair_logratio_elasticity_quality_score_soft_proxy_0_1,1,True,2.3611147759172724e-13,8.000772294876955e-06
simplex_direction_reconstruction,17,True,9.35015953551499e-16,4.675079767757495e-08
simplex_convex_minus,17,True,4.163336342344337e-17,1.9022407670930793e-10
simplex_convex_plus,17,True,5.551115123125783e-17,2.5363210227907726e-10
simplex_predictor_Q_A_topsis_0_1,1,True,2.774447338538266e-12,4.751836086104223e-06
pair_logratio_elasticity_Q_A_topsis_0_1,1,True,1.195155953370719e-12,3.979633852143166e-05
simplex_predictor_quality_score_soft_proxy_0_1,1,True,1.0635936575909e-13,2.2542750453710235e-07
pair_logratio_elasticity_quality_score_soft_proxy_0_1,1,True,8.94854502997422e-13,3.191554449540748e-05
simplex_direction_reconstruction,17,True,5.245803791353865e-15,2.6229018956769323e-07
simplex_convex_minus,17,True,6.938893903907228e-17,2.803498550231325e-10
simplex_convex_plus,17,True,4.163336342344337e-17,1.8216822498237279e-10
simplex_predictor_Q_A_topsis_0_1,1,True,2.722266856380884e-13,6.310841642787325e-08
pair_logratio_elasticity_Q_A_topsis_0_1,1,True,4.381091149585625e-11,0.00146849210073666
simplex_predictor_quality_score_soft_proxy_0_1,1,True,3.161915174132446e-13,7.433664991706691e-08
pair_logratio_elasticity_quality_score_soft_proxy_0_1,1,True,4.3148285291949584e-11,0.0014529885970582584
simplex_direction_reconstruction,17,True,1.0061396160665481e-15,5.0306980803327406e-08
simplex_convex_minus,17,True,2.7755575615628914e-17,1.2681605113953863e-10
simplex_convex_plus,17,True,2.7755575615628914e-17,2.4383381186243405e-10
simplex_predictor_Q_A_topsis_0_1,1,True,6.171729793891245e-13,3.891273578866612e-06
pair_logratio_elasticity_Q_A_topsis_0_1,1,True,2.577592219527025e-12,0.00011386127231614683
simplex_predictor_quality_score_soft_proxy_0_1,1,True,3.717026686445024e-13,1.5509575701781885e-06
pair_logratio_elasticity_quality_score_soft_proxy_0_1,1,True,2.7458508557176575e-12,0.00011355542240047075
simplex_direction_reconstruction,17,True,8.083811398051921e-16,4.0419056990259605e-08
simplex_convex_minus,17,True,5.551115123125783e-17,2.5982325510353774e-10
simplex_convex_plus,17,True,5.551115123125783e-17,2.5982325510353774e-10
simplex_predictor_Q_A_topsis_0_1,1,True,4.640732242933154e-13,6.720263903311765e-06
pair_logratio_elasticity_Q_A_topsis_0_1,1,True,1.5799078625228224e-12,7.605061560893432e-05
simplex_predictor_quality_score_soft_proxy_0_1,1,True,2.153277556260491e-12,4.032454626253802e-06
pair_logratio_elasticity_quality_score_soft_proxy_0_1,1,True,1.9771120504663564e-12,7.032452674386012e-05
simplex_direction_reconstruction,17,True,1.6792123247455493e-15,8.396061623727746e-08
simplex_convex_minus,17,True,5.551115123125783e-17,2.2995380140767303e-10
simplex_convex_plus,17,True,4.163336342344337e-17,2.4527481170156743e-10
simplex_predictor_Q_A_topsis_0_1,1,True,1.829647544582258e-13,7.129891435068771e-08
pair_logratio_elasticity_Q_A_topsis_0_1,1,True,3.64912614014834e-12,9.048779881531137e-05
simplex_predictor_quality_score_soft_proxy_0_1,1,True,1.956435013994451e-12,7.939495270941692e-07
pair_logratio_elasticity_quality_score_soft_proxy_0_1,1,True,4.507229658945455e-12,0.00011406929505511216
simplex_direction_reconstruction,17,True,2.040034807748725e-15,1.0200174038743626e-07
simplex_convex_minus,17,True,6.938893903907228e-17,2.803498550231325e-10
simplex_convex_plus,17,True,4.163336342344337e-17,1.8216822498237279e-10
simplex_predictor_Q_A_topsis_0_1,1,True,1.3417045252595017e-12,1.8609886785736747e-06
pair_logratio_elasticity_Q_A_topsis_0_1,1,True,4.620045665482131e-13,1.3917520667927009e-05
simplex_predictor_quality_score_soft_proxy_0_1,1,True,1.9162449405030202e-13,9.428983735471528e-06
pair_logratio_elasticity_quality_score_soft_proxy_0_1,1,True,4.054398672668309e-14,2.0265833448337086e-06
simplex_direction_reconstruction,17,True,1.9984014443252818e-15,9.992007221626409e-08
simplex_convex_minus,17,True,2.7755575615628914e-17,1.2991162755176887e-10
simplex_convex_plus,17,True,2.7755575615628914e-17,1.2991162755176887e-10
simplex_predictor_Q_A_topsis_0_1,1,True,5.702105454474804e-13,6.67274318163301e-08
pair_logratio_elasticity_Q_A_topsis_0_1,1,True,9.431692753192333e-11,0.0024636349011732243
simplex_predictor_quality_score_soft_proxy_0_1,1,True,8.641976023682219e-13,1.0186309016168645e-07
pair_logratio_elasticity_quality_score_soft_proxy_0_1,1,True,9.321446219068275e-11,0.002443249037548088
simplex_direction_reconstruction,17,True,1.3322676295501878e-15,5.347285114698508e-08
simplex_convex_minus,17,True,5.551115123125783e-17,2.5340054335405407e-10
simplex_convex_plus,17,True,6.938893903907228e-17,3.173301059887813e-10
simplex_predictor_Q_A_topsis_0_1,1,True,6.535882945968297e-13,1.9378651965215983e-06
pair_logratio_elasticity_Q_A_topsis_0_1,1,True,1.4612594988194783e-12,5.683568820510455e-05
simplex_predictor_quality_score_soft_proxy_0_1,1,True,5.431211036466266e-13,8.492574828544036e-07
pair_logratio_elasticity_quality_score_soft_proxy_0_1,1,True,8.798049094815852e-13,2.824399106336576e-05
simplex_direction_reconstruction,17,True,5.88418203051333e-15,2.942091015256665e-07
simplex_convex_minus,17,True,4.163336342344337e-17,1.682099130138795e-10
simplex_convex_plus,17,True,6.938893903907228e-17,2.803498550231325e-10
simplex_predictor_Q_A_topsis_0_1,1,True,1.3429257705865894e-12,1.5021398157521307e-07
pair_logratio_elasticity_Q_A_topsis_0_1,1,True,2.6596864814709686e-10,0.009487900782212696
simplex_predictor_quality_score_soft_proxy_0_1,1,True,8.970602038971265e-13,9.85073339887487e-08
pair_logratio_elasticity_quality_score_soft_proxy_0_1,1,True,2.707827434500487e-10,0.009608260763490788
simplex_direction_reconstruction,17,True,1.6653345369377348e-15,7.181755190543981e-08
simplex_convex_minus,17,True,4.163336342344337e-17,1.825546090279791e-10
simplex_convex_plus,17,True,5.551115123125783e-17,3.2623774879045133e-10
simplex_predictor_Q_A_topsis_0_1,1,True,1.0825784713119901e-12,2.611981592202184e-06
pair_logratio_elasticity_Q_A_topsis_0_1,1,True,8.430448179830297e-13,3.40127926226457e-05
simplex_predictor_quality_score_soft_proxy_0_1,1,True,5.050404539019837e-13,1.352571201751754e-06
pair_logratio_elasticity_quality_score_soft_proxy_0_1,1,True,1.7114972633569536e-12,7.04674798047449e-05
simplex_direction_reconstruction,17,True,1.025221574302293e-15,5.126107871511465e-08
simplex_convex_minus,17,True,8.326672684688674e-17,3.212758329721143e-10
simplex_convex_plus,17,True,5.551115123125783e-17,2.34422104938317e-10
simplex_predictor_Q_A_topsis_0_1,1,True,1.6604495556293841e-12,6.237235189036408e-05
pair_logratio_elasticity_Q_A_topsis_0_1,1,True,1.3422609920245299e-12,6.668464543719649e-05
simplex_predictor_quality_score_soft_proxy_0_1,1,True,2.4383828289842313e-12,5.100361883892518e-05
pair_logratio_elasticity_quality_score_soft_proxy_0_1,1,True,1.48106071677645e-12,7.210759258975322e-05
simplex_direction_reconstruction,17,True,1.3322676295501878e-15,6.245004513516506e-08
simplex_convex_minus,17,True,4.163336342344337e-17,1.8216822498237279e-10
simplex_convex_plus,17,True,5.551115123125783e-17,2.256137681108558e-10
simplex_predictor_Q_A_topsis_0_1,1,True,4.2010839251815923e-13,9.54951003042592e-08
pair_logratio_elasticity_Q_A_topsis_0_1,1,True,1.0068284747588585e-11,0.00020729524999208912
simplex_predictor_quality_score_soft_proxy_0_1,1,True,4.529709940470639e-14,9.956619413966035e-09
pair_logratio_elasticity_quality_score_soft_proxy_0_1,1,True,8.359375691657789e-12,0.00016870746476792332
simplex_direction_reconstruction,17,True,1.6237011735142914e-15,8.118505867571457e-08
simplex_convex_minus,17,True,6.938893903907228e-17,3.1704012784884654e-10
simplex_convex_plus,17,True,5.551115123125783e-17,2.256137681108558e-10
simplex_predictor_Q_A_topsis_0_1,1,True,7.629452625224076e-13,3.24368404795213e-07
pair_logratio_elasticity_Q_A_topsis_0_1,1,True,9.730377961703063e-12,0.0003174110950392768
simplex_predictor_quality_score_soft_proxy_0_1,1,True,1.2718714970105793e-12,4.95659847772721e-07
pair_logratio_elasticity_quality_score_soft_proxy_0_1,1,True,1.0440337830375235e-11,0.00033004720545389525
simplex_direction_reconstruction,17,True,1.033895191682177e-15,5.169475958410885e-08
simplex_convex_minus,17,True,4.163336342344337e-17,1.8216822498237279e-10
simplex_convex_plus,17,True,2.7755575615628914e-17,1.2991162755176887e-10
simplex_predictor_Q_A_topsis_0_1,1,True,1.2234657731369225e-13,3.215325843608383e-08
pair_logratio_elasticity_Q_A_topsis_0_1,1,True,1.634205791523069e-11,0.0004537387192090864
simplex_predictor_quality_score_soft_proxy_0_1,1,True,4.1884273827008656e-12,1.05894428612971e-06
pair_logratio_elasticity_quality_score_soft_proxy_0_1,1,True,1.6809819161633932e-11,0.0004586340126105774
simplex_direction_reconstruction,17,True,6.661338147750939e-16,3.157196726277789e-08
simplex_convex_minus,17,True,2.7755575615628914e-17,1.819294134457039e-10
simplex_convex_plus,17,True,5.551115123125783e-17,2.5982325510353774e-10
simplex_predictor_Q_A_topsis_0_1,1,True,7.077671781985373e-13,1.6103089551820367e-06
pair_logratio_elasticity_Q_A_topsis_0_1,1,True,2.175437781304357e-12,8.301780652151431e-05
simplex_predictor_quality_score_soft_proxy_0_1,1,True,1.7581491817963979e-12,4.904635323904385e-06
pair_logratio_elasticity_quality_score_soft_proxy_0_1,1,True,3.467902614379126e-12,0.0001386844342203518
