dataset,role,scale,loss_observed,index,target_domain_proportion,baseline_q_soft_0_100,baseline_q_low_0_100,baseline_q_high_0_100,branch_id,target_domain,base_domain_q_0_100,c4_branch_domain_q_0_100,c4_branch_q_soft_0_100,delta_q_soft_0_100,c4_branch_q_low_0_100,c4_branch_q_high_0_100,c4_branch_range_width_0_100,sensitivity_status
A4_A5_train_1m,train,1m,True,1,0.0,62.5899769188895,62.56713059586314,62.59844995232088,nih_exporter_c4,nih_exporter,63.40473913193378,64.65609086107253,62.5899769188895,0.0,62.56713059586314,62.59844995232088,0.03131935645773609,C4_SENSITIVITY_ONLY
A4_A5_train_1m,train,1m,True,2,0.0501002004008016,59.07136541233329,58.49481874143344,59.45291474683157,nih_exporter_c4,nih_exporter,63.40473913193378,64.65609086107253,59.134058384735035,0.06269297240174154,58.49481874143344,59.53640185646659,1.0415831150331485,C4_SENSITIVITY_ONLY
A4_A5_train_1m,train,1m,True,3,0.0,63.95799290631837,63.8308901432108,64.01241165881956,nih_exporter_c4,nih_exporter,63.40473913193378,64.65609086107253,63.95799290631837,0.0,63.8308901432108,64.01241165881956,0.1815215156087575,C4_SENSITIVITY_ONLY
A4_A5_train_1m,train,1m,True,4,0.0,57.577216834293225,56.32234151689883,58.76738380675164,nih_exporter_c4,nih_exporter,63.40473913193378,64.65609086107253,57.577216834293225,0.0,56.32234151689883,58.76738380675164,2.4450422898528075,C4_SENSITIVITY_ONLY
A4_A5_train_1m,train,1m,True,5,0.0,61.0917880650192,60.48983693106821,61.50224490015969,nih_exporter_c4,nih_exporter,63.40473913193378,64.65609086107253,61.0917880650192,0.0,60.48983693106821,61.50224490015969,1.012407969091477,C4_SENSITIVITY_ONLY
A4_A5_train_1m,train,1m,True,6,0.0,60.584720752410966,59.99101663594656,60.99324588115838,nih_exporter_c4,nih_exporter,63.40473913193378,64.65609086107253,60.584720752410966,0.0,59.99101663594656,60.99324588115838,1.0022292452118222,C4_SENSITIVITY_ONLY
A4_A5_train_1m,train,1m,True,7,0.009,62.140626753825245,59.64454726025998,64.16583417005786,nih_exporter_c4,nih_exporter,63.40473913193378,64.65609086107253,62.151888919387495,0.011262165562250459,59.64454726025998,64.1808317944327,4.536284534172722,C4_SENSITIVITY_ONLY
A4_A5_train_1m,train,1m,True,8,0.014014014014014,61.33355503550059,59.369968802067135,64.30035131862691,nih_exporter_c4,nih_exporter,63.40473913193378,64.65609086107253,61.3510914961692,0.01753646066860881,59.369968802067135,64.32370430953422,4.953735507467087,C4_SENSITIVITY_ONLY
A4_A5_train_1m,train,1m,True,9,0.0,63.350634604573074,61.10090692042493,64.32600554446415,nih_exporter_c4,nih_exporter,63.40473913193378,64.65609086107253,63.350634604573074,0.0,61.10090692042493,64.32600554446415,3.2250986240392194,C4_SENSITIVITY_ONLY
A4_A5_train_1m,train,1m,True,10,0.0,61.83845788066242,61.14571324773014,62.13879777890371,nih_exporter_c4,nih_exporter,63.40473913193378,64.65609086107253,61.83845788066242,0.0,61.14571324773014,62.13879777890371,0.9930845311735652,C4_SENSITIVITY_ONLY
A4_A5_train_1m,train,1m,True,11,0.0,59.33406197395692,56.28410747671423,64.1147598981793,nih_exporter_c4,nih_exporter,63.40473913193378,64.65609086107253,59.33406197395692,0.0,56.28410747671423,64.1147598981793,7.830652421465068,C4_SENSITIVITY_ONLY
A4_A5_train_1m,train,1m,True,12,0.0460921843687374,59.62533670628627,57.17068931376651,62.89446322630519,nih_exporter_c4,nih_exporter,63.40473913193378,64.65609086107253,59.68301424089587,0.05767753460960279,57.17068931376651,62.971271367169415,5.800582053402906,C4_SENSITIVITY_ONLY
A4_A5_train_1m,train,1m,True,13,0.0,63.48035150628131,61.58623150368282,64.33570995356357,nih_exporter_c4,nih_exporter,63.40473913193378,64.65609086107253,63.48035150628131,0.0,61.58623150368282,64.33570995356357,2.7494784498807476,C4_SENSITIVITY_ONLY
A4_A5_train_1m,train,1m,True,14,0.0339660339660339,61.611452398137374,59.87681102674002,62.54195999906214,nih_exporter_c4,nih_exporter,63.40473913193378,64.65609086107253,61.65395585347276,0.042503455335385354,59.87681102674002,62.59856109005386,2.7217500633138414,C4_SENSITIVITY_ONLY
A4_A5_train_1m,train,1m,True,15,0.001002004008016,60.63985637368572,59.700206595624095,61.24866569365008,nih_exporter_c4,nih_exporter,63.40473913193378,64.65609086107253,60.64111023313375,0.0012538594480346887,59.700206595624095,61.250335435842786,1.5501288402186901,C4_SENSITIVITY_ONLY
A4_A5_train_1m,train,1m,True,16,0.022,61.05976135968973,59.41461245975787,62.18920144094669,nih_exporter_c4,nih_exporter,63.40473913193378,64.65609086107253,61.087291097730784,0.02752973804105352,59.41461245975787,62.22586230052962,2.811249840771751,C4_SENSITIVITY_ONLY
A4_A5_train_1m,train,1m,True,17,0.003003003003003,62.26359342605269,61.362583720702304,63.48503350555324,nih_exporter_c4,nih_exporter,63.40473913193378,64.65609086107253,62.267351239053106,0.003757813000419219,61.362583720702304,63.49003771789052,2.127453997188219,C4_SENSITIVITY_ONLY
A4_A5_train_1m,train,1m,True,18,0.025025025025025,63.10885587615659,62.12932773940608,63.6046909794799,nih_exporter_c4,nih_exporter,63.40473913193378,64.65609086107253,63.140170984493395,0.03131510833680551,62.12932773940608,63.646392748957254,1.5170650095511746,C4_SENSITIVITY_ONLY
A4_A5_train_1m,train,1m,True,19,0.039039039039039,62.69683978480785,61.73917796499478,63.860108355587975,nih_exporter_c4,nih_exporter,63.40473913193378,64.65609086107253,62.745691353813264,0.04885156900541432,61.73917796499478,63.925163115972644,2.1859851509778636,C4_SENSITIVITY_ONLY
A4_A5_train_1m,train,1m,True,20,0.016,62.09218714016537,60.83037461762391,62.67410821822585,nih_exporter_c4,nih_exporter,63.40473913193378,64.65609086107253,62.11220876783159,0.020021627666217512,60.83037461762391,62.700770661558884,1.8703960439349743,C4_SENSITIVITY_ONLY
A4_A5_train_1m,train,1m,True,21,0.0,63.21923853615276,62.7549540865236,63.61147835072133,nih_exporter_c4,nih_exporter,63.40473913193378,64.65609086107253,63.21923853615276,0.0,62.7549540865236,63.61147835072133,0.8565242641977306,C4_SENSITIVITY_ONLY
A4_A5_train_1m,train,1m,True,22,0.011,57.13954537422548,55.4877122376181,58.74547385567387,nih_exporter_c4,nih_exporter,63.40473913193378,64.65609086107253,57.153310243246004,0.01376486902052676,55.4877122376181,58.76380428546534,3.276092047847243,C4_SENSITIVITY_ONLY
A4_A5_train_1m,train,1m,True,23,0.0,61.81622170279383,59.262758790573216,63.69037794277657,nih_exporter_c4,nih_exporter,63.40473913193378,64.65609086107253,61.81622170279383,0.0,59.262758790573216,63.69037794277657,4.427619152203356,C4_SENSITIVITY_ONLY
A4_A5_train_1m,train,1m,True,24,0.0,59.43683040993596,56.02394220461786,64.14708390046518,nih_exporter_c4,nih_exporter,63.40473913193378,64.65609086107253,59.43683040993596,0.0,56.02394220461786,64.14708390046518,8.123141695847316,C4_SENSITIVITY_ONLY
A4_A5_train_1m,train,1m,True,25,0.0,61.01350524992364,59.70699221657228,62.7026108883598,nih_exporter_c4,nih_exporter,63.40473913193378,64.65609086107253,61.01350524992364,0.0,59.70699221657228,62.7026108883598,2.9956186717875184,C4_SENSITIVITY_ONLY
A4_A5_train_1m,train,1m,True,26,0.002002002002002,63.35576542534766,62.07232711102344,63.96129921449919,nih_exporter_c4,nih_exporter,63.40473913193378,64.65609086107253,63.35827063401461,0.002505208666946146,62.07232711102344,63.96463535605738,1.892308245033938,C4_SENSITIVITY_ONLY
A4_A5_train_1m,train,1m,True,27,0.0,60.75543555918576,58.854740132384485,62.592759899480754,nih_exporter_c4,nih_exporter,63.40473913193378,64.65609086107253,60.75543555918576,0.0,58.854740132384485,62.592759899480754,3.7380197670962687,C4_SENSITIVITY_ONLY
A4_A5_train_1m,train,1m,True,28,0.0,60.62404105271286,58.89668560604888,62.518412838252765,nih_exporter_c4,nih_exporter,63.40473913193378,64.65609086107253,60.62404105271286,0.0,58.89668560604888,62.518412838252765,3.621727232203888,C4_SENSITIVITY_ONLY
A4_A5_train_1m,train,1m,True,29,0.0,59.033319995173656,56.14953500157945,61.838000930565535,nih_exporter_c4,nih_exporter,63.40473913193378,64.65609086107253,59.033319995173656,0.0,56.14953500157945,61.838000930565535,5.6884659289860835,C4_SENSITIVITY_ONLY
A4_A5_train_1m,train,1m,True,30,0.0,57.99532325402376,56.21305857505028,59.74118841039629,nih_exporter_c4,nih_exporter,63.40473913193378,64.65609086107253,57.99532325402376,0.0,56.21305857505028,59.74118841039629,3.5281298353460073,C4_SENSITIVITY_ONLY
A4_A5_train_1m,train,1m,True,31,0.0,59.94234873663173,59.54330816395079,60.1734131484803,nih_exporter_c4,nih_exporter,63.40473913193378,64.65609086107253,59.94234873663173,0.0,59.54330816395079,60.1734131484803,0.6301049845295097,C4_SENSITIVITY_ONLY
A4_A5_train_1m,train,1m,True,32,0.0,59.40735918368559,56.30075672735322,64.33570995356357,nih_exporter_c4,nih_exporter,63.40473913193378,64.65609086107253,59.40735918368559,0.0,56.30075672735322,64.33570995356357,8.034953226210348,C4_SENSITIVITY_ONLY
A4_A5_train_1m,train,1m,True,33,0.0,56.14924942645502,56.14699292927934,56.15022773231248,nih_exporter_c4,nih_exporter,63.40473913193378,64.65609086107253,56.14924942645502,0.0,56.14699292927934,56.15022773231248,0.003234803033137723,C4_SENSITIVITY_ONLY
A4_A5_train_1m,train,1m,True,34,0.0019980019980019,53.78397506413352,53.12988793398893,54.26559173039828,nih_exporter_c4,nih_exporter,63.40473913193378,64.65609086107253,53.786475267388546,0.0025002032550247577,53.12988793398893,54.268921206338966,1.1390332723500336,C4_SENSITIVITY_ONLY
A4_A5_train_1m,train,1m,True,35,0.0,61.68474017899067,61.228606975340966,61.81285083974961,nih_exporter_c4,nih_exporter,63.40473913193378,64.65609086107253,61.68474017899067,0.0,61.228606975340966,61.81285083974961,0.5842438644086414,C4_SENSITIVITY_ONLY
A4_A5_train_1m,train,1m,True,36,0.016016016016016,62.86942556143751,62.39385573799926,63.12093362924484,nih_exporter_c4,nih_exporter,63.40473913193378,64.65609086107253,62.889467230773064,0.020041669335554957,62.39385573799926,63.147622761710345,0.7537670237110845,C4_SENSITIVITY_ONLY
A4_A5_train_1m,train,1m,True,37,0.0400801603206412,61.506153756904496,59.77334223303141,62.737119776639005,nih_exporter_c4,nih_exporter,63.40473913193378,64.65609086107253,61.55630813482589,0.050154377921394655,59.77334223303141,62.80390946434702,3.030567231315615,C4_SENSITIVITY_ONLY
A4_A5_train_1m,train,1m,True,38,0.0,62.98920461198908,61.52949988209613,64.33144553592089,nih_exporter_c4,nih_exporter,63.40473913193378,64.65609086107253,62.98920461198908,0.0,61.52949988209613,64.33144553592089,2.8019456538247596,C4_SENSITIVITY_ONLY
A4_A5_train_1m,train,1m,True,39,0.046,61.279434204947314,60.820719870513344,61.68767026711922,nih_exporter_c4,nih_exporter,63.40473913193378,64.65609086107253,61.3369963844877,0.05756217954038334,60.820719870513344,61.76432479170172,0.9436049211883741,C4_SENSITIVITY_ONLY
A4_A5_train_1m,train,1m,True,40,0.0,61.31411564364491,58.883301960078285,64.189691632636,nih_exporter_c4,nih_exporter,63.40473913193378,64.65609086107253,61.31411564364491,0.0,58.883301960078285,64.189691632636,5.306389672557714,C4_SENSITIVITY_ONLY
A4_A5_train_1m,train,1m,True,41,0.002,53.68345056911369,53.39960227973745,53.84003833082601,nih_exporter_c4,nih_exporter,63.40473913193378,64.65609086107253,53.685953272571965,0.002502703458276301,53.39960227973745,53.843371136242645,0.44376885650519426,C4_SENSITIVITY_ONLY
A4_A5_train_1m,train,1m,True,42,0.0009990009990009,57.61329385546286,55.924176261634464,58.98035807384598,nih_exporter_c4,nih_exporter,63.40473913193378,64.65609086107253,57.61454395709037,0.0012501016275123789,55.924176261634464,58.98202281181632,3.057846550181857,C4_SENSITIVITY_ONLY
A4_A5_train_1m,train,1m,True,43,0.0329670329670329,61.33077858394175,60.90311152448663,61.540140827558766,nih_exporter_c4,nih_exporter,63.40473913193378,64.65609086107253,61.37203193764962,0.041253353707872975,60.90311152448663,61.59507718058014,0.6919656560935081,C4_SENSITIVITY_ONLY
A4_A5_train_1m,train,1m,True,44,0.0,61.496543495719166,59.41518996456877,63.13483402166377,nih_exporter_c4,nih_exporter,63.40473913193378,64.65609086107253,61.496543495719166,0.0,59.41518996456877,63.13483402166377,3.719644057095003,C4_SENSITIVITY_ONLY
A4_A5_train_1m,train,1m,True,45,0.0169830169830169,63.62109913001988,63.49217832347737,63.76599505618487,nih_exporter_c4,nih_exporter,63.40473913193378,64.65609086107253,63.64235085768757,0.021251727667689124,63.49217832347737,63.79429560168073,0.30211727820336165,C4_SENSITIVITY_ONLY
A4_A5_train_1m,train,1m,True,46,0.0,61.77273999632626,60.65646154121735,62.38710247612599,nih_exporter_c4,nih_exporter,63.40473913193378,64.65609086107253,61.77273999632626,0.0,60.65646154121735,62.38710247612599,1.7306409349086422,C4_SENSITIVITY_ONLY
A4_A5_train_1m,train,1m,True,47,0.0189810189810189,60.90818406340212,59.16671748991552,62.56567597662198,nih_exporter_c4,nih_exporter,63.40473913193378,64.65609086107253,60.93193599432483,0.023751930922713882,59.16671748991552,62.59730599805853,3.4305885081430105,C4_SENSITIVITY_ONLY
A4_A5_train_1m,train,1m,True,48,0.003,61.75095317224685,60.16839209187844,63.04664471949547,nih_exporter_c4,nih_exporter,63.40473913193378,64.65609086107253,61.75470722743427,0.003754055187414451,60.16839209187844,63.05164392762041,2.883251835741973,C4_SENSITIVITY_ONLY
A4_A5_train_1m,train,1m,True,49,0.012,62.96854177786141,62.23469685312691,64.00057789986114,nih_exporter_c4,nih_exporter,63.40473913193378,64.65609086107253,62.983557998611076,0.01501622074966491,62.23469685312691,64.02057473236093,1.7858778792340146,C4_SENSITIVITY_ONLY
A4_A5_train_1m,train,1m,True,50,0.0,62.93628722732703,62.07054639070592,63.647269256436914,nih_exporter_c4,nih_exporter,63.40473913193378,64.65609086107253,62.93628722732703,0.0,62.07054639070592,63.647269256436914,1.5767228657309929,C4_SENSITIVITY_ONLY
A4_A5_train_1m,train,1m,True,51,0.0,55.2643555814013,54.8284156866012,55.45335761392428,nih_exporter_c4,nih_exporter,63.40473913193378,64.65609086107253,55.2643555814013,0.0,54.8284156866012,55.45335761392428,0.6249419273230856,C4_SENSITIVITY_ONLY
A4_A5_train_1m,train,1m,True,52,0.011011011011011,60.356080809761664,57.67451532291773,63.93117403073837,nih_exporter_c4,nih_exporter,63.40473913193378,64.65609086107253,60.36985945742986,0.013778647668196697,57.67451532291773,63.949522809308405,6.2750074863906775,C4_SENSITIVITY_ONLY
A4_A5_train_1m,train,1m,True,53,0.001001001001001,59.513443280489966,56.09358724082557,64.07966346417332,nih_exporter_c4,nih_exporter,63.40473913193378,64.65609086107253,59.51469588482344,0.001252604333473073,56.09358724082557,64.08133153495241,7.987744294126841,C4_SENSITIVITY_ONLY
A4_A5_train_1m,train,1m,True,54,0.0,63.935838049043255,63.66532535323887,64.19617979360754,nih_exporter_c4,nih_exporter,63.40473913193378,64.65609086107253,63.935838049043255,0.0,63.66532535323887,64.19617979360754,0.530854440368671,C4_SENSITIVITY_ONLY
A4_A5_train_1m,train,1m,True,55,0.0,60.973093751373824,58.79540963961525,63.78391264744594,nih_exporter_c4,nih_exporter,63.40473913193378,64.65609086107253,60.973093751373824,0.0,58.79540963961525,63.78391264744594,4.988503007830687,C4_SENSITIVITY_ONLY
A4_A5_train_1m,train,1m,True,56,0.0199600798403193,61.20695965922683,59.988393492064,62.24757576464368,nih_exporter_c4,nih_exporter,63.40473913193378,64.65609086107253,61.231936739648766,0.024977080421933806,59.988393492064,62.28083729574777,2.292443803683774,C4_SENSITIVITY_ONLY
A4_A5_train_1m,train,1m,True,57,0.0,63.17617007790169,63.16612981803825,63.18271960719464,nih_exporter_c4,nih_exporter,63.40473913193378,64.65609086107253,63.17617007790169,0.0,63.16612981803825,63.18271960719464,0.016589789156391532,C4_SENSITIVITY_ONLY
A4_A5_train_1m,train,1m,True,58,0.0,62.12913637558805,62.12913637558805,62.12913637558805,nih_exporter_c4,nih_exporter,63.40473913193378,64.65609086107253,62.12913637558805,0.0,62.12913637558805,62.12913637558805,0.0,C4_SENSITIVITY_ONLY
A4_A5_train_1m,train,1m,True,59,0.035035035035035,63.47197959596951,61.87338076768469,64.16267580715318,nih_exporter_c4,nih_exporter,63.40473913193378,64.65609086107253,63.51582074764104,0.04384115167152913,61.87338076768469,64.22105828442147,2.3476775167367876,C4_SENSITIVITY_ONLY
A4_A5_train_1m,train,1m,True,60,0.0,61.80556438727452,61.26936461705358,62.07981068108913,nih_exporter_c4,nih_exporter,63.40473913193378,64.65609086107253,61.80556438727452,0.0,61.26936461705358,62.07981068108913,0.8104460640355455,C4_SENSITIVITY_ONLY
A4_A5_train_1m,train,1m,True,61,0.0,61.48158512167624,59.78541593168792,63.32512939325473,nih_exporter_c4,nih_exporter,63.40473913193378,64.65609086107253,61.48158512167624,0.0,59.78541593168792,63.32512939325473,3.539713461566805,C4_SENSITIVITY_ONLY
A4_A5_train_1m,train,1m,True,62,0.0,61.2277943610364,59.36773985274076,62.54815505627285,nih_exporter_c4,nih_exporter,63.40473913193378,64.65609086107253,61.2277943610364,0.0,59.36773985274076,62.54815505627285,3.1804152035320854,C4_SENSITIVITY_ONLY
A4_A5_train_1m,train,1m,True,63,0.011,62.57951735260513,61.05546478062996,63.44170813621536,nih_exporter_c4,nih_exporter,63.40473913193378,64.65609086107253,62.59328222162566,0.01376486902052676,61.05546478062996,63.46003856600683,2.4045737853768685,C4_SENSITIVITY_ONLY
A4_A5_train_1m,train,1m,True,64,0.0119880119880119,63.15011537529491,62.28423236898092,63.5966572034336,nih_exporter_c4,nih_exporter,63.40473913193378,64.65609086107253,63.165116594825044,0.015001219530134335,62.28423236898092,63.61663405907774,1.332401690096816,C4_SENSITIVITY_ONLY
A4_A5_train_1m,train,1m,True,65,0.0,63.52697450053651,63.373571393843264,63.72424306339328,nih_exporter_c4,nih_exporter,63.40473913193378,64.65609086107253,63.52697450053651,0.0,63.373571393843264,63.72424306339328,0.3506716695500174,C4_SENSITIVITY_ONLY
A4_A5_train_1m,train,1m,True,66,0.0,63.06151663621826,61.68975521244023,64.15546689181042,nih_exporter_c4,nih_exporter,63.40473913193378,64.65609086107253,63.06151663621826,0.0,61.68975521244023,64.15546689181042,2.4657116793701874,C4_SENSITIVITY_ONLY
A4_A5_train_1m,train,1m,True,67,0.0069930069930069,59.85553608951519,58.46281834058299,61.28667185946824,nih_exporter_c4,nih_exporter,63.40473913193378,64.65609086107253,59.86428680090777,0.008750711392579547,58.46281834058299,61.29832502526065,2.835506684677661,C4_SENSITIVITY_ONLY
A4_A5_train_1m,train,1m,True,68,0.019,62.52852877158109,61.80228553131769,62.78036526237992,nih_exporter_c4,nih_exporter,63.40473913193378,64.65609086107253,62.552304454434726,0.02377568285363907,61.80228553131769,62.812026913837904,1.009741382520211,C4_SENSITIVITY_ONLY
A4_A5_train_1m,train,1m,True,69,0.001,64.09172655393992,63.74949729636999,64.33428990248855,nih_exporter_c4,nih_exporter,63.40473913193378,64.65609086107253,64.09297790566906,0.0012513517291381504,63.74949729636999,64.33595630519686,0.5864590088268713,C4_SENSITIVITY_ONLY
A4_A5_train_1m,train,1m,True,70,0.0,63.34317743826378,61.10414172345806,64.33570995356357,nih_exporter_c4,nih_exporter,63.40473913193378,64.65609086107253,63.34317743826378,0.0,61.10414172345806,64.33570995356357,3.231568230105502,C4_SENSITIVITY_ONLY
A4_A5_train_1m,train,1m,True,71,0.0,56.52684703937477,54.90364520953321,57.98245264438796,nih_exporter_c4,nih_exporter,63.40473913193378,64.65609086107253,56.52684703937477,0.0,54.90364520953321,57.98245264438796,3.0788074348547525,C4_SENSITIVITY_ONLY
A4_A5_train_1m,train,1m,True,72,0.0,60.45087521298373,58.93882689152532,61.2344912623008,nih_exporter_c4,nih_exporter,63.40473913193378,64.65609086107253,60.45087521298373,0.0,58.93882689152532,61.2344912623008,2.2956643707754765,C4_SENSITIVITY_ONLY
A4_A5_train_1m,train,1m,True,73,0.0,60.18698733053559,58.26310756591922,62.34077532376334,nih_exporter_c4,nih_exporter,63.40473913193378,64.65609086107253,60.18698733053559,0.0,58.26310756591922,62.34077532376334,4.077667757844118,C4_SENSITIVITY_ONLY
A4_A5_train_1m,train,1m,True,74,0.0,63.23001963503725,63.13247227004087,63.26870763473006,nih_exporter_c4,nih_exporter,63.40473913193378,64.65609086107253,63.23001963503725,0.0,63.13247227004087,63.26870763473006,0.13623536468919184,C4_SENSITIVITY_ONLY
A4_A5_train_1m,train,1m,True,75,0.003,59.59491271212727,57.42069273641875,62.130116143574575,nih_exporter_c4,nih_exporter,63.40473913193378,64.65609086107253,59.59866676731468,0.003754055187414451,57.42069273641875,62.13511535169952,4.714422615280768,C4_SENSITIVITY_ONLY
A4_A5_train_1m,train,1m,True,76,0.0,61.90842084244496,60.62041321802656,63.87519596118487,nih_exporter_c4,nih_exporter,63.40473913193378,64.65609086107253,61.90842084244496,0.0,60.62041321802656,63.87519596118487,3.2547827431583087,C4_SENSITIVITY_ONLY
A4_A5_train_1m,train,1m,True,77,0.0,61.63885006357113,59.12422906723224,64.14711538005903,nih_exporter_c4,nih_exporter,63.40473913193378,64.65609086107253,61.63885006357113,0.0,59.12422906723224,64.14711538005903,5.022886312826792,C4_SENSITIVITY_ONLY
A4_A5_train_1m,train,1m,True,78,0.0,61.68143128851822,60.19680302901612,63.83271943989904,nih_exporter_c4,nih_exporter,63.40473913193378,64.65609086107253,61.68143128851822,0.0,60.19680302901612,63.83271943989904,3.6359164108829205,C4_SENSITIVITY_ONLY
A4_A5_train_1m,train,1m,True,79,0.0,63.26827361575271,62.92808053299776,63.51964959332253,nih_exporter_c4,nih_exporter,63.40473913193378,64.65609086107253,63.26827361575271,0.0,62.92808053299776,63.51964959332253,0.5915690603247654,C4_SENSITIVITY_ONLY
A4_A5_train_1m,train,1m,True,80,0.0,60.5532361433906,59.9724275160909,60.87648783243746,nih_exporter_c4,nih_exporter,63.40473913193378,64.65609086107253,60.5532361433906,0.0,59.9724275160909,60.87648783243746,0.904060316346559,C4_SENSITIVITY_ONLY
A4_A5_train_1m,train,1m,True,81,0.017,60.269906560796095,57.82340299599946,63.51507066020426,nih_exporter_c4,nih_exporter,63.40473913193378,64.65609086107253,60.29117954019145,0.021272979395355662,57.82340299599946,63.54339950624561,5.719996510246155,C4_SENSITIVITY_ONLY
A4_A5_train_1m,train,1m,True,82,0.0,61.06636984621087,59.66981814517983,62.37448024377274,nih_exporter_c4,nih_exporter,63.40473913193378,64.65609086107253,61.06636984621087,0.0,59.66981814517983,62.37448024377274,2.7046620985929053,C4_SENSITIVITY_ONLY
A4_A5_train_1m,train,1m,True,83,0.0,61.3995330926767,61.38287812677995,61.412020496447866,nih_exporter_c4,nih_exporter,63.40473913193378,64.65609086107253,61.3995330926767,0.0,61.38287812677995,61.412020496447866,0.029142369667916057,C4_SENSITIVITY_ONLY
A4_A5_train_1m,train,1m,True,84,0.0,62.82257597783308,62.31632370449055,63.08835790432402,nih_exporter_c4,nih_exporter,63.40473913193378,64.65609086107253,62.82257597783308,0.0,62.31632370449055,63.08835790432402,0.7720341998334703,C4_SENSITIVITY_ONLY
A4_A5_train_1m,train,1m,True,85,0.0,54.53763082025139,53.84227875849193,54.85939406267602,nih_exporter_c4,nih_exporter,63.40473913193378,64.65609086107253,54.53763082025139,0.0,53.84227875849193,54.85939406267602,1.0171153041840881,C4_SENSITIVITY_ONLY
A4_A5_train_1m,train,1m,True,86,0.0290581162324649,59.041754499852985,55.8783200293734,62.063542891118,nih_exporter_c4,nih_exporter,63.40473913193378,64.65609086107253,59.078116423846,0.03636192399301308,55.8783200293734,62.11196541470631,6.233645385332913,C4_SENSITIVITY_ONLY
A4_A5_train_1m,train,1m,True,87,0.0029970029970029,60.49919230436824,59.6154045967514,61.03129981876867,nih_exporter_c4,nih_exporter,63.40473913193378,64.65609086107253,60.50294260925078,0.0037503048825371366,59.6154045967514,61.036294032679706,1.4208894359283093,C4_SENSITIVITY_ONLY
A4_A5_train_1m,train,1m,True,88,0.0,62.6164108978097,61.99347233750154,63.4533756278728,nih_exporter_c4,nih_exporter,63.40473913193378,64.65609086107253,62.6164108978097,0.0,61.99347233750154,63.4533756278728,1.4599032903712654,C4_SENSITIVITY_ONLY
A4_A5_train_1m,train,1m,True,89,0.002002002002002,60.04851587360727,58.410778633696566,61.9822788438838,nih_exporter_c4,nih_exporter,63.40473913193378,64.65609086107253,60.05102108227422,0.002505208666946146,58.410778633696566,61.985614985441984,3.574836351745418,C4_SENSITIVITY_ONLY
A4_A5_train_1m,train,1m,True,90,0.0,62.36628625452937,62.15565912522413,62.60976210274515,nih_exporter_c4,nih_exporter,63.40473913193378,64.65609086107253,62.36628625452937,0.0,62.15565912522413,62.60976210274515,0.4541029775210177,C4_SENSITIVITY_ONLY
A4_A5_train_1m,train,1m,True,91,0.011011011011011,62.121205157276194,60.86902149644442,62.74384727841365,nih_exporter_c4,nih_exporter,63.40473913193378,64.65609086107253,62.13498380494439,0.013778647668196697,60.86902149644442,62.76219605698368,1.893174560539265,C4_SENSITIVITY_ONLY
A4_A5_train_1m,train,1m,True,92,0.0,58.973381637864605,57.24688322733956,60.17733747210534,nih_exporter_c4,nih_exporter,63.40473913193378,64.65609086107253,58.973381637864605,0.0,57.24688322733956,60.17733747210534,2.9304542447657838,C4_SENSITIVITY_ONLY
A4_A5_train_1m,train,1m,True,93,0.0,56.110284154891005,54.40181399825443,58.32214144588423,nih_exporter_c4,nih_exporter,63.40473913193378,64.65609086107253,56.110284154891005,0.0,54.40181399825443,58.32214144588423,3.920327447629795,C4_SENSITIVITY_ONLY
A4_A5_train_1m,train,1m,True,94,0.0,56.533655692573696,55.73111426220196,56.9123781557314,nih_exporter_c4,nih_exporter,63.40473913193378,64.65609086107253,56.533655692573696,0.0,55.73111426220196,56.9123781557314,1.1812638935294402,C4_SENSITIVITY_ONLY
A4_A5_train_1m,train,1m,True,95,0.0,60.67650190637408,59.45623663471214,61.959686028046285,nih_exporter_c4,nih_exporter,63.40473913193378,64.65609086107253,60.67650190637408,0.0,59.45623663471214,61.959686028046285,2.5034493933341437,C4_SENSITIVITY_ONLY
A4_A5_train_1m,train,1m,True,96,0.0,62.22594337326871,61.33019361696584,62.7710493954669,nih_exporter_c4,nih_exporter,63.40473913193378,64.65609086107253,62.22594337326871,0.0,61.33019361696584,62.7710493954669,1.44085577850106,C4_SENSITIVITY_ONLY
A4_A5_train_1m,train,1m,True,97,0.0049900199600798,62.39521268344426,61.39053477655389,63.09159317462351,nih_exporter_c4,nih_exporter,63.40473913193378,64.65609086107253,62.40145695354974,0.0062442701054834515,61.39053477655389,63.09990855739954,1.7093737808456453,C4_SENSITIVITY_ONLY
A4_A5_train_1m,train,1m,True,98,0.0,61.19314082426284,60.12629244008012,62.22283296147302,nih_exporter_c4,nih_exporter,63.40473913193378,64.65609086107253,61.19314082426284,0.0,60.12629244008012,62.22283296147302,2.096540521392896,C4_SENSITIVITY_ONLY
A4_A5_train_1m,train,1m,True,99,0.0189810189810189,61.46256354364893,60.87533671360598,61.91692842022138,nih_exporter_c4,nih_exporter,63.40473913193378,64.65609086107253,61.48631547457165,0.023751930922713882,60.87533671360598,61.94855844165793,1.0732217280519478,C4_SENSITIVITY_ONLY
A4_A5_train_1m,train,1m,True,100,0.021021021021021,61.27991055723218,60.38560024342749,62.0174164359185,nih_exporter_c4,nih_exporter,63.40473913193378,64.65609086107253,61.30621524823509,0.026304691002913216,60.38560024342749,62.052445922279475,1.6668456788519848,C4_SENSITIVITY_ONLY
A4_A5_train_1m,train,1m,True,101,0.0,63.05743639362379,61.4124752427639,64.29791580017684,nih_exporter_c4,nih_exporter,63.40473913193378,64.65609086107253,63.05743639362379,0.0,61.4124752427639,64.29791580017684,2.8854405574129416,C4_SENSITIVITY_ONLY
A4_A5_train_1m,train,1m,True,102,0.008,60.516715735793625,58.28505327658034,62.53964080777397,nih_exporter_c4,nih_exporter,63.40473913193378,64.65609086107253,60.52672654962674,0.010010813833112309,58.28505327658034,62.55297202944049,4.267918752860147,C4_SENSITIVITY_ONLY
A4_A5_train_1m,train,1m,True,103,0.0,63.263572085741785,61.12807385592117,64.20129831597596,nih_exporter_c4,nih_exporter,63.40473913193378,64.65609086107253,63.263572085741785,0.0,61.12807385592117,64.20129831597596,3.0732244600547887,C4_SENSITIVITY_ONLY
A4_A5_train_1m,train,1m,True,104,0.02,57.93775820904112,57.86171933984805,57.99931052235926,nih_exporter_c4,nih_exporter,63.40473913193378,64.65609086107253,57.9627852436239,0.02502703458277722,57.86171933984805,58.032638576525564,0.17091923667751274,C4_SENSITIVITY_ONLY
A4_A5_train_1m,train,1m,True,105,0.0329670329670329,61.34253794029104,59.77079473449617,62.94181191057508,nih_exporter_c4,nih_exporter,63.40473913193378,64.65609086107253,61.38379129399891,0.041253353707872975,59.77079473449617,62.99674826359646,3.2259535291002877,C4_SENSITIVITY_ONLY
A4_A5_train_1m,train,1m,True,106,0.0,61.45493511142293,59.923821236007946,62.79561677663608,nih_exporter_c4,nih_exporter,63.40473913193378,64.65609086107253,61.45493511142293,0.0,59.923821236007946,62.79561677663608,2.871795540628135,C4_SENSITIVITY_ONLY
A4_A5_train_1m,train,1m,True,107,0.0,61.73332137089404,60.30097700938294,62.47265629708748,nih_exporter_c4,nih_exporter,63.40473913193378,64.65609086107253,61.73332137089404,0.0,60.30097700938294,62.47265629708748,2.171679287704542,C4_SENSITIVITY_ONLY
A4_A5_train_1m,train,1m,True,108,0.0,63.17807036084173,62.18192841336702,64.11532309645406,nih_exporter_c4,nih_exporter,63.40473913193378,64.65609086107253,63.17807036084173,0.0,62.18192841336702,64.11532309645406,1.9333946830870445,C4_SENSITIVITY_ONLY
A4_A5_train_1m,train,1m,True,109,0.0129870129870129,60.306806135000265,58.325681833196334,63.23031640187783,nih_exporter_c4,nih_exporter,63.40473913193378,64.65609086107253,60.32305745615791,0.016251321157646714,58.325681833196334,63.25195799549231,4.926276162295977,C4_SENSITIVITY_ONLY
A4_A5_train_1m,train,1m,True,110,0.0,62.10816200724136,59.72439493990247,64.32529624568015,nih_exporter_c4,nih_exporter,63.40473913193378,64.65609086107253,62.10816200724136,0.0,59.72439493990247,64.32529624568015,4.600901305777683,C4_SENSITIVITY_ONLY
A4_A5_train_1m,train,1m,True,111,0.0,55.1834529144771,54.72530451970694,55.37883626431199,nih_exporter_c4,nih_exporter,63.40473913193378,64.65609086107253,55.1834529144771,0.0,54.72530451970694,55.37883626431199,0.6535317446050541,C4_SENSITIVITY_ONLY
A4_A5_train_1m,train,1m,True,112,0.0,61.64444201672539,58.97839529705637,64.23873199759197,nih_exporter_c4,nih_exporter,63.40473913193378,64.65609086107253,61.64444201672539,0.0,58.97839529705637,64.23873199759197,5.260336700535596,C4_SENSITIVITY_ONLY
A4_A5_train_1m,train,1m,True,113,0.0,61.41350158325436,61.35424631385053,61.456254662997225,nih_exporter_c4,nih_exporter,63.40473913193378,64.65609086107253,61.41350158325436,0.0,61.35424631385053,61.456254662997225,0.10200834914669343,C4_SENSITIVITY_ONLY
A4_A5_train_1m,train,1m,True,114,0.005005005005005,55.36106453438232,54.82211543839595,55.61617281285714,nih_exporter_c4,nih_exporter,63.40473913193378,64.65609086107253,55.36732755604968,0.0062630216673582595,54.82211543839595,55.62451316675261,0.8023977283566595,C4_SENSITIVITY_ONLY
A4_A5_train_1m,train,1m,True,115,0.0,60.7409317144098,59.27106785118539,62.63903268451381,nih_exporter_c4,nih_exporter,63.40473913193378,64.65609086107253,60.7409317144098,0.0,59.27106785118539,62.63903268451381,3.367964833328415,C4_SENSITIVITY_ONLY
A4_A5_train_1m,train,1m,True,116,0.006,52.73500024665137,52.56022836211231,52.80774635340515,nih_exporter_c4,nih_exporter,63.40473913193378,64.65609086107253,52.7425083570262,0.007508110374836008,52.56022836211231,52.81774476965504,0.257516407542731,C4_SENSITIVITY_ONLY
A4_A5_train_1m,train,1m,True,117,0.016,60.14866318690353,57.81264534836957,63.79331516792056,nih_exporter_c4,nih_exporter,63.40473913193378,64.65609086107253,60.16868481456975,0.020021627666217512,57.81264534836957,63.8199776112536,6.007332262884027,C4_SENSITIVITY_ONLY
A4_A5_train_1m,train,1m,True,118,0.0,60.38334886630643,60.03889683641553,60.54827488596592,nih_exporter_c4,nih_exporter,63.40473913193378,64.65609086107253,60.38334886630643,0.0,60.03889683641553,60.54827488596592,0.509378049550385,C4_SENSITIVITY_ONLY
A4_A5_train_1m,train,1m,True,119,0.0,60.65458418851989,59.19278174724808,62.96982149856988,nih_exporter_c4,nih_exporter,63.40473913193378,64.65609086107253,60.65458418851989,0.0,59.19278174724808,62.96982149856988,3.7770397513218015,C4_SENSITIVITY_ONLY
A4_A5_train_1m,train,1m,True,120,0.0,52.7381936031355,52.59288542729317,52.83861082175801,nih_exporter_c4,nih_exporter,63.40473913193378,64.65609086107253,52.7381936031355,0.0,52.59288542729317,52.83861082175801,0.24572539446484143,C4_SENSITIVITY_ONLY
A4_A5_train_1m,train,1m,True,121,0.0019980019980019,60.31984087755183,59.11985359279888,61.97628399237235,nih_exporter_c4,nih_exporter,63.40473913193378,64.65609086107253,60.32234108080686,0.0025002032550247577,59.11985359279888,61.97961346831304,2.8597598755141576,C4_SENSITIVITY_ONLY
A4_A5_train_1m,train,1m,True,122,0.0,58.57854327460089,57.869118882462,59.25025077419543,nih_exporter_c4,nih_exporter,63.40473913193378,64.65609086107253,58.57854327460089,0.0,57.869118882462,59.25025077419543,1.3811318917334319,C4_SENSITIVITY_ONLY
A4_A5_train_1m,train,1m,True,123,0.0,62.242219783360426,60.89839313009959,63.11809829681371,nih_exporter_c4,nih_exporter,63.40473913193378,64.65609086107253,62.242219783360426,0.0,60.89839313009959,63.11809829681371,2.219705166714121,C4_SENSITIVITY_ONLY
A4_A5_train_1m,train,1m,True,124,0.0309690309690309,63.50910101460087,63.34289861961467,63.628468679523415,nih_exporter_c4,nih_exporter,63.40473913193378,64.65609086107253,63.54785416505372,0.03875315045284822,63.34289861961467,63.6800755566041,0.3371769369894295,C4_SENSITIVITY_ONLY
A4_A5_train_1m,train,1m,True,125,0.035035035035035,62.62212795827546,60.57984601963604,63.50801660783985,nih_exporter_c4,nih_exporter,63.40473913193378,64.65609086107253,62.66596910994699,0.04384115167152913,60.57984601963604,63.566399085108145,2.9865530654721084,C4_SENSITIVITY_ONLY
A4_A5_train_1m,train,1m,True,126,0.0,62.62519603926705,61.30946399427316,63.86371567714088,nih_exporter_c4,nih_exporter,63.40473913193378,64.65609086107253,62.62519603926705,0.0,61.30946399427316,63.86371567714088,2.554251682867722,C4_SENSITIVITY_ONLY
A4_A5_train_1m,train,1m,True,127,0.0,53.88124867155049,53.56638449550707,54.06715537810082,nih_exporter_c4,nih_exporter,63.40473913193378,64.65609086107253,53.88124867155049,0.0,53.56638449550707,54.06715537810082,0.5007708825937485,C4_SENSITIVITY_ONLY
A4_A5_train_1m,train,1m,True,128,0.012,61.80153107972831,59.351254004808,64.0434773608765,nih_exporter_c4,nih_exporter,63.40473913193378,64.65609086107253,61.81654730047798,0.01501622074966491,59.351254004808,64.06347419337628,4.712220188568281,C4_SENSITIVITY_ONLY
A4_A5_train_1m,train,1m,True,129,0.013013013013013,61.9165932495937,61.15249145299902,62.36250830468416,nih_exporter_c4,nih_exporter,63.40473913193378,64.65609086107253,61.93287710592884,0.016283856335135738,61.15249145299902,62.384193224812385,1.2317017718133627,C4_SENSITIVITY_ONLY
A4_A5_train_1m,train,1m,True,130,0.0,60.508825707632425,60.41412068080812,60.59221293988983,nih_exporter_c4,nih_exporter,63.40473913193378,64.65609086107253,60.508825707632425,0.0,60.41412068080812,60.59221293988983,0.17809225908171555,C4_SENSITIVITY_ONLY
A4_A5_train_1m,train,1m,True,131,0.0,62.87769561826572,60.32974101569593,64.33570995356357,nih_exporter_c4,nih_exporter,63.40473913193378,64.65609086107253,62.87769561826572,0.0,60.32974101569593,64.33570995356357,4.005968937867635,C4_SENSITIVITY_ONLY
A4_A5_train_1m,train,1m,True,132,0.004,60.74489599635116,59.33887221153948,62.53198658731946,nih_exporter_c4,nih_exporter,63.40473913193378,64.65609086107253,60.749901403267714,0.005005406916552602,59.33887221153948,62.53865219815272,3.199779986613237,C4_SENSITIVITY_ONLY
A4_A5_train_1m,train,1m,True,133,0.0200400801603206,61.14270216627013,57.93175748049527,63.999199026238,nih_exporter_c4,nih_exporter,63.40473913193378,64.65609086107253,61.16777935523083,0.025077188960693775,57.93175748049527,64.03259387009201,6.1008363895967435,C4_SENSITIVITY_ONLY
A4_A5_train_1m,train,1m,True,134,0.0,62.09568810458024,60.35852183111883,63.01287873679726,nih_exporter_c4,nih_exporter,63.40473913193378,64.65609086107253,62.09568810458024,0.0,60.35852183111883,63.01287873679726,2.6543569056784335,C4_SENSITIVITY_ONLY
A4_A5_train_1m,train,1m,True,135,0.0,62.9214630128317,62.25686916837422,63.29215889829504,nih_exporter_c4,nih_exporter,63.40473913193378,64.65609086107253,62.9214630128317,0.0,62.25686916837422,63.29215889829504,1.0352897299208195,C4_SENSITIVITY_ONLY
A4_A5_train_1m,train,1m,True,136,0.054054054054054,60.85468816542876,59.63710321354278,61.50796638635561,nih_exporter_c4,nih_exporter,63.40473913193378,64.65609086107253,60.922328799436265,0.06764063400750331,59.63710321354278,61.5980422084267,1.960938994883918,C4_SENSITIVITY_ONLY
A4_A5_train_1m,train,1m,True,137,0.0369630369630369,62.660535469012366,62.21626515211192,63.00838630029248,nih_exporter_c4,nih_exporter,63.40473913193378,64.65609086107253,62.70678922923028,0.046253760217915385,62.21626515211192,63.06998160519523,0.8537164530833081,C4_SENSITIVITY_ONLY
A4_A5_train_1m,train,1m,True,138,0.01,54.5260352227115,54.41607858907864,54.58008468792191,nih_exporter_c4,nih_exporter,63.40473913193378,64.65609086107253,54.53854874000289,0.01251351729138861,54.41607858907864,54.59674871500506,0.18067012592642584,C4_SENSITIVITY_ONLY
A4_A5_train_1m,train,1m,True,139,0.001,61.11753276275533,60.09452118738336,62.10397868774248,nih_exporter_c4,nih_exporter,63.40473913193378,64.65609086107253,61.11878411448447,0.0012513517291381504,60.09452118738336,62.1056450904508,2.0111239030674426,C4_SENSITIVITY_ONLY
A4_A5_train_1m,train,1m,True,140,0.0069930069930069,62.04100859213905,60.54552980785288,62.732414712876015,nih_exporter_c4,nih_exporter,63.40473913193378,64.65609086107253,62.04975930353163,0.008750711392579547,60.54552980785288,62.744067878668424,2.1985380708155446,C4_SENSITIVITY_ONLY
A4_A5_train_1m,train,1m,True,141,0.045,60.52716220859045,57.40967666849584,63.248377811344,nih_exporter_c4,nih_exporter,63.40473913193378,64.65609086107253,60.58347303640169,0.05631082781124519,57.40967666849584,63.32336593321818,5.913689264722336,C4_SENSITIVITY_ONLY
A4_A5_train_1m,train,1m,True,142,0.0,60.80885782641517,58.8988533742321,62.43610085346111,nih_exporter_c4,nih_exporter,63.40473913193378,64.65609086107253,60.80885782641517,0.0,58.8988533742321,62.43610085346111,3.5372474792290163,C4_SENSITIVITY_ONLY
A4_A5_train_1m,train,1m,True,143,0.0,59.41875886751608,58.28129943332981,60.37936803619126,nih_exporter_c4,nih_exporter,63.40473913193378,64.65609086107253,59.41875886751608,0.0,58.28129943332981,60.37936803619126,2.098068602861453,C4_SENSITIVITY_ONLY
A4_A5_train_1m,train,1m,True,144,0.0,61.7696309303889,59.95252412228508,63.06382668372875,nih_exporter_c4,nih_exporter,63.40473913193378,64.65609086107253,61.7696309303889,0.0,59.95252412228508,63.06382668372875,3.1113025614436722,C4_SENSITIVITY_ONLY
A4_A5_train_1m,train,1m,True,145,0.0,63.111199699554966,61.100906920424926,63.98276347647437,nih_exporter_c4,nih_exporter,63.40473913193378,64.65609086107253,63.111199699554966,0.0,61.100906920424926,63.98276347647437,2.881856556049442,C4_SENSITIVITY_ONLY
A4_A5_train_1m,train,1m,True,146,0.0,62.68637747971489,62.32835441411592,62.914918005167145,nih_exporter_c4,nih_exporter,63.40473913193378,64.65609086107253,62.68637747971489,0.0,62.32835441411592,62.914918005167145,0.5865635910512239,C4_SENSITIVITY_ONLY
A4_A5_train_1m,train,1m,True,147,0.006,61.65321692559572,59.39293475601423,63.20727227200523,nih_exporter_c4,nih_exporter,63.40473913193378,64.65609086107253,61.66072503597056,0.007508110374836008,59.39293475601423,63.21727068825512,3.824335932240892,C4_SENSITIVITY_ONLY
A4_A5_train_1m,train,1m,True,148,0.0,59.45329440892539,58.69483492506895,59.95808668845979,nih_exporter_c4,nih_exporter,63.40473913193378,64.65609086107253,59.45329440892539,0.0,58.69483492506895,59.95808668845979,1.2632517633908336,C4_SENSITIVITY_ONLY
A4_A5_train_1m,train,1m,True,149,0.0059940059940059,62.59791004701837,61.16080025533425,63.624708696212736,nih_exporter_c4,nih_exporter,63.40473913193378,64.65609086107253,62.605410656783434,0.007500609765067168,61.16080025533425,63.6346971240348,2.4738968687005496,C4_SENSITIVITY_ONLY
A4_A5_train_1m,train,1m,True,150,0.0,60.36421798792109,57.24386483986398,64.33570995356358,nih_exporter_c4,nih_exporter,63.40473913193378,64.65609086107253,60.36421798792109,0.0,57.24386483986398,64.33570995356358,7.091845113699598,C4_SENSITIVITY_ONLY
A4_A5_train_1m,train,1m,True,151,0.0,61.73995223922206,59.862176600099545,63.293673111574535,nih_exporter_c4,nih_exporter,63.40473913193378,64.65609086107253,61.73995223922206,0.0,59.862176600099545,63.293673111574535,3.4314965114749896,C4_SENSITIVITY_ONLY
A4_A5_train_1m,train,1m,True,152,0.001,60.845560246887246,58.3343051978764,63.264743059472536,nih_exporter_c4,nih_exporter,63.40473913193378,64.65609086107253,60.846811598616384,0.0012513517291381504,58.3343051978764,63.26640946218085,4.932104264304456,C4_SENSITIVITY_ONLY
A4_A5_train_1m,train,1m,True,153,0.0,60.40937787436869,57.35233950414306,63.4603060915107,nih_exporter_c4,nih_exporter,63.40473913193378,64.65609086107253,60.40937787436869,0.0,57.35233950414306,63.4603060915107,6.107966587367642,C4_SENSITIVITY_ONLY
A4_A5_train_1m,train,1m,True,154,0.0,59.63449350344226,57.95880193241867,61.77338050864427,nih_exporter_c4,nih_exporter,63.40473913193378,64.65609086107253,59.63449350344226,0.0,57.95880193241867,61.77338050864427,3.8145785762255997,C4_SENSITIVITY_ONLY
A4_A5_train_1m,train,1m,True,155,0.008008008008008,60.97551891664652,59.497050253512086,61.75269822550513,nih_exporter_c4,nih_exporter,63.40473913193378,64.65609086107253,60.9855397513143,0.010020834667777478,59.497050253512086,61.76604279173788,2.2689925382257954,C4_SENSITIVITY_ONLY
A4_A5_train_1m,train,1m,True,156,0.011,60.09684665438842,57.96691067566599,62.36629454081026,nih_exporter_c4,nih_exporter,63.40473913193378,64.65609086107253,60.11061152340895,0.01376486902052676,57.96691067566599,62.38462497060173,4.417714294935735,C4_SENSITIVITY_ONLY
A4_A5_train_1m,train,1m,True,157,0.0,59.21117331707816,58.432917139267225,59.65921823690584,nih_exporter_c4,nih_exporter,63.40473913193378,64.65609086107253,59.21117331707816,0.0,58.432917139267225,59.65921823690584,1.2263010976386184,C4_SENSITIVITY_ONLY
A4_A5_train_1m,train,1m,True,158,0.006,52.83679746382847,52.81395134265465,52.84906082566084,nih_exporter_c4,nih_exporter,63.40473913193378,64.65609086107253,52.844305574203304,0.007508110374836008,52.81395134265465,52.859059241910735,0.045107899256088047,C4_SENSITIVITY_ONLY
A4_A5_train_1m,train,1m,True,159,0.024024024024024,62.22553930266097,61.970985474606735,62.34653836131068,nih_exporter_c4,nih_exporter,63.40473913193378,64.65609086107253,62.2556018066643,0.030062504003332435,61.970985474606735,62.38657206000894,0.4155865854022025,C4_SENSITIVITY_ONLY
A4_A5_train_1m,train,1m,True,160,0.0,60.62466045152656,60.29602967729023,60.9550107021375,nih_exporter_c4,nih_exporter,63.40473913193378,64.65609086107253,60.62466045152656,0.0,60.29602967729023,60.9550107021375,0.6589810248472716,C4_SENSITIVITY_ONLY
A4_A5_train_1m,train,1m,True,161,0.0,59.41182584544244,56.66114011070411,63.741199523000056,nih_exporter_c4,nih_exporter,63.40473913193378,64.65609086107253,59.41182584544244,0.0,56.66114011070411,63.741199523000056,7.080059412295945,C4_SENSITIVITY_ONLY
A4_A5_train_1m,train,1m,True,162,0.0,58.24092759134412,57.58128460892195,58.701631143784766,nih_exporter_c4,nih_exporter,63.40473913193378,64.65609086107253,58.24092759134412,0.0,57.58128460892195,58.701631143784766,1.1203465348628185,C4_SENSITIVITY_ONLY
A4_A5_train_1m,train,1m,True,163,0.021021021021021,61.925761779031234,60.8228223998011,62.504727311960366,nih_exporter_c4,nih_exporter,63.40473913193378,64.65609086107253,61.95206647003415,0.026304691002913216,60.8228223998011,62.53975679832134,1.7169343985202445,C4_SENSITIVITY_ONLY
A4_A5_train_1m,train,1m,True,164,0.008008008008008,62.53095059953566,62.37188414100508,62.7275286462718,nih_exporter_c4,nih_exporter,63.40473913193378,64.65609086107253,62.540971434203435,0.010020834667777478,62.37188414100508,62.74087321250455,0.36898907149947036,C4_SENSITIVITY_ONLY
A4_A5_train_1m,train,1m,True,165,0.001002004008016,58.21926506748621,56.62639894318069,59.41801130131382,nih_exporter_c4,nih_exporter,63.40473913193378,64.65609086107253,58.22051892693425,0.0012538594480346887,56.62639894318069,59.41968104350652,2.7932821003258326,C4_SENSITIVITY_ONLY
A4_A5_train_1m,train,1m,True,166,0.002002002002002,56.44175777041005,56.02822732983912,56.75154269040368,nih_exporter_c4,nih_exporter,63.40473913193378,64.65609086107253,56.444262979076996,0.002505208666946146,56.02822732983912,56.75487883196187,0.7266515021227491,C4_SENSITIVITY_ONLY
A4_A5_train_1m,train,1m,True,167,0.03,61.74528718574618,59.97056409510196,63.226771286039664,nih_exporter_c4,nih_exporter,63.40473913193378,64.65609086107253,61.782827737620345,0.03754055187416583,59.97056409510196,63.276763367289114,3.3061992721871505,C4_SENSITIVITY_ONLY
A4_A5_train_1m,train,1m,True,168,0.0,61.2537986557392,60.98555910676773,61.32666288921792,nih_exporter_c4,nih_exporter,63.40473913193378,64.65609086107253,61.2537986557392,0.0,60.98555910676773,61.32666288921792,0.34110378245019035,C4_SENSITIVITY_ONLY
A4_A5_train_1m,train,1m,True,169,0.0,60.929680822008,60.788294445058135,60.965027416245455,nih_exporter_c4,nih_exporter,63.40473913193378,64.65609086107253,60.929680822008,0.0,60.788294445058135,60.965027416245455,0.17673297118732023,C4_SENSITIVITY_ONLY
A4_A5_train_1m,train,1m,True,170,0.0029940119760479,61.35127682220057,59.35307464006274,63.22210123552238,nih_exporter_c4,nih_exporter,63.40473913193378,64.65609086107253,61.35502338426386,0.003746562063291492,59.35307464006274,63.22709046518799,3.874015825125255,C4_SENSITIVITY_ONLY
A4_A5_train_1m,train,1m,True,171,0.0,61.7573013377504,61.44412340779352,62.04317687302088,nih_exporter_c4,nih_exporter,63.40473913193378,64.65609086107253,61.7573013377504,0.0,61.44412340779352,62.04317687302088,0.5990534652273638,C4_SENSITIVITY_ONLY
A4_A5_train_1m,train,1m,True,172,0.0469530469530469,59.84550077782655,58.62210569503791,60.59762002829388,nih_exporter_c4,nih_exporter,63.40473913193378,64.65609086107253,59.904255554319576,0.05875477649302496,58.62210569503791,60.675862712900084,2.053757017862175,C4_SENSITIVITY_ONLY
A4_A5_train_1m,train,1m,True,173,0.0,62.88035665453548,60.81407630222803,63.91550930863615,nih_exporter_c4,nih_exporter,63.40473913193378,64.65609086107253,62.88035665453548,0.0,60.81407630222803,63.91550930863615,3.101433006408122,C4_SENSITIVITY_ONLY
A4_A5_train_1m,train,1m,True,174,0.001001001001001,58.32516331447762,56.929721423854375,58.973321124077934,nih_exporter_c4,nih_exporter,63.40473913193378,64.65609086107253,58.326415918811094,0.001252604333473073,56.929721423854375,58.97498919485703,2.0452677710026563,C4_SENSITIVITY_ONLY
A4_A5_train_1m,train,1m,True,175,0.001,61.69081845438448,61.18927482465182,61.93809084199689,nih_exporter_c4,nih_exporter,63.40473913193378,64.65609086107253,61.692069806113615,0.0012513517291381504,61.18927482465182,61.939757244705206,0.7504824200533875,C4_SENSITIVITY_ONLY
A4_A5_train_1m,train,1m,True,176,0.003003003003003,54.51897089773956,54.03475213038064,54.739807831769646,nih_exporter_c4,nih_exporter,63.40473913193378,64.65609086107253,54.522728710739976,0.003757813000419219,54.03475213038064,54.74481204410693,0.7100599137262904,C4_SENSITIVITY_ONLY
A4_A5_train_1m,train,1m,True,177,0.004,61.555594793428256,60.74637924366776,62.177923683562256,nih_exporter_c4,nih_exporter,63.40473913193378,64.65609086107253,61.56060020034481,0.005005406916552602,60.74637924366776,62.184589294395515,1.4382100507277542,C4_SENSITIVITY_ONLY
A4_A5_train_1m,train,1m,True,178,0.0,52.401380354175046,52.38560065364585,52.40822165387759,nih_exporter_c4,nih_exporter,63.40473913193378,64.65609086107253,52.401380354175046,0.0,52.38560065364585,52.40822165387759,0.022621000231737298,C4_SENSITIVITY_ONLY
A4_A5_train_1m,train,1m,True,179,0.0110220440881763,57.06944840806054,55.93708932280998,58.14021255395519,nih_exporter_c4,nih_exporter,63.40473913193378,64.65609086107253,57.08324086198892,0.013792453928381576,55.93708932280998,58.15857971807489,2.221490395264908,C4_SENSITIVITY_ONLY
A4_A5_train_1m,train,1m,True,180,0.006006006006006,62.70065330330496,61.19656239227215,63.35309774769791,nih_exporter_c4,nih_exporter,63.40473913193378,64.65609086107253,62.70816892930579,0.0075156260008313325,61.19656239227215,63.363106172372476,2.1665437801003264,C4_SENSITIVITY_ONLY
A4_A5_train_1m,train,1m,True,181,0.001001001001001,62.44748470231328,60.72360849178772,63.36237834112385,nih_exporter_c4,nih_exporter,63.40473913193378,64.65609086107253,62.448737306646755,0.001252604333473073,60.72360849178772,63.36404641190295,2.6404379201152253,C4_SENSITIVITY_ONLY
A4_A5_train_1m,train,1m,True,182,0.0019980019980019,61.75390948440783,60.77477589190766,62.3375672425725,nih_exporter_c4,nih_exporter,63.40473913193378,64.65609086107253,61.75640968766285,0.0025002032550247577,60.77477589190766,62.340896718513186,1.5661208266055269,C4_SENSITIVITY_ONLY
A4_A5_train_1m,train,1m,True,183,0.0,62.70572512778708,62.64481099167993,62.72625056220204,nih_exporter_c4,nih_exporter,63.40473913193378,64.65609086107253,62.70572512778708,0.0,62.64481099167993,62.72625056220204,0.08143957052210737,C4_SENSITIVITY_ONLY
A4_A5_train_1m,train,1m,True,184,0.0,62.64886484593067,62.49187279383139,62.77689947977362,nih_exporter_c4,nih_exporter,63.40473913193378,64.65609086107253,62.64886484593067,0.0,62.49187279383139,62.77689947977362,0.2850266859422277,C4_SENSITIVITY_ONLY
A4_A5_train_1m,train,1m,True,185,0.0,60.0940986972051,57.84669531429423,63.19606830515011,nih_exporter_c4,nih_exporter,63.40473913193378,64.65609086107253,60.0940986972051,0.0,57.84669531429423,63.19606830515011,5.349372990855883,C4_SENSITIVITY_ONLY
A4_A5_train_1m,train,1m,True,186,0.0,63.04179332968926,62.17796423168226,63.70542371407976,nih_exporter_c4,nih_exporter,63.40473913193378,64.65609086107253,63.04179332968926,0.0,62.17796423168226,63.70542371407976,1.5274594823974965,C4_SENSITIVITY_ONLY
A4_A5_train_1m,train,1m,True,187,0.0,63.855141109226,63.61093449222522,64.0183112688827,nih_exporter_c4,nih_exporter,63.40473913193378,64.65609086107253,63.855141109226,0.0,63.61093449222522,64.0183112688827,0.40737677665747896,C4_SENSITIVITY_ONLY
A4_A5_train_1m,train,1m,True,188,0.0,63.1495388242898,62.79858324262097,63.45030386023854,nih_exporter_c4,nih_exporter,63.40473913193378,64.65609086107253,63.1495388242898,0.0,62.79858324262097,63.45030386023854,0.6517206176175705,C4_SENSITIVITY_ONLY
A4_A5_train_1m,train,1m,True,189,0.002,61.37479090184995,61.10774015902591,61.56721801928165,nih_exporter_c4,nih_exporter,63.40473913193378,64.65609086107253,61.377293605308225,0.002502703458276301,61.10774015902591,61.57055082469828,0.4628106656723716,C4_SENSITIVITY_ONLY
A4_A5_train_1m,train,1m,True,190,0.0,60.716206333842656,59.8274475638216,61.33875441063015,nih_exporter_c4,nih_exporter,63.40473913193378,64.65609086107253,60.716206333842656,0.0,59.8274475638216,61.33875441063015,1.5113068468085515,C4_SENSITIVITY_ONLY
A4_A5_train_1m,train,1m,True,191,0.002002002002002,60.72788610613498,57.89023743614318,64.20515725928321,nih_exporter_c4,nih_exporter,63.40473913193378,64.65609086107253,60.73039131480193,0.002505208666946146,57.89023743614318,64.2084934008414,6.318255964698224,C4_SENSITIVITY_ONLY
A4_A5_train_1m,train,1m,True,192,0.0,59.09984992402151,56.33000328125355,62.43068572484167,nih_exporter_c4,nih_exporter,63.40473913193378,64.65609086107253,59.09984992402151,0.0,56.33000328125355,62.43068572484167,6.10068244358812,C4_SENSITIVITY_ONLY
A4_A5_train_1m,train,1m,True,193,0.0,58.35125680590839,57.94283081711117,58.528330166109264,nih_exporter_c4,nih_exporter,63.40473913193378,64.65609086107253,58.35125680590839,0.0,57.94283081711117,58.528330166109264,0.5854993489980913,C4_SENSITIVITY_ONLY
A4_A5_train_1m,train,1m,True,194,0.001001001001001,58.74158826033474,58.01648022387072,59.05589140869304,nih_exporter_c4,nih_exporter,63.40473913193378,64.65609086107253,58.74284086466821,0.001252604333473073,58.01648022387072,59.05755947947214,1.0410792556014172,C4_SENSITIVITY_ONLY
A4_A5_train_1m,train,1m,True,195,0.0089910089910089,61.54162885251749,59.64290484790693,62.86221972343221,nih_exporter_c4,nih_exporter,63.40473913193378,64.65609086107253,61.552879767165095,0.011250914647604304,59.64290484790693,62.87720236516532,3.2342975172583905,C4_SENSITIVITY_ONLY
A4_A5_train_1m,train,1m,True,196,0.0,62.42901080706015,62.09017261452189,62.60101356250909,nih_exporter_c4,nih_exporter,63.40473913193378,64.65609086107253,62.42901080706015,0.0,62.09017261452189,62.60101356250909,0.510840947987198,C4_SENSITIVITY_ONLY
A4_A5_train_1m,train,1m,True,197,0.0469530469530469,62.748378669899246,62.151925448908784,63.50959884258216,nih_exporter_c4,nih_exporter,63.40473913193378,64.65609086107253,62.80713344639227,0.05875477649302496,62.151925448908784,63.58784152718836,1.4359160782795755,C4_SENSITIVITY_ONLY
A4_A5_train_1m,train,1m,True,198,0.0,62.59551588725456,60.59424084719852,63.762621349042455,nih_exporter_c4,nih_exporter,63.40473913193378,64.65609086107253,62.59551588725456,0.0,60.59424084719852,63.762621349042455,3.1683805018439344,C4_SENSITIVITY_ONLY
A4_A5_train_1m,train,1m,True,199,0.0,59.60753072869552,59.57302700579379,59.63395177135648,nih_exporter_c4,nih_exporter,63.40473913193378,64.65609086107253,59.60753072869552,0.0,59.57302700579379,59.63395177135648,0.060924765562688776,C4_SENSITIVITY_ONLY
A4_A5_train_1m,train,1m,True,200,0.0009999999999999,62.78464082036376,61.20483674630523,63.77113427534727,nih_exporter_c4,nih_exporter,63.40473913193378,64.65609086107253,62.7858921720929,0.0012513517291381504,61.20483674630523,63.77280067805559,2.5679639317503558,C4_SENSITIVITY_ONLY
A4_A5_train_1m,train,1m,True,201,0.0,60.961913867237584,58.91371926251614,62.397707423322345,nih_exporter_c4,nih_exporter,63.40473913193378,64.65609086107253,60.961913867237584,0.0,58.91371926251614,62.397707423322345,3.4839881608062058,C4_SENSITIVITY_ONLY
A4_A5_train_1m,train,1m,True,202,0.002,58.70034290910336,57.97809727386276,59.05147440221935,nih_exporter_c4,nih_exporter,63.40473913193378,64.65609086107253,58.70284561256164,0.002502703458276301,57.97809727386276,59.05480720763598,1.0767099337732233,C4_SENSITIVITY_ONLY
A4_A5_train_1m,train,1m,True,203,0.0,64.26950835519622,64.15257788067947,64.32095601653856,nih_exporter_c4,nih_exporter,63.40473913193378,64.65609086107253,64.26950835519622,0.0,64.15257788067947,64.32095601653856,0.16837813585908634,C4_SENSITIVITY_ONLY
A4_A5_train_1m,train,1m,True,204,0.0009990009990009,59.320313837852986,58.55547180253855,60.05626494573541,nih_exporter_c4,nih_exporter,63.40473913193378,64.65609086107253,59.3215639394805,0.0012501016275123789,58.55547180253855,60.05792968370575,1.502457881167203,C4_SENSITIVITY_ONLY
A4_A5_train_1m,train,1m,True,205,0.0,59.57737450019988,56.55463583061362,64.0122638603645,nih_exporter_c4,nih_exporter,63.40473913193378,64.65609086107253,59.57737450019988,0.0,56.55463583061362,64.0122638603645,7.457628029750879,C4_SENSITIVITY_ONLY
A4_A5_train_1m,train,1m,True,206,0.0489510489510489,60.240641951570254,58.02919798041038,63.43239818025725,nih_exporter_c4,nih_exporter,63.40473913193378,64.65609086107253,60.3018969313183,0.06125497974804972,58.02919798041038,63.51397034080414,5.484772360393762,C4_SENSITIVITY_ONLY
A4_A5_train_1m,train,1m,True,207,0.0,61.25984738174034,58.64081840391795,64.22376457057354,nih_exporter_c4,nih_exporter,63.40473913193378,64.65609086107253,61.25984738174034,0.0,58.64081840391795,64.22376457057354,5.582946166655589,C4_SENSITIVITY_ONLY
A4_A5_train_1m,train,1m,True,208,0.0,62.116738469008325,61.74022872412959,62.36234581749412,nih_exporter_c4,nih_exporter,63.40473913193378,64.65609086107253,62.116738469008325,0.0,61.74022872412959,62.36234581749412,0.6221170933645368,C4_SENSITIVITY_ONLY
A4_A5_train_1m,train,1m,True,209,0.001,62.4699256172634,60.578942355625415,64.27119480048837,nih_exporter_c4,nih_exporter,63.40473913193378,64.65609086107253,62.47117696899254,0.0012513517291381504,60.578942355625415,64.27286120319668,3.6939188475712683,C4_SENSITIVITY_ONLY
A4_A5_train_1m,train,1m,True,210,0.0,62.39824138037565,60.99283334390358,64.03935370891149,nih_exporter_c4,nih_exporter,63.40473913193378,64.65609086107253,62.39824138037565,0.0,60.99283334390358,64.03935370891149,3.0465203650079147,C4_SENSITIVITY_ONLY
A4_A5_train_1m,train,1m,True,211,0.021021021021021,62.46189726373469,60.456728364493976,63.87838740884965,nih_exporter_c4,nih_exporter,63.40473913193378,64.65609086107253,62.488201954737605,0.026304691002913216,60.456728364493976,63.913416895210624,3.4566885307166473,C4_SENSITIVITY_ONLY
A4_A5_train_1m,train,1m,True,212,0.0,60.96251265368407,60.5334459513324,61.14995713298327,nih_exporter_c4,nih_exporter,63.40473913193378,64.65609086107253,60.96251265368407,0.0,60.5334459513324,61.14995713298327,0.6165111816508642,C4_SENSITIVITY_ONLY
A4_A5_train_1m,train,1m,True,213,0.0,61.05104687968401,58.87191920500575,63.16189120198743,nih_exporter_c4,nih_exporter,63.40473913193378,64.65609086107253,61.05104687968401,0.0,58.87191920500575,63.16189120198743,4.289971996981677,C4_SENSITIVITY_ONLY
A4_A5_train_1m,train,1m,True,214,0.0,60.33281059443717,60.002281290461056,60.51884325701971,nih_exporter_c4,nih_exporter,63.40473913193378,64.65609086107253,60.33281059443717,0.0,60.002281290461056,60.51884325701971,0.5165619665586547,C4_SENSITIVITY_ONLY
A4_A5_train_1m,train,1m,True,215,0.0,58.13476955164084,57.801998603603536,58.29929908125125,nih_exporter_c4,nih_exporter,63.40473913193378,64.65609086107253,58.13476955164084,0.0,57.801998603603536,58.29929908125125,0.49730047764771257,C4_SENSITIVITY_ONLY
A4_A5_train_1m,train,1m,True,216,0.0229770229770229,62.196534398151,61.15141039983563,63.159399375857845,nih_exporter_c4,nih_exporter,63.40473913193378,64.65609086107253,62.22528673558376,0.028752337432756292,61.15141039983563,63.19768834917577,2.046277949340137,C4_SENSITIVITY_ONLY
A4_A5_train_1m,train,1m,True,217,0.0,62.87898588204282,62.76543666834559,63.006229163055984,nih_exporter_c4,nih_exporter,63.40473913193378,64.65609086107253,62.87898588204282,0.0,62.76543666834559,63.006229163055984,0.24079249471039077,C4_SENSITIVITY_ONLY
A4_A5_train_1m,train,1m,True,218,0.013,62.056507435654645,61.000927770298375,62.64629702920509,nih_exporter_c4,nih_exporter,63.40473913193378,64.65609086107253,62.07277500813345,0.01626757247880306,61.000927770298375,62.66796026441318,1.6670324941148067,C4_SENSITIVITY_ONLY
A4_A5_train_1m,train,1m,True,219,0.0,59.57643827388415,58.0385938667641,60.28852728054634,nih_exporter_c4,nih_exporter,63.40473913193378,64.65609086107253,59.57643827388415,0.0,58.0385938667641,60.28852728054634,2.2499334137822373,C4_SENSITIVITY_ONLY
A4_A5_train_1m,train,1m,True,220,0.0,55.4947972363769,54.25779726336999,57.01903459424752,nih_exporter_c4,nih_exporter,63.40473913193378,64.65609086107253,55.4947972363769,0.0,54.25779726336999,57.01903459424752,2.7612373308775346,C4_SENSITIVITY_ONLY
A4_A5_train_1m,train,1m,True,221,0.0,59.852567740479074,58.65729108046303,60.89659052447259,nih_exporter_c4,nih_exporter,63.40473913193378,64.65609086107253,59.852567740479074,0.0,58.65729108046303,60.89659052447259,2.2392994440095606,C4_SENSITIVITY_ONLY
A4_A5_train_1m,train,1m,True,222,0.0009990009990009,59.48598035676336,56.22517221110568,64.32982017011182,nih_exporter_c4,nih_exporter,63.40473913193378,64.65609086107253,59.487230458390876,0.0012501016275123789,56.22517221110568,64.33148490808216,8.106312696976481,C4_SENSITIVITY_ONLY
A4_A5_train_1m,train,1m,True,223,0.0109890109890109,62.762564229069234,60.370237043186776,64.32924681064021,nih_exporter_c4,nih_exporter,63.40473913193378,64.65609086107253,62.776315346971856,0.013751117902621957,60.370237043186776,64.347558928314,3.9773218851272247,C4_SENSITIVITY_ONLY
A4_A5_train_1m,train,1m,True,224,0.0,62.30406461032693,60.258240078082686,63.70565085158397,nih_exporter_c4,nih_exporter,63.40473913193378,64.65609086107253,62.30406461032693,0.0,60.258240078082686,63.70565085158397,3.447410773501282,C4_SENSITIVITY_ONLY
A4_A5_train_1m,train,1m,True,225,0.0,61.38884469943818,60.14510770334362,62.0815240575332,nih_exporter_c4,nih_exporter,63.40473913193378,64.65609086107253,61.38884469943818,0.0,60.14510770334362,62.0815240575332,1.936416354189582,C4_SENSITIVITY_ONLY
A4_A5_train_1m,train,1m,True,226,0.0,61.87799290395863,59.97624831875657,63.612803279817896,nih_exporter_c4,nih_exporter,63.40473913193378,64.65609086107253,61.87799290395863,0.0,59.97624831875657,63.612803279817896,3.6365549610613286,C4_SENSITIVITY_ONLY
A4_A5_train_1m,train,1m,True,227,0.0029970029970029,62.5039148768298,61.61545248002964,63.29093903300229,nih_exporter_c4,nih_exporter,63.40473913193378,64.65609086107253,62.50766518171234,0.0037503048825371366,61.61545248002964,63.29593324691332,1.680480766883683,C4_SENSITIVITY_ONLY
A4_A5_train_1m,train,1m,True,228,0.003,61.15867933845495,60.52140501717037,61.56450238877992,nih_exporter_c4,nih_exporter,63.40473913193378,64.65609086107253,61.16243339364237,0.003754055187414451,60.52140501717037,61.569501596904864,1.0480965797344908,C4_SENSITIVITY_ONLY
A4_A5_train_1m,train,1m,True,229,0.0,63.05301268961941,62.166227252367406,63.385513084274336,nih_exporter_c4,nih_exporter,63.40473913193378,64.65609086107253,63.05301268961941,0.0,62.166227252367406,63.385513084274336,1.2192858319069302,C4_SENSITIVITY_ONLY
A4_A5_train_1m,train,1m,True,230,0.0,63.450284707466935,61.89763431549303,64.15531030485263,nih_exporter_c4,nih_exporter,63.40473913193378,64.65609086107253,63.450284707466935,0.0,61.89763431549303,64.15531030485263,2.257675989359605,C4_SENSITIVITY_ONLY
A4_A5_train_1m,train,1m,True,231,0.0,62.75855207312264,62.18650364821997,63.05149314940753,nih_exporter_c4,nih_exporter,63.40473913193378,64.65609086107253,62.75855207312264,0.0,62.18650364821997,63.05149314940753,0.8649895011875586,C4_SENSITIVITY_ONLY
A4_A5_train_1m,train,1m,True,232,0.0,56.47949798787334,56.05541084669327,56.71798398924072,nih_exporter_c4,nih_exporter,63.40473913193378,64.65609086107253,56.47949798787334,0.0,56.05541084669327,56.71798398924072,0.6625731425474513,C4_SENSITIVITY_ONLY
A4_A5_train_1m,train,1m,True,233,0.0,62.05497936714895,60.07753396549414,63.6687955070758,nih_exporter_c4,nih_exporter,63.40473913193378,64.65609086107253,62.05497936714895,0.0,60.07753396549414,63.6687955070758,3.591261541581659,C4_SENSITIVITY_ONLY
A4_A5_train_1m,train,1m,True,234,0.0,59.60410951793532,58.75543212769269,59.97412887532144,nih_exporter_c4,nih_exporter,63.40473913193378,64.65609086107253,59.60410951793532,0.0,58.75543212769269,59.97412887532144,1.2186967476287478,C4_SENSITIVITY_ONLY
A4_A5_train_1m,train,1m,True,235,0.014,62.61191182310765,60.32127966970963,64.28273313621621,nih_exporter_c4,nih_exporter,63.40473913193378,64.65609086107253,62.62943074731559,0.01751892420794121,60.32127966970963,64.30606277413261,3.9847831044229807,C4_SENSITIVITY_ONLY
A4_A5_train_1m,train,1m,True,236,0.0,58.15301994702045,57.60580722071494,58.4872286175899,nih_exporter_c4,nih_exporter,63.40473913193378,64.65609086107253,58.15301994702045,0.0,57.60580722071494,58.4872286175899,0.8814213968749627,C4_SENSITIVITY_ONLY
A4_A5_train_1m,train,1m,True,237,0.0,63.360326978731855,62.855570563055885,63.666464841502766,nih_exporter_c4,nih_exporter,63.40473913193378,64.65609086107253,63.360326978731855,0.0,62.855570563055885,63.666464841502766,0.8108942784468809,C4_SENSITIVITY_ONLY
A4_A5_train_1m,train,1m,True,238,0.0,63.0983764729884,60.92931923160852,64.05953512469988,nih_exporter_c4,nih_exporter,63.40473913193378,64.65609086107253,63.0983764729884,0.0,60.92931923160852,64.05953512469988,3.1302158930913606,C4_SENSITIVITY_ONLY
A4_A5_train_1m,train,1m,True,239,0.0,63.020551103860576,61.748854443985465,63.699638662492056,nih_exporter_c4,nih_exporter,63.40473913193378,64.65609086107253,63.020551103860576,0.0,61.748854443985465,63.699638662492056,1.9507842185065911,C4_SENSITIVITY_ONLY
A4_A5_train_1m,train,1m,True,240,0.0009999999999999,63.94355002370883,63.29045451039146,64.2874719878919,nih_exporter_c4,nih_exporter,63.40473913193378,64.65609086107253,63.94480137543797,0.0012513517291381504,63.29045451039146,64.28913839060021,0.9986838802087519,C4_SENSITIVITY_ONLY
A4_A5_train_1m,train,1m,True,241,0.0,53.67395534207797,53.37693754620273,53.83833906389247,nih_exporter_c4,nih_exporter,63.40473913193378,64.65609086107253,53.67395534207797,0.0,53.37693754620273,53.83833906389247,0.4614015176897368,C4_SENSITIVITY_ONLY
A4_A5_train_1m,train,1m,True,242,0.022,62.17832172721127,59.25978453470526,64.24851727675522,nih_exporter_c4,nih_exporter,63.40473913193378,64.65609086107253,62.20585146525232,0.02752973804105352,59.25978453470526,64.28517813633816,5.025393601632899,C4_SENSITIVITY_ONLY
A4_A5_train_1m,train,1m,True,243,0.001001001001001,62.38529463052183,60.89483032034511,63.82159707591053,nih_exporter_c4,nih_exporter,63.40473913193378,64.65609086107253,62.3865472348553,0.001252604333473073,60.89483032034511,63.82326514668963,2.928434826344521,C4_SENSITIVITY_ONLY
A4_A5_train_1m,train,1m,True,244,0.0,62.35128077963698,61.11790828216683,63.08305018889018,nih_exporter_c4,nih_exporter,63.40473913193378,64.65609086107253,62.35128077963698,0.0,61.11790828216683,63.08305018889018,1.9651419067233462,C4_SENSITIVITY_ONLY
A4_A5_train_1m,train,1m,True,245,0.0,63.44665210625619,63.09322601521476,63.93920813642233,nih_exporter_c4,nih_exporter,63.40473913193378,64.65609086107253,63.44665210625619,0.0,63.09322601521476,63.93920813642233,0.8459821212075695,C4_SENSITIVITY_ONLY
A4_A5_train_1m,train,1m,True,246,0.0,61.282203297281775,60.48421672162882,62.22209664160244,nih_exporter_c4,nih_exporter,63.40473913193378,64.65609086107253,61.282203297281775,0.0,60.48421672162882,62.22209664160244,1.7378799199736221,C4_SENSITIVITY_ONLY
A4_A5_train_1m,train,1m,True,247,0.0,57.7142312643282,56.967877292487714,58.57217772588881,nih_exporter_c4,nih_exporter,63.40473913193378,64.65609086107253,57.7142312643282,0.0,56.967877292487714,58.57217772588881,1.604300433401093,C4_SENSITIVITY_ONLY
A4_A5_train_1m,train,1m,True,248,0.009,58.08800500718405,57.681868483752766,58.4175290053234,nih_exporter_c4,nih_exporter,63.40473913193378,64.65609086107253,58.0992671727463,0.011262165562250459,57.681868483752766,58.43252662969824,0.7506581459454722,C4_SENSITIVITY_ONLY
A4_A5_train_1m,train,1m,True,249,0.0319680319680319,61.79687344180689,61.41266003192554,62.09081716139683,nih_exporter_c4,nih_exporter,63.40473913193378,64.65609086107253,61.83687669388725,0.040003252080360596,61.41266003192554,62.14408877644786,0.7314287445223187,C4_SENSITIVITY_ONLY
A4_A5_train_1m,train,1m,True,250,0.0,63.63552578305148,62.92765867012669,63.86844421196468,nih_exporter_c4,nih_exporter,63.40473913193378,64.65609086107253,63.63552578305148,0.0,62.92765867012669,63.86844421196468,0.9407855418379896,C4_SENSITIVITY_ONLY
A4_A5_train_1m,train,1m,True,251,0.0,61.302078844653785,59.04942825055558,64.3205627420968,nih_exporter_c4,nih_exporter,63.40473913193378,64.65609086107253,61.302078844653785,0.0,59.04942825055558,64.3205627420968,5.271134491541218,C4_SENSITIVITY_ONLY
A4_A5_train_1m,train,1m,True,252,0.001001001001001,59.75016498436548,58.28774857371207,61.27972925259881,nih_exporter_c4,nih_exporter,63.40473913193378,64.65609086107253,59.751417588698956,0.001252604333473073,58.28774857371207,61.28139732337791,2.9936487496658373,C4_SENSITIVITY_ONLY
A4_A5_train_1m,train,1m,True,253,0.004,61.27406880706997,60.87423595236927,61.46189712026662,nih_exporter_c4,nih_exporter,63.40473913193378,64.65609086107253,61.279074213986526,0.005005406916552602,60.87423595236927,61.46856273109988,0.5943267787306112,C4_SENSITIVITY_ONLY
A4_A5_train_1m,train,1m,True,254,0.0,63.25529876527042,61.46275083362824,64.04682196503906,nih_exporter_c4,nih_exporter,63.40473913193378,64.65609086107253,63.25529876527042,0.0,61.46275083362824,64.04682196503906,2.5840711314108162,C4_SENSITIVITY_ONLY
A4_A5_train_1m,train,1m,True,255,0.0,62.38660744734717,61.05301761652314,62.96478620910807,nih_exporter_c4,nih_exporter,63.40473913193378,64.65609086107253,62.38660744734717,0.0,61.05301761652314,62.96478620910807,1.9117685925849273,C4_SENSITIVITY_ONLY
A4_A5_train_1m,train,1m,True,256,0.0489999999999999,60.37049873434879,59.18612340586063,61.23466600529152,nih_exporter_c4,nih_exporter,63.40473913193378,64.65609086107253,60.43181496907659,0.06131623472779779,59.18612340586063,61.31631973799896,2.1301963321383326,C4_SENSITIVITY_ONLY
A4_A5_train_1m,train,1m,True,257,0.0219560878243512,55.95398144279242,55.617008277885205,56.17942147192553,nih_exporter_c4,nih_exporter,63.40473913193378,64.65609086107253,55.981456231256544,0.027474788464125766,55.617008277885205,56.21600915614003,0.5990008782548273,C4_SENSITIVITY_ONLY
A4_A5_train_1m,train,1m,True,258,0.0,61.9866771938524,61.69651973596426,62.14182810827282,nih_exporter_c4,nih_exporter,63.40473913193378,64.65609086107253,61.9866771938524,0.0,61.69651973596426,62.14182810827282,0.4453083723085598,C4_SENSITIVITY_ONLY
A4_A5_train_1m,train,1m,True,259,0.0,62.2721309790823,60.04948579386114,64.18532763821834,nih_exporter_c4,nih_exporter,63.40473913193378,64.65609086107253,62.2721309790823,0.0,60.04948579386114,64.18532763821834,4.135841844357202,C4_SENSITIVITY_ONLY
A4_A5_train_1m,train,1m,True,260,0.0,62.98989601469292,62.98989601469292,62.98989601469292,nih_exporter_c4,nih_exporter,63.40473913193378,64.65609086107253,62.98989601469292,0.0,62.98989601469292,62.98989601469292,0.0,C4_SENSITIVITY_ONLY
A4_A5_train_1m,train,1m,True,261,0.0,62.020388242462296,59.798892992288046,63.571400980643375,nih_exporter_c4,nih_exporter,63.40473913193378,64.65609086107253,62.020388242462296,0.0,59.798892992288046,63.571400980643375,3.772507988355329,C4_SENSITIVITY_ONLY
A4_A5_train_1m,train,1m,True,262,0.012,61.78112365486477,60.221450458988144,63.18946039586783,nih_exporter_c4,nih_exporter,63.40473913193378,64.65609086107253,61.796139875614436,0.01501622074966491,60.221450458988144,63.20945722836761,2.988006769379467,C4_SENSITIVITY_ONLY
A4_A5_train_1m,train,1m,True,263,0.0,60.32398229767836,59.9764636241584,60.47413593286316,nih_exporter_c4,nih_exporter,63.40473913193378,64.65609086107253,60.32398229767836,0.0,59.9764636241584,60.47413593286316,0.49767230870476453,C4_SENSITIVITY_ONLY
A4_A5_train_1m,train,1m,True,264,0.0,61.209334099869736,59.00026469829567,63.13416790277159,nih_exporter_c4,nih_exporter,63.40473913193378,64.65609086107253,61.209334099869736,0.0,59.00026469829567,63.13416790277159,4.133903204475914,C4_SENSITIVITY_ONLY
A4_A5_train_1m,train,1m,True,265,0.0,55.7975024650744,55.77852583101822,55.80947264172296,nih_exporter_c4,nih_exporter,63.40473913193378,64.65609086107253,55.7975024650744,0.0,55.77852583101822,55.80947264172296,0.030946810704740813,C4_SENSITIVITY_ONLY
A4_A5_train_1m,train,1m,True,266,0.0,60.6088287413926,58.60592678116558,63.59340435675684,nih_exporter_c4,nih_exporter,63.40473913193378,64.65609086107253,60.6088287413926,0.0,58.60592678116558,63.59340435675684,4.987477575591264,C4_SENSITIVITY_ONLY
A4_A5_train_1m,train,1m,True,267,0.0,63.821628208297454,62.738509563973366,64.29121501987991,nih_exporter_c4,nih_exporter,63.40473913193378,64.65609086107253,63.821628208297454,0.0,62.738509563973366,64.29121501987991,1.5527054559065476,C4_SENSITIVITY_ONLY
A4_A5_train_1m,train,1m,True,268,0.0,63.07436019048689,62.201614979172064,63.81843409387742,nih_exporter_c4,nih_exporter,63.40473913193378,64.65609086107253,63.07436019048689,0.0,62.201614979172064,63.81843409387742,1.6168191147053577,C4_SENSITIVITY_ONLY
A4_A5_train_1m,train,1m,True,269,0.0,63.95294866470883,63.20995094613687,64.25808049479633,nih_exporter_c4,nih_exporter,63.40473913193378,64.65609086107253,63.95294866470883,0.0,63.20995094613687,64.25808049479633,1.0481295486594604,C4_SENSITIVITY_ONLY
A4_A5_train_1m,train,1m,True,270,0.0,62.092505395186,60.50050625755321,63.644502620607184,nih_exporter_c4,nih_exporter,63.40473913193378,64.65609086107253,62.092505395186,0.0,60.50050625755321,63.644502620607184,3.1439963630539722,C4_SENSITIVITY_ONLY
A4_A5_train_1m,train,1m,True,271,0.0,61.76339877742042,61.33749713129938,61.97998046772478,nih_exporter_c4,nih_exporter,63.40473913193378,64.65609086107253,61.76339877742042,0.0,61.33749713129938,61.97998046772478,0.6424833364253999,C4_SENSITIVITY_ONLY
A4_A5_train_1m,train,1m,True,272,0.0,60.94610336024787,58.848033836363385,62.37994086592763,nih_exporter_c4,nih_exporter,63.40473913193378,64.65609086107253,60.94610336024787,0.0,58.848033836363385,62.37994086592763,3.5319070295642447,C4_SENSITIVITY_ONLY
A4_A5_train_1m,train,1m,True,273,0.0,62.55240188972859,61.21368089341972,63.16465849960368,nih_exporter_c4,nih_exporter,63.40473913193378,64.65609086107253,62.55240188972859,0.0,61.21368089341972,63.16465849960368,1.9509776061839617,C4_SENSITIVITY_ONLY
A4_A5_train_1m,train,1m,True,274,0.002,60.9757541970114,58.62153068352456,64.20932540788765,nih_exporter_c4,nih_exporter,63.40473913193378,64.65609086107253,60.978256900469674,0.002502703458276301,58.62153068352456,64.21265821330428,5.591127529779719,C4_SENSITIVITY_ONLY
A4_A5_train_1m,train,1m,True,275,0.018018018018018,63.953243780637486,63.83890856613881,64.03319103059158,nih_exporter_c4,nih_exporter,63.40473913193378,64.65609086107253,63.97579065863999,0.022546878002501103,63.83890856613881,64.06321630461528,0.2243077384764689,C4_SENSITIVITY_ONLY
A4_A5_train_1m,train,1m,True,276,0.0,61.33419088390556,61.28393385699409,61.40988291871231,nih_exporter_c4,nih_exporter,63.40473913193378,64.65609086107253,61.33419088390556,0.0,61.28393385699409,61.40988291871231,0.12594906171822373,C4_SENSITIVITY_ONLY
A4_A5_train_1m,train,1m,True,277,0.0,64.03463985768406,63.53529653412019,64.31032703478691,nih_exporter_c4,nih_exporter,63.40473913193378,64.65609086107253,64.03463985768406,0.0,63.53529653412019,64.31032703478691,0.7750305006667162,C4_SENSITIVITY_ONLY
A4_A5_train_1m,train,1m,True,278,0.0,61.25057690281533,61.25057690281533,61.25057690281533,nih_exporter_c4,nih_exporter,63.40473913193378,64.65609086107253,61.25057690281533,0.0,61.25057690281533,61.25057690281533,0.0,C4_SENSITIVITY_ONLY
A4_A5_train_1m,train,1m,True,279,0.0,63.67520251735344,63.41569632442343,63.80011205007498,nih_exporter_c4,nih_exporter,63.40473913193378,64.65609086107253,63.67520251735344,0.0,63.41569632442343,63.80011205007498,0.38441572565155013,C4_SENSITIVITY_ONLY
A4_A5_train_1m,train,1m,True,280,0.0,63.63252850260955,62.462768559055874,64.33570995356357,nih_exporter_c4,nih_exporter,63.40473913193378,64.65609086107253,63.63252850260955,0.0,62.462768559055874,64.33570995356357,1.8729413945076914,C4_SENSITIVITY_ONLY
A4_A5_train_1m,train,1m,True,281,0.004,62.14267028967737,61.17488932516823,62.741064523640496,nih_exporter_c4,nih_exporter,63.40473913193378,64.65609086107253,62.14767569659392,0.005005406916552602,61.17488932516823,62.747730134473755,1.572840809305525,C4_SENSITIVITY_ONLY
A4_A5_train_1m,train,1m,True,282,0.0,60.57440676904886,58.64943673380035,62.286737329233446,nih_exporter_c4,nih_exporter,63.40473913193378,64.65609086107253,60.57440676904886,0.0,58.64943673380035,62.286737329233446,3.6373005954330964,C4_SENSITIVITY_ONLY
A4_A5_train_1m,train,1m,True,283,0.0,61.73317457529129,61.522672492873575,61.83536359835481,nih_exporter_c4,nih_exporter,63.40473913193378,64.65609086107253,61.73317457529129,0.0,61.522672492873575,61.83536359835481,0.31269110548123535,C4_SENSITIVITY_ONLY
A4_A5_train_1m,train,1m,True,284,0.0029940119760479,57.96366564148749,55.43318170363428,61.15383364923654,nih_exporter_c4,nih_exporter,63.40473913193378,64.65609086107253,57.96741220355078,0.003746562063291492,55.43318170363428,61.15882287890215,5.725641175267867,C4_SENSITIVITY_ONLY
A4_A5_train_1m,train,1m,True,285,0.0,62.63143116844674,62.37425771686701,62.78273171362596,nih_exporter_c4,nih_exporter,63.40473913193378,64.65609086107253,62.63143116844674,0.0,62.37425771686701,62.78273171362596,0.4084739967589499,C4_SENSITIVITY_ONLY
A4_A5_train_1m,train,1m,True,286,0.0209790209790209,62.22392578126682,60.015603695237296,63.36463114614634,nih_exporter_c4,nih_exporter,63.40473913193378,64.65609086107253,62.25017791544456,0.02625213417773864,60.015603695237296,63.399590643523574,3.383986948286278,C4_SENSITIVITY_ONLY
A4_A5_train_1m,train,1m,True,287,0.0,60.586055466192605,57.79424250044667,64.0861889565521,nih_exporter_c4,nih_exporter,63.40473913193378,64.65609086107253,60.586055466192605,0.0,57.79424250044667,64.0861889565521,6.2919464561054355,C4_SENSITIVITY_ONLY
A4_A5_train_1m,train,1m,True,288,0.0579420579420579,62.23679823041971,60.18527775551844,63.66413271275974,nih_exporter_c4,nih_exporter,63.40473913193378,64.65609086107253,62.30930412481536,0.07250589439565402,60.18527775551844,63.760687515039734,3.5754097595212926,C4_SENSITIVITY_ONLY
A4_A5_train_1m,train,1m,True,289,0.0009990009990009,60.46277062519262,58.44609955731583,62.06229818143307,nih_exporter_c4,nih_exporter,63.40473913193378,64.65609086107253,60.46402072682013,0.0012501016275123789,58.44609955731583,62.063962919403416,3.617863362087583,C4_SENSITIVITY_ONLY
A4_A5_train_1m,train,1m,True,290,0.0,63.205054140112914,61.06195333875065,64.16144726450263,nih_exporter_c4,nih_exporter,63.40473913193378,64.65609086107253,63.205054140112914,0.0,61.06195333875065,64.16144726450263,3.099493925751979,C4_SENSITIVITY_ONLY
A4_A5_train_1m,train,1m,True,291,0.0029970029970029,64.29848349366875,64.27815087746598,64.3090479596402,nih_exporter_c4,nih_exporter,63.40473913193378,64.65609086107253,64.30223379855128,0.003750304882530031,64.27815087746598,64.31404217355123,0.03589129608525354,C4_SENSITIVITY_ONLY
A4_A5_train_1m,train,1m,True,292,0.04,52.229855924898295,52.11120402473981,52.28116539271255,nih_exporter_c4,nih_exporter,63.40473913193378,64.65609086107253,52.27990999406384,0.05005406916554733,52.11120402473981,52.34782150104515,0.2366174763053408,C4_SENSITIVITY_ONLY
A4_A5_train_1m,train,1m,True,293,0.004004004004004,62.98219966029727,61.76264571470178,63.78462128834261,nih_exporter_c4,nih_exporter,63.40473913193378,64.65609086107253,62.98721007763116,0.005010417333892292,61.76264571470178,63.79129357145899,2.0286478567572104,C4_SENSITIVITY_ONLY
A4_A5_train_1m,train,1m,True,294,0.0,63.36425909209834,61.123573207944425,64.33570995356357,nih_exporter_c4,nih_exporter,63.40473913193378,64.65609086107253,63.36425909209834,0.0,61.123573207944425,64.33570995356357,3.2121367456191408,C4_SENSITIVITY_ONLY
A4_A5_train_1m,train,1m,True,295,0.0339660339660339,61.2613392049813,60.56191265123015,61.63029314790442,nih_exporter_c4,nih_exporter,63.40473913193378,64.65609086107253,61.30384266031668,0.042503455335385354,60.56191265123015,61.68689423889614,1.1249815876659852,C4_SENSITIVITY_ONLY
A4_A5_train_1m,train,1m,True,296,0.0,63.18092644017055,61.19626333362655,64.19559701873084,nih_exporter_c4,nih_exporter,63.40473913193378,64.65609086107253,63.18092644017055,0.0,61.19626333362655,64.19559701873084,2.9993336851042898,C4_SENSITIVITY_ONLY
A4_A5_train_1m,train,1m,True,297,0.0,61.1018002172123,58.40703253047597,63.43475154213407,nih_exporter_c4,nih_exporter,63.40473913193378,64.65609086107253,61.1018002172123,0.0,58.40703253047597,63.43475154213407,5.0277190116581,C4_SENSITIVITY_ONLY
A4_A5_train_1m,train,1m,True,298,0.003003003003003,55.28993935505024,54.35560960841037,55.902990575588255,nih_exporter_c4,nih_exporter,63.40473913193378,64.65609086107253,55.293697168050656,0.003757813000419219,54.35560960841037,55.90799478792554,1.55238517951517,C4_SENSITIVITY_ONLY
A4_A5_train_1m,train,1m,True,299,0.014,56.09802734866248,54.971844567972525,56.87153962253167,nih_exporter_c4,nih_exporter,63.40473913193378,64.65609086107253,56.11554627287042,0.01751892420794121,54.971844567972525,56.89486926044808,1.9230246924755576,C4_SENSITIVITY_ONLY
A4_A5_train_1m,train,1m,True,300,0.0,63.7904852882287,63.59367582027279,63.87960022179245,nih_exporter_c4,nih_exporter,63.40473913193378,64.65609086107253,63.7904852882287,0.0,63.59367582027279,63.87960022179245,0.28592440151965803,C4_SENSITIVITY_ONLY
A4_A5_train_1m,train,1m,True,301,0.0,59.16947313408952,58.6041908163292,59.67044263831211,nih_exporter_c4,nih_exporter,63.40473913193378,64.65609086107253,59.16947313408952,0.0,58.6041908163292,59.67044263831211,1.0662518219829096,C4_SENSITIVITY_ONLY
A4_A5_train_1m,train,1m,True,302,0.0,60.08628370764732,59.38824313576939,60.60646717377899,nih_exporter_c4,nih_exporter,63.40473913193378,64.65609086107253,60.08628370764732,0.0,59.38824313576939,60.60646717377899,1.2182240380095948,C4_SENSITIVITY_ONLY
A4_A5_train_1m,train,1m,True,303,0.047047047047047,63.05257010029696,62.34247713955556,63.97939416830906,nih_exporter_c4,nih_exporter,63.40473913193378,64.65609086107253,63.11144250397015,0.0588724036731918,62.34247713955556,64.05779349492649,1.7153163553709234,C4_SENSITIVITY_ONLY
A4_A5_train_1m,train,1m,True,304,0.001001001001001,61.54481908778346,59.169333268698736,63.72886906417572,nih_exporter_c4,nih_exporter,63.40473913193378,64.65609086107253,61.54607169211693,0.001252604333473073,59.169333268698736,63.730537134954815,4.561203866256079,C4_SENSITIVITY_ONLY
A4_A5_train_1m,train,1m,True,305,0.0,60.24851635786427,58.806402410253554,62.509624915109846,nih_exporter_c4,nih_exporter,63.40473913193378,64.65609086107253,60.24851635786427,0.0,58.806402410253554,62.509624915109846,3.703222504856292,C4_SENSITIVITY_ONLY
A4_A5_train_1m,train,1m,True,306,0.0090180360721442,61.42424564400584,60.81940813341656,61.79412825823246,nih_exporter_c4,nih_exporter,63.40473913193378,64.65609086107253,61.435530379038156,0.011284735032312199,60.81940813341656,61.809155937966764,0.9897478045502055,C4_SENSITIVITY_ONLY
A4_A5_train_1m,train,1m,True,307,0.008,63.31669072047317,62.41927478245356,63.70672638964274,nih_exporter_c4,nih_exporter,63.40473913193378,64.65609086107253,63.32670153430628,0.010010813833112309,62.41927478245356,63.72005761130926,1.300782828855695,C4_SENSITIVITY_ONLY
A4_A5_train_1m,train,1m,True,308,0.006006006006006,62.31800694198257,61.0969071284705,62.97581116192856,nih_exporter_c4,nih_exporter,63.40473913193378,64.65609086107253,62.3255225679834,0.0075156260008313325,61.0969071284705,62.98581958660313,1.88891245813263,C4_SENSITIVITY_ONLY
A4_A5_train_1m,train,1m,True,309,0.0,59.02221097343687,58.99100037735063,59.04928511668646,nih_exporter_c4,nih_exporter,63.40473913193378,64.65609086107253,59.02221097343687,0.0,58.99100037735063,59.04928511668646,0.058284739335832114,C4_SENSITIVITY_ONLY
A4_A5_train_1m,train,1m,True,310,0.0,60.26610977874783,59.85727495512701,60.44336038955953,nih_exporter_c4,nih_exporter,63.40473913193378,64.65609086107253,60.26610977874783,0.0,59.85727495512701,60.44336038955953,0.586085434432519,C4_SENSITIVITY_ONLY
A4_A5_train_1m,train,1m,True,311,0.0009999999999999,61.795924249371744,60.225971907508544,62.82437120454617,nih_exporter_c4,nih_exporter,63.40473913193378,64.65609086107253,61.79717560110088,0.0012513517291381504,60.225971907508544,62.826037607254484,2.60006569974594,C4_SENSITIVITY_ONLY
A4_A5_train_1m,train,1m,True,312,0.002002002002002,63.48710717298143,62.861630800169095,64.10792314965452,nih_exporter_c4,nih_exporter,63.40473913193378,64.65609086107253,63.48961238164838,0.002505208666946146,62.861630800169095,64.11125929121272,1.249628491043623,C4_SENSITIVITY_ONLY
A4_A5_train_1m,train,1m,True,313,0.002,62.00389424892421,61.949643646636346,62.02727891943167,nih_exporter_c4,nih_exporter,63.40473913193378,64.65609086107253,62.00639695238249,0.002502703458276301,61.949643646636346,62.030611724848306,0.08096807821195995,C4_SENSITIVITY_ONLY
A4_A5_train_1m,train,1m,True,314,0.0,60.98593949924401,58.31424827387788,63.037522993850615,nih_exporter_c4,nih_exporter,63.40473913193378,64.65609086107253,60.98593949924401,0.0,58.31424827387788,63.037522993850615,4.723274719972736,C4_SENSITIVITY_ONLY
A4_A5_train_1m,train,1m,True,315,0.0,62.89171590240248,60.97938716562853,63.67896759657201,nih_exporter_c4,nih_exporter,63.40473913193378,64.65609086107253,62.89171590240248,0.0,60.97938716562853,63.67896759657201,2.6995804309434774,C4_SENSITIVITY_ONLY
A4_A5_train_1m,train,1m,True,316,0.019019019019019,60.36395454541267,59.93836214035495,60.73990900870607,nih_exporter_c4,nih_exporter,63.40473913193378,64.65609086107253,60.38775402774864,0.023799482335974176,59.93836214035495,60.77160235350886,0.833240213153914,C4_SENSITIVITY_ONLY
A4_A5_train_1m,train,1m,True,317,0.023023023023023,63.12850157867554,61.95474137238244,64.33570995356357,nih_exporter_c4,nih_exporter,63.40473913193378,64.65609086107253,63.1573114783454,0.028809899669859362,61.95474137238244,64.37407558148273,2.4193342091002847,C4_SENSITIVITY_ONLY
A4_A5_train_1m,train,1m,True,318,0.0,63.53456583607913,63.0273766478869,63.678447376324335,nih_exporter_c4,nih_exporter,63.40473913193378,64.65609086107253,63.53456583607913,0.0,63.0273766478869,63.678447376324335,0.651070728437432,C4_SENSITIVITY_ONLY
A4_A5_train_1m,train,1m,True,319,0.0,59.178393668153,57.884628542656486,59.75430859916061,nih_exporter_c4,nih_exporter,63.40473913193378,64.65609086107253,59.178393668153,0.0,57.884628542656486,59.75430859916061,1.869680056504123,C4_SENSITIVITY_ONLY
A4_A5_train_1m,train,1m,True,320,0.0,63.00298283174081,62.16304106883568,63.40432137341798,nih_exporter_c4,nih_exporter,63.40473913193378,64.65609086107253,63.00298283174081,0.0,62.16304106883568,63.40432137341798,1.2412803045822969,C4_SENSITIVITY_ONLY
A4_A5_train_1m,train,1m,True,321,0.04004004004004,62.84194329132941,62.04242221896009,63.5793927709894,nih_exporter_c4,nih_exporter,63.40473913193378,64.65609086107253,62.892047464668295,0.05010417333888739,62.04242221896009,63.646115602153166,1.6036933831930753,C4_SENSITIVITY_ONLY
A4_A5_train_1m,train,1m,True,322,0.0,55.77619324460307,54.338916065420605,57.00251344338626,nih_exporter_c4,nih_exporter,63.40473913193378,64.65609086107253,55.77619324460307,0.0,54.338916065420605,57.00251344338626,2.663597377965658,C4_SENSITIVITY_ONLY
A4_A5_train_1m,train,1m,True,323,0.0,61.401929172658086,59.471228624953305,63.67783129669124,nih_exporter_c4,nih_exporter,63.40473913193378,64.65609086107253,61.401929172658086,0.0,59.471228624953305,63.67783129669124,4.206602671737933,C4_SENSITIVITY_ONLY
A4_A5_train_1m,train,1m,True,324,0.0009990009990009,59.726395805559335,59.32492918609127,59.84492107660464,nih_exporter_c4,nih_exporter,63.40473913193378,64.65609086107253,59.72764590718685,0.0012501016275123789,59.32492918609127,59.846585814574986,0.5216566284837185,C4_SENSITIVITY_ONLY
A4_A5_train_1m,train,1m,True,325,0.0,61.79400511754312,60.98452381626803,62.29528918970859,nih_exporter_c4,nih_exporter,63.40473913193378,64.65609086107253,61.79400511754312,0.0,60.98452381626803,62.29528918970859,1.3107653734405602,C4_SENSITIVITY_ONLY
A4_A5_train_1m,train,1m,True,326,0.001,61.60564954270023,61.16226539206361,62.03934522845551,nih_exporter_c4,nih_exporter,63.40473913193378,64.65609086107253,61.606900894429366,0.0012513517291381504,61.16226539206361,62.041011631163826,0.8787462391002165,C4_SENSITIVITY_ONLY
A4_A5_train_1m,train,1m,True,327,0.0,61.840991983499,59.81878495638784,63.45520624012229,nih_exporter_c4,nih_exporter,63.40473913193378,64.65609086107253,61.840991983499,0.0,59.81878495638784,63.45520624012229,3.6364212837344496,C4_SENSITIVITY_ONLY
A4_A5_train_1m,train,1m,True,328,0.0,59.231387295747005,56.03252048079162,64.33239650105521,nih_exporter_c4,nih_exporter,63.40473913193378,64.65609086107253,59.231387295747005,0.0,56.03252048079162,64.33239650105521,8.299876020263596,C4_SENSITIVITY_ONLY
A4_A5_train_1m,train,1m,True,329,0.043,62.789328708597466,62.60669980703522,62.91239661898256,nih_exporter_c4,nih_exporter,63.40473913193378,64.65609086107253,62.843136832950435,0.05380812435296889,62.60669980703522,62.98405193544011,0.37735212840488686,C4_SENSITIVITY_ONLY
A4_A5_train_1m,train,1m,True,330,0.0,62.812858640455616,61.84858052494471,63.754294205044886,nih_exporter_c4,nih_exporter,63.40473913193378,64.65609086107253,62.812858640455616,0.0,61.84858052494471,63.754294205044886,1.9057136801001775,C4_SENSITIVITY_ONLY
A4_A5_train_1m,train,1m,True,331,0.0,60.91137422523731,57.85318155259471,63.66034553627812,nih_exporter_c4,nih_exporter,63.40473913193378,64.65609086107253,60.91137422523731,0.0,57.85318155259471,63.66034553627812,5.8071639836834095,C4_SENSITIVITY_ONLY
A4_A5_train_1m,train,1m,True,332,0.0,60.69876429221311,58.44053608049802,63.50226391042316,nih_exporter_c4,nih_exporter,63.40473913193378,64.65609086107253,60.69876429221311,0.0,58.44053608049802,63.50226391042316,5.06172782992514,C4_SENSITIVITY_ONLY
A4_A5_train_1m,train,1m,True,333,0.007007007007007,63.31519531983899,61.49314815644028,64.16876242992805,nih_exporter_c4,nih_exporter,63.40473913193378,64.65609086107253,63.323963550173296,0.008768230334304405,61.49314815644028,64.18043892538171,2.6872907689414305,C4_SENSITIVITY_ONLY
A4_A5_train_1m,train,1m,True,334,0.0,62.22062729217869,61.44484835840816,62.55470185018261,nih_exporter_c4,nih_exporter,63.40473913193378,64.65609086107253,62.22062729217869,0.0,61.44484835840816,62.55470185018261,1.1098534917744516,C4_SENSITIVITY_ONLY
A4_A5_train_1m,train,1m,True,335,0.0,59.63534526479658,56.60405073388832,64.05383395306515,nih_exporter_c4,nih_exporter,63.40473913193378,64.65609086107253,59.63534526479658,0.0,56.60405073388832,64.05383395306515,7.44978321917683,C4_SENSITIVITY_ONLY
A4_A5_train_1m,train,1m,True,336,0.006,60.8237549014092,59.080204865281054,61.62902139882011,nih_exporter_c4,nih_exporter,63.40473913193378,64.65609086107253,60.83126301178404,0.007508110374836008,59.080204865281054,61.63901981507,2.558814949788946,C4_SENSITIVITY_ONLY
A4_A5_train_1m,train,1m,True,337,0.026,63.97558334436721,63.87722127435892,64.01660837737991,nih_exporter_c4,nih_exporter,63.40473913193378,64.65609086107253,64.00811848932481,0.03253514495760612,63.87722127435892,64.0599348477961,0.18271357343718364,C4_SENSITIVITY_ONLY
A4_A5_train_1m,train,1m,True,338,0.0,59.6915052513856,57.666859210769786,62.338856572974194,nih_exporter_c4,nih_exporter,63.40473913193378,64.65609086107253,59.6915052513856,0.0,57.666859210769786,62.338856572974194,4.671997362204408,C4_SENSITIVITY_ONLY
A4_A5_train_1m,train,1m,True,339,0.0,62.798977173061495,61.43693788805932,63.45329351025006,nih_exporter_c4,nih_exporter,63.40473913193378,64.65609086107253,62.798977173061495,0.0,61.43693788805932,63.45329351025006,2.016355622190744,C4_SENSITIVITY_ONLY
A4_A5_train_1m,train,1m,True,340,0.002,62.686987945631365,60.652460083928815,64.22557698049428,nih_exporter_c4,nih_exporter,63.40473913193378,64.65609086107253,62.68949064908964,0.002502703458276301,60.652460083928815,64.22890978591091,3.5764497019820993,C4_SENSITIVITY_ONLY
A4_A5_train_1m,train,1m,True,341,0.01001001001001,59.053553116146766,56.33869725834931,62.902086111184815,nih_exporter_c4,nih_exporter,63.40473913193378,64.65609086107253,59.06607915948149,0.012526043334723624,56.33869725834931,62.918766818975755,6.580069560626441,C4_SENSITIVITY_ONLY
A4_A5_train_1m,train,1m,True,342,0.001001001001001,63.4274381028098,62.54888167571897,64.29795032251953,nih_exporter_c4,nih_exporter,63.40473913193378,64.65609086107253,63.428690707143275,0.001252604333473073,62.54888167571897,64.29961839329862,1.7507367175796489,C4_SENSITIVITY_ONLY
A4_A5_train_1m,train,1m,True,343,0.0,57.809485693412256,56.20036226866189,59.46231121231243,nih_exporter_c4,nih_exporter,63.40473913193378,64.65609086107253,57.809485693412256,0.0,56.20036226866189,59.46231121231243,3.2619489436505376,C4_SENSITIVITY_ONLY
A4_A5_train_1m,train,1m,True,344,0.0,54.35554172835515,54.24539964797757,54.39724954428867,nih_exporter_c4,nih_exporter,63.40473913193378,64.65609086107253,54.35554172835515,0.0,54.24539964797757,54.39724954428867,0.15184989631109858,C4_SENSITIVITY_ONLY
A4_A5_train_1m,train,1m,True,345,0.0,61.21545346372452,59.78279750699009,62.544288849964346,nih_exporter_c4,nih_exporter,63.40473913193378,64.65609086107253,61.21545346372452,0.0,59.78279750699009,62.544288849964346,2.761491342974253,C4_SENSITIVITY_ONLY
A4_A5_train_1m,train,1m,True,346,0.001,62.45211105127719,60.9503881388667,63.63974019032105,nih_exporter_c4,nih_exporter,63.40473913193378,64.65609086107253,62.45336240300633,0.0012513517291381504,60.9503881388667,63.641406593029366,2.6910184541626663,C4_SENSITIVITY_ONLY
A4_A5_train_1m,train,1m,True,347,0.0,61.47589523122591,61.37494692085208,61.519237296644114,nih_exporter_c4,nih_exporter,63.40473913193378,64.65609086107253,61.47589523122591,0.0,61.37494692085208,61.519237296644114,0.14429037579203197,C4_SENSITIVITY_ONLY
A4_A5_train_1m,train,1m,True,348,0.0,60.129656347900806,58.002902295335545,63.45484712528209,nih_exporter_c4,nih_exporter,63.40473913193378,64.65609086107253,60.129656347900806,0.0,58.002902295335545,63.45484712528209,5.451944829946548,C4_SENSITIVITY_ONLY
A4_A5_train_1m,train,1m,True,349,0.0,61.551309299477744,60.18598877750441,62.64365055928528,nih_exporter_c4,nih_exporter,63.40473913193378,64.65609086107253,61.551309299477744,0.0,60.18598877750441,62.64365055928528,2.457661781780864,C4_SENSITIVITY_ONLY
A4_A5_train_1m,train,1m,True,350,0.0,60.15730069481977,59.31638576692271,60.763063281808016,nih_exporter_c4,nih_exporter,63.40473913193378,64.65609086107253,60.15730069481977,0.0,59.31638576692271,60.763063281808016,1.4466775148853088,C4_SENSITIVITY_ONLY
A4_A5_train_1m,train,1m,True,351,0.0,62.433455580795126,61.808921866508896,63.1551506854081,nih_exporter_c4,nih_exporter,63.40473913193378,64.65609086107253,62.433455580795126,0.0,61.808921866508896,63.1551506854081,1.3462288188992062,C4_SENSITIVITY_ONLY
A4_A5_train_1m,train,1m,True,352,0.03,61.71050399641479,60.33104867366762,62.67949080059659,nih_exporter_c4,nih_exporter,63.40473913193378,64.65609086107253,61.74804454828896,0.03754055187416583,60.33104867366762,62.72948288184604,2.398434208178422,C4_SENSITIVITY_ONLY
A4_A5_train_1m,train,1m,True,353,0.001,59.31966129351166,56.98556266412561,61.34432666786383,nih_exporter_c4,nih_exporter,63.40473913193378,64.65609086107253,59.320912645240796,0.0012513517291381504,56.98556266412561,61.34599307057215,4.36043040644654,C4_SENSITIVITY_ONLY
A4_A5_train_1m,train,1m,True,354,0.034,60.351234057358354,58.31908342230318,62.04622456664841,nih_exporter_c4,nih_exporter,63.40473913193378,64.65609086107253,60.39378001614907,0.04254595879071843,58.31908342230318,62.10288225873112,3.783798836427941,C4_SENSITIVITY_ONLY
A4_A5_train_1m,train,1m,True,355,0.0,60.38789025870378,58.6655184222518,61.15303560799657,nih_exporter_c4,nih_exporter,63.40473913193378,64.65609086107253,60.38789025870378,0.0,58.6655184222518,61.15303560799657,2.487517185744771,C4_SENSITIVITY_ONLY
A4_A5_train_1m,train,1m,True,356,0.0039960039960039,61.59725814573004,60.71464096057159,62.31578324233464,nih_exporter_c4,nih_exporter,63.40473913193378,64.65609086107253,61.60225855224008,0.00500040651004241,60.71464096057159,62.322442194216016,1.6078012336444232,C4_SENSITIVITY_ONLY
A4_A5_train_1m,train,1m,True,357,0.001,62.03566062509653,60.1766916577236,64.06922557580862,nih_exporter_c4,nih_exporter,63.40473913193378,64.65609086107253,62.03691197682567,0.0012513517291381504,60.1766916577236,64.07089197851693,3.894200320793324,C4_SENSITIVITY_ONLY
A4_A5_train_1m,train,1m,True,358,0.023023023023023,63.01267483101743,62.225329515049125,63.47026000881334,nih_exporter_c4,nih_exporter,63.40473913193378,64.65609086107253,63.04148473068729,0.028809899669859362,62.225329515049125,63.5086256367325,1.283296121683378,C4_SENSITIVITY_ONLY
A4_A5_train_1m,train,1m,True,359,0.001,60.55439752510481,58.41555544713589,63.275395492468014,nih_exporter_c4,nih_exporter,63.40473913193378,64.65609086107253,60.55564887683395,0.0012513517291381504,58.41555544713589,63.27706189517633,4.861506448040444,C4_SENSITIVITY_ONLY
A4_A5_train_1m,train,1m,True,360,0.0,56.23343574516869,55.6276180824412,56.522148850310565,nih_exporter_c4,nih_exporter,63.40473913193378,64.65609086107253,56.23343574516869,0.0,55.6276180824412,56.522148850310565,0.8945307678693624,C4_SENSITIVITY_ONLY
A4_A5_train_1m,train,1m,True,361,0.0,53.498365138585655,53.0604530520756,53.67267553700514,nih_exporter_c4,nih_exporter,63.40473913193378,64.65609086107253,53.498365138585655,0.0,53.0604530520756,53.67267553700514,0.6122224849295392,C4_SENSITIVITY_ONLY
A4_A5_train_1m,train,1m,True,362,0.0,52.49446966676674,52.37295068194753,52.58709418942201,nih_exporter_c4,nih_exporter,63.40473913193378,64.65609086107253,52.49446966676674,0.0,52.37295068194753,52.58709418942201,0.21414350747448196,C4_SENSITIVITY_ONLY
A4_A5_train_1m,train,1m,True,363,0.0,61.87088200077022,60.884789848162775,62.42183289357833,nih_exporter_c4,nih_exporter,63.40473913193378,64.65609086107253,61.87088200077022,0.0,60.884789848162775,62.42183289357833,1.5370430454155581,C4_SENSITIVITY_ONLY
A4_A5_train_1m,train,1m,True,364,0.015015015015015,61.46175545302286,60.270571805262655,62.19180516795751,nih_exporter_c4,nih_exporter,63.40473913193378,64.65609086107253,61.48054451802494,0.018789065002081884,60.270571805262655,62.21682622964392,1.9462544243812658,C4_SENSITIVITY_ONLY
A4_A5_train_1m,train,1m,True,365,0.009,62.027163274630816,61.19790116450641,62.5457158354415,nih_exporter_c4,nih_exporter,63.40473913193378,64.65609086107253,62.038425440193066,0.011262165562250459,61.19790116450641,62.560713459816334,1.3628122953099222,C4_SENSITIVITY_ONLY
A4_A5_train_1m,train,1m,True,366,0.021021021021021,56.09429839118839,55.95740707812575,56.17654531729634,nih_exporter_c4,nih_exporter,63.40473913193378,64.65609086107253,56.1206030821913,0.026304691002913216,55.95740707812575,56.211574803657314,0.2541677255315662,C4_SENSITIVITY_ONLY
A4_A5_train_1m,train,1m,True,367,0.0,60.3860619968295,58.87819750960791,61.27675893491493,nih_exporter_c4,nih_exporter,63.40473913193378,64.65609086107253,60.3860619968295,0.0,58.87819750960791,61.27675893491493,2.3985614253070224,C4_SENSITIVITY_ONLY
A4_A5_train_1m,train,1m,True,368,0.0,59.99471072833681,58.86522200405387,61.156192769258205,nih_exporter_c4,nih_exporter,63.40473913193378,64.65609086107253,59.99471072833681,0.0,58.86522200405387,61.156192769258205,2.290970765204335,C4_SENSITIVITY_ONLY
A4_A5_train_1m,train,1m,True,369,0.0,57.85925263790899,56.88913374338548,58.78877784032088,nih_exporter_c4,nih_exporter,63.40473913193378,64.65609086107253,57.85925263790899,0.0,56.88913374338548,58.78877784032088,1.899644096935404,C4_SENSITIVITY_ONLY
A4_A5_train_1m,train,1m,True,370,0.0,61.95918123174796,60.59142165074795,63.81940342557989,nih_exporter_c4,nih_exporter,63.40473913193378,64.65609086107253,61.95918123174796,0.0,60.59142165074795,63.81940342557989,3.227981774831946,C4_SENSITIVITY_ONLY
A4_A5_train_1m,train,1m,True,371,0.0,62.87574848865519,60.70831597331626,64.10374308757152,nih_exporter_c4,nih_exporter,63.40473913193378,64.65609086107253,62.87574848865519,0.0,60.70831597331626,64.10374308757152,3.3954271142552557,C4_SENSITIVITY_ONLY
A4_A5_train_1m,train,1m,True,372,0.0,62.36293175890346,60.39952139227597,63.21379303204471,nih_exporter_c4,nih_exporter,63.40473913193378,64.65609086107253,62.36293175890346,0.0,60.39952139227597,63.21379303204471,2.814271639768741,C4_SENSITIVITY_ONLY
A4_A5_train_1m,train,1m,True,373,0.007,62.60590226654092,60.25909315608305,64.29780704630012,nih_exporter_c4,nih_exporter,63.40473913193378,64.65609086107253,62.6146617286449,0.008759462103974158,60.25909315608305,64.30947186525833,4.050378709175284,C4_SENSITIVITY_ONLY
A4_A5_train_1m,train,1m,True,374,0.004004004004004,57.9518069233219,56.203555422224966,59.66846563610648,nih_exporter_c4,nih_exporter,63.40473913193378,64.65609086107253,57.95681734065579,0.005010417333892292,56.203555422224966,59.67513791922286,3.471582496997897,C4_SENSITIVITY_ONLY
A4_A5_train_1m,train,1m,True,375,0.01,58.63095070873858,57.14061071115543,59.82335808652602,nih_exporter_c4,nih_exporter,63.40473913193378,64.65609086107253,58.64346422602997,0.01251351729138861,57.14061071115543,59.84002211360917,2.699411402453741,C4_SENSITIVITY_ONLY
A4_A5_train_1m,train,1m,True,376,0.0,62.266238713283215,60.18679240985298,64.24545588056466,nih_exporter_c4,nih_exporter,63.40473913193378,64.65609086107253,62.266238713283215,0.0,60.18679240985298,64.24545588056466,4.058663470711686,C4_SENSITIVITY_ONLY
A4_A5_train_1m,train,1m,True,377,0.0,61.69811614778892,59.34788291702797,63.96216857970573,nih_exporter_c4,nih_exporter,63.40473913193378,64.65609086107253,61.69811614778892,0.0,59.34788291702797,63.96216857970573,4.614285662677766,C4_SENSITIVITY_ONLY
A4_A5_train_1m,train,1m,True,378,0.0,51.90822206927452,51.84800216491399,51.963773467174455,nih_exporter_c4,nih_exporter,63.40473913193378,64.65609086107253,51.90822206927452,0.0,51.84800216491399,51.963773467174455,0.1157713022604625,C4_SENSITIVITY_ONLY
A4_A5_train_1m,train,1m,True,379,0.002002002002002,61.730413224637424,60.42394771845377,62.39422040451847,nih_exporter_c4,nih_exporter,63.40473913193378,64.65609086107253,61.73291843330437,0.002505208666946146,60.42394771845377,62.39755654607666,1.9736088276228898,C4_SENSITIVITY_ONLY
A4_A5_train_1m,train,1m,True,380,0.004,58.54816648776184,56.43909878145018,61.73055036123289,nih_exporter_c4,nih_exporter,63.40473913193378,64.65609086107253,58.55317189467839,0.005005406916552602,56.43909878145018,61.73721597206615,5.298117190615976,C4_SENSITIVITY_ONLY
A4_A5_train_1m,train,1m,True,381,0.0440881763527054,58.373220498745255,57.12369005941422,59.629657910101656,nih_exporter_c4,nih_exporter,63.40473913193378,64.65609086107253,58.42839031445879,0.05516981571353341,57.12369005941422,59.70312656658048,2.579436507166257,C4_SENSITIVITY_ONLY
A4_A5_train_1m,train,1m,True,382,0.0,62.16509498436651,59.6600443089576,64.30246394966858,nih_exporter_c4,nih_exporter,63.40473913193378,64.65609086107253,62.16509498436651,0.0,59.6600443089576,64.30246394966858,4.642419640710976,C4_SENSITIVITY_ONLY
A4_A5_train_1m,train,1m,True,383,0.0,53.27951812863142,53.02255734571797,53.47752003092016,nih_exporter_c4,nih_exporter,63.40473913193378,64.65609086107253,53.27951812863142,0.0,53.02255734571797,53.47752003092016,0.4549626852021902,C4_SENSITIVITY_ONLY
A4_A5_train_1m,train,1m,True,384,0.058,59.41047191851256,58.54150770784711,60.1920562026469,nih_exporter_c4,nih_exporter,63.40473913193378,64.65609086107253,59.48305031880261,0.07257840029004825,58.54150770784711,60.288707559729176,1.7471998518820655,C4_SENSITIVITY_ONLY
A4_A5_train_1m,train,1m,True,385,0.0,60.60712310858513,60.45011644450587,60.6533634507444,nih_exporter_c4,nih_exporter,63.40473913193378,64.65609086107253,60.60712310858513,0.0,60.45011644450587,60.6533634507444,0.2032470062385272,C4_SENSITIVITY_ONLY
A4_A5_train_1m,train,1m,True,386,0.0,61.653299759548176,58.343704697264414,64.3323965010552,nih_exporter_c4,nih_exporter,63.40473913193378,64.65609086107253,61.653299759548176,0.0,58.343704697264414,64.3323965010552,5.988691803790786,C4_SENSITIVITY_ONLY
A4_A5_train_1m,train,1m,True,387,0.003006012024048,59.40748710643668,56.3487942071282,64.24819524224618,nih_exporter_c4,nih_exporter,63.40473913193378,64.65609086107253,59.41124868478079,0.0037615783441040662,56.3487942071282,64.25320446882428,7.9044102616960785,C4_SENSITIVITY_ONLY
A4_A5_train_1m,train,1m,True,388,0.0,61.5366984404124,61.18758106344941,61.71647928468333,nih_exporter_c4,nih_exporter,63.40473913193378,64.65609086107253,61.5366984404124,0.0,61.18758106344941,61.71647928468333,0.5288982212339235,C4_SENSITIVITY_ONLY
A4_A5_train_1m,train,1m,True,389,0.0,61.391812397486845,61.3872994031355,61.393769009201776,nih_exporter_c4,nih_exporter,63.40473913193378,64.65609086107253,61.391812397486845,0.0,61.3872994031355,61.393769009201776,0.006469606066275446,C4_SENSITIVITY_ONLY
A4_A5_train_1m,train,1m,True,390,0.0,62.92251376746798,61.25973468462143,64.25066594158405,nih_exporter_c4,nih_exporter,63.40473913193378,64.65609086107253,62.92251376746798,0.0,61.25973468462143,64.25066594158405,2.990931256962618,C4_SENSITIVITY_ONLY
A4_A5_train_1m,train,1m,True,391,0.0,63.69043718264748,62.37264283205318,64.26176780340614,nih_exporter_c4,nih_exporter,63.40473913193378,64.65609086107253,63.69043718264748,0.0,62.37264283205318,64.26176780340614,1.8891249713529632,C4_SENSITIVITY_ONLY
A4_A5_train_1m,train,1m,True,392,0.049049049049049,62.21155905940756,61.16060533055117,63.29704627788629,nih_exporter_c4,nih_exporter,63.40473913193378,64.65609086107253,62.2729366717477,0.061377612340137944,61.16060533055117,63.378781746061904,2.218176415510733,C4_SENSITIVITY_ONLY
A4_A5_train_1m,train,1m,True,393,0.0009999999999999,60.391066488104656,59.09897489585197,61.668596452129805,nih_exporter_c4,nih_exporter,63.40473913193378,64.65609086107253,60.392317839833794,0.0012513517291381504,59.09897489585197,61.67026285483812,2.5712879589861544,C4_SENSITIVITY_ONLY
A4_A5_train_1m,train,1m,True,394,0.0,63.27993218821175,61.05079698885967,64.24394228345064,nih_exporter_c4,nih_exporter,63.40473913193378,64.65609086107253,63.27993218821175,0.0,61.05079698885967,64.24394228345064,3.1931452945909626,C4_SENSITIVITY_ONLY
A4_A5_train_1m,train,1m,True,395,0.002,61.93400057792041,61.29808902445355,62.662977463058745,nih_exporter_c4,nih_exporter,63.40473913193378,64.65609086107253,61.936503281378684,0.002502703458276301,61.29808902445355,62.66631026847538,1.368221244021825,C4_SENSITIVITY_ONLY
A4_A5_train_1m,train,1m,True,396,0.0,60.57786152933463,59.99725092996336,61.14517795321576,nih_exporter_c4,nih_exporter,63.40473913193378,64.65609086107253,60.57786152933463,0.0,59.99725092996336,61.14517795321576,1.1479270232524001,C4_SENSITIVITY_ONLY
A4_A5_train_1m,train,1m,True,397,0.0,59.13743971146607,57.698725774564544,60.44470297908793,nih_exporter_c4,nih_exporter,63.40473913193378,64.65609086107253,59.13743971146607,0.0,57.698725774564544,60.44470297908793,2.745977204523385,C4_SENSITIVITY_ONLY
A4_A5_train_1m,train,1m,True,398,0.0180360721442885,62.579041261354256,61.06129369222857,63.81130288726015,nih_exporter_c4,nih_exporter,63.40473913193378,64.65609086107253,62.60161073141888,0.022569470064624397,61.06129369222857,63.84135824672875,2.7800645545001856,C4_SENSITIVITY_ONLY
A4_A5_train_1m,train,1m,True,399,0.0,62.45516726192459,62.042043922143485,62.63665307109204,nih_exporter_c4,nih_exporter,63.40473913193378,64.65609086107253,62.45516726192459,0.0,62.042043922143485,62.63665307109204,0.5946091489485568,C4_SENSITIVITY_ONLY
A4_A5_train_1m,train,1m,True,400,0.006,59.61602137307996,58.50727481282282,60.23380590459901,nih_exporter_c4,nih_exporter,63.40473913193378,64.65609086107253,59.623529483454796,0.007508110374836008,58.50727481282282,60.2438043208489,1.7365295080260807,C4_SENSITIVITY_ONLY
A4_A5_train_1m,train,1m,True,401,0.0,61.72507861721846,60.03945535586072,63.12673714830748,nih_exporter_c4,nih_exporter,63.40473913193378,64.65609086107253,61.72507861721846,0.0,60.03945535586072,63.12673714830748,3.0872817924467597,C4_SENSITIVITY_ONLY
A4_A5_train_1m,train,1m,True,402,0.0160320641282565,62.144564994181,60.87381573193996,63.583190261625134,nih_exporter_c4,nih_exporter,63.40473913193378,64.65609086107253,62.16462674534956,0.02006175116855502,60.87381573193996,63.60990613670834,2.736090404768376,C4_SENSITIVITY_ONLY
A4_A5_train_1m,train,1m,True,403,0.002004008016032,62.59708074728066,61.388302199089765,63.73811866522264,nih_exporter_c4,nih_exporter,63.40473913193378,64.65609086107253,62.599588466176726,0.0025077188960693775,61.388302199089765,63.74145814960804,2.3531559505182784,C4_SENSITIVITY_ONLY
A4_A5_train_1m,train,1m,True,404,0.0,62.18919680493151,61.33069389144429,62.56481496662442,nih_exporter_c4,nih_exporter,63.40473913193378,64.65609086107253,62.18919680493151,0.0,61.33069389144429,62.56481496662442,1.234121075180127,C4_SENSITIVITY_ONLY
A4_A5_train_1m,train,1m,True,405,0.0,60.68510916039871,57.077653220095385,64.30917579934248,nih_exporter_c4,nih_exporter,63.40473913193378,64.65609086107253,60.68510916039871,0.0,57.077653220095385,64.30917579934248,7.231522579247098,C4_SENSITIVITY_ONLY
A4_A5_train_1m,train,1m,True,406,0.0,62.1485545537884,60.38388821715799,63.32793708550688,nih_exporter_c4,nih_exporter,63.40473913193378,64.65609086107253,62.1485545537884,0.0,60.38388821715799,63.32793708550688,2.9440488683488937,C4_SENSITIVITY_ONLY
A4_A5_train_1m,train,1m,True,407,0.0120240480961923,62.386221628759216,60.88698400313822,63.02876306738736,nih_exporter_c4,nih_exporter,63.40473913193378,64.65609086107253,62.40126794213563,0.015046313376416265,60.88698400313822,63.048799973699765,2.1618159705615483,C4_SENSITIVITY_ONLY
A4_A5_train_1m,train,1m,True,408,0.0,52.88358810725688,52.7984848085541,52.98107651353719,nih_exporter_c4,nih_exporter,63.40473913193378,64.65609086107253,52.88358810725688,0.0,52.7984848085541,52.98107651353719,0.1825917049830892,C4_SENSITIVITY_ONLY
A4_A5_train_1m,train,1m,True,409,0.001,60.58712278624456,59.70530952456525,61.08329164928693,nih_exporter_c4,nih_exporter,63.40473913193378,64.65609086107253,60.588374137973695,0.0012513517291381504,59.70530952456525,61.084958051995244,1.3796485274299926,C4_SENSITIVITY_ONLY
A4_A5_train_1m,train,1m,True,410,0.0,62.35099211231077,62.25432625849072,62.40099784815609,nih_exporter_c4,nih_exporter,63.40473913193378,64.65609086107253,62.35099211231077,0.0,62.25432625849072,62.40099784815609,0.14667158966536675,C4_SENSITIVITY_ONLY
A4_A5_train_1m,train,1m,True,411,0.0040080160320641,62.0553907360592,60.06067516728218,63.12604440674479,nih_exporter_c4,nih_exporter,63.40473913193378,64.65609086107253,62.06040617385134,0.005015437792138755,60.06067516728218,63.13272337551559,3.0720482082334115,C4_SENSITIVITY_ONLY
A4_A5_train_1m,train,1m,True,412,0.0,62.76383786820264,62.674852144685055,62.82307871727102,nih_exporter_c4,nih_exporter,63.40473913193378,64.65609086107253,62.76383786820264,0.0,62.674852144685055,62.82307871727102,0.14822657258596195,C4_SENSITIVITY_ONLY
A4_A5_train_1m,train,1m,True,413,0.0,61.199778450577206,59.43526389274152,62.59123008184756,nih_exporter_c4,nih_exporter,63.40473913193378,64.65609086107253,61.199778450577206,0.0,59.43526389274152,62.59123008184756,3.1559661891060458,C4_SENSITIVITY_ONLY
A4_A5_train_1m,train,1m,True,414,0.0,62.0971107067617,61.81145085151199,62.20168227639348,nih_exporter_c4,nih_exporter,63.40473913193378,64.65609086107253,62.0971107067617,0.0,61.81145085151199,62.20168227639348,0.39023142488148466,C4_SENSITIVITY_ONLY
A4_A5_train_1m,train,1m,True,415,0.0,60.69942562784175,60.27245601556458,61.22906987329528,nih_exporter_c4,nih_exporter,63.40473913193378,64.65609086107253,60.69942562784175,0.0,60.27245601556458,61.22906987329528,0.9566138577307015,C4_SENSITIVITY_ONLY
A4_A5_train_1m,train,1m,True,416,0.0,58.500135372783525,58.34128941767129,58.62369430510973,nih_exporter_c4,nih_exporter,63.40473913193378,64.65609086107253,58.500135372783525,0.0,58.34128941767129,58.62369430510973,0.28240488743843883,C4_SENSITIVITY_ONLY
A4_A5_train_1m,train,1m,True,417,0.0,61.742203219992525,61.32734539618151,62.00766274991535,nih_exporter_c4,nih_exporter,63.40473913193378,64.65609086107253,61.742203219992525,0.0,61.32734539618151,62.00766274991535,0.680317353733841,C4_SENSITIVITY_ONLY
A4_A5_train_1m,train,1m,True,418,0.0,63.52181033869031,63.52181033869031,63.52181033869031,nih_exporter_c4,nih_exporter,63.40473913193378,64.65609086107253,63.52181033869031,0.0,63.52181033869031,63.52181033869031,0.0,C4_SENSITIVITY_ONLY
A4_A5_train_1m,train,1m,True,419,0.0089910089910089,60.67475375625687,59.92182787403287,61.34375797000922,nih_exporter_c4,nih_exporter,63.40473913193378,64.65609086107253,60.686004670904474,0.011250914647604304,59.92182787403287,61.35874061174233,1.4369127377094557,C4_SENSITIVITY_ONLY
A4_A5_train_1m,train,1m,True,420,0.0,57.92841592279107,57.43073997001289,58.25642477304974,nih_exporter_c4,nih_exporter,63.40473913193378,64.65609086107253,57.92841592279107,0.0,57.43073997001289,58.25642477304974,0.8256848030368502,C4_SENSITIVITY_ONLY
A4_A5_train_1m,train,1m,True,421,0.0,62.608286314578166,61.54688477093419,63.11501949336531,nih_exporter_c4,nih_exporter,63.40473913193378,64.65609086107253,62.608286314578166,0.0,61.54688477093419,63.11501949336531,1.5681347224311182,C4_SENSITIVITY_ONLY
A4_A5_train_1m,train,1m,True,422,0.0039999999999999,59.23208895567269,57.76245386540674,60.8372547424655,nih_exporter_c4,nih_exporter,63.40473913193378,64.65609086107253,59.23709436258924,0.005005406916552602,57.76245386540674,60.843920353298756,3.0814664878920155,C4_SENSITIVITY_ONLY
A4_A5_train_1m,train,1m,True,423,0.0,53.97716318220232,53.22887935914319,54.60729708927895,nih_exporter_c4,nih_exporter,63.40473913193378,64.65609086107253,53.97716318220232,0.0,53.22887935914319,54.60729708927895,1.3784177301357587,C4_SENSITIVITY_ONLY
A4_A5_train_1m,train,1m,True,424,0.0090180360721442,61.370557861110086,58.75257273517805,63.37792941491888,nih_exporter_c4,nih_exporter,63.40473913193378,64.65609086107253,61.3818425961424,0.011284735032312199,58.75257273517805,63.392957094653184,4.640384359475135,C4_SENSITIVITY_ONLY
A4_A5_train_1m,train,1m,True,425,0.0,57.55226592118227,56.73745299071814,58.31556786695483,nih_exporter_c4,nih_exporter,63.40473913193378,64.65609086107253,57.55226592118227,0.0,56.73745299071814,58.31556786695483,1.5781148762366897,C4_SENSITIVITY_ONLY
A4_A5_train_1m,train,1m,True,426,0.0,62.40651399484561,61.01202135001088,63.0228986615664,nih_exporter_c4,nih_exporter,63.40473913193378,64.65609086107253,62.40651399484561,0.0,61.01202135001088,63.0228986615664,2.010877311555518,C4_SENSITIVITY_ONLY
A4_A5_train_1m,train,1m,True,427,0.0,62.57736028220139,60.17444229444611,63.954244004461465,nih_exporter_c4,nih_exporter,63.40473913193378,64.65609086107253,62.57736028220139,0.0,60.17444229444611,63.954244004461465,3.779801710015356,C4_SENSITIVITY_ONLY
A4_A5_train_1m,train,1m,True,428,0.0179999999999999,60.61438395076239,57.588816555060255,63.95876819176202,nih_exporter_c4,nih_exporter,63.40473913193378,64.65609086107253,60.63690828188688,0.022524331124493813,57.588816555060255,63.98876344051169,6.399946885451435,C4_SENSITIVITY_ONLY
A4_A5_train_1m,train,1m,True,429,0.0,56.17393806795121,54.29069500269614,59.206183170577134,nih_exporter_c4,nih_exporter,63.40473913193378,64.65609086107253,56.17393806795121,0.0,54.29069500269614,59.206183170577134,4.915488167880994,C4_SENSITIVITY_ONLY
A4_A5_train_1m,train,1m,True,430,0.002002002002002,61.62008483210467,60.110462749199705,62.64740840761997,nih_exporter_c4,nih_exporter,63.40473913193378,64.65609086107253,61.62259004077162,0.002505208666946146,60.110462749199705,62.65074454917816,2.5402817999784517,C4_SENSITIVITY_ONLY
A4_A5_train_1m,train,1m,True,431,0.0,62.65997337369807,61.30592873429271,63.38230984780701,nih_exporter_c4,nih_exporter,63.40473913193378,64.65609086107253,62.65997337369807,0.0,61.30592873429271,63.38230984780701,2.0763811135142944,C4_SENSITIVITY_ONLY
A4_A5_train_1m,train,1m,True,432,0.0,64.12542385620908,63.83829503510134,64.30730893206335,nih_exporter_c4,nih_exporter,63.40473913193378,64.65609086107253,64.12542385620908,0.0,63.83829503510134,64.30730893206335,0.4690138969620108,C4_SENSITIVITY_ONLY
A4_A5_train_1m,train,1m,True,433,0.001,62.62174201523071,61.231138618303525,63.61428300040584,nih_exporter_c4,nih_exporter,63.40473913193378,64.65609086107253,62.62299336695985,0.0012513517291381504,61.231138618303525,63.61594940311416,2.3848107848106324,C4_SENSITIVITY_ONLY
A4_A5_train_1m,train,1m,True,434,0.001,61.10396918932187,60.21130212916705,61.71418615314982,nih_exporter_c4,nih_exporter,63.40473913193378,64.65609086107253,61.10522054105101,0.0012513517291381504,60.21130212916705,61.715852555858135,1.5045504266910825,C4_SENSITIVITY_ONLY
A4_A5_train_1m,train,1m,True,435,0.0,63.35007921248479,61.0958385339853,64.3274067640908,nih_exporter_c4,nih_exporter,63.40473913193378,64.65609086107253,63.35007921248479,0.0,61.0958385339853,64.3274067640908,3.231568230105495,C4_SENSITIVITY_ONLY
A4_A5_train_1m,train,1m,True,436,0.0,60.31696664039431,59.74393632519843,61.16849853340775,nih_exporter_c4,nih_exporter,63.40473913193378,64.65609086107253,60.31696664039431,0.0,59.74393632519843,61.16849853340775,1.4245622082093163,C4_SENSITIVITY_ONLY
A4_A5_train_1m,train,1m,True,437,0.0,59.436164270547096,59.007345289428535,59.678499861191945,nih_exporter_c4,nih_exporter,63.40473913193378,64.65609086107253,59.436164270547096,0.0,59.007345289428535,59.678499861191945,0.6711545717634095,C4_SENSITIVITY_ONLY
A4_A5_train_1m,train,1m,True,438,0.0,59.73872237042859,58.83993460937535,60.19611890071606,nih_exporter_c4,nih_exporter,63.40473913193378,64.65609086107253,59.73872237042859,0.0,58.83993460937535,60.19611890071606,1.3561842913407105,C4_SENSITIVITY_ONLY
A4_A5_train_1m,train,1m,True,439,0.015015015015015,57.59684252627847,56.34227122848028,58.80484090178102,nih_exporter_c4,nih_exporter,63.40473913193378,64.65609086107253,57.615631591280554,0.018789065002081884,56.34227122848028,58.82986196346743,2.487590734987151,C4_SENSITIVITY_ONLY
A4_A5_train_1m,train,1m,True,440,0.005005005005005,61.77991224798155,59.74252220122021,63.34516951763355,nih_exporter_c4,nih_exporter,63.40473913193378,64.65609086107253,61.78617526964891,0.0062630216673582595,59.74252220122021,63.35350987152902,3.610987670308809,C4_SENSITIVITY_ONLY
A4_A5_train_1m,train,1m,True,441,0.0,62.06659208437056,61.36313237883867,62.442155372280325,nih_exporter_c4,nih_exporter,63.40473913193378,64.65609086107253,62.06659208437056,0.0,61.36313237883867,62.442155372280325,1.0790229934416544,C4_SENSITIVITY_ONLY
A4_A5_train_1m,train,1m,True,442,0.0,62.43440095039916,60.44831062196096,63.58837908837676,nih_exporter_c4,nih_exporter,63.40473913193378,64.65609086107253,62.43440095039916,0.0,60.44831062196096,63.58837908837676,3.140068466415805,C4_SENSITIVITY_ONLY
A4_A5_train_1m,train,1m,True,443,0.002002002002002,61.874818038511705,60.21423354577638,63.98052808840432,nih_exporter_c4,nih_exporter,63.40473913193378,64.65609086107253,61.87732324717865,0.002505208666946146,60.21423354577638,63.983864229962506,3.769630684186126,C4_SENSITIVITY_ONLY
A4_A5_train_1m,train,1m,True,444,0.0,64.3193971459079,64.30985368442857,64.33476325284688,nih_exporter_c4,nih_exporter,63.40473913193378,64.65609086107253,64.3193971459079,0.0,64.30985368442857,64.33476325284688,0.024909568418308936,C4_SENSITIVITY_ONLY
A4_A5_train_1m,train,1m,True,445,0.0,59.921532317789,57.49804110646128,62.66959952082264,nih_exporter_c4,nih_exporter,63.40473913193378,64.65609086107253,59.921532317789,0.0,57.49804110646128,62.66959952082264,5.171558414361364,C4_SENSITIVITY_ONLY
A4_A5_train_1m,train,1m,True,446,0.0,61.28427012247442,59.5494131442139,63.56550466535388,nih_exporter_c4,nih_exporter,63.40473913193378,64.65609086107253,61.28427012247442,0.0,59.5494131442139,63.56550466535388,4.016091521139977,C4_SENSITIVITY_ONLY
A4_A5_train_1m,train,1m,True,447,0.0519480519480519,62.42694535097078,60.73068308980715,63.414949596733415,nih_exporter_c4,nih_exporter,63.40473913193378,64.65609086107253,62.49195063560137,0.06500528463058686,60.73068308980715,63.50151597119134,2.7708328813841874,C4_SENSITIVITY_ONLY
A4_A5_train_1m,train,1m,True,448,0.021021021021021,61.80335193624065,60.03049003437298,63.49750589032352,nih_exporter_c4,nih_exporter,63.40473913193378,64.65609086107253,61.829656627243565,0.026304691002913216,60.03049003437298,63.53253537668449,3.5020453423115114,C4_SENSITIVITY_ONLY
A4_A5_train_1m,train,1m,True,449,0.0029970029970029,62.48368562094518,61.41885820643651,62.9473915078097,nih_exporter_c4,nih_exporter,63.40473913193378,64.65609086107253,62.48743592582772,0.0037503048825371366,61.41885820643651,62.95238572172073,1.53352751528422,C4_SENSITIVITY_ONLY
A4_A5_train_1m,train,1m,True,450,0.001001001001001,53.99412729267302,53.99182115432316,53.99505919539738,nih_exporter_c4,nih_exporter,63.40473913193378,64.65609086107253,53.995379897006494,0.001252604333473073,53.99182115432316,53.99672726617648,0.00490611185331602,C4_SENSITIVITY_ONLY
A4_A5_train_1m,train,1m,True,451,0.0,56.88027892112083,55.4182280095262,58.10269957235687,nih_exporter_c4,nih_exporter,63.40473913193378,64.65609086107253,56.88027892112083,0.0,55.4182280095262,58.10269957235687,2.684471562830666,C4_SENSITIVITY_ONLY
A4_A5_train_1m,train,1m,True,452,0.0,63.32289106841555,61.7599148471796,64.12398927218088,nih_exporter_c4,nih_exporter,63.40473913193378,64.65609086107253,63.32289106841555,0.0,61.7599148471796,64.12398927218088,2.3640744250012773,C4_SENSITIVITY_ONLY
A4_A5_train_1m,train,1m,True,453,0.0,55.41460443128982,54.97906583036154,55.96583243565037,nih_exporter_c4,nih_exporter,63.40473913193378,64.65609086107253,55.41460443128982,0.0,54.97906583036154,55.96583243565037,0.9867666052888282,C4_SENSITIVITY_ONLY
A4_A5_train_1m,train,1m,True,454,0.038038038038038,59.84287584721674,58.30040821851172,60.84749456805128,nih_exporter_c4,nih_exporter,63.40473913193378,64.65609086107253,59.89047481188868,0.047598964671941246,58.30040821851172,60.91088125765686,2.610473039145141,C4_SENSITIVITY_ONLY
A4_A5_train_1m,train,1m,True,455,0.0,58.04055168742042,56.49447967841311,60.29476621635407,nih_exporter_c4,nih_exporter,63.40473913193378,64.65609086107253,58.04055168742042,0.0,56.49447967841311,60.29476621635407,3.8002865379409627,C4_SENSITIVITY_ONLY
A4_A5_train_1m,train,1m,True,456,0.0,60.55842328736711,57.73884453626109,64.3352370760827,nih_exporter_c4,nih_exporter,63.40473913193378,64.65609086107253,60.55842328736711,0.0,57.73884453626109,64.3352370760827,6.596392539821615,C4_SENSITIVITY_ONLY
A4_A5_train_1m,train,1m,True,457,0.0559440559440559,63.43962643533731,62.41635750655212,63.90812996009092,nih_exporter_c4,nih_exporter,63.40473913193378,64.65609086107253,63.50963212647794,0.07000569114062927,62.41635750655212,64.00135528643023,1.5849977798781083,C4_SENSITIVITY_ONLY
A4_A5_train_1m,train,1m,True,458,0.0,54.09051936043153,53.31587712300692,55.11547343260227,nih_exporter_c4,nih_exporter,63.40473913193378,64.65609086107253,54.09051936043153,0.0,53.31587712300692,55.11547343260227,1.7995963095953513,C4_SENSITIVITY_ONLY
A4_A5_train_1m,train,1m,True,459,0.003,62.411461032071536,61.74812800810018,62.78754762992456,nih_exporter_c4,nih_exporter,63.40473913193378,64.65609086107253,62.41521508725895,0.003754055187414451,61.74812800810018,62.7925468380495,1.044418829949322,C4_SENSITIVITY_ONLY
A4_A5_train_1m,train,1m,True,460,0.0,63.7879704511106,63.52145791234808,64.05467679056362,nih_exporter_c4,nih_exporter,63.40473913193378,64.65609086107253,63.7879704511106,0.0,63.52145791234808,64.05467679056362,0.5332188782155356,C4_SENSITIVITY_ONLY
A4_A5_train_1m,train,1m,True,461,0.0119880119880119,61.67779252933944,61.640600470923935,61.69872781160126,nih_exporter_c4,nih_exporter,63.40473913193378,64.65609086107253,61.692793748869576,0.015001219530134335,61.640600470923935,61.7187046672454,0.07810419632146193,C4_SENSITIVITY_ONLY
A4_A5_train_1m,train,1m,True,462,0.029,59.91198358083837,58.10127166460464,62.36346561343678,nih_exporter_c4,nih_exporter,63.40473913193378,64.65609086107253,59.94827278098339,0.03628920014502057,58.10127166460464,62.41179129197792,4.3105196273732815,C4_SENSITIVITY_ONLY
A4_A5_train_1m,train,1m,True,463,0.0,62.503107627853005,61.19231139364886,63.11388554280341,nih_exporter_c4,nih_exporter,63.40473913193378,64.65609086107253,62.503107627853005,0.0,61.19231139364886,63.11388554280341,1.9215741491545515,C4_SENSITIVITY_ONLY
A4_A5_train_1m,train,1m,True,464,0.0,62.453350393714935,60.57512670874207,63.36725195602102,nih_exporter_c4,nih_exporter,63.40473913193378,64.65609086107253,62.453350393714935,0.0,60.57512670874207,63.36725195602102,2.7921252472789533,C4_SENSITIVITY_ONLY
A4_A5_train_1m,train,1m,True,465,0.0,51.81511625420505,51.81511625420505,51.81511625420505,nih_exporter_c4,nih_exporter,63.40473913193378,64.65609086107253,51.81511625420505,0.0,51.81511625420505,51.81511625420505,0.0,C4_SENSITIVITY_ONLY
A4_A5_train_1m,train,1m,True,466,0.0,60.9929031612761,58.79422169740754,63.46299361185261,nih_exporter_c4,nih_exporter,63.40473913193378,64.65609086107253,60.9929031612761,0.0,58.79422169740754,63.46299361185261,4.668771914445074,C4_SENSITIVITY_ONLY
A4_A5_train_1m,train,1m,True,467,0.0,59.75547690529132,57.05473677755328,63.3062584681628,nih_exporter_c4,nih_exporter,63.40473913193378,64.65609086107253,59.75547690529132,0.0,57.05473677755328,63.3062584681628,6.251521690609522,C4_SENSITIVITY_ONLY
A4_A5_train_1m,train,1m,True,468,0.0,55.10023739775842,55.10023739775842,55.10023739775842,nih_exporter_c4,nih_exporter,63.40473913193378,64.65609086107253,55.10023739775842,0.0,55.10023739775842,55.10023739775842,0.0,C4_SENSITIVITY_ONLY
A4_A5_train_1m,train,1m,True,469,0.0,61.095494380416845,60.03364395129826,62.19277375786025,nih_exporter_c4,nih_exporter,63.40473913193378,64.65609086107253,61.095494380416845,0.0,60.03364395129826,62.19277375786025,2.1591298065619924,C4_SENSITIVITY_ONLY
A4_A5_train_1m,train,1m,True,470,0.001004016064257,60.64296315442122,59.82393926354772,61.23708813438522,nih_exporter_c4,nih_exporter,63.40473913193378,64.65609086107253,60.64421953165931,0.0012563772380929095,59.82393926354772,61.23876122947389,1.4148219659261656,C4_SENSITIVITY_ONLY
A4_A5_train_1m,train,1m,True,471,0.0,58.66510591995358,56.45503939192492,61.86638142367656,nih_exporter_c4,nih_exporter,63.40473913193378,64.65609086107253,58.66510591995358,0.0,56.45503939192492,61.86638142367656,5.411342031751637,C4_SENSITIVITY_ONLY
A4_A5_train_1m,train,1m,True,472,0.0039960039960039,60.3789838245466,59.75907852960115,60.74136142786455,nih_exporter_c4,nih_exporter,63.40473913193378,64.65609086107253,60.383984231056644,0.00500040651004241,59.75907852960115,60.748020379745924,0.9889418501447764,C4_SENSITIVITY_ONLY
A4_A5_train_1m,train,1m,True,473,0.0,62.33311266981711,59.8402160388754,64.07818775341855,nih_exporter_c4,nih_exporter,63.40473913193378,64.65609086107253,62.33311266981711,0.0,59.8402160388754,64.07818775341855,4.23797171454315,C4_SENSITIVITY_ONLY
A4_A5_train_1m,train,1m,True,474,0.0029970029970029,63.64368679114683,63.42348166185847,63.79265648271949,nih_exporter_c4,nih_exporter,63.40473913193378,64.65609086107253,63.647437096029364,0.0037503048825371366,63.42348166185847,63.79765069663052,0.3741690347720521,C4_SENSITIVITY_ONLY
A4_A5_train_1m,train,1m,True,475,0.0,63.562582381894345,62.94829090984982,63.99453870231845,nih_exporter_c4,nih_exporter,63.40473913193378,64.65609086107253,63.562582381894345,0.0,62.94829090984982,63.99453870231845,1.046247792468634,C4_SENSITIVITY_ONLY
A4_A5_train_1m,train,1m,True,476,0.0,61.4902710520407,60.68508471975255,61.8372142622301,nih_exporter_c4,nih_exporter,63.40473913193378,64.65609086107253,61.4902710520407,0.0,60.68508471975255,61.8372142622301,1.152129542477546,C4_SENSITIVITY_ONLY
A4_A5_train_1m,train,1m,True,477,0.013013013013013,60.73826428447414,59.891574206924325,61.448857530980106,nih_exporter_c4,nih_exporter,63.40473913193378,64.65609086107253,60.75454814080928,0.016283856335135738,59.891574206924325,61.47054245110833,1.5789682441840043,C4_SENSITIVITY_ONLY
A4_A5_train_1m,train,1m,True,478,0.0339660339660339,61.11492847038316,59.98029437675916,61.975103651118616,nih_exporter_c4,nih_exporter,63.40473913193378,64.65609086107253,61.15743192571855,0.042503455335385354,59.98029437675916,62.031704742110335,2.051410365351174,C4_SENSITIVITY_ONLY
A4_A5_train_1m,train,1m,True,479,0.011,62.31831822331178,61.7872344590128,62.558769840051006,nih_exporter_c4,nih_exporter,63.40473913193378,64.65609086107253,62.332083092332304,0.01376486902052676,61.7872344590128,62.577100269842475,0.7898658108296743,C4_SENSITIVITY_ONLY
A4_A5_train_1m,train,1m,True,480,0.0,63.78803436888637,63.47023331540494,63.929575346110624,nih_exporter_c4,nih_exporter,63.40473913193378,64.65609086107253,63.78803436888637,0.0,63.47023331540494,63.929575346110624,0.4593420307056846,C4_SENSITIVITY_ONLY
A4_A5_train_1m,train,1m,True,481,0.001,62.269104172712645,59.90736059151766,64.04258208066194,nih_exporter_c4,nih_exporter,63.40473913193378,64.65609086107253,62.27035552444178,0.0012513517291381504,59.90736059151766,64.04424848337025,4.136887891852595,C4_SENSITIVITY_ONLY
A4_A5_train_1m,train,1m,True,482,0.0,62.94399510571217,60.83719224133464,63.96981231534332,nih_exporter_c4,nih_exporter,63.40473913193378,64.65609086107253,62.94399510571217,0.0,60.83719224133464,63.96981231534332,3.1326200740086776,C4_SENSITIVITY_ONLY
A4_A5_train_1m,train,1m,True,483,0.0189810189810189,59.87856335408465,57.45380019231845,62.19628592689519,nih_exporter_c4,nih_exporter,63.40473913193378,64.65609086107253,59.90231528500736,0.023751930922713882,57.45380019231845,62.22791594833174,4.774115756013295,C4_SENSITIVITY_ONLY
A4_A5_train_1m,train,1m,True,484,0.056056056056056,62.537680009881306,62.03829536182846,62.93180209976997,nih_exporter_c4,nih_exporter,63.40473913193378,64.65609086107253,62.60782585255575,0.07014584267444235,62.03829536182846,63.02521406339924,0.9869187015707794,C4_SENSITIVITY_ONLY
A4_A5_train_1m,train,1m,True,485,0.0009990009990009,58.31307707943339,57.754025424716616,58.59299457338669,nih_exporter_c4,nih_exporter,63.40473913193378,64.65609086107253,58.314327181060904,0.0012501016275123789,57.754025424716616,58.594659311357034,0.8406338866404184,C4_SENSITIVITY_ONLY
A4_A5_train_1m,train,1m,True,486,0.0,61.64150757155658,59.54191764840735,63.16777444449224,nih_exporter_c4,nih_exporter,63.40473913193378,64.65609086107253,61.64150757155658,0.0,59.54191764840735,63.16777444449224,3.6258567960848893,C4_SENSITIVITY_ONLY
A4_A5_train_1m,train,1m,True,487,0.0,62.46310532354157,61.505578021781815,64.00483805308616,nih_exporter_c4,nih_exporter,63.40473913193378,64.65609086107253,62.46310532354157,0.0,61.505578021781815,64.00483805308616,2.4992600313043454,C4_SENSITIVITY_ONLY
A4_A5_train_1m,train,1m,True,488,0.0,54.346013250405576,54.32386786166956,54.36592030110036,nih_exporter_c4,nih_exporter,63.40473913193378,64.65609086107253,54.346013250405576,0.0,54.32386786166956,54.36592030110036,0.042052439430797506,C4_SENSITIVITY_ONLY
A4_A5_train_1m,train,1m,True,489,0.0069860279441117,61.13191736172891,59.08130399017479,63.59002508544275,nih_exporter_c4,nih_exporter,63.40473913193378,64.65609086107253,61.140659339876585,0.008741978147675411,59.08130399017479,63.60166662132918,4.520362631154391,C4_SENSITIVITY_ONLY
A4_A5_train_1m,train,1m,True,490,0.0,59.49355433332217,56.4063509082634,64.31642946563777,nih_exporter_c4,nih_exporter,63.40473913193378,64.65609086107253,59.49355433332217,0.0,56.4063509082634,64.31642946563777,7.910078557374369,C4_SENSITIVITY_ONLY
A4_A5_train_1m,train,1m,True,491,0.002002002002002,62.49494160015838,61.480550174399234,63.289737524398944,nih_exporter_c4,nih_exporter,63.40473913193378,64.65609086107253,62.49744680882532,0.002505208666946146,61.480550174399234,63.29307366595713,1.8125234915578972,C4_SENSITIVITY_ONLY
A4_A5_train_1m,train,1m,True,492,0.0080160320641282,61.47371347042108,58.18571779608333,64.14924056677063,nih_exporter_c4,nih_exporter,63.40473913193378,64.65609086107253,61.48374434600536,0.01003087558427751,58.18571779608333,64.16259850431223,5.976880708228897,C4_SENSITIVITY_ONLY
A4_A5_train_1m,train,1m,True,493,0.001,62.246551187019215,59.99471190740015,63.60588320313867,nih_exporter_c4,nih_exporter,63.40473913193378,64.65609086107253,62.24780253874835,0.0012513517291381504,59.99471190740015,63.607549605846984,3.612837698446832,C4_SENSITIVITY_ONLY
A4_A5_train_1m,train,1m,True,494,0.0,60.243832407859486,57.67610264115348,63.75611123582048,nih_exporter_c4,nih_exporter,63.40473913193378,64.65609086107253,60.243832407859486,0.0,57.67610264115348,63.75611123582048,6.0800085946669995,C4_SENSITIVITY_ONLY
A4_A5_train_1m,train,1m,True,495,0.002002002002002,63.03416903188903,61.7666202082521,63.61296553063781,nih_exporter_c4,nih_exporter,63.40473913193378,64.65609086107253,63.036674240555975,0.002505208666946146,61.7666202082521,63.616301672195995,1.8496814639438952,C4_SENSITIVITY_ONLY
A4_A5_train_1m,train,1m,True,496,0.0,61.54858185294128,60.48487851297473,62.31190936175261,nih_exporter_c4,nih_exporter,63.40473913193378,64.65609086107253,61.54858185294128,0.0,60.48487851297473,62.31190936175261,1.8270308487778806,C4_SENSITIVITY_ONLY
A4_A5_train_1m,train,1m,True,497,0.0,61.38038285966028,60.493206496221006,61.78137943867336,nih_exporter_c4,nih_exporter,63.40473913193378,64.65609086107253,61.38038285966028,0.0,60.493206496221006,61.78137943867336,1.2881729424523556,C4_SENSITIVITY_ONLY
A4_A5_train_1m,train,1m,True,498,0.0,63.34133401920938,63.18923057224786,63.538835118951305,nih_exporter_c4,nih_exporter,63.40473913193378,64.65609086107253,63.34133401920938,0.0,63.18923057224786,63.538835118951305,0.3496045467034463,C4_SENSITIVITY_ONLY
A4_A5_train_1m,train,1m,True,499,0.0009980039920159,58.21232921466192,57.437563150391966,58.69792854449887,nih_exporter_c4,nih_exporter,63.40473913193378,64.65609086107253,58.21357806868302,0.0012488540210995325,57.437563150391966,58.699591621054076,1.2620284706621092,C4_SENSITIVITY_ONLY
A4_A5_train_1m,train,1m,True,500,0.025,62.39026033033368,61.65761445148424,62.72164184808254,nih_exporter_c4,nih_exporter,63.40473913193378,64.65609086107253,62.42154412356215,0.03128379322846797,61.65761445148424,62.763301915790414,1.1056874643061718,C4_SENSITIVITY_ONLY
A4_A5_train_1m,train,1m,True,501,0.0499500499500499,59.58436464956927,57.25352535650866,61.82517306406237,nih_exporter_c4,nih_exporter,63.40473913193378,64.65609086107253,59.64686973094483,0.0625050813755621,57.25352535650866,61.908409962579604,4.654884606070944,C4_SENSITIVITY_ONLY
A4_A5_train_1m,train,1m,True,502,0.0,59.57437770304452,57.68147854135425,61.010540765434605,nih_exporter_c4,nih_exporter,63.40473913193378,64.65609086107253,59.57437770304452,0.0,57.68147854135425,61.010540765434605,3.329062224080353,C4_SENSITIVITY_ONLY
A4_A5_train_1m,train,1m,True,503,0.0,63.57539673084873,63.23568610295081,63.79724542510712,nih_exporter_c4,nih_exporter,63.40473913193378,64.65609086107253,63.57539673084873,0.0,63.23568610295081,63.79724542510712,0.5615593221563131,C4_SENSITIVITY_ONLY
A4_A5_train_1m,train,1m,True,504,0.009,56.80494810436977,55.54316482864832,57.84996242970907,nih_exporter_c4,nih_exporter,63.40473913193378,64.65609086107253,56.81621026993202,0.011262165562250459,55.54316482864832,57.86496005408391,2.3217952254355865,C4_SENSITIVITY_ONLY
A4_A5_train_1m,train,1m,True,505,0.002002002002002,60.19534910284764,59.07772053032954,60.955306972298615,nih_exporter_c4,nih_exporter,63.40473913193378,64.65609086107253,60.19785431151459,0.002505208666946146,59.07772053032954,60.9586431138568,1.8809225835272585,C4_SENSITIVITY_ONLY
A4_A5_train_1m,train,1m,True,506,0.0,60.658516230710575,58.69580598051168,62.65156100670736,nih_exporter_c4,nih_exporter,63.40473913193378,64.65609086107253,60.658516230710575,0.0,58.69580598051168,62.65156100670736,3.955755026195682,C4_SENSITIVITY_ONLY
A4_A5_train_1m,train,1m,True,507,0.0,58.61193226635702,56.36240537331342,60.582968115640654,nih_exporter_c4,nih_exporter,63.40473913193378,64.65609086107253,58.61193226635702,0.0,56.36240537331342,60.582968115640654,4.220562742327232,C4_SENSITIVITY_ONLY
A4_A5_train_1m,train,1m,True,508,0.0,60.04073969012968,59.84435267129175,60.18316869337242,nih_exporter_c4,nih_exporter,63.40473913193378,64.65609086107253,60.04073969012968,0.0,59.84435267129175,60.18316869337242,0.3388160220806711,C4_SENSITIVITY_ONLY
A4_A5_train_1m,train,1m,True,509,0.009,62.89007431229553,62.78283302208624,62.937466271004624,nih_exporter_c4,nih_exporter,63.40473913193378,64.65609086107253,62.90133647785778,0.011262165562250459,62.78283302208624,62.95246389537946,0.16963087329322235,C4_SENSITIVITY_ONLY
A4_A5_train_1m,train,1m,True,510,0.0,60.18127053309801,58.01808593111582,63.66425477260075,nih_exporter_c4,nih_exporter,63.40473913193378,64.65609086107253,60.18127053309801,0.0,58.01808593111582,63.66425477260075,5.646168841484929,C4_SENSITIVITY_ONLY
A4_A5_train_1m,train,1m,True,511,0.01001001001001,63.22926047756294,62.217416931226296,63.8703723333373,nih_exporter_c4,nih_exporter,63.40473913193378,64.65609086107253,63.24178652089766,0.012526043334723624,62.217416931226296,63.88705304112824,1.669636109901944,C4_SENSITIVITY_ONLY
A4_A5_train_1m,train,1m,True,512,0.0,63.55230512422695,63.34338629755419,63.75671218778629,nih_exporter_c4,nih_exporter,63.40473913193378,64.65609086107253,63.55230512422695,0.0,63.34338629755419,63.75671218778629,0.41332589023210176,C4_SENSITIVITY_ONLY
A6_A7_test_1m,test,1m,True,1,0.0,63.59530217834434,62.36360357296689,64.17313150435582,nih_exporter_c4,nih_exporter,63.40473913193378,64.65609086107253,63.59530217834434,0.0,62.36360357296689,64.17313150435582,1.809527931388935,C4_SENSITIVITY_ONLY
A6_A7_test_1m,test,1m,True,2,0.0,63.40972117921458,62.71572008820634,64.01411676760901,nih_exporter_c4,nih_exporter,63.40473913193378,64.65609086107253,63.40972117921458,0.0,62.71572008820634,64.01411676760901,1.2983966794026713,C4_SENSITIVITY_ONLY
A6_A7_test_1m,test,1m,True,3,0.004,56.21800029905407,55.61793983488175,56.5176883546498,nih_exporter_c4,nih_exporter,63.40473913193378,64.65609086107253,56.22300570597062,0.005005406916552602,55.61793983488175,56.52435396548306,0.9064141306013056,C4_SENSITIVITY_ONLY
A6_A7_test_1m,test,1m,True,4,0.0,60.5691299638632,59.92087249799828,60.872089841105286,nih_exporter_c4,nih_exporter,63.40473913193378,64.65609086107253,60.5691299638632,0.0,59.92087249799828,60.872089841105286,0.9512173431070039,C4_SENSITIVITY_ONLY
A6_A7_test_1m,test,1m,True,5,0.0,62.97220372289228,62.632573509307605,63.18886519132863,nih_exporter_c4,nih_exporter,63.40473913193378,64.65609086107253,62.97220372289228,0.0,62.632573509307605,63.18886519132863,0.5562916820210262,C4_SENSITIVITY_ONLY
A6_A7_test_1m,test,1m,True,6,0.0,58.26330123520848,57.33863246590432,59.07245177276327,nih_exporter_c4,nih_exporter,63.40473913193378,64.65609086107253,58.26330123520848,0.0,57.33863246590432,59.07245177276327,1.7338193068589547,C4_SENSITIVITY_ONLY
A6_A7_test_1m,test,1m,True,7,0.0,51.832182947054896,51.82425504191595,51.8372072062128,nih_exporter_c4,nih_exporter,63.40473913193378,64.65609086107253,51.832182947054896,0.0,51.82425504191595,51.8372072062128,0.012952164296855528,C4_SENSITIVITY_ONLY
A6_A7_test_1m,test,1m,True,8,0.0,60.78119113001566,60.69024263271613,60.86417724786449,nih_exporter_c4,nih_exporter,63.40473913193378,64.65609086107253,60.78119113001566,0.0,60.69024263271613,60.86417724786449,0.17393461514836162,C4_SENSITIVITY_ONLY
A6_A7_test_1m,test,1m,True,9,0.0209790209790209,62.347003726710994,60.33038280077616,64.26598126512954,nih_exporter_c4,nih_exporter,63.40473913193378,64.65609086107253,62.37325586088873,0.02625213417773864,60.33038280077616,64.30094076250678,3.970557961730627,C4_SENSITIVITY_ONLY
A6_A7_test_1m,test,1m,True,10,0.0,63.27635254940586,61.517025981084224,64.07187975690971,nih_exporter_c4,nih_exporter,63.40473913193378,64.65609086107253,63.27635254940586,0.0,61.517025981084224,64.07187975690971,2.5548537758254852,C4_SENSITIVITY_ONLY
A6_A7_test_1m,test,1m,True,11,0.0,57.65682469683417,55.96289512460098,59.33463067090042,nih_exporter_c4,nih_exporter,63.40473913193378,64.65609086107253,57.65682469683417,0.0,55.96289512460098,59.33463067090042,3.3717355462994334,C4_SENSITIVITY_ONLY
A6_A7_test_1m,test,1m,True,12,0.0,63.54906668461967,62.81410297666955,64.25243929648934,nih_exporter_c4,nih_exporter,63.40473913193378,64.65609086107253,63.54906668461967,0.0,62.81410297666955,64.25243929648934,1.4383363198197898,C4_SENSITIVITY_ONLY
A6_A7_test_1m,test,1m,True,13,0.0,56.40653443231444,55.55676988119584,56.78414628548029,nih_exporter_c4,nih_exporter,63.40473913193378,64.65609086107253,56.40653443231444,0.0,55.55676988119584,56.78414628548029,1.227376404284449,C4_SENSITIVITY_ONLY
A6_A7_test_1m,test,1m,True,14,0.0059940059940059,61.04646174849347,59.47862289737827,62.57541821465821,nih_exporter_c4,nih_exporter,63.40473913193378,64.65609086107253,61.05396235825854,0.007500609765067168,59.47862289737827,62.58540664248027,3.1067837451019997,C4_SENSITIVITY_ONLY
A6_A7_test_1m,test,1m,True,15,0.004,59.03862710563637,58.44952454379407,59.58500713463342,nih_exporter_c4,nih_exporter,63.40473913193378,64.65609086107253,59.043632512552925,0.005005406916552602,58.44952454379407,59.59167274546668,1.1421482016726117,C4_SENSITIVITY_ONLY
A6_A7_test_1m,test,1m,True,16,0.0,62.04525605421088,60.38751783089782,62.97531314428185,nih_exporter_c4,nih_exporter,63.40473913193378,64.65609086107253,62.04525605421088,0.0,60.38751783089782,62.97531314428185,2.587795313384028,C4_SENSITIVITY_ONLY
A6_A7_test_1m,test,1m,True,17,0.0,60.81886623001546,60.244477746108345,61.08482719704662,nih_exporter_c4,nih_exporter,63.40473913193378,64.65609086107253,60.81886623001546,0.0,60.244477746108345,61.08482719704662,0.8403494509382767,C4_SENSITIVITY_ONLY
A6_A7_test_1m,test,1m,True,18,0.0040120361083249,59.83388209833621,57.33017964802888,62.04102895014427,nih_exporter_c4,nih_exporter,63.40473913193378,64.65609086107253,59.83890256665773,0.005020468321518479,57.33017964802888,62.04771461798104,4.717534969952162,C4_SENSITIVITY_ONLY
A6_A7_test_1m,test,1m,True,19,0.0,54.87065391682959,53.84594099131415,55.75370515709514,nih_exporter_c4,nih_exporter,63.40473913193378,64.65609086107253,54.87065391682959,0.0,53.84594099131415,55.75370515709514,1.9077641657809892,C4_SENSITIVITY_ONLY
A6_A7_test_1m,test,1m,True,20,0.0,59.528698510089214,59.21032992362576,59.76866964303791,nih_exporter_c4,nih_exporter,63.40473913193378,64.65609086107253,59.528698510089214,0.0,59.21032992362576,59.76866964303791,0.5583397194121531,C4_SENSITIVITY_ONLY
A6_A7_test_1m,test,1m,True,21,0.014014014014014,60.3335690086242,58.2833357914294,61.84413592514514,nih_exporter_c4,nih_exporter,63.40473913193378,64.65609086107253,60.35110546929281,0.01753646066860881,58.2833357914294,61.86748891605246,3.5841531246230574,C4_SENSITIVITY_ONLY
A6_A7_test_1m,test,1m,True,22,0.0,57.24257329423022,55.44291713124537,59.71100779700736,nih_exporter_c4,nih_exporter,63.40473913193378,64.65609086107253,57.24257329423022,0.0,55.44291713124537,59.71100779700736,4.268090665761989,C4_SENSITIVITY_ONLY
A6_A7_test_1m,test,1m,True,23,0.0,59.76795071732259,58.45388723609208,60.81789903219732,nih_exporter_c4,nih_exporter,63.40473913193378,64.65609086107253,59.76795071732259,0.0,58.45388723609208,60.81789903219732,2.3640117961052383,C4_SENSITIVITY_ONLY
A6_A7_test_1m,test,1m,True,24,0.008,56.248302552883295,55.999742790702086,56.41029470130965,nih_exporter_c4,nih_exporter,63.40473913193378,64.65609086107253,56.25831336671641,0.010010813833112309,55.999742790702086,56.42362592297617,0.42388313227408503,C4_SENSITIVITY_ONLY
A6_A7_test_1m,test,1m,True,25,0.002,61.03148107782813,57.77597872115357,63.9896835495218,nih_exporter_c4,nih_exporter,63.40473913193378,64.65609086107253,61.03398378128641,0.002502703458276301,57.77597872115357,63.99301635493843,6.217037633784862,C4_SENSITIVITY_ONLY
A6_A7_test_1m,test,1m,True,26,0.0,63.76877719807879,63.59522061324132,63.83287723934917,nih_exporter_c4,nih_exporter,63.40473913193378,64.65609086107253,63.76877719807879,0.0,63.59522061324132,63.83287723934917,0.23765662610785654,C4_SENSITIVITY_ONLY
A6_A7_test_1m,test,1m,True,27,0.006,60.61625333530239,57.34948341112312,63.97970469629919,nih_exporter_c4,nih_exporter,63.40473913193378,64.65609086107253,60.623761445677225,0.007508110374836008,57.34948341112312,63.98970311254908,6.640219701425963,C4_SENSITIVITY_ONLY
A6_A7_test_1m,test,1m,True,28,0.0,58.01451836650069,56.77251088024532,59.4732120929544,nih_exporter_c4,nih_exporter,63.40473913193378,64.65609086107253,58.01451836650069,0.0,56.77251088024532,59.4732120929544,2.7007012127090775,C4_SENSITIVITY_ONLY
A6_A7_test_1m,test,1m,True,29,0.0,55.21995667845218,55.12638472295606,55.26413465792475,nih_exporter_c4,nih_exporter,63.40473913193378,64.65609086107253,55.21995667845218,0.0,55.12638472295606,55.26413465792475,0.1377499349686886,C4_SENSITIVITY_ONLY
A6_A7_test_1m,test,1m,True,30,0.0,61.40742345012261,59.52957095712961,62.68830701414187,nih_exporter_c4,nih_exporter,63.40473913193378,64.65609086107253,61.40742345012261,0.0,59.52957095712961,62.68830701414187,3.1587360570122627,C4_SENSITIVITY_ONLY
A6_A7_test_1m,test,1m,True,31,0.002,57.69600870953806,56.261786622659095,58.66586102150546,nih_exporter_c4,nih_exporter,63.40473913193378,64.65609086107253,57.69851141299634,0.002502703458276301,56.261786622659095,58.66919382692209,2.407407204262995,C4_SENSITIVITY_ONLY
A6_A7_test_1m,test,1m,True,32,0.0,62.37051568983851,60.35294767841537,63.71774666308108,nih_exporter_c4,nih_exporter,63.40473913193378,64.65609086107253,62.37051568983851,0.0,60.35294767841537,63.71774666308108,3.364798984665711,C4_SENSITIVITY_ONLY
A6_A7_test_1m,test,1m,True,33,0.035035035035035,62.61044002852123,62.0633301352761,62.864405746160585,nih_exporter_c4,nih_exporter,63.40473913193378,64.65609086107253,62.65428118019276,0.04384115167152913,62.0633301352761,62.92278822342888,0.8594580881527847,C4_SENSITIVITY_ONLY
A6_A7_test_1m,test,1m,True,34,0.0,60.31395383691235,59.69408560696843,60.64447707835715,nih_exporter_c4,nih_exporter,63.40473913193378,64.65609086107253,60.31395383691235,0.0,59.69408560696843,60.64447707835715,0.9503914713887198,C4_SENSITIVITY_ONLY
A6_A7_test_1m,test,1m,True,35,0.009,62.22685498205431,61.31785942222993,62.57769899301742,nih_exporter_c4,nih_exporter,63.40473913193378,64.65609086107253,62.23811714761656,0.011262165562250459,61.31785942222993,62.59269661739226,1.274837195162327,C4_SENSITIVITY_ONLY
A6_A7_test_1m,test,1m,True,36,0.012,60.61808077549649,59.28266331246813,61.369820836688575,nih_exporter_c4,nih_exporter,63.40473913193378,64.65609086107253,60.63309699624615,0.01501622074966491,59.28266331246813,61.38981766918835,2.1071543567202227,C4_SENSITIVITY_ONLY
A6_A7_test_1m,test,1m,True,37,0.0,56.05516326385042,55.32039742701019,56.384639107374575,nih_exporter_c4,nih_exporter,63.40473913193378,64.65609086107253,56.05516326385042,0.0,55.32039742701019,56.384639107374575,1.0642416803643826,C4_SENSITIVITY_ONLY
A6_A7_test_1m,test,1m,True,38,0.0,58.71188187696299,57.77131382718156,59.12341237395364,nih_exporter_c4,nih_exporter,63.40473913193378,64.65609086107253,58.71188187696299,0.0,57.77131382718156,59.12341237395364,1.3520985467720834,C4_SENSITIVITY_ONLY
A6_A7_test_1m,test,1m,True,39,0.0,62.76233377257159,61.9157429218796,63.190255316936216,nih_exporter_c4,nih_exporter,63.40473913193378,64.65609086107253,62.76233377257159,0.0,61.9157429218796,63.190255316936216,1.2745123950566182,C4_SENSITIVITY_ONLY
A6_A7_test_1m,test,1m,True,40,0.001001001001001,60.59251727940561,60.127737018310974,61.17966228966852,nih_exporter_c4,nih_exporter,63.40473913193378,64.65609086107253,60.593769883739085,0.001252604333473073,60.127737018310974,61.18133036044762,1.0535933421366437,C4_SENSITIVITY_ONLY
A6_A7_test_1m,test,1m,True,41,0.001,61.65580498272416,60.12857239173427,62.64606131209467,nih_exporter_c4,nih_exporter,63.40473913193378,64.65609086107253,61.6570563344533,0.0012513517291381504,60.12857239173427,62.64772771480299,2.5191553230687234,C4_SENSITIVITY_ONLY
A6_A7_test_1m,test,1m,True,42,0.0209790209790209,61.43788559764158,60.0053986316938,62.62448217903577,nih_exporter_c4,nih_exporter,63.40473913193378,64.65609086107253,61.46413773181932,0.02625213417773864,60.0053986316938,62.65944167641301,2.6540430447192094,C4_SENSITIVITY_ONLY
A6_A7_test_1m,test,1m,True,43,0.005,61.47814732949036,61.464371671257126,61.48378048945596,nih_exporter_c4,nih_exporter,63.40473913193378,64.65609086107253,61.48440408813605,0.006256758645690752,61.464371671257126,61.492112502997536,0.027740831740409533,C4_SENSITIVITY_ONLY
A6_A7_test_1m,test,1m,True,44,0.0,60.404221965362666,57.916654732343005,63.17354344730494,nih_exporter_c4,nih_exporter,63.40473913193378,64.65609086107253,60.404221965362666,0.0,57.916654732343005,63.17354344730494,5.256888714961931,C4_SENSITIVITY_ONLY
A6_A7_test_1m,test,1m,True,45,0.001,63.18386814240382,61.67465255339616,64.12014217704859,nih_exporter_c4,nih_exporter,63.40473913193378,64.65609086107253,63.185119494132955,0.0012513517291381504,61.67465255339616,64.1218085797569,2.4471560263607444,C4_SENSITIVITY_ONLY
A6_A7_test_1m,test,1m,True,46,0.005005005005005,61.5381407578536,61.290388568501584,61.646294002401866,nih_exporter_c4,nih_exporter,63.40473913193378,64.65609086107253,61.544403779520955,0.0062630216673582595,61.290388568501584,61.654634356297336,0.36424578779575256,C4_SENSITIVITY_ONLY
A6_A7_test_1m,test,1m,True,47,0.007007007007007,60.161350933133086,57.73171954458863,62.69705425450033,nih_exporter_c4,nih_exporter,63.40473913193378,64.65609086107253,60.17011916346739,0.008768230334304405,57.73171954458863,62.708730749953986,4.977011205365358,C4_SENSITIVITY_ONLY
A6_A7_test_1m,test,1m,True,48,0.0,55.62702814129713,54.961135168022274,55.97857795351033,nih_exporter_c4,nih_exporter,63.40473913193378,64.65609086107253,55.62702814129713,0.0,54.961135168022274,55.97857795351033,1.0174427854880577,C4_SENSITIVITY_ONLY
A6_A7_test_1m,test,1m,True,49,0.0,61.32219162173639,61.09740433597638,61.660724128785326,nih_exporter_c4,nih_exporter,63.40473913193378,64.65609086107253,61.32219162173639,0.0,61.09740433597638,61.660724128785326,0.5633197928089473,C4_SENSITIVITY_ONLY
A6_A7_test_1m,test,1m,True,50,0.0,60.18243830862772,58.83069319318216,61.02324534128245,nih_exporter_c4,nih_exporter,63.40473913193378,64.65609086107253,60.18243830862772,0.0,58.83069319318216,61.02324534128245,2.1925521481002903,C4_SENSITIVITY_ONLY
A6_A7_test_1m,test,1m,True,51,0.0,60.60877774881936,59.55019198357805,61.07399273782257,nih_exporter_c4,nih_exporter,63.40473913193378,64.65609086107253,60.60877774881936,0.0,59.55019198357805,61.07399273782257,1.5238007542445189,C4_SENSITIVITY_ONLY
A6_A7_test_1m,test,1m,True,52,0.0,61.60852742841308,59.58239980351784,62.60157571883304,nih_exporter_c4,nih_exporter,63.40473913193378,64.65609086107253,61.60852742841308,0.0,59.58239980351784,62.60157571883304,3.019175915315202,C4_SENSITIVITY_ONLY
A6_A7_test_1m,test,1m,True,53,0.0,61.71676816843448,59.676782955260926,63.291411560125546,nih_exporter_c4,nih_exporter,63.40473913193378,64.65609086107253,61.71676816843448,0.0,59.676782955260926,63.291411560125546,3.6146286048646203,C4_SENSITIVITY_ONLY
A6_A7_test_1m,test,1m,True,54,0.0039960039960039,63.33497192878741,62.86869159519164,63.75759763047514,nih_exporter_c4,nih_exporter,63.40473913193378,64.65609086107253,63.33997233529745,0.00500040651004241,62.86869159519164,63.764256582356516,0.8955649871648745,C4_SENSITIVITY_ONLY
A6_A7_test_1m,test,1m,True,55,0.0,62.609643212869294,61.14161410783316,63.25732552727273,nih_exporter_c4,nih_exporter,63.40473913193378,64.65609086107253,62.609643212869294,0.0,61.14161410783316,63.25732552727273,2.115711419439563,C4_SENSITIVITY_ONLY
A6_A7_test_1m,test,1m,True,56,0.002,62.76680345698766,61.31555752844155,63.41022510001909,nih_exporter_c4,nih_exporter,63.40473913193378,64.65609086107253,62.769306160445936,0.002502703458276301,61.31555752844155,63.413557905435724,2.0980003769941717,C4_SENSITIVITY_ONLY
A6_A7_test_1m,test,1m,True,57,0.0,63.06805649975109,60.59987393639249,64.3230756511424,nih_exporter_c4,nih_exporter,63.40473913193378,64.65609086107253,63.06805649975109,0.0,60.59987393639249,64.3230756511424,3.723201714749912,C4_SENSITIVITY_ONLY
A6_A7_test_1m,test,1m,True,58,0.023,62.38843996451571,61.54120570844459,62.83277892755388,nih_exporter_c4,nih_exporter,63.40473913193378,64.65609086107253,62.4172210542859,0.02878108977019167,61.54120570844459,62.87110618984513,1.3299004814005357,C4_SENSITIVITY_ONLY
A6_A7_test_1m,test,1m,True,59,0.023023023023023,61.44323236092639,59.28735776459155,63.25683271591197,nih_exporter_c4,nih_exporter,63.40473913193378,64.65609086107253,61.47204226059625,0.028809899669859362,59.28735776459155,63.29519834383113,4.007840579239584,C4_SENSITIVITY_ONLY
A6_A7_test_1m,test,1m,True,60,0.007007007007007,62.23869755975205,62.05057913426763,62.4199401482651,nih_exporter_c4,nih_exporter,63.40473913193378,64.65609086107253,62.24746579008635,0.008768230334304405,62.05057913426763,62.431616643718755,0.3810375094511258,C4_SENSITIVITY_ONLY
A6_A7_test_1m,test,1m,True,61,0.0,63.53351778948607,63.53351778948607,63.53351778948607,nih_exporter_c4,nih_exporter,63.40473913193378,64.65609086107253,63.53351778948607,0.0,63.53351778948607,63.53351778948607,0.0,C4_SENSITIVITY_ONLY
A6_A7_test_1m,test,1m,True,62,0.0,62.981595415567305,62.8581355570484,63.08947713937182,nih_exporter_c4,nih_exporter,63.40473913193378,64.65609086107253,62.981595415567305,0.0,62.8581355570484,63.08947713937182,0.23134158232342372,C4_SENSITIVITY_ONLY
A6_A7_test_1m,test,1m,True,63,0.019,59.75156372062323,56.74706785548885,64.29591364486677,nih_exporter_c4,nih_exporter,63.40473913193378,64.65609086107253,59.77533940347687,0.02377568285363907,56.74706785548885,64.32757529632475,7.580507440835902,C4_SENSITIVITY_ONLY
A6_A7_test_1m,test,1m,True,64,0.0,60.54930100549522,58.63778235862512,61.98823392130327,nih_exporter_c4,nih_exporter,63.40473913193378,64.65609086107253,60.54930100549522,0.0,58.63778235862512,61.98823392130327,3.3504515626781526,C4_SENSITIVITY_ONLY
A6_A7_test_1m,test,1m,True,65,0.004004004004004,62.41323444752325,62.40400989412382,62.416962058420665,nih_exporter_c4,nih_exporter,63.40473913193378,64.65609086107253,62.418244864857144,0.005010417333892292,62.40400989412382,62.423634341537046,0.019624447413228552,C4_SENSITIVITY_ONLY
A6_A7_test_1m,test,1m,True,66,0.0,60.33638231242879,57.710258603472354,64.31212726062277,nih_exporter_c4,nih_exporter,63.40473913193378,64.65609086107253,60.33638231242879,0.0,57.710258603472354,64.31212726062277,6.601868657150419,C4_SENSITIVITY_ONLY
A6_A7_test_1m,test,1m,True,67,0.009,62.27902493782339,62.15646672374482,62.33011741366066,nih_exporter_c4,nih_exporter,63.40473913193378,64.65609086107253,62.29028710338564,0.011262165562250459,62.15646672374482,62.345115038035495,0.18864831429067408,C4_SENSITIVITY_ONLY
A6_A7_test_1m,test,1m,True,68,0.0009980039920159,61.61288749599015,61.184740425609824,61.949257438709935,nih_exporter_c4,nih_exporter,63.40473913193378,64.65609086107253,61.61413635001125,0.0012488540210995325,61.184740425609824,61.95092051526514,0.7661800896553146,C4_SENSITIVITY_ONLY
A6_A7_test_1m,test,1m,True,69,0.001,59.82703152959528,57.48202518475352,62.19549828376528,nih_exporter_c4,nih_exporter,63.40473913193378,64.65609086107253,59.82828288132442,0.0012513517291381504,57.48202518475352,62.1971646864736,4.715139501720081,C4_SENSITIVITY_ONLY
A6_A7_test_1m,test,1m,True,70,0.0,63.07012586670808,63.03494067180648,63.09261180288767,nih_exporter_c4,nih_exporter,63.40473913193378,64.65609086107253,63.07012586670808,0.0,63.03494067180648,63.09261180288767,0.05767113108118593,C4_SENSITIVITY_ONLY
A6_A7_test_1m,test,1m,True,71,0.0,60.629718624889016,59.65252804507379,61.001560941717145,nih_exporter_c4,nih_exporter,63.40473913193378,64.65609086107253,60.629718624889016,0.0,59.65252804507379,61.001560941717145,1.349032896643358,C4_SENSITIVITY_ONLY
A6_A7_test_1m,test,1m,True,72,0.0,61.35252170016647,59.458557711852926,63.878251082581286,nih_exporter_c4,nih_exporter,63.40473913193378,64.65609086107253,61.35252170016647,0.0,59.458557711852926,63.878251082581286,4.4196933707283605,C4_SENSITIVITY_ONLY
A6_A7_test_1m,test,1m,True,73,0.0080160320641282,63.350469904753695,61.25362516588942,64.27764029778446,nih_exporter_c4,nih_exporter,63.40473913193378,64.65609086107253,63.36050078033797,0.01003087558427751,61.25362516588942,64.29099823532606,3.03737306943664,C4_SENSITIVITY_ONLY
A6_A7_test_1m,test,1m,True,74,0.0,62.24157504013688,60.82685392039398,64.30151630130354,nih_exporter_c4,nih_exporter,63.40473913193378,64.65609086107253,62.24157504013688,0.0,60.82685392039398,64.30151630130354,3.4746623809095567,C4_SENSITIVITY_ONLY
A6_A7_test_1m,test,1m,True,75,0.006006006006006,62.24376941933645,60.90522004380616,63.013960824619325,nih_exporter_c4,nih_exporter,63.40473913193378,64.65609086107253,62.25128504533728,0.0075156260008313325,60.90522004380616,63.02396924929389,2.118749205487731,C4_SENSITIVITY_ONLY
A6_A7_test_1m,test,1m,True,76,0.0,61.4017438981549,60.00175968734038,62.58459689500637,nih_exporter_c4,nih_exporter,63.40473913193378,64.65609086107253,61.4017438981549,0.0,60.00175968734038,62.58459689500637,2.582837207665989,C4_SENSITIVITY_ONLY
A6_A7_test_1m,test,1m,True,77,0.0,62.267508399269126,62.16212896010998,62.29996358749207,nih_exporter_c4,nih_exporter,63.40473913193378,64.65609086107253,62.267508399269126,0.0,62.16212896010998,62.29996358749207,0.13783462738209096,C4_SENSITIVITY_ONLY
A6_A7_test_1m,test,1m,True,78,0.032032032032032,61.04483956636848,59.316930862962906,61.7989511981524,nih_exporter_c4,nih_exporter,63.40473913193378,64.65609086107253,61.08492290503959,0.040083338671109914,59.316930862962906,61.852329463083414,2.5353986001205087,C4_SENSITIVITY_ONLY
A6_A7_test_1m,test,1m,True,79,0.0,52.13150836622717,52.12473887470015,52.13444328379956,nih_exporter_c4,nih_exporter,63.40473913193378,64.65609086107253,52.13150836622717,0.0,52.12473887470015,52.13444328379956,0.00970440909941317,C4_SENSITIVITY_ONLY
A6_A7_test_1m,test,1m,True,80,0.0,63.02488852041614,61.0554279797865,63.95870963310576,nih_exporter_c4,nih_exporter,63.40473913193378,64.65609086107253,63.02488852041614,0.0,61.0554279797865,63.95870963310576,2.9032816533192616,C4_SENSITIVITY_ONLY
A6_A7_test_1m,test,1m,True,81,0.001001001001001,62.63196471214374,60.42841897577981,64.02035512294147,nih_exporter_c4,nih_exporter,63.40473913193378,64.65609086107253,62.633217316477214,0.001252604333473073,60.42841897577981,64.02202319372056,3.5936042179407437,C4_SENSITIVITY_ONLY
A6_A7_test_1m,test,1m,True,82,0.0,58.3413778290866,57.28840117181493,58.8262828098746,nih_exporter_c4,nih_exporter,63.40473913193378,64.65609086107253,58.3413778290866,0.0,57.28840117181493,58.8262828098746,1.537881638059666,C4_SENSITIVITY_ONLY
A6_A7_test_1m,test,1m,True,83,0.0,62.10611367432088,60.53325169989081,62.848834179551126,nih_exporter_c4,nih_exporter,63.40473913193378,64.65609086107253,62.10611367432088,0.0,60.53325169989081,62.848834179551126,2.315582479660314,C4_SENSITIVITY_ONLY
A6_A7_test_1m,test,1m,True,84,0.0,63.30323463965497,62.80870463158012,63.49500096587595,nih_exporter_c4,nih_exporter,63.40473913193378,64.65609086107253,63.30323463965497,0.0,62.80870463158012,63.49500096587595,0.6862963342958324,C4_SENSITIVITY_ONLY
A6_A7_test_1m,test,1m,True,85,0.002,57.52136373815516,56.364957569734216,58.05267587610436,nih_exporter_c4,nih_exporter,63.40473913193378,64.65609086107253,57.523866441613436,0.002502703458276301,56.364957569734216,58.05600868152099,1.691051111786777,C4_SENSITIVITY_ONLY
A6_A7_test_1m,test,1m,True,86,0.0,63.33343081370141,63.21006673020905,63.43446173321027,nih_exporter_c4,nih_exporter,63.40473913193378,64.65609086107253,63.33343081370141,0.0,63.21006673020905,63.43446173321027,0.22439500300122006,C4_SENSITIVITY_ONLY
A6_A7_test_1m,test,1m,True,87,0.0,59.31477872177568,56.250679256471535,64.22838077393203,nih_exporter_c4,nih_exporter,63.40473913193378,64.65609086107253,59.31477872177568,0.0,56.250679256471535,64.22838077393203,7.9777015174604955,C4_SENSITIVITY_ONLY
A6_A7_test_1m,test,1m,True,88,0.0,62.20287222427098,59.967913531029225,64.15875057405417,nih_exporter_c4,nih_exporter,63.40473913193378,64.65609086107253,62.20287222427098,0.0,59.967913531029225,64.15875057405417,4.190837043024942,C4_SENSITIVITY_ONLY
A6_A7_test_1m,test,1m,True,89,0.001,62.09024375390363,61.83392397851864,62.35628647116077,nih_exporter_c4,nih_exporter,63.40473913193378,64.65609086107253,62.09149510563277,0.0012513517291381504,61.83392397851864,62.35795287386909,0.5240288953504475,C4_SENSITIVITY_ONLY
A6_A7_test_1m,test,1m,True,90,0.0,59.64108097245275,58.7200039218559,60.349535346031,nih_exporter_c4,nih_exporter,63.40473913193378,64.65609086107253,59.64108097245275,0.0,58.7200039218559,60.349535346031,1.6295314241750987,C4_SENSITIVITY_ONLY
A6_A7_test_1m,test,1m,True,91,0.0,62.83349535826595,62.60179510992237,63.030245988694624,nih_exporter_c4,nih_exporter,63.40473913193378,64.65609086107253,62.83349535826595,0.0,62.60179510992237,63.030245988694624,0.42845087877225296,C4_SENSITIVITY_ONLY
A6_A7_test_1m,test,1m,True,92,0.0,60.645755594956114,58.489322017084646,62.72506594259247,nih_exporter_c4,nih_exporter,63.40473913193378,64.65609086107253,60.645755594956114,0.0,58.489322017084646,62.72506594259247,4.235743925507826,C4_SENSITIVITY_ONLY
A6_A7_test_1m,test,1m,True,93,0.01001001001001,57.218830739890166,56.24767602249483,57.62560258861967,nih_exporter_c4,nih_exporter,63.40473913193378,64.65609086107253,57.23135678322489,0.012526043334723624,56.24767602249483,57.64228329641061,1.3946072739157813,C4_SENSITIVITY_ONLY
A6_A7_test_1m,test,1m,True,94,0.0,62.31924166057822,61.50893807184063,62.949153932806446,nih_exporter_c4,nih_exporter,63.40473913193378,64.65609086107253,62.31924166057822,0.0,61.50893807184063,62.949153932806446,1.4402158609658144,C4_SENSITIVITY_ONLY
A6_A7_test_1m,test,1m,True,95,0.0,62.10137738547365,61.069046993836295,62.51421371454761,nih_exporter_c4,nih_exporter,63.40473913193378,64.65609086107253,62.10137738547365,0.0,61.069046993836295,62.51421371454761,1.4451667207113132,C4_SENSITIVITY_ONLY
A6_A7_test_1m,test,1m,True,96,0.0,62.03469837741846,61.15988666596384,62.444252251532085,nih_exporter_c4,nih_exporter,63.40473913193378,64.65609086107253,62.03469837741846,0.0,61.15988666596384,62.444252251532085,1.2843655855682456,C4_SENSITIVITY_ONLY
A6_A7_test_1m,test,1m,True,97,0.0,61.45640251320091,59.61776934343354,63.78590517720588,nih_exporter_c4,nih_exporter,63.40473913193378,64.65609086107253,61.45640251320091,0.0,59.61776934343354,63.78590517720588,4.168135833772347,C4_SENSITIVITY_ONLY
A6_A7_test_1m,test,1m,True,98,0.004,61.22010112412231,58.839490139862974,63.11927720838873,nih_exporter_c4,nih_exporter,63.40473913193378,64.65609086107253,61.22510653103886,0.005005406916552602,58.839490139862974,63.12594281922199,4.286452679359016,C4_SENSITIVITY_ONLY
A6_A7_test_1m,test,1m,True,99,0.0,60.74004529653456,59.17578194015701,62.78840490618595,nih_exporter_c4,nih_exporter,63.40473913193378,64.65609086107253,60.74004529653456,0.0,59.17578194015701,62.78840490618595,3.612622966028944,C4_SENSITIVITY_ONLY
A6_A7_test_1m,test,1m,True,100,0.002,62.04706759259917,60.17604925524407,63.64116658496098,nih_exporter_c4,nih_exporter,63.40473913193378,64.65609086107253,62.049570296057446,0.002502703458276301,60.17604925524407,63.64449939037761,3.468450135133544,C4_SENSITIVITY_ONLY
A6_A7_test_1m,test,1m,True,101,0.0109780439121756,60.47396527435355,57.2457000956111,63.55525124170568,nih_exporter_c4,nih_exporter,63.40473913193378,64.65609086107253,60.48770266858561,0.01373739423205933,57.2457000956111,63.57354508381293,6.327844988201832,C4_SENSITIVITY_ONLY
A6_A7_test_1m,test,1m,True,102,0.004,62.27269433203166,60.43761437485615,63.204542118976896,nih_exporter_c4,nih_exporter,63.40473913193378,64.65609086107253,62.277699738948215,0.005005406916552602,60.43761437485615,63.211207729810155,2.773593354954002,C4_SENSITIVITY_ONLY
A6_A7_test_1m,test,1m,True,103,0.0,60.57438041549023,58.52141745672058,62.18389560315545,nih_exporter_c4,nih_exporter,63.40473913193378,64.65609086107253,60.57438041549023,0.0,58.52141745672058,62.18389560315545,3.6624781464348715,C4_SENSITIVITY_ONLY
A6_A7_test_1m,test,1m,True,104,0.0,62.32548347175669,61.74533495711365,63.17690045756646,nih_exporter_c4,nih_exporter,63.40473913193378,64.65609086107253,62.32548347175669,0.0,61.74533495711365,63.17690045756646,1.4315655004528125,C4_SENSITIVITY_ONLY
A6_A7_test_1m,test,1m,True,105,0.0,61.31220102429149,59.817170599145314,62.96407940932588,nih_exporter_c4,nih_exporter,63.40473913193378,64.65609086107253,61.31220102429149,0.0,59.817170599145314,62.96407940932588,3.1469088101805696,C4_SENSITIVITY_ONLY
A6_A7_test_1m,test,1m,True,106,0.0,61.491692198814405,61.40060336996814,61.57090876947819,nih_exporter_c4,nih_exporter,63.40473913193378,64.65609086107253,61.491692198814405,0.0,61.40060336996814,61.57090876947819,0.17030539951004897,C4_SENSITIVITY_ONLY
A6_A7_test_1m,test,1m,True,107,0.0,63.59825485882663,62.86650643422111,64.06131952783593,nih_exporter_c4,nih_exporter,63.40473913193378,64.65609086107253,63.59825485882663,0.0,62.86650643422111,64.06131952783593,1.194813093614826,C4_SENSITIVITY_ONLY
A6_A7_test_1m,test,1m,True,108,0.0,59.85431021261646,58.420649717261234,60.83475676069977,nih_exporter_c4,nih_exporter,63.40473913193378,64.65609086107253,59.85431021261646,0.0,58.420649717261234,60.83475676069977,2.414107043438534,C4_SENSITIVITY_ONLY
A6_A7_test_1m,test,1m,True,109,0.0,64.1017421643832,63.89658204611453,64.17055219996845,nih_exporter_c4,nih_exporter,63.40473913193378,64.65609086107253,64.1017421643832,0.0,63.89658204611453,64.17055219996845,0.27397015385392365,C4_SENSITIVITY_ONLY
A6_A7_test_1m,test,1m,True,110,0.0,62.170492525905125,61.018151096328026,62.64946912461208,nih_exporter_c4,nih_exporter,63.40473913193378,64.65609086107253,62.170492525905125,0.0,61.018151096328026,62.64946912461208,1.6313180282840563,C4_SENSITIVITY_ONLY
A6_A7_test_1m,test,1m,True,111,0.0,62.73186035179894,62.455665593195874,62.84725157207211,nih_exporter_c4,nih_exporter,63.40473913193378,64.65609086107253,62.73186035179894,0.0,62.455665593195874,62.84725157207211,0.39158597887623614,C4_SENSITIVITY_ONLY
A6_A7_test_1m,test,1m,True,112,0.021021021021021,60.61452762428162,57.66199675854021,63.97192329669316,nih_exporter_c4,nih_exporter,63.40473913193378,64.65609086107253,60.640832315284534,0.026304691002913216,57.66199675854021,64.00695278305415,6.344956024513934,C4_SENSITIVITY_ONLY
A6_A7_test_1m,test,1m,True,113,0.0010030090270812,59.31987207421634,58.18424244447421,60.60596530794338,nih_exporter_c4,nih_exporter,63.40473913193378,64.65609086107253,59.321127191296725,0.0012551170803831724,58.18424244447421,60.60763672490257,2.4233942804283615,C4_SENSITIVITY_ONLY
A6_A7_test_1m,test,1m,True,114,0.0,62.58764476600154,60.97868863201176,63.40914701370449,nih_exporter_c4,nih_exporter,63.40473913193378,64.65609086107253,62.58764476600154,0.0,60.97868863201176,63.40914701370449,2.4304583816927305,C4_SENSITIVITY_ONLY
A6_A7_test_1m,test,1m,True,115,0.0,63.72803334537386,63.07364916442806,64.01174204403827,nih_exporter_c4,nih_exporter,63.40473913193378,64.65609086107253,63.72803334537386,0.0,63.07364916442806,64.01174204403827,0.9380928796102097,C4_SENSITIVITY_ONLY
A6_A7_test_1m,test,1m,True,116,0.002004008016032,61.81299828692577,61.340741865958734,62.15706070500404,nih_exporter_c4,nih_exporter,63.40473913193378,64.65609086107253,61.81550600582184,0.0025077188960693775,61.340741865958734,62.16040018938944,0.8196583234307084,C4_SENSITIVITY_ONLY
A6_A7_test_1m,test,1m,True,117,0.007,61.53381114513434,61.27818826107816,61.64912094943698,nih_exporter_c4,nih_exporter,63.40473913193378,64.65609086107253,61.54257060723831,0.008759462103974158,61.27818826107816,61.66078576839518,0.3825975073170227,C4_SENSITIVITY_ONLY
A6_A7_test_1m,test,1m,True,118,0.0,62.146206348271264,60.21725930475335,63.09729630847546,nih_exporter_c4,nih_exporter,63.40473913193378,64.65609086107253,62.146206348271264,0.0,60.21725930475335,63.09729630847546,2.8800370037221086,C4_SENSITIVITY_ONLY
A6_A7_test_1m,test,1m,True,119,0.0,60.596162494502174,59.95086742851272,60.94990112347136,nih_exporter_c4,nih_exporter,63.40473913193378,64.65609086107253,60.596162494502174,0.0,59.95086742851272,60.94990112347136,0.9990336949586407,C4_SENSITIVITY_ONLY
A6_A7_test_1m,test,1m,True,120,0.0279441117764471,60.364248228541655,58.60903470769821,63.00964361307773,nih_exporter_c4,nih_exporter,63.40473913193378,64.65609086107253,60.39921614113236,0.034967912590701644,58.60903470769821,63.05620975662346,4.447175048925253,C4_SENSITIVITY_ONLY
A6_A7_test_1m,test,1m,True,121,0.0499500499500499,56.31117434628307,56.0299106186043,56.43470210237419,nih_exporter_c4,nih_exporter,63.40473913193378,64.65609086107253,56.37367942765863,0.0625050813755621,56.0299106186043,56.517939000891424,0.4880283822871263,C4_SENSITIVITY_ONLY
A6_A7_test_1m,test,1m,True,122,0.046,60.11994508063846,58.869408320457175,60.6814462784989,nih_exporter_c4,nih_exporter,63.40473913193378,64.65609086107253,60.17750726017884,0.05756217954038334,58.869408320457175,60.7581008030814,1.8886924826242222,C4_SENSITIVITY_ONLY
A6_A7_test_1m,test,1m,True,123,0.0,62.99128908007299,61.9498872999677,63.43644601371649,nih_exporter_c4,nih_exporter,63.40473913193378,64.65609086107253,62.99128908007299,0.0,61.9498872999677,63.43644601371649,1.4865587137487921,C4_SENSITIVITY_ONLY
A6_A7_test_1m,test,1m,True,124,0.0,60.830378647978186,59.28286101179504,61.50224446323712,nih_exporter_c4,nih_exporter,63.40473913193378,64.65609086107253,60.830378647978186,0.0,59.28286101179504,61.50224446323712,2.219383451442077,C4_SENSITIVITY_ONLY
A6_A7_test_1m,test,1m,True,125,0.0,61.02251075226528,58.70255422504769,62.84513495223369,nih_exporter_c4,nih_exporter,63.40473913193378,64.65609086107253,61.02251075226528,0.0,58.70255422504769,62.84513495223369,4.142580727186001,C4_SENSITIVITY_ONLY
A6_A7_test_1m,test,1m,True,126,0.029029029029029,58.80122640772829,56.111129089451325,62.387231910215256,nih_exporter_c4,nih_exporter,63.40473913193378,64.65609086107253,58.837551933398984,0.0363255256706978,56.111129089451325,62.435605962808985,6.324476873357661,C4_SENSITIVITY_ONLY
A6_A7_test_1m,test,1m,True,127,0.0070140280561122,61.39634616701826,58.773018398159664,64.26877330188158,nih_exporter_c4,nih_exporter,63.40473913193378,64.65609086107253,61.4051231831545,0.008777016136242821,58.773018398159664,64.28046149723049,5.5074430990708265,C4_SENSITIVITY_ONLY
A6_A7_test_1m,test,1m,True,128,0.036,62.05591844008552,61.20015499167317,62.62632462190056,nih_exporter_c4,nih_exporter,63.40473913193378,64.65609086107253,62.100967102334515,0.04504866224899473,61.20015499167317,62.6863151193999,1.486160127726727,C4_SENSITIVITY_ONLY
A6_A7_test_1m,test,1m,True,129,0.0079920079920079,61.59265724902995,61.53862188613997,61.62527860122583,nih_exporter_c4,nih_exporter,63.40473913193378,64.65609086107253,61.60265806205004,0.010000813020091925,61.53862188613997,61.638596504988584,0.0999746188486128,C4_SENSITIVITY_ONLY
A6_A7_test_1m,test,1m,True,130,0.04,57.89342222081766,56.86899196705375,58.492723094877405,nih_exporter_c4,nih_exporter,63.40473913193378,64.65609086107253,57.94347628998321,0.05005406916554733,56.86899196705375,58.55937920321001,1.6903872361562549,C4_SENSITIVITY_ONLY
A6_A7_test_1m,test,1m,True,131,0.003,60.47399074619856,58.625372910218005,62.508494927532496,nih_exporter_c4,nih_exporter,63.40473913193378,64.65609086107253,60.477744801385974,0.003754055187414451,58.625372910218005,62.51349413565744,3.888121225439434,C4_SENSITIVITY_ONLY
A6_A7_test_1m,test,1m,True,132,0.0,61.327871413212925,61.05338629041656,61.53279361030658,nih_exporter_c4,nih_exporter,63.40473913193378,64.65609086107253,61.327871413212925,0.0,61.05338629041656,61.53279361030658,0.47940731989001506,C4_SENSITIVITY_ONLY
A6_A7_test_1m,test,1m,True,133,0.0,61.85536856556392,59.8575329883864,62.77088335835136,nih_exporter_c4,nih_exporter,63.40473913193378,64.65609086107253,61.85536856556392,0.0,59.8575329883864,62.77088335835136,2.9133503699649594,C4_SENSITIVITY_ONLY
A6_A7_test_1m,test,1m,True,134,0.0,63.14400193166222,62.30973171110048,63.76575905167612,nih_exporter_c4,nih_exporter,63.40473913193378,64.65609086107253,63.14400193166222,0.0,62.30973171110048,63.76575905167612,1.4560273405756377,C4_SENSITIVITY_ONLY
A6_A7_test_1m,test,1m,True,135,0.0,54.86484703741738,53.53061174361228,57.00781454929723,nih_exporter_c4,nih_exporter,63.40473913193378,64.65609086107253,54.86484703741738,0.0,53.53061174361228,57.00781454929723,3.4772028056849464,C4_SENSITIVITY_ONLY
A6_A7_test_1m,test,1m,True,136,0.0,62.1333773402359,60.38047561469128,62.98635318529735,nih_exporter_c4,nih_exporter,63.40473913193378,64.65609086107253,62.1333773402359,0.0,60.38047561469128,62.98635318529735,2.6058775706060686,C4_SENSITIVITY_ONLY
A6_A7_test_1m,test,1m,True,137,0.0,59.322288660944864,57.69279173556131,60.919056735623535,nih_exporter_c4,nih_exporter,63.40473913193378,64.65609086107253,59.322288660944864,0.0,57.69279173556131,60.919056735623535,3.2262650000622273,C4_SENSITIVITY_ONLY
A6_A7_test_1m,test,1m,True,138,0.0,54.95722224496942,54.45903455683335,55.173211849863954,nih_exporter_c4,nih_exporter,63.40473913193378,64.65609086107253,54.95722224496942,0.0,54.45903455683335,55.173211849863954,0.7141772930306018,C4_SENSITIVITY_ONLY
A6_A7_test_1m,test,1m,True,139,0.0,62.590907323410605,62.56661016357106,62.60219299693559,nih_exporter_c4,nih_exporter,63.40473913193378,64.65609086107253,62.590907323410605,0.0,62.56661016357106,62.60219299693559,0.035582833364529165,C4_SENSITIVITY_ONLY
A6_A7_test_1m,test,1m,True,140,0.0269999999999999,60.56314669689577,58.20147663062801,63.547578756666695,nih_exporter_c4,nih_exporter,63.40473913193378,64.65609086107253,60.596933193582515,0.03378649668674427,58.20147663062801,63.5925716297912,5.391094999163194,C4_SENSITIVITY_ONLY
A6_A7_test_1m,test,1m,True,141,0.018018018018018,56.54499484264142,56.1753625587064,56.77396950223751,nih_exporter_c4,nih_exporter,63.40473913193378,64.65609086107253,56.56754172064392,0.022546878002501103,56.1753625587064,56.803994776261206,0.6286322175548094,C4_SENSITIVITY_ONLY
A6_A7_test_1m,test,1m,True,142,0.0,60.66633629159466,60.28626188691623,60.89232203058713,nih_exporter_c4,nih_exporter,63.40473913193378,64.65609086107253,60.66633629159466,0.0,60.28626188691623,60.89232203058713,0.6060601436709021,C4_SENSITIVITY_ONLY
A6_A7_test_1m,test,1m,True,143,0.041041041041041,60.21035472579212,58.61285998543545,61.92490040494498,nih_exporter_c4,nih_exporter,63.40473913193378,64.65609086107253,60.26171150346448,0.051356777672360465,58.61285998543545,61.99329130688784,3.3804313214523916,C4_SENSITIVITY_ONLY
A6_A7_test_1m,test,1m,True,144,0.0,61.62070048803734,59.98544211570553,62.42004993783962,nih_exporter_c4,nih_exporter,63.40473913193378,64.65609086107253,61.62070048803734,0.0,59.98544211570553,62.42004993783962,2.4346078221340903,C4_SENSITIVITY_ONLY
A6_A7_test_1m,test,1m,True,145,0.0009990009990009,58.24463776409124,58.01953186134472,58.41415609577109,nih_exporter_c4,nih_exporter,63.40473913193378,64.65609086107253,58.24588786571875,0.0012501016275123789,58.01953186134472,58.415820833741435,0.396288972396718,C4_SENSITIVITY_ONLY
A6_A7_test_1m,test,1m,True,146,0.0,62.0000911983028,61.101995763435006,62.39909991496161,nih_exporter_c4,nih_exporter,63.40473913193378,64.65609086107253,62.0000911983028,0.0,61.101995763435006,62.39909991496161,1.2971041515266037,C4_SENSITIVITY_ONLY
A6_A7_test_1m,test,1m,True,147,0.0,58.51550350838741,58.18015153044182,58.82627360904824,nih_exporter_c4,nih_exporter,63.40473913193378,64.65609086107253,58.51550350838741,0.0,58.18015153044182,58.82627360904824,0.6461220786064246,C4_SENSITIVITY_ONLY
A6_A7_test_1m,test,1m,True,148,0.04004004004004,60.32619656954687,57.64367885742412,62.520988096369294,nih_exporter_c4,nih_exporter,63.40473913193378,64.65609086107253,60.37630074288576,0.05010417333888739,57.64367885742412,62.58771092753306,4.944032070108939,C4_SENSITIVITY_ONLY
A6_A7_test_1m,test,1m,True,149,0.0,56.0395971474491,55.15476402316504,56.70889311464567,nih_exporter_c4,nih_exporter,63.40473913193378,64.65609086107253,56.0395971474491,0.0,55.15476402316504,56.70889311464567,1.5541290914806254,C4_SENSITIVITY_ONLY
A6_A7_test_1m,test,1m,True,150,0.0189810189810189,61.91122218219541,58.97592636103283,64.05101103856329,nih_exporter_c4,nih_exporter,63.40473913193378,64.65609086107253,61.93497411311812,0.023751930922713882,58.97592636103283,64.08264105999984,5.106714698967011,C4_SENSITIVITY_ONLY
A6_A7_test_1m,test,1m,True,151,0.0009990009990009,61.66358108914491,60.69467190312215,62.317715606271925,nih_exporter_c4,nih_exporter,63.40473913193378,64.65609086107253,61.664831190772425,0.0012501016275123789,60.69467190312215,62.31938034424227,1.62470844112012,C4_SENSITIVITY_ONLY
A6_A7_test_1m,test,1m,True,152,0.0499500499500499,61.90944538795147,60.13040635954681,63.1587245818408,nih_exporter_c4,nih_exporter,63.40473913193378,64.65609086107253,61.971950469327034,0.0625050813755621,60.13040635954681,63.241961480358036,3.111555120811225,C4_SENSITIVITY_ONLY
A6_A7_test_1m,test,1m,True,153,0.0089910089910089,59.883512497296806,58.73039799175778,60.521869550984434,nih_exporter_c4,nih_exporter,63.40473913193378,64.65609086107253,59.89476341194441,0.011250914647604304,58.73039799175778,60.53685219271754,1.806454200959756,C4_SENSITIVITY_ONLY
A6_A7_test_1m,test,1m,True,154,0.016,57.66577921919049,57.44634650217002,57.82003731952189,nih_exporter_c4,nih_exporter,63.40473913193378,64.65609086107253,57.68580084685671,0.020021627666217512,57.44634650217002,57.846699762854925,0.40035326068490207,C4_SENSITIVITY_ONLY
A6_A7_test_1m,test,1m,True,155,0.0059820538384845,60.61782530402283,58.59462169278732,62.94318157254331,nih_exporter_c4,nih_exporter,63.40473913193378,64.65609086107253,60.62531095743742,0.007485653414590843,58.59462169278732,62.95315008326104,4.358528390473722,C4_SENSITIVITY_ONLY
A6_A7_test_1m,test,1m,True,156,0.0,62.51027270721897,60.63753952205813,63.46143429233254,nih_exporter_c4,nih_exporter,63.40473913193378,64.65609086107253,62.51027270721897,0.0,60.63753952205813,63.46143429233254,2.823894770274414,C4_SENSITIVITY_ONLY
A6_A7_test_1m,test,1m,True,157,0.0,60.33337713235646,59.89191414666367,60.76857423753663,nih_exporter_c4,nih_exporter,63.40473913193378,64.65609086107253,60.33337713235646,0.0,59.89191414666367,60.76857423753663,0.87666009087296,C4_SENSITIVITY_ONLY
A6_A7_test_1m,test,1m,True,158,0.0,63.41257920580292,62.42988917179386,63.84521204462824,nih_exporter_c4,nih_exporter,63.40473913193378,64.65609086107253,63.41257920580292,0.0,62.42988917179386,63.84521204462824,1.4153228728343805,C4_SENSITIVITY_ONLY
A6_A7_test_1m,test,1m,True,159,0.0,54.25073672796567,53.40921257863089,54.90618639911634,nih_exporter_c4,nih_exporter,63.40473913193378,64.65609086107253,54.25073672796567,0.0,53.40921257863089,54.90618639911634,1.4969738204854508,C4_SENSITIVITY_ONLY
A6_A7_test_1m,test,1m,True,160,0.006,60.89385859410706,58.740117074773,62.17307954787854,nih_exporter_c4,nih_exporter,63.40473913193378,64.65609086107253,60.901366704481894,0.007508110374836008,58.740117074773,62.18307796412843,3.442960889355426,C4_SENSITIVITY_ONLY
A6_A7_test_1m,test,1m,True,161,0.001,63.6142879061808,63.003002544356086,64.12568515834224,nih_exporter_c4,nih_exporter,63.40473913193378,64.65609086107253,63.61553925790994,0.0012513517291381504,63.003002544356086,64.12735156105055,1.1243490166944596,C4_SENSITIVITY_ONLY
A6_A7_test_1m,test,1m,True,162,0.0,54.770303190316135,53.58905611631882,56.09055255027299,nih_exporter_c4,nih_exporter,63.40473913193378,64.65609086107253,54.770303190316135,0.0,53.58905611631882,56.09055255027299,2.5014964339541663,C4_SENSITIVITY_ONLY
A6_A7_test_1m,test,1m,True,163,0.0299700299700299,62.19315502722692,61.6946149916274,62.419405432339815,nih_exporter_c4,nih_exporter,63.40473913193378,64.65609086107253,62.23065807605226,0.03750304882533584,61.6946149916274,62.46934757145016,0.7747325798227607,C4_SENSITIVITY_ONLY
A6_A7_test_1m,test,1m,True,164,0.0179820179820179,60.49282090983682,59.167924321641486,61.66876795704908,nih_exporter_c4,nih_exporter,63.40473913193378,64.65609086107253,60.515322739132024,0.022501829295201503,59.167924321641486,61.69873324051528,2.530808918873795,C4_SENSITIVITY_ONLY
A6_A7_test_1m,test,1m,True,165,0.028028028028028,60.68338148427762,58.01981548241989,63.04970580190869,nih_exporter_c4,nih_exporter,63.40473913193378,64.65609086107253,60.71845440561484,0.03507292133722473,58.01981548241989,63.096411783723326,5.076596301303439,C4_SENSITIVITY_ONLY
A6_A7_test_1m,test,1m,True,166,0.0189810189810189,60.94396410075412,58.784759390599575,62.95051737693087,nih_exporter_c4,nih_exporter,63.40473913193378,64.65609086107253,60.96771603167684,0.023751930922713882,58.784759390599575,62.98214739836742,4.197388007767842,C4_SENSITIVITY_ONLY
A6_A7_test_1m,test,1m,True,167,0.002002002002002,59.681539683432725,58.16927526414163,60.52926953117888,nih_exporter_c4,nih_exporter,63.40473913193378,64.65609086107253,59.68404489209967,0.002505208666946146,58.16927526414163,60.53260567273707,2.363330408595438,C4_SENSITIVITY_ONLY
A6_A7_test_1m,test,1m,True,168,0.0,60.849480390951925,60.3613552052646,61.2990447844059,nih_exporter_c4,nih_exporter,63.40473913193378,64.65609086107253,60.849480390951925,0.0,60.3613552052646,61.2990447844059,0.9376895791412991,C4_SENSITIVITY_ONLY
A6_A7_test_1m,test,1m,True,169,0.001,62.8529137121227,60.92991815002647,63.60779032916681,nih_exporter_c4,nih_exporter,63.40473913193378,64.65609086107253,62.85416506385184,0.0012513517291381504,60.92991815002647,63.60945673187513,2.679538581848661,C4_SENSITIVITY_ONLY
A6_A7_test_1m,test,1m,True,170,0.0009990009990009,63.51640976366303,62.72173356429075,63.94736301196231,nih_exporter_c4,nih_exporter,63.40473913193378,64.65609086107253,63.51765986529054,0.0012501016275123789,62.72173356429075,63.949027749932654,1.2272941856419024,C4_SENSITIVITY_ONLY
A6_A7_test_1m,test,1m,True,171,0.0,61.591488416126666,60.8747594161097,61.997267769871776,nih_exporter_c4,nih_exporter,63.40473913193378,64.65609086107253,61.591488416126666,0.0,60.8747594161097,61.997267769871776,1.122508353762079,C4_SENSITIVITY_ONLY
A6_A7_test_1m,test,1m,True,172,0.0,62.75118040444,62.1804089903921,63.18403130216429,nih_exporter_c4,nih_exporter,63.40473913193378,64.65609086107253,62.75118040444,0.0,62.1804089903921,63.18403130216429,1.0036223117721903,C4_SENSITIVITY_ONLY
A6_A7_test_1m,test,1m,True,173,0.0,63.65553907899648,62.96024286634163,64.04107430724278,nih_exporter_c4,nih_exporter,63.40473913193378,64.65609086107253,63.65553907899648,0.0,62.96024286634163,64.04107430724278,1.0808314409011501,C4_SENSITIVITY_ONLY
A6_A7_test_1m,test,1m,True,174,0.001001001001001,54.792680103743045,54.35771446497199,55.3459174876949,nih_exporter_c4,nih_exporter,63.40473913193378,64.65609086107253,54.79393270807652,0.001252604333473073,54.35771446497199,55.347585558473995,0.9898710935020034,C4_SENSITIVITY_ONLY
A6_A7_test_1m,test,1m,True,175,0.02,58.965524451318736,57.50922144613718,59.776417709850485,nih_exporter_c4,nih_exporter,63.40473913193378,64.65609086107253,58.99055148590151,0.02502703458277722,57.50922144613718,59.80974576401679,2.3005243178796064,C4_SENSITIVITY_ONLY
A6_A7_test_1m,test,1m,True,176,0.0,62.48835147946855,60.47764172381879,64.01423323058638,nih_exporter_c4,nih_exporter,63.40473913193378,64.65609086107253,62.48835147946855,0.0,60.47764172381879,64.01423323058638,3.536591506767593,C4_SENSITIVITY_ONLY
A6_A7_test_1m,test,1m,True,177,0.0,63.44429438935549,62.36682861627718,64.20238557164087,nih_exporter_c4,nih_exporter,63.40473913193378,64.65609086107253,63.44429438935549,0.0,62.36682861627718,64.20238557164087,1.8355569553636926,C4_SENSITIVITY_ONLY
A6_A7_test_1m,test,1m,True,178,0.0,59.22000195697839,57.5925575224465,61.15086712016286,nih_exporter_c4,nih_exporter,63.40473913193378,64.65609086107253,59.22000195697839,0.0,57.5925575224465,61.15086712016286,3.5583095977163595,C4_SENSITIVITY_ONLY
A6_A7_test_1m,test,1m,True,179,0.0,62.76694515442688,61.45571324191358,63.82985978155279,nih_exporter_c4,nih_exporter,63.40473913193378,64.65609086107253,62.76694515442688,0.0,61.45571324191358,63.82985978155279,2.374146539639213,C4_SENSITIVITY_ONLY
A6_A7_test_1m,test,1m,True,180,0.0149850149850149,59.79809226696967,57.3623010306778,63.35431079373915,nih_exporter_c4,nih_exporter,63.40473913193378,64.65609086107253,59.81684379138234,0.018751524412671472,57.3623010306778,63.379281863294324,6.016980832616525,C4_SENSITIVITY_ONLY
A6_A7_test_1m,test,1m,True,181,0.0,60.48310484260209,59.16542465077088,61.84740795558144,nih_exporter_c4,nih_exporter,63.40473913193378,64.65609086107253,60.48310484260209,0.0,59.16542465077088,61.84740795558144,2.681983304810558,C4_SENSITIVITY_ONLY
A6_A7_test_1m,test,1m,True,182,0.0049950049950049,62.62709986570045,61.857905388622726,63.47053872198295,nih_exporter_c4,nih_exporter,63.40473913193378,64.65609086107253,62.633350373838006,0.006250508137554789,61.857905388622726,63.47886241183467,1.6209570232119432,C4_SENSITIVITY_ONLY
A6_A7_test_1m,test,1m,True,183,0.0,59.97387163879272,57.49650699852239,63.9052943352929,nih_exporter_c4,nih_exporter,63.40473913193378,64.65609086107253,59.97387163879272,0.0,57.49650699852239,63.9052943352929,6.408787336770509,C4_SENSITIVITY_ONLY
A6_A7_test_1m,test,1m,True,184,0.0359640359640359,62.67219256582439,62.36783888529399,62.89781660500902,nih_exporter_c4,nih_exporter,63.40473913193378,64.65609086107253,62.71719622441479,0.045003658590403006,62.36783888529399,62.95774717194143,0.5899082866474359,C4_SENSITIVITY_ONLY
A6_A7_test_1m,test,1m,True,185,0.0,64.1772501175528,64.15245161383756,64.21010058978862,nih_exporter_c4,nih_exporter,63.40473913193378,64.65609086107253,64.1772501175528,0.0,64.15245161383756,64.21010058978862,0.05764897595106788,C4_SENSITIVITY_ONLY
A6_A7_test_1m,test,1m,True,186,0.0,63.19974457106738,63.1841548783223,63.21326810562055,nih_exporter_c4,nih_exporter,63.40473913193378,64.65609086107253,63.19974457106738,0.0,63.1841548783223,63.21326810562055,0.029113227298246613,C4_SENSITIVITY_ONLY
A6_A7_test_1m,test,1m,True,187,0.001,60.96414616139728,60.4515931664201,61.43370824128254,nih_exporter_c4,nih_exporter,63.40473913193378,64.65609086107253,60.96539751312642,0.0012513517291381504,60.4515931664201,61.435374643990855,0.9837814775707514,C4_SENSITIVITY_ONLY
A6_A7_test_1m,test,1m,True,188,0.0,61.69506885905932,59.91616820859944,62.87224033980702,nih_exporter_c4,nih_exporter,63.40473913193378,64.65609086107253,61.69506885905932,0.0,59.91616820859944,62.87224033980702,2.956072131207584,C4_SENSITIVITY_ONLY
A6_A7_test_1m,test,1m,True,189,0.0,63.503358098049375,62.86039383780328,64.293402644903,nih_exporter_c4,nih_exporter,63.40473913193378,64.65609086107253,63.503358098049375,0.0,62.86039383780328,64.293402644903,1.4330088070997178,C4_SENSITIVITY_ONLY
A6_A7_test_1m,test,1m,True,190,0.0,61.51977615242941,60.55999516487546,62.50193671453826,nih_exporter_c4,nih_exporter,63.40473913193378,64.65609086107253,61.51977615242941,0.0,60.55999516487546,62.50193671453826,1.9419415496628005,C4_SENSITIVITY_ONLY
A6_A7_test_1m,test,1m,True,191,0.017,62.640398631562974,60.54738461696244,63.60482284515999,nih_exporter_c4,nih_exporter,63.40473913193378,64.65609086107253,62.66167161095833,0.021272979395355662,60.54738461696244,63.63315169120134,3.085767074238902,C4_SENSITIVITY_ONLY
A6_A7_test_1m,test,1m,True,192,0.0389999999999999,59.583295521860784,58.60754442922767,60.350752717616125,nih_exporter_c4,nih_exporter,63.40473913193378,64.65609086107253,59.63209823929719,0.04880271743640918,58.60754442922767,60.41574242324041,1.8081979940127368,C4_SENSITIVITY_ONLY
A6_A7_test_1m,test,1m,True,193,0.0,63.63575568988044,63.3060608801741,63.79730205523022,nih_exporter_c4,nih_exporter,63.40473913193378,64.65609086107253,63.63575568988044,0.0,63.3060608801741,63.79730205523022,0.49124117505611764,C4_SENSITIVITY_ONLY
A6_A7_test_1m,test,1m,True,194,0.002,63.63759923307527,63.63073507147658,63.64043948057599,nih_exporter_c4,nih_exporter,63.40473913193378,64.65609086107253,63.64010193653355,0.002502703458276301,63.63073507147658,63.643772285992625,0.013037214516046447,C4_SENSITIVITY_ONLY
A6_A7_test_1m,test,1m,True,195,0.055055055055055,62.48864501538318,59.98575619252903,64.28602453479114,nih_exporter_c4,nih_exporter,63.40473913193378,64.65609086107253,62.55753825372415,0.06889323834096928,59.98575619252903,64.37776842764131,4.392012235112283,C4_SENSITIVITY_ONLY
A6_A7_test_1m,test,1m,True,196,0.002,62.01885065520038,60.44387521551884,62.68039821429166,nih_exporter_c4,nih_exporter,63.40473913193378,64.65609086107253,62.02135335865866,0.002502703458276301,60.44387521551884,62.68373101970829,2.239855804189453,C4_SENSITIVITY_ONLY
A6_A7_test_1m,test,1m,True,197,0.0,60.967302570010574,60.15336804744623,61.557747025064586,nih_exporter_c4,nih_exporter,63.40473913193378,64.65609086107253,60.967302570010574,0.0,60.15336804744623,61.557747025064586,1.4043789776183573,C4_SENSITIVITY_ONLY
A6_A7_test_1m,test,1m,True,198,0.0,55.42338580448661,55.11052146677515,55.88465579943652,nih_exporter_c4,nih_exporter,63.40473913193378,64.65609086107253,55.42338580448661,0.0,55.11052146677515,55.88465579943652,0.7741343326613759,C4_SENSITIVITY_ONLY
A6_A7_test_1m,test,1m,True,199,0.019,60.807181409899805,59.54444153219967,61.54353816071856,nih_exporter_c4,nih_exporter,63.40473913193378,64.65609086107253,60.830957092753444,0.02377568285363907,59.54444153219967,61.57519981217655,2.0307582799768795,C4_SENSITIVITY_ONLY
A6_A7_test_1m,test,1m,True,200,0.0,60.58749179105957,58.89443257503864,61.9799247582369,nih_exporter_c4,nih_exporter,63.40473913193378,64.65609086107253,60.58749179105957,0.0,58.89443257503864,61.9799247582369,3.085492183198255,C4_SENSITIVITY_ONLY
A6_A7_test_1m,test,1m,True,201,0.0,61.8446587830786,60.41534337096347,62.77280173474338,nih_exporter_c4,nih_exporter,63.40473913193378,64.65609086107253,61.8446587830786,0.0,60.41534337096347,62.77280173474338,2.3574583637799122,C4_SENSITIVITY_ONLY
A6_A7_test_1m,test,1m,True,202,0.0,61.91092208169731,58.94395184665372,64.2773068236377,nih_exporter_c4,nih_exporter,63.40473913193378,64.65609086107253,61.91092208169731,0.0,58.94395184665372,64.2773068236377,5.333354976983983,C4_SENSITIVITY_ONLY
A6_A7_test_1m,test,1m,True,203,0.0129870129870129,61.82358787227466,60.08213701675497,63.12727436898875,nih_exporter_c4,nih_exporter,63.40473913193378,64.65609086107253,61.839839193432304,0.016251321157646714,60.08213701675497,63.14891596260323,3.066778945848263,C4_SENSITIVITY_ONLY
A6_A7_test_1m,test,1m,True,204,0.0069999999999999,60.18235057041365,58.36270526346608,62.84469258692217,nih_exporter_c4,nih_exporter,63.40473913193378,64.65609086107253,60.19111003251762,0.008759462103974158,58.36270526346608,62.856357405880374,4.493652142414291,C4_SENSITIVITY_ONLY
A6_A7_test_1m,test,1m,True,205,0.0,62.76823944612836,62.46387575223117,63.0102247212121,nih_exporter_c4,nih_exporter,63.40473913193378,64.65609086107253,62.76823944612836,0.0,62.46387575223117,63.0102247212121,0.5463489689809293,C4_SENSITIVITY_ONLY
A6_A7_test_1m,test,1m,True,206,0.0,59.521337220379735,57.17783458977557,61.776569101696026,nih_exporter_c4,nih_exporter,63.40473913193378,64.65609086107253,59.521337220379735,0.0,57.17783458977557,61.776569101696026,4.598734511920455,C4_SENSITIVITY_ONLY
A6_A7_test_1m,test,1m,True,207,0.0,56.22357312111134,54.983047999587136,57.6575811488703,nih_exporter_c4,nih_exporter,63.40473913193378,64.65609086107253,56.22357312111134,0.0,54.983047999587136,57.6575811488703,2.674533149283164,C4_SENSITIVITY_ONLY
A6_A7_test_1m,test,1m,True,208,0.0,54.22471042355938,53.22937397470625,54.96105755707111,nih_exporter_c4,nih_exporter,63.40473913193378,64.65609086107253,54.22471042355938,0.0,53.22937397470625,54.96105755707111,1.7316835823648589,C4_SENSITIVITY_ONLY
A6_A7_test_1m,test,1m,True,209,0.0,61.32972011600948,58.12000093980426,64.24727485503566,nih_exporter_c4,nih_exporter,63.40473913193378,64.65609086107253,61.32972011600948,0.0,58.12000093980426,64.24727485503566,6.127273915231399,C4_SENSITIVITY_ONLY
A6_A7_test_1m,test,1m,True,210,0.0019980019980019,60.07243207900994,58.29670553272804,61.76778658034118,nih_exporter_c4,nih_exporter,63.40473913193378,64.65609086107253,60.07493228226497,0.0025002032550247577,58.29670553272804,61.77111605628187,3.4744105235538285,C4_SENSITIVITY_ONLY
A6_A7_test_1m,test,1m,True,211,0.026026026026026,61.12538927319509,60.853977367615045,61.33320744659855,nih_exporter_c4,nih_exporter,63.40473913193378,64.65609086107253,61.15795698586537,0.03256771267027858,60.853977367615045,61.376577286854996,0.5225999192399513,C4_SENSITIVITY_ONLY
A6_A7_test_1m,test,1m,True,212,0.008008008008008,59.95524994046632,57.42236658009971,63.831054993455695,nih_exporter_c4,nih_exporter,63.40473913193378,64.65609086107253,59.965270775134094,0.010020834667777478,57.42236658009971,63.84439955968845,6.422032979588735,C4_SENSITIVITY_ONLY
A6_A7_test_1m,test,1m,True,213,0.0,63.595368530156,62.52005315251446,64.06841315835725,nih_exporter_c4,nih_exporter,63.40473913193378,64.65609086107253,63.595368530156,0.0,62.52005315251446,64.06841315835725,1.5483600058427882,C4_SENSITIVITY_ONLY
A6_A7_test_1m,test,1m,True,214,0.0,62.97301049689427,61.02869390593728,64.06965418629551,nih_exporter_c4,nih_exporter,63.40473913193378,64.65609086107253,62.97301049689427,0.0,61.02869390593728,64.06965418629551,3.0409602803582274,C4_SENSITIVITY_ONLY
A6_A7_test_1m,test,1m,True,215,0.0,60.625590676022576,58.19277769534549,64.15335644157685,nih_exporter_c4,nih_exporter,63.40473913193378,64.65609086107253,60.625590676022576,0.0,58.19277769534549,64.15335644157685,5.960578746231356,C4_SENSITIVITY_ONLY
A6_A7_test_1m,test,1m,True,216,0.0,53.00880896025897,52.92272501394582,53.041100469930655,nih_exporter_c4,nih_exporter,63.40473913193378,64.65609086107253,53.00880896025897,0.0,52.92272501394582,53.041100469930655,0.11837545598483246,C4_SENSITIVITY_ONLY
A6_A7_test_1m,test,1m,True,217,0.014,62.90346566931496,62.76463941200917,62.99420629907492,nih_exporter_c4,nih_exporter,63.40473913193378,64.65609086107253,62.9209845935229,0.01751892420794121,62.76463941200917,63.01753593699133,0.2528965249821624,C4_SENSITIVITY_ONLY
A6_A7_test_1m,test,1m,True,218,0.0,62.38817352197275,60.58986799472091,64.04194395905634,nih_exporter_c4,nih_exporter,63.40473913193378,64.65609086107253,62.38817352197275,0.0,60.58986799472091,64.04194395905634,3.452075964335428,C4_SENSITIVITY_ONLY
A6_A7_test_1m,test,1m,True,219,0.001002004008016,60.96484431702652,59.355106148898784,62.471279528391065,nih_exporter_c4,nih_exporter,63.40473913193378,64.65609086107253,60.96609817647455,0.0012538594480346887,59.355106148898784,62.47294927058377,3.1178431216849845,C4_SENSITIVITY_ONLY
A6_A7_test_1m,test,1m,True,220,0.006,61.920376382969145,60.05217689192196,62.77092848128648,nih_exporter_c4,nih_exporter,63.40473913193378,64.65609086107253,61.92788449334398,0.007508110374836008,60.05217689192196,62.780926897536375,2.7287500056144154,C4_SENSITIVITY_ONLY
A6_A7_test_1m,test,1m,True,221,0.0,60.67147999660834,57.13131062356866,63.822965923919455,nih_exporter_c4,nih_exporter,63.40473913193378,64.65609086107253,60.67147999660834,0.0,57.13131062356866,63.822965923919455,6.691655300350796,C4_SENSITIVITY_ONLY
A6_A7_test_1m,test,1m,True,222,0.0,61.42982614772575,61.2865760973603,61.58292221451287,nih_exporter_c4,nih_exporter,63.40473913193378,64.65609086107253,61.42982614772575,0.0,61.2865760973603,61.58292221451287,0.29634611715256653,C4_SENSITIVITY_ONLY
A6_A7_test_1m,test,1m,True,223,0.0,58.90599536346498,58.56140203736686,59.05434847537301,nih_exporter_c4,nih_exporter,63.40473913193378,64.65609086107253,58.90599536346498,0.0,58.56140203736686,59.05434847537301,0.49294643800615034,C4_SENSITIVITY_ONLY
A6_A7_test_1m,test,1m,True,224,0.0539460539460539,63.34314869079108,61.16563883164921,64.25605128309829,nih_exporter_c4,nih_exporter,63.40473913193378,64.65609086107253,63.41065417867669,0.06750548788560451,61.16563883164921,64.3459471334969,3.1803083018476954,C4_SENSITIVITY_ONLY
A6_A7_test_1m,test,1m,True,225,0.04004004004004,61.94171276348415,61.54644318837847,62.108417156597824,nih_exporter_c4,nih_exporter,63.40473913193378,64.65609086107253,61.991816936823035,0.05010417333888739,61.54644318837847,62.17513998776159,0.6286967993831212,C4_SENSITIVITY_ONLY
A6_A7_test_1m,test,1m,True,226,0.0,62.09894725818294,59.94931930194623,63.46473771844392,nih_exporter_c4,nih_exporter,63.40473913193378,64.65609086107253,62.09894725818294,0.0,59.94931930194623,63.46473771844392,3.5154184164976883,C4_SENSITIVITY_ONLY
A6_A7_test_1m,test,1m,True,227,0.004,56.01989954697628,55.92852476021965,56.08455590508292,nih_exporter_c4,nih_exporter,63.40473913193378,64.65609086107253,56.024904953892836,0.005005406916552602,55.92852476021965,56.09122151591618,0.16269675569652975,C4_SENSITIVITY_ONLY
A6_A7_test_1m,test,1m,True,228,0.0019980019980019,63.43578398344358,63.34731606622033,63.4975511109538,nih_exporter_c4,nih_exporter,63.40473913193378,64.65609086107253,63.4382841866986,0.0025002032550247577,63.34731606622033,63.50088058689449,0.15356452067415916,C4_SENSITIVITY_ONLY
A6_A7_test_1m,test,1m,True,229,0.0,63.17348271581967,63.08776916123428,63.235793164631566,nih_exporter_c4,nih_exporter,63.40473913193378,64.65609086107253,63.17348271581967,0.0,63.08776916123428,63.235793164631566,0.14802400339728905,C4_SENSITIVITY_ONLY
A6_A7_test_1m,test,1m,True,230,0.0289999999999999,59.41118795443066,58.08640125462144,59.96754932801683,nih_exporter_c4,nih_exporter,63.40473913193378,64.65609086107253,59.44747715457568,0.03628920014502057,58.08640125462144,60.01587500655797,1.929473751936527,C4_SENSITIVITY_ONLY
A6_A7_test_1m,test,1m,True,231,0.007976071784646,58.85548529349317,58.19595022204319,59.58573200165177,nih_exporter_c4,nih_exporter,63.40473913193378,64.65609086107253,58.86546616471262,0.009980871219454457,58.19595022204319,59.59902334927542,1.4030731272322328,C4_SENSITIVITY_ONLY
A6_A7_test_1m,test,1m,True,232,0.0,62.49608693233111,60.40061456131094,63.621315102747104,nih_exporter_c4,nih_exporter,63.40473913193378,64.65609086107253,62.49608693233111,0.0,60.40061456131094,63.621315102747104,3.220700541436166,C4_SENSITIVITY_ONLY
A6_A7_test_1m,test,1m,True,233,0.002002002002002,59.787940533576325,58.00279970715651,60.82156999500173,nih_exporter_c4,nih_exporter,63.40473913193378,64.65609086107253,59.79044574224327,0.002505208666946146,58.00279970715651,60.82490613655992,2.822106429403405,C4_SENSITIVITY_ONLY
A6_A7_test_1m,test,1m,True,234,0.0,63.74301428971136,63.37176771982874,63.94756265972742,nih_exporter_c4,nih_exporter,63.40473913193378,64.65609086107253,63.74301428971136,0.0,63.37176771982874,63.94756265972742,0.5757949398986781,C4_SENSITIVITY_ONLY
A6_A7_test_1m,test,1m,True,235,0.0,62.310621760766686,59.92581089020081,64.26359903962486,nih_exporter_c4,nih_exporter,63.40473913193378,64.65609086107253,62.310621760766686,0.0,59.92581089020081,64.26359903962486,4.337788149424057,C4_SENSITIVITY_ONLY
A6_A7_test_1m,test,1m,True,236,0.0,59.39682278301295,58.11551209379674,59.9980636736612,nih_exporter_c4,nih_exporter,63.40473913193378,64.65609086107253,59.39682278301295,0.0,58.11551209379674,59.9980636736612,1.8825515798644616,C4_SENSITIVITY_ONLY
A6_A7_test_1m,test,1m,True,237,0.0,55.67879176041524,55.04864779945781,56.12873872742848,nih_exporter_c4,nih_exporter,63.40473913193378,64.65609086107253,55.67879176041524,0.0,55.04864779945781,56.12873872742848,1.0800909279706659,C4_SENSITIVITY_ONLY
A6_A7_test_1m,test,1m,True,238,0.0,60.02077057857268,56.47979177895252,64.31817845881035,nih_exporter_c4,nih_exporter,63.40473913193378,64.65609086107253,60.02077057857268,0.0,56.47979177895252,64.31817845881035,7.838386679857834,C4_SENSITIVITY_ONLY
A6_A7_test_1m,test,1m,True,239,0.0,62.17722334677063,60.64251660646864,63.28380239782842,nih_exporter_c4,nih_exporter,63.40473913193378,64.65609086107253,62.17722334677063,0.0,60.64251660646864,63.28380239782842,2.6412857913597776,C4_SENSITIVITY_ONLY
A6_A7_test_1m,test,1m,True,240,0.005,61.893161866673154,61.09517230105498,62.45699473393261,nih_exporter_c4,nih_exporter,63.40473913193378,64.65609086107253,61.899418625318845,0.006256758645690752,61.09517230105498,62.46532674747419,1.3701544464192068,C4_SENSITIVITY_ONLY
A6_A7_test_1m,test,1m,True,241,0.0,53.68007325873658,53.32403761204197,54.16310192518687,nih_exporter_c4,nih_exporter,63.40473913193378,64.65609086107253,53.68007325873658,0.0,53.32403761204197,54.16310192518687,0.8390643131449025,C4_SENSITIVITY_ONLY
A6_A7_test_1m,test,1m,True,242,0.0,60.43156408567712,59.45977333577171,60.99690169853326,nih_exporter_c4,nih_exporter,63.40473913193378,64.65609086107253,60.43156408567712,0.0,59.45977333577171,60.99690169853326,1.5371283627615497,C4_SENSITIVITY_ONLY
A6_A7_test_1m,test,1m,True,243,0.034,60.93856733950555,59.23383242718252,63.2406888595175,nih_exporter_c4,nih_exporter,63.40473913193378,64.65609086107253,60.98111329829627,0.04254595879071843,59.23383242718252,63.29734655160021,4.0635141244176864,C4_SENSITIVITY_ONLY
A6_A7_test_1m,test,1m,True,244,0.051,62.01150895770121,60.984140255270624,62.62067655380397,nih_exporter_c4,nih_exporter,63.40473913193378,64.65609086107253,62.075327895887284,0.06381893818607409,60.984140255270624,62.70566309192804,1.7215228366574138,C4_SENSITIVITY_ONLY
A6_A7_test_1m,test,1m,True,245,0.0,63.26390222282178,62.19323180397599,63.79951585059925,nih_exporter_c4,nih_exporter,63.40473913193378,64.65609086107253,63.26390222282178,0.0,62.19323180397599,63.79951585059925,1.6062840466232586,C4_SENSITIVITY_ONLY
A6_A7_test_1m,test,1m,True,246,0.0,59.774683081075175,59.470840290667255,60.028539354338136,nih_exporter_c4,nih_exporter,63.40473913193378,64.65609086107253,59.774683081075175,0.0,59.470840290667255,60.028539354338136,0.5576990636708814,C4_SENSITIVITY_ONLY
A6_A7_test_1m,test,1m,True,247,0.0,56.4909284345583,56.439863313187885,56.518206626915465,nih_exporter_c4,nih_exporter,63.40473913193378,64.65609086107253,56.4909284345583,0.0,56.439863313187885,56.518206626915465,0.0783433137275793,C4_SENSITIVITY_ONLY
A6_A7_test_1m,test,1m,True,248,0.0,61.15133976004666,61.13780077699261,61.15720959519144,nih_exporter_c4,nih_exporter,63.40473913193378,64.65609086107253,61.15133976004666,0.0,61.13780077699261,61.15720959519144,0.01940881819882634,C4_SENSITIVITY_ONLY
A6_A7_test_1m,test,1m,True,249,0.0,58.84029556809162,58.05689943324263,59.644510042945136,nih_exporter_c4,nih_exporter,63.40473913193378,64.65609086107253,58.84029556809162,0.0,58.05689943324263,59.644510042945136,1.5876106097025087,C4_SENSITIVITY_ONLY
A6_A7_test_1m,test,1m,True,250,0.0,55.40460950081986,54.807802279625015,55.627691074324446,nih_exporter_c4,nih_exporter,63.40473913193378,64.65609086107253,55.40460950081986,0.0,54.807802279625015,55.627691074324446,0.8198887946994304,C4_SENSITIVITY_ONLY
A6_A7_test_1m,test,1m,True,251,0.0,61.91049896103559,60.228892875862655,63.39781371141935,nih_exporter_c4,nih_exporter,63.40473913193378,64.65609086107253,61.91049896103559,0.0,60.228892875862655,63.39781371141935,3.1689208355566976,C4_SENSITIVITY_ONLY
A6_A7_test_1m,test,1m,True,252,0.002002002002002,59.711605220530586,58.09426400298443,60.9066078756766,nih_exporter_c4,nih_exporter,63.40473913193378,64.65609086107253,59.71411042919753,0.002505208666946146,58.09426400298443,60.909944017234785,2.815680014250354,C4_SENSITIVITY_ONLY
A6_A7_test_1m,test,1m,True,253,0.0,61.90630958184797,60.23639734731352,62.704056379671655,nih_exporter_c4,nih_exporter,63.40473913193378,64.65609086107253,61.90630958184797,0.0,60.23639734731352,62.704056379671655,2.467659032358135,C4_SENSITIVITY_ONLY
A6_A7_test_1m,test,1m,True,254,0.034,62.79816350584413,61.39200266485105,63.44537847007322,nih_exporter_c4,nih_exporter,63.40473913193378,64.65609086107253,62.84070946463485,0.04254595879071843,61.39200266485105,63.50203616215593,2.110033497304883,C4_SENSITIVITY_ONLY
A6_A7_test_1m,test,1m,True,255,0.0,60.412127973738365,59.52306089167022,61.382679437716575,nih_exporter_c4,nih_exporter,63.40473913193378,64.65609086107253,60.412127973738365,0.0,59.52306089167022,61.382679437716575,1.859618546046356,C4_SENSITIVITY_ONLY
A6_A7_test_1m,test,1m,True,256,0.0,53.79014933319386,53.78512418313221,53.79342737260498,nih_exporter_c4,nih_exporter,63.40473913193378,64.65609086107253,53.79014933319386,0.0,53.78512418313221,53.79342737260498,0.008303189472769645,C4_SENSITIVITY_ONLY
A8_A9_test_60m,test,60m,True,1,0.0,63.59530217834434,62.36360357296689,64.17313150435582,nih_exporter_c4,nih_exporter,63.40473913193378,64.65609086107253,63.59530217834434,0.0,62.36360357296689,64.17313150435582,1.809527931388935,C4_SENSITIVITY_ONLY
A8_A9_test_60m,test,60m,True,2,0.0,63.40972117921458,62.71572008820634,64.01411676760901,nih_exporter_c4,nih_exporter,63.40473913193378,64.65609086107253,63.40972117921458,0.0,62.71572008820634,64.01411676760901,1.2983966794026713,C4_SENSITIVITY_ONLY
A8_A9_test_60m,test,60m,True,3,0.004,56.21800029905407,55.61793983488175,56.5176883546498,nih_exporter_c4,nih_exporter,63.40473913193378,64.65609086107253,56.22300570597062,0.005005406916552602,55.61793983488175,56.52435396548306,0.9064141306013056,C4_SENSITIVITY_ONLY
A8_A9_test_60m,test,60m,True,4,0.0,60.5691299638632,59.92087249799828,60.872089841105286,nih_exporter_c4,nih_exporter,63.40473913193378,64.65609086107253,60.5691299638632,0.0,59.92087249799828,60.872089841105286,0.9512173431070039,C4_SENSITIVITY_ONLY
A8_A9_test_60m,test,60m,True,5,0.0,62.97220372289228,62.632573509307605,63.18886519132863,nih_exporter_c4,nih_exporter,63.40473913193378,64.65609086107253,62.97220372289228,0.0,62.632573509307605,63.18886519132863,0.5562916820210262,C4_SENSITIVITY_ONLY
A8_A9_test_60m,test,60m,True,6,0.0,58.26330123520848,57.33863246590432,59.07245177276327,nih_exporter_c4,nih_exporter,63.40473913193378,64.65609086107253,58.26330123520848,0.0,57.33863246590432,59.07245177276327,1.7338193068589547,C4_SENSITIVITY_ONLY
A8_A9_test_60m,test,60m,True,7,0.0,51.832182947054896,51.82425504191595,51.8372072062128,nih_exporter_c4,nih_exporter,63.40473913193378,64.65609086107253,51.832182947054896,0.0,51.82425504191595,51.8372072062128,0.012952164296855528,C4_SENSITIVITY_ONLY
A8_A9_test_60m,test,60m,True,8,0.0,60.78119113001566,60.69024263271613,60.86417724786449,nih_exporter_c4,nih_exporter,63.40473913193378,64.65609086107253,60.78119113001566,0.0,60.69024263271613,60.86417724786449,0.17393461514836162,C4_SENSITIVITY_ONLY
A8_A9_test_60m,test,60m,True,9,0.0209790209790209,62.347003726710994,60.33038280077616,64.26598126512954,nih_exporter_c4,nih_exporter,63.40473913193378,64.65609086107253,62.37325586088873,0.02625213417773864,60.33038280077616,64.30094076250678,3.970557961730627,C4_SENSITIVITY_ONLY
A8_A9_test_60m,test,60m,True,10,0.0,63.27635254940586,61.517025981084224,64.07187975690971,nih_exporter_c4,nih_exporter,63.40473913193378,64.65609086107253,63.27635254940586,0.0,61.517025981084224,64.07187975690971,2.5548537758254852,C4_SENSITIVITY_ONLY
A8_A9_test_60m,test,60m,True,11,0.0,57.65682469683417,55.96289512460098,59.33463067090042,nih_exporter_c4,nih_exporter,63.40473913193378,64.65609086107253,57.65682469683417,0.0,55.96289512460098,59.33463067090042,3.3717355462994334,C4_SENSITIVITY_ONLY
A8_A9_test_60m,test,60m,True,12,0.0,63.54906668461967,62.81410297666955,64.25243929648934,nih_exporter_c4,nih_exporter,63.40473913193378,64.65609086107253,63.54906668461967,0.0,62.81410297666955,64.25243929648934,1.4383363198197898,C4_SENSITIVITY_ONLY
A8_A9_test_60m,test,60m,True,13,0.0,56.40653443231444,55.55676988119584,56.78414628548029,nih_exporter_c4,nih_exporter,63.40473913193378,64.65609086107253,56.40653443231444,0.0,55.55676988119584,56.78414628548029,1.227376404284449,C4_SENSITIVITY_ONLY
A8_A9_test_60m,test,60m,True,14,0.0059940059940059,61.04646174849347,59.47862289737827,62.57541821465821,nih_exporter_c4,nih_exporter,63.40473913193378,64.65609086107253,61.05396235825854,0.007500609765067168,59.47862289737827,62.58540664248027,3.1067837451019997,C4_SENSITIVITY_ONLY
A8_A9_test_60m,test,60m,True,15,0.004,59.03862710563637,58.44952454379407,59.58500713463342,nih_exporter_c4,nih_exporter,63.40473913193378,64.65609086107253,59.043632512552925,0.005005406916552602,58.44952454379407,59.59167274546668,1.1421482016726117,C4_SENSITIVITY_ONLY
A8_A9_test_60m,test,60m,True,16,0.0,62.04525605421088,60.38751783089782,62.97531314428185,nih_exporter_c4,nih_exporter,63.40473913193378,64.65609086107253,62.04525605421088,0.0,60.38751783089782,62.97531314428185,2.587795313384028,C4_SENSITIVITY_ONLY
A8_A9_test_60m,test,60m,True,17,0.0,60.81886623001546,60.244477746108345,61.08482719704662,nih_exporter_c4,nih_exporter,63.40473913193378,64.65609086107253,60.81886623001546,0.0,60.244477746108345,61.08482719704662,0.8403494509382767,C4_SENSITIVITY_ONLY
A8_A9_test_60m,test,60m,True,18,0.0040120361083249,59.83388209833621,57.33017964802888,62.04102895014427,nih_exporter_c4,nih_exporter,63.40473913193378,64.65609086107253,59.83890256665773,0.005020468321518479,57.33017964802888,62.04771461798104,4.717534969952162,C4_SENSITIVITY_ONLY
A8_A9_test_60m,test,60m,True,19,0.0,54.87065391682959,53.84594099131415,55.75370515709514,nih_exporter_c4,nih_exporter,63.40473913193378,64.65609086107253,54.87065391682959,0.0,53.84594099131415,55.75370515709514,1.9077641657809892,C4_SENSITIVITY_ONLY
A8_A9_test_60m,test,60m,True,20,0.0,59.528698510089214,59.21032992362576,59.76866964303791,nih_exporter_c4,nih_exporter,63.40473913193378,64.65609086107253,59.528698510089214,0.0,59.21032992362576,59.76866964303791,0.5583397194121531,C4_SENSITIVITY_ONLY
A8_A9_test_60m,test,60m,True,21,0.014014014014014,60.3335690086242,58.2833357914294,61.84413592514514,nih_exporter_c4,nih_exporter,63.40473913193378,64.65609086107253,60.35110546929281,0.01753646066860881,58.2833357914294,61.86748891605246,3.5841531246230574,C4_SENSITIVITY_ONLY
A8_A9_test_60m,test,60m,True,22,0.0,57.24257329423022,55.44291713124537,59.71100779700736,nih_exporter_c4,nih_exporter,63.40473913193378,64.65609086107253,57.24257329423022,0.0,55.44291713124537,59.71100779700736,4.268090665761989,C4_SENSITIVITY_ONLY
A8_A9_test_60m,test,60m,True,23,0.0,59.76795071732259,58.45388723609208,60.81789903219732,nih_exporter_c4,nih_exporter,63.40473913193378,64.65609086107253,59.76795071732259,0.0,58.45388723609208,60.81789903219732,2.3640117961052383,C4_SENSITIVITY_ONLY
A8_A9_test_60m,test,60m,True,24,0.008,56.248302552883295,55.999742790702086,56.41029470130965,nih_exporter_c4,nih_exporter,63.40473913193378,64.65609086107253,56.25831336671641,0.010010813833112309,55.999742790702086,56.42362592297617,0.42388313227408503,C4_SENSITIVITY_ONLY
A8_A9_test_60m,test,60m,True,25,0.002,61.03148107782813,57.77597872115357,63.9896835495218,nih_exporter_c4,nih_exporter,63.40473913193378,64.65609086107253,61.03398378128641,0.002502703458276301,57.77597872115357,63.99301635493843,6.217037633784862,C4_SENSITIVITY_ONLY
A8_A9_test_60m,test,60m,True,26,0.0,63.76877719807879,63.59522061324132,63.83287723934917,nih_exporter_c4,nih_exporter,63.40473913193378,64.65609086107253,63.76877719807879,0.0,63.59522061324132,63.83287723934917,0.23765662610785654,C4_SENSITIVITY_ONLY
A8_A9_test_60m,test,60m,True,27,0.006,60.61625333530239,57.34948341112312,63.97970469629919,nih_exporter_c4,nih_exporter,63.40473913193378,64.65609086107253,60.623761445677225,0.007508110374836008,57.34948341112312,63.98970311254908,6.640219701425963,C4_SENSITIVITY_ONLY
A8_A9_test_60m,test,60m,True,28,0.0,58.01451836650069,56.77251088024532,59.4732120929544,nih_exporter_c4,nih_exporter,63.40473913193378,64.65609086107253,58.01451836650069,0.0,56.77251088024532,59.4732120929544,2.7007012127090775,C4_SENSITIVITY_ONLY
A8_A9_test_60m,test,60m,True,29,0.0,55.21995667845218,55.12638472295606,55.26413465792475,nih_exporter_c4,nih_exporter,63.40473913193378,64.65609086107253,55.21995667845218,0.0,55.12638472295606,55.26413465792475,0.1377499349686886,C4_SENSITIVITY_ONLY
A8_A9_test_60m,test,60m,True,30,0.0,61.40742345012261,59.52957095712961,62.68830701414187,nih_exporter_c4,nih_exporter,63.40473913193378,64.65609086107253,61.40742345012261,0.0,59.52957095712961,62.68830701414187,3.1587360570122627,C4_SENSITIVITY_ONLY
A8_A9_test_60m,test,60m,True,31,0.002,57.69600870953806,56.261786622659095,58.66586102150546,nih_exporter_c4,nih_exporter,63.40473913193378,64.65609086107253,57.69851141299634,0.002502703458276301,56.261786622659095,58.66919382692209,2.407407204262995,C4_SENSITIVITY_ONLY
A8_A9_test_60m,test,60m,True,32,0.0,62.37051568983851,60.35294767841537,63.71774666308108,nih_exporter_c4,nih_exporter,63.40473913193378,64.65609086107253,62.37051568983851,0.0,60.35294767841537,63.71774666308108,3.364798984665711,C4_SENSITIVITY_ONLY
A8_A9_test_60m,test,60m,True,33,0.035035035035035,62.61044002852123,62.0633301352761,62.864405746160585,nih_exporter_c4,nih_exporter,63.40473913193378,64.65609086107253,62.65428118019276,0.04384115167152913,62.0633301352761,62.92278822342888,0.8594580881527847,C4_SENSITIVITY_ONLY
A8_A9_test_60m,test,60m,True,34,0.0,60.31395383691235,59.69408560696843,60.64447707835715,nih_exporter_c4,nih_exporter,63.40473913193378,64.65609086107253,60.31395383691235,0.0,59.69408560696843,60.64447707835715,0.9503914713887198,C4_SENSITIVITY_ONLY
A8_A9_test_60m,test,60m,True,35,0.009,62.22685498205431,61.31785942222993,62.57769899301742,nih_exporter_c4,nih_exporter,63.40473913193378,64.65609086107253,62.23811714761656,0.011262165562250459,61.31785942222993,62.59269661739226,1.274837195162327,C4_SENSITIVITY_ONLY
A8_A9_test_60m,test,60m,True,36,0.012,60.61808077549649,59.28266331246813,61.369820836688575,nih_exporter_c4,nih_exporter,63.40473913193378,64.65609086107253,60.63309699624615,0.01501622074966491,59.28266331246813,61.38981766918835,2.1071543567202227,C4_SENSITIVITY_ONLY
A8_A9_test_60m,test,60m,True,37,0.0,56.05516326385042,55.32039742701019,56.384639107374575,nih_exporter_c4,nih_exporter,63.40473913193378,64.65609086107253,56.05516326385042,0.0,55.32039742701019,56.384639107374575,1.0642416803643826,C4_SENSITIVITY_ONLY
A8_A9_test_60m,test,60m,True,38,0.0,58.71188187696299,57.77131382718156,59.12341237395364,nih_exporter_c4,nih_exporter,63.40473913193378,64.65609086107253,58.71188187696299,0.0,57.77131382718156,59.12341237395364,1.3520985467720834,C4_SENSITIVITY_ONLY
A8_A9_test_60m,test,60m,True,39,0.0,62.76233377257159,61.9157429218796,63.190255316936216,nih_exporter_c4,nih_exporter,63.40473913193378,64.65609086107253,62.76233377257159,0.0,61.9157429218796,63.190255316936216,1.2745123950566182,C4_SENSITIVITY_ONLY
A8_A9_test_60m,test,60m,True,40,0.001001001001001,60.59251727940561,60.127737018310974,61.17966228966852,nih_exporter_c4,nih_exporter,63.40473913193378,64.65609086107253,60.593769883739085,0.001252604333473073,60.127737018310974,61.18133036044762,1.0535933421366437,C4_SENSITIVITY_ONLY
A8_A9_test_60m,test,60m,True,41,0.001,61.65580498272416,60.12857239173427,62.64606131209467,nih_exporter_c4,nih_exporter,63.40473913193378,64.65609086107253,61.6570563344533,0.0012513517291381504,60.12857239173427,62.64772771480299,2.5191553230687234,C4_SENSITIVITY_ONLY
A8_A9_test_60m,test,60m,True,42,0.0209790209790209,61.43788559764158,60.0053986316938,62.62448217903577,nih_exporter_c4,nih_exporter,63.40473913193378,64.65609086107253,61.46413773181932,0.02625213417773864,60.0053986316938,62.65944167641301,2.6540430447192094,C4_SENSITIVITY_ONLY
A8_A9_test_60m,test,60m,True,43,0.005,61.47814732949036,61.464371671257126,61.48378048945596,nih_exporter_c4,nih_exporter,63.40473913193378,64.65609086107253,61.48440408813605,0.006256758645690752,61.464371671257126,61.492112502997536,0.027740831740409533,C4_SENSITIVITY_ONLY
A8_A9_test_60m,test,60m,True,44,0.0,60.404221965362666,57.916654732343005,63.17354344730494,nih_exporter_c4,nih_exporter,63.40473913193378,64.65609086107253,60.404221965362666,0.0,57.916654732343005,63.17354344730494,5.256888714961931,C4_SENSITIVITY_ONLY
A8_A9_test_60m,test,60m,True,45,0.001,63.18386814240382,61.67465255339616,64.12014217704859,nih_exporter_c4,nih_exporter,63.40473913193378,64.65609086107253,63.185119494132955,0.0012513517291381504,61.67465255339616,64.1218085797569,2.4471560263607444,C4_SENSITIVITY_ONLY
A8_A9_test_60m,test,60m,True,46,0.005005005005005,61.5381407578536,61.290388568501584,61.646294002401866,nih_exporter_c4,nih_exporter,63.40473913193378,64.65609086107253,61.544403779520955,0.0062630216673582595,61.290388568501584,61.654634356297336,0.36424578779575256,C4_SENSITIVITY_ONLY
A8_A9_test_60m,test,60m,True,47,0.007007007007007,60.161350933133086,57.73171954458863,62.69705425450033,nih_exporter_c4,nih_exporter,63.40473913193378,64.65609086107253,60.17011916346739,0.008768230334304405,57.73171954458863,62.708730749953986,4.977011205365358,C4_SENSITIVITY_ONLY
A8_A9_test_60m,test,60m,True,48,0.0,55.62702814129713,54.961135168022274,55.97857795351033,nih_exporter_c4,nih_exporter,63.40473913193378,64.65609086107253,55.62702814129713,0.0,54.961135168022274,55.97857795351033,1.0174427854880577,C4_SENSITIVITY_ONLY
A8_A9_test_60m,test,60m,True,49,0.0,61.32219162173639,61.09740433597638,61.660724128785326,nih_exporter_c4,nih_exporter,63.40473913193378,64.65609086107253,61.32219162173639,0.0,61.09740433597638,61.660724128785326,0.5633197928089473,C4_SENSITIVITY_ONLY
A8_A9_test_60m,test,60m,True,50,0.0,60.18243830862772,58.83069319318216,61.02324534128245,nih_exporter_c4,nih_exporter,63.40473913193378,64.65609086107253,60.18243830862772,0.0,58.83069319318216,61.02324534128245,2.1925521481002903,C4_SENSITIVITY_ONLY
A8_A9_test_60m,test,60m,True,51,0.0,60.60877774881936,59.55019198357805,61.07399273782257,nih_exporter_c4,nih_exporter,63.40473913193378,64.65609086107253,60.60877774881936,0.0,59.55019198357805,61.07399273782257,1.5238007542445189,C4_SENSITIVITY_ONLY
A8_A9_test_60m,test,60m,True,52,0.0,61.60852742841308,59.58239980351784,62.60157571883304,nih_exporter_c4,nih_exporter,63.40473913193378,64.65609086107253,61.60852742841308,0.0,59.58239980351784,62.60157571883304,3.019175915315202,C4_SENSITIVITY_ONLY
A8_A9_test_60m,test,60m,True,53,0.0,61.71676816843448,59.676782955260926,63.291411560125546,nih_exporter_c4,nih_exporter,63.40473913193378,64.65609086107253,61.71676816843448,0.0,59.676782955260926,63.291411560125546,3.6146286048646203,C4_SENSITIVITY_ONLY
A8_A9_test_60m,test,60m,True,54,0.0039960039960039,63.33497192878741,62.86869159519164,63.75759763047514,nih_exporter_c4,nih_exporter,63.40473913193378,64.65609086107253,63.33997233529745,0.00500040651004241,62.86869159519164,63.764256582356516,0.8955649871648745,C4_SENSITIVITY_ONLY
A8_A9_test_60m,test,60m,True,55,0.0,62.609643212869294,61.14161410783316,63.25732552727273,nih_exporter_c4,nih_exporter,63.40473913193378,64.65609086107253,62.609643212869294,0.0,61.14161410783316,63.25732552727273,2.115711419439563,C4_SENSITIVITY_ONLY
A8_A9_test_60m,test,60m,True,56,0.002,62.76680345698766,61.31555752844155,63.41022510001909,nih_exporter_c4,nih_exporter,63.40473913193378,64.65609086107253,62.769306160445936,0.002502703458276301,61.31555752844155,63.413557905435724,2.0980003769941717,C4_SENSITIVITY_ONLY
A8_A9_test_60m,test,60m,True,57,0.0,63.06805649975109,60.59987393639249,64.3230756511424,nih_exporter_c4,nih_exporter,63.40473913193378,64.65609086107253,63.06805649975109,0.0,60.59987393639249,64.3230756511424,3.723201714749912,C4_SENSITIVITY_ONLY
A8_A9_test_60m,test,60m,True,58,0.023,62.38843996451571,61.54120570844459,62.83277892755388,nih_exporter_c4,nih_exporter,63.40473913193378,64.65609086107253,62.4172210542859,0.02878108977019167,61.54120570844459,62.87110618984513,1.3299004814005357,C4_SENSITIVITY_ONLY
A8_A9_test_60m,test,60m,True,59,0.023023023023023,61.44323236092639,59.28735776459155,63.25683271591197,nih_exporter_c4,nih_exporter,63.40473913193378,64.65609086107253,61.47204226059625,0.028809899669859362,59.28735776459155,63.29519834383113,4.007840579239584,C4_SENSITIVITY_ONLY
A8_A9_test_60m,test,60m,True,60,0.007007007007007,62.23869755975205,62.05057913426763,62.4199401482651,nih_exporter_c4,nih_exporter,63.40473913193378,64.65609086107253,62.24746579008635,0.008768230334304405,62.05057913426763,62.431616643718755,0.3810375094511258,C4_SENSITIVITY_ONLY
A8_A9_test_60m,test,60m,True,61,0.0,63.53351778948607,63.53351778948607,63.53351778948607,nih_exporter_c4,nih_exporter,63.40473913193378,64.65609086107253,63.53351778948607,0.0,63.53351778948607,63.53351778948607,0.0,C4_SENSITIVITY_ONLY
A8_A9_test_60m,test,60m,True,62,0.0,62.981595415567305,62.8581355570484,63.08947713937182,nih_exporter_c4,nih_exporter,63.40473913193378,64.65609086107253,62.981595415567305,0.0,62.8581355570484,63.08947713937182,0.23134158232342372,C4_SENSITIVITY_ONLY
A8_A9_test_60m,test,60m,True,63,0.019,59.75156372062323,56.74706785548885,64.29591364486677,nih_exporter_c4,nih_exporter,63.40473913193378,64.65609086107253,59.77533940347687,0.02377568285363907,56.74706785548885,64.32757529632475,7.580507440835902,C4_SENSITIVITY_ONLY
A8_A9_test_60m,test,60m,True,64,0.0,60.54930100549522,58.63778235862512,61.98823392130327,nih_exporter_c4,nih_exporter,63.40473913193378,64.65609086107253,60.54930100549522,0.0,58.63778235862512,61.98823392130327,3.3504515626781526,C4_SENSITIVITY_ONLY
A8_A9_test_60m,test,60m,True,65,0.004004004004004,62.41323444752325,62.40400989412382,62.416962058420665,nih_exporter_c4,nih_exporter,63.40473913193378,64.65609086107253,62.418244864857144,0.005010417333892292,62.40400989412382,62.423634341537046,0.019624447413228552,C4_SENSITIVITY_ONLY
A8_A9_test_60m,test,60m,True,66,0.0,60.33638231242879,57.710258603472354,64.31212726062277,nih_exporter_c4,nih_exporter,63.40473913193378,64.65609086107253,60.33638231242879,0.0,57.710258603472354,64.31212726062277,6.601868657150419,C4_SENSITIVITY_ONLY
A8_A9_test_60m,test,60m,True,67,0.009,62.27902493782339,62.15646672374482,62.33011741366066,nih_exporter_c4,nih_exporter,63.40473913193378,64.65609086107253,62.29028710338564,0.011262165562250459,62.15646672374482,62.345115038035495,0.18864831429067408,C4_SENSITIVITY_ONLY
A8_A9_test_60m,test,60m,True,68,0.0009980039920159,61.61288749599015,61.184740425609824,61.949257438709935,nih_exporter_c4,nih_exporter,63.40473913193378,64.65609086107253,61.61413635001125,0.0012488540210995325,61.184740425609824,61.95092051526514,0.7661800896553146,C4_SENSITIVITY_ONLY
A8_A9_test_60m,test,60m,True,69,0.001,59.82703152959528,57.48202518475352,62.19549828376528,nih_exporter_c4,nih_exporter,63.40473913193378,64.65609086107253,59.82828288132442,0.0012513517291381504,57.48202518475352,62.1971646864736,4.715139501720081,C4_SENSITIVITY_ONLY
A8_A9_test_60m,test,60m,True,70,0.0,63.07012586670808,63.03494067180648,63.09261180288767,nih_exporter_c4,nih_exporter,63.40473913193378,64.65609086107253,63.07012586670808,0.0,63.03494067180648,63.09261180288767,0.05767113108118593,C4_SENSITIVITY_ONLY
A8_A9_test_60m,test,60m,True,71,0.0,60.629718624889016,59.65252804507379,61.001560941717145,nih_exporter_c4,nih_exporter,63.40473913193378,64.65609086107253,60.629718624889016,0.0,59.65252804507379,61.001560941717145,1.349032896643358,C4_SENSITIVITY_ONLY
A8_A9_test_60m,test,60m,True,72,0.0,61.35252170016647,59.458557711852926,63.878251082581286,nih_exporter_c4,nih_exporter,63.40473913193378,64.65609086107253,61.35252170016647,0.0,59.458557711852926,63.878251082581286,4.4196933707283605,C4_SENSITIVITY_ONLY
A8_A9_test_60m,test,60m,True,73,0.0080160320641282,63.350469904753695,61.25362516588942,64.27764029778446,nih_exporter_c4,nih_exporter,63.40473913193378,64.65609086107253,63.36050078033797,0.01003087558427751,61.25362516588942,64.29099823532606,3.03737306943664,C4_SENSITIVITY_ONLY
A8_A9_test_60m,test,60m,True,74,0.0,62.24157504013688,60.82685392039398,64.30151630130354,nih_exporter_c4,nih_exporter,63.40473913193378,64.65609086107253,62.24157504013688,0.0,60.82685392039398,64.30151630130354,3.4746623809095567,C4_SENSITIVITY_ONLY
A8_A9_test_60m,test,60m,True,75,0.006006006006006,62.24376941933645,60.90522004380616,63.013960824619325,nih_exporter_c4,nih_exporter,63.40473913193378,64.65609086107253,62.25128504533728,0.0075156260008313325,60.90522004380616,63.02396924929389,2.118749205487731,C4_SENSITIVITY_ONLY
A8_A9_test_60m,test,60m,True,76,0.0,61.4017438981549,60.00175968734038,62.58459689500637,nih_exporter_c4,nih_exporter,63.40473913193378,64.65609086107253,61.4017438981549,0.0,60.00175968734038,62.58459689500637,2.582837207665989,C4_SENSITIVITY_ONLY
A8_A9_test_60m,test,60m,True,77,0.0,62.267508399269126,62.16212896010998,62.29996358749207,nih_exporter_c4,nih_exporter,63.40473913193378,64.65609086107253,62.267508399269126,0.0,62.16212896010998,62.29996358749207,0.13783462738209096,C4_SENSITIVITY_ONLY
A8_A9_test_60m,test,60m,True,78,0.032032032032032,61.04483956636848,59.316930862962906,61.7989511981524,nih_exporter_c4,nih_exporter,63.40473913193378,64.65609086107253,61.08492290503959,0.040083338671109914,59.316930862962906,61.852329463083414,2.5353986001205087,C4_SENSITIVITY_ONLY
A8_A9_test_60m,test,60m,True,79,0.0,52.13150836622717,52.12473887470015,52.13444328379956,nih_exporter_c4,nih_exporter,63.40473913193378,64.65609086107253,52.13150836622717,0.0,52.12473887470015,52.13444328379956,0.00970440909941317,C4_SENSITIVITY_ONLY
A8_A9_test_60m,test,60m,True,80,0.0,63.02488852041614,61.0554279797865,63.95870963310576,nih_exporter_c4,nih_exporter,63.40473913193378,64.65609086107253,63.02488852041614,0.0,61.0554279797865,63.95870963310576,2.9032816533192616,C4_SENSITIVITY_ONLY
A8_A9_test_60m,test,60m,True,81,0.001001001001001,62.63196471214374,60.42841897577981,64.02035512294147,nih_exporter_c4,nih_exporter,63.40473913193378,64.65609086107253,62.633217316477214,0.001252604333473073,60.42841897577981,64.02202319372056,3.5936042179407437,C4_SENSITIVITY_ONLY
A8_A9_test_60m,test,60m,True,82,0.0,58.3413778290866,57.28840117181493,58.8262828098746,nih_exporter_c4,nih_exporter,63.40473913193378,64.65609086107253,58.3413778290866,0.0,57.28840117181493,58.8262828098746,1.537881638059666,C4_SENSITIVITY_ONLY
A8_A9_test_60m,test,60m,True,83,0.0,62.10611367432088,60.53325169989081,62.848834179551126,nih_exporter_c4,nih_exporter,63.40473913193378,64.65609086107253,62.10611367432088,0.0,60.53325169989081,62.848834179551126,2.315582479660314,C4_SENSITIVITY_ONLY
A8_A9_test_60m,test,60m,True,84,0.0,63.30323463965497,62.80870463158012,63.49500096587595,nih_exporter_c4,nih_exporter,63.40473913193378,64.65609086107253,63.30323463965497,0.0,62.80870463158012,63.49500096587595,0.6862963342958324,C4_SENSITIVITY_ONLY
A8_A9_test_60m,test,60m,True,85,0.002,57.52136373815516,56.364957569734216,58.05267587610436,nih_exporter_c4,nih_exporter,63.40473913193378,64.65609086107253,57.523866441613436,0.002502703458276301,56.364957569734216,58.05600868152099,1.691051111786777,C4_SENSITIVITY_ONLY
A8_A9_test_60m,test,60m,True,86,0.0,63.33343081370141,63.21006673020905,63.43446173321027,nih_exporter_c4,nih_exporter,63.40473913193378,64.65609086107253,63.33343081370141,0.0,63.21006673020905,63.43446173321027,0.22439500300122006,C4_SENSITIVITY_ONLY
A8_A9_test_60m,test,60m,True,87,0.0,59.31477872177568,56.250679256471535,64.22838077393203,nih_exporter_c4,nih_exporter,63.40473913193378,64.65609086107253,59.31477872177568,0.0,56.250679256471535,64.22838077393203,7.9777015174604955,C4_SENSITIVITY_ONLY
A8_A9_test_60m,test,60m,True,88,0.0,62.20287222427098,59.967913531029225,64.15875057405417,nih_exporter_c4,nih_exporter,63.40473913193378,64.65609086107253,62.20287222427098,0.0,59.967913531029225,64.15875057405417,4.190837043024942,C4_SENSITIVITY_ONLY
A8_A9_test_60m,test,60m,True,89,0.001,62.09024375390363,61.83392397851864,62.35628647116077,nih_exporter_c4,nih_exporter,63.40473913193378,64.65609086107253,62.09149510563277,0.0012513517291381504,61.83392397851864,62.35795287386909,0.5240288953504475,C4_SENSITIVITY_ONLY
A8_A9_test_60m,test,60m,True,90,0.0,59.64108097245275,58.7200039218559,60.349535346031,nih_exporter_c4,nih_exporter,63.40473913193378,64.65609086107253,59.64108097245275,0.0,58.7200039218559,60.349535346031,1.6295314241750987,C4_SENSITIVITY_ONLY
A8_A9_test_60m,test,60m,True,91,0.0,62.83349535826595,62.60179510992237,63.030245988694624,nih_exporter_c4,nih_exporter,63.40473913193378,64.65609086107253,62.83349535826595,0.0,62.60179510992237,63.030245988694624,0.42845087877225296,C4_SENSITIVITY_ONLY
A8_A9_test_60m,test,60m,True,92,0.0,60.645755594956114,58.489322017084646,62.72506594259247,nih_exporter_c4,nih_exporter,63.40473913193378,64.65609086107253,60.645755594956114,0.0,58.489322017084646,62.72506594259247,4.235743925507826,C4_SENSITIVITY_ONLY
A8_A9_test_60m,test,60m,True,93,0.01001001001001,57.218830739890166,56.24767602249483,57.62560258861967,nih_exporter_c4,nih_exporter,63.40473913193378,64.65609086107253,57.23135678322489,0.012526043334723624,56.24767602249483,57.64228329641061,1.3946072739157813,C4_SENSITIVITY_ONLY
A8_A9_test_60m,test,60m,True,94,0.0,62.31924166057822,61.50893807184063,62.949153932806446,nih_exporter_c4,nih_exporter,63.40473913193378,64.65609086107253,62.31924166057822,0.0,61.50893807184063,62.949153932806446,1.4402158609658144,C4_SENSITIVITY_ONLY
A8_A9_test_60m,test,60m,True,95,0.0,62.10137738547365,61.069046993836295,62.51421371454761,nih_exporter_c4,nih_exporter,63.40473913193378,64.65609086107253,62.10137738547365,0.0,61.069046993836295,62.51421371454761,1.4451667207113132,C4_SENSITIVITY_ONLY
A8_A9_test_60m,test,60m,True,96,0.0,62.03469837741846,61.15988666596384,62.444252251532085,nih_exporter_c4,nih_exporter,63.40473913193378,64.65609086107253,62.03469837741846,0.0,61.15988666596384,62.444252251532085,1.2843655855682456,C4_SENSITIVITY_ONLY
A8_A9_test_60m,test,60m,True,97,0.0,61.45640251320091,59.61776934343354,63.78590517720588,nih_exporter_c4,nih_exporter,63.40473913193378,64.65609086107253,61.45640251320091,0.0,59.61776934343354,63.78590517720588,4.168135833772347,C4_SENSITIVITY_ONLY
A8_A9_test_60m,test,60m,True,98,0.004,61.22010112412231,58.839490139862974,63.11927720838873,nih_exporter_c4,nih_exporter,63.40473913193378,64.65609086107253,61.22510653103886,0.005005406916552602,58.839490139862974,63.12594281922199,4.286452679359016,C4_SENSITIVITY_ONLY
A8_A9_test_60m,test,60m,True,99,0.0,60.74004529653456,59.17578194015701,62.78840490618595,nih_exporter_c4,nih_exporter,63.40473913193378,64.65609086107253,60.74004529653456,0.0,59.17578194015701,62.78840490618595,3.612622966028944,C4_SENSITIVITY_ONLY
A8_A9_test_60m,test,60m,True,100,0.002,62.04706759259917,60.17604925524407,63.64116658496098,nih_exporter_c4,nih_exporter,63.40473913193378,64.65609086107253,62.049570296057446,0.002502703458276301,60.17604925524407,63.64449939037761,3.468450135133544,C4_SENSITIVITY_ONLY
A8_A9_test_60m,test,60m,True,101,0.0109780439121756,60.47396527435355,57.2457000956111,63.55525124170568,nih_exporter_c4,nih_exporter,63.40473913193378,64.65609086107253,60.48770266858561,0.01373739423205933,57.2457000956111,63.57354508381293,6.327844988201832,C4_SENSITIVITY_ONLY
A8_A9_test_60m,test,60m,True,102,0.004,62.27269433203166,60.43761437485615,63.204542118976896,nih_exporter_c4,nih_exporter,63.40473913193378,64.65609086107253,62.277699738948215,0.005005406916552602,60.43761437485615,63.211207729810155,2.773593354954002,C4_SENSITIVITY_ONLY
A8_A9_test_60m,test,60m,True,103,0.0,60.57438041549023,58.52141745672058,62.18389560315545,nih_exporter_c4,nih_exporter,63.40473913193378,64.65609086107253,60.57438041549023,0.0,58.52141745672058,62.18389560315545,3.6624781464348715,C4_SENSITIVITY_ONLY
A8_A9_test_60m,test,60m,True,104,0.0,62.32548347175669,61.74533495711365,63.17690045756646,nih_exporter_c4,nih_exporter,63.40473913193378,64.65609086107253,62.32548347175669,0.0,61.74533495711365,63.17690045756646,1.4315655004528125,C4_SENSITIVITY_ONLY
A8_A9_test_60m,test,60m,True,105,0.0,61.31220102429149,59.817170599145314,62.96407940932588,nih_exporter_c4,nih_exporter,63.40473913193378,64.65609086107253,61.31220102429149,0.0,59.817170599145314,62.96407940932588,3.1469088101805696,C4_SENSITIVITY_ONLY
A8_A9_test_60m,test,60m,True,106,0.0,61.491692198814405,61.40060336996814,61.57090876947819,nih_exporter_c4,nih_exporter,63.40473913193378,64.65609086107253,61.491692198814405,0.0,61.40060336996814,61.57090876947819,0.17030539951004897,C4_SENSITIVITY_ONLY
A8_A9_test_60m,test,60m,True,107,0.0,63.59825485882663,62.86650643422111,64.06131952783593,nih_exporter_c4,nih_exporter,63.40473913193378,64.65609086107253,63.59825485882663,0.0,62.86650643422111,64.06131952783593,1.194813093614826,C4_SENSITIVITY_ONLY
A8_A9_test_60m,test,60m,True,108,0.0,59.85431021261646,58.420649717261234,60.83475676069977,nih_exporter_c4,nih_exporter,63.40473913193378,64.65609086107253,59.85431021261646,0.0,58.420649717261234,60.83475676069977,2.414107043438534,C4_SENSITIVITY_ONLY
A8_A9_test_60m,test,60m,True,109,0.0,64.1017421643832,63.89658204611453,64.17055219996845,nih_exporter_c4,nih_exporter,63.40473913193378,64.65609086107253,64.1017421643832,0.0,63.89658204611453,64.17055219996845,0.27397015385392365,C4_SENSITIVITY_ONLY
A8_A9_test_60m,test,60m,True,110,0.0,62.170492525905125,61.018151096328026,62.64946912461208,nih_exporter_c4,nih_exporter,63.40473913193378,64.65609086107253,62.170492525905125,0.0,61.018151096328026,62.64946912461208,1.6313180282840563,C4_SENSITIVITY_ONLY
A8_A9_test_60m,test,60m,True,111,0.0,62.73186035179894,62.455665593195874,62.84725157207211,nih_exporter_c4,nih_exporter,63.40473913193378,64.65609086107253,62.73186035179894,0.0,62.455665593195874,62.84725157207211,0.39158597887623614,C4_SENSITIVITY_ONLY
A8_A9_test_60m,test,60m,True,112,0.021021021021021,60.61452762428162,57.66199675854021,63.97192329669316,nih_exporter_c4,nih_exporter,63.40473913193378,64.65609086107253,60.640832315284534,0.026304691002913216,57.66199675854021,64.00695278305415,6.344956024513934,C4_SENSITIVITY_ONLY
A8_A9_test_60m,test,60m,True,113,0.0010030090270812,59.31987207421634,58.18424244447421,60.60596530794338,nih_exporter_c4,nih_exporter,63.40473913193378,64.65609086107253,59.321127191296725,0.0012551170803831724,58.18424244447421,60.60763672490257,2.4233942804283615,C4_SENSITIVITY_ONLY
A8_A9_test_60m,test,60m,True,114,0.0,62.58764476600154,60.97868863201176,63.40914701370449,nih_exporter_c4,nih_exporter,63.40473913193378,64.65609086107253,62.58764476600154,0.0,60.97868863201176,63.40914701370449,2.4304583816927305,C4_SENSITIVITY_ONLY
A8_A9_test_60m,test,60m,True,115,0.0,63.72803334537386,63.07364916442806,64.01174204403827,nih_exporter_c4,nih_exporter,63.40473913193378,64.65609086107253,63.72803334537386,0.0,63.07364916442806,64.01174204403827,0.9380928796102097,C4_SENSITIVITY_ONLY
A8_A9_test_60m,test,60m,True,116,0.002004008016032,61.81299828692577,61.340741865958734,62.15706070500404,nih_exporter_c4,nih_exporter,63.40473913193378,64.65609086107253,61.81550600582184,0.0025077188960693775,61.340741865958734,62.16040018938944,0.8196583234307084,C4_SENSITIVITY_ONLY
A8_A9_test_60m,test,60m,True,117,0.007,61.53381114513434,61.27818826107816,61.64912094943698,nih_exporter_c4,nih_exporter,63.40473913193378,64.65609086107253,61.54257060723831,0.008759462103974158,61.27818826107816,61.66078576839518,0.3825975073170227,C4_SENSITIVITY_ONLY
A8_A9_test_60m,test,60m,True,118,0.0,62.146206348271264,60.21725930475335,63.09729630847546,nih_exporter_c4,nih_exporter,63.40473913193378,64.65609086107253,62.146206348271264,0.0,60.21725930475335,63.09729630847546,2.8800370037221086,C4_SENSITIVITY_ONLY
A8_A9_test_60m,test,60m,True,119,0.0,60.596162494502174,59.95086742851272,60.94990112347136,nih_exporter_c4,nih_exporter,63.40473913193378,64.65609086107253,60.596162494502174,0.0,59.95086742851272,60.94990112347136,0.9990336949586407,C4_SENSITIVITY_ONLY
A8_A9_test_60m,test,60m,True,120,0.0279441117764471,60.364248228541655,58.60903470769821,63.00964361307773,nih_exporter_c4,nih_exporter,63.40473913193378,64.65609086107253,60.39921614113236,0.034967912590701644,58.60903470769821,63.05620975662346,4.447175048925253,C4_SENSITIVITY_ONLY
A8_A9_test_60m,test,60m,True,121,0.0499500499500499,56.31117434628307,56.0299106186043,56.43470210237419,nih_exporter_c4,nih_exporter,63.40473913193378,64.65609086107253,56.37367942765863,0.0625050813755621,56.0299106186043,56.517939000891424,0.4880283822871263,C4_SENSITIVITY_ONLY
A8_A9_test_60m,test,60m,True,122,0.046,60.11994508063846,58.869408320457175,60.6814462784989,nih_exporter_c4,nih_exporter,63.40473913193378,64.65609086107253,60.17750726017884,0.05756217954038334,58.869408320457175,60.7581008030814,1.8886924826242222,C4_SENSITIVITY_ONLY
A8_A9_test_60m,test,60m,True,123,0.0,62.99128908007299,61.9498872999677,63.43644601371649,nih_exporter_c4,nih_exporter,63.40473913193378,64.65609086107253,62.99128908007299,0.0,61.9498872999677,63.43644601371649,1.4865587137487921,C4_SENSITIVITY_ONLY
A8_A9_test_60m,test,60m,True,124,0.0,60.830378647978186,59.28286101179504,61.50224446323712,nih_exporter_c4,nih_exporter,63.40473913193378,64.65609086107253,60.830378647978186,0.0,59.28286101179504,61.50224446323712,2.219383451442077,C4_SENSITIVITY_ONLY
A8_A9_test_60m,test,60m,True,125,0.0,61.02251075226528,58.70255422504769,62.84513495223369,nih_exporter_c4,nih_exporter,63.40473913193378,64.65609086107253,61.02251075226528,0.0,58.70255422504769,62.84513495223369,4.142580727186001,C4_SENSITIVITY_ONLY
A8_A9_test_60m,test,60m,True,126,0.029029029029029,58.80122640772829,56.111129089451325,62.387231910215256,nih_exporter_c4,nih_exporter,63.40473913193378,64.65609086107253,58.837551933398984,0.0363255256706978,56.111129089451325,62.435605962808985,6.324476873357661,C4_SENSITIVITY_ONLY
A8_A9_test_60m,test,60m,True,127,0.0070140280561122,61.39634616701826,58.773018398159664,64.26877330188158,nih_exporter_c4,nih_exporter,63.40473913193378,64.65609086107253,61.4051231831545,0.008777016136242821,58.773018398159664,64.28046149723049,5.5074430990708265,C4_SENSITIVITY_ONLY
A8_A9_test_60m,test,60m,True,128,0.036,62.05591844008552,61.20015499167317,62.62632462190056,nih_exporter_c4,nih_exporter,63.40473913193378,64.65609086107253,62.100967102334515,0.04504866224899473,61.20015499167317,62.6863151193999,1.486160127726727,C4_SENSITIVITY_ONLY
A8_A9_test_60m,test,60m,True,129,0.0079920079920079,61.59265724902995,61.53862188613997,61.62527860122583,nih_exporter_c4,nih_exporter,63.40473913193378,64.65609086107253,61.60265806205004,0.010000813020091925,61.53862188613997,61.638596504988584,0.0999746188486128,C4_SENSITIVITY_ONLY
A8_A9_test_60m,test,60m,True,130,0.04,57.89342222081766,56.86899196705375,58.492723094877405,nih_exporter_c4,nih_exporter,63.40473913193378,64.65609086107253,57.94347628998321,0.05005406916554733,56.86899196705375,58.55937920321001,1.6903872361562549,C4_SENSITIVITY_ONLY
A8_A9_test_60m,test,60m,True,131,0.003,60.47399074619856,58.625372910218005,62.508494927532496,nih_exporter_c4,nih_exporter,63.40473913193378,64.65609086107253,60.477744801385974,0.003754055187414451,58.625372910218005,62.51349413565744,3.888121225439434,C4_SENSITIVITY_ONLY
A8_A9_test_60m,test,60m,True,132,0.0,61.327871413212925,61.05338629041656,61.53279361030658,nih_exporter_c4,nih_exporter,63.40473913193378,64.65609086107253,61.327871413212925,0.0,61.05338629041656,61.53279361030658,0.47940731989001506,C4_SENSITIVITY_ONLY
A8_A9_test_60m,test,60m,True,133,0.0,61.85536856556392,59.8575329883864,62.77088335835136,nih_exporter_c4,nih_exporter,63.40473913193378,64.65609086107253,61.85536856556392,0.0,59.8575329883864,62.77088335835136,2.9133503699649594,C4_SENSITIVITY_ONLY
A8_A9_test_60m,test,60m,True,134,0.0,63.14400193166222,62.30973171110048,63.76575905167612,nih_exporter_c4,nih_exporter,63.40473913193378,64.65609086107253,63.14400193166222,0.0,62.30973171110048,63.76575905167612,1.4560273405756377,C4_SENSITIVITY_ONLY
A8_A9_test_60m,test,60m,True,135,0.0,54.86484703741738,53.53061174361228,57.00781454929723,nih_exporter_c4,nih_exporter,63.40473913193378,64.65609086107253,54.86484703741738,0.0,53.53061174361228,57.00781454929723,3.4772028056849464,C4_SENSITIVITY_ONLY
A8_A9_test_60m,test,60m,True,136,0.0,62.1333773402359,60.38047561469128,62.98635318529735,nih_exporter_c4,nih_exporter,63.40473913193378,64.65609086107253,62.1333773402359,0.0,60.38047561469128,62.98635318529735,2.6058775706060686,C4_SENSITIVITY_ONLY
A8_A9_test_60m,test,60m,True,137,0.0,59.322288660944864,57.69279173556131,60.919056735623535,nih_exporter_c4,nih_exporter,63.40473913193378,64.65609086107253,59.322288660944864,0.0,57.69279173556131,60.919056735623535,3.2262650000622273,C4_SENSITIVITY_ONLY
A8_A9_test_60m,test,60m,True,138,0.0,54.95722224496942,54.45903455683335,55.173211849863954,nih_exporter_c4,nih_exporter,63.40473913193378,64.65609086107253,54.95722224496942,0.0,54.45903455683335,55.173211849863954,0.7141772930306018,C4_SENSITIVITY_ONLY
A8_A9_test_60m,test,60m,True,139,0.0,62.590907323410605,62.56661016357106,62.60219299693559,nih_exporter_c4,nih_exporter,63.40473913193378,64.65609086107253,62.590907323410605,0.0,62.56661016357106,62.60219299693559,0.035582833364529165,C4_SENSITIVITY_ONLY
A8_A9_test_60m,test,60m,True,140,0.0269999999999999,60.56314669689577,58.20147663062801,63.547578756666695,nih_exporter_c4,nih_exporter,63.40473913193378,64.65609086107253,60.596933193582515,0.03378649668674427,58.20147663062801,63.5925716297912,5.391094999163194,C4_SENSITIVITY_ONLY
A8_A9_test_60m,test,60m,True,141,0.018018018018018,56.54499484264142,56.1753625587064,56.77396950223751,nih_exporter_c4,nih_exporter,63.40473913193378,64.65609086107253,56.56754172064392,0.022546878002501103,56.1753625587064,56.803994776261206,0.6286322175548094,C4_SENSITIVITY_ONLY
A8_A9_test_60m,test,60m,True,142,0.0,60.66633629159466,60.28626188691623,60.89232203058713,nih_exporter_c4,nih_exporter,63.40473913193378,64.65609086107253,60.66633629159466,0.0,60.28626188691623,60.89232203058713,0.6060601436709021,C4_SENSITIVITY_ONLY
A8_A9_test_60m,test,60m,True,143,0.041041041041041,60.21035472579212,58.61285998543545,61.92490040494498,nih_exporter_c4,nih_exporter,63.40473913193378,64.65609086107253,60.26171150346448,0.051356777672360465,58.61285998543545,61.99329130688784,3.3804313214523916,C4_SENSITIVITY_ONLY
A8_A9_test_60m,test,60m,True,144,0.0,61.62070048803734,59.98544211570553,62.42004993783962,nih_exporter_c4,nih_exporter,63.40473913193378,64.65609086107253,61.62070048803734,0.0,59.98544211570553,62.42004993783962,2.4346078221340903,C4_SENSITIVITY_ONLY
A8_A9_test_60m,test,60m,True,145,0.0009990009990009,58.24463776409124,58.01953186134472,58.41415609577109,nih_exporter_c4,nih_exporter,63.40473913193378,64.65609086107253,58.24588786571875,0.0012501016275123789,58.01953186134472,58.415820833741435,0.396288972396718,C4_SENSITIVITY_ONLY
A8_A9_test_60m,test,60m,True,146,0.0,62.0000911983028,61.101995763435006,62.39909991496161,nih_exporter_c4,nih_exporter,63.40473913193378,64.65609086107253,62.0000911983028,0.0,61.101995763435006,62.39909991496161,1.2971041515266037,C4_SENSITIVITY_ONLY
A8_A9_test_60m,test,60m,True,147,0.0,58.51550350838741,58.18015153044182,58.82627360904824,nih_exporter_c4,nih_exporter,63.40473913193378,64.65609086107253,58.51550350838741,0.0,58.18015153044182,58.82627360904824,0.6461220786064246,C4_SENSITIVITY_ONLY
A8_A9_test_60m,test,60m,True,148,0.04004004004004,60.32619656954687,57.64367885742412,62.520988096369294,nih_exporter_c4,nih_exporter,63.40473913193378,64.65609086107253,60.37630074288576,0.05010417333888739,57.64367885742412,62.58771092753306,4.944032070108939,C4_SENSITIVITY_ONLY
A8_A9_test_60m,test,60m,True,149,0.0,56.0395971474491,55.15476402316504,56.70889311464567,nih_exporter_c4,nih_exporter,63.40473913193378,64.65609086107253,56.0395971474491,0.0,55.15476402316504,56.70889311464567,1.5541290914806254,C4_SENSITIVITY_ONLY
A8_A9_test_60m,test,60m,True,150,0.0189810189810189,61.91122218219541,58.97592636103283,64.05101103856329,nih_exporter_c4,nih_exporter,63.40473913193378,64.65609086107253,61.93497411311812,0.023751930922713882,58.97592636103283,64.08264105999984,5.106714698967011,C4_SENSITIVITY_ONLY
A8_A9_test_60m,test,60m,True,151,0.0009990009990009,61.66358108914491,60.69467190312215,62.317715606271925,nih_exporter_c4,nih_exporter,63.40473913193378,64.65609086107253,61.664831190772425,0.0012501016275123789,60.69467190312215,62.31938034424227,1.62470844112012,C4_SENSITIVITY_ONLY
A8_A9_test_60m,test,60m,True,152,0.0499500499500499,61.90944538795147,60.13040635954681,63.1587245818408,nih_exporter_c4,nih_exporter,63.40473913193378,64.65609086107253,61.971950469327034,0.0625050813755621,60.13040635954681,63.241961480358036,3.111555120811225,C4_SENSITIVITY_ONLY
A8_A9_test_60m,test,60m,True,153,0.0089910089910089,59.883512497296806,58.73039799175778,60.521869550984434,nih_exporter_c4,nih_exporter,63.40473913193378,64.65609086107253,59.89476341194441,0.011250914647604304,58.73039799175778,60.53685219271754,1.806454200959756,C4_SENSITIVITY_ONLY
A8_A9_test_60m,test,60m,True,154,0.016,57.66577921919049,57.44634650217002,57.82003731952189,nih_exporter_c4,nih_exporter,63.40473913193378,64.65609086107253,57.68580084685671,0.020021627666217512,57.44634650217002,57.846699762854925,0.40035326068490207,C4_SENSITIVITY_ONLY
A8_A9_test_60m,test,60m,True,155,0.0059820538384845,60.61782530402283,58.59462169278732,62.94318157254331,nih_exporter_c4,nih_exporter,63.40473913193378,64.65609086107253,60.62531095743742,0.007485653414590843,58.59462169278732,62.95315008326104,4.358528390473722,C4_SENSITIVITY_ONLY
A8_A9_test_60m,test,60m,True,156,0.0,62.51027270721897,60.63753952205813,63.46143429233254,nih_exporter_c4,nih_exporter,63.40473913193378,64.65609086107253,62.51027270721897,0.0,60.63753952205813,63.46143429233254,2.823894770274414,C4_SENSITIVITY_ONLY
A8_A9_test_60m,test,60m,True,157,0.0,60.33337713235646,59.89191414666367,60.76857423753663,nih_exporter_c4,nih_exporter,63.40473913193378,64.65609086107253,60.33337713235646,0.0,59.89191414666367,60.76857423753663,0.87666009087296,C4_SENSITIVITY_ONLY
A8_A9_test_60m,test,60m,True,158,0.0,63.41257920580292,62.42988917179386,63.84521204462824,nih_exporter_c4,nih_exporter,63.40473913193378,64.65609086107253,63.41257920580292,0.0,62.42988917179386,63.84521204462824,1.4153228728343805,C4_SENSITIVITY_ONLY
A8_A9_test_60m,test,60m,True,159,0.0,54.25073672796567,53.40921257863089,54.90618639911634,nih_exporter_c4,nih_exporter,63.40473913193378,64.65609086107253,54.25073672796567,0.0,53.40921257863089,54.90618639911634,1.4969738204854508,C4_SENSITIVITY_ONLY
A8_A9_test_60m,test,60m,True,160,0.006,60.89385859410706,58.740117074773,62.17307954787854,nih_exporter_c4,nih_exporter,63.40473913193378,64.65609086107253,60.901366704481894,0.007508110374836008,58.740117074773,62.18307796412843,3.442960889355426,C4_SENSITIVITY_ONLY
A8_A9_test_60m,test,60m,True,161,0.001,63.6142879061808,63.003002544356086,64.12568515834224,nih_exporter_c4,nih_exporter,63.40473913193378,64.65609086107253,63.61553925790994,0.0012513517291381504,63.003002544356086,64.12735156105055,1.1243490166944596,C4_SENSITIVITY_ONLY
A8_A9_test_60m,test,60m,True,162,0.0,54.770303190316135,53.58905611631882,56.09055255027299,nih_exporter_c4,nih_exporter,63.40473913193378,64.65609086107253,54.770303190316135,0.0,53.58905611631882,56.09055255027299,2.5014964339541663,C4_SENSITIVITY_ONLY
A8_A9_test_60m,test,60m,True,163,0.0299700299700299,62.19315502722692,61.6946149916274,62.419405432339815,nih_exporter_c4,nih_exporter,63.40473913193378,64.65609086107253,62.23065807605226,0.03750304882533584,61.6946149916274,62.46934757145016,0.7747325798227607,C4_SENSITIVITY_ONLY
A8_A9_test_60m,test,60m,True,164,0.0179820179820179,60.49282090983682,59.167924321641486,61.66876795704908,nih_exporter_c4,nih_exporter,63.40473913193378,64.65609086107253,60.515322739132024,0.022501829295201503,59.167924321641486,61.69873324051528,2.530808918873795,C4_SENSITIVITY_ONLY
A8_A9_test_60m,test,60m,True,165,0.028028028028028,60.68338148427762,58.01981548241989,63.04970580190869,nih_exporter_c4,nih_exporter,63.40473913193378,64.65609086107253,60.71845440561484,0.03507292133722473,58.01981548241989,63.096411783723326,5.076596301303439,C4_SENSITIVITY_ONLY
A8_A9_test_60m,test,60m,True,166,0.0189810189810189,60.94396410075412,58.784759390599575,62.95051737693087,nih_exporter_c4,nih_exporter,63.40473913193378,64.65609086107253,60.96771603167684,0.023751930922713882,58.784759390599575,62.98214739836742,4.197388007767842,C4_SENSITIVITY_ONLY
A8_A9_test_60m,test,60m,True,167,0.002002002002002,59.681539683432725,58.16927526414163,60.52926953117888,nih_exporter_c4,nih_exporter,63.40473913193378,64.65609086107253,59.68404489209967,0.002505208666946146,58.16927526414163,60.53260567273707,2.363330408595438,C4_SENSITIVITY_ONLY
A8_A9_test_60m,test,60m,True,168,0.0,60.849480390951925,60.3613552052646,61.2990447844059,nih_exporter_c4,nih_exporter,63.40473913193378,64.65609086107253,60.849480390951925,0.0,60.3613552052646,61.2990447844059,0.9376895791412991,C4_SENSITIVITY_ONLY
A8_A9_test_60m,test,60m,True,169,0.001,62.8529137121227,60.92991815002647,63.60779032916681,nih_exporter_c4,nih_exporter,63.40473913193378,64.65609086107253,62.85416506385184,0.0012513517291381504,60.92991815002647,63.60945673187513,2.679538581848661,C4_SENSITIVITY_ONLY
A8_A9_test_60m,test,60m,True,170,0.0009990009990009,63.51640976366303,62.72173356429075,63.94736301196231,nih_exporter_c4,nih_exporter,63.40473913193378,64.65609086107253,63.51765986529054,0.0012501016275123789,62.72173356429075,63.949027749932654,1.2272941856419024,C4_SENSITIVITY_ONLY
A8_A9_test_60m,test,60m,True,171,0.0,61.591488416126666,60.8747594161097,61.997267769871776,nih_exporter_c4,nih_exporter,63.40473913193378,64.65609086107253,61.591488416126666,0.0,60.8747594161097,61.997267769871776,1.122508353762079,C4_SENSITIVITY_ONLY
A8_A9_test_60m,test,60m,True,172,0.0,62.75118040444,62.1804089903921,63.18403130216429,nih_exporter_c4,nih_exporter,63.40473913193378,64.65609086107253,62.75118040444,0.0,62.1804089903921,63.18403130216429,1.0036223117721903,C4_SENSITIVITY_ONLY
A8_A9_test_60m,test,60m,True,173,0.0,63.65553907899648,62.96024286634163,64.04107430724278,nih_exporter_c4,nih_exporter,63.40473913193378,64.65609086107253,63.65553907899648,0.0,62.96024286634163,64.04107430724278,1.0808314409011501,C4_SENSITIVITY_ONLY
A8_A9_test_60m,test,60m,True,174,0.001001001001001,54.792680103743045,54.35771446497199,55.3459174876949,nih_exporter_c4,nih_exporter,63.40473913193378,64.65609086107253,54.79393270807652,0.001252604333473073,54.35771446497199,55.347585558473995,0.9898710935020034,C4_SENSITIVITY_ONLY
A8_A9_test_60m,test,60m,True,175,0.02,58.965524451318736,57.50922144613718,59.776417709850485,nih_exporter_c4,nih_exporter,63.40473913193378,64.65609086107253,58.99055148590151,0.02502703458277722,57.50922144613718,59.80974576401679,2.3005243178796064,C4_SENSITIVITY_ONLY
A8_A9_test_60m,test,60m,True,176,0.0,62.48835147946855,60.47764172381879,64.01423323058638,nih_exporter_c4,nih_exporter,63.40473913193378,64.65609086107253,62.48835147946855,0.0,60.47764172381879,64.01423323058638,3.536591506767593,C4_SENSITIVITY_ONLY
A8_A9_test_60m,test,60m,True,177,0.0,63.44429438935549,62.36682861627718,64.20238557164087,nih_exporter_c4,nih_exporter,63.40473913193378,64.65609086107253,63.44429438935549,0.0,62.36682861627718,64.20238557164087,1.8355569553636926,C4_SENSITIVITY_ONLY
A8_A9_test_60m,test,60m,True,178,0.0,59.22000195697839,57.5925575224465,61.15086712016286,nih_exporter_c4,nih_exporter,63.40473913193378,64.65609086107253,59.22000195697839,0.0,57.5925575224465,61.15086712016286,3.5583095977163595,C4_SENSITIVITY_ONLY
A8_A9_test_60m,test,60m,True,179,0.0,62.76694515442688,61.45571324191358,63.82985978155279,nih_exporter_c4,nih_exporter,63.40473913193378,64.65609086107253,62.76694515442688,0.0,61.45571324191358,63.82985978155279,2.374146539639213,C4_SENSITIVITY_ONLY
A8_A9_test_60m,test,60m,True,180,0.0149850149850149,59.79809226696967,57.3623010306778,63.35431079373915,nih_exporter_c4,nih_exporter,63.40473913193378,64.65609086107253,59.81684379138234,0.018751524412671472,57.3623010306778,63.379281863294324,6.016980832616525,C4_SENSITIVITY_ONLY
A8_A9_test_60m,test,60m,True,181,0.0,60.48310484260209,59.16542465077088,61.84740795558144,nih_exporter_c4,nih_exporter,63.40473913193378,64.65609086107253,60.48310484260209,0.0,59.16542465077088,61.84740795558144,2.681983304810558,C4_SENSITIVITY_ONLY
A8_A9_test_60m,test,60m,True,182,0.0049950049950049,62.62709986570045,61.857905388622726,63.47053872198295,nih_exporter_c4,nih_exporter,63.40473913193378,64.65609086107253,62.633350373838006,0.006250508137554789,61.857905388622726,63.47886241183467,1.6209570232119432,C4_SENSITIVITY_ONLY
A8_A9_test_60m,test,60m,True,183,0.0,59.97387163879272,57.49650699852239,63.9052943352929,nih_exporter_c4,nih_exporter,63.40473913193378,64.65609086107253,59.97387163879272,0.0,57.49650699852239,63.9052943352929,6.408787336770509,C4_SENSITIVITY_ONLY
A8_A9_test_60m,test,60m,True,184,0.0359640359640359,62.67219256582439,62.36783888529399,62.89781660500902,nih_exporter_c4,nih_exporter,63.40473913193378,64.65609086107253,62.71719622441479,0.045003658590403006,62.36783888529399,62.95774717194143,0.5899082866474359,C4_SENSITIVITY_ONLY
A8_A9_test_60m,test,60m,True,185,0.0,64.1772501175528,64.15245161383756,64.21010058978862,nih_exporter_c4,nih_exporter,63.40473913193378,64.65609086107253,64.1772501175528,0.0,64.15245161383756,64.21010058978862,0.05764897595106788,C4_SENSITIVITY_ONLY
A8_A9_test_60m,test,60m,True,186,0.0,63.19974457106738,63.1841548783223,63.21326810562055,nih_exporter_c4,nih_exporter,63.40473913193378,64.65609086107253,63.19974457106738,0.0,63.1841548783223,63.21326810562055,0.029113227298246613,C4_SENSITIVITY_ONLY
A8_A9_test_60m,test,60m,True,187,0.001,60.96414616139728,60.4515931664201,61.43370824128254,nih_exporter_c4,nih_exporter,63.40473913193378,64.65609086107253,60.96539751312642,0.0012513517291381504,60.4515931664201,61.435374643990855,0.9837814775707514,C4_SENSITIVITY_ONLY
A8_A9_test_60m,test,60m,True,188,0.0,61.69506885905932,59.91616820859944,62.87224033980702,nih_exporter_c4,nih_exporter,63.40473913193378,64.65609086107253,61.69506885905932,0.0,59.91616820859944,62.87224033980702,2.956072131207584,C4_SENSITIVITY_ONLY
A8_A9_test_60m,test,60m,True,189,0.0,63.503358098049375,62.86039383780328,64.293402644903,nih_exporter_c4,nih_exporter,63.40473913193378,64.65609086107253,63.503358098049375,0.0,62.86039383780328,64.293402644903,1.4330088070997178,C4_SENSITIVITY_ONLY
A8_A9_test_60m,test,60m,True,190,0.0,61.51977615242941,60.55999516487546,62.50193671453826,nih_exporter_c4,nih_exporter,63.40473913193378,64.65609086107253,61.51977615242941,0.0,60.55999516487546,62.50193671453826,1.9419415496628005,C4_SENSITIVITY_ONLY
A8_A9_test_60m,test,60m,True,191,0.017,62.640398631562974,60.54738461696244,63.60482284515999,nih_exporter_c4,nih_exporter,63.40473913193378,64.65609086107253,62.66167161095833,0.021272979395355662,60.54738461696244,63.63315169120134,3.085767074238902,C4_SENSITIVITY_ONLY
A8_A9_test_60m,test,60m,True,192,0.0389999999999999,59.583295521860784,58.60754442922767,60.350752717616125,nih_exporter_c4,nih_exporter,63.40473913193378,64.65609086107253,59.63209823929719,0.04880271743640918,58.60754442922767,60.41574242324041,1.8081979940127368,C4_SENSITIVITY_ONLY
A8_A9_test_60m,test,60m,True,193,0.0,63.63575568988044,63.3060608801741,63.79730205523022,nih_exporter_c4,nih_exporter,63.40473913193378,64.65609086107253,63.63575568988044,0.0,63.3060608801741,63.79730205523022,0.49124117505611764,C4_SENSITIVITY_ONLY
A8_A9_test_60m,test,60m,True,194,0.002,63.63759923307527,63.63073507147658,63.64043948057599,nih_exporter_c4,nih_exporter,63.40473913193378,64.65609086107253,63.64010193653355,0.002502703458276301,63.63073507147658,63.643772285992625,0.013037214516046447,C4_SENSITIVITY_ONLY
A8_A9_test_60m,test,60m,True,195,0.055055055055055,62.48864501538318,59.98575619252903,64.28602453479114,nih_exporter_c4,nih_exporter,63.40473913193378,64.65609086107253,62.55753825372415,0.06889323834096928,59.98575619252903,64.37776842764131,4.392012235112283,C4_SENSITIVITY_ONLY
A8_A9_test_60m,test,60m,True,196,0.002,62.01885065520038,60.44387521551884,62.68039821429166,nih_exporter_c4,nih_exporter,63.40473913193378,64.65609086107253,62.02135335865866,0.002502703458276301,60.44387521551884,62.68373101970829,2.239855804189453,C4_SENSITIVITY_ONLY
A8_A9_test_60m,test,60m,True,197,0.0,60.967302570010574,60.15336804744623,61.557747025064586,nih_exporter_c4,nih_exporter,63.40473913193378,64.65609086107253,60.967302570010574,0.0,60.15336804744623,61.557747025064586,1.4043789776183573,C4_SENSITIVITY_ONLY
A8_A9_test_60m,test,60m,True,198,0.0,55.42338580448661,55.11052146677515,55.88465579943652,nih_exporter_c4,nih_exporter,63.40473913193378,64.65609086107253,55.42338580448661,0.0,55.11052146677515,55.88465579943652,0.7741343326613759,C4_SENSITIVITY_ONLY
A8_A9_test_60m,test,60m,True,199,0.019,60.807181409899805,59.54444153219967,61.54353816071856,nih_exporter_c4,nih_exporter,63.40473913193378,64.65609086107253,60.830957092753444,0.02377568285363907,59.54444153219967,61.57519981217655,2.0307582799768795,C4_SENSITIVITY_ONLY
A8_A9_test_60m,test,60m,True,200,0.0,60.58749179105957,58.89443257503864,61.9799247582369,nih_exporter_c4,nih_exporter,63.40473913193378,64.65609086107253,60.58749179105957,0.0,58.89443257503864,61.9799247582369,3.085492183198255,C4_SENSITIVITY_ONLY
A8_A9_test_60m,test,60m,True,201,0.0,61.8446587830786,60.41534337096347,62.77280173474338,nih_exporter_c4,nih_exporter,63.40473913193378,64.65609086107253,61.8446587830786,0.0,60.41534337096347,62.77280173474338,2.3574583637799122,C4_SENSITIVITY_ONLY
A8_A9_test_60m,test,60m,True,202,0.0,61.91092208169731,58.94395184665372,64.2773068236377,nih_exporter_c4,nih_exporter,63.40473913193378,64.65609086107253,61.91092208169731,0.0,58.94395184665372,64.2773068236377,5.333354976983983,C4_SENSITIVITY_ONLY
A8_A9_test_60m,test,60m,True,203,0.0129870129870129,61.82358787227466,60.08213701675497,63.12727436898875,nih_exporter_c4,nih_exporter,63.40473913193378,64.65609086107253,61.839839193432304,0.016251321157646714,60.08213701675497,63.14891596260323,3.066778945848263,C4_SENSITIVITY_ONLY
A8_A9_test_60m,test,60m,True,204,0.0069999999999999,60.18235057041365,58.36270526346608,62.84469258692217,nih_exporter_c4,nih_exporter,63.40473913193378,64.65609086107253,60.19111003251762,0.008759462103974158,58.36270526346608,62.856357405880374,4.493652142414291,C4_SENSITIVITY_ONLY
A8_A9_test_60m,test,60m,True,205,0.0,62.76823944612836,62.46387575223117,63.0102247212121,nih_exporter_c4,nih_exporter,63.40473913193378,64.65609086107253,62.76823944612836,0.0,62.46387575223117,63.0102247212121,0.5463489689809293,C4_SENSITIVITY_ONLY
A8_A9_test_60m,test,60m,True,206,0.0,59.521337220379735,57.17783458977557,61.776569101696026,nih_exporter_c4,nih_exporter,63.40473913193378,64.65609086107253,59.521337220379735,0.0,57.17783458977557,61.776569101696026,4.598734511920455,C4_SENSITIVITY_ONLY
A8_A9_test_60m,test,60m,True,207,0.0,56.22357312111134,54.983047999587136,57.6575811488703,nih_exporter_c4,nih_exporter,63.40473913193378,64.65609086107253,56.22357312111134,0.0,54.983047999587136,57.6575811488703,2.674533149283164,C4_SENSITIVITY_ONLY
A8_A9_test_60m,test,60m,True,208,0.0,54.22471042355938,53.22937397470625,54.96105755707111,nih_exporter_c4,nih_exporter,63.40473913193378,64.65609086107253,54.22471042355938,0.0,53.22937397470625,54.96105755707111,1.7316835823648589,C4_SENSITIVITY_ONLY
A8_A9_test_60m,test,60m,True,209,0.0,61.32972011600948,58.12000093980426,64.24727485503566,nih_exporter_c4,nih_exporter,63.40473913193378,64.65609086107253,61.32972011600948,0.0,58.12000093980426,64.24727485503566,6.127273915231399,C4_SENSITIVITY_ONLY
A8_A9_test_60m,test,60m,True,210,0.0019980019980019,60.07243207900994,58.29670553272804,61.76778658034118,nih_exporter_c4,nih_exporter,63.40473913193378,64.65609086107253,60.07493228226497,0.0025002032550247577,58.29670553272804,61.77111605628187,3.4744105235538285,C4_SENSITIVITY_ONLY
A8_A9_test_60m,test,60m,True,211,0.026026026026026,61.12538927319509,60.853977367615045,61.33320744659855,nih_exporter_c4,nih_exporter,63.40473913193378,64.65609086107253,61.15795698586537,0.03256771267027858,60.853977367615045,61.376577286854996,0.5225999192399513,C4_SENSITIVITY_ONLY
A8_A9_test_60m,test,60m,True,212,0.008008008008008,59.95524994046632,57.42236658009971,63.831054993455695,nih_exporter_c4,nih_exporter,63.40473913193378,64.65609086107253,59.965270775134094,0.010020834667777478,57.42236658009971,63.84439955968845,6.422032979588735,C4_SENSITIVITY_ONLY
A8_A9_test_60m,test,60m,True,213,0.0,63.595368530156,62.52005315251446,64.06841315835725,nih_exporter_c4,nih_exporter,63.40473913193378,64.65609086107253,63.595368530156,0.0,62.52005315251446,64.06841315835725,1.5483600058427882,C4_SENSITIVITY_ONLY
A8_A9_test_60m,test,60m,True,214,0.0,62.97301049689427,61.02869390593728,64.06965418629551,nih_exporter_c4,nih_exporter,63.40473913193378,64.65609086107253,62.97301049689427,0.0,61.02869390593728,64.06965418629551,3.0409602803582274,C4_SENSITIVITY_ONLY
A8_A9_test_60m,test,60m,True,215,0.0,60.625590676022576,58.19277769534549,64.15335644157685,nih_exporter_c4,nih_exporter,63.40473913193378,64.65609086107253,60.625590676022576,0.0,58.19277769534549,64.15335644157685,5.960578746231356,C4_SENSITIVITY_ONLY
A8_A9_test_60m,test,60m,True,216,0.0,53.00880896025897,52.92272501394582,53.041100469930655,nih_exporter_c4,nih_exporter,63.40473913193378,64.65609086107253,53.00880896025897,0.0,52.92272501394582,53.041100469930655,0.11837545598483246,C4_SENSITIVITY_ONLY
A8_A9_test_60m,test,60m,True,217,0.014,62.90346566931496,62.76463941200917,62.99420629907492,nih_exporter_c4,nih_exporter,63.40473913193378,64.65609086107253,62.9209845935229,0.01751892420794121,62.76463941200917,63.01753593699133,0.2528965249821624,C4_SENSITIVITY_ONLY
A8_A9_test_60m,test,60m,True,218,0.0,62.38817352197275,60.58986799472091,64.04194395905634,nih_exporter_c4,nih_exporter,63.40473913193378,64.65609086107253,62.38817352197275,0.0,60.58986799472091,64.04194395905634,3.452075964335428,C4_SENSITIVITY_ONLY
A8_A9_test_60m,test,60m,True,219,0.001002004008016,60.96484431702652,59.355106148898784,62.471279528391065,nih_exporter_c4,nih_exporter,63.40473913193378,64.65609086107253,60.96609817647455,0.0012538594480346887,59.355106148898784,62.47294927058377,3.1178431216849845,C4_SENSITIVITY_ONLY
A8_A9_test_60m,test,60m,True,220,0.006,61.920376382969145,60.05217689192196,62.77092848128648,nih_exporter_c4,nih_exporter,63.40473913193378,64.65609086107253,61.92788449334398,0.007508110374836008,60.05217689192196,62.780926897536375,2.7287500056144154,C4_SENSITIVITY_ONLY
A8_A9_test_60m,test,60m,True,221,0.0,60.67147999660834,57.13131062356866,63.822965923919455,nih_exporter_c4,nih_exporter,63.40473913193378,64.65609086107253,60.67147999660834,0.0,57.13131062356866,63.822965923919455,6.691655300350796,C4_SENSITIVITY_ONLY
A8_A9_test_60m,test,60m,True,222,0.0,61.42982614772575,61.2865760973603,61.58292221451287,nih_exporter_c4,nih_exporter,63.40473913193378,64.65609086107253,61.42982614772575,0.0,61.2865760973603,61.58292221451287,0.29634611715256653,C4_SENSITIVITY_ONLY
A8_A9_test_60m,test,60m,True,223,0.0,58.90599536346498,58.56140203736686,59.05434847537301,nih_exporter_c4,nih_exporter,63.40473913193378,64.65609086107253,58.90599536346498,0.0,58.56140203736686,59.05434847537301,0.49294643800615034,C4_SENSITIVITY_ONLY
A8_A9_test_60m,test,60m,True,224,0.0539460539460539,63.34314869079108,61.16563883164921,64.25605128309829,nih_exporter_c4,nih_exporter,63.40473913193378,64.65609086107253,63.41065417867669,0.06750548788560451,61.16563883164921,64.3459471334969,3.1803083018476954,C4_SENSITIVITY_ONLY
A8_A9_test_60m,test,60m,True,225,0.04004004004004,61.94171276348415,61.54644318837847,62.108417156597824,nih_exporter_c4,nih_exporter,63.40473913193378,64.65609086107253,61.991816936823035,0.05010417333888739,61.54644318837847,62.17513998776159,0.6286967993831212,C4_SENSITIVITY_ONLY
A8_A9_test_60m,test,60m,True,226,0.0,62.09894725818294,59.94931930194623,63.46473771844392,nih_exporter_c4,nih_exporter,63.40473913193378,64.65609086107253,62.09894725818294,0.0,59.94931930194623,63.46473771844392,3.5154184164976883,C4_SENSITIVITY_ONLY
A8_A9_test_60m,test,60m,True,227,0.004,56.01989954697628,55.92852476021965,56.08455590508292,nih_exporter_c4,nih_exporter,63.40473913193378,64.65609086107253,56.024904953892836,0.005005406916552602,55.92852476021965,56.09122151591618,0.16269675569652975,C4_SENSITIVITY_ONLY
A8_A9_test_60m,test,60m,True,228,0.0019980019980019,63.43578398344358,63.34731606622033,63.4975511109538,nih_exporter_c4,nih_exporter,63.40473913193378,64.65609086107253,63.4382841866986,0.0025002032550247577,63.34731606622033,63.50088058689449,0.15356452067415916,C4_SENSITIVITY_ONLY
A8_A9_test_60m,test,60m,True,229,0.0,63.17348271581967,63.08776916123428,63.235793164631566,nih_exporter_c4,nih_exporter,63.40473913193378,64.65609086107253,63.17348271581967,0.0,63.08776916123428,63.235793164631566,0.14802400339728905,C4_SENSITIVITY_ONLY
A8_A9_test_60m,test,60m,True,230,0.0289999999999999,59.41118795443066,58.08640125462144,59.96754932801683,nih_exporter_c4,nih_exporter,63.40473913193378,64.65609086107253,59.44747715457568,0.03628920014502057,58.08640125462144,60.01587500655797,1.929473751936527,C4_SENSITIVITY_ONLY
A8_A9_test_60m,test,60m,True,231,0.007976071784646,58.85548529349317,58.19595022204319,59.58573200165177,nih_exporter_c4,nih_exporter,63.40473913193378,64.65609086107253,58.86546616471262,0.009980871219454457,58.19595022204319,59.59902334927542,1.4030731272322328,C4_SENSITIVITY_ONLY
A8_A9_test_60m,test,60m,True,232,0.0,62.49608693233111,60.40061456131094,63.621315102747104,nih_exporter_c4,nih_exporter,63.40473913193378,64.65609086107253,62.49608693233111,0.0,60.40061456131094,63.621315102747104,3.220700541436166,C4_SENSITIVITY_ONLY
A8_A9_test_60m,test,60m,True,233,0.002002002002002,59.787940533576325,58.00279970715651,60.82156999500173,nih_exporter_c4,nih_exporter,63.40473913193378,64.65609086107253,59.79044574224327,0.002505208666946146,58.00279970715651,60.82490613655992,2.822106429403405,C4_SENSITIVITY_ONLY
A8_A9_test_60m,test,60m,True,234,0.0,63.74301428971136,63.37176771982874,63.94756265972742,nih_exporter_c4,nih_exporter,63.40473913193378,64.65609086107253,63.74301428971136,0.0,63.37176771982874,63.94756265972742,0.5757949398986781,C4_SENSITIVITY_ONLY
A8_A9_test_60m,test,60m,True,235,0.0,62.310621760766686,59.92581089020081,64.26359903962486,nih_exporter_c4,nih_exporter,63.40473913193378,64.65609086107253,62.310621760766686,0.0,59.92581089020081,64.26359903962486,4.337788149424057,C4_SENSITIVITY_ONLY
A8_A9_test_60m,test,60m,True,236,0.0,59.39682278301295,58.11551209379674,59.9980636736612,nih_exporter_c4,nih_exporter,63.40473913193378,64.65609086107253,59.39682278301295,0.0,58.11551209379674,59.9980636736612,1.8825515798644616,C4_SENSITIVITY_ONLY
A8_A9_test_60m,test,60m,True,237,0.0,55.67879176041524,55.04864779945781,56.12873872742848,nih_exporter_c4,nih_exporter,63.40473913193378,64.65609086107253,55.67879176041524,0.0,55.04864779945781,56.12873872742848,1.0800909279706659,C4_SENSITIVITY_ONLY
A8_A9_test_60m,test,60m,True,238,0.0,60.02077057857268,56.47979177895252,64.31817845881035,nih_exporter_c4,nih_exporter,63.40473913193378,64.65609086107253,60.02077057857268,0.0,56.47979177895252,64.31817845881035,7.838386679857834,C4_SENSITIVITY_ONLY
A8_A9_test_60m,test,60m,True,239,0.0,62.17722334677063,60.64251660646864,63.28380239782842,nih_exporter_c4,nih_exporter,63.40473913193378,64.65609086107253,62.17722334677063,0.0,60.64251660646864,63.28380239782842,2.6412857913597776,C4_SENSITIVITY_ONLY
A8_A9_test_60m,test,60m,True,240,0.005,61.893161866673154,61.09517230105498,62.45699473393261,nih_exporter_c4,nih_exporter,63.40473913193378,64.65609086107253,61.899418625318845,0.006256758645690752,61.09517230105498,62.46532674747419,1.3701544464192068,C4_SENSITIVITY_ONLY
A8_A9_test_60m,test,60m,True,241,0.0,53.68007325873658,53.32403761204197,54.16310192518687,nih_exporter_c4,nih_exporter,63.40473913193378,64.65609086107253,53.68007325873658,0.0,53.32403761204197,54.16310192518687,0.8390643131449025,C4_SENSITIVITY_ONLY
A8_A9_test_60m,test,60m,True,242,0.0,60.43156408567712,59.45977333577171,60.99690169853326,nih_exporter_c4,nih_exporter,63.40473913193378,64.65609086107253,60.43156408567712,0.0,59.45977333577171,60.99690169853326,1.5371283627615497,C4_SENSITIVITY_ONLY
A8_A9_test_60m,test,60m,True,243,0.034,60.93856733950555,59.23383242718252,63.2406888595175,nih_exporter_c4,nih_exporter,63.40473913193378,64.65609086107253,60.98111329829627,0.04254595879071843,59.23383242718252,63.29734655160021,4.0635141244176864,C4_SENSITIVITY_ONLY
A8_A9_test_60m,test,60m,True,244,0.051,62.01150895770121,60.984140255270624,62.62067655380397,nih_exporter_c4,nih_exporter,63.40473913193378,64.65609086107253,62.075327895887284,0.06381893818607409,60.984140255270624,62.70566309192804,1.7215228366574138,C4_SENSITIVITY_ONLY
A8_A9_test_60m,test,60m,True,245,0.0,63.26390222282178,62.19323180397599,63.79951585059925,nih_exporter_c4,nih_exporter,63.40473913193378,64.65609086107253,63.26390222282178,0.0,62.19323180397599,63.79951585059925,1.6062840466232586,C4_SENSITIVITY_ONLY
A8_A9_test_60m,test,60m,True,246,0.0,59.774683081075175,59.470840290667255,60.028539354338136,nih_exporter_c4,nih_exporter,63.40473913193378,64.65609086107253,59.774683081075175,0.0,59.470840290667255,60.028539354338136,0.5576990636708814,C4_SENSITIVITY_ONLY
A8_A9_test_60m,test,60m,True,247,0.0,56.4909284345583,56.439863313187885,56.518206626915465,nih_exporter_c4,nih_exporter,63.40473913193378,64.65609086107253,56.4909284345583,0.0,56.439863313187885,56.518206626915465,0.0783433137275793,C4_SENSITIVITY_ONLY
A8_A9_test_60m,test,60m,True,248,0.0,61.15133976004666,61.13780077699261,61.15720959519144,nih_exporter_c4,nih_exporter,63.40473913193378,64.65609086107253,61.15133976004666,0.0,61.13780077699261,61.15720959519144,0.01940881819882634,C4_SENSITIVITY_ONLY
A8_A9_test_60m,test,60m,True,249,0.0,58.84029556809162,58.05689943324263,59.644510042945136,nih_exporter_c4,nih_exporter,63.40473913193378,64.65609086107253,58.84029556809162,0.0,58.05689943324263,59.644510042945136,1.5876106097025087,C4_SENSITIVITY_ONLY
A8_A9_test_60m,test,60m,True,250,0.0,55.40460950081986,54.807802279625015,55.627691074324446,nih_exporter_c4,nih_exporter,63.40473913193378,64.65609086107253,55.40460950081986,0.0,54.807802279625015,55.627691074324446,0.8198887946994304,C4_SENSITIVITY_ONLY
A8_A9_test_60m,test,60m,True,251,0.0,61.91049896103559,60.228892875862655,63.39781371141935,nih_exporter_c4,nih_exporter,63.40473913193378,64.65609086107253,61.91049896103559,0.0,60.228892875862655,63.39781371141935,3.1689208355566976,C4_SENSITIVITY_ONLY
A8_A9_test_60m,test,60m,True,252,0.002002002002002,59.711605220530586,58.09426400298443,60.9066078756766,nih_exporter_c4,nih_exporter,63.40473913193378,64.65609086107253,59.71411042919753,0.002505208666946146,58.09426400298443,60.909944017234785,2.815680014250354,C4_SENSITIVITY_ONLY
A8_A9_test_60m,test,60m,True,253,0.0,61.90630958184797,60.23639734731352,62.704056379671655,nih_exporter_c4,nih_exporter,63.40473913193378,64.65609086107253,61.90630958184797,0.0,60.23639734731352,62.704056379671655,2.467659032358135,C4_SENSITIVITY_ONLY
A8_A9_test_60m,test,60m,True,254,0.034,62.79816350584413,61.39200266485105,63.44537847007322,nih_exporter_c4,nih_exporter,63.40473913193378,64.65609086107253,62.84070946463485,0.04254595879071843,61.39200266485105,63.50203616215593,2.110033497304883,C4_SENSITIVITY_ONLY
A8_A9_test_60m,test,60m,True,255,0.0,60.412127973738365,59.52306089167022,61.382679437716575,nih_exporter_c4,nih_exporter,63.40473913193378,64.65609086107253,60.412127973738365,0.0,59.52306089167022,61.382679437716575,1.859618546046356,C4_SENSITIVITY_ONLY
A8_A9_test_60m,test,60m,True,256,0.0,53.79014933319386,53.78512418313221,53.79342737260498,nih_exporter_c4,nih_exporter,63.40473913193378,64.65609086107253,53.79014933319386,0.0,53.78512418313221,53.79342737260498,0.008303189472769645,C4_SENSITIVITY_ONLY
A10_A11_test_1b,test,1b,True,0,0.0,61.8984600433442,60.12013137384319,63.61650303988982,nih_exporter_c4,nih_exporter,63.40473913193378,64.65609086107253,61.8984600433442,0.0,60.12013137384319,63.61650303988982,3.4963716660466275,C4_SENSITIVITY_ONLY
A10_A11_test_1b,test,1b,True,1,0.0,60.795473380132776,59.13128985279257,62.023182351109824,nih_exporter_c4,nih_exporter,63.40473913193378,64.65609086107253,60.795473380132776,0.0,59.13128985279257,62.023182351109824,2.8918924983172545,C4_SENSITIVITY_ONLY
A10_A11_test_1b,test,1b,True,2,0.004,61.905400932746645,61.28409284888741,62.37605241650961,nih_exporter_c4,nih_exporter,63.40473913193378,64.65609086107253,61.9104063396632,0.005005406916552602,61.28409284888741,62.38271802734287,1.0986251784554568,C4_SENSITIVITY_ONLY
A10_A11_test_1b,test,1b,True,3,0.0,60.31105308441959,59.08424841590824,61.27805216026669,nih_exporter_c4,nih_exporter,63.40473913193378,64.65609086107253,60.31105308441959,0.0,59.08424841590824,61.27805216026669,2.1938037443584477,C4_SENSITIVITY_ONLY
A10_A11_test_1b,test,1b,True,4,0.014014014014014,63.34827832860234,62.648019268993,63.65832391269795,nih_exporter_c4,nih_exporter,63.40473913193378,64.65609086107253,63.36581478927095,0.01753646066860881,62.648019268993,63.68167690360527,1.0336576346122683,C4_SENSITIVITY_ONLY
A10_A11_test_1b,test,1b,True,5,0.0,59.97632017384002,58.61269059144557,61.46912811600063,nih_exporter_c4,nih_exporter,63.40473913193378,64.65609086107253,59.97632017384002,0.0,58.61269059144557,61.46912811600063,2.856437524555062,C4_SENSITIVITY_ONLY
A10_A11_test_1b,test,1b,True,6,0.0,60.789793319532976,59.38257523143141,62.04879750820806,nih_exporter_c4,nih_exporter,63.40473913193378,64.65609086107253,60.789793319532976,0.0,59.38257523143141,62.04879750820806,2.666222276776651,C4_SENSITIVITY_ONLY
A10_A11_test_1b,test,1b,True,7,0.0,62.10191194392241,61.100540492929525,63.320379202635735,nih_exporter_c4,nih_exporter,63.40473913193378,64.65609086107253,62.10191194392241,0.0,61.100540492929525,63.320379202635735,2.2198387097062096,C4_SENSITIVITY_ONLY
A10_A11_test_1b,test,1b,True,8,0.0,61.91616309552675,61.330739881837374,62.37425307262083,nih_exporter_c4,nih_exporter,63.40473913193378,64.65609086107253,61.91616309552675,0.0,61.330739881837374,62.37425307262083,1.0435131907834574,C4_SENSITIVITY_ONLY
A10_A11_test_1b,test,1b,True,9,0.0,60.85732264534521,59.888267407243376,61.52712614730817,nih_exporter_c4,nih_exporter,63.40473913193378,64.65609086107253,60.85732264534521,0.0,59.888267407243376,61.52712614730817,1.6388587400647907,C4_SENSITIVITY_ONLY
A10_A11_test_1b,test,1b,True,10,0.0,61.92690496139348,60.36555304283916,63.79408212284548,nih_exporter_c4,nih_exporter,63.40473913193378,64.65609086107253,61.92690496139348,0.0,60.36555304283916,63.79408212284548,3.428529080006321,C4_SENSITIVITY_ONLY
A10_A11_test_1b,test,1b,True,11,0.0,62.64010104497963,61.88568828048564,63.14972638185473,nih_exporter_c4,nih_exporter,63.40473913193378,64.65609086107253,62.64010104497963,0.0,61.88568828048564,63.14972638185473,1.2640381013690885,C4_SENSITIVITY_ONLY
A10_A11_test_1b,test,1b,True,12,0.001002004008016,61.87759257822047,60.77642702158359,62.66767799667082,nih_exporter_c4,nih_exporter,63.40473913193378,64.65609086107253,61.87884643766851,0.0012538594480346887,60.77642702158359,62.66934773886352,1.8929207172799352,C4_SENSITIVITY_ONLY
A10_A11_test_1b,test,1b,True,13,0.022022022022022,62.09440632352568,60.24448092235324,63.09556688718837,nih_exporter_c4,nih_exporter,63.40473913193378,64.65609086107253,62.12196361886207,0.02755729533638629,60.24448092235324,63.13226444432844,2.8877835219752015,C4_SENSITIVITY_ONLY
A10_A11_test_1b,test,1b,True,14,0.0,62.64473256249228,62.10188067286308,63.03090746864076,nih_exporter_c4,nih_exporter,63.40473913193378,64.65609086107253,62.64473256249228,0.0,62.10188067286308,63.03090746864076,0.9290267957776805,C4_SENSITIVITY_ONLY
A10_A11_test_1b,test,1b,True,15,0.0,59.96403676513842,59.19928545070628,60.5386300788406,nih_exporter_c4,nih_exporter,63.40473913193378,64.65609086107253,59.96403676513842,0.0,59.19928545070628,60.5386300788406,1.3393446281343202,C4_SENSITIVITY_ONLY
A10_A11_test_1b,test,1b,True,16,0.0,63.2639654324631,62.07897469345479,63.88557427520838,nih_exporter_c4,nih_exporter,63.40473913193378,64.65609086107253,63.2639654324631,0.0,62.07897469345479,63.88557427520838,1.8065995817535878,C4_SENSITIVITY_ONLY
A10_A11_test_1b,test,1b,True,17,0.0,62.84641208748765,62.03302052886148,63.50474476062083,nih_exporter_c4,nih_exporter,63.40473913193378,64.65609086107253,62.84641208748765,0.0,62.03302052886148,63.50474476062083,1.471724231759353,C4_SENSITIVITY_ONLY
A10_A11_test_1b,test,1b,True,18,0.0,62.8378090528232,62.36094257931902,63.06327104980973,nih_exporter_c4,nih_exporter,63.40473913193378,64.65609086107253,62.8378090528232,0.0,62.36094257931902,63.06327104980973,0.7023284704907056,C4_SENSITIVITY_ONLY
A10_A11_test_1b,test,1b,True,19,0.0,61.25429648917076,60.21268201236472,61.82497774865969,nih_exporter_c4,nih_exporter,63.40473913193378,64.65609086107253,61.25429648917076,0.0,60.21268201236472,61.82497774865969,1.6122957362949677,C4_SENSITIVITY_ONLY
A10_A11_test_1b,test,1b,True,20,0.0,61.029631074534,60.4900377889252,61.356117477006514,nih_exporter_c4,nih_exporter,63.40473913193378,64.65609086107253,61.029631074534,0.0,60.4900377889252,61.356117477006514,0.8660796880813137,C4_SENSITIVITY_ONLY
A10_A11_test_1b,test,1b,True,21,0.0,61.16216728102948,59.96109736593775,61.98186597215889,nih_exporter_c4,nih_exporter,63.40473913193378,64.65609086107253,61.16216728102948,0.0,59.96109736593775,61.98186597215889,2.0207686062211394,C4_SENSITIVITY_ONLY
A10_A11_test_1b,test,1b,True,22,0.0,63.16414331557007,62.31828156932128,63.66883561160388,nih_exporter_c4,nih_exporter,63.40473913193378,64.65609086107253,63.16414331557007,0.0,62.31828156932128,63.66883561160388,1.350554042282603,C4_SENSITIVITY_ONLY
A10_A11_test_1b,test,1b,True,23,0.0,59.644155231181394,58.49661157839919,60.902009105323074,nih_exporter_c4,nih_exporter,63.40473913193378,64.65609086107253,59.644155231181394,0.0,58.49661157839919,60.902009105323074,2.4053975269238848,C4_SENSITIVITY_ONLY
A10_A11_test_1b,test,1b,True,24,0.0,60.5000756690104,58.381426413050576,62.65445723027799,nih_exporter_c4,nih_exporter,63.40473913193378,64.65609086107253,60.5000756690104,0.0,58.381426413050576,62.65445723027799,4.273030817227415,C4_SENSITIVITY_ONLY
A10_A11_test_1b,test,1b,True,25,0.0,60.20425312049469,59.441050828341645,60.857077381191104,nih_exporter_c4,nih_exporter,63.40473913193378,64.65609086107253,60.20425312049469,0.0,59.441050828341645,60.857077381191104,1.416026552849459,C4_SENSITIVITY_ONLY
A10_A11_test_1b,test,1b,True,26,0.0,61.69142801153979,60.280029869277655,63.03642686382027,nih_exporter_c4,nih_exporter,63.40473913193378,64.65609086107253,61.69142801153979,0.0,60.280029869277655,63.03642686382027,2.7563969945426123,C4_SENSITIVITY_ONLY
A10_A11_test_1b,test,1b,True,27,0.0,60.13705074107354,59.42410792458691,60.66010373661056,nih_exporter_c4,nih_exporter,63.40473913193378,64.65609086107253,60.13705074107354,0.0,59.42410792458691,60.66010373661056,1.2359958120236456,C4_SENSITIVITY_ONLY
A10_A11_test_1b,test,1b,True,28,0.0,62.37631841067802,62.09598772589748,62.607614082121096,nih_exporter_c4,nih_exporter,63.40473913193378,64.65609086107253,62.37631841067802,0.0,62.09598772589748,62.607614082121096,0.5116263562236156,C4_SENSITIVITY_ONLY
A10_A11_test_1b,test,1b,True,29,0.0260521042084168,61.64159736270442,60.02915604179624,62.76360405157212,nih_exporter_c4,nih_exporter,63.40473913193378,64.65609086107253,61.67419770835332,0.03260034564890191,60.02915604179624,62.807017348582335,2.777861306786093,C4_SENSITIVITY_ONLY
A10_A11_test_1b,test,1b,True,30,0.0,61.96640640480837,61.05569415888529,62.71402588745213,nih_exporter_c4,nih_exporter,63.40473913193378,64.65609086107253,61.96640640480837,0.0,61.05569415888529,62.71402588745213,1.6583317285668429,C4_SENSITIVITY_ONLY
A10_A11_test_1b,test,1b,True,31,0.0,60.51341454576884,59.36149853150118,61.51720110500953,nih_exporter_c4,nih_exporter,63.40473913193378,64.65609086107253,60.51341454576884,0.0,59.36149853150118,61.51720110500953,2.155702573508357,C4_SENSITIVITY_ONLY
A10_A11_test_1b,test,1b,True,32,0.0,62.88683597027745,61.65086781784412,63.45305919911062,nih_exporter_c4,nih_exporter,63.40473913193378,64.65609086107253,62.88683597027745,0.0,61.65086781784412,63.45305919911062,1.8021913812664963,C4_SENSITIVITY_ONLY
A10_A11_test_1b,test,1b,True,33,0.0,62.85820166284236,62.33505700069036,63.310187760098806,nih_exporter_c4,nih_exporter,63.40473913193378,64.65609086107253,62.85820166284236,0.0,62.33505700069036,63.310187760098806,0.9751307594084437,C4_SENSITIVITY_ONLY
A10_A11_test_1b,test,1b,True,34,0.001001001001001,63.26996183081184,62.60632148327692,64.07133812565519,nih_exporter_c4,nih_exporter,63.40473913193378,64.65609086107253,63.27121443514531,0.001252604333473073,62.60632148327692,64.07300619643428,1.4666847131573562,C4_SENSITIVITY_ONLY
A10_A11_test_1b,test,1b,True,35,0.0,61.90872749734604,61.26604531723725,62.22937600075853,nih_exporter_c4,nih_exporter,63.40473913193378,64.65609086107253,61.90872749734604,0.0,61.26604531723725,62.22937600075853,0.9633306835212778,C4_SENSITIVITY_ONLY
A10_A11_test_1b,test,1b,True,36,0.253,62.3249275743912,60.08212519854219,63.82845045019839,nih_exporter_c4,nih_exporter,63.40473913193378,64.65609086107253,62.6415195618633,0.31659198747210127,60.08212519854219,64.2500503354021,4.167925136859907,C4_SENSITIVITY_ONLY
A10_A11_test_1b,test,1b,True,37,0.007,61.54916902741248,60.48602723261215,62.15810801588355,nih_exporter_c4,nih_exporter,63.40473913193378,64.65609086107253,61.557928489516456,0.008759462103974158,60.48602723261215,62.16977283484175,1.6837456022295996,C4_SENSITIVITY_ONLY
A10_A11_test_1b,test,1b,True,38,0.0,62.23038624792024,61.41753036900856,62.91137744956118,nih_exporter_c4,nih_exporter,63.40473913193378,64.65609086107253,62.23038624792024,0.0,61.41753036900856,62.91137744956118,1.4938470805526194,C4_SENSITIVITY_ONLY
A10_A11_test_1b,test,1b,True,39,0.0,61.51442385627675,60.31126616981028,62.589912752056094,nih_exporter_c4,nih_exporter,63.40473913193378,64.65609086107253,61.51442385627675,0.0,60.31126616981028,62.589912752056094,2.2786465822458126,C4_SENSITIVITY_ONLY
A10_A11_test_1b,test,1b,True,40,0.0,61.97812107460297,60.474798309649366,63.65365422682711,nih_exporter_c4,nih_exporter,63.40473913193378,64.65609086107253,61.97812107460297,0.0,60.474798309649366,63.65365422682711,3.178855917177742,C4_SENSITIVITY_ONLY
A10_A11_test_1b,test,1b,True,41,0.0,62.69916207581484,62.10827565571959,63.30782353283523,nih_exporter_c4,nih_exporter,63.40473913193378,64.65609086107253,62.69916207581484,0.0,62.10827565571959,63.30782353283523,1.1995478771156414,C4_SENSITIVITY_ONLY
A10_A11_test_1b,test,1b,True,42,0.0,62.51660930344823,61.959659666293305,62.99720871277448,nih_exporter_c4,nih_exporter,63.40473913193378,64.65609086107253,62.51660930344823,0.0,61.959659666293305,62.99720871277448,1.0375490464811747,C4_SENSITIVITY_ONLY
A10_A11_test_1b,test,1b,True,43,0.0,59.84997978224586,58.85392639217756,60.596508882248855,nih_exporter_c4,nih_exporter,63.40473913193378,64.65609086107253,59.84997978224586,0.0,58.85392639217756,60.596508882248855,1.7425824900712925,C4_SENSITIVITY_ONLY
A10_A11_test_1b,test,1b,True,44,0.0,62.04346853281387,61.09247135027206,62.84083442433632,nih_exporter_c4,nih_exporter,63.40473913193378,64.65609086107253,62.04346853281387,0.0,61.09247135027206,62.84083442433632,1.7483630740642582,C4_SENSITIVITY_ONLY
A10_A11_test_1b,test,1b,True,45,0.0,61.37014219439569,60.38465891227998,62.09730905496369,nih_exporter_c4,nih_exporter,63.40473913193378,64.65609086107253,61.37014219439569,0.0,60.38465891227998,62.09730905496369,1.7126501426837066,C4_SENSITIVITY_ONLY
A10_A11_test_1b,test,1b,True,46,0.0,60.713899841464446,59.85070935639017,61.38160149736193,nih_exporter_c4,nih_exporter,63.40473913193378,64.65609086107253,60.713899841464446,0.0,59.85070935639017,61.38160149736193,1.5308921409717584,C4_SENSITIVITY_ONLY
A10_A11_test_1b,test,1b,True,47,0.0,61.74815084075652,60.93459760767898,62.58969785689443,nih_exporter_c4,nih_exporter,63.40473913193378,64.65609086107253,61.74815084075652,0.0,60.93459760767898,62.58969785689443,1.655100249215451,C4_SENSITIVITY_ONLY
A10_A11_test_1b,test,1b,True,48,0.0,60.636088182077735,59.981291847883455,61.364944628882526,nih_exporter_c4,nih_exporter,63.40473913193378,64.65609086107253,60.636088182077735,0.0,59.981291847883455,61.364944628882526,1.3836527809990713,C4_SENSITIVITY_ONLY
A10_A11_test_1b,test,1b,True,49,0.0,61.31260592866634,59.83963862967232,62.20876837199942,nih_exporter_c4,nih_exporter,63.40473913193378,64.65609086107253,61.31260592866634,0.0,59.83963862967232,62.20876837199942,2.3691297423270967,C4_SENSITIVITY_ONLY
A10_A11_test_1b,test,1b,True,50,0.022,62.25680394938631,61.35149435212301,62.84668181063694,nih_exporter_c4,nih_exporter,63.40473913193378,64.65609086107253,62.28433368742736,0.02752973804105352,61.35149435212301,62.88334267021987,1.5318483180968556,C4_SENSITIVITY_ONLY
A10_A11_test_1b,test,1b,True,51,0.0,59.96348944293718,58.87641037474751,60.577828492522826,nih_exporter_c4,nih_exporter,63.40473913193378,64.65609086107253,59.96348944293718,0.0,58.87641037474751,60.577828492522826,1.7014181177753187,C4_SENSITIVITY_ONLY
A10_A11_test_1b,test,1b,True,52,0.0,57.5744266230554,56.96878604206425,58.19119478246685,nih_exporter_c4,nih_exporter,63.40473913193378,64.65609086107253,57.5744266230554,0.0,56.96878604206425,58.19119478246685,1.2224087404025994,C4_SENSITIVITY_ONLY
A10_A11_test_1b,test,1b,True,53,0.0,62.59738356100355,61.32636730709648,63.810160105257424,nih_exporter_c4,nih_exporter,63.40473913193378,64.65609086107253,62.59738356100355,0.0,61.32636730709648,63.810160105257424,2.483792798160941,C4_SENSITIVITY_ONLY
A10_A11_test_1b,test,1b,True,54,0.0,59.30264402350795,57.66819643610901,60.8316810325596,nih_exporter_c4,nih_exporter,63.40473913193378,64.65609086107253,59.30264402350795,0.0,57.66819643610901,60.8316810325596,3.163484596450594,C4_SENSITIVITY_ONLY
A10_A11_test_1b,test,1b,True,55,0.0,63.03268249474557,62.390090473646765,63.544410365673286,nih_exporter_c4,nih_exporter,63.40473913193378,64.65609086107253,63.03268249474557,0.0,62.390090473646765,63.544410365673286,1.1543198920265212,C4_SENSITIVITY_ONLY
A10_A11_test_1b,test,1b,True,56,0.0,62.43985809835832,61.44002851113838,63.47903423228289,nih_exporter_c4,nih_exporter,63.40473913193378,64.65609086107253,62.43985809835832,0.0,61.44002851113838,63.47903423228289,2.0390057211445125,C4_SENSITIVITY_ONLY
A10_A11_test_1b,test,1b,True,57,0.0,61.96754187806572,61.0344958425946,62.56717788349893,nih_exporter_c4,nih_exporter,63.40473913193378,64.65609086107253,61.96754187806572,0.0,61.0344958425946,62.56717788349893,1.5326820409043265,C4_SENSITIVITY_ONLY
A10_A11_test_1b,test,1b,True,58,0.0,62.21322306096541,61.54289111691903,62.672774853278085,nih_exporter_c4,nih_exporter,63.40473913193378,64.65609086107253,62.21322306096541,0.0,61.54289111691903,62.672774853278085,1.129883736359055,C4_SENSITIVITY_ONLY
A10_A11_test_1b,test,1b,True,59,0.0,62.17234481283224,60.72332049521325,63.45074253565481,nih_exporter_c4,nih_exporter,63.40473913193378,64.65609086107253,62.17234481283224,0.0,60.72332049521325,63.45074253565481,2.72742204044156,C4_SENSITIVITY_ONLY
A10_A11_test_1b,test,1b,True,60,0.0,60.56932880433948,59.92578704537792,60.93868456748632,nih_exporter_c4,nih_exporter,63.40473913193378,64.65609086107253,60.56932880433948,0.0,59.92578704537792,60.93868456748632,1.0128975221083962,C4_SENSITIVITY_ONLY
A10_A11_test_1b,test,1b,True,61,0.0,62.22120783611829,61.089003953791845,63.28201491249797,nih_exporter_c4,nih_exporter,63.40473913193378,64.65609086107253,62.22120783611829,0.0,61.089003953791845,63.28201491249797,2.1930109587061253,C4_SENSITIVITY_ONLY
A10_A11_test_1b,test,1b,True,62,0.027,62.43981198339574,61.14164462855528,63.34854372139493,nih_exporter_c4,nih_exporter,63.40473913193378,64.65609086107253,62.47359848008249,0.03378649668674427,61.14164462855528,63.39353659451944,2.2518919659641625,C4_SENSITIVITY_ONLY
A10_A11_test_1b,test,1b,True,63,0.03,59.10122175171463,58.518235173018105,59.37414530389084,nih_exporter_c4,nih_exporter,63.40473913193378,64.65609086107253,59.1387623035888,0.03754055187416583,58.518235173018105,59.42413738514029,0.9059022121221858,C4_SENSITIVITY_ONLY
A12_A13_est_10b,estimate,10b,False,1,0.0,62.5899769188895,62.56713059586314,62.59844995232088,nih_exporter_c4,nih_exporter,63.40473913193378,64.65609086107253,62.5899769188895,0.0,62.56713059586314,62.59844995232088,0.03131935645773609,C4_SENSITIVITY_ONLY
A12_A13_est_10b,estimate,10b,False,2,0.0501002004008016,59.07136541233329,58.49481874143344,59.45291474683157,nih_exporter_c4,nih_exporter,63.40473913193378,64.65609086107253,59.134058384735035,0.06269297240174154,58.49481874143344,59.53640185646659,1.0415831150331485,C4_SENSITIVITY_ONLY
A12_A13_est_10b,estimate,10b,False,3,0.0,63.95799290631837,63.8308901432108,64.01241165881956,nih_exporter_c4,nih_exporter,63.40473913193378,64.65609086107253,63.95799290631837,0.0,63.8308901432108,64.01241165881956,0.1815215156087575,C4_SENSITIVITY_ONLY
A12_A13_est_10b,estimate,10b,False,4,0.0,57.577216834293225,56.32234151689883,58.76738380675164,nih_exporter_c4,nih_exporter,63.40473913193378,64.65609086107253,57.577216834293225,0.0,56.32234151689883,58.76738380675164,2.4450422898528075,C4_SENSITIVITY_ONLY
A12_A13_est_10b,estimate,10b,False,5,0.0,61.0917880650192,60.48983693106821,61.50224490015969,nih_exporter_c4,nih_exporter,63.40473913193378,64.65609086107253,61.0917880650192,0.0,60.48983693106821,61.50224490015969,1.012407969091477,C4_SENSITIVITY_ONLY
A12_A13_est_10b,estimate,10b,False,6,0.0,60.584720752410966,59.99101663594656,60.99324588115838,nih_exporter_c4,nih_exporter,63.40473913193378,64.65609086107253,60.584720752410966,0.0,59.99101663594656,60.99324588115838,1.0022292452118222,C4_SENSITIVITY_ONLY
A12_A13_est_10b,estimate,10b,False,7,0.009,62.140626753825245,59.64454726025998,64.16583417005786,nih_exporter_c4,nih_exporter,63.40473913193378,64.65609086107253,62.151888919387495,0.011262165562250459,59.64454726025998,64.1808317944327,4.536284534172722,C4_SENSITIVITY_ONLY
A12_A13_est_10b,estimate,10b,False,8,0.014014014014014,61.33355503550059,59.369968802067135,64.30035131862691,nih_exporter_c4,nih_exporter,63.40473913193378,64.65609086107253,61.3510914961692,0.01753646066860881,59.369968802067135,64.32370430953422,4.953735507467087,C4_SENSITIVITY_ONLY
A12_A13_est_10b,estimate,10b,False,9,0.0,63.350634604573074,61.10090692042493,64.32600554446415,nih_exporter_c4,nih_exporter,63.40473913193378,64.65609086107253,63.350634604573074,0.0,61.10090692042493,64.32600554446415,3.2250986240392194,C4_SENSITIVITY_ONLY
A12_A13_est_10b,estimate,10b,False,10,0.0,61.83845788066242,61.14571324773014,62.13879777890371,nih_exporter_c4,nih_exporter,63.40473913193378,64.65609086107253,61.83845788066242,0.0,61.14571324773014,62.13879777890371,0.9930845311735652,C4_SENSITIVITY_ONLY
A12_A13_est_10b,estimate,10b,False,11,0.0,59.33406197395692,56.28410747671423,64.1147598981793,nih_exporter_c4,nih_exporter,63.40473913193378,64.65609086107253,59.33406197395692,0.0,56.28410747671423,64.1147598981793,7.830652421465068,C4_SENSITIVITY_ONLY
A12_A13_est_10b,estimate,10b,False,12,0.0460921843687374,59.62533670628627,57.17068931376651,62.89446322630519,nih_exporter_c4,nih_exporter,63.40473913193378,64.65609086107253,59.68301424089587,0.05767753460960279,57.17068931376651,62.971271367169415,5.800582053402906,C4_SENSITIVITY_ONLY
A12_A13_est_10b,estimate,10b,False,13,0.0,63.48035150628131,61.58623150368282,64.33570995356357,nih_exporter_c4,nih_exporter,63.40473913193378,64.65609086107253,63.48035150628131,0.0,61.58623150368282,64.33570995356357,2.7494784498807476,C4_SENSITIVITY_ONLY
A12_A13_est_10b,estimate,10b,False,14,0.0339660339660339,61.611452398137374,59.87681102674002,62.54195999906214,nih_exporter_c4,nih_exporter,63.40473913193378,64.65609086107253,61.65395585347276,0.042503455335385354,59.87681102674002,62.59856109005386,2.7217500633138414,C4_SENSITIVITY_ONLY
A12_A13_est_10b,estimate,10b,False,15,0.001002004008016,60.63985637368572,59.700206595624095,61.24866569365008,nih_exporter_c4,nih_exporter,63.40473913193378,64.65609086107253,60.64111023313375,0.0012538594480346887,59.700206595624095,61.250335435842786,1.5501288402186901,C4_SENSITIVITY_ONLY
A12_A13_est_10b,estimate,10b,False,16,0.022,61.05976135968973,59.41461245975787,62.18920144094669,nih_exporter_c4,nih_exporter,63.40473913193378,64.65609086107253,61.087291097730784,0.02752973804105352,59.41461245975787,62.22586230052962,2.811249840771751,C4_SENSITIVITY_ONLY
A12_A13_est_10b,estimate,10b,False,17,0.003003003003003,62.26359342605269,61.362583720702304,63.48503350555324,nih_exporter_c4,nih_exporter,63.40473913193378,64.65609086107253,62.267351239053106,0.003757813000419219,61.362583720702304,63.49003771789052,2.127453997188219,C4_SENSITIVITY_ONLY
A12_A13_est_10b,estimate,10b,False,18,0.025025025025025,63.10885587615659,62.12932773940608,63.6046909794799,nih_exporter_c4,nih_exporter,63.40473913193378,64.65609086107253,63.140170984493395,0.03131510833680551,62.12932773940608,63.646392748957254,1.5170650095511746,C4_SENSITIVITY_ONLY
A12_A13_est_10b,estimate,10b,False,19,0.039039039039039,62.69683978480785,61.73917796499478,63.860108355587975,nih_exporter_c4,nih_exporter,63.40473913193378,64.65609086107253,62.745691353813264,0.04885156900541432,61.73917796499478,63.925163115972644,2.1859851509778636,C4_SENSITIVITY_ONLY
A12_A13_est_10b,estimate,10b,False,20,0.016,62.09218714016537,60.83037461762391,62.67410821822585,nih_exporter_c4,nih_exporter,63.40473913193378,64.65609086107253,62.11220876783159,0.020021627666217512,60.83037461762391,62.700770661558884,1.8703960439349743,C4_SENSITIVITY_ONLY
A12_A13_est_10b,estimate,10b,False,21,0.0,63.21923853615276,62.7549540865236,63.61147835072133,nih_exporter_c4,nih_exporter,63.40473913193378,64.65609086107253,63.21923853615276,0.0,62.7549540865236,63.61147835072133,0.8565242641977306,C4_SENSITIVITY_ONLY
A12_A13_est_10b,estimate,10b,False,22,0.011,57.13954537422548,55.4877122376181,58.74547385567387,nih_exporter_c4,nih_exporter,63.40473913193378,64.65609086107253,57.153310243246004,0.01376486902052676,55.4877122376181,58.76380428546534,3.276092047847243,C4_SENSITIVITY_ONLY
A12_A13_est_10b,estimate,10b,False,23,0.0,61.81622170279383,59.262758790573216,63.69037794277657,nih_exporter_c4,nih_exporter,63.40473913193378,64.65609086107253,61.81622170279383,0.0,59.262758790573216,63.69037794277657,4.427619152203356,C4_SENSITIVITY_ONLY
A12_A13_est_10b,estimate,10b,False,24,0.0,59.43683040993596,56.02394220461786,64.14708390046518,nih_exporter_c4,nih_exporter,63.40473913193378,64.65609086107253,59.43683040993596,0.0,56.02394220461786,64.14708390046518,8.123141695847316,C4_SENSITIVITY_ONLY
A12_A13_est_10b,estimate,10b,False,25,0.0,61.01350524992364,59.70699221657228,62.7026108883598,nih_exporter_c4,nih_exporter,63.40473913193378,64.65609086107253,61.01350524992364,0.0,59.70699221657228,62.7026108883598,2.9956186717875184,C4_SENSITIVITY_ONLY
A12_A13_est_10b,estimate,10b,False,26,0.002002002002002,63.35576542534766,62.07232711102344,63.96129921449919,nih_exporter_c4,nih_exporter,63.40473913193378,64.65609086107253,63.35827063401461,0.002505208666946146,62.07232711102344,63.96463535605738,1.892308245033938,C4_SENSITIVITY_ONLY
A12_A13_est_10b,estimate,10b,False,27,0.0,60.75543555918576,58.854740132384485,62.592759899480754,nih_exporter_c4,nih_exporter,63.40473913193378,64.65609086107253,60.75543555918576,0.0,58.854740132384485,62.592759899480754,3.7380197670962687,C4_SENSITIVITY_ONLY
A12_A13_est_10b,estimate,10b,False,28,0.0,60.62404105271286,58.89668560604888,62.518412838252765,nih_exporter_c4,nih_exporter,63.40473913193378,64.65609086107253,60.62404105271286,0.0,58.89668560604888,62.518412838252765,3.621727232203888,C4_SENSITIVITY_ONLY
A12_A13_est_10b,estimate,10b,False,29,0.0,59.033319995173656,56.14953500157945,61.838000930565535,nih_exporter_c4,nih_exporter,63.40473913193378,64.65609086107253,59.033319995173656,0.0,56.14953500157945,61.838000930565535,5.6884659289860835,C4_SENSITIVITY_ONLY
A12_A13_est_10b,estimate,10b,False,30,0.0,57.99532325402376,56.21305857505028,59.74118841039629,nih_exporter_c4,nih_exporter,63.40473913193378,64.65609086107253,57.99532325402376,0.0,56.21305857505028,59.74118841039629,3.5281298353460073,C4_SENSITIVITY_ONLY
A12_A13_est_10b,estimate,10b,False,31,0.0,59.94234873663173,59.54330816395079,60.1734131484803,nih_exporter_c4,nih_exporter,63.40473913193378,64.65609086107253,59.94234873663173,0.0,59.54330816395079,60.1734131484803,0.6301049845295097,C4_SENSITIVITY_ONLY
A12_A13_est_10b,estimate,10b,False,32,0.0,59.40735918368559,56.30075672735322,64.33570995356357,nih_exporter_c4,nih_exporter,63.40473913193378,64.65609086107253,59.40735918368559,0.0,56.30075672735322,64.33570995356357,8.034953226210348,C4_SENSITIVITY_ONLY
A12_A13_est_10b,estimate,10b,False,33,0.0,56.14924942645502,56.14699292927934,56.15022773231248,nih_exporter_c4,nih_exporter,63.40473913193378,64.65609086107253,56.14924942645502,0.0,56.14699292927934,56.15022773231248,0.003234803033137723,C4_SENSITIVITY_ONLY
A12_A13_est_10b,estimate,10b,False,34,0.0019980019980019,53.78397506413352,53.12988793398893,54.26559173039828,nih_exporter_c4,nih_exporter,63.40473913193378,64.65609086107253,53.786475267388546,0.0025002032550247577,53.12988793398893,54.268921206338966,1.1390332723500336,C4_SENSITIVITY_ONLY
A12_A13_est_10b,estimate,10b,False,35,0.0,61.68474017899067,61.228606975340966,61.81285083974961,nih_exporter_c4,nih_exporter,63.40473913193378,64.65609086107253,61.68474017899067,0.0,61.228606975340966,61.81285083974961,0.5842438644086414,C4_SENSITIVITY_ONLY
A12_A13_est_10b,estimate,10b,False,36,0.016016016016016,62.86942556143751,62.39385573799926,63.12093362924484,nih_exporter_c4,nih_exporter,63.40473913193378,64.65609086107253,62.889467230773064,0.020041669335554957,62.39385573799926,63.147622761710345,0.7537670237110845,C4_SENSITIVITY_ONLY
A12_A13_est_10b,estimate,10b,False,37,0.0400801603206412,61.506153756904496,59.77334223303141,62.737119776639005,nih_exporter_c4,nih_exporter,63.40473913193378,64.65609086107253,61.55630813482589,0.050154377921394655,59.77334223303141,62.80390946434702,3.030567231315615,C4_SENSITIVITY_ONLY
A12_A13_est_10b,estimate,10b,False,38,0.0,62.98920461198908,61.52949988209613,64.33144553592089,nih_exporter_c4,nih_exporter,63.40473913193378,64.65609086107253,62.98920461198908,0.0,61.52949988209613,64.33144553592089,2.8019456538247596,C4_SENSITIVITY_ONLY
A12_A13_est_10b,estimate,10b,False,39,0.046,61.279434204947314,60.820719870513344,61.68767026711922,nih_exporter_c4,nih_exporter,63.40473913193378,64.65609086107253,61.3369963844877,0.05756217954038334,60.820719870513344,61.76432479170172,0.9436049211883741,C4_SENSITIVITY_ONLY
A12_A13_est_10b,estimate,10b,False,40,0.0,61.31411564364491,58.883301960078285,64.189691632636,nih_exporter_c4,nih_exporter,63.40473913193378,64.65609086107253,61.31411564364491,0.0,58.883301960078285,64.189691632636,5.306389672557714,C4_SENSITIVITY_ONLY
A12_A13_est_10b,estimate,10b,False,41,0.002,53.68345056911369,53.39960227973745,53.84003833082601,nih_exporter_c4,nih_exporter,63.40473913193378,64.65609086107253,53.685953272571965,0.002502703458276301,53.39960227973745,53.843371136242645,0.44376885650519426,C4_SENSITIVITY_ONLY
A12_A13_est_10b,estimate,10b,False,42,0.0009990009990009,57.61329385546286,55.924176261634464,58.98035807384598,nih_exporter_c4,nih_exporter,63.40473913193378,64.65609086107253,57.61454395709037,0.0012501016275123789,55.924176261634464,58.98202281181632,3.057846550181857,C4_SENSITIVITY_ONLY
A12_A13_est_10b,estimate,10b,False,43,0.0329670329670329,61.33077858394175,60.90311152448663,61.540140827558766,nih_exporter_c4,nih_exporter,63.40473913193378,64.65609086107253,61.37203193764962,0.041253353707872975,60.90311152448663,61.59507718058014,0.6919656560935081,C4_SENSITIVITY_ONLY
A12_A13_est_10b,estimate,10b,False,44,0.0,61.496543495719166,59.41518996456877,63.13483402166377,nih_exporter_c4,nih_exporter,63.40473913193378,64.65609086107253,61.496543495719166,0.0,59.41518996456877,63.13483402166377,3.719644057095003,C4_SENSITIVITY_ONLY
A12_A13_est_10b,estimate,10b,False,45,0.0169830169830169,63.62109913001988,63.49217832347737,63.76599505618487,nih_exporter_c4,nih_exporter,63.40473913193378,64.65609086107253,63.64235085768757,0.021251727667689124,63.49217832347737,63.79429560168073,0.30211727820336165,C4_SENSITIVITY_ONLY
A12_A13_est_10b,estimate,10b,False,46,0.0,61.77273999632626,60.65646154121735,62.38710247612599,nih_exporter_c4,nih_exporter,63.40473913193378,64.65609086107253,61.77273999632626,0.0,60.65646154121735,62.38710247612599,1.7306409349086422,C4_SENSITIVITY_ONLY
A12_A13_est_10b,estimate,10b,False,47,0.0189810189810189,60.90818406340212,59.16671748991552,62.56567597662198,nih_exporter_c4,nih_exporter,63.40473913193378,64.65609086107253,60.93193599432483,0.023751930922713882,59.16671748991552,62.59730599805853,3.4305885081430105,C4_SENSITIVITY_ONLY
A12_A13_est_10b,estimate,10b,False,48,0.003,61.75095317224685,60.16839209187844,63.04664471949547,nih_exporter_c4,nih_exporter,63.40473913193378,64.65609086107253,61.75470722743427,0.003754055187414451,60.16839209187844,63.05164392762041,2.883251835741973,C4_SENSITIVITY_ONLY
A12_A13_est_10b,estimate,10b,False,49,0.012,62.96854177786141,62.23469685312691,64.00057789986114,nih_exporter_c4,nih_exporter,63.40473913193378,64.65609086107253,62.983557998611076,0.01501622074966491,62.23469685312691,64.02057473236093,1.7858778792340146,C4_SENSITIVITY_ONLY
A12_A13_est_10b,estimate,10b,False,50,0.0,62.93628722732703,62.07054639070592,63.647269256436914,nih_exporter_c4,nih_exporter,63.40473913193378,64.65609086107253,62.93628722732703,0.0,62.07054639070592,63.647269256436914,1.5767228657309929,C4_SENSITIVITY_ONLY
A12_A13_est_10b,estimate,10b,False,51,0.0,55.2643555814013,54.8284156866012,55.45335761392428,nih_exporter_c4,nih_exporter,63.40473913193378,64.65609086107253,55.2643555814013,0.0,54.8284156866012,55.45335761392428,0.6249419273230856,C4_SENSITIVITY_ONLY
A12_A13_est_10b,estimate,10b,False,52,0.011011011011011,60.356080809761664,57.67451532291773,63.93117403073837,nih_exporter_c4,nih_exporter,63.40473913193378,64.65609086107253,60.36985945742986,0.013778647668196697,57.67451532291773,63.949522809308405,6.2750074863906775,C4_SENSITIVITY_ONLY
A12_A13_est_10b,estimate,10b,False,53,0.001001001001001,59.513443280489966,56.09358724082557,64.07966346417332,nih_exporter_c4,nih_exporter,63.40473913193378,64.65609086107253,59.51469588482344,0.001252604333473073,56.09358724082557,64.08133153495241,7.987744294126841,C4_SENSITIVITY_ONLY
A12_A13_est_10b,estimate,10b,False,54,0.0,63.935838049043255,63.66532535323887,64.19617979360754,nih_exporter_c4,nih_exporter,63.40473913193378,64.65609086107253,63.935838049043255,0.0,63.66532535323887,64.19617979360754,0.530854440368671,C4_SENSITIVITY_ONLY
A12_A13_est_10b,estimate,10b,False,55,0.0,60.973093751373824,58.79540963961525,63.78391264744594,nih_exporter_c4,nih_exporter,63.40473913193378,64.65609086107253,60.973093751373824,0.0,58.79540963961525,63.78391264744594,4.988503007830687,C4_SENSITIVITY_ONLY
A12_A13_est_10b,estimate,10b,False,56,0.0199600798403193,61.20695965922683,59.988393492064,62.24757576464368,nih_exporter_c4,nih_exporter,63.40473913193378,64.65609086107253,61.231936739648766,0.024977080421933806,59.988393492064,62.28083729574777,2.292443803683774,C4_SENSITIVITY_ONLY
A12_A13_est_10b,estimate,10b,False,57,0.0,63.17617007790169,63.16612981803825,63.18271960719464,nih_exporter_c4,nih_exporter,63.40473913193378,64.65609086107253,63.17617007790169,0.0,63.16612981803825,63.18271960719464,0.016589789156391532,C4_SENSITIVITY_ONLY
A12_A13_est_10b,estimate,10b,False,58,0.0,62.12913637558805,62.12913637558805,62.12913637558805,nih_exporter_c4,nih_exporter,63.40473913193378,64.65609086107253,62.12913637558805,0.0,62.12913637558805,62.12913637558805,0.0,C4_SENSITIVITY_ONLY
A12_A13_est_10b,estimate,10b,False,59,0.035035035035035,63.47197959596951,61.87338076768469,64.16267580715318,nih_exporter_c4,nih_exporter,63.40473913193378,64.65609086107253,63.51582074764104,0.04384115167152913,61.87338076768469,64.22105828442147,2.3476775167367876,C4_SENSITIVITY_ONLY
A12_A13_est_10b,estimate,10b,False,60,0.0,61.80556438727452,61.26936461705358,62.07981068108913,nih_exporter_c4,nih_exporter,63.40473913193378,64.65609086107253,61.80556438727452,0.0,61.26936461705358,62.07981068108913,0.8104460640355455,C4_SENSITIVITY_ONLY
A12_A13_est_10b,estimate,10b,False,61,0.0,61.48158512167624,59.78541593168792,63.32512939325473,nih_exporter_c4,nih_exporter,63.40473913193378,64.65609086107253,61.48158512167624,0.0,59.78541593168792,63.32512939325473,3.539713461566805,C4_SENSITIVITY_ONLY
A12_A13_est_10b,estimate,10b,False,62,0.0,61.2277943610364,59.36773985274076,62.54815505627285,nih_exporter_c4,nih_exporter,63.40473913193378,64.65609086107253,61.2277943610364,0.0,59.36773985274076,62.54815505627285,3.1804152035320854,C4_SENSITIVITY_ONLY
A12_A13_est_10b,estimate,10b,False,63,0.011,62.57951735260513,61.05546478062996,63.44170813621536,nih_exporter_c4,nih_exporter,63.40473913193378,64.65609086107253,62.59328222162566,0.01376486902052676,61.05546478062996,63.46003856600683,2.4045737853768685,C4_SENSITIVITY_ONLY
A14_A15_est_70b,estimate,70b,False,1,0.0,62.5899769188895,62.56713059586314,62.59844995232088,nih_exporter_c4,nih_exporter,63.40473913193378,64.65609086107253,62.5899769188895,0.0,62.56713059586314,62.59844995232088,0.03131935645773609,C4_SENSITIVITY_ONLY
A14_A15_est_70b,estimate,70b,False,2,0.0501002004008016,59.07136541233329,58.49481874143344,59.45291474683157,nih_exporter_c4,nih_exporter,63.40473913193378,64.65609086107253,59.134058384735035,0.06269297240174154,58.49481874143344,59.53640185646659,1.0415831150331485,C4_SENSITIVITY_ONLY
A14_A15_est_70b,estimate,70b,False,3,0.0,63.95799290631837,63.8308901432108,64.01241165881956,nih_exporter_c4,nih_exporter,63.40473913193378,64.65609086107253,63.95799290631837,0.0,63.8308901432108,64.01241165881956,0.1815215156087575,C4_SENSITIVITY_ONLY
A14_A15_est_70b,estimate,70b,False,4,0.0,57.577216834293225,56.32234151689883,58.76738380675164,nih_exporter_c4,nih_exporter,63.40473913193378,64.65609086107253,57.577216834293225,0.0,56.32234151689883,58.76738380675164,2.4450422898528075,C4_SENSITIVITY_ONLY
A14_A15_est_70b,estimate,70b,False,5,0.0,61.0917880650192,60.48983693106821,61.50224490015969,nih_exporter_c4,nih_exporter,63.40473913193378,64.65609086107253,61.0917880650192,0.0,60.48983693106821,61.50224490015969,1.012407969091477,C4_SENSITIVITY_ONLY
A14_A15_est_70b,estimate,70b,False,6,0.0,60.584720752410966,59.99101663594656,60.99324588115838,nih_exporter_c4,nih_exporter,63.40473913193378,64.65609086107253,60.584720752410966,0.0,59.99101663594656,60.99324588115838,1.0022292452118222,C4_SENSITIVITY_ONLY
A14_A15_est_70b,estimate,70b,False,7,0.009,62.140626753825245,59.64454726025998,64.16583417005786,nih_exporter_c4,nih_exporter,63.40473913193378,64.65609086107253,62.151888919387495,0.011262165562250459,59.64454726025998,64.1808317944327,4.536284534172722,C4_SENSITIVITY_ONLY
A14_A15_est_70b,estimate,70b,False,8,0.014014014014014,61.33355503550059,59.369968802067135,64.30035131862691,nih_exporter_c4,nih_exporter,63.40473913193378,64.65609086107253,61.3510914961692,0.01753646066860881,59.369968802067135,64.32370430953422,4.953735507467087,C4_SENSITIVITY_ONLY
A14_A15_est_70b,estimate,70b,False,9,0.0,63.350634604573074,61.10090692042493,64.32600554446415,nih_exporter_c4,nih_exporter,63.40473913193378,64.65609086107253,63.350634604573074,0.0,61.10090692042493,64.32600554446415,3.2250986240392194,C4_SENSITIVITY_ONLY
A14_A15_est_70b,estimate,70b,False,10,0.0,61.83845788066242,61.14571324773014,62.13879777890371,nih_exporter_c4,nih_exporter,63.40473913193378,64.65609086107253,61.83845788066242,0.0,61.14571324773014,62.13879777890371,0.9930845311735652,C4_SENSITIVITY_ONLY
A14_A15_est_70b,estimate,70b,False,11,0.0,59.33406197395692,56.28410747671423,64.1147598981793,nih_exporter_c4,nih_exporter,63.40473913193378,64.65609086107253,59.33406197395692,0.0,56.28410747671423,64.1147598981793,7.830652421465068,C4_SENSITIVITY_ONLY
A14_A15_est_70b,estimate,70b,False,12,0.0460921843687374,59.62533670628627,57.17068931376651,62.89446322630519,nih_exporter_c4,nih_exporter,63.40473913193378,64.65609086107253,59.68301424089587,0.05767753460960279,57.17068931376651,62.971271367169415,5.800582053402906,C4_SENSITIVITY_ONLY
A14_A15_est_70b,estimate,70b,False,13,0.0,63.48035150628131,61.58623150368282,64.33570995356357,nih_exporter_c4,nih_exporter,63.40473913193378,64.65609086107253,63.48035150628131,0.0,61.58623150368282,64.33570995356357,2.7494784498807476,C4_SENSITIVITY_ONLY
A14_A15_est_70b,estimate,70b,False,14,0.0339660339660339,61.611452398137374,59.87681102674002,62.54195999906214,nih_exporter_c4,nih_exporter,63.40473913193378,64.65609086107253,61.65395585347276,0.042503455335385354,59.87681102674002,62.59856109005386,2.7217500633138414,C4_SENSITIVITY_ONLY
A14_A15_est_70b,estimate,70b,False,15,0.001002004008016,60.63985637368572,59.700206595624095,61.24866569365008,nih_exporter_c4,nih_exporter,63.40473913193378,64.65609086107253,60.64111023313375,0.0012538594480346887,59.700206595624095,61.250335435842786,1.5501288402186901,C4_SENSITIVITY_ONLY
A14_A15_est_70b,estimate,70b,False,16,0.022,61.05976135968973,59.41461245975787,62.18920144094669,nih_exporter_c4,nih_exporter,63.40473913193378,64.65609086107253,61.087291097730784,0.02752973804105352,59.41461245975787,62.22586230052962,2.811249840771751,C4_SENSITIVITY_ONLY
A14_A15_est_70b,estimate,70b,False,17,0.003003003003003,62.26359342605269,61.362583720702304,63.48503350555324,nih_exporter_c4,nih_exporter,63.40473913193378,64.65609086107253,62.267351239053106,0.003757813000419219,61.362583720702304,63.49003771789052,2.127453997188219,C4_SENSITIVITY_ONLY
A14_A15_est_70b,estimate,70b,False,18,0.025025025025025,63.10885587615659,62.12932773940608,63.6046909794799,nih_exporter_c4,nih_exporter,63.40473913193378,64.65609086107253,63.140170984493395,0.03131510833680551,62.12932773940608,63.646392748957254,1.5170650095511746,C4_SENSITIVITY_ONLY
A14_A15_est_70b,estimate,70b,False,19,0.039039039039039,62.69683978480785,61.73917796499478,63.860108355587975,nih_exporter_c4,nih_exporter,63.40473913193378,64.65609086107253,62.745691353813264,0.04885156900541432,61.73917796499478,63.925163115972644,2.1859851509778636,C4_SENSITIVITY_ONLY
A14_A15_est_70b,estimate,70b,False,20,0.016,62.09218714016537,60.83037461762391,62.67410821822585,nih_exporter_c4,nih_exporter,63.40473913193378,64.65609086107253,62.11220876783159,0.020021627666217512,60.83037461762391,62.700770661558884,1.8703960439349743,C4_SENSITIVITY_ONLY
A14_A15_est_70b,estimate,70b,False,21,0.0,63.21923853615276,62.7549540865236,63.61147835072133,nih_exporter_c4,nih_exporter,63.40473913193378,64.65609086107253,63.21923853615276,0.0,62.7549540865236,63.61147835072133,0.8565242641977306,C4_SENSITIVITY_ONLY
A14_A15_est_70b,estimate,70b,False,22,0.011,57.13954537422548,55.4877122376181,58.74547385567387,nih_exporter_c4,nih_exporter,63.40473913193378,64.65609086107253,57.153310243246004,0.01376486902052676,55.4877122376181,58.76380428546534,3.276092047847243,C4_SENSITIVITY_ONLY
A14_A15_est_70b,estimate,70b,False,23,0.0,61.81622170279383,59.262758790573216,63.69037794277657,nih_exporter_c4,nih_exporter,63.40473913193378,64.65609086107253,61.81622170279383,0.0,59.262758790573216,63.69037794277657,4.427619152203356,C4_SENSITIVITY_ONLY
A14_A15_est_70b,estimate,70b,False,24,0.0,59.43683040993596,56.02394220461786,64.14708390046518,nih_exporter_c4,nih_exporter,63.40473913193378,64.65609086107253,59.43683040993596,0.0,56.02394220461786,64.14708390046518,8.123141695847316,C4_SENSITIVITY_ONLY
A14_A15_est_70b,estimate,70b,False,25,0.0,61.01350524992364,59.70699221657228,62.7026108883598,nih_exporter_c4,nih_exporter,63.40473913193378,64.65609086107253,61.01350524992364,0.0,59.70699221657228,62.7026108883598,2.9956186717875184,C4_SENSITIVITY_ONLY
A14_A15_est_70b,estimate,70b,False,26,0.002002002002002,63.35576542534766,62.07232711102344,63.96129921449919,nih_exporter_c4,nih_exporter,63.40473913193378,64.65609086107253,63.35827063401461,0.002505208666946146,62.07232711102344,63.96463535605738,1.892308245033938,C4_SENSITIVITY_ONLY
A14_A15_est_70b,estimate,70b,False,27,0.0,60.75543555918576,58.854740132384485,62.592759899480754,nih_exporter_c4,nih_exporter,63.40473913193378,64.65609086107253,60.75543555918576,0.0,58.854740132384485,62.592759899480754,3.7380197670962687,C4_SENSITIVITY_ONLY
A14_A15_est_70b,estimate,70b,False,28,0.0,60.62404105271286,58.89668560604888,62.518412838252765,nih_exporter_c4,nih_exporter,63.40473913193378,64.65609086107253,60.62404105271286,0.0,58.89668560604888,62.518412838252765,3.621727232203888,C4_SENSITIVITY_ONLY
A14_A15_est_70b,estimate,70b,False,29,0.0,59.033319995173656,56.14953500157945,61.838000930565535,nih_exporter_c4,nih_exporter,63.40473913193378,64.65609086107253,59.033319995173656,0.0,56.14953500157945,61.838000930565535,5.6884659289860835,C4_SENSITIVITY_ONLY
A14_A15_est_70b,estimate,70b,False,30,0.0,57.99532325402376,56.21305857505028,59.74118841039629,nih_exporter_c4,nih_exporter,63.40473913193378,64.65609086107253,57.99532325402376,0.0,56.21305857505028,59.74118841039629,3.5281298353460073,C4_SENSITIVITY_ONLY
A14_A15_est_70b,estimate,70b,False,31,0.0,59.94234873663173,59.54330816395079,60.1734131484803,nih_exporter_c4,nih_exporter,63.40473913193378,64.65609086107253,59.94234873663173,0.0,59.54330816395079,60.1734131484803,0.6301049845295097,C4_SENSITIVITY_ONLY
A14_A15_est_70b,estimate,70b,False,32,0.0,59.40735918368559,56.30075672735322,64.33570995356357,nih_exporter_c4,nih_exporter,63.40473913193378,64.65609086107253,59.40735918368559,0.0,56.30075672735322,64.33570995356357,8.034953226210348,C4_SENSITIVITY_ONLY
A14_A15_est_70b,estimate,70b,False,33,0.0,56.14924942645502,56.14699292927934,56.15022773231248,nih_exporter_c4,nih_exporter,63.40473913193378,64.65609086107253,56.14924942645502,0.0,56.14699292927934,56.15022773231248,0.003234803033137723,C4_SENSITIVITY_ONLY
A14_A15_est_70b,estimate,70b,False,34,0.0019980019980019,53.78397506413352,53.12988793398893,54.26559173039828,nih_exporter_c4,nih_exporter,63.40473913193378,64.65609086107253,53.786475267388546,0.0025002032550247577,53.12988793398893,54.268921206338966,1.1390332723500336,C4_SENSITIVITY_ONLY
A14_A15_est_70b,estimate,70b,False,35,0.0,61.68474017899067,61.228606975340966,61.81285083974961,nih_exporter_c4,nih_exporter,63.40473913193378,64.65609086107253,61.68474017899067,0.0,61.228606975340966,61.81285083974961,0.5842438644086414,C4_SENSITIVITY_ONLY
A14_A15_est_70b,estimate,70b,False,36,0.016016016016016,62.86942556143751,62.39385573799926,63.12093362924484,nih_exporter_c4,nih_exporter,63.40473913193378,64.65609086107253,62.889467230773064,0.020041669335554957,62.39385573799926,63.147622761710345,0.7537670237110845,C4_SENSITIVITY_ONLY
A14_A15_est_70b,estimate,70b,False,37,0.0400801603206412,61.506153756904496,59.77334223303141,62.737119776639005,nih_exporter_c4,nih_exporter,63.40473913193378,64.65609086107253,61.55630813482589,0.050154377921394655,59.77334223303141,62.80390946434702,3.030567231315615,C4_SENSITIVITY_ONLY
A14_A15_est_70b,estimate,70b,False,38,0.0,62.98920461198908,61.52949988209613,64.33144553592089,nih_exporter_c4,nih_exporter,63.40473913193378,64.65609086107253,62.98920461198908,0.0,61.52949988209613,64.33144553592089,2.8019456538247596,C4_SENSITIVITY_ONLY
A14_A15_est_70b,estimate,70b,False,39,0.046,61.279434204947314,60.820719870513344,61.68767026711922,nih_exporter_c4,nih_exporter,63.40473913193378,64.65609086107253,61.3369963844877,0.05756217954038334,60.820719870513344,61.76432479170172,0.9436049211883741,C4_SENSITIVITY_ONLY
A14_A15_est_70b,estimate,70b,False,40,0.0,61.31411564364491,58.883301960078285,64.189691632636,nih_exporter_c4,nih_exporter,63.40473913193378,64.65609086107253,61.31411564364491,0.0,58.883301960078285,64.189691632636,5.306389672557714,C4_SENSITIVITY_ONLY
A14_A15_est_70b,estimate,70b,False,41,0.002,53.68345056911369,53.39960227973745,53.84003833082601,nih_exporter_c4,nih_exporter,63.40473913193378,64.65609086107253,53.685953272571965,0.002502703458276301,53.39960227973745,53.843371136242645,0.44376885650519426,C4_SENSITIVITY_ONLY
A14_A15_est_70b,estimate,70b,False,42,0.0009990009990009,57.61329385546286,55.924176261634464,58.98035807384598,nih_exporter_c4,nih_exporter,63.40473913193378,64.65609086107253,57.61454395709037,0.0012501016275123789,55.924176261634464,58.98202281181632,3.057846550181857,C4_SENSITIVITY_ONLY
A14_A15_est_70b,estimate,70b,False,43,0.0329670329670329,61.33077858394175,60.90311152448663,61.540140827558766,nih_exporter_c4,nih_exporter,63.40473913193378,64.65609086107253,61.37203193764962,0.041253353707872975,60.90311152448663,61.59507718058014,0.6919656560935081,C4_SENSITIVITY_ONLY
A14_A15_est_70b,estimate,70b,False,44,0.0,61.496543495719166,59.41518996456877,63.13483402166377,nih_exporter_c4,nih_exporter,63.40473913193378,64.65609086107253,61.496543495719166,0.0,59.41518996456877,63.13483402166377,3.719644057095003,C4_SENSITIVITY_ONLY
A14_A15_est_70b,estimate,70b,False,45,0.0169830169830169,63.62109913001988,63.49217832347737,63.76599505618487,nih_exporter_c4,nih_exporter,63.40473913193378,64.65609086107253,63.64235085768757,0.021251727667689124,63.49217832347737,63.79429560168073,0.30211727820336165,C4_SENSITIVITY_ONLY
A14_A15_est_70b,estimate,70b,False,46,0.0,61.77273999632626,60.65646154121735,62.38710247612599,nih_exporter_c4,nih_exporter,63.40473913193378,64.65609086107253,61.77273999632626,0.0,60.65646154121735,62.38710247612599,1.7306409349086422,C4_SENSITIVITY_ONLY
A14_A15_est_70b,estimate,70b,False,47,0.0189810189810189,60.90818406340212,59.16671748991552,62.56567597662198,nih_exporter_c4,nih_exporter,63.40473913193378,64.65609086107253,60.93193599432483,0.023751930922713882,59.16671748991552,62.59730599805853,3.4305885081430105,C4_SENSITIVITY_ONLY
A14_A15_est_70b,estimate,70b,False,48,0.003,61.75095317224685,60.16839209187844,63.04664471949547,nih_exporter_c4,nih_exporter,63.40473913193378,64.65609086107253,61.75470722743427,0.003754055187414451,60.16839209187844,63.05164392762041,2.883251835741973,C4_SENSITIVITY_ONLY
A14_A15_est_70b,estimate,70b,False,49,0.012,62.96854177786141,62.23469685312691,64.00057789986114,nih_exporter_c4,nih_exporter,63.40473913193378,64.65609086107253,62.983557998611076,0.01501622074966491,62.23469685312691,64.02057473236093,1.7858778792340146,C4_SENSITIVITY_ONLY
A14_A15_est_70b,estimate,70b,False,50,0.0,62.93628722732703,62.07054639070592,63.647269256436914,nih_exporter_c4,nih_exporter,63.40473913193378,64.65609086107253,62.93628722732703,0.0,62.07054639070592,63.647269256436914,1.5767228657309929,C4_SENSITIVITY_ONLY
A14_A15_est_70b,estimate,70b,False,51,0.0,55.2643555814013,54.8284156866012,55.45335761392428,nih_exporter_c4,nih_exporter,63.40473913193378,64.65609086107253,55.2643555814013,0.0,54.8284156866012,55.45335761392428,0.6249419273230856,C4_SENSITIVITY_ONLY
A14_A15_est_70b,estimate,70b,False,52,0.011011011011011,60.356080809761664,57.67451532291773,63.93117403073837,nih_exporter_c4,nih_exporter,63.40473913193378,64.65609086107253,60.36985945742986,0.013778647668196697,57.67451532291773,63.949522809308405,6.2750074863906775,C4_SENSITIVITY_ONLY
A14_A15_est_70b,estimate,70b,False,53,0.001001001001001,59.513443280489966,56.09358724082557,64.07966346417332,nih_exporter_c4,nih_exporter,63.40473913193378,64.65609086107253,59.51469588482344,0.001252604333473073,56.09358724082557,64.08133153495241,7.987744294126841,C4_SENSITIVITY_ONLY
A14_A15_est_70b,estimate,70b,False,54,0.0,63.935838049043255,63.66532535323887,64.19617979360754,nih_exporter_c4,nih_exporter,63.40473913193378,64.65609086107253,63.935838049043255,0.0,63.66532535323887,64.19617979360754,0.530854440368671,C4_SENSITIVITY_ONLY
A14_A15_est_70b,estimate,70b,False,55,0.0,60.973093751373824,58.79540963961525,63.78391264744594,nih_exporter_c4,nih_exporter,63.40473913193378,64.65609086107253,60.973093751373824,0.0,58.79540963961525,63.78391264744594,4.988503007830687,C4_SENSITIVITY_ONLY
A14_A15_est_70b,estimate,70b,False,56,0.0199600798403193,61.20695965922683,59.988393492064,62.24757576464368,nih_exporter_c4,nih_exporter,63.40473913193378,64.65609086107253,61.231936739648766,0.024977080421933806,59.988393492064,62.28083729574777,2.292443803683774,C4_SENSITIVITY_ONLY
A14_A15_est_70b,estimate,70b,False,57,0.0,63.17617007790169,63.16612981803825,63.18271960719464,nih_exporter_c4,nih_exporter,63.40473913193378,64.65609086107253,63.17617007790169,0.0,63.16612981803825,63.18271960719464,0.016589789156391532,C4_SENSITIVITY_ONLY
A14_A15_est_70b,estimate,70b,False,58,0.0,62.12913637558805,62.12913637558805,62.12913637558805,nih_exporter_c4,nih_exporter,63.40473913193378,64.65609086107253,62.12913637558805,0.0,62.12913637558805,62.12913637558805,0.0,C4_SENSITIVITY_ONLY
A14_A15_est_70b,estimate,70b,False,59,0.035035035035035,63.47197959596951,61.87338076768469,64.16267580715318,nih_exporter_c4,nih_exporter,63.40473913193378,64.65609086107253,63.51582074764104,0.04384115167152913,61.87338076768469,64.22105828442147,2.3476775167367876,C4_SENSITIVITY_ONLY
A14_A15_est_70b,estimate,70b,False,60,0.0,61.80556438727452,61.26936461705358,62.07981068108913,nih_exporter_c4,nih_exporter,63.40473913193378,64.65609086107253,61.80556438727452,0.0,61.26936461705358,62.07981068108913,0.8104460640355455,C4_SENSITIVITY_ONLY
A14_A15_est_70b,estimate,70b,False,61,0.0,61.48158512167624,59.78541593168792,63.32512939325473,nih_exporter_c4,nih_exporter,63.40473913193378,64.65609086107253,61.48158512167624,0.0,59.78541593168792,63.32512939325473,3.539713461566805,C4_SENSITIVITY_ONLY
A14_A15_est_70b,estimate,70b,False,62,0.0,61.2277943610364,59.36773985274076,62.54815505627285,nih_exporter_c4,nih_exporter,63.40473913193378,64.65609086107253,61.2277943610364,0.0,59.36773985274076,62.54815505627285,3.1804152035320854,C4_SENSITIVITY_ONLY
A14_A15_est_70b,estimate,70b,False,63,0.011,62.57951735260513,61.05546478062996,63.44170813621536,nih_exporter_c4,nih_exporter,63.40473913193378,64.65609086107253,62.59328222162566,0.01376486902052676,61.05546478062996,63.46003856600683,2.4045737853768685,C4_SENSITIVITY_ONLY
A4_A5_train_1m,train,1m,True,1,0.0,62.5899769188895,62.56713059586314,62.59844995232088,pubmed_abstracts_c4,pubmed_abstracts,63.357404096100105,64.65609086107253,62.5899769188895,0.0,62.56713059586314,62.59844995232088,0.03131935645773609,C4_SENSITIVITY_ONLY
A4_A5_train_1m,train,1m,True,2,0.001002004008016,59.07136541233329,58.49481874143344,59.45291474683157,pubmed_abstracts_c4,pubmed_abstracts,63.357404096100105,64.65609086107253,59.07266670167695,0.0013012893436581408,58.49481874143344,59.45458448902427,0.9597657475908292,C4_SENSITIVITY_ONLY
A4_A5_train_1m,train,1m,True,3,0.003,63.95799290631837,63.8308901432108,64.01241165881956,pubmed_abstracts_c4,pubmed_abstracts,63.357404096100105,64.65609086107253,63.96188896661329,0.0038960602949202894,63.8308901432108,64.0174108669445,0.18652072373370032,C4_SENSITIVITY_ONLY
A4_A5_train_1m,train,1m,True,4,0.0539460539460539,57.577216834293225,56.32234151689883,58.76738380675164,pubmed_abstracts_c4,pubmed_abstracts,63.357404096100105,64.65609086107253,57.647275860575455,0.07005902628223026,56.32234151689883,58.85727965715025,2.5349381402514197,C4_SENSITIVITY_ONLY
A4_A5_train_1m,train,1m,True,5,0.0,61.0917880650192,60.48983693106821,61.50224490015969,pubmed_abstracts_c4,pubmed_abstracts,63.357404096100105,64.65609086107253,61.0917880650192,0.0,60.48983693106821,61.50224490015969,1.012407969091477,C4_SENSITIVITY_ONLY
A4_A5_train_1m,train,1m,True,6,0.001001001001001,60.584720752410966,59.99101663594656,60.99324588115838,pubmed_abstracts_c4,pubmed_abstracts,63.357404096100105,64.65609086107253,60.58602073916269,0.0012999867517251573,59.99101663594656,60.99491395193748,1.003897315990919,C4_SENSITIVITY_ONLY
A4_A5_train_1m,train,1m,True,7,0.001,62.140626753825245,59.64454726025998,64.16583417005786,pubmed_abstracts_c4,pubmed_abstracts,63.357404096100105,64.65609086107253,62.14192544059022,0.0012986867649757983,59.64454726025998,64.16750057276617,4.522953312506189,C4_SENSITIVITY_ONLY
A4_A5_train_1m,train,1m,True,8,0.0,61.33355503550059,59.369968802067135,64.30035131862691,pubmed_abstracts_c4,pubmed_abstracts,63.357404096100105,64.65609086107253,61.33355503550059,0.0,59.369968802067135,64.30035131862691,4.930382516559774,C4_SENSITIVITY_ONLY
A4_A5_train_1m,train,1m,True,9,0.169,63.350634604573074,61.10090692042493,64.32600554446415,pubmed_abstracts_c4,pubmed_abstracts,63.357404096100105,64.65609086107253,63.570112667853415,0.21947806328034147,61.10090692042493,64.6076276021694,3.5067206817444685,C4_SENSITIVITY_ONLY
A4_A5_train_1m,train,1m,True,10,0.0,61.83845788066242,61.14571324773014,62.13879777890371,pubmed_abstracts_c4,pubmed_abstracts,63.357404096100105,64.65609086107253,61.83845788066242,0.0,61.14571324773014,62.13879777890371,0.9930845311735652,C4_SENSITIVITY_ONLY
A4_A5_train_1m,train,1m,True,11,0.049,59.33406197395692,56.28410747671423,64.1147598981793,pubmed_abstracts_c4,pubmed_abstracts,63.357404096100105,64.65609086107253,59.39769762544057,0.06363565148365069,56.28410747671423,64.19641363088674,7.912306154172505,C4_SENSITIVITY_ONLY
A4_A5_train_1m,train,1m,True,12,0.0400801603206412,59.62533670628627,57.17068931376651,62.89446322630519,pubmed_abstracts_c4,pubmed_abstracts,63.357404096100105,64.65609086107253,59.67738828003266,0.05205157374638958,57.17068931376651,62.96125291401321,5.790563600246699,C4_SENSITIVITY_ONLY
A4_A5_train_1m,train,1m,True,13,0.0,63.48035150628131,61.58623150368282,64.33570995356357,pubmed_abstracts_c4,pubmed_abstracts,63.357404096100105,64.65609086107253,63.48035150628131,0.0,61.58623150368282,64.33570995356357,2.7494784498807476,C4_SENSITIVITY_ONLY
A4_A5_train_1m,train,1m,True,14,0.3436563436563435,61.611452398137374,59.87681102674002,62.54195999906214,pubmed_abstracts_c4,pubmed_abstracts,63.357404096100105,64.65609086107253,62.05775434334268,0.4463019452053061,59.87681102674002,63.114629860860724,3.237818834120702,C4_SENSITIVITY_ONLY
A4_A5_train_1m,train,1m,True,15,0.2144288577154308,60.63985637368572,59.700206595624095,61.24866569365008,pubmed_abstracts_c4,pubmed_abstracts,63.357404096100105,64.65609086107253,60.9183322932289,0.2784759195431832,59.700206595624095,61.60599052288798,1.905783927263883,C4_SENSITIVITY_ONLY
A4_A5_train_1m,train,1m,True,16,0.003,61.05976135968973,59.41461245975787,62.18920144094669,pubmed_abstracts_c4,pubmed_abstracts,63.357404096100105,64.65609086107253,61.06365741998465,0.0038960602949202894,59.41461245975787,62.19420064907163,2.7795881893137633,C4_SENSITIVITY_ONLY
A4_A5_train_1m,train,1m,True,17,0.0,62.26359342605269,61.362583720702304,63.48503350555324,pubmed_abstracts_c4,pubmed_abstracts,63.357404096100105,64.65609086107253,62.26359342605269,0.0,61.362583720702304,63.48503350555324,2.122449784850936,C4_SENSITIVITY_ONLY
A4_A5_train_1m,train,1m,True,18,0.033033033033033,63.10885587615659,62.12932773940608,63.6046909794799,pubmed_abstracts_c4,pubmed_abstracts,63.357404096100105,64.65609086107253,63.151755438963484,0.042899562806894664,62.12932773940608,63.65973731519001,1.5304095757839278,C4_SENSITIVITY_ONLY
A4_A5_train_1m,train,1m,True,19,0.0,62.69683978480785,61.73917796499478,63.860108355587975,pubmed_abstracts_c4,pubmed_abstracts,63.357404096100105,64.65609086107253,62.69683978480785,0.0,61.73917796499478,63.860108355587975,2.1209303905931947,C4_SENSITIVITY_ONLY
A4_A5_train_1m,train,1m,True,20,0.104,62.09218714016537,60.83037461762391,62.67410821822585,pubmed_abstracts_c4,pubmed_abstracts,63.357404096100105,64.65609086107253,62.22725056372251,0.13506342355713485,60.83037461762391,62.847414099890614,2.0170394822667035,C4_SENSITIVITY_ONLY
A4_A5_train_1m,train,1m,True,21,0.0,63.21923853615276,62.7549540865236,63.61147835072133,pubmed_abstracts_c4,pubmed_abstracts,63.357404096100105,64.65609086107253,63.21923853615276,0.0,62.7549540865236,63.61147835072133,0.8565242641977306,C4_SENSITIVITY_ONLY
A4_A5_train_1m,train,1m,True,22,0.0,57.13954537422548,55.4877122376181,58.74547385567387,pubmed_abstracts_c4,pubmed_abstracts,63.357404096100105,64.65609086107253,57.13954537422548,0.0,55.4877122376181,58.74547385567387,3.257761618055774,C4_SENSITIVITY_ONLY
A4_A5_train_1m,train,1m,True,23,0.12,61.81622170279383,59.262758790573216,63.69037794277657,pubmed_abstracts_c4,pubmed_abstracts,63.357404096100105,64.65609086107253,61.97206411459052,0.15584241179669078,59.262758790573216,63.890346267774376,4.6275874772011605,C4_SENSITIVITY_ONLY
A4_A5_train_1m,train,1m,True,24,0.0,59.43683040993596,56.02394220461786,64.14708390046518,pubmed_abstracts_c4,pubmed_abstracts,63.357404096100105,64.65609086107253,59.43683040993596,0.0,56.02394220461786,64.14708390046518,8.123141695847316,C4_SENSITIVITY_ONLY
A4_A5_train_1m,train,1m,True,25,0.007007007007007,61.01350524992364,59.70699221657228,62.7026108883598,pubmed_abstracts_c4,pubmed_abstracts,63.357404096100105,64.65609086107253,61.02260515718571,0.009099907262068996,59.70699221657228,62.714287383813456,3.0072951672411747,C4_SENSITIVITY_ONLY
A4_A5_train_1m,train,1m,True,26,0.014014014014014,63.35576542534766,62.07232711102344,63.96129921449919,pubmed_abstracts_c4,pubmed_abstracts,63.357404096100105,64.65609086107253,63.3739652398718,0.01819981452413799,62.07232711102344,63.98465220540651,1.9123250943830712,C4_SENSITIVITY_ONLY
A4_A5_train_1m,train,1m,True,27,0.158,60.75543555918576,58.854740132384485,62.592759899480754,pubmed_abstracts_c4,pubmed_abstracts,63.357404096100105,64.65609086107253,60.960628068051406,0.20519250886564322,58.854740132384485,62.856051527394534,4.001311395010049,C4_SENSITIVITY_ONLY
A4_A5_train_1m,train,1m,True,28,0.0,60.62404105271286,58.89668560604888,62.518412838252765,pubmed_abstracts_c4,pubmed_abstracts,63.357404096100105,64.65609086107253,60.62404105271286,0.0,58.89668560604888,62.518412838252765,3.621727232203888,C4_SENSITIVITY_ONLY
A4_A5_train_1m,train,1m,True,29,0.0009990009990009,59.033319995173656,56.14953500157945,61.838000930565535,pubmed_abstracts_c4,pubmed_abstracts,63.357404096100105,64.65609086107253,59.03461738454925,0.0012973893755940935,56.14953500157945,61.83966566853588,5.690130666956428,C4_SENSITIVITY_ONLY
A4_A5_train_1m,train,1m,True,30,0.0,57.99532325402376,56.21305857505028,59.74118841039629,pubmed_abstracts_c4,pubmed_abstracts,63.357404096100105,64.65609086107253,57.99532325402376,0.0,56.21305857505028,59.74118841039629,3.5281298353460073,C4_SENSITIVITY_ONLY
A4_A5_train_1m,train,1m,True,31,0.142,59.94234873663173,59.54330816395079,60.1734131484803,pubmed_abstracts_c4,pubmed_abstracts,63.357404096100105,64.65609086107253,60.126762257257816,0.1844135206260873,59.54330816395079,60.410042333061035,0.866734169110245,C4_SENSITIVITY_ONLY
A4_A5_train_1m,train,1m,True,32,0.007007007007007,59.40735918368559,56.30075672735322,64.33570995356357,pubmed_abstracts_c4,pubmed_abstracts,63.357404096100105,64.65609086107253,59.41645909094766,0.009099907262068996,56.30075672735322,64.34738644901722,8.046629721664004,C4_SENSITIVITY_ONLY
A4_A5_train_1m,train,1m,True,33,0.001,56.14924942645502,56.14699292927934,56.15022773231248,pubmed_abstracts_c4,pubmed_abstracts,63.357404096100105,64.65609086107253,56.15054811322,0.0012986867649757983,56.14699292927934,56.1518941350208,0.004901205741454362,C4_SENSITIVITY_ONLY
A4_A5_train_1m,train,1m,True,34,0.0,53.78397506413352,53.12988793398893,54.26559173039828,pubmed_abstracts_c4,pubmed_abstracts,63.357404096100105,64.65609086107253,53.78397506413352,0.0,53.12988793398893,54.26559173039828,1.135703796409345,C4_SENSITIVITY_ONLY
A4_A5_train_1m,train,1m,True,35,0.0,61.68474017899067,61.228606975340966,61.81285083974961,pubmed_abstracts_c4,pubmed_abstracts,63.357404096100105,64.65609086107253,61.68474017899067,0.0,61.228606975340966,61.81285083974961,0.5842438644086414,C4_SENSITIVITY_ONLY
A4_A5_train_1m,train,1m,True,36,0.0,62.86942556143751,62.39385573799926,63.12093362924484,pubmed_abstracts_c4,pubmed_abstracts,63.357404096100105,64.65609086107253,62.86942556143751,0.0,62.39385573799926,63.12093362924484,0.7270778912455782,C4_SENSITIVITY_ONLY
A4_A5_train_1m,train,1m,True,37,0.0771543086172344,61.506153756904496,59.77334223303141,62.737119776639005,pubmed_abstracts_c4,pubmed_abstracts,63.357404096100105,64.65609086107253,61.60635303636629,0.10019927946179763,59.77334223303141,62.86568992547694,3.0923476924455358,C4_SENSITIVITY_ONLY
A4_A5_train_1m,train,1m,True,38,0.008008008008008,62.98920461198908,61.52949988209613,64.33144553592089,pubmed_abstracts_c4,pubmed_abstracts,63.357404096100105,64.65609086107253,62.999604506002875,0.010399894013794153,61.52949988209613,64.34479010215365,2.81529022005752,C4_SENSITIVITY_ONLY
A4_A5_train_1m,train,1m,True,39,0.0,61.279434204947314,60.820719870513344,61.68767026711922,pubmed_abstracts_c4,pubmed_abstracts,63.357404096100105,64.65609086107253,61.279434204947314,0.0,60.820719870513344,61.68767026711922,0.8669503966058798,C4_SENSITIVITY_ONLY
A4_A5_train_1m,train,1m,True,40,0.0309690309690309,61.31411564364491,58.883301960078285,64.189691632636,pubmed_abstracts_c4,pubmed_abstracts,63.357404096100105,64.65609086107253,61.35433471428841,0.040219070643502164,58.883301960078285,64.24129850971669,5.3579965496384006,C4_SENSITIVITY_ONLY
A4_A5_train_1m,train,1m,True,41,0.01,53.68345056911369,53.39960227973745,53.84003833082601,pubmed_abstracts_c4,pubmed_abstracts,63.357404096100105,64.65609086107253,53.69643743676341,0.012986867649722456,53.39960227973745,53.856702357909164,0.45710007817171316,C4_SENSITIVITY_ONLY
A4_A5_train_1m,train,1m,True,42,0.0219780219780219,57.61329385546286,55.924176261634464,58.98035807384598,pubmed_abstracts_c4,pubmed_abstracts,63.357404096100105,64.65609086107253,57.64183642172598,0.0285425662631269,55.924176261634464,59.01698230919356,3.092806047559094,C4_SENSITIVITY_ONLY
A4_A5_train_1m,train,1m,True,43,0.0,61.33077858394175,60.90311152448663,61.540140827558766,pubmed_abstracts_c4,pubmed_abstracts,63.357404096100105,64.65609086107253,61.33077858394175,0.0,60.90311152448663,61.540140827558766,0.6370293030721328,C4_SENSITIVITY_ONLY
A4_A5_train_1m,train,1m,True,44,0.0,61.496543495719166,59.41518996456877,63.13483402166377,pubmed_abstracts_c4,pubmed_abstracts,63.357404096100105,64.65609086107253,61.496543495719166,0.0,59.41518996456877,63.13483402166377,3.719644057095003,C4_SENSITIVITY_ONLY
A4_A5_train_1m,train,1m,True,45,0.0,63.62109913001988,63.49217832347737,63.76599505618487,pubmed_abstracts_c4,pubmed_abstracts,63.357404096100105,64.65609086107253,63.62109913001988,0.0,63.49217832347737,63.76599505618487,0.27381673270750184,C4_SENSITIVITY_ONLY
A4_A5_train_1m,train,1m,True,46,0.0379620379620379,61.77273999632626,60.65646154121735,62.38710247612599,pubmed_abstracts_c4,pubmed_abstracts,63.357404096100105,64.65609086107253,61.82204079259894,0.049300796272682135,60.65646154121735,62.450362518999086,1.793900977781739,C4_SENSITIVITY_ONLY
A4_A5_train_1m,train,1m,True,47,0.0,60.90818406340212,59.16671748991552,62.56567597662198,pubmed_abstracts_c4,pubmed_abstracts,63.357404096100105,64.65609086107253,60.90818406340212,0.0,59.16671748991552,62.56567597662198,3.398958486706462,C4_SENSITIVITY_ONLY
A4_A5_train_1m,train,1m,True,48,0.0,61.75095317224685,60.16839209187844,63.04664471949547,pubmed_abstracts_c4,pubmed_abstracts,63.357404096100105,64.65609086107253,61.75095317224685,0.0,60.16839209187844,63.04664471949547,2.87825262761703,C4_SENSITIVITY_ONLY
A4_A5_train_1m,train,1m,True,49,0.0,62.96854177786141,62.23469685312691,64.00057789986114,pubmed_abstracts_c4,pubmed_abstracts,63.357404096100105,64.65609086107253,62.96854177786141,0.0,62.23469685312691,64.00057789986114,1.7658810467342292,C4_SENSITIVITY_ONLY
A4_A5_train_1m,train,1m,True,50,0.0169999999999999,62.93628722732703,62.07054639070592,63.647269256436914,pubmed_abstracts_c4,pubmed_abstracts,63.357404096100105,64.65609086107253,62.95836490233156,0.022077675004531727,62.07054639070592,63.67559810247827,1.6050517117723473,C4_SENSITIVITY_ONLY
A4_A5_train_1m,train,1m,True,51,0.1931931931931931,55.2643555814013,54.8284156866012,55.45335761392428,pubmed_abstracts_c4,pubmed_abstracts,63.357404096100105,64.65609086107253,55.51525302448406,0.2508974430827635,54.8284156866012,55.775295274289455,0.9468795876882581,C4_SENSITIVITY_ONLY
A4_A5_train_1m,train,1m,True,52,0.1491491491491491,60.356080809761664,57.67451532291773,63.93117403073837,pubmed_abstracts_c4,pubmed_abstracts,63.357404096100105,64.65609086107253,60.549778835768564,0.19369802600689923,57.67451532291773,64.1797165768234,6.505201253905668,C4_SENSITIVITY_ONLY
A4_A5_train_1m,train,1m,True,53,0.016016016016016,59.513443280489966,56.09358724082557,64.07966346417332,pubmed_abstracts_c4,pubmed_abstracts,63.357404096100105,64.65609086107253,59.534243068517554,0.020799788027588306,56.09358724082557,64.10635259663883,8.012765355813258,C4_SENSITIVITY_ONLY
A4_A5_train_1m,train,1m,True,54,0.0,63.935838049043255,63.66532535323887,64.19617979360754,pubmed_abstracts_c4,pubmed_abstracts,63.357404096100105,64.65609086107253,63.935838049043255,0.0,63.66532535323887,64.19617979360754,0.530854440368671,C4_SENSITIVITY_ONLY
A4_A5_train_1m,train,1m,True,55,0.255,60.973093751373824,58.79540963961525,63.78391264744594,pubmed_abstracts_c4,pubmed_abstracts,63.357404096100105,64.65609086107253,61.30425887644179,0.3311651250679688,58.79540963961525,64.20884533806628,5.413435698451032,C4_SENSITIVITY_ONLY
A4_A5_train_1m,train,1m,True,56,0.0489021956087824,61.20695965922683,59.988393492064,62.24757576464368,pubmed_abstracts_c4,pubmed_abstracts,63.357404096100105,64.65609086107253,61.27046829344205,0.0635086342152178,59.988393492064,62.32906651584871,2.34067302378471,C4_SENSITIVITY_ONLY
A4_A5_train_1m,train,1m,True,57,0.0,63.17617007790169,63.16612981803825,63.18271960719464,pubmed_abstracts_c4,pubmed_abstracts,63.357404096100105,64.65609086107253,63.17617007790169,0.0,63.16612981803825,63.18271960719464,0.016589789156391532,C4_SENSITIVITY_ONLY
A4_A5_train_1m,train,1m,True,58,0.0,62.12913637558805,62.12913637558805,62.12913637558805,pubmed_abstracts_c4,pubmed_abstracts,63.357404096100105,64.65609086107253,62.12913637558805,0.0,62.12913637558805,62.12913637558805,0.0,C4_SENSITIVITY_ONLY
A4_A5_train_1m,train,1m,True,59,0.0990990990990991,63.47197959596951,61.87338076768469,64.16267580715318,pubmed_abstracts_c4,pubmed_abstracts,63.357404096100105,64.65609086107253,63.6006782843902,0.1286986884206911,61.87338076768469,64.3278148142835,2.454434046598813,C4_SENSITIVITY_ONLY
A4_A5_train_1m,train,1m,True,60,0.066,61.80556438727452,61.26936461705358,62.07981068108913,pubmed_abstracts_c4,pubmed_abstracts,63.357404096100105,64.65609086107253,61.891277713762705,0.08571332648818242,61.26936461705358,62.18979325983792,0.9204286427843371,C4_SENSITIVITY_ONLY
A4_A5_train_1m,train,1m,True,61,0.2802802802802803,61.48158512167624,59.78541593168792,63.32512939325473,pubmed_abstracts_c4,pubmed_abstracts,63.357404096100105,64.65609086107253,61.845581412159,0.36399629048275983,59.78541593168792,63.79218921140109,4.006773279713165,C4_SENSITIVITY_ONLY
A4_A5_train_1m,train,1m,True,62,0.0,61.2277943610364,59.36773985274076,62.54815505627285,pubmed_abstracts_c4,pubmed_abstracts,63.357404096100105,64.65609086107253,61.2277943610364,0.0,59.36773985274076,62.54815505627285,3.1804152035320854,C4_SENSITIVITY_ONLY
A4_A5_train_1m,train,1m,True,63,0.546,62.57951735260513,61.05546478062996,63.44170813621536,pubmed_abstracts_c4,pubmed_abstracts,63.357404096100105,64.65609086107253,63.288600326280076,0.7090829736749455,61.05546478062996,64.35156401495539,3.2960992343254247,C4_SENSITIVITY_ONLY
A4_A5_train_1m,train,1m,True,64,0.0009990009990009,63.15011537529491,62.28423236898092,63.5966572034336,pubmed_abstracts_c4,pubmed_abstracts,63.357404096100105,64.65609086107253,63.1514127646705,0.0012973893755940935,62.28423236898092,63.598321941403945,1.314089572423022,C4_SENSITIVITY_ONLY
A4_A5_train_1m,train,1m,True,65,0.002,63.52697450053651,63.373571393843264,63.72424306339328,pubmed_abstracts_c4,pubmed_abstracts,63.357404096100105,64.65609086107253,63.529571874066455,0.002597373529944491,63.373571393843264,63.727575868809915,0.35400447496665066,C4_SENSITIVITY_ONLY
A4_A5_train_1m,train,1m,True,66,0.1088911088911088,63.06151663621826,61.68975521244023,64.15546689181042,pubmed_abstracts_c4,pubmed_abstracts,63.357404096100105,64.65609086107253,63.20293207815831,0.14141544194005462,61.68975521244023,64.33692333057799,2.647168118137756,C4_SENSITIVITY_ONLY
A4_A5_train_1m,train,1m,True,67,0.0029970029970029,59.85553608951519,58.46281834058299,61.28667185946824,pubmed_abstracts_c4,pubmed_abstracts,63.357404096100105,64.65609086107253,59.85942825764198,0.003892168126789386,58.46281834058299,61.291666073379275,2.8288477327962838,C4_SENSITIVITY_ONLY
A4_A5_train_1m,train,1m,True,68,0.066,62.52852877158109,61.80228553131769,62.78036526237992,pubmed_abstracts_c4,pubmed_abstracts,63.357404096100105,64.65609086107253,62.61424209806927,0.08571332648818242,61.80228553131769,62.89034784112871,1.088062309811015,C4_SENSITIVITY_ONLY
A4_A5_train_1m,train,1m,True,69,0.0,64.09172655393992,63.74949729636999,64.33428990248855,pubmed_abstracts_c4,pubmed_abstracts,63.357404096100105,64.65609086107253,64.09172655393992,0.0,63.74949729636999,64.33428990248855,0.5847926061185618,C4_SENSITIVITY_ONLY
A4_A5_train_1m,train,1m,True,70,0.117,63.34317743826378,61.10414172345806,64.33570995356357,pubmed_abstracts_c4,pubmed_abstracts,63.357404096100105,64.65609086107253,63.49512378976555,0.1519463515017705,61.10414172345806,64.53067907043643,3.426537346978371,C4_SENSITIVITY_ONLY
A4_A5_train_1m,train,1m,True,71,0.019,56.52684703937477,54.90364520953321,57.98245264438796,pubmed_abstracts_c4,pubmed_abstracts,63.357404096100105,64.65609086107253,56.55152208790925,0.024675048534476218,54.90364520953321,58.01411429584595,3.11046908631274,C4_SENSITIVITY_ONLY
A4_A5_train_1m,train,1m,True,72,0.016,60.45087521298373,58.93882689152532,61.2344912623008,pubmed_abstracts_c4,pubmed_abstracts,63.357404096100105,64.65609086107253,60.47165420122329,0.02077898823955593,58.93882689152532,61.26115370563384,2.3223268141085143,C4_SENSITIVITY_ONLY
A4_A5_train_1m,train,1m,True,73,0.2207792207792208,60.18698733053559,58.26310756591922,62.34077532376334,pubmed_abstracts_c4,pubmed_abstracts,63.357404096100105,64.65609086107253,60.473710382542485,0.2867230520068986,58.26310756591922,62.70868241520952,4.445574849290303,C4_SENSITIVITY_ONLY
A4_A5_train_1m,train,1m,True,74,0.0,63.23001963503725,63.13247227004087,63.26870763473006,pubmed_abstracts_c4,pubmed_abstracts,63.357404096100105,64.65609086107253,63.23001963503725,0.0,63.13247227004087,63.26870763473006,0.13623536468919184,C4_SENSITIVITY_ONLY
A4_A5_train_1m,train,1m,True,75,0.0,59.59491271212727,57.42069273641875,62.130116143574575,pubmed_abstracts_c4,pubmed_abstracts,63.357404096100105,64.65609086107253,59.59491271212727,0.0,57.42069273641875,62.130116143574575,4.709423407155825,C4_SENSITIVITY_ONLY
A4_A5_train_1m,train,1m,True,76,0.011011011011011,61.90842084244496,60.62041321802656,63.87519596118487,pubmed_abstracts_c4,pubmed_abstracts,63.357404096100105,64.65609086107253,61.922720696713924,0.01429985426896252,60.62041321802656,63.89354473975491,3.273131521728345,C4_SENSITIVITY_ONLY
A4_A5_train_1m,train,1m,True,77,0.18,61.63885006357113,59.12422906723224,64.14711538005903,pubmed_abstracts_c4,pubmed_abstracts,63.357404096100105,64.65609086107253,61.87261368126616,0.23376361769503262,59.12422906723224,64.44706786755575,5.3228388003235025,C4_SENSITIVITY_ONLY
A4_A5_train_1m,train,1m,True,78,0.005,61.68143128851822,60.19680302901612,63.83271943989904,pubmed_abstracts_c4,pubmed_abstracts,63.357404096100105,64.65609086107253,61.687924722343084,0.0064934338248647805,60.19680302901612,63.84105145344061,3.6442484244244966,C4_SENSITIVITY_ONLY
A4_A5_train_1m,train,1m,True,79,0.0,63.26827361575271,62.92808053299776,63.51964959332253,pubmed_abstracts_c4,pubmed_abstracts,63.357404096100105,64.65609086107253,63.26827361575271,0.0,62.92808053299776,63.51964959332253,0.5915690603247654,C4_SENSITIVITY_ONLY
A4_A5_train_1m,train,1m,True,80,0.0,60.5532361433906,59.9724275160909,60.87648783243746,pubmed_abstracts_c4,pubmed_abstracts,63.357404096100105,64.65609086107253,60.5532361433906,0.0,59.9724275160909,60.87648783243746,0.904060316346559,C4_SENSITIVITY_ONLY
A4_A5_train_1m,train,1m,True,81,0.0,60.269906560796095,57.82340299599946,63.51507066020426,pubmed_abstracts_c4,pubmed_abstracts,63.357404096100105,64.65609086107253,60.269906560796095,0.0,57.82340299599946,63.51507066020426,5.6916676642048,C4_SENSITIVITY_ONLY
A4_A5_train_1m,train,1m,True,82,0.0,61.06636984621087,59.66981814517983,62.37448024377274,pubmed_abstracts_c4,pubmed_abstracts,63.357404096100105,64.65609086107253,61.06636984621087,0.0,59.66981814517983,62.37448024377274,2.7046620985929053,C4_SENSITIVITY_ONLY
A4_A5_train_1m,train,1m,True,83,0.002002002002002,61.3995330926767,61.38287812677995,61.412020496447866,pubmed_abstracts_c4,pubmed_abstracts,63.357404096100105,64.65609086107253,61.40213306618015,0.0025999735034503146,61.38287812677995,61.41535663800605,0.03247851122610257,C4_SENSITIVITY_ONLY
A4_A5_train_1m,train,1m,True,84,0.0239760239760239,62.82257597783308,62.31632370449055,63.08835790432402,pubmed_abstracts_c4,pubmed_abstracts,63.357404096100105,64.65609086107253,62.853713322847405,0.031137345014322193,62.31632370449055,63.12831161561229,0.8119879111217401,C4_SENSITIVITY_ONLY
A4_A5_train_1m,train,1m,True,85,0.0,54.53763082025139,53.84227875849193,54.85939406267602,pubmed_abstracts_c4,pubmed_abstracts,63.357404096100105,64.65609086107253,54.53763082025139,0.0,53.84227875849193,54.85939406267602,1.0171153041840881,C4_SENSITIVITY_ONLY
A4_A5_train_1m,train,1m,True,86,0.002004008016032,59.041754499852985,55.8783200293734,62.063542891118,pubmed_abstracts_c4,pubmed_abstracts,63.357404096100105,64.65609086107253,59.0443570785403,0.0026025786873162815,55.8783200293734,62.0668823755034,6.188562346129999,C4_SENSITIVITY_ONLY
A4_A5_train_1m,train,1m,True,87,0.1558441558441558,60.49919230436824,59.6154045967514,61.03129981876867,pubmed_abstracts_c4,pubmed_abstracts,63.357404096100105,64.65609086107253,60.70158504696135,0.2023927425931049,59.6154045967514,61.29099894214245,1.6755943453910547,C4_SENSITIVITY_ONLY
A4_A5_train_1m,train,1m,True,88,0.045,62.6164108978097,61.99347233750154,63.4533756278728,pubmed_abstracts_c4,pubmed_abstracts,63.357404096100105,64.65609086107253,62.67485180223346,0.05844090442376171,61.99347233750154,63.52836374974698,1.5348914122454431,C4_SENSITIVITY_ONLY
A4_A5_train_1m,train,1m,True,89,0.0,60.04851587360727,58.410778633696566,61.9822788438838,pubmed_abstracts_c4,pubmed_abstracts,63.357404096100105,64.65609086107253,60.04851587360727,0.0,58.410778633696566,61.9822788438838,3.5715002101872315,C4_SENSITIVITY_ONLY
A4_A5_train_1m,train,1m,True,90,0.014014014014014,62.36628625452937,62.15565912522413,62.60976210274515,pubmed_abstracts_c4,pubmed_abstracts,63.357404096100105,64.65609086107253,62.38448606905351,0.01819981452413799,62.15565912522413,62.63311509365247,0.4774559684283375,C4_SENSITIVITY_ONLY
A4_A5_train_1m,train,1m,True,91,0.4524524524524524,62.121205157276194,60.86902149644442,62.74384727841365,pubmed_abstracts_c4,pubmed_abstracts,63.357404096100105,64.65609086107253,62.70879916905551,0.5875940117793164,60.86902149644442,63.4978152705642,2.628793774119785,C4_SENSITIVITY_ONLY
A4_A5_train_1m,train,1m,True,92,0.008008008008008,58.973381637864605,57.24688322733956,60.17733747210534,pubmed_abstracts_c4,pubmed_abstracts,63.357404096100105,64.65609086107253,58.9837815318784,0.010399894013794153,57.24688322733956,60.190682038338096,2.943798810998537,C4_SENSITIVITY_ONLY
A4_A5_train_1m,train,1m,True,93,0.0,56.110284154891005,54.40181399825443,58.32214144588423,pubmed_abstracts_c4,pubmed_abstracts,63.357404096100105,64.65609086107253,56.110284154891005,0.0,54.40181399825443,58.32214144588423,3.920327447629795,C4_SENSITIVITY_ONLY
A4_A5_train_1m,train,1m,True,94,0.149,56.533655692573696,55.73111426220196,56.9123781557314,pubmed_abstracts_c4,pubmed_abstracts,63.357404096100105,64.65609086107253,56.727160020554585,0.19350432798088946,55.73111426220196,57.16067215927035,1.4295578970683849,C4_SENSITIVITY_ONLY
A4_A5_train_1m,train,1m,True,95,0.003003003003003,60.67650190637408,59.45623663471214,61.959686028046285,pubmed_abstracts_c4,pubmed_abstracts,63.357404096100105,64.65609086107253,60.68040186662925,0.003899960255175472,59.45623663471214,61.96469024038357,2.508453605671427,C4_SENSITIVITY_ONLY
A4_A5_train_1m,train,1m,True,96,0.2692692692692692,62.22594337326871,61.33019361696584,62.7710493954669,pubmed_abstracts_c4,pubmed_abstracts,63.357404096100105,64.65609086107253,62.57563980948251,0.3496964362137973,61.33019361696584,63.219760435043234,1.889566818077391,C4_SENSITIVITY_ONLY
A4_A5_train_1m,train,1m,True,97,0.1147704590818363,62.39521268344426,61.39053477655389,63.09159317462351,pubmed_abstracts_c4,pubmed_abstracts,63.357404096100105,64.65609086107253,62.54426355966365,0.14905087621939117,61.39053477655389,63.282846978472044,1.892312201918152,C4_SENSITIVITY_ONLY
A4_A5_train_1m,train,1m,True,98,0.0,61.19314082426284,60.12629244008012,62.22283296147302,pubmed_abstracts_c4,pubmed_abstracts,63.357404096100105,64.65609086107253,61.19314082426284,0.0,60.12629244008012,62.22283296147302,2.096540521392896,C4_SENSITIVITY_ONLY
A4_A5_train_1m,train,1m,True,99,0.0239760239760239,61.46256354364893,60.87533671360598,61.91692842022138,pubmed_abstracts_c4,pubmed_abstracts,63.357404096100105,64.65609086107253,61.493700888663255,0.031137345014322193,60.87533671360598,61.95688213150965,1.0815454179036692,C4_SENSITIVITY_ONLY
A4_A5_train_1m,train,1m,True,100,0.0,61.27991055723218,60.38560024342749,62.0174164359185,pubmed_abstracts_c4,pubmed_abstracts,63.357404096100105,64.65609086107253,61.27991055723218,0.0,60.38560024342749,62.0174164359185,1.6318161924910086,C4_SENSITIVITY_ONLY
A4_A5_train_1m,train,1m,True,101,0.5124875124875125,63.05743639362379,61.4124752427639,64.29791580017684,pubmed_abstracts_c4,pubmed_abstracts,63.357404096100105,64.65609086107253,63.72299714330496,0.6655607496811697,61.4124752427639,65.15192637896368,3.739451136199783,C4_SENSITIVITY_ONLY
A4_A5_train_1m,train,1m,True,102,0.007,60.516715735793625,58.28505327658034,62.53964080777397,pubmed_abstracts_c4,pubmed_abstracts,63.357404096100105,64.65609086107253,60.525806543148434,0.009090807354809272,58.28505327658034,62.55130562673217,4.266252350151831,C4_SENSITIVITY_ONLY
A4_A5_train_1m,train,1m,True,103,0.0,63.263572085741785,61.12807385592117,64.20129831597596,pubmed_abstracts_c4,pubmed_abstracts,63.357404096100105,64.65609086107253,63.263572085741785,0.0,61.12807385592117,64.20129831597596,3.0732244600547887,C4_SENSITIVITY_ONLY
A4_A5_train_1m,train,1m,True,104,0.0,57.93775820904112,57.86171933984805,57.99931052235926,pubmed_abstracts_c4,pubmed_abstracts,63.357404096100105,64.65609086107253,57.93775820904112,0.0,57.86171933984805,57.99931052235926,0.1375911825112084,C4_SENSITIVITY_ONLY
A4_A5_train_1m,train,1m,True,105,0.0359640359640359,61.34253794029104,59.77079473449617,62.94181191057508,pubmed_abstracts_c4,pubmed_abstracts,63.357404096100105,64.65609086107253,61.389243957812525,0.04670601752148684,59.77079473449617,63.00174247750749,3.2309477430113205,C4_SENSITIVITY_ONLY
A4_A5_train_1m,train,1m,True,106,0.2662662662662662,61.45493511142293,59.923821236007946,62.79561677663608,pubmed_abstracts_c4,pubmed_abstracts,63.357404096100105,64.65609086107253,61.80073158738155,0.34579647595862184,59.923821236007946,63.23932360387513,3.3155023678671824,C4_SENSITIVITY_ONLY
A4_A5_train_1m,train,1m,True,107,0.1958041958041958,61.73332137089404,60.30097700938294,62.47265629708748,pubmed_abstracts_c4,pubmed_abstracts,63.357404096100105,64.65609086107253,61.987609688511014,0.25428831761697523,60.30097700938294,62.798944939275046,2.4979679298921056,C4_SENSITIVITY_ONLY
A4_A5_train_1m,train,1m,True,108,0.0139860139860139,63.17807036084173,62.18192841336702,64.11532309645406,pubmed_abstracts_c4,pubmed_abstracts,63.357404096100105,64.65609086107253,63.19623381210008,0.018163451258352836,62.18192841336702,64.13862942803888,1.9567010146718644,C4_SENSITIVITY_ONLY
A4_A5_train_1m,train,1m,True,109,0.0689310689310689,60.306806135000265,58.325681833196334,63.23031640187783,pubmed_abstracts_c4,pubmed_abstracts,63.357404096100105,64.65609086107253,60.39632600191645,0.0895198669161843,58.325681833196334,63.34518332183161,5.019501488635278,C4_SENSITIVITY_ONLY
A4_A5_train_1m,train,1m,True,110,0.0,62.10816200724136,59.72439493990247,64.32529624568015,pubmed_abstracts_c4,pubmed_abstracts,63.357404096100105,64.65609086107253,62.10816200724136,0.0,59.72439493990247,64.32529624568015,4.600901305777683,C4_SENSITIVITY_ONLY
A4_A5_train_1m,train,1m,True,111,0.1861861861861861,55.1834529144771,54.72530451970694,55.37883626431199,pubmed_abstracts_c4,pubmed_abstracts,63.357404096100105,64.65609086107253,55.425250450297796,0.24179753582069452,54.72530451970694,55.68909742922351,0.9637929095165703,C4_SENSITIVITY_ONLY
A4_A5_train_1m,train,1m,True,112,0.0,61.64444201672539,58.97839529705637,64.23873199759197,pubmed_abstracts_c4,pubmed_abstracts,63.357404096100105,64.65609086107253,61.64444201672539,0.0,58.97839529705637,64.23873199759197,5.260336700535596,C4_SENSITIVITY_ONLY
A4_A5_train_1m,train,1m,True,113,0.0,61.41350158325436,61.35424631385053,61.456254662997225,pubmed_abstracts_c4,pubmed_abstracts,63.357404096100105,64.65609086107253,61.41350158325436,0.0,61.35424631385053,61.456254662997225,0.10200834914669343,C4_SENSITIVITY_ONLY
A4_A5_train_1m,train,1m,True,114,0.03003003003003,55.36106453438232,54.82211543839595,55.61617281285714,pubmed_abstracts_c4,pubmed_abstracts,63.357404096100105,64.65609086107253,55.40006413693405,0.0389996025517263,54.82211543839595,55.66621493622996,0.8440994978340157,C4_SENSITIVITY_ONLY
A4_A5_train_1m,train,1m,True,115,0.0,60.7409317144098,59.27106785118539,62.63903268451381,pubmed_abstracts_c4,pubmed_abstracts,63.357404096100105,64.65609086107253,60.7409317144098,0.0,59.27106785118539,62.63903268451381,3.367964833328415,C4_SENSITIVITY_ONLY
A4_A5_train_1m,train,1m,True,116,0.003,52.73500024665137,52.56022836211231,52.80774635340515,pubmed_abstracts_c4,pubmed_abstracts,63.357404096100105,64.65609086107253,52.73889630694629,0.0038960602949202894,52.56022836211231,52.81274556153009,0.25251719941778106,C4_SENSITIVITY_ONLY
A4_A5_train_1m,train,1m,True,117,0.0,60.14866318690353,57.81264534836957,63.79331516792056,pubmed_abstracts_c4,pubmed_abstracts,63.357404096100105,64.65609086107253,60.14866318690353,0.0,57.81264534836957,63.79331516792056,5.9806698195509895,C4_SENSITIVITY_ONLY
A4_A5_train_1m,train,1m,True,118,0.0009990009990009,60.38334886630643,60.03889683641553,60.54827488596592,pubmed_abstracts_c4,pubmed_abstracts,63.357404096100105,64.65609086107253,60.38464625568202,0.0012973893755940935,60.03889683641553,60.54993962393626,0.5110427875207293,C4_SENSITIVITY_ONLY
A4_A5_train_1m,train,1m,True,119,0.0,60.65458418851989,59.19278174724808,62.96982149856988,pubmed_abstracts_c4,pubmed_abstracts,63.357404096100105,64.65609086107253,60.65458418851989,0.0,59.19278174724808,62.96982149856988,3.7770397513218015,C4_SENSITIVITY_ONLY
A4_A5_train_1m,train,1m,True,120,0.011,52.7381936031355,52.59288542729317,52.83861082175801,pubmed_abstracts_c4,pubmed_abstracts,63.357404096100105,64.65609086107253,52.7524791575502,0.014285554414698254,52.59288542729317,52.85694125154948,0.26405582425631025,C4_SENSITIVITY_ONLY
A4_A5_train_1m,train,1m,True,121,0.0419580419580419,60.31984087755183,59.11985359279888,61.97628399237235,pubmed_abstracts_c4,pubmed_abstracts,63.357404096100105,64.65609086107253,60.3743312313269,0.054490353775065614,59.11985359279888,62.04620298712683,2.92634939432795,C4_SENSITIVITY_ONLY
A4_A5_train_1m,train,1m,True,122,0.0,58.57854327460089,57.869118882462,59.25025077419543,pubmed_abstracts_c4,pubmed_abstracts,63.357404096100105,64.65609086107253,58.57854327460089,0.0,57.869118882462,59.25025077419543,1.3811318917334319,C4_SENSITIVITY_ONLY
A4_A5_train_1m,train,1m,True,123,0.0,62.242219783360426,60.89839313009959,63.11809829681371,pubmed_abstracts_c4,pubmed_abstracts,63.357404096100105,64.65609086107253,62.242219783360426,0.0,60.89839313009959,63.11809829681371,2.219705166714121,C4_SENSITIVITY_ONLY
A4_A5_train_1m,train,1m,True,124,0.0,63.50910101460087,63.34289861961467,63.628468679523415,pubmed_abstracts_c4,pubmed_abstracts,63.357404096100105,64.65609086107253,63.50910101460087,0.0,63.34289861961467,63.628468679523415,0.28557005990874273,C4_SENSITIVITY_ONLY
A4_A5_train_1m,train,1m,True,125,0.001001001001001,62.62212795827546,60.57984601963604,63.50801660783985,pubmed_abstracts_c4,pubmed_abstracts,63.357404096100105,64.65609086107253,62.62342794502719,0.0012999867517251573,60.57984601963604,63.509684678618946,2.9298386589829093,C4_SENSITIVITY_ONLY
A4_A5_train_1m,train,1m,True,126,0.0,62.62519603926705,61.30946399427316,63.86371567714088,pubmed_abstracts_c4,pubmed_abstracts,63.357404096100105,64.65609086107253,62.62519603926705,0.0,61.30946399427316,63.86371567714088,2.554251682867722,C4_SENSITIVITY_ONLY
A4_A5_train_1m,train,1m,True,127,0.0,53.88124867155049,53.56638449550707,54.06715537810082,pubmed_abstracts_c4,pubmed_abstracts,63.357404096100105,64.65609086107253,53.88124867155049,0.0,53.56638449550707,54.06715537810082,0.5007708825937485,C4_SENSITIVITY_ONLY
A4_A5_train_1m,train,1m,True,128,0.152,61.80153107972831,59.351254004808,64.0434773608765,pubmed_abstracts_c4,pubmed_abstracts,63.357404096100105,64.65609086107253,61.99893146800412,0.19740038827580975,59.351254004808,64.29677057254038,4.945516567732383,C4_SENSITIVITY_ONLY
A4_A5_train_1m,train,1m,True,129,0.007007007007007,61.9165932495937,61.15249145299902,62.36250830468416,pubmed_abstracts_c4,pubmed_abstracts,63.357404096100105,64.65609086107253,61.92569315685577,0.009099907262068996,61.15249145299902,62.37418480013782,1.221693347138796,C4_SENSITIVITY_ONLY
A4_A5_train_1m,train,1m,True,130,0.0,60.508825707632425,60.41412068080812,60.59221293988983,pubmed_abstracts_c4,pubmed_abstracts,63.357404096100105,64.65609086107253,60.508825707632425,0.0,60.41412068080812,60.59221293988983,0.17809225908171555,C4_SENSITIVITY_ONLY
A4_A5_train_1m,train,1m,True,131,0.0,62.87769561826572,60.32974101569593,64.33570995356357,pubmed_abstracts_c4,pubmed_abstracts,63.357404096100105,64.65609086107253,62.87769561826572,0.0,60.32974101569593,64.33570995356357,4.005968937867635,C4_SENSITIVITY_ONLY
A4_A5_train_1m,train,1m,True,132,0.0,60.74489599635116,59.33887221153948,62.53198658731946,pubmed_abstracts_c4,pubmed_abstracts,63.357404096100105,64.65609086107253,60.74489599635116,0.0,59.33887221153948,62.53198658731946,3.1931143757799774,C4_SENSITIVITY_ONLY
A4_A5_train_1m,train,1m,True,133,0.1673346693386773,61.14270216627013,57.93175748049527,63.999199026238,pubmed_abstracts_c4,pubmed_abstracts,63.357404096100105,64.65609086107253,61.36001748666131,0.2173153203911795,57.93175748049527,64.27804597241898,6.346288491923708,C4_SENSITIVITY_ONLY
A4_A5_train_1m,train,1m,True,134,0.033,62.09568810458024,60.35852183111883,63.01287873679726,pubmed_abstracts_c4,pubmed_abstracts,63.357404096100105,64.65609086107253,62.13854476782433,0.042856663244087656,60.35852183111883,63.06787002617166,2.709348195052833,C4_SENSITIVITY_ONLY
A4_A5_train_1m,train,1m,True,135,0.02002002002002,62.9214630128317,62.25686916837422,63.29215889829504,pubmed_abstracts_c4,pubmed_abstracts,63.357404096100105,64.65609086107253,62.94746274786618,0.02599973503448183,62.25686916837422,63.32552031387693,1.068651145502706,C4_SENSITIVITY_ONLY
A4_A5_train_1m,train,1m,True,136,0.001001001001001,60.85468816542876,59.63710321354278,61.50796638635561,pubmed_abstracts_c4,pubmed_abstracts,63.357404096100105,64.65609086107253,60.85598815218049,0.0012999867517251573,59.63710321354278,61.50963445713471,1.8725312435919292,C4_SENSITIVITY_ONLY
A4_A5_train_1m,train,1m,True,137,0.0,62.660535469012366,62.21626515211192,63.00838630029248,pubmed_abstracts_c4,pubmed_abstracts,63.357404096100105,64.65609086107253,62.660535469012366,0.0,62.21626515211192,63.00838630029248,0.7921211481805557,C4_SENSITIVITY_ONLY
A4_A5_train_1m,train,1m,True,138,0.0,54.5260352227115,54.41607858907864,54.58008468792191,pubmed_abstracts_c4,pubmed_abstracts,63.357404096100105,64.65609086107253,54.5260352227115,0.0,54.41607858907864,54.58008468792191,0.16400609884327366,C4_SENSITIVITY_ONLY
A4_A5_train_1m,train,1m,True,139,0.057,61.11753276275533,60.09452118738336,62.10397868774248,pubmed_abstracts_c4,pubmed_abstracts,63.357404096100105,64.65609086107253,61.19155790835876,0.07402514560342865,60.09452118738336,62.19896364211644,2.104442454733082,C4_SENSITIVITY_ONLY
A4_A5_train_1m,train,1m,True,140,0.0019980019980019,62.04100859213905,60.54552980785288,62.732414712876015,pubmed_abstracts_c4,pubmed_abstracts,63.357404096100105,64.65609086107253,62.043603370890246,0.0025947787511952924,60.54552980785288,62.7357441888167,2.1902143809638233,C4_SENSITIVITY_ONLY
A4_A5_train_1m,train,1m,True,141,0.107,60.52716220859045,57.40967666849584,63.248377811344,pubmed_abstracts_c4,pubmed_abstracts,63.357404096100105,64.65609086107253,60.666121692442495,0.13895948385204804,57.40967666849584,63.42668290113371,6.017006232637868,C4_SENSITIVITY_ONLY
A4_A5_train_1m,train,1m,True,142,0.0571142284569138,60.80885782641517,58.8988533742321,62.43610085346111,pubmed_abstracts_c4,pubmed_abstracts,63.357404096100105,64.65609086107253,60.88303131900378,0.0741734925886064,58.8988533742321,62.53127615844504,3.6324227842129417,C4_SENSITIVITY_ONLY
A4_A5_train_1m,train,1m,True,143,0.069069069069069,59.41875886751608,58.28129943332981,60.37936803619126,pubmed_abstracts_c4,pubmed_abstracts,63.357404096100105,64.65609086107253,59.50845795338505,0.0896990858689648,58.28129943332981,60.494464919948754,2.213165486618948,C4_SENSITIVITY_ONLY
A4_A5_train_1m,train,1m,True,144,0.0891783567134268,61.7696309303889,59.95252412228508,63.06382668372875,pubmed_abstracts_c4,pubmed_abstracts,63.357404096100105,64.65609086107253,61.885445681974616,0.11581475158571664,59.95252412228508,63.21243373887909,3.2599096165940153,C4_SENSITIVITY_ONLY
A4_A5_train_1m,train,1m,True,145,0.003003003003003,63.111199699554966,61.100906920424926,63.98276347647437,pubmed_abstracts_c4,pubmed_abstracts,63.357404096100105,64.65609086107253,63.11509965981014,0.003899960255175472,61.100906920424926,63.98776768881165,2.8868607683867253,C4_SENSITIVITY_ONLY
A4_A5_train_1m,train,1m,True,146,0.0,62.68637747971489,62.32835441411592,62.914918005167145,pubmed_abstracts_c4,pubmed_abstracts,63.357404096100105,64.65609086107253,62.68637747971489,0.0,62.32835441411592,62.914918005167145,0.5865635910512239,C4_SENSITIVITY_ONLY
A4_A5_train_1m,train,1m,True,147,0.003,61.65321692559572,59.39293475601423,63.20727227200523,pubmed_abstracts_c4,pubmed_abstracts,63.357404096100105,64.65609086107253,61.65711298589064,0.0038960602949202894,59.39293475601423,63.21227148013017,3.819336724115942,C4_SENSITIVITY_ONLY
A4_A5_train_1m,train,1m,True,148,0.0,59.45329440892539,58.69483492506895,59.95808668845979,pubmed_abstracts_c4,pubmed_abstracts,63.357404096100105,64.65609086107253,59.45329440892539,0.0,58.69483492506895,59.95808668845979,1.2632517633908336,C4_SENSITIVITY_ONLY
A4_A5_train_1m,train,1m,True,149,0.0,62.59791004701837,61.16080025533425,63.624708696212736,pubmed_abstracts_c4,pubmed_abstracts,63.357404096100105,64.65609086107253,62.59791004701837,0.0,61.16080025533425,63.624708696212736,2.463908440878484,C4_SENSITIVITY_ONLY
A4_A5_train_1m,train,1m,True,150,0.183,60.36421798792109,57.24386483986398,64.33570995356358,pubmed_abstracts_c4,pubmed_abstracts,63.357404096100105,64.65609086107253,60.60187766591104,0.2376596779899529,57.24386483986398,64.64066164918523,7.396796809321252,C4_SENSITIVITY_ONLY
A4_A5_train_1m,train,1m,True,151,0.1991991991991991,61.73995223922206,59.862176600099545,63.293673111574535,pubmed_abstracts_c4,pubmed_abstracts,63.357404096100105,64.65609086107253,61.99864960281517,0.25869736359310735,59.862176600099545,63.625619196614274,3.7634425965147287,C4_SENSITIVITY_ONLY
A4_A5_train_1m,train,1m,True,152,0.0,60.845560246887246,58.3343051978764,63.264743059472536,pubmed_abstracts_c4,pubmed_abstracts,63.357404096100105,64.65609086107253,60.845560246887246,0.0,58.3343051978764,63.264743059472536,4.93043786159614,C4_SENSITIVITY_ONLY
A4_A5_train_1m,train,1m,True,153,0.089,60.40937787436869,57.35233950414306,63.4603060915107,pubmed_abstracts_c4,pubmed_abstracts,63.357404096100105,64.65609086107253,60.524960996451235,0.11558312208254762,57.35233950414306,63.60861593255074,6.256276428407681,C4_SENSITIVITY_ONLY
A4_A5_train_1m,train,1m,True,154,0.0,59.63449350344226,57.95880193241867,61.77338050864427,pubmed_abstracts_c4,pubmed_abstracts,63.357404096100105,64.65609086107253,59.63449350344226,0.0,57.95880193241867,61.77338050864427,3.8145785762255997,C4_SENSITIVITY_ONLY
A4_A5_train_1m,train,1m,True,155,0.4724724724724724,60.97551891664652,59.497050253512086,61.75269822550513,pubmed_abstracts_c4,pubmed_abstracts,63.357404096100105,64.65609086107253,61.58911266346032,0.6135937468137982,59.497050253512086,62.54002763323757,3.0429773797254853,C4_SENSITIVITY_ONLY
A4_A5_train_1m,train,1m,True,156,0.0,60.09684665438842,57.96691067566599,62.36629454081026,pubmed_abstracts_c4,pubmed_abstracts,63.357404096100105,64.65609086107253,60.09684665438842,0.0,57.96691067566599,62.36629454081026,4.399383865144266,C4_SENSITIVITY_ONLY
A4_A5_train_1m,train,1m,True,157,0.1558441558441558,59.21117331707816,58.432917139267225,59.65921823690584,pubmed_abstracts_c4,pubmed_abstracts,63.357404096100105,64.65609086107253,59.41356605967127,0.2023927425931049,58.432917139267225,59.91891736027962,1.4860002210123966,C4_SENSITIVITY_ONLY
A4_A5_train_1m,train,1m,True,158,0.0,52.83679746382847,52.81395134265465,52.84906082566084,pubmed_abstracts_c4,pubmed_abstracts,63.357404096100105,64.65609086107253,52.83679746382847,0.0,52.81395134265465,52.84906082566084,0.03510948300619532,C4_SENSITIVITY_ONLY
A4_A5_train_1m,train,1m,True,159,0.068068068068068,62.22553930266097,61.970985474606735,62.34653836131068,pubmed_abstracts_c4,pubmed_abstracts,63.357404096100105,64.65609086107253,62.31393840177821,0.08839909911723964,61.970985474606735,62.45996717428908,0.4889816996823484,C4_SENSITIVITY_ONLY
A4_A5_train_1m,train,1m,True,160,0.002002002002002,60.62466045152656,60.29602967729023,60.9550107021375,pubmed_abstracts_c4,pubmed_abstracts,63.357404096100105,64.65609086107253,60.62726042503001,0.0025999735034503146,60.29602967729023,60.958346843695686,0.6623171664054581,C4_SENSITIVITY_ONLY
A4_A5_train_1m,train,1m,True,161,0.0,59.41182584544244,56.66114011070411,63.741199523000056,pubmed_abstracts_c4,pubmed_abstracts,63.357404096100105,64.65609086107253,59.41182584544244,0.0,56.66114011070411,63.741199523000056,7.080059412295945,C4_SENSITIVITY_ONLY
A4_A5_train_1m,train,1m,True,162,0.149,58.24092759134412,57.58128460892195,58.701631143784766,pubmed_abstracts_c4,pubmed_abstracts,63.357404096100105,64.65609086107253,58.43443191932501,0.19350432798088946,57.58128460892195,58.94992514732371,1.3686405384017633,C4_SENSITIVITY_ONLY
A4_A5_train_1m,train,1m,True,163,0.3543543543543543,61.925761779031234,60.8228223998011,62.504727311960366,pubmed_abstracts_c4,pubmed_abstracts,63.357404096100105,64.65609086107253,62.385957089141584,0.4601953101103504,60.8228223998011,63.0952243677597,2.2724019679586007,C4_SENSITIVITY_ONLY
A4_A5_train_1m,train,1m,True,164,0.001001001001001,62.53095059953566,62.37188414100508,62.7275286462718,pubmed_abstracts_c4,pubmed_abstracts,63.357404096100105,64.65609086107253,62.53225058628738,0.0012999867517251573,62.37188414100508,62.7291967170509,0.357312576045814,C4_SENSITIVITY_ONLY
A4_A5_train_1m,train,1m,True,165,0.0,58.21926506748621,56.62639894318069,59.41801130131382,pubmed_abstracts_c4,pubmed_abstracts,63.357404096100105,64.65609086107253,58.21926506748621,0.0,56.62639894318069,59.41801130131382,2.791612358133129,C4_SENSITIVITY_ONLY
A4_A5_train_1m,train,1m,True,166,0.0,56.44175777041005,56.02822732983912,56.75154269040368,pubmed_abstracts_c4,pubmed_abstracts,63.357404096100105,64.65609086107253,56.44175777041005,0.0,56.02822732983912,56.75154269040368,0.7233153605645626,C4_SENSITIVITY_ONLY
A4_A5_train_1m,train,1m,True,167,0.0,61.74528718574618,59.97056409510196,63.226771286039664,pubmed_abstracts_c4,pubmed_abstracts,63.357404096100105,64.65609086107253,61.74528718574618,0.0,59.97056409510196,63.226771286039664,3.256207190937701,C4_SENSITIVITY_ONLY
A4_A5_train_1m,train,1m,True,168,0.014014014014014,61.2537986557392,60.98555910676773,61.32666288921792,pubmed_abstracts_c4,pubmed_abstracts,63.357404096100105,64.65609086107253,61.27199847026334,0.01819981452413799,60.98555910676773,61.35001588012524,0.36445677335751014,C4_SENSITIVITY_ONLY
A4_A5_train_1m,train,1m,True,169,0.0,60.929680822008,60.788294445058135,60.965027416245455,pubmed_abstracts_c4,pubmed_abstracts,63.357404096100105,64.65609086107253,60.929680822008,0.0,60.788294445058135,60.965027416245455,0.17673297118732023,C4_SENSITIVITY_ONLY
A4_A5_train_1m,train,1m,True,170,0.0768463073852295,61.35127682220057,59.35307464006274,63.22210123552238,pubmed_abstracts_c4,pubmed_abstracts,63.357404096100105,64.65609086107253,61.45107610453877,0.09979928233820345,59.35307464006274,63.35015813027314,3.9970834902104,C4_SENSITIVITY_ONLY
A4_A5_train_1m,train,1m,True,171,0.0,61.7573013377504,61.44412340779352,62.04317687302088,pubmed_abstracts_c4,pubmed_abstracts,63.357404096100105,64.65609086107253,61.7573013377504,0.0,61.44412340779352,62.04317687302088,0.5990534652273638,C4_SENSITIVITY_ONLY
A4_A5_train_1m,train,1m,True,172,0.0219780219780219,59.84550077782655,58.62210569503791,60.59762002829388,pubmed_abstracts_c4,pubmed_abstracts,63.357404096100105,64.65609086107253,59.87404334408968,0.0285425662631269,58.62210569503791,60.63424426364146,2.012138568603554,C4_SENSITIVITY_ONLY
A4_A5_train_1m,train,1m,True,173,0.5638722554890219,62.88035665453548,60.81407630222803,63.91550930863615,pubmed_abstracts_c4,pubmed_abstracts,63.357404096100105,64.65609086107253,63.61265008987422,0.7322934353387396,60.81407630222803,64.85514756232678,4.041071260098747,C4_SENSITIVITY_ONLY
A4_A5_train_1m,train,1m,True,174,0.1911911911911911,58.32516331447762,56.929721423854375,58.973321124077934,pubmed_abstracts_c4,pubmed_abstracts,63.357404096100105,64.65609086107253,58.573460784056934,0.2482974695793132,56.929721423854375,59.29192264288492,2.3622012190305455,C4_SENSITIVITY_ONLY
A4_A5_train_1m,train,1m,True,175,0.004,61.69081845438448,61.18927482465182,61.93809084199689,pubmed_abstracts_c4,pubmed_abstracts,63.357404096100105,64.65609086107253,61.696013201444366,0.005194747059888982,61.18927482465182,61.94475645283015,0.7554816281783303,C4_SENSITIVITY_ONLY
A4_A5_train_1m,train,1m,True,176,0.0,54.51897089773956,54.03475213038064,54.739807831769646,pubmed_abstracts_c4,pubmed_abstracts,63.357404096100105,64.65609086107253,54.51897089773956,0.0,54.03475213038064,54.739807831769646,0.7050557013890071,C4_SENSITIVITY_ONLY
A4_A5_train_1m,train,1m,True,177,0.097,61.555594793428256,60.74637924366776,62.177923683562256,pubmed_abstracts_c4,pubmed_abstracts,63.357404096100105,64.65609086107253,61.68156740963058,0.12597261620232558,60.74637924366776,62.33956474626881,1.5931855026010524,C4_SENSITIVITY_ONLY
A4_A5_train_1m,train,1m,True,178,0.0069930069930069,52.401380354175046,52.38560065364585,52.40822165387759,pubmed_abstracts_c4,pubmed_abstracts,63.357404096100105,64.65609086107253,52.410462079804226,0.00908172562917997,52.38560065364585,52.41987481967,0.034274166024147235,C4_SENSITIVITY_ONLY
A4_A5_train_1m,train,1m,True,179,0.0190380761523046,57.06944840806054,55.93708932280998,58.14021255395519,pubmed_abstracts_c4,pubmed_abstracts,63.357404096100105,64.65609086107253,57.09417290559007,0.024724497529533096,55.93708932280998,58.171937655616496,2.2348483328065143,C4_SENSITIVITY_ONLY
A4_A5_train_1m,train,1m,True,180,0.2372372372372372,62.70065330330496,61.19656239227215,63.35309774769791,pubmed_abstracts_c4,pubmed_abstracts,63.357404096100105,64.65609086107253,63.00875016346358,0.3080968601586207,61.19656239227215,63.74843052234323,2.551868130071078,C4_SENSITIVITY_ONLY
A4_A5_train_1m,train,1m,True,181,0.034034034034034,62.44748470231328,60.72360849178772,63.36237834112385,pubmed_abstracts_c4,pubmed_abstracts,63.357404096100105,64.65609086107253,62.4916842518719,0.04419954955861982,60.72360849178772,63.41909274761305,2.6954842558253276,C4_SENSITIVITY_ONLY
A4_A5_train_1m,train,1m,True,182,0.0529470529470529,61.75390948440783,60.77477589190766,62.3375672425725,pubmed_abstracts_c4,pubmed_abstracts,63.357404096100105,64.65609086107253,61.82267112131446,0.06876163690662906,60.77477589190766,62.425798355000765,1.6510224630931063,C4_SENSITIVITY_ONLY
A4_A5_train_1m,train,1m,True,183,0.0,62.70572512778708,62.64481099167993,62.72625056220204,pubmed_abstracts_c4,pubmed_abstracts,63.357404096100105,64.65609086107253,62.70572512778708,0.0,62.64481099167993,62.72625056220204,0.08143957052210737,C4_SENSITIVITY_ONLY
A4_A5_train_1m,train,1m,True,184,0.0,62.64886484593067,62.49187279383139,62.77689947977362,pubmed_abstracts_c4,pubmed_abstracts,63.357404096100105,64.65609086107253,62.64886484593067,0.0,62.49187279383139,62.77689947977362,0.2850266859422277,C4_SENSITIVITY_ONLY
A4_A5_train_1m,train,1m,True,185,0.0,60.0940986972051,57.84669531429423,63.19606830515011,pubmed_abstracts_c4,pubmed_abstracts,63.357404096100105,64.65609086107253,60.0940986972051,0.0,57.84669531429423,63.19606830515011,5.349372990855883,C4_SENSITIVITY_ONLY
A4_A5_train_1m,train,1m,True,186,0.0189620758483033,63.04179332968926,62.17796423168226,63.70542371407976,pubmed_abstracts_c4,pubmed_abstracts,63.357404096100105,64.65609086107253,63.06641912662986,0.02462579694059741,62.17796423168226,63.73702216862865,1.5590579369463882,C4_SENSITIVITY_ONLY
A4_A5_train_1m,train,1m,True,187,0.0,63.855141109226,63.61093449222522,64.0183112688827,pubmed_abstracts_c4,pubmed_abstracts,63.357404096100105,64.65609086107253,63.855141109226,0.0,63.61093449222522,64.0183112688827,0.40737677665747896,C4_SENSITIVITY_ONLY
A4_A5_train_1m,train,1m,True,188,0.009,63.1495388242898,62.79858324262097,63.45030386023854,pubmed_abstracts_c4,pubmed_abstracts,63.357404096100105,64.65609086107253,63.16122700517455,0.011688180884753763,62.79858324262097,63.46530148461338,0.666718241992406,C4_SENSITIVITY_ONLY
A4_A5_train_1m,train,1m,True,189,0.0,61.37479090184995,61.10774015902591,61.56721801928165,pubmed_abstracts_c4,pubmed_abstracts,63.357404096100105,64.65609086107253,61.37479090184995,0.0,61.10774015902591,61.56721801928165,0.45947786025573834,C4_SENSITIVITY_ONLY
A4_A5_train_1m,train,1m,True,190,0.018018018018018,60.716206333842656,59.8274475638216,61.33875441063015,pubmed_abstracts_c4,pubmed_abstracts,63.357404096100105,64.65609086107253,60.73960609537369,0.023399761531031515,59.8274475638216,61.368779684653845,1.5413321208322444,C4_SENSITIVITY_ONLY
A4_A5_train_1m,train,1m,True,191,0.2062062062062062,60.72788610613498,57.89023743614318,64.20515725928321,pubmed_abstracts_c4,pubmed_abstracts,63.357404096100105,64.65609086107253,60.99568337699016,0.26779727085517635,57.89023743614318,64.54877983977661,6.658542403633433,C4_SENSITIVITY_ONLY
A4_A5_train_1m,train,1m,True,192,0.02,59.09984992402151,56.33000328125355,62.43068572484167,pubmed_abstracts_c4,pubmed_abstracts,63.357404096100105,64.65609086107253,59.12582365932096,0.02597373529944491,56.33000328125355,62.46401377900798,6.134010497754424,C4_SENSITIVITY_ONLY
A4_A5_train_1m,train,1m,True,193,0.18,58.35125680590839,57.94283081711117,58.528330166109264,pubmed_abstracts_c4,pubmed_abstracts,63.357404096100105,64.65609086107253,58.585020423603424,0.23376361769503262,57.94283081711117,58.828282653605974,0.8854518364948021,C4_SENSITIVITY_ONLY
A4_A5_train_1m,train,1m,True,194,0.3203203203203203,58.74158826033474,58.01648022387072,59.05589140869304,pubmed_abstracts_c4,pubmed_abstracts,63.357404096100105,64.65609086107253,59.15758402088647,0.4159957605517306,58.01648022387072,59.589674058003176,1.5731938341324536,C4_SENSITIVITY_ONLY
A4_A5_train_1m,train,1m,True,195,0.5384615384615384,61.54162885251749,59.64290484790693,62.86221972343221,pubmed_abstracts_c4,pubmed_abstracts,63.357404096100105,64.65609086107253,62.24092172596418,0.6992928734466872,59.64290484790693,63.75951348944801,4.1166086415410845,C4_SENSITIVITY_ONLY
A4_A5_train_1m,train,1m,True,196,0.0859140859140858,62.42901080706015,62.09017261452189,62.60101356250909,pubmed_abstracts_c4,pubmed_abstracts,63.357404096100105,64.65609086107253,62.54058629336148,0.11157548630132652,62.09017261452189,62.74418102795873,0.6540084134368414,C4_SENSITIVITY_ONLY
A4_A5_train_1m,train,1m,True,197,0.0,62.748378669899246,62.151925448908784,63.50959884258216,pubmed_abstracts_c4,pubmed_abstracts,63.357404096100105,64.65609086107253,62.748378669899246,0.0,62.151925448908784,63.50959884258216,1.3576733936733731,C4_SENSITIVITY_ONLY
A4_A5_train_1m,train,1m,True,198,0.0,62.59551588725456,60.59424084719852,63.762621349042455,pubmed_abstracts_c4,pubmed_abstracts,63.357404096100105,64.65609086107253,62.59551588725456,0.0,60.59424084719852,63.762621349042455,3.1683805018439344,C4_SENSITIVITY_ONLY
A4_A5_train_1m,train,1m,True,199,0.006,59.60753072869552,59.57302700579379,59.63395177135648,pubmed_abstracts_c4,pubmed_abstracts,63.357404096100105,64.65609086107253,59.615322849285356,0.007792120589833473,59.57302700579379,59.64395018760637,0.0709231818125815,C4_SENSITIVITY_ONLY
A4_A5_train_1m,train,1m,True,200,0.0,62.78464082036376,61.20483674630523,63.77113427534727,pubmed_abstracts_c4,pubmed_abstracts,63.357404096100105,64.65609086107253,62.78464082036376,0.0,61.20483674630523,63.77113427534727,2.566297529042039,C4_SENSITIVITY_ONLY
A4_A5_train_1m,train,1m,True,201,0.4634634634634634,60.961913867237584,58.91371926251614,62.397707423322345,pubmed_abstracts_c4,pubmed_abstracts,63.357404096100105,64.65609086107253,61.56380773328586,0.6018938660482789,58.91371926251614,63.17002419404294,4.256304931526799,C4_SENSITIVITY_ONLY
A4_A5_train_1m,train,1m,True,202,0.271,58.70034290910336,57.97809727386276,59.05147440221935,pubmed_abstracts_c4,pubmed_abstracts,63.357404096100105,64.65609086107253,59.05228702241089,0.35194411330752473,57.97809727386276,59.50306953617273,1.5249722623099728,C4_SENSITIVITY_ONLY
A4_A5_train_1m,train,1m,True,203,0.051051051051051,64.26950835519622,64.15257788067947,64.32095601653856,pubmed_abstracts_c4,pubmed_abstracts,63.357404096100105,64.65609086107253,64.33580767953416,0.06629932433793329,64.15257788067947,64.40602762627236,0.2534497455928886,C4_SENSITIVITY_ONLY
A4_A5_train_1m,train,1m,True,204,0.0,59.320313837852986,58.55547180253855,60.05626494573541,pubmed_abstracts_c4,pubmed_abstracts,63.357404096100105,64.65609086107253,59.320313837852986,0.0,58.55547180253855,60.05626494573541,1.5007931431968586,C4_SENSITIVITY_ONLY
A4_A5_train_1m,train,1m,True,205,0.0,59.57737450019988,56.55463583061362,64.0122638603645,pubmed_abstracts_c4,pubmed_abstracts,63.357404096100105,64.65609086107253,59.57737450019988,0.0,56.55463583061362,64.0122638603645,7.457628029750879,C4_SENSITIVITY_ONLY
A4_A5_train_1m,train,1m,True,206,0.0,60.240641951570254,58.02919798041038,63.43239818025725,pubmed_abstracts_c4,pubmed_abstracts,63.357404096100105,64.65609086107253,60.240641951570254,0.0,58.02919798041038,63.43239818025725,5.4032001998468715,C4_SENSITIVITY_ONLY
A4_A5_train_1m,train,1m,True,207,0.393,61.25984738174034,58.64081840391795,64.22376457057354,pubmed_abstracts_c4,pubmed_abstracts,63.357404096100105,64.65609086107253,61.7702312803745,0.51038389863416,58.64081840391795,64.87866083494136,6.2378424310234095,C4_SENSITIVITY_ONLY
A4_A5_train_1m,train,1m,True,208,0.0,62.116738469008325,61.74022872412959,62.36234581749412,pubmed_abstracts_c4,pubmed_abstracts,63.357404096100105,64.65609086107253,62.116738469008325,0.0,61.74022872412959,62.36234581749412,0.6221170933645368,C4_SENSITIVITY_ONLY
A4_A5_train_1m,train,1m,True,209,0.0,62.4699256172634,60.578942355625415,64.27119480048837,pubmed_abstracts_c4,pubmed_abstracts,63.357404096100105,64.65609086107253,62.4699256172634,0.0,60.578942355625415,64.27119480048837,3.692252444862959,C4_SENSITIVITY_ONLY
A4_A5_train_1m,train,1m,True,210,0.0,62.39824138037565,60.99283334390358,64.03935370891149,pubmed_abstracts_c4,pubmed_abstracts,63.357404096100105,64.65609086107253,62.39824138037565,0.0,60.99283334390358,64.03935370891149,3.0465203650079147,C4_SENSITIVITY_ONLY
A4_A5_train_1m,train,1m,True,211,0.001001001001001,62.46189726373469,60.456728364493976,63.87838740884965,pubmed_abstracts_c4,pubmed_abstracts,63.357404096100105,64.65609086107253,62.46319725048642,0.0012999867517251573,60.456728364493976,63.880055479628744,3.423327115134768,C4_SENSITIVITY_ONLY
A4_A5_train_1m,train,1m,True,212,0.0249750249750249,60.96251265368407,60.5334459513324,61.14995713298327,pubmed_abstracts_c4,pubmed_abstracts,63.357404096100105,64.65609086107253,60.994947388073996,0.03243473438992339,60.5334459513324,61.19157558224189,0.6581296309094853,C4_SENSITIVITY_ONLY
A4_A5_train_1m,train,1m,True,213,0.0,61.05104687968401,58.87191920500575,63.16189120198743,pubmed_abstracts_c4,pubmed_abstracts,63.357404096100105,64.65609086107253,61.05104687968401,0.0,58.87191920500575,63.16189120198743,4.289971996981677,C4_SENSITIVITY_ONLY
A4_A5_train_1m,train,1m,True,214,0.0869999999999999,60.33281059443717,60.002281290461056,60.51884325701971,pubmed_abstracts_c4,pubmed_abstracts,63.357404096100105,64.65609086107253,60.44579634298977,0.11298574855260313,60.002281290461056,60.66382029264312,0.6615390021820673,C4_SENSITIVITY_ONLY
A4_A5_train_1m,train,1m,True,215,0.0,58.13476955164084,57.801998603603536,58.29929908125125,pubmed_abstracts_c4,pubmed_abstracts,63.357404096100105,64.65609086107253,58.13476955164084,0.0,57.801998603603536,58.29929908125125,0.49730047764771257,C4_SENSITIVITY_ONLY
A4_A5_train_1m,train,1m,True,216,0.0089910089910089,62.196534398151,61.15141039983563,63.159399375857845,pubmed_abstracts_c4,pubmed_abstracts,63.357404096100105,64.65609086107253,62.20821090253137,0.011676504380368158,61.15141039983563,63.17438201759095,2.022971617755317,C4_SENSITIVITY_ONLY
A4_A5_train_1m,train,1m,True,217,0.0,62.87898588204282,62.76543666834559,63.006229163055984,pubmed_abstracts_c4,pubmed_abstracts,63.357404096100105,64.65609086107253,62.87898588204282,0.0,62.76543666834559,63.006229163055984,0.24079249471039077,C4_SENSITIVITY_ONLY
A4_A5_train_1m,train,1m,True,218,0.017,62.056507435654645,61.000927770298375,62.64629702920509,pubmed_abstracts_c4,pubmed_abstracts,63.357404096100105,64.65609086107253,62.078585110659176,0.022077675004531727,61.000927770298375,62.67462587524644,1.6736981049480661,C4_SENSITIVITY_ONLY
A4_A5_train_1m,train,1m,True,219,0.088,59.57643827388415,58.0385938667641,60.28852728054634,pubmed_abstracts_c4,pubmed_abstracts,63.357404096100105,64.65609086107253,59.69072270920172,0.11428443531757182,58.0385938667641,60.43517071887806,2.3965768521139594,C4_SENSITIVITY_ONLY
A4_A5_train_1m,train,1m,True,220,0.0,55.4947972363769,54.25779726336999,57.01903459424752,pubmed_abstracts_c4,pubmed_abstracts,63.357404096100105,64.65609086107253,55.4947972363769,0.0,54.25779726336999,57.01903459424752,2.7612373308775346,C4_SENSITIVITY_ONLY
A4_A5_train_1m,train,1m,True,221,0.005,59.852567740479074,58.65729108046303,60.89659052447259,pubmed_abstracts_c4,pubmed_abstracts,63.357404096100105,64.65609086107253,59.85906117430394,0.0064934338248647805,58.65729108046303,60.90492253801417,2.2476314575511367,C4_SENSITIVITY_ONLY
A4_A5_train_1m,train,1m,True,222,0.0,59.48598035676336,56.22517221110568,64.32982017011182,pubmed_abstracts_c4,pubmed_abstracts,63.357404096100105,64.65609086107253,59.48598035676336,0.0,56.22517221110568,64.32982017011182,8.104647959006137,C4_SENSITIVITY_ONLY
A4_A5_train_1m,train,1m,True,223,0.0,62.762564229069234,60.370237043186776,64.32924681064021,pubmed_abstracts_c4,pubmed_abstracts,63.357404096100105,64.65609086107253,62.762564229069234,0.0,60.370237043186776,64.32924681064021,3.9590097674534377,C4_SENSITIVITY_ONLY
A4_A5_train_1m,train,1m,True,224,0.44,62.30406461032693,60.258240078082686,63.70565085158397,pubmed_abstracts_c4,pubmed_abstracts,63.357404096100105,64.65609086107253,62.8754867869148,0.5714221765878662,60.258240078082686,64.43886804324259,4.180627965159907,C4_SENSITIVITY_ONLY
A4_A5_train_1m,train,1m,True,225,0.0339660339660339,61.38884469943818,60.14510770334362,62.0815240575332,pubmed_abstracts_c4,pubmed_abstracts,63.357404096100105,64.65609086107253,61.43295593820847,0.04411123877029155,60.14510770334362,62.13812514852492,1.9930174451813016,C4_SENSITIVITY_ONLY
A4_A5_train_1m,train,1m,True,226,0.0,61.87799290395863,59.97624831875657,63.612803279817896,pubmed_abstracts_c4,pubmed_abstracts,63.357404096100105,64.65609086107253,61.87799290395863,0.0,59.97624831875657,63.612803279817896,3.6365549610613286,C4_SENSITIVITY_ONLY
A4_A5_train_1m,train,1m,True,227,0.0059940059940059,62.5039148768298,61.61545248002964,63.29093903300229,pubmed_abstracts_c4,pubmed_abstracts,63.357404096100105,64.65609086107253,62.51169921308338,0.007784336253578772,61.61545248002964,63.300927460824354,1.6854749807947158,C4_SENSITIVITY_ONLY
A4_A5_train_1m,train,1m,True,228,0.0,61.15867933845495,60.52140501717037,61.56450238877992,pubmed_abstracts_c4,pubmed_abstracts,63.357404096100105,64.65609086107253,61.15867933845495,0.0,60.52140501717037,61.56450238877992,1.043097371609548,C4_SENSITIVITY_ONLY
A4_A5_train_1m,train,1m,True,229,0.248,63.05301268961941,62.166227252367406,63.385513084274336,pubmed_abstracts_c4,pubmed_abstracts,63.357404096100105,64.65609086107253,63.37508700733257,0.32207431771315953,62.166227252367406,63.79878095593647,1.6325537035690658,C4_SENSITIVITY_ONLY
A4_A5_train_1m,train,1m,True,230,0.0,63.450284707466935,61.89763431549303,64.15531030485263,pubmed_abstracts_c4,pubmed_abstracts,63.357404096100105,64.65609086107253,63.450284707466935,0.0,61.89763431549303,64.15531030485263,2.257675989359605,C4_SENSITIVITY_ONLY
A4_A5_train_1m,train,1m,True,231,0.201,62.75855207312264,62.18650364821997,63.05149314940753,pubmed_abstracts_c4,pubmed_abstracts,63.357404096100105,64.65609086107253,63.0195881128821,0.26103603975946044,62.18650364821997,63.38644009377885,1.1999364455588832,C4_SENSITIVITY_ONLY
A4_A5_train_1m,train,1m,True,232,0.0,56.47949798787334,56.05541084669327,56.71798398924072,pubmed_abstracts_c4,pubmed_abstracts,63.357404096100105,64.65609086107253,56.47949798787334,0.0,56.05541084669327,56.71798398924072,0.6625731425474513,C4_SENSITIVITY_ONLY
A4_A5_train_1m,train,1m,True,233,0.0,62.05497936714895,60.07753396549414,63.6687955070758,pubmed_abstracts_c4,pubmed_abstracts,63.357404096100105,64.65609086107253,62.05497936714895,0.0,60.07753396549414,63.6687955070758,3.591261541581659,C4_SENSITIVITY_ONLY
A4_A5_train_1m,train,1m,True,234,0.3646353646353646,59.60410951793532,58.75543212769269,59.97412887532144,pubmed_abstracts_c4,pubmed_abstracts,63.357404096100105,64.65609086107253,60.07765664002816,0.4735471220928389,58.75543212769269,60.581758234497265,1.8263261068045722,C4_SENSITIVITY_ONLY
A4_A5_train_1m,train,1m,True,235,0.0,62.61191182310765,60.32127966970963,64.28273313621621,pubmed_abstracts_c4,pubmed_abstracts,63.357404096100105,64.65609086107253,62.61191182310765,0.0,60.32127966970963,64.28273313621621,3.961453466506576,C4_SENSITIVITY_ONLY
A4_A5_train_1m,train,1m,True,236,0.0,58.15301994702045,57.60580722071494,58.4872286175899,pubmed_abstracts_c4,pubmed_abstracts,63.357404096100105,64.65609086107253,58.15301994702045,0.0,57.60580722071494,58.4872286175899,0.8814213968749627,C4_SENSITIVITY_ONLY
A4_A5_train_1m,train,1m,True,237,0.0,63.360326978731855,62.855570563055885,63.666464841502766,pubmed_abstracts_c4,pubmed_abstracts,63.357404096100105,64.65609086107253,63.360326978731855,0.0,62.855570563055885,63.666464841502766,0.8108942784468809,C4_SENSITIVITY_ONLY
A4_A5_train_1m,train,1m,True,238,0.003003003003003,63.0983764729884,60.92931923160852,64.05953512469988,pubmed_abstracts_c4,pubmed_abstracts,63.357404096100105,64.65609086107253,63.102276433243574,0.003899960255175472,60.92931923160852,64.06453933703716,3.135220105428644,C4_SENSITIVITY_ONLY
A4_A5_train_1m,train,1m,True,239,0.4164164164164164,63.020551103860576,61.748854443985465,63.699638662492056,pubmed_abstracts_c4,pubmed_abstracts,63.357404096100105,64.65609086107253,63.56134559257782,0.5407944887172462,61.748854443985465,64.39355610659523,2.644701662609762,C4_SENSITIVITY_ONLY
A4_A5_train_1m,train,1m,True,240,0.1129999999999999,63.94355002370883,63.29045451039146,64.2874719878919,pubmed_abstracts_c4,pubmed_abstracts,63.357404096100105,64.65609086107253,64.09030162815071,0.1467516044418815,63.29045451039146,64.47577549393151,1.185320983540045,C4_SENSITIVITY_ONLY
A4_A5_train_1m,train,1m,True,241,0.0,53.67395534207797,53.37693754620273,53.83833906389247,pubmed_abstracts_c4,pubmed_abstracts,63.357404096100105,64.65609086107253,53.67395534207797,0.0,53.37693754620273,53.83833906389247,0.4614015176897368,C4_SENSITIVITY_ONLY
A4_A5_train_1m,train,1m,True,242,0.34,62.17832172721127,59.25978453470526,64.24851727675522,pubmed_abstracts_c4,pubmed_abstracts,63.357404096100105,64.65609086107253,62.6198752273019,0.44155350009062744,59.25978453470526,64.81509419758234,5.555309662877079,C4_SENSITIVITY_ONLY
A4_A5_train_1m,train,1m,True,243,0.0,62.38529463052183,60.89483032034511,63.82159707591053,pubmed_abstracts_c4,pubmed_abstracts,63.357404096100105,64.65609086107253,62.38529463052183,0.0,60.89483032034511,63.82159707591053,2.926766755565424,C4_SENSITIVITY_ONLY
A4_A5_train_1m,train,1m,True,244,0.054054054054054,62.35128077963698,61.11790828216683,63.08305018889018,pubmed_abstracts_c4,pubmed_abstracts,63.357404096100105,64.65609086107253,62.42148006423008,0.07019928459310165,61.11790828216683,63.17312601096126,2.0552177287944318,C4_SENSITIVITY_ONLY
A4_A5_train_1m,train,1m,True,245,0.0,63.44665210625619,63.09322601521476,63.93920813642233,pubmed_abstracts_c4,pubmed_abstracts,63.357404096100105,64.65609086107253,63.44665210625619,0.0,63.09322601521476,63.93920813642233,0.8459821212075695,C4_SENSITIVITY_ONLY
A4_A5_train_1m,train,1m,True,246,0.001,61.282203297281775,60.48421672162882,62.22209664160244,pubmed_abstracts_c4,pubmed_abstracts,63.357404096100105,64.65609086107253,61.28350198404675,0.0012986867649757983,60.48421672162882,62.22376304431076,1.7395463226819388,C4_SENSITIVITY_ONLY
A4_A5_train_1m,train,1m,True,247,0.0,57.7142312643282,56.967877292487714,58.57217772588881,pubmed_abstracts_c4,pubmed_abstracts,63.357404096100105,64.65609086107253,57.7142312643282,0.0,56.967877292487714,58.57217772588881,1.604300433401093,C4_SENSITIVITY_ONLY
A4_A5_train_1m,train,1m,True,248,0.0,58.08800500718405,57.681868483752766,58.4175290053234,pubmed_abstracts_c4,pubmed_abstracts,63.357404096100105,64.65609086107253,58.08800500718405,0.0,57.681868483752766,58.4175290053234,0.7356605215706367,C4_SENSITIVITY_ONLY
A4_A5_train_1m,train,1m,True,249,0.0039960039960039,61.79687344180689,61.41266003192554,62.09081716139683,pubmed_abstracts_c4,pubmed_abstracts,63.357404096100105,64.65609086107253,61.80206299930928,0.005189557502390585,61.41266003192554,62.097476113278205,0.6848160813526647,C4_SENSITIVITY_ONLY
A4_A5_train_1m,train,1m,True,250,0.0,63.63552578305148,62.92765867012669,63.86844421196468,pubmed_abstracts_c4,pubmed_abstracts,63.357404096100105,64.65609086107253,63.63552578305148,0.0,62.92765867012669,63.86844421196468,0.9407855418379896,C4_SENSITIVITY_ONLY
A4_A5_train_1m,train,1m,True,251,0.0,61.302078844653785,59.04942825055558,64.3205627420968,pubmed_abstracts_c4,pubmed_abstracts,63.357404096100105,64.65609086107253,61.302078844653785,0.0,59.04942825055558,64.3205627420968,5.271134491541218,C4_SENSITIVITY_ONLY
A4_A5_train_1m,train,1m,True,252,0.013013013013013,59.75016498436548,58.28774857371207,61.27972925259881,pubmed_abstracts_c4,pubmed_abstracts,63.357404096100105,64.65609086107253,59.767064812137896,0.016899827772412834,58.28774857371207,61.301414172727036,3.0136655990149634,C4_SENSITIVITY_ONLY
A4_A5_train_1m,train,1m,True,253,0.0,61.27406880706997,60.87423595236927,61.46189712026662,pubmed_abstracts_c4,pubmed_abstracts,63.357404096100105,64.65609086107253,61.27406880706997,0.0,60.87423595236927,61.46189712026662,0.5876611678973518,C4_SENSITIVITY_ONLY
A4_A5_train_1m,train,1m,True,254,0.031,63.25529876527042,61.46275083362824,64.04682196503906,pubmed_abstracts_c4,pubmed_abstracts,63.357404096100105,64.65609086107253,63.29555805498456,0.040259289714143165,61.46275083362824,64.09848044899682,2.6357296153685823,C4_SENSITIVITY_ONLY
A4_A5_train_1m,train,1m,True,255,0.0,62.38660744734717,61.05301761652314,62.96478620910807,pubmed_abstracts_c4,pubmed_abstracts,63.357404096100105,64.65609086107253,62.38660744734717,0.0,61.05301761652314,62.96478620910807,1.9117685925849273,C4_SENSITIVITY_ONLY
A4_A5_train_1m,train,1m,True,256,0.3159999999999999,60.37049873434879,59.18612340586063,61.23466600529152,pubmed_abstracts_c4,pubmed_abstracts,63.357404096100105,64.65609086107253,60.78088375208008,0.41038501773128644,59.18612340586063,61.76124926111908,2.575125855258456,C4_SENSITIVITY_ONLY
A4_A5_train_1m,train,1m,True,257,0.0,55.95398144279242,55.617008277885205,56.17942147192553,pubmed_abstracts_c4,pubmed_abstracts,63.357404096100105,64.65609086107253,55.95398144279242,0.0,55.617008277885205,56.17942147192553,0.5624131940403245,C4_SENSITIVITY_ONLY
A4_A5_train_1m,train,1m,True,258,0.0099900099900099,61.9866771938524,61.69651973596426,62.14182810827282,pubmed_abstracts_c4,pubmed_abstracts,63.357404096100105,64.65609086107253,61.99965108760837,0.012973893755969357,61.69651973596426,62.15847548797627,0.46195575201200967,C4_SENSITIVITY_ONLY
A4_A5_train_1m,train,1m,True,259,0.018018018018018,62.2721309790823,60.04948579386114,64.18532763821834,pubmed_abstracts_c4,pubmed_abstracts,63.357404096100105,64.65609086107253,62.29553074061333,0.023399761531031515,60.04948579386114,64.21535291224204,4.165867118380902,C4_SENSITIVITY_ONLY
A4_A5_train_1m,train,1m,True,260,0.0,62.98989601469292,62.98989601469292,62.98989601469292,pubmed_abstracts_c4,pubmed_abstracts,63.357404096100105,64.65609086107253,62.98989601469292,0.0,62.98989601469292,62.98989601469292,0.0,C4_SENSITIVITY_ONLY
A4_A5_train_1m,train,1m,True,261,0.5245245245245245,62.020388242462296,59.798892992288046,63.571400980643375,pubmed_abstracts_c4,pubmed_abstracts,63.357404096100105,64.65609086107253,62.701581300365746,0.6811930579034495,59.798892992288046,64.44547006888871,4.646577076600664,C4_SENSITIVITY_ONLY
A4_A5_train_1m,train,1m,True,262,0.0,61.78112365486477,60.221450458988144,63.18946039586783,pubmed_abstracts_c4,pubmed_abstracts,63.357404096100105,64.65609086107253,61.78112365486477,0.0,60.221450458988144,63.18946039586783,2.968009936879689,C4_SENSITIVITY_ONLY
A4_A5_train_1m,train,1m,True,263,0.0,60.32398229767836,59.9764636241584,60.47413593286316,pubmed_abstracts_c4,pubmed_abstracts,63.357404096100105,64.65609086107253,60.32398229767836,0.0,59.9764636241584,60.47413593286316,0.49767230870476453,C4_SENSITIVITY_ONLY
A4_A5_train_1m,train,1m,True,264,0.0189620758483033,61.209334099869736,59.00026469829567,63.13416790277159,pubmed_abstracts_c4,pubmed_abstracts,63.357404096100105,64.65609086107253,61.23395989681033,0.02462579694059741,59.00026469829567,63.16576635732048,4.165501659024805,C4_SENSITIVITY_ONLY
A4_A5_train_1m,train,1m,True,265,0.0,55.7975024650744,55.77852583101822,55.80947264172296,pubmed_abstracts_c4,pubmed_abstracts,63.357404096100105,64.65609086107253,55.7975024650744,0.0,55.77852583101822,55.80947264172296,0.030946810704740813,C4_SENSITIVITY_ONLY
A4_A5_train_1m,train,1m,True,266,0.005,60.6088287413926,58.60592678116558,63.59340435675684,pubmed_abstracts_c4,pubmed_abstracts,63.357404096100105,64.65609086107253,60.615322175217464,0.0064934338248647805,58.60592678116558,63.60173637029842,4.99580958913284,C4_SENSITIVITY_ONLY
A4_A5_train_1m,train,1m,True,267,0.0,63.821628208297454,62.738509563973366,64.29121501987991,pubmed_abstracts_c4,pubmed_abstracts,63.357404096100105,64.65609086107253,63.821628208297454,0.0,62.738509563973366,64.29121501987991,1.5527054559065476,C4_SENSITIVITY_ONLY
A4_A5_train_1m,train,1m,True,268,0.042042042042042,63.07436019048689,62.201614979172064,63.81843409387742,pubmed_abstracts_c4,pubmed_abstracts,63.357404096100105,64.65609086107253,63.128959634059306,0.054599443572413975,62.201614979172064,63.88849306659937,1.68687808742731,C4_SENSITIVITY_ONLY
A4_A5_train_1m,train,1m,True,269,0.0,63.95294866470883,63.20995094613687,64.25808049479633,pubmed_abstracts_c4,pubmed_abstracts,63.357404096100105,64.65609086107253,63.95294866470883,0.0,63.20995094613687,64.25808049479633,1.0481295486594604,C4_SENSITIVITY_ONLY
A4_A5_train_1m,train,1m,True,270,0.0,62.092505395186,60.50050625755321,63.644502620607184,pubmed_abstracts_c4,pubmed_abstracts,63.357404096100105,64.65609086107253,62.092505395186,0.0,60.50050625755321,63.644502620607184,3.1439963630539722,C4_SENSITIVITY_ONLY
A4_A5_train_1m,train,1m,True,271,0.01,61.76339877742042,61.33749713129938,61.97998046772478,pubmed_abstracts_c4,pubmed_abstracts,63.357404096100105,64.65609086107253,61.77638564507014,0.012986867649722456,61.33749713129938,61.99664449480793,0.6591473635085521,C4_SENSITIVITY_ONLY
A4_A5_train_1m,train,1m,True,272,0.459,60.94610336024787,58.848033836363385,62.37994086592763,pubmed_abstracts_c4,pubmed_abstracts,63.357404096100105,64.65609086107253,61.54220058537021,0.5960972251223424,58.848033836363385,63.14481970904424,4.296785872680857,C4_SENSITIVITY_ONLY
A4_A5_train_1m,train,1m,True,273,0.569,62.55240188972859,61.21368089341972,63.16465849960368,pubmed_abstracts_c4,pubmed_abstracts,63.357404096100105,64.65609086107253,63.2913546589979,0.7389527692693107,61.21368089341972,64.11284164063495,2.899160747215234,C4_SENSITIVITY_ONLY
A4_A5_train_1m,train,1m,True,274,0.0,60.9757541970114,58.62153068352456,64.20932540788765,pubmed_abstracts_c4,pubmed_abstracts,63.357404096100105,64.65609086107253,60.9757541970114,0.0,58.62153068352456,64.20932540788765,5.587794724363086,C4_SENSITIVITY_ONLY
A4_A5_train_1m,train,1m,True,275,0.0,63.953243780637486,63.83890856613881,64.03319103059158,pubmed_abstracts_c4,pubmed_abstracts,63.357404096100105,64.65609086107253,63.953243780637486,0.0,63.83890856613881,64.03319103059158,0.19428246445276898,C4_SENSITIVITY_ONLY
A4_A5_train_1m,train,1m,True,276,0.001,61.33419088390556,61.28393385699409,61.40988291871231,pubmed_abstracts_c4,pubmed_abstracts,63.357404096100105,64.65609086107253,61.33548957067054,0.0012986867649757983,61.28393385699409,61.41154932142063,0.12761546442654037,C4_SENSITIVITY_ONLY
A4_A5_train_1m,train,1m,True,277,0.172,64.03463985768406,63.53529653412019,64.31032703478691,pubmed_abstracts_c4,pubmed_abstracts,63.357404096100105,64.65609086107253,64.25801398125931,0.22337412357525466,63.53529653412019,64.5969483006171,1.061651766496908,C4_SENSITIVITY_ONLY
A4_A5_train_1m,train,1m,True,278,0.0,61.25057690281533,61.25057690281533,61.25057690281533,pubmed_abstracts_c4,pubmed_abstracts,63.357404096100105,64.65609086107253,61.25057690281533,0.0,61.25057690281533,61.25057690281533,0.0,C4_SENSITIVITY_ONLY
A4_A5_train_1m,train,1m,True,279,0.0,63.67520251735344,63.41569632442343,63.80011205007498,pubmed_abstracts_c4,pubmed_abstracts,63.357404096100105,64.65609086107253,63.67520251735344,0.0,63.41569632442343,63.80011205007498,0.38441572565155013,C4_SENSITIVITY_ONLY
A4_A5_train_1m,train,1m,True,280,0.4028056112224449,63.63252850260955,62.462768559055874,64.33570995356357,pubmed_abstracts_c4,pubmed_abstracts,63.357404096100105,64.65609086107253,64.15564681876077,0.5231183161512192,62.462768559055874,65.00694631502915,2.54417775597328,C4_SENSITIVITY_ONLY
A4_A5_train_1m,train,1m,True,281,0.0,62.14267028967737,61.17488932516823,62.741064523640496,pubmed_abstracts_c4,pubmed_abstracts,63.357404096100105,64.65609086107253,62.14267028967737,0.0,61.17488932516823,62.741064523640496,1.5661751984722656,C4_SENSITIVITY_ONLY
A4_A5_train_1m,train,1m,True,282,0.007,60.57440676904886,58.64943673380035,62.286737329233446,pubmed_abstracts_c4,pubmed_abstracts,63.357404096100105,64.65609086107253,60.58349757640367,0.009090807354809272,58.64943673380035,62.29840214819165,3.6489654143912986,C4_SENSITIVITY_ONLY
A4_A5_train_1m,train,1m,True,283,0.0,61.73317457529129,61.522672492873575,61.83536359835481,pubmed_abstracts_c4,pubmed_abstracts,63.357404096100105,64.65609086107253,61.73317457529129,0.0,61.522672492873575,61.83536359835481,0.31269110548123535,C4_SENSITIVITY_ONLY
A4_A5_train_1m,train,1m,True,284,0.028942115768463,57.96366564148749,55.43318170363428,61.15383364923654,pubmed_abstracts_c4,pubmed_abstracts,63.357404096100105,64.65609086107253,58.00125238418629,0.03758674269879947,55.43318170363428,61.202062869337475,5.768881165703192,C4_SENSITIVITY_ONLY
A4_A5_train_1m,train,1m,True,285,0.017017017017017,62.63143116844674,62.37425771686701,62.78273171362596,pubmed_abstracts_c4,pubmed_abstracts,63.357404096100105,64.65609086107253,62.65353094322605,0.022099774779313464,62.37425771686701,62.81108891687056,0.436831200003553,C4_SENSITIVITY_ONLY
A4_A5_train_1m,train,1m,True,286,0.0139860139860139,62.22392578126682,60.015603695237296,63.36463114614634,pubmed_abstracts_c4,pubmed_abstracts,63.357404096100105,64.65609086107253,62.242089232525174,0.018163451258352836,60.015603695237296,63.387937477731164,3.372333782493868,C4_SENSITIVITY_ONLY
A4_A5_train_1m,train,1m,True,287,0.2429999999999999,60.586055466192605,57.79424250044667,64.0861889565521,pubmed_abstracts_c4,pubmed_abstracts,63.357404096100105,64.65609086107253,60.901636350080906,0.31558088388830186,57.79424250044667,64.49112481467267,6.696882314226002,C4_SENSITIVITY_ONLY
A4_A5_train_1m,train,1m,True,288,0.5754245754245755,62.23679823041971,60.18527775551844,63.66413271275974,pubmed_abstracts_c4,pubmed_abstracts,63.357404096100105,64.65609086107253,62.984094510763484,0.7472962803437753,60.18527775551844,64.6230217836783,4.437744028159855,C4_SENSITIVITY_ONLY
A4_A5_train_1m,train,1m,True,289,0.2317682317682318,60.46277062519262,58.44609955731583,62.06229818143307,pubmed_abstracts_c4,pubmed_abstracts,63.357404096100105,64.65609086107253,60.76376496033108,0.3009943351384621,58.44609955731583,62.44851739055304,4.00241783323721,C4_SENSITIVITY_ONLY
A4_A5_train_1m,train,1m,True,290,0.017,63.205054140112914,61.06195333875065,64.16144726450263,pubmed_abstracts_c4,pubmed_abstracts,63.357404096100105,64.65609086107253,63.227131815117446,0.022077675004531727,61.06195333875065,64.18977611054399,3.1278227717933405,C4_SENSITIVITY_ONLY
A4_A5_train_1m,train,1m,True,291,0.0,64.29848349366875,64.27815087746598,64.3090479596402,pubmed_abstracts_c4,pubmed_abstracts,63.357404096100105,64.65609086107253,64.29848349366875,0.0,64.27815087746598,64.3090479596402,0.030897082174220714,C4_SENSITIVITY_ONLY
A4_A5_train_1m,train,1m,True,292,0.0,52.229855924898295,52.11120402473981,52.28116539271255,pubmed_abstracts_c4,pubmed_abstracts,63.357404096100105,64.65609086107253,52.229855924898295,0.0,52.11120402473981,52.28116539271255,0.1699613679727392,C4_SENSITIVITY_ONLY
A4_A5_train_1m,train,1m,True,293,0.063063063063063,62.98219966029727,61.76264571470178,63.78462128834261,pubmed_abstracts_c4,pubmed_abstracts,63.357404096100105,64.65609086107253,63.06409882565589,0.08189916535862096,61.76264571470178,63.88970974742554,2.1270640327237587,C4_SENSITIVITY_ONLY
A4_A5_train_1m,train,1m,True,294,0.1071071071071071,63.36425909209834,61.123573207944425,64.33570995356357,pubmed_abstracts_c4,pubmed_abstracts,63.357404096100105,64.65609086107253,63.50335767453282,0.13909858243448525,61.123573207944425,64.51419352692665,3.390620318982222,C4_SENSITIVITY_ONLY
A4_A5_train_1m,train,1m,True,295,0.0469530469530469,61.2613392049813,60.56191265123015,61.63029314790442,pubmed_abstracts_c4,pubmed_abstracts,63.357404096100105,64.65609086107253,61.32231650563435,0.06097730065305029,60.56191265123015,61.70853583251062,1.146623181280468,C4_SENSITIVITY_ONLY
A4_A5_train_1m,train,1m,True,296,0.0,63.18092644017055,61.19626333362655,64.19559701873084,pubmed_abstracts_c4,pubmed_abstracts,63.357404096100105,64.65609086107253,63.18092644017055,0.0,61.19626333362655,64.19559701873084,2.9993336851042898,C4_SENSITIVITY_ONLY
A4_A5_train_1m,train,1m,True,297,0.188,61.1018002172123,58.40703253047597,63.43475154213407,pubmed_abstracts_c4,pubmed_abstracts,63.357404096100105,64.65609086107253,61.34595332902712,0.2441531118148177,58.40703253047597,63.7480352512973,5.341002720821329,C4_SENSITIVITY_ONLY
A4_A5_train_1m,train,1m,True,298,0.0,55.28993935505024,54.35560960841037,55.902990575588255,pubmed_abstracts_c4,pubmed_abstracts,63.357404096100105,64.65609086107253,55.28993935505024,0.0,54.35560960841037,55.902990575588255,1.5473809671778866,C4_SENSITIVITY_ONLY
A4_A5_train_1m,train,1m,True,299,0.001,56.09802734866248,54.971844567972525,56.87153962253167,pubmed_abstracts_c4,pubmed_abstracts,63.357404096100105,64.65609086107253,56.09932603542745,0.0012986867649757983,54.971844567972525,56.87320602523999,1.9013614572674626,C4_SENSITIVITY_ONLY
A4_A5_train_1m,train,1m,True,300,0.0,63.7904852882287,63.59367582027279,63.87960022179245,pubmed_abstracts_c4,pubmed_abstracts,63.357404096100105,64.65609086107253,63.7904852882287,0.0,63.59367582027279,63.87960022179245,0.28592440151965803,C4_SENSITIVITY_ONLY
A4_A5_train_1m,train,1m,True,301,0.0309690309690309,59.16947313408952,58.6041908163292,59.67044263831211,pubmed_abstracts_c4,pubmed_abstracts,63.357404096100105,64.65609086107253,59.209692204733024,0.040219070643502164,58.6041908163292,59.7220495153928,1.1178586990635964,C4_SENSITIVITY_ONLY
A4_A5_train_1m,train,1m,True,302,0.0,60.08628370764732,59.38824313576939,60.60646717377899,pubmed_abstracts_c4,pubmed_abstracts,63.357404096100105,64.65609086107253,60.08628370764732,0.0,59.38824313576939,60.60646717377899,1.2182240380095948,C4_SENSITIVITY_ONLY
A4_A5_train_1m,train,1m,True,303,0.0,63.05257010029696,62.34247713955556,63.97939416830906,pubmed_abstracts_c4,pubmed_abstracts,63.357404096100105,64.65609086107253,63.05257010029696,0.0,62.34247713955556,63.97939416830906,1.6369170287534942,C4_SENSITIVITY_ONLY
A4_A5_train_1m,train,1m,True,304,0.0,61.54481908778346,59.169333268698736,63.72886906417572,pubmed_abstracts_c4,pubmed_abstracts,63.357404096100105,64.65609086107253,61.54481908778346,0.0,59.169333268698736,63.72886906417572,4.559535795476982,C4_SENSITIVITY_ONLY
A4_A5_train_1m,train,1m,True,305,0.0,60.24851635786427,58.806402410253554,62.509624915109846,pubmed_abstracts_c4,pubmed_abstracts,63.357404096100105,64.65609086107253,60.24851635786427,0.0,58.806402410253554,62.509624915109846,3.703222504856292,C4_SENSITIVITY_ONLY
A4_A5_train_1m,train,1m,True,306,0.0180360721442885,61.42424564400584,60.81940813341656,61.79412825823246,pubmed_abstracts_c4,pubmed_abstracts,63.357404096100105,64.65609086107253,61.44766885219172,0.023423208185874955,60.81940813341656,61.82418361770107,1.004775484284508,C4_SENSITIVITY_ONLY
A4_A5_train_1m,train,1m,True,307,0.0,63.31669072047317,62.41927478245356,63.70672638964274,pubmed_abstracts_c4,pubmed_abstracts,63.357404096100105,64.65609086107253,63.31669072047317,0.0,62.41927478245356,63.70672638964274,1.2874516071891762,C4_SENSITIVITY_ONLY
A4_A5_train_1m,train,1m,True,308,0.045045045045045,62.31800694198257,61.0969071284705,62.97581116192856,pubmed_abstracts_c4,pubmed_abstracts,63.357404096100105,64.65609086107253,62.37650634581016,0.05849940382758945,61.0969071284705,63.0508743469878,1.953967218517299,C4_SENSITIVITY_ONLY
A4_A5_train_1m,train,1m,True,309,0.0,59.02221097343687,58.99100037735063,59.04928511668646,pubmed_abstracts_c4,pubmed_abstracts,63.357404096100105,64.65609086107253,59.02221097343687,0.0,58.99100037735063,59.04928511668646,0.058284739335832114,C4_SENSITIVITY_ONLY
A4_A5_train_1m,train,1m,True,310,0.1811811811811811,60.26610977874783,59.85727495512701,60.44336038955953,pubmed_abstracts_c4,pubmed_abstracts,63.357404096100105,64.65609086107253,60.5014073808099,0.23529760206206873,59.85727495512701,60.74528120057557,0.8880062454485582,C4_SENSITIVITY_ONLY
A4_A5_train_1m,train,1m,True,311,0.0169999999999999,61.795924249371744,60.225971907508544,62.82437120454617,pubmed_abstracts_c4,pubmed_abstracts,63.357404096100105,64.65609086107253,61.818001924376276,0.022077675004531727,60.225971907508544,62.85270005058752,2.626728143078978,C4_SENSITIVITY_ONLY
A4_A5_train_1m,train,1m,True,312,0.003003003003003,63.48710717298143,62.861630800169095,64.10792314965452,pubmed_abstracts_c4,pubmed_abstracts,63.357404096100105,64.65609086107253,63.49100713323661,0.003899960255175472,62.861630800169095,64.11292736199181,1.2512965618227128,C4_SENSITIVITY_ONLY
A4_A5_train_1m,train,1m,True,313,0.0,62.00389424892421,61.949643646636346,62.02727891943167,pubmed_abstracts_c4,pubmed_abstracts,63.357404096100105,64.65609086107253,62.00389424892421,0.0,61.949643646636346,62.02727891943167,0.07763527279532667,C4_SENSITIVITY_ONLY
A4_A5_train_1m,train,1m,True,314,0.424,60.98593949924401,58.31424827387788,63.037522993850615,pubmed_abstracts_c4,pubmed_abstracts,63.357404096100105,64.65609086107253,61.53658268759232,0.5506431883483103,58.31424827387788,63.7440777421762,5.429829468298323,C4_SENSITIVITY_ONLY
A4_A5_train_1m,train,1m,True,315,0.0119880119880119,62.89171590240248,60.97938716562853,63.67896759657201,pubmed_abstracts_c4,pubmed_abstracts,63.357404096100105,64.65609086107253,62.907284574909646,0.01556867250716465,60.97938716562853,63.698944452216146,2.719557286587616,C4_SENSITIVITY_ONLY
A4_A5_train_1m,train,1m,True,316,0.0,60.36395454541267,59.93836214035495,60.73990900870607,pubmed_abstracts_c4,pubmed_abstracts,63.357404096100105,64.65609086107253,60.36395454541267,0.0,59.93836214035495,60.73990900870607,0.8015468683511244,C4_SENSITIVITY_ONLY
A4_A5_train_1m,train,1m,True,317,0.009009009009009,63.12850157867554,61.95474137238244,64.33570995356357,pubmed_abstracts_c4,pubmed_abstracts,63.357404096100105,64.65609086107253,63.14020145944106,0.01169988076551931,61.95474137238244,64.35072259057542,2.395981218192972,C4_SENSITIVITY_ONLY
A4_A5_train_1m,train,1m,True,318,0.003,63.53456583607913,63.0273766478869,63.678447376324335,pubmed_abstracts_c4,pubmed_abstracts,63.357404096100105,64.65609086107253,63.53846189637405,0.0038960602949202894,63.0273766478869,63.68344658444928,0.6560699365623748,C4_SENSITIVITY_ONLY
A4_A5_train_1m,train,1m,True,319,0.0,59.178393668153,57.884628542656486,59.75430859916061,pubmed_abstracts_c4,pubmed_abstracts,63.357404096100105,64.65609086107253,59.178393668153,0.0,57.884628542656486,59.75430859916061,1.869680056504123,C4_SENSITIVITY_ONLY
A4_A5_train_1m,train,1m,True,320,0.0,63.00298283174081,62.16304106883568,63.40432137341798,pubmed_abstracts_c4,pubmed_abstracts,63.357404096100105,64.65609086107253,63.00298283174081,0.0,62.16304106883568,63.40432137341798,1.2412803045822969,C4_SENSITIVITY_ONLY
A4_A5_train_1m,train,1m,True,321,0.0,62.84194329132941,62.04242221896009,63.5793927709894,pubmed_abstracts_c4,pubmed_abstracts,63.357404096100105,64.65609086107253,62.84194329132941,0.0,62.04242221896009,63.5793927709894,1.5369705520293095,C4_SENSITIVITY_ONLY
A4_A5_train_1m,train,1m,True,322,0.1608391608391608,55.77619324460307,54.338916065420605,57.00251344338626,pubmed_abstracts_c4,pubmed_abstracts,63.357404096100105,64.65609086107253,55.98507293407416,0.2088796894710896,54.338916065420605,57.27053625661176,2.9316201911911577,C4_SENSITIVITY_ONLY
A4_A5_train_1m,train,1m,True,323,0.0,61.401929172658086,59.471228624953305,63.67783129669124,pubmed_abstracts_c4,pubmed_abstracts,63.357404096100105,64.65609086107253,61.401929172658086,0.0,59.471228624953305,63.67783129669124,4.206602671737933,C4_SENSITIVITY_ONLY
A4_A5_train_1m,train,1m,True,324,0.0299700299700299,59.726395805559335,59.32492918609127,59.84492107660464,pubmed_abstracts_c4,pubmed_abstracts,63.357404096100105,64.65609086107253,59.76531748682724,0.03892168126790807,59.32492918609127,59.894863215714985,0.5699340296237168,C4_SENSITIVITY_ONLY
A4_A5_train_1m,train,1m,True,325,0.0,61.79400511754312,60.98452381626803,62.29528918970859,pubmed_abstracts_c4,pubmed_abstracts,63.357404096100105,64.65609086107253,61.79400511754312,0.0,60.98452381626803,62.29528918970859,1.3107653734405602,C4_SENSITIVITY_ONLY
A4_A5_train_1m,train,1m,True,326,0.0,61.60564954270023,61.16226539206361,62.03934522845551,pubmed_abstracts_c4,pubmed_abstracts,63.357404096100105,64.65609086107253,61.60564954270023,0.0,61.16226539206361,62.03934522845551,0.8770798363918999,C4_SENSITIVITY_ONLY
A4_A5_train_1m,train,1m,True,327,0.198,61.840991983499,59.81878495638784,63.45520624012229,pubmed_abstracts_c4,pubmed_abstracts,63.357404096100105,64.65609086107253,62.09813196296354,0.25713997946454015,59.81878495638784,63.78515397636867,3.9663690199808315,C4_SENSITIVITY_ONLY
A4_A5_train_1m,train,1m,True,328,0.0,59.231387295747005,56.03252048079162,64.33239650105521,pubmed_abstracts_c4,pubmed_abstracts,63.357404096100105,64.65609086107253,59.231387295747005,0.0,56.03252048079162,64.33239650105521,8.299876020263596,C4_SENSITIVITY_ONLY
A4_A5_train_1m,train,1m,True,329,0.0,62.789328708597466,62.60669980703522,62.91239661898256,pubmed_abstracts_c4,pubmed_abstracts,63.357404096100105,64.65609086107253,62.789328708597466,0.0,62.60669980703522,62.91239661898256,0.30569681194734244,C4_SENSITIVITY_ONLY
A4_A5_train_1m,train,1m,True,330,0.0,62.812858640455616,61.84858052494471,63.754294205044886,pubmed_abstracts_c4,pubmed_abstracts,63.357404096100105,64.65609086107253,62.812858640455616,0.0,61.84858052494471,63.754294205044886,1.9057136801001775,C4_SENSITIVITY_ONLY
A4_A5_train_1m,train,1m,True,331,0.0,60.91137422523731,57.85318155259471,63.66034553627812,pubmed_abstracts_c4,pubmed_abstracts,63.357404096100105,64.65609086107253,60.91137422523731,0.0,57.85318155259471,63.66034553627812,5.8071639836834095,C4_SENSITIVITY_ONLY
A4_A5_train_1m,train,1m,True,332,0.0009990009990009,60.69876429221311,58.44053608049802,63.50226391042316,pubmed_abstracts_c4,pubmed_abstracts,63.357404096100105,64.65609086107253,60.70006168158871,0.0012973893755940935,58.44053608049802,63.503928648393504,5.063392567895484,C4_SENSITIVITY_ONLY
A4_A5_train_1m,train,1m,True,333,0.002002002002002,63.31519531983899,61.49314815644028,64.16876242992805,pubmed_abstracts_c4,pubmed_abstracts,63.357404096100105,64.65609086107253,63.31779529334244,0.0025999735034503146,61.49314815644028,64.17209857148625,2.6789504150459678,C4_SENSITIVITY_ONLY
A4_A5_train_1m,train,1m,True,334,0.0,62.22062729217869,61.44484835840816,62.55470185018261,pubmed_abstracts_c4,pubmed_abstracts,63.357404096100105,64.65609086107253,62.22062729217869,0.0,61.44484835840816,62.55470185018261,1.1098534917744516,C4_SENSITIVITY_ONLY
A4_A5_train_1m,train,1m,True,335,0.0,59.63534526479658,56.60405073388832,64.05383395306515,pubmed_abstracts_c4,pubmed_abstracts,63.357404096100105,64.65609086107253,59.63534526479658,0.0,56.60405073388832,64.05383395306515,7.44978321917683,C4_SENSITIVITY_ONLY
A4_A5_train_1m,train,1m,True,336,0.0,60.8237549014092,59.080204865281054,61.62902139882011,pubmed_abstracts_c4,pubmed_abstracts,63.357404096100105,64.65609086107253,60.8237549014092,0.0,59.080204865281054,61.62902139882011,2.5488165335390534,C4_SENSITIVITY_ONLY
A4_A5_train_1m,train,1m,True,337,0.0,63.97558334436721,63.87722127435892,64.01660837737991,pubmed_abstracts_c4,pubmed_abstracts,63.357404096100105,64.65609086107253,63.97558334436721,0.0,63.87722127435892,64.01660837737991,0.13938710302099366,C4_SENSITIVITY_ONLY
A4_A5_train_1m,train,1m,True,338,0.001,59.6915052513856,57.666859210769786,62.338856572974194,pubmed_abstracts_c4,pubmed_abstracts,63.357404096100105,64.65609086107253,59.692803938150576,0.0012986867649757983,57.666859210769786,62.34052297568251,4.673663764912725,C4_SENSITIVITY_ONLY
A4_A5_train_1m,train,1m,True,339,0.5314685314685315,62.798977173061495,61.43693788805932,63.45329351025006,pubmed_abstracts_c4,pubmed_abstracts,63.357404096100105,64.65609086107253,63.48918832087901,0.6902111478175144,61.43693788805932,64.33893411047345,2.9019962224141267,C4_SENSITIVITY_ONLY
A4_A5_train_1m,train,1m,True,340,0.515,62.686987945631365,60.652460083928815,64.22557698049428,pubmed_abstracts_c4,pubmed_abstracts,63.357404096100105,64.65609086107253,63.35581162959216,0.6688236839607953,60.652460083928815,65.08377437527653,4.431314291347718,C4_SENSITIVITY_ONLY
A4_A5_train_1m,train,1m,True,341,0.0,59.053553116146766,56.33869725834931,62.902086111184815,pubmed_abstracts_c4,pubmed_abstracts,63.357404096100105,64.65609086107253,59.053553116146766,0.0,56.33869725834931,62.902086111184815,6.5633888528355016,C4_SENSITIVITY_ONLY
A4_A5_train_1m,train,1m,True,342,0.0,63.4274381028098,62.54888167571897,64.29795032251953,pubmed_abstracts_c4,pubmed_abstracts,63.357404096100105,64.65609086107253,63.4274381028098,0.0,62.54888167571897,64.29795032251953,1.7490686468005592,C4_SENSITIVITY_ONLY
A4_A5_train_1m,train,1m,True,343,0.0069930069930069,57.809485693412256,56.20036226866189,59.46231121231243,pubmed_abstracts_c4,pubmed_abstracts,63.357404096100105,64.65609086107253,57.818567419041436,0.00908172562917997,56.20036226866189,59.47396437810484,3.2736021094429475,C4_SENSITIVITY_ONLY
A4_A5_train_1m,train,1m,True,344,0.0,54.35554172835515,54.24539964797757,54.39724954428867,pubmed_abstracts_c4,pubmed_abstracts,63.357404096100105,64.65609086107253,54.35554172835515,0.0,54.24539964797757,54.39724954428867,0.15184989631109858,C4_SENSITIVITY_ONLY
A4_A5_train_1m,train,1m,True,345,0.0,61.21545346372452,59.78279750699009,62.544288849964346,pubmed_abstracts_c4,pubmed_abstracts,63.357404096100105,64.65609086107253,61.21545346372452,0.0,59.78279750699009,62.544288849964346,2.761491342974253,C4_SENSITIVITY_ONLY
A4_A5_train_1m,train,1m,True,346,0.039,62.45211105127719,60.9503881388667,63.63974019032105,pubmed_abstracts_c4,pubmed_abstracts,63.357404096100105,64.65609086107253,62.502759835111114,0.05064878383392113,60.9503881388667,63.704729895945334,2.7543417570786346,C4_SENSITIVITY_ONLY
A4_A5_train_1m,train,1m,True,347,0.0,61.47589523122591,61.37494692085208,61.519237296644114,pubmed_abstracts_c4,pubmed_abstracts,63.357404096100105,64.65609086107253,61.47589523122591,0.0,61.37494692085208,61.519237296644114,0.14429037579203197,C4_SENSITIVITY_ONLY
A4_A5_train_1m,train,1m,True,348,0.0,60.129656347900806,58.002902295335545,63.45484712528209,pubmed_abstracts_c4,pubmed_abstracts,63.357404096100105,64.65609086107253,60.129656347900806,0.0,58.002902295335545,63.45484712528209,5.451944829946548,C4_SENSITIVITY_ONLY
A4_A5_train_1m,train,1m,True,349,0.0099900099900099,61.551309299477744,60.18598877750441,62.64365055928528,pubmed_abstracts_c4,pubmed_abstracts,63.357404096100105,64.65609086107253,61.56428319323371,0.012973893755969357,60.18598877750441,62.66029793898873,2.474309161484314,C4_SENSITIVITY_ONLY
A4_A5_train_1m,train,1m,True,350,0.1147704590818363,60.15730069481977,59.31638576692271,60.763063281808016,pubmed_abstracts_c4,pubmed_abstracts,63.357404096100105,64.65609086107253,60.30635157103916,0.14905087621939117,59.31638576692271,60.95431708565655,1.6379313187338411,C4_SENSITIVITY_ONLY
A4_A5_train_1m,train,1m,True,351,0.0399600399600399,62.433455580795126,61.808921866508896,63.1551506854081,pubmed_abstracts_c4,pubmed_abstracts,63.357404096100105,64.65609086107253,62.485351155819,0.05189557502387032,61.808921866508896,63.22174020422189,1.4128183377129915,C4_SENSITIVITY_ONLY
A4_A5_train_1m,train,1m,True,352,0.293,61.71050399641479,60.33104867366762,62.67949080059659,pubmed_abstracts_c4,pubmed_abstracts,63.357404096100105,64.65609086107253,62.091019218551715,0.38051522213692124,60.33104867366762,63.1677467941329,2.836698120465286,C4_SENSITIVITY_ONLY
A4_A5_train_1m,train,1m,True,353,0.109,59.31966129351166,56.98556266412561,61.34432666786383,pubmed_abstracts_c4,pubmed_abstracts,63.357404096100105,64.65609086107253,59.46121815089365,0.14155685738199253,56.98556266412561,61.525964563070175,4.540401898944566,C4_SENSITIVITY_ONLY
A4_A5_train_1m,train,1m,True,354,0.073,60.351234057358354,58.31908342230318,62.04622456664841,pubmed_abstracts_c4,pubmed_abstracts,63.357404096100105,64.65609086107253,60.44603819120134,0.09480413384298458,58.31908342230318,62.16787196435541,3.848788542052233,C4_SENSITIVITY_ONLY
A4_A5_train_1m,train,1m,True,355,0.4505494505494505,60.38789025870378,58.6655184222518,61.15303560799657,pubmed_abstracts_c4,pubmed_abstracts,63.357404096100105,64.65609086107253,60.97301286709794,0.5851226083941654,58.6655184222518,61.90383243262204,3.238314010370239,C4_SENSITIVITY_ONLY
A4_A5_train_1m,train,1m,True,356,0.0,61.59725814573004,60.71464096057159,62.31578324233464,pubmed_abstracts_c4,pubmed_abstracts,63.357404096100105,64.65609086107253,61.59725814573004,0.0,60.71464096057159,62.31578324233464,1.601142281763046,C4_SENSITIVITY_ONLY
A4_A5_train_1m,train,1m,True,357,0.028,62.03566062509653,60.1766916577236,64.06922557580862,pubmed_abstracts_c4,pubmed_abstracts,63.357404096100105,64.65609086107253,62.07202385451576,0.03636322941922998,60.1766916577236,64.11588485164144,3.9391931939178377,C4_SENSITIVITY_ONLY
A4_A5_train_1m,train,1m,True,358,0.009009009009009,63.01267483101743,62.225329515049125,63.47026000881334,pubmed_abstracts_c4,pubmed_abstracts,63.357404096100105,64.65609086107253,63.02437471178295,0.01169988076551931,62.225329515049125,63.48527264582519,1.2599431307760653,C4_SENSITIVITY_ONLY
A4_A5_train_1m,train,1m,True,359,0.0,60.55439752510481,58.41555544713589,63.275395492468014,pubmed_abstracts_c4,pubmed_abstracts,63.357404096100105,64.65609086107253,60.55439752510481,0.0,58.41555544713589,63.275395492468014,4.8598400453321275,C4_SENSITIVITY_ONLY
A4_A5_train_1m,train,1m,True,360,0.2337662337662338,56.23343574516869,55.6276180824412,56.522148850310565,pubmed_abstracts_c4,pubmed_abstracts,63.357404096100105,64.65609086107253,56.53702485905835,0.30358911388965737,55.6276180824412,56.91169753537123,1.2840794529300297,C4_SENSITIVITY_ONLY
A4_A5_train_1m,train,1m,True,361,0.0,53.498365138585655,53.0604530520756,53.67267553700514,pubmed_abstracts_c4,pubmed_abstracts,63.357404096100105,64.65609086107253,53.498365138585655,0.0,53.0604530520756,53.67267553700514,0.6122224849295392,C4_SENSITIVITY_ONLY
A4_A5_train_1m,train,1m,True,362,0.0,52.49446966676674,52.37295068194753,52.58709418942201,pubmed_abstracts_c4,pubmed_abstracts,63.357404096100105,64.65609086107253,52.49446966676674,0.0,52.37295068194753,52.58709418942201,0.21414350747448196,C4_SENSITIVITY_ONLY
A4_A5_train_1m,train,1m,True,363,0.1743486973947895,61.87088200077022,60.884789848162775,62.42183289357833,pubmed_abstracts_c4,pubmed_abstracts,63.357404096100105,64.65609086107253,62.09730634656702,0.2264243457967936,60.884789848162775,62.71236803510821,1.8275781869454377,C4_SENSITIVITY_ONLY
A4_A5_train_1m,train,1m,True,364,0.0,61.46175545302286,60.270571805262655,62.19180516795751,pubmed_abstracts_c4,pubmed_abstracts,63.357404096100105,64.65609086107253,61.46175545302286,0.0,60.270571805262655,62.19180516795751,1.9212333626948563,C4_SENSITIVITY_ONLY
A4_A5_train_1m,train,1m,True,365,0.0,62.027163274630816,61.19790116450641,62.5457158354415,pubmed_abstracts_c4,pubmed_abstracts,63.357404096100105,64.65609086107253,62.027163274630816,0.0,61.19790116450641,62.5457158354415,1.3478146709350867,C4_SENSITIVITY_ONLY
A4_A5_train_1m,train,1m,True,366,0.0,56.09429839118839,55.95740707812575,56.17654531729634,pubmed_abstracts_c4,pubmed_abstracts,63.357404096100105,64.65609086107253,56.09429839118839,0.0,55.95740707812575,56.17654531729634,0.21913823917059005,C4_SENSITIVITY_ONLY
A4_A5_train_1m,train,1m,True,367,0.1311311311311311,60.3860619968295,58.87819750960791,61.27675893491493,pubmed_abstracts_c4,pubmed_abstracts,63.357404096100105,64.65609086107253,60.55636026130536,0.1702982644758606,58.87819750960791,61.495276206976264,2.617078697368356,C4_SENSITIVITY_ONLY
A4_A5_train_1m,train,1m,True,368,0.0,59.99471072833681,58.86522200405387,61.156192769258205,pubmed_abstracts_c4,pubmed_abstracts,63.357404096100105,64.65609086107253,59.99471072833681,0.0,58.86522200405387,61.156192769258205,2.290970765204335,C4_SENSITIVITY_ONLY
A4_A5_train_1m,train,1m,True,369,0.0,57.85925263790899,56.88913374338548,58.78877784032088,pubmed_abstracts_c4,pubmed_abstracts,63.357404096100105,64.65609086107253,57.85925263790899,0.0,56.88913374338548,58.78877784032088,1.899644096935404,C4_SENSITIVITY_ONLY
A4_A5_train_1m,train,1m,True,370,0.0,61.95918123174796,60.59142165074795,63.81940342557989,pubmed_abstracts_c4,pubmed_abstracts,63.357404096100105,64.65609086107253,61.95918123174796,0.0,60.59142165074795,63.81940342557989,3.227981774831946,C4_SENSITIVITY_ONLY
A4_A5_train_1m,train,1m,True,371,0.147,62.87574848865519,60.70831597331626,64.10374308757152,pubmed_abstracts_c4,pubmed_abstracts,63.357404096100105,64.65609086107253,63.066655443106136,0.19090695445094497,60.70831597331626,64.34870428569383,3.640388312377567,C4_SENSITIVITY_ONLY
A4_A5_train_1m,train,1m,True,372,0.001001001001001,62.36293175890346,60.39952139227597,63.21379303204471,pubmed_abstracts_c4,pubmed_abstracts,63.357404096100105,64.65609086107253,62.36423174565518,0.0012999867517251573,60.39952139227597,63.21546110282381,2.8159397105478376,C4_SENSITIVITY_ONLY
A4_A5_train_1m,train,1m,True,373,0.415,62.60590226654092,60.25909315608305,64.29780704630012,pubmed_abstracts_c4,pubmed_abstracts,63.357404096100105,64.65609086107253,63.14485727400448,0.5389550074635565,60.25909315608305,64.98936417025087,4.730271014167819,C4_SENSITIVITY_ONLY
A4_A5_train_1m,train,1m,True,374,0.013013013013013,57.9518069233219,56.203555422224966,59.66846563610648,pubmed_abstracts_c4,pubmed_abstracts,63.357404096100105,64.65609086107253,57.96870675109431,0.016899827772412834,56.203555422224966,59.690150556234705,3.4865951340097396,C4_SENSITIVITY_ONLY
A4_A5_train_1m,train,1m,True,375,0.001,58.63095070873858,57.14061071115543,59.82335808652602,pubmed_abstracts_c4,pubmed_abstracts,63.357404096100105,64.65609086107253,58.63224939550356,0.0012986867649757983,57.14061071115543,59.82502448923434,2.6844137780789055,C4_SENSITIVITY_ONLY
A4_A5_train_1m,train,1m,True,376,0.0,62.266238713283215,60.18679240985298,64.24545588056466,pubmed_abstracts_c4,pubmed_abstracts,63.357404096100105,64.65609086107253,62.266238713283215,0.0,60.18679240985298,64.24545588056466,4.058663470711686,C4_SENSITIVITY_ONLY
A4_A5_train_1m,train,1m,True,377,0.0,61.69811614778892,59.34788291702797,63.96216857970573,pubmed_abstracts_c4,pubmed_abstracts,63.357404096100105,64.65609086107253,61.69811614778892,0.0,59.34788291702797,63.96216857970573,4.614285662677766,C4_SENSITIVITY_ONLY
A4_A5_train_1m,train,1m,True,378,0.0,51.90822206927452,51.84800216491399,51.963773467174455,pubmed_abstracts_c4,pubmed_abstracts,63.357404096100105,64.65609086107253,51.90822206927452,0.0,51.84800216491399,51.963773467174455,0.1157713022604625,C4_SENSITIVITY_ONLY
A4_A5_train_1m,train,1m,True,379,0.2392392392392392,61.730413224637424,60.42394771845377,62.39422040451847,pubmed_abstracts_c4,pubmed_abstracts,63.357404096100105,64.65609086107253,62.041110058299495,0.310696833662071,60.42394771845377,62.792889320721976,2.368941602268208,C4_SENSITIVITY_ONLY
A4_A5_train_1m,train,1m,True,380,0.0,58.54816648776184,56.43909878145018,61.73055036123289,pubmed_abstracts_c4,pubmed_abstracts,63.357404096100105,64.65609086107253,58.54816648776184,0.0,56.43909878145018,61.73055036123289,5.291451579782716,C4_SENSITIVITY_ONLY
A4_A5_train_1m,train,1m,True,381,0.002004008016032,58.373220498745255,57.12369005941422,59.629657910101656,pubmed_abstracts_c4,pubmed_abstracts,63.357404096100105,64.65609086107253,58.37582307743257,0.0026025786873162815,57.12369005941422,59.632997394487056,2.509307335072833,C4_SENSITIVITY_ONLY
A4_A5_train_1m,train,1m,True,382,0.0,62.16509498436651,59.6600443089576,64.30246394966858,pubmed_abstracts_c4,pubmed_abstracts,63.357404096100105,64.65609086107253,62.16509498436651,0.0,59.6600443089576,64.30246394966858,4.642419640710976,C4_SENSITIVITY_ONLY
A4_A5_train_1m,train,1m,True,383,0.0,53.27951812863142,53.02255734571797,53.47752003092016,pubmed_abstracts_c4,pubmed_abstracts,63.357404096100105,64.65609086107253,53.27951812863142,0.0,53.02255734571797,53.47752003092016,0.4549626852021902,C4_SENSITIVITY_ONLY
A4_A5_train_1m,train,1m,True,384,0.0,59.41047191851256,58.54150770784711,60.1920562026469,pubmed_abstracts_c4,pubmed_abstracts,63.357404096100105,64.65609086107253,59.41047191851256,0.0,58.54150770784711,60.1920562026469,1.6505484947997928,C4_SENSITIVITY_ONLY
A4_A5_train_1m,train,1m,True,385,0.0,60.60712310858513,60.45011644450587,60.6533634507444,pubmed_abstracts_c4,pubmed_abstracts,63.357404096100105,64.65609086107253,60.60712310858513,0.0,60.45011644450587,60.6533634507444,0.2032470062385272,C4_SENSITIVITY_ONLY
A4_A5_train_1m,train,1m,True,386,0.0,61.653299759548176,58.343704697264414,64.3323965010552,pubmed_abstracts_c4,pubmed_abstracts,63.357404096100105,64.65609086107253,61.653299759548176,0.0,58.343704697264414,64.3323965010552,5.988691803790786,C4_SENSITIVITY_ONLY
A4_A5_train_1m,train,1m,True,387,0.0,59.40748710643668,56.3487942071282,64.24819524224618,pubmed_abstracts_c4,pubmed_abstracts,63.357404096100105,64.65609086107253,59.40748710643668,0.0,56.3487942071282,64.24819524224618,7.899401035117982,C4_SENSITIVITY_ONLY
A4_A5_train_1m,train,1m,True,388,0.0,61.5366984404124,61.18758106344941,61.71647928468333,pubmed_abstracts_c4,pubmed_abstracts,63.357404096100105,64.65609086107253,61.5366984404124,0.0,61.18758106344941,61.71647928468333,0.5288982212339235,C4_SENSITIVITY_ONLY
A4_A5_train_1m,train,1m,True,389,0.0,61.391812397486845,61.3872994031355,61.393769009201776,pubmed_abstracts_c4,pubmed_abstracts,63.357404096100105,64.65609086107253,61.391812397486845,0.0,61.3872994031355,61.393769009201776,0.006469606066275446,C4_SENSITIVITY_ONLY
A4_A5_train_1m,train,1m,True,390,0.0199600798403193,62.92251376746798,61.25973468462143,64.25066594158405,pubmed_abstracts_c4,pubmed_abstracts,63.357404096100105,64.65609086107253,62.9484356589844,0.025921891516418327,61.25973468462143,64.28392747268813,3.0241927880667063,C4_SENSITIVITY_ONLY
A4_A5_train_1m,train,1m,True,391,0.0,63.69043718264748,62.37264283205318,64.26176780340614,pubmed_abstracts_c4,pubmed_abstracts,63.357404096100105,64.65609086107253,63.69043718264748,0.0,62.37264283205318,64.26176780340614,1.8891249713529632,C4_SENSITIVITY_ONLY
A4_A5_train_1m,train,1m,True,392,0.0,62.21155905940756,61.16060533055117,63.29704627788629,pubmed_abstracts_c4,pubmed_abstracts,63.357404096100105,64.65609086107253,62.21155905940756,0.0,61.16060533055117,63.29704627788629,2.1364409473351174,C4_SENSITIVITY_ONLY
A4_A5_train_1m,train,1m,True,393,0.0059999999999999,60.391066488104656,59.09897489585197,61.668596452129805,pubmed_abstracts_c4,pubmed_abstracts,63.357404096100105,64.65609086107253,60.39885860869449,0.007792120589833473,59.09897489585197,61.6785948683797,2.5796199725277305,C4_SENSITIVITY_ONLY
A4_A5_train_1m,train,1m,True,394,0.008,63.27993218821175,61.05079698885967,64.24394228345064,pubmed_abstracts_c4,pubmed_abstracts,63.357404096100105,64.65609086107253,63.29032168233153,0.010389494119777964,61.05079698885967,64.25727350511715,3.2064765162574815,C4_SENSITIVITY_ONLY
A4_A5_train_1m,train,1m,True,395,0.0,61.93400057792041,61.29808902445355,62.662977463058745,pubmed_abstracts_c4,pubmed_abstracts,63.357404096100105,64.65609086107253,61.93400057792041,0.0,61.29808902445355,62.662977463058745,1.3648884386051918,C4_SENSITIVITY_ONLY
A4_A5_train_1m,train,1m,True,396,0.0,60.57786152933463,59.99725092996336,61.14517795321576,pubmed_abstracts_c4,pubmed_abstracts,63.357404096100105,64.65609086107253,60.57786152933463,0.0,59.99725092996336,61.14517795321576,1.1479270232524001,C4_SENSITIVITY_ONLY
A4_A5_train_1m,train,1m,True,397,0.001,59.13743971146607,57.698725774564544,60.44470297908793,pubmed_abstracts_c4,pubmed_abstracts,63.357404096100105,64.65609086107253,59.13873839823105,0.0012986867649757983,57.698725774564544,60.446369381796245,2.7476436072317014,C4_SENSITIVITY_ONLY
A4_A5_train_1m,train,1m,True,398,0.0130260521042084,62.579041261354256,61.06129369222857,63.81130288726015,pubmed_abstracts_c4,pubmed_abstracts,63.357404096100105,64.65609086107253,62.59595802282183,0.016916761467577146,61.06129369222857,63.83300953576526,2.7717158435366898,C4_SENSITIVITY_ONLY
A4_A5_train_1m,train,1m,True,399,0.0519480519480519,62.45516726192459,62.042043922143485,62.63665307109204,pubmed_abstracts_c4,pubmed_abstracts,63.357404096100105,64.65609086107253,62.52263150945563,0.06746424753103497,62.042043922143485,62.723219445549965,0.6811755234064805,C4_SENSITIVITY_ONLY
A4_A5_train_1m,train,1m,True,400,0.322,59.61602137307996,58.50727481282282,60.23380590459901,pubmed_abstracts_c4,pubmed_abstracts,63.357404096100105,64.65609086107253,60.03419851140108,0.4181771383211199,58.50727481282282,60.77038757667646,2.2631127638536412,C4_SENSITIVITY_ONLY
A4_A5_train_1m,train,1m,True,401,0.1521521521521521,61.72507861721846,60.03945535586072,63.12673714830748,pubmed_abstracts_c4,pubmed_abstracts,63.357404096100105,64.65609086107253,61.922676603480525,0.1975979862620676,60.03945535586072,63.38028390672979,3.3408285508690696,C4_SENSITIVITY_ONLY
A4_A5_train_1m,train,1m,True,402,0.0,62.144564994181,60.87381573193996,63.583190261625134,pubmed_abstracts_c4,pubmed_abstracts,63.357404096100105,64.65609086107253,62.144564994181,0.0,60.87381573193996,63.583190261625134,2.709374529685171,C4_SENSITIVITY_ONLY
A4_A5_train_1m,train,1m,True,403,0.1733466933867735,62.59708074728066,61.388302199089765,63.73811866522264,pubmed_abstracts_c4,pubmed_abstracts,63.357404096100105,64.65609086107253,62.82220380373379,0.22512305645313546,61.388302199089765,64.02698406455983,2.638681865470062,C4_SENSITIVITY_ONLY
A4_A5_train_1m,train,1m,True,404,0.0,62.18919680493151,61.33069389144429,62.56481496662442,pubmed_abstracts_c4,pubmed_abstracts,63.357404096100105,64.65609086107253,62.18919680493151,0.0,61.33069389144429,62.56481496662442,1.234121075180127,C4_SENSITIVITY_ONLY
A4_A5_train_1m,train,1m,True,405,0.0,60.68510916039871,57.077653220095385,64.30917579934248,pubmed_abstracts_c4,pubmed_abstracts,63.357404096100105,64.65609086107253,60.68510916039871,0.0,57.077653220095385,64.30917579934248,7.231522579247098,C4_SENSITIVITY_ONLY
A4_A5_train_1m,train,1m,True,406,0.0,62.1485545537884,60.38388821715799,63.32793708550688,pubmed_abstracts_c4,pubmed_abstracts,63.357404096100105,64.65609086107253,62.1485545537884,0.0,60.38388821715799,63.32793708550688,2.9440488683488937,C4_SENSITIVITY_ONLY
A4_A5_train_1m,train,1m,True,407,0.002004008016032,62.386221628759216,60.88698400313822,63.02876306738736,pubmed_abstracts_c4,pubmed_abstracts,63.357404096100105,64.65609086107253,62.38882420744653,0.0026025786873162815,60.88698400313822,63.03210255177276,2.1451185486345423,C4_SENSITIVITY_ONLY
A4_A5_train_1m,train,1m,True,408,0.0,52.88358810725688,52.7984848085541,52.98107651353719,pubmed_abstracts_c4,pubmed_abstracts,63.357404096100105,64.65609086107253,52.88358810725688,0.0,52.7984848085541,52.98107651353719,0.1825917049830892,C4_SENSITIVITY_ONLY
A4_A5_train_1m,train,1m,True,409,0.241,60.58712278624456,59.70530952456525,61.08329164928693,pubmed_abstracts_c4,pubmed_abstracts,63.357404096100105,64.65609086107253,60.900106296602914,0.31298351035835736,59.70530952456525,61.484894701990854,1.7795851774256022,C4_SENSITIVITY_ONLY
A4_A5_train_1m,train,1m,True,410,0.0,62.35099211231077,62.25432625849072,62.40099784815609,pubmed_abstracts_c4,pubmed_abstracts,63.357404096100105,64.65609086107253,62.35099211231077,0.0,62.25432625849072,62.40099784815609,0.14667158966536675,C4_SENSITIVITY_ONLY
A4_A5_train_1m,train,1m,True,411,0.0040080160320641,62.0553907360592,60.06067516728218,63.12604440674479,pubmed_abstracts_c4,pubmed_abstracts,63.357404096100105,64.65609086107253,62.06059589343384,0.005205157374639668,60.06067516728218,63.13272337551559,3.0720482082334115,C4_SENSITIVITY_ONLY
A4_A5_train_1m,train,1m,True,412,0.0,62.76383786820264,62.674852144685055,62.82307871727102,pubmed_abstracts_c4,pubmed_abstracts,63.357404096100105,64.65609086107253,62.76383786820264,0.0,62.674852144685055,62.82307871727102,0.14822657258596195,C4_SENSITIVITY_ONLY
A4_A5_train_1m,train,1m,True,413,0.0,61.199778450577206,59.43526389274152,62.59123008184756,pubmed_abstracts_c4,pubmed_abstracts,63.357404096100105,64.65609086107253,61.199778450577206,0.0,59.43526389274152,62.59123008184756,3.1559661891060458,C4_SENSITIVITY_ONLY
A4_A5_train_1m,train,1m,True,414,0.0,62.0971107067617,61.81145085151199,62.20168227639348,pubmed_abstracts_c4,pubmed_abstracts,63.357404096100105,64.65609086107253,62.0971107067617,0.0,61.81145085151199,62.20168227639348,0.39023142488148466,C4_SENSITIVITY_ONLY
A4_A5_train_1m,train,1m,True,415,0.0,60.69942562784175,60.27245601556458,61.22906987329528,pubmed_abstracts_c4,pubmed_abstracts,63.357404096100105,64.65609086107253,60.69942562784175,0.0,60.27245601556458,61.22906987329528,0.9566138577307015,C4_SENSITIVITY_ONLY
A4_A5_train_1m,train,1m,True,416,0.0,58.500135372783525,58.34128941767129,58.62369430510973,pubmed_abstracts_c4,pubmed_abstracts,63.357404096100105,64.65609086107253,58.500135372783525,0.0,58.34128941767129,58.62369430510973,0.28240488743843883,C4_SENSITIVITY_ONLY
A4_A5_train_1m,train,1m,True,417,0.0511022044088176,61.742203219992525,61.32734539618151,62.00766274991535,pubmed_abstracts_c4,pubmed_abstracts,63.357404096100105,64.65609086107253,61.80856897651917,0.06636575652664334,61.32734539618151,62.092819601743074,0.7654742055615671,C4_SENSITIVITY_ONLY
A4_A5_train_1m,train,1m,True,418,0.0,63.52181033869031,63.52181033869031,63.52181033869031,pubmed_abstracts_c4,pubmed_abstracts,63.357404096100105,64.65609086107253,63.52181033869031,0.0,63.52181033869031,63.52181033869031,0.0,C4_SENSITIVITY_ONLY
A4_A5_train_1m,train,1m,True,419,0.0029970029970029,60.67475375625687,59.92182787403287,61.34375797000922,pubmed_abstracts_c4,pubmed_abstracts,63.357404096100105,64.65609086107253,60.67864592438366,0.003892168126789386,59.92182787403287,61.348752183920254,1.426924309887383,C4_SENSITIVITY_ONLY
A4_A5_train_1m,train,1m,True,420,0.04,57.92841592279107,57.43073997001289,58.25642477304974,pubmed_abstracts_c4,pubmed_abstracts,63.357404096100105,64.65609086107253,57.980363393389965,0.05194747059889693,57.43073997001289,58.32308088138234,0.8923409113694518,C4_SENSITIVITY_ONLY
A4_A5_train_1m,train,1m,True,421,0.432,62.608286314578166,61.54688477093419,63.11501949336531,pubmed_abstracts_c4,pubmed_abstracts,63.357404096100105,64.65609086107253,63.169318997046254,0.5610326824680882,61.54688477093419,63.834905463357416,2.288020692423224,C4_SENSITIVITY_ONLY
A4_A5_train_1m,train,1m,True,422,0.0009999999999999,59.23208895567269,57.76245386540674,60.8372547424655,pubmed_abstracts_c4,pubmed_abstracts,63.357404096100105,64.65609086107253,59.23338764243766,0.0012986867649757983,57.76245386540674,60.83892114517381,3.0764672797670727,C4_SENSITIVITY_ONLY
A4_A5_train_1m,train,1m,True,423,0.0,53.97716318220232,53.22887935914319,54.60729708927895,pubmed_abstracts_c4,pubmed_abstracts,63.357404096100105,64.65609086107253,53.97716318220232,0.0,53.22887935914319,54.60729708927895,1.3784177301357587,C4_SENSITIVITY_ONLY
A4_A5_train_1m,train,1m,True,424,0.2474949899799599,61.370557861110086,58.75257273517805,63.37792941491888,pubmed_abstracts_c4,pubmed_abstracts,63.357404096100105,64.65609086107253,61.691976328994045,0.32141846788395867,58.75257273517805,63.7903557365159,5.03778300133785,C4_SENSITIVITY_ONLY
A4_A5_train_1m,train,1m,True,425,0.001002004008016,57.55226592118227,56.73745299071814,58.31556786695483,pubmed_abstracts_c4,pubmed_abstracts,63.357404096100105,64.65609086107253,57.55356721052593,0.0013012893436581408,56.73745299071814,58.31723760914753,1.579784618429393,C4_SENSITIVITY_ONLY
A4_A5_train_1m,train,1m,True,426,0.0,62.40651399484561,61.01202135001088,63.0228986615664,pubmed_abstracts_c4,pubmed_abstracts,63.357404096100105,64.65609086107253,62.40651399484561,0.0,61.01202135001088,63.0228986615664,2.010877311555518,C4_SENSITIVITY_ONLY
A4_A5_train_1m,train,1m,True,427,0.0,62.57736028220139,60.17444229444611,63.954244004461465,pubmed_abstracts_c4,pubmed_abstracts,63.357404096100105,64.65609086107253,62.57736028220139,0.0,60.17444229444611,63.954244004461465,3.779801710015356,C4_SENSITIVITY_ONLY
A4_A5_train_1m,train,1m,True,428,0.0009999999999999,60.61438395076239,57.588816555060255,63.95876819176202,pubmed_abstracts_c4,pubmed_abstracts,63.357404096100105,64.65609086107253,60.615682637527364,0.0012986867649757983,57.588816555060255,63.960434594470335,6.37161803941008,C4_SENSITIVITY_ONLY
A4_A5_train_1m,train,1m,True,429,0.0,56.17393806795121,54.29069500269614,59.206183170577134,pubmed_abstracts_c4,pubmed_abstracts,63.357404096100105,64.65609086107253,56.17393806795121,0.0,54.29069500269614,59.206183170577134,4.915488167880994,C4_SENSITIVITY_ONLY
A4_A5_train_1m,train,1m,True,430,0.2092092092092092,61.62008483210467,60.110462749199705,62.64740840761997,pubmed_abstracts_c4,pubmed_abstracts,63.357404096100105,64.65609086107253,61.89178206321502,0.2716972311103447,60.110462749199705,62.99603520045065,2.885572451250944,C4_SENSITIVITY_ONLY
A4_A5_train_1m,train,1m,True,431,0.3096903096903097,62.65997337369807,61.30592873429271,63.38230984780701,pubmed_abstracts_c4,pubmed_abstracts,63.357404096100105,64.65609086107253,63.06216408013309,0.40219070643501453,61.30592873429271,63.89837861861387,2.592449884321155,C4_SENSITIVITY_ONLY
A4_A5_train_1m,train,1m,True,432,0.0,64.12542385620908,63.83829503510134,64.30730893206335,pubmed_abstracts_c4,pubmed_abstracts,63.357404096100105,64.65609086107253,64.12542385620908,0.0,63.83829503510134,64.30730893206335,0.4690138969620108,C4_SENSITIVITY_ONLY
A4_A5_train_1m,train,1m,True,433,0.412,62.62174201523071,61.231138618303525,63.61428300040584,pubmed_abstracts_c4,pubmed_abstracts,63.357404096100105,64.65609086107253,63.156800962399345,0.5350589471686362,61.231138618303525,64.30084091623165,3.0697022979281243,C4_SENSITIVITY_ONLY
A4_A5_train_1m,train,1m,True,434,0.21,61.10396918932187,60.21130212916705,61.71418615314982,pubmed_abstracts_c4,pubmed_abstracts,63.357404096100105,64.65609086107253,61.37669340996608,0.2727242206442071,60.21130212916705,62.06413072189598,1.852828592728926,C4_SENSITIVITY_ONLY
A4_A5_train_1m,train,1m,True,435,0.0,63.35007921248479,61.0958385339853,64.3274067640908,pubmed_abstracts_c4,pubmed_abstracts,63.357404096100105,64.65609086107253,63.35007921248479,0.0,61.0958385339853,64.3274067640908,3.231568230105495,C4_SENSITIVITY_ONLY
A4_A5_train_1m,train,1m,True,436,0.0,60.31696664039431,59.74393632519843,61.16849853340775,pubmed_abstracts_c4,pubmed_abstracts,63.357404096100105,64.65609086107253,60.31696664039431,0.0,59.74393632519843,61.16849853340775,1.4245622082093163,C4_SENSITIVITY_ONLY
A4_A5_train_1m,train,1m,True,437,0.0,59.436164270547096,59.007345289428535,59.678499861191945,pubmed_abstracts_c4,pubmed_abstracts,63.357404096100105,64.65609086107253,59.436164270547096,0.0,59.007345289428535,59.678499861191945,0.6711545717634095,C4_SENSITIVITY_ONLY
A4_A5_train_1m,train,1m,True,438,0.0219780219780219,59.73872237042859,58.83993460937535,60.19611890071606,pubmed_abstracts_c4,pubmed_abstracts,63.357404096100105,64.65609086107253,59.76726493669172,0.0285425662631269,58.83993460937535,60.23274313606364,1.3928085266882917,C4_SENSITIVITY_ONLY
A4_A5_train_1m,train,1m,True,439,0.013013013013013,57.59684252627847,56.34227122848028,58.80484090178102,pubmed_abstracts_c4,pubmed_abstracts,63.357404096100105,64.65609086107253,57.613742354050885,0.016899827772412834,56.34227122848028,58.82652582190924,2.4842545934289646,C4_SENSITIVITY_ONLY
A4_A5_train_1m,train,1m,True,440,0.1131131131131131,61.77991224798155,59.74252220122021,63.34516951763355,pubmed_abstracts_c4,pubmed_abstracts,63.357404096100105,64.65609086107253,61.92681075092638,0.1468985029448291,59.74252220122021,63.53366151567119,3.79113931445098,C4_SENSITIVITY_ONLY
A4_A5_train_1m,train,1m,True,441,0.239,62.06659208437056,61.36313237883867,62.442155372280325,pubmed_abstracts_c4,pubmed_abstracts,63.357404096100105,64.65609086107253,62.37697822119897,0.31038613682840577,61.36313237883867,62.840425619567625,1.4772932407289545,C4_SENSITIVITY_ONLY
A4_A5_train_1m,train,1m,True,442,0.4304304304304304,62.43440095039916,60.44831062196096,63.58837908837676,pubmed_abstracts_c4,pubmed_abstracts,63.357404096100105,64.65609086107253,62.99339525364054,0.5589943032413842,60.44831062196096,64.30564952338725,3.8573389014262887,C4_SENSITIVITY_ONLY
A4_A5_train_1m,train,1m,True,443,0.007007007007007,61.874818038511705,60.21423354577638,63.98052808840432,pubmed_abstracts_c4,pubmed_abstracts,63.357404096100105,64.65609086107253,61.883917945773774,0.009099907262068996,60.21423354577638,63.992204583857976,3.7779710380815956,C4_SENSITIVITY_ONLY
A4_A5_train_1m,train,1m,True,444,0.0,64.3193971459079,64.30985368442857,64.33476325284688,pubmed_abstracts_c4,pubmed_abstracts,63.357404096100105,64.65609086107253,64.3193971459079,0.0,64.30985368442857,64.33476325284688,0.024909568418308936,C4_SENSITIVITY_ONLY
A4_A5_train_1m,train,1m,True,445,0.0,59.921532317789,57.49804110646128,62.66959952082264,pubmed_abstracts_c4,pubmed_abstracts,63.357404096100105,64.65609086107253,59.921532317789,0.0,57.49804110646128,62.66959952082264,5.171558414361364,C4_SENSITIVITY_ONLY
A4_A5_train_1m,train,1m,True,446,0.0,61.28427012247442,59.5494131442139,63.56550466535388,pubmed_abstracts_c4,pubmed_abstracts,63.357404096100105,64.65609086107253,61.28427012247442,0.0,59.5494131442139,63.56550466535388,4.016091521139977,C4_SENSITIVITY_ONLY
A4_A5_train_1m,train,1m,True,447,0.4935064935064934,62.42694535097078,60.73068308980715,63.414949596733415,pubmed_abstracts_c4,pubmed_abstracts,63.357404096100105,64.65609086107253,63.067855702515615,0.6409103515448322,60.73068308980715,64.23733015408371,3.5066470642765566,C4_SENSITIVITY_ONLY
A4_A5_train_1m,train,1m,True,448,0.2222222222222222,61.80335193624065,60.03049003437298,63.49750589032352,pubmed_abstracts_c4,pubmed_abstracts,63.357404096100105,64.65609086107253,62.09194899512341,0.28859705888275755,60.03049003437298,63.86781760328242,3.837327568909437,C4_SENSITIVITY_ONLY
A4_A5_train_1m,train,1m,True,449,0.3066933066933067,62.48368562094518,61.41885820643651,62.9473915078097,pubmed_abstracts_c4,pubmed_abstracts,63.357404096100105,64.65609086107253,62.881984159253406,0.39829853830822515,61.41885820643651,63.458466064705526,2.039607858269015,C4_SENSITIVITY_ONLY
A4_A5_train_1m,train,1m,True,450,0.0,53.99412729267302,53.99182115432316,53.99505919539738,pubmed_abstracts_c4,pubmed_abstracts,63.357404096100105,64.65609086107253,53.99412729267302,0.0,53.99182115432316,53.99505919539738,0.003238041074219211,C4_SENSITIVITY_ONLY
A4_A5_train_1m,train,1m,True,451,0.003,56.88027892112083,55.4182280095262,58.10269957235687,pubmed_abstracts_c4,pubmed_abstracts,63.357404096100105,64.65609086107253,56.884174981415754,0.0038960602949202894,55.4182280095262,58.10769878048181,2.6894707709556087,C4_SENSITIVITY_ONLY
A4_A5_train_1m,train,1m,True,452,0.0,63.32289106841555,61.7599148471796,64.12398927218088,pubmed_abstracts_c4,pubmed_abstracts,63.357404096100105,64.65609086107253,63.32289106841555,0.0,61.7599148471796,64.12398927218088,2.3640744250012773,C4_SENSITIVITY_ONLY
A4_A5_train_1m,train,1m,True,453,0.0,55.41460443128982,54.97906583036154,55.96583243565037,pubmed_abstracts_c4,pubmed_abstracts,63.357404096100105,64.65609086107253,55.41460443128982,0.0,54.97906583036154,55.96583243565037,0.9867666052888282,C4_SENSITIVITY_ONLY
A4_A5_train_1m,train,1m,True,454,0.3503503503503503,59.84287584721674,58.30040821851172,60.84749456805128,pubmed_abstracts_c4,pubmed_abstracts,63.357404096100105,64.65609086107253,60.29787121032019,0.4549953631034498,58.30040821851172,61.431319340734234,3.130911122222514,C4_SENSITIVITY_ONLY
A4_A5_train_1m,train,1m,True,455,0.0,58.04055168742042,56.49447967841311,60.29476621635407,pubmed_abstracts_c4,pubmed_abstracts,63.357404096100105,64.65609086107253,58.04055168742042,0.0,56.49447967841311,60.29476621635407,3.8002865379409627,C4_SENSITIVITY_ONLY
A4_A5_train_1m,train,1m,True,456,0.0,60.55842328736711,57.73884453626109,64.3352370760827,pubmed_abstracts_c4,pubmed_abstracts,63.357404096100105,64.65609086107253,60.55842328736711,0.0,57.73884453626109,64.3352370760827,6.596392539821615,C4_SENSITIVITY_ONLY
A4_A5_train_1m,train,1m,True,457,0.0509490509490509,63.43962643533731,62.41635750655212,63.90812996009092,pubmed_abstracts_c4,pubmed_abstracts,63.357404096100105,64.65609086107253,63.50579329349275,0.06616685815544088,62.41635750655212,63.9930315965785,1.5766740900263798,C4_SENSITIVITY_ONLY
A4_A5_train_1m,train,1m,True,458,0.0,54.09051936043153,53.31587712300692,55.11547343260227,pubmed_abstracts_c4,pubmed_abstracts,63.357404096100105,64.65609086107253,54.09051936043153,0.0,53.31587712300692,55.11547343260227,1.7995963095953513,C4_SENSITIVITY_ONLY
A4_A5_train_1m,train,1m,True,459,0.002,62.411461032071536,61.74812800810018,62.78754762992456,pubmed_abstracts_c4,pubmed_abstracts,63.357404096100105,64.65609086107253,62.41405840560148,0.002597373529944491,61.74812800810018,62.790880435341194,1.0427524272410125,C4_SENSITIVITY_ONLY
A4_A5_train_1m,train,1m,True,460,0.0,63.7879704511106,63.52145791234808,64.05467679056362,pubmed_abstracts_c4,pubmed_abstracts,63.357404096100105,64.65609086107253,63.7879704511106,0.0,63.52145791234808,64.05467679056362,0.5332188782155356,C4_SENSITIVITY_ONLY
A4_A5_train_1m,train,1m,True,461,0.0,61.67779252933944,61.640600470923935,61.69872781160126,pubmed_abstracts_c4,pubmed_abstracts,63.357404096100105,64.65609086107253,61.67779252933944,0.0,61.640600470923935,61.69872781160126,0.0581273406773235,C4_SENSITIVITY_ONLY
A4_A5_train_1m,train,1m,True,462,0.026,59.91198358083837,58.10127166460464,62.36346561343678,pubmed_abstracts_c4,pubmed_abstracts,63.357404096100105,64.65609086107253,59.94574943672765,0.03376585588928549,58.10127166460464,62.40679208385297,4.305520419248332,C4_SENSITIVITY_ONLY
A4_A5_train_1m,train,1m,True,463,0.526,62.503107627853005,61.19231139364886,63.11388554280341,pubmed_abstracts_c4,pubmed_abstracts,63.357404096100105,64.65609086107253,63.1862168662285,0.6831092383754935,61.19231139364886,63.99041336737713,2.798101973728272,C4_SENSITIVITY_ONLY
A4_A5_train_1m,train,1m,True,464,0.0049950049950049,62.453350393714935,60.57512670874207,63.36725195602102,pubmed_abstracts_c4,pubmed_abstracts,63.357404096100105,64.65609086107253,62.45983734059292,0.006486946877984678,60.57512670874207,63.37557564587274,2.8004489371306747,C4_SENSITIVITY_ONLY
A4_A5_train_1m,train,1m,True,465,0.0,51.81511625420505,51.81511625420505,51.81511625420505,pubmed_abstracts_c4,pubmed_abstracts,63.357404096100105,64.65609086107253,51.81511625420505,0.0,51.81511625420505,51.81511625420505,0.0,C4_SENSITIVITY_ONLY
A4_A5_train_1m,train,1m,True,466,0.0,60.9929031612761,58.79422169740754,63.46299361185261,pubmed_abstracts_c4,pubmed_abstracts,63.357404096100105,64.65609086107253,60.9929031612761,0.0,58.79422169740754,63.46299361185261,4.668771914445074,C4_SENSITIVITY_ONLY
A4_A5_train_1m,train,1m,True,467,0.0249750249750249,59.75547690529132,57.05473677755328,63.3062584681628,pubmed_abstracts_c4,pubmed_abstracts,63.357404096100105,64.65609086107253,59.78791163968124,0.03243473438992339,57.05473677755328,63.347876917421424,6.293140139868143,C4_SENSITIVITY_ONLY
A4_A5_train_1m,train,1m,True,468,0.0,55.10023739775842,55.10023739775842,55.10023739775842,pubmed_abstracts_c4,pubmed_abstracts,63.357404096100105,64.65609086107253,55.10023739775842,0.0,55.10023739775842,55.10023739775842,0.0,C4_SENSITIVITY_ONLY
A4_A5_train_1m,train,1m,True,469,0.0,61.095494380416845,60.03364395129826,62.19277375786025,pubmed_abstracts_c4,pubmed_abstracts,63.357404096100105,64.65609086107253,61.095494380416845,0.0,60.03364395129826,62.19277375786025,2.1591298065619924,C4_SENSITIVITY_ONLY
A4_A5_train_1m,train,1m,True,470,0.1244979919678714,60.64296315442122,59.82393926354772,61.23708813438522,pubmed_abstracts_c4,pubmed_abstracts,63.357404096100105,64.65609086107253,60.804647048855536,0.16168389443431863,59.82393926354772,61.44455192538027,1.6206126618325456,C4_SENSITIVITY_ONLY
A4_A5_train_1m,train,1m,True,471,0.0219780219780219,58.66510591995358,56.45503939192492,61.86638142367656,pubmed_abstracts_c4,pubmed_abstracts,63.357404096100105,64.65609086107253,58.69364848621671,0.0285425662631269,56.45503939192492,61.90300565902414,5.447966267099218,C4_SENSITIVITY_ONLY
A4_A5_train_1m,train,1m,True,472,0.0049950049950049,60.3789838245466,59.75907852960115,60.74136142786455,pubmed_abstracts_c4,pubmed_abstracts,63.357404096100105,64.65609086107253,60.385470771424586,0.006486946877984678,59.75907852960115,60.74968511771627,0.9906065881151207,C4_SENSITIVITY_ONLY
A4_A5_train_1m,train,1m,True,473,0.4275724275724275,62.33311266981711,59.8402160388754,64.07818775341855,pubmed_abstracts_c4,pubmed_abstracts,63.357404096100105,64.65609086107253,62.888395322572556,0.5552826527554444,59.8402160388754,64.79069560472608,4.950479565850685,C4_SENSITIVITY_ONLY
A4_A5_train_1m,train,1m,True,474,0.0049950049950049,63.64368679114683,63.42348166185847,63.79265648271949,pubmed_abstracts_c4,pubmed_abstracts,63.357404096100105,64.65609086107253,63.65017373802481,0.006486946877984678,63.42348166185847,63.80098017257121,0.37749851071274065,C4_SENSITIVITY_ONLY
A4_A5_train_1m,train,1m,True,475,0.0,63.562582381894345,62.94829090984982,63.99453870231845,pubmed_abstracts_c4,pubmed_abstracts,63.357404096100105,64.65609086107253,63.562582381894345,0.0,62.94829090984982,63.99453870231845,1.046247792468634,C4_SENSITIVITY_ONLY
A4_A5_train_1m,train,1m,True,476,0.2387612387612387,61.4902710520407,60.68508471975255,61.8372142622301,pubmed_abstracts_c4,pubmed_abstracts,63.357404096100105,64.65609086107253,61.80034711280834,0.31007606076764205,60.68508471975255,62.23508663714249,1.5500019173899346,C4_SENSITIVITY_ONLY
A4_A5_train_1m,train,1m,True,477,0.051051051051051,60.73826428447414,59.891574206924325,61.448857530980106,pubmed_abstracts_c4,pubmed_abstracts,63.357404096100105,64.65609086107253,60.804563608812074,0.06629932433793329,59.891574206924325,61.53392914071391,1.6423549337895835,C4_SENSITIVITY_ONLY
A4_A5_train_1m,train,1m,True,478,0.0,61.11492847038316,59.98029437675916,61.975103651118616,pubmed_abstracts_c4,pubmed_abstracts,63.357404096100105,64.65609086107253,61.11492847038316,0.0,59.98029437675916,61.975103651118616,1.9948092743594543,C4_SENSITIVITY_ONLY
A4_A5_train_1m,train,1m,True,479,0.083,62.31831822331178,61.7872344590128,62.558769840051006,pubmed_abstracts_c4,pubmed_abstracts,63.357404096100105,64.65609086107253,62.42610922480449,0.10779100149271414,61.7872344590128,62.69708126484116,0.9098468058283586,C4_SENSITIVITY_ONLY
A4_A5_train_1m,train,1m,True,480,0.136,63.78803436888637,63.47023331540494,63.929575346110624,pubmed_abstracts_c4,pubmed_abstracts,63.357404096100105,64.65609086107253,63.96465576892262,0.1766214000362467,63.47023331540494,64.15620611444147,0.6859727990365343,C4_SENSITIVITY_ONLY
A4_A5_train_1m,train,1m,True,481,0.438,62.269104172712645,59.90736059151766,64.04258208066194,pubmed_abstracts_c4,pubmed_abstracts,63.357404096100105,64.65609086107253,62.837928975770566,0.5688248030579217,59.90736059151766,64.77246646690394,4.865105875386277,C4_SENSITIVITY_ONLY
A4_A5_train_1m,train,1m,True,482,0.4194194194194194,62.94399510571217,60.83719224133464,63.96981231534332,pubmed_abstracts_c4,pubmed_abstracts,63.357404096100105,64.65609086107253,63.48868955468458,0.5446944489724146,60.83719224133464,64.66873397178377,3.831541730449125,C4_SENSITIVITY_ONLY
A4_A5_train_1m,train,1m,True,483,0.0,59.87856335408465,57.45380019231845,62.19628592689519,pubmed_abstracts_c4,pubmed_abstracts,63.357404096100105,64.65609086107253,59.87856335408465,0.0,57.45380019231845,62.19628592689519,4.742485734576746,C4_SENSITIVITY_ONLY
A4_A5_train_1m,train,1m,True,484,0.002002002002002,62.537680009881306,62.03829536182846,62.93180209976997,pubmed_abstracts_c4,pubmed_abstracts,63.357404096100105,64.65609086107253,62.54027998338476,0.0025999735034503146,62.03829536182846,62.935138241328154,0.8968428794996939,C4_SENSITIVITY_ONLY
A4_A5_train_1m,train,1m,True,485,0.1208791208791209,58.31307707943339,57.754025424716616,58.59299457338669,pubmed_abstracts_c4,pubmed_abstracts,63.357404096100105,64.65609086107253,58.47006119388061,0.15698411444721927,57.754025424716616,58.7944278677984,1.0404024430817813,C4_SENSITIVITY_ONLY
A4_A5_train_1m,train,1m,True,486,0.0,61.64150757155658,59.54191764840735,63.16777444449224,pubmed_abstracts_c4,pubmed_abstracts,63.357404096100105,64.65609086107253,61.64150757155658,0.0,59.54191764840735,63.16777444449224,3.6258567960848893,C4_SENSITIVITY_ONLY
A4_A5_train_1m,train,1m,True,487,0.0,62.46310532354157,61.505578021781815,64.00483805308616,pubmed_abstracts_c4,pubmed_abstracts,63.357404096100105,64.65609086107253,62.46310532354157,0.0,61.505578021781815,64.00483805308616,2.4992600313043454,C4_SENSITIVITY_ONLY
A4_A5_train_1m,train,1m,True,488,0.0,54.346013250405576,54.32386786166956,54.36592030110036,pubmed_abstracts_c4,pubmed_abstracts,63.357404096100105,64.65609086107253,54.346013250405576,0.0,54.32386786166956,54.36592030110036,0.042052439430797506,C4_SENSITIVITY_ONLY
A4_A5_train_1m,train,1m,True,489,0.0,61.13191736172891,59.08130399017479,63.59002508544275,pubmed_abstracts_c4,pubmed_abstracts,63.357404096100105,64.65609086107253,61.13191736172891,0.0,59.08130399017479,63.59002508544275,4.508721095267958,C4_SENSITIVITY_ONLY
A4_A5_train_1m,train,1m,True,490,0.0,59.49355433332217,56.4063509082634,64.31642946563777,pubmed_abstracts_c4,pubmed_abstracts,63.357404096100105,64.65609086107253,59.49355433332217,0.0,56.4063509082634,64.31642946563777,7.910078557374369,C4_SENSITIVITY_ONLY
A4_A5_train_1m,train,1m,True,491,0.0,62.49494160015838,61.480550174399234,63.289737524398944,pubmed_abstracts_c4,pubmed_abstracts,63.357404096100105,64.65609086107253,62.49494160015838,0.0,61.480550174399234,63.289737524398944,1.8091873499997106,C4_SENSITIVITY_ONLY
A4_A5_train_1m,train,1m,True,492,0.0601202404809619,61.47371347042108,58.18571779608333,64.14924056677063,pubmed_abstracts_c4,pubmed_abstracts,63.357404096100105,64.65609086107253,61.55179083104067,0.07807736061958792,58.18571779608333,64.24942509833265,6.06370730224932,C4_SENSITIVITY_ONLY
A4_A5_train_1m,train,1m,True,493,0.322,62.246551187019215,59.99471190740015,63.60588320313867,pubmed_abstracts_c4,pubmed_abstracts,63.357404096100105,64.65609086107253,62.664728325340334,0.4181771383211199,59.99471190740015,64.14246487521612,4.147752967815968,C4_SENSITIVITY_ONLY
A4_A5_train_1m,train,1m,True,494,0.012,60.243832407859486,57.67610264115348,63.75611123582048,pubmed_abstracts_c4,pubmed_abstracts,63.357404096100105,64.65609086107253,60.25941664903915,0.015584241179666947,57.67610264115348,63.776108068320255,6.100005427166778,C4_SENSITIVITY_ONLY
A4_A5_train_1m,train,1m,True,495,0.4394394394394394,63.03416903188903,61.7666202082521,63.61296553063781,pubmed_abstracts_c4,pubmed_abstracts,63.357404096100105,64.65609086107253,63.60486321589593,0.5706941840069035,61.7666202082521,64.34524860266015,2.5786283944080495,C4_SENSITIVITY_ONLY
A4_A5_train_1m,train,1m,True,496,0.0868263473053892,61.54858185294128,60.48487851297473,62.31190936175261,pubmed_abstracts_c4,pubmed_abstracts,63.357404096100105,64.65609086107253,61.66134208103769,0.11276022809640551,60.48487851297473,62.45659702205542,1.971718509080688,C4_SENSITIVITY_ONLY
A4_A5_train_1m,train,1m,True,497,0.132,61.38038285966028,60.493206496221006,61.78137943867336,pubmed_abstracts_c4,pubmed_abstracts,63.357404096100105,64.65609086107253,61.55180951263664,0.17142665297635773,60.493206496221006,62.00134459617095,1.5081380999499459,C4_SENSITIVITY_ONLY
A4_A5_train_1m,train,1m,True,498,0.0,63.34133401920938,63.18923057224786,63.538835118951305,pubmed_abstracts_c4,pubmed_abstracts,63.357404096100105,64.65609086107253,63.34133401920938,0.0,63.18923057224786,63.538835118951305,0.3496045467034463,C4_SENSITIVITY_ONLY
A4_A5_train_1m,train,1m,True,499,0.028942115768463,58.21232921466192,57.437563150391966,58.69792854449887,pubmed_abstracts_c4,pubmed_abstracts,63.357404096100105,64.65609086107253,58.24991595736072,0.03758674269879947,57.437563150391966,58.74615776459981,1.3085946142078413,C4_SENSITIVITY_ONLY
A4_A5_train_1m,train,1m,True,500,0.012,62.39026033033368,61.65761445148424,62.72164184808254,pubmed_abstracts_c4,pubmed_abstracts,63.357404096100105,64.65609086107253,62.40584457151335,0.015584241179666947,61.65761445148424,62.74163868058232,1.0840242290980768,C4_SENSITIVITY_ONLY
A4_A5_train_1m,train,1m,True,501,0.0009990009990009,59.58436464956927,57.25352535650866,61.82517306406237,pubmed_abstracts_c4,pubmed_abstracts,63.357404096100105,64.65609086107253,59.58566203894486,0.0012973893755940935,57.25352535650866,61.82683780203271,4.573312445524053,C4_SENSITIVITY_ONLY
A4_A5_train_1m,train,1m,True,502,0.0400801603206412,59.57437770304452,57.68147854135425,61.010540765434605,pubmed_abstracts_c4,pubmed_abstracts,63.357404096100105,64.65609086107253,59.62642927679091,0.05205157374638958,57.68147854135425,61.07733045314262,3.3958519117883696,C4_SENSITIVITY_ONLY
A4_A5_train_1m,train,1m,True,503,0.001,63.57539673084873,63.23568610295081,63.79724542510712,pubmed_abstracts_c4,pubmed_abstracts,63.357404096100105,64.65609086107253,63.576695417613706,0.0012986867649757983,63.23568610295081,63.79891182781544,0.5632257248646297,C4_SENSITIVITY_ONLY
A4_A5_train_1m,train,1m,True,504,0.003,56.80494810436977,55.54316482864832,57.84996242970907,pubmed_abstracts_c4,pubmed_abstracts,63.357404096100105,64.65609086107253,56.80884416466469,0.0038960602949202894,55.54316482864832,57.854961637834016,2.3117968091856937,C4_SENSITIVITY_ONLY
A4_A5_train_1m,train,1m,True,505,0.029029029029029,60.19534910284764,59.07772053032954,60.955306972298615,pubmed_abstracts_c4,pubmed_abstracts,63.357404096100105,64.65609086107253,60.233048718647645,0.03769961580000114,59.07772053032954,61.003681024892344,1.9259604945628013,C4_SENSITIVITY_ONLY
A4_A5_train_1m,train,1m,True,506,0.1709999999999999,60.658516230710575,58.69580598051168,62.65156100670736,pubmed_abstracts_c4,pubmed_abstracts,63.357404096100105,64.65609086107253,60.88059166752086,0.22207543681028596,58.69580598051168,62.936515869829236,4.240709889317557,C4_SENSITIVITY_ONLY
A4_A5_train_1m,train,1m,True,507,0.1571571571571571,58.61193226635702,56.36240537331342,60.582968115640654,pubmed_abstracts_c4,pubmed_abstracts,63.357404096100105,64.65609086107253,58.816030186377716,0.20409792002069338,56.36240537331342,60.84485522795843,4.4824498546450116,C4_SENSITIVITY_ONLY
A4_A5_train_1m,train,1m,True,508,0.0,60.04073969012968,59.84435267129175,60.18316869337242,pubmed_abstracts_c4,pubmed_abstracts,63.357404096100105,64.65609086107253,60.04073969012968,0.0,59.84435267129175,60.18316869337242,0.3388160220806711,C4_SENSITIVITY_ONLY
A4_A5_train_1m,train,1m,True,509,0.019,62.89007431229553,62.78283302208624,62.937466271004624,pubmed_abstracts_c4,pubmed_abstracts,63.357404096100105,64.65609086107253,62.91474936083001,0.024675048534476218,62.78283302208624,62.96912792246261,0.18629490037637453,C4_SENSITIVITY_ONLY
A4_A5_train_1m,train,1m,True,510,0.0,60.18127053309801,58.01808593111582,63.66425477260075,pubmed_abstracts_c4,pubmed_abstracts,63.357404096100105,64.65609086107253,60.18127053309801,0.0,58.01808593111582,63.66425477260075,5.646168841484929,C4_SENSITIVITY_ONLY
A4_A5_train_1m,train,1m,True,511,0.1941941941941942,63.22926047756294,62.217416931226296,63.8703723333373,pubmed_abstracts_c4,pubmed_abstracts,63.357404096100105,64.65609086107253,63.48145790739742,0.25219742983448157,62.217416931226296,64.19397806448157,1.9765611332552737,C4_SENSITIVITY_ONLY
A4_A5_train_1m,train,1m,True,512,0.0,63.55230512422695,63.34338629755419,63.75671218778629,pubmed_abstracts_c4,pubmed_abstracts,63.357404096100105,64.65609086107253,63.55230512422695,0.0,63.34338629755419,63.75671218778629,0.41332589023210176,C4_SENSITIVITY_ONLY
A6_A7_test_1m,test,1m,True,1,0.039039039039039,63.59530217834434,62.36360357296689,64.17313150435582,pubmed_abstracts_c4,pubmed_abstracts,63.357404096100105,64.65609086107253,63.64600166166158,0.0506994833172385,62.36360357296689,64.23818626474049,1.874582691773604,C4_SENSITIVITY_ONLY
A6_A7_test_1m,test,1m,True,2,0.0,63.40972117921458,62.71572008820634,64.01411676760901,pubmed_abstracts_c4,pubmed_abstracts,63.357404096100105,64.65609086107253,63.40972117921458,0.0,62.71572008820634,64.01411676760901,1.2983966794026713,C4_SENSITIVITY_ONLY
A6_A7_test_1m,test,1m,True,3,0.093,56.21800029905407,55.61793983488175,56.5176883546498,pubmed_abstracts_c4,pubmed_abstracts,63.357404096100105,64.65609086107253,56.338778168196505,0.1207778691424366,55.61793983488175,56.6726638065231,1.0547239716413443,C4_SENSITIVITY_ONLY
A6_A7_test_1m,test,1m,True,4,0.0,60.5691299638632,59.92087249799828,60.872089841105286,pubmed_abstracts_c4,pubmed_abstracts,63.357404096100105,64.65609086107253,60.5691299638632,0.0,59.92087249799828,60.872089841105286,0.9512173431070039,C4_SENSITIVITY_ONLY
A6_A7_test_1m,test,1m,True,5,0.0,62.97220372289228,62.632573509307605,63.18886519132863,pubmed_abstracts_c4,pubmed_abstracts,63.357404096100105,64.65609086107253,62.97220372289228,0.0,62.632573509307605,63.18886519132863,0.5562916820210262,C4_SENSITIVITY_ONLY
A6_A7_test_1m,test,1m,True,6,0.0,58.26330123520848,57.33863246590432,59.07245177276327,pubmed_abstracts_c4,pubmed_abstracts,63.357404096100105,64.65609086107253,58.26330123520848,0.0,57.33863246590432,59.07245177276327,1.7338193068589547,C4_SENSITIVITY_ONLY
A6_A7_test_1m,test,1m,True,7,0.002002002002002,51.832182947054896,51.82425504191595,51.8372072062128,pubmed_abstracts_c4,pubmed_abstracts,63.357404096100105,64.65609086107253,51.83478292055835,0.0025999735034503146,51.82425504191595,51.84054334777099,0.01628830585504204,C4_SENSITIVITY_ONLY
A6_A7_test_1m,test,1m,True,8,0.0,60.78119113001566,60.69024263271613,60.86417724786449,pubmed_abstracts_c4,pubmed_abstracts,63.357404096100105,64.65609086107253,60.78119113001566,0.0,60.69024263271613,60.86417724786449,0.17393461514836162,C4_SENSITIVITY_ONLY
A6_A7_test_1m,test,1m,True,9,0.0009990009990009,62.347003726710994,60.33038280077616,64.26598126512954,pubmed_abstracts_c4,pubmed_abstracts,63.357404096100105,64.65609086107253,62.34830111608659,0.0012973893755940935,60.33038280077616,64.26764600309988,3.9372632023237273,C4_SENSITIVITY_ONLY
A6_A7_test_1m,test,1m,True,10,0.0,63.27635254940586,61.517025981084224,64.07187975690971,pubmed_abstracts_c4,pubmed_abstracts,63.357404096100105,64.65609086107253,63.27635254940586,0.0,61.517025981084224,64.07187975690971,2.5548537758254852,C4_SENSITIVITY_ONLY
A6_A7_test_1m,test,1m,True,11,0.0,57.65682469683417,55.96289512460098,59.33463067090042,pubmed_abstracts_c4,pubmed_abstracts,63.357404096100105,64.65609086107253,57.65682469683417,0.0,55.96289512460098,59.33463067090042,3.3717355462994334,C4_SENSITIVITY_ONLY
A6_A7_test_1m,test,1m,True,12,0.016,63.54906668461967,62.81410297666955,64.25243929648934,pubmed_abstracts_c4,pubmed_abstracts,63.357404096100105,64.65609086107253,63.56984567285922,0.02077898823955593,62.81410297666955,64.27910173982238,1.4649987631528276,C4_SENSITIVITY_ONLY
A6_A7_test_1m,test,1m,True,13,0.001,56.40653443231444,55.55676988119584,56.78414628548029,pubmed_abstracts_c4,pubmed_abstracts,63.357404096100105,64.65609086107253,56.40783311907941,0.0012986867649757983,55.55676988119584,56.78581268818861,1.2290428069927657,C4_SENSITIVITY_ONLY
A6_A7_test_1m,test,1m,True,14,0.0,61.04646174849347,59.47862289737827,62.57541821465821,pubmed_abstracts_c4,pubmed_abstracts,63.357404096100105,64.65609086107253,61.04646174849347,0.0,59.47862289737827,62.57541821465821,3.096795317279934,C4_SENSITIVITY_ONLY
A6_A7_test_1m,test,1m,True,15,0.0,59.03862710563637,58.44952454379407,59.58500713463342,pubmed_abstracts_c4,pubmed_abstracts,63.357404096100105,64.65609086107253,59.03862710563637,0.0,58.44952454379407,59.58500713463342,1.1354825908393522,C4_SENSITIVITY_ONLY
A6_A7_test_1m,test,1m,True,16,0.0,62.04525605421088,60.38751783089782,62.97531314428185,pubmed_abstracts_c4,pubmed_abstracts,63.357404096100105,64.65609086107253,62.04525605421088,0.0,60.38751783089782,62.97531314428185,2.587795313384028,C4_SENSITIVITY_ONLY
A6_A7_test_1m,test,1m,True,17,0.2232232232232232,60.81886623001546,60.244477746108345,61.08482719704662,pubmed_abstracts_c4,pubmed_abstracts,63.357404096100105,64.65609086107253,61.10876327564994,0.2898970456344827,60.244477746108345,61.45680698078462,1.2123292346762753,C4_SENSITIVITY_ONLY
A6_A7_test_1m,test,1m,True,18,0.0310932798395185,59.83388209833621,57.33017964802888,62.04102895014427,pubmed_abstracts_c4,pubmed_abstracts,63.357404096100105,64.65609086107253,59.874262529343376,0.04038043100716493,57.33017964802888,62.09284287587924,4.762663227850361,C4_SENSITIVITY_ONLY
A6_A7_test_1m,test,1m,True,19,0.09,54.87065391682959,53.84594099131415,55.75370515709514,pubmed_abstracts_c4,pubmed_abstracts,63.357404096100105,64.65609086107253,54.987535725677105,0.11688180884751631,53.84594099131415,55.903681400843496,2.0577404095293446,C4_SENSITIVITY_ONLY
A6_A7_test_1m,test,1m,True,20,0.005005005005005,59.528698510089214,59.21032992362576,59.76866964303791,pubmed_abstracts_c4,pubmed_abstracts,63.357404096100105,64.65609086107253,59.53519844384783,0.006499933758618681,59.21032992362576,59.77700999693338,0.5666800733076229,C4_SENSITIVITY_ONLY
A6_A7_test_1m,test,1m,True,21,0.0,60.3335690086242,58.2833357914294,61.84413592514514,pubmed_abstracts_c4,pubmed_abstracts,63.357404096100105,64.65609086107253,60.3335690086242,0.0,58.2833357914294,61.84413592514514,3.5608001337157376,C4_SENSITIVITY_ONLY
A6_A7_test_1m,test,1m,True,22,0.0039960039960039,57.24257329423022,55.44291713124537,59.71100779700736,pubmed_abstracts_c4,pubmed_abstracts,63.357404096100105,64.65609086107253,57.24776285173261,0.005189557502390585,55.44291713124537,59.71766674888874,4.274749617643366,C4_SENSITIVITY_ONLY
A6_A7_test_1m,test,1m,True,23,0.1412825651302605,59.76795071732259,58.45388723609208,60.81789903219732,pubmed_abstracts_c4,pubmed_abstracts,63.357404096100105,64.65609086107253,59.95143251477862,0.18348179745602522,58.45388723609208,61.05333268136808,2.599445445276004,C4_SENSITIVITY_ONLY
A6_A7_test_1m,test,1m,True,24,0.055,56.248302552883295,55.999742790702086,56.41029470130965,pubmed_abstracts_c4,pubmed_abstracts,63.357404096100105,64.65609086107253,56.31973032495678,0.07142777207348416,55.999742790702086,56.50194685026698,0.502204059564896,C4_SENSITIVITY_ONLY
A6_A7_test_1m,test,1m,True,25,0.086,61.03148107782813,57.77597872115357,63.9896835495218,pubmed_abstracts_c4,pubmed_abstracts,63.357404096100105,64.65609086107253,61.14316813961576,0.11168706178762733,57.77597872115357,64.13299418243689,6.357015461283318,C4_SENSITIVITY_ONLY
A6_A7_test_1m,test,1m,True,26,0.0,63.76877719807879,63.59522061324132,63.83287723934917,pubmed_abstracts_c4,pubmed_abstracts,63.357404096100105,64.65609086107253,63.76877719807879,0.0,63.59522061324132,63.83287723934917,0.23765662610785654,C4_SENSITIVITY_ONLY
A6_A7_test_1m,test,1m,True,27,0.017,60.61625333530239,57.34948341112312,63.97970469629919,pubmed_abstracts_c4,pubmed_abstracts,63.357404096100105,64.65609086107253,60.63833101030692,0.022077675004531727,57.34948341112312,64.00803354234054,6.6585501312174245,C4_SENSITIVITY_ONLY
A6_A7_test_1m,test,1m,True,28,0.005005005005005,58.01451836650069,56.77251088024532,59.4732120929544,pubmed_abstracts_c4,pubmed_abstracts,63.357404096100105,64.65609086107253,58.02101830025931,0.006499933758618681,56.77251088024532,59.48155244684987,2.7090415666045473,C4_SENSITIVITY_ONLY
A6_A7_test_1m,test,1m,True,29,0.0,55.21995667845218,55.12638472295606,55.26413465792475,pubmed_abstracts_c4,pubmed_abstracts,63.357404096100105,64.65609086107253,55.21995667845218,0.0,55.12638472295606,55.26413465792475,0.1377499349686886,C4_SENSITIVITY_ONLY
A6_A7_test_1m,test,1m,True,30,0.4498997995991984,61.40742345012261,59.52957095712961,62.68830701414187,pubmed_abstracts_c4,pubmed_abstracts,63.357404096100105,64.65609086107253,61.99170236542583,0.5842789153032228,59.52957095712961,63.43802125866438,3.9084503015347707,C4_SENSITIVITY_ONLY
A6_A7_test_1m,test,1m,True,31,0.348,57.69600870953806,56.261786622659095,58.66586102150546,pubmed_abstracts_c4,pubmed_abstracts,63.357404096100105,64.65609086107253,58.14795170374847,0.4519429942104054,56.261786622659095,59.2457691639991,2.983982541340005,C4_SENSITIVITY_ONLY
A6_A7_test_1m,test,1m,True,32,0.001,62.37051568983851,60.35294767841537,63.71774666308108,pubmed_abstracts_c4,pubmed_abstracts,63.357404096100105,64.65609086107253,62.37181437660349,0.0012986867649757983,60.35294767841537,63.7194130657894,3.366465387374028,C4_SENSITIVITY_ONLY
A6_A7_test_1m,test,1m,True,33,0.002002002002002,62.61044002852123,62.0633301352761,62.864405746160585,pubmed_abstracts_c4,pubmed_abstracts,63.357404096100105,64.65609086107253,62.61304000202468,0.0025999735034503146,62.0633301352761,62.86774188771877,0.8044117524426753,C4_SENSITIVITY_ONLY
A6_A7_test_1m,test,1m,True,34,0.241,60.31395383691235,59.69408560696843,60.64447707835715,pubmed_abstracts_c4,pubmed_abstracts,63.357404096100105,64.65609086107253,60.626937347270704,0.31298351035835736,59.69408560696843,61.046080131061075,1.351994524092646,C4_SENSITIVITY_ONLY
A6_A7_test_1m,test,1m,True,35,0.163,62.22685498205431,61.31785942222993,62.57769899301742,pubmed_abstracts_c4,pubmed_abstracts,63.357404096100105,64.65609086107253,62.43854092474482,0.211685942690508,61.31785942222993,62.84932263447278,1.5314632122428478,C4_SENSITIVITY_ONLY
A6_A7_test_1m,test,1m,True,36,0.093,60.61808077549649,59.28266331246813,61.369820836688575,pubmed_abstracts_c4,pubmed_abstracts,63.357404096100105,64.65609086107253,60.738858644638924,0.1207778691424366,59.28266331246813,61.52479628856187,2.2421329760937425,C4_SENSITIVITY_ONLY
A6_A7_test_1m,test,1m,True,37,0.26,56.05516326385042,55.32039742701019,56.384639107374575,pubmed_abstracts_c4,pubmed_abstracts,63.357404096100105,64.65609086107253,56.392821822743244,0.3376585588928265,55.32039742701019,56.81790381153649,1.4975063845262966,C4_SENSITIVITY_ONLY
A6_A7_test_1m,test,1m,True,38,0.3803803803803804,58.71188187696299,57.77131382718156,59.12341237395364,pubmed_abstracts_c4,pubmed_abstracts,63.357404096100105,64.65609086107253,59.20587684261817,0.4939949656551761,57.77131382718156,59.75727927000942,1.9859654428278617,C4_SENSITIVITY_ONLY
A6_A7_test_1m,test,1m,True,39,0.0,62.76233377257159,61.9157429218796,63.190255316936216,pubmed_abstracts_c4,pubmed_abstracts,63.357404096100105,64.65609086107253,62.76233377257159,0.0,61.9157429218796,63.190255316936216,1.2745123950566182,C4_SENSITIVITY_ONLY
A6_A7_test_1m,test,1m,True,40,0.002002002002002,60.59251727940561,60.127737018310974,61.17966228966852,pubmed_abstracts_c4,pubmed_abstracts,63.357404096100105,64.65609086107253,60.59511725290906,0.0025999735034503146,60.127737018310974,61.18299843122671,1.0552614129157334,C4_SENSITIVITY_ONLY
A6_A7_test_1m,test,1m,True,41,0.349,61.65580498272416,60.12857239173427,62.64606131209467,pubmed_abstracts_c4,pubmed_abstracts,63.357404096100105,64.65609086107253,62.10904666369954,0.4532416809753741,60.12857239173427,63.22763585729663,3.0990634655623666,C4_SENSITIVITY_ONLY
A6_A7_test_1m,test,1m,True,42,0.2167832167832167,61.43788559764158,60.0053986316938,62.62448217903577,pubmed_abstracts_c4,pubmed_abstracts,63.357404096100105,64.65609086107253,61.71941909214609,0.28153349450450804,60.0053986316938,62.985730318600574,2.980331686906773,C4_SENSITIVITY_ONLY
A6_A7_test_1m,test,1m,True,43,0.0,61.47814732949036,61.464371671257126,61.48378048945596,pubmed_abstracts_c4,pubmed_abstracts,63.357404096100105,64.65609086107253,61.47814732949036,0.0,61.464371671257126,61.48378048945596,0.019408818198833444,C4_SENSITIVITY_ONLY
A6_A7_test_1m,test,1m,True,44,0.0,60.404221965362666,57.916654732343005,63.17354344730494,pubmed_abstracts_c4,pubmed_abstracts,63.357404096100105,64.65609086107253,60.404221965362666,0.0,57.916654732343005,63.17354344730494,5.256888714961931,C4_SENSITIVITY_ONLY
A6_A7_test_1m,test,1m,True,45,0.03,63.18386814240382,61.67465255339616,64.12014217704859,pubmed_abstracts_c4,pubmed_abstracts,63.357404096100105,64.65609086107253,63.22282874535299,0.03896060294917447,61.67465255339616,64.17013425829805,2.4954817049018914,C4_SENSITIVITY_ONLY
A6_A7_test_1m,test,1m,True,46,0.022022022022022,61.5381407578536,61.290388568501584,61.646294002401866,pubmed_abstracts_c4,pubmed_abstracts,63.357404096100105,64.65609086107253,61.56674046639153,0.028599708537932145,61.290388568501584,61.68299155954194,0.3926029910403557,C4_SENSITIVITY_ONLY
A6_A7_test_1m,test,1m,True,47,0.1131131131131131,60.161350933133086,57.73171954458863,62.69705425450033,pubmed_abstracts_c4,pubmed_abstracts,63.357404096100105,64.65609086107253,60.308249436077915,0.1468985029448291,57.73171954458863,62.88554625253797,5.153826707949342,C4_SENSITIVITY_ONLY
A6_A7_test_1m,test,1m,True,48,0.0,55.62702814129713,54.961135168022274,55.97857795351033,pubmed_abstracts_c4,pubmed_abstracts,63.357404096100105,64.65609086107253,55.62702814129713,0.0,54.961135168022274,55.97857795351033,1.0174427854880577,C4_SENSITIVITY_ONLY
A6_A7_test_1m,test,1m,True,49,0.003,61.32219162173639,61.09740433597638,61.660724128785326,pubmed_abstracts_c4,pubmed_abstracts,63.357404096100105,64.65609086107253,61.32608768203131,0.0038960602949202894,61.09740433597638,61.66572333691027,0.5683190009338901,C4_SENSITIVITY_ONLY
A6_A7_test_1m,test,1m,True,50,0.3513513513513513,60.18243830862772,58.83069319318216,61.02324534128245,pubmed_abstracts_c4,pubmed_abstracts,63.357404096100105,64.65609086107253,60.63873365848289,0.45629534985517495,58.83069319318216,61.608738184744496,2.7780449915623393,C4_SENSITIVITY_ONLY
A6_A7_test_1m,test,1m,True,51,0.016,60.60877774881936,59.55019198357805,61.07399273782257,pubmed_abstracts_c4,pubmed_abstracts,63.357404096100105,64.65609086107253,60.62955673705891,0.02077898823955593,59.55019198357805,61.10065518115561,1.5504631975775567,C4_SENSITIVITY_ONLY
A6_A7_test_1m,test,1m,True,52,0.0,61.60852742841308,59.58239980351784,62.60157571883304,pubmed_abstracts_c4,pubmed_abstracts,63.357404096100105,64.65609086107253,61.60852742841308,0.0,59.58239980351784,62.60157571883304,3.019175915315202,C4_SENSITIVITY_ONLY
A6_A7_test_1m,test,1m,True,53,0.01,61.71676816843448,59.676782955260926,63.291411560125546,pubmed_abstracts_c4,pubmed_abstracts,63.357404096100105,64.65609086107253,61.7297550360842,0.012986867649722456,59.676782955260926,63.3080755872087,3.6312926319477725,C4_SENSITIVITY_ONLY
A6_A7_test_1m,test,1m,True,54,0.0,63.33497192878741,62.86869159519164,63.75759763047514,pubmed_abstracts_c4,pubmed_abstracts,63.357404096100105,64.65609086107253,63.33497192878741,0.0,62.86869159519164,63.75759763047514,0.8889060352834974,C4_SENSITIVITY_ONLY
A6_A7_test_1m,test,1m,True,55,0.0529470529470529,62.609643212869294,61.14161410783316,63.25732552727273,pubmed_abstracts_c4,pubmed_abstracts,63.357404096100105,64.65609086107253,62.67840484977592,0.06876163690662906,61.14161410783316,63.345556639700995,2.203942531867831,C4_SENSITIVITY_ONLY
A6_A7_test_1m,test,1m,True,56,0.0,62.76680345698766,61.31555752844155,63.41022510001909,pubmed_abstracts_c4,pubmed_abstracts,63.357404096100105,64.65609086107253,62.76680345698766,0.0,61.31555752844155,63.41022510001909,2.0946675715775385,C4_SENSITIVITY_ONLY
A6_A7_test_1m,test,1m,True,57,0.0,63.06805649975109,60.59987393639249,64.3230756511424,pubmed_abstracts_c4,pubmed_abstracts,63.357404096100105,64.65609086107253,63.06805649975109,0.0,60.59987393639249,64.3230756511424,3.723201714749912,C4_SENSITIVITY_ONLY
A6_A7_test_1m,test,1m,True,58,0.068,62.38843996451571,61.54120570844459,62.83277892755388,pubmed_abstracts_c4,pubmed_abstracts,63.357404096100105,64.65609086107253,62.47675066453384,0.08831070001812691,61.54120570844459,62.94609431171931,1.4048886032747134,C4_SENSITIVITY_ONLY
A6_A7_test_1m,test,1m,True,59,0.0,61.44323236092639,59.28735776459155,63.25683271591197,pubmed_abstracts_c4,pubmed_abstracts,63.357404096100105,64.65609086107253,61.44323236092639,0.0,59.28735776459155,63.25683271591197,3.9694749513204215,C4_SENSITIVITY_ONLY
A6_A7_test_1m,test,1m,True,60,0.002002002002002,62.23869755975205,62.05057913426763,62.4199401482651,pubmed_abstracts_c4,pubmed_abstracts,63.357404096100105,64.65609086107253,62.2412975332555,0.0025999735034503146,62.05057913426763,62.423276289823285,0.37269715555565597,C4_SENSITIVITY_ONLY
A6_A7_test_1m,test,1m,True,61,0.0,63.53351778948607,63.53351778948607,63.53351778948607,pubmed_abstracts_c4,pubmed_abstracts,63.357404096100105,64.65609086107253,63.53351778948607,0.0,63.53351778948607,63.53351778948607,0.0,C4_SENSITIVITY_ONLY
A6_A7_test_1m,test,1m,True,62,0.005005005005005,62.981595415567305,62.8581355570484,63.08947713937182,pubmed_abstracts_c4,pubmed_abstracts,63.357404096100105,64.65609086107253,62.988095349325924,0.006499933758618681,62.8581355570484,63.09781749326729,0.23968193621889355,C4_SENSITIVITY_ONLY
A6_A7_test_1m,test,1m,True,63,0.0,59.75156372062323,56.74706785548885,64.29591364486677,pubmed_abstracts_c4,pubmed_abstracts,63.357404096100105,64.65609086107253,59.75156372062323,0.0,56.74706785548885,64.29591364486677,7.548845789377921,C4_SENSITIVITY_ONLY
A6_A7_test_1m,test,1m,True,64,0.042,60.54930100549522,58.63778235862512,61.98823392130327,pubmed_abstracts_c4,pubmed_abstracts,63.357404096100105,64.65609086107253,60.60384584962406,0.05454484412884142,58.63778235862512,62.058222835052504,3.4204404764273875,C4_SENSITIVITY_ONLY
A6_A7_test_1m,test,1m,True,65,0.0,62.41323444752325,62.40400989412382,62.416962058420665,pubmed_abstracts_c4,pubmed_abstracts,63.357404096100105,64.65609086107253,62.41323444752325,0.0,62.40400989412382,62.416962058420665,0.012952164296848423,C4_SENSITIVITY_ONLY
A6_A7_test_1m,test,1m,True,66,0.0,60.33638231242879,57.710258603472354,64.31212726062277,pubmed_abstracts_c4,pubmed_abstracts,63.357404096100105,64.65609086107253,60.33638231242879,0.0,57.710258603472354,64.31212726062277,6.601868657150419,C4_SENSITIVITY_ONLY
A6_A7_test_1m,test,1m,True,67,0.034,62.27902493782339,62.15646672374482,62.33011741366066,pubmed_abstracts_c4,pubmed_abstracts,63.357404096100105,64.65609086107253,62.32318028783245,0.044155350009063454,62.15646672374482,62.38677510574337,0.23030838199854742,C4_SENSITIVITY_ONLY
A6_A7_test_1m,test,1m,True,68,0.0169660678642714,61.61288749599015,61.184740425609824,61.949257438709935,pubmed_abstracts_c4,pubmed_abstracts,63.357404096100105,64.65609086107253,61.63492110377911,0.022033607788955578,61.184740425609824,61.97752974014841,0.792789314538588,C4_SENSITIVITY_ONLY
A6_A7_test_1m,test,1m,True,69,0.0,59.82703152959528,57.48202518475352,62.19549828376528,pubmed_abstracts_c4,pubmed_abstracts,63.357404096100105,64.65609086107253,59.82703152959528,0.0,57.48202518475352,62.19549828376528,4.713473099011765,C4_SENSITIVITY_ONLY
A6_A7_test_1m,test,1m,True,70,0.0,63.07012586670808,63.03494067180648,63.09261180288767,pubmed_abstracts_c4,pubmed_abstracts,63.357404096100105,64.65609086107253,63.07012586670808,0.0,63.03494067180648,63.09261180288767,0.05767113108118593,C4_SENSITIVITY_ONLY
A6_A7_test_1m,test,1m,True,71,0.0,60.629718624889016,59.65252804507379,61.001560941717145,pubmed_abstracts_c4,pubmed_abstracts,63.357404096100105,64.65609086107253,60.629718624889016,0.0,59.65252804507379,61.001560941717145,1.349032896643358,C4_SENSITIVITY_ONLY
A6_A7_test_1m,test,1m,True,72,0.0019980019980019,61.35252170016647,59.458557711852926,63.878251082581286,pubmed_abstracts_c4,pubmed_abstracts,63.357404096100105,64.65609086107253,61.355116478917665,0.0025947787511952924,59.458557711852926,63.881580558521975,4.423022846669049,C4_SENSITIVITY_ONLY
A6_A7_test_1m,test,1m,True,73,0.3426853707414829,63.350469904753695,61.25362516588942,64.27764029778446,pubmed_abstracts_c4,pubmed_abstracts,63.357404096100105,64.65609086107253,63.795510860285326,0.44504095553163125,61.25362516588942,64.84869212768801,3.5950669617985938,C4_SENSITIVITY_ONLY
A6_A7_test_1m,test,1m,True,74,0.0,62.24157504013688,60.82685392039398,64.30151630130354,pubmed_abstracts_c4,pubmed_abstracts,63.357404096100105,64.65609086107253,62.24157504013688,0.0,60.82685392039398,64.30151630130354,3.4746623809095567,C4_SENSITIVITY_ONLY
A6_A7_test_1m,test,1m,True,75,0.1921921921921921,62.24376941933645,60.90522004380616,63.013960824619325,pubmed_abstracts_c4,pubmed_abstracts,63.357404096100105,64.65609086107253,62.49336687566749,0.24959745633103836,60.90522004380616,63.3342304142054,2.42901037039924,C4_SENSITIVITY_ONLY
A6_A7_test_1m,test,1m,True,76,0.0009990009990009,61.4017438981549,60.00175968734038,62.58459689500637,pubmed_abstracts_c4,pubmed_abstracts,63.357404096100105,64.65609086107253,61.40304128753049,0.0012973893755940935,60.00175968734038,62.586261632976715,2.584501945636333,C4_SENSITIVITY_ONLY
A6_A7_test_1m,test,1m,True,77,0.0,62.267508399269126,62.16212896010998,62.29996358749207,pubmed_abstracts_c4,pubmed_abstracts,63.357404096100105,64.65609086107253,62.267508399269126,0.0,62.16212896010998,62.29996358749207,0.13783462738209096,C4_SENSITIVITY_ONLY
A6_A7_test_1m,test,1m,True,78,0.02002002002002,61.04483956636848,59.316930862962906,61.7989511981524,pubmed_abstracts_c4,pubmed_abstracts,63.357404096100105,64.65609086107253,61.07083930140296,0.02599973503448183,59.316930862962906,61.83231261373429,2.5153817507713825,C4_SENSITIVITY_ONLY
A6_A7_test_1m,test,1m,True,79,0.0,52.13150836622717,52.12473887470015,52.13444328379956,pubmed_abstracts_c4,pubmed_abstracts,63.357404096100105,64.65609086107253,52.13150836622717,0.0,52.12473887470015,52.13444328379956,0.00970440909941317,C4_SENSITIVITY_ONLY
A6_A7_test_1m,test,1m,True,80,0.313,63.02488852041614,61.0554279797865,63.95870963310576,pubmed_abstracts_c4,pubmed_abstracts,63.357404096100105,64.65609086107253,63.43137747785251,0.40648895743636615,61.0554279797865,64.48029368080837,3.424865701021872,C4_SENSITIVITY_ONLY
A6_A7_test_1m,test,1m,True,81,0.5615615615615616,62.63196471214374,60.42841897577981,64.02035512294147,pubmed_abstracts_c4,pubmed_abstracts,63.357404096100105,64.65609086107253,63.361257279860986,0.7292925677172448,60.42841897577981,64.95614283001329,4.527723854233479,C4_SENSITIVITY_ONLY
A6_A7_test_1m,test,1m,True,82,0.2127872127872128,58.3413778290866,57.28840117181493,58.8262828098746,pubmed_abstracts_c4,pubmed_abstracts,63.357404096100105,64.65609086107253,58.61772176608873,0.27634393700212456,57.28840117181493,59.18087199755802,1.8924708257430893,C4_SENSITIVITY_ONLY
A6_A7_test_1m,test,1m,True,83,0.0,62.10611367432088,60.53325169989081,62.848834179551126,pubmed_abstracts_c4,pubmed_abstracts,63.357404096100105,64.65609086107253,62.10611367432088,0.0,60.53325169989081,62.848834179551126,2.315582479660314,C4_SENSITIVITY_ONLY
A6_A7_test_1m,test,1m,True,84,0.0029970029970029,63.30323463965497,62.80870463158012,63.49500096587595,pubmed_abstracts_c4,pubmed_abstracts,63.357404096100105,64.65609086107253,63.307126807781756,0.003892168126789386,62.80870463158012,63.499995179786985,0.6912905482068652,C4_SENSITIVITY_ONLY
A6_A7_test_1m,test,1m,True,85,0.443,57.52136373815516,56.364957569734216,58.05267587610436,pubmed_abstracts_c4,pubmed_abstracts,63.357404096100105,64.65609086107253,58.096681975037946,0.5753182368827865,56.364957569734216,58.790892275887934,2.4259347061537184,C4_SENSITIVITY_ONLY
A6_A7_test_1m,test,1m,True,86,0.004004004004004,63.33343081370141,63.21006673020905,63.43446173321027,pubmed_abstracts_c4,pubmed_abstracts,63.357404096100105,64.65609086107253,63.338630760708305,0.005199947006893524,63.21006673020905,63.44113401632665,0.2310672861176002,C4_SENSITIVITY_ONLY
A6_A7_test_1m,test,1m,True,87,0.0,59.31477872177568,56.250679256471535,64.22838077393203,pubmed_abstracts_c4,pubmed_abstracts,63.357404096100105,64.65609086107253,59.31477872177568,0.0,56.250679256471535,64.22838077393203,7.9777015174604955,C4_SENSITIVITY_ONLY
A6_A7_test_1m,test,1m,True,88,0.0,62.20287222427098,59.967913531029225,64.15875057405417,pubmed_abstracts_c4,pubmed_abstracts,63.357404096100105,64.65609086107253,62.20287222427098,0.0,59.967913531029225,64.15875057405417,4.190837043024942,C4_SENSITIVITY_ONLY
A6_A7_test_1m,test,1m,True,89,0.001,62.09024375390363,61.83392397851864,62.35628647116077,pubmed_abstracts_c4,pubmed_abstracts,63.357404096100105,64.65609086107253,62.091542440668604,0.0012986867649757983,61.83392397851864,62.35795287386909,0.5240288953504475,C4_SENSITIVITY_ONLY
A6_A7_test_1m,test,1m,True,90,0.2302302302302302,59.64108097245275,58.7200039218559,60.349535346031,pubmed_abstracts_c4,pubmed_abstracts,63.357404096100105,64.65609086107253,59.9400779253493,0.2989969528965517,58.7200039218559,60.73319162522265,2.0131877033667536,C4_SENSITIVITY_ONLY
A6_A7_test_1m,test,1m,True,91,0.001002004008016,62.83349535826595,62.60179510992237,63.030245988694624,pubmed_abstracts_c4,pubmed_abstracts,63.357404096100105,64.65609086107253,62.83479664760961,0.0013012893436581408,62.60179510992237,63.03191573088733,0.4301206209649564,C4_SENSITIVITY_ONLY
A6_A7_test_1m,test,1m,True,92,0.02,60.645755594956114,58.489322017084646,62.72506594259247,pubmed_abstracts_c4,pubmed_abstracts,63.357404096100105,64.65609086107253,60.67172933025556,0.02597373529944491,58.489322017084646,62.75839399675878,4.2690719796741305,C4_SENSITIVITY_ONLY
A6_A7_test_1m,test,1m,True,93,0.0,57.218830739890166,56.24767602249483,57.62560258861967,pubmed_abstracts_c4,pubmed_abstracts,63.357404096100105,64.65609086107253,57.218830739890166,0.0,56.24767602249483,57.62560258861967,1.3779265661248417,C4_SENSITIVITY_ONLY
A6_A7_test_1m,test,1m,True,94,0.1208791208791208,62.31924166057822,61.50893807184063,62.949153932806446,pubmed_abstracts_c4,pubmed_abstracts,63.357404096100105,64.65609086107253,62.47622577502544,0.15698411444721927,61.50893807184063,63.15058722721815,1.6416491553775217,C4_SENSITIVITY_ONLY
A6_A7_test_1m,test,1m,True,95,0.0,62.10137738547365,61.069046993836295,62.51421371454761,pubmed_abstracts_c4,pubmed_abstracts,63.357404096100105,64.65609086107253,62.10137738547365,0.0,61.069046993836295,62.51421371454761,1.4451667207113132,C4_SENSITIVITY_ONLY
A6_A7_test_1m,test,1m,True,96,0.0,62.03469837741846,61.15988666596384,62.444252251532085,pubmed_abstracts_c4,pubmed_abstracts,63.357404096100105,64.65609086107253,62.03469837741846,0.0,61.15988666596384,62.444252251532085,1.2843655855682456,C4_SENSITIVITY_ONLY
A6_A7_test_1m,test,1m,True,97,0.0,61.45640251320091,59.61776934343354,63.78590517720588,pubmed_abstracts_c4,pubmed_abstracts,63.357404096100105,64.65609086107253,61.45640251320091,0.0,59.61776934343354,63.78590517720588,4.168135833772347,C4_SENSITIVITY_ONLY
A6_A7_test_1m,test,1m,True,98,0.316,61.22010112412231,58.839490139862974,63.11927720838873,pubmed_abstracts_c4,pubmed_abstracts,63.357404096100105,64.65609086107253,61.630486141853595,0.41038501773128644,58.839490139862974,63.64586046421629,4.806370324353317,C4_SENSITIVITY_ONLY
A6_A7_test_1m,test,1m,True,99,0.0,60.74004529653456,59.17578194015701,62.78840490618595,pubmed_abstracts_c4,pubmed_abstracts,63.357404096100105,64.65609086107253,60.74004529653456,0.0,59.17578194015701,62.78840490618595,3.612622966028944,C4_SENSITIVITY_ONLY
A6_A7_test_1m,test,1m,True,100,0.328,62.04706759259917,60.17604925524407,63.64116658496098,pubmed_abstracts_c4,pubmed_abstracts,63.357404096100105,64.65609086107253,62.47303685151012,0.4259692589109534,60.17604925524407,64.18774667328832,4.01169741804425,C4_SENSITIVITY_ONLY
A6_A7_test_1m,test,1m,True,101,0.0,60.47396527435355,57.2457000956111,63.55525124170568,pubmed_abstracts_c4,pubmed_abstracts,63.357404096100105,64.65609086107253,60.47396527435355,0.0,57.2457000956111,63.55525124170568,6.309551146094584,C4_SENSITIVITY_ONLY
A6_A7_test_1m,test,1m,True,102,0.0,62.27269433203166,60.43761437485615,63.204542118976896,pubmed_abstracts_c4,pubmed_abstracts,63.357404096100105,64.65609086107253,62.27269433203166,0.0,60.43761437485615,63.204542118976896,2.7669277441207427,C4_SENSITIVITY_ONLY
A6_A7_test_1m,test,1m,True,103,0.1943887775551102,60.57438041549023,58.52141745672058,62.18389560315545,pubmed_abstracts_c4,pubmed_abstracts,63.357404096100105,64.65609086107253,60.826830548160224,0.25245013266999194,58.52141745672058,62.50782558853934,3.986408131818763,C4_SENSITIVITY_ONLY
A6_A7_test_1m,test,1m,True,104,0.0,62.32548347175669,61.74533495711365,63.17690045756646,pubmed_abstracts_c4,pubmed_abstracts,63.357404096100105,64.65609086107253,62.32548347175669,0.0,61.74533495711365,63.17690045756646,1.4315655004528125,C4_SENSITIVITY_ONLY
A6_A7_test_1m,test,1m,True,105,0.0,61.31220102429149,59.817170599145314,62.96407940932588,pubmed_abstracts_c4,pubmed_abstracts,63.357404096100105,64.65609086107253,61.31220102429149,0.0,59.817170599145314,62.96407940932588,3.1469088101805696,C4_SENSITIVITY_ONLY
A6_A7_test_1m,test,1m,True,106,0.0,61.491692198814405,61.40060336996814,61.57090876947819,pubmed_abstracts_c4,pubmed_abstracts,63.357404096100105,64.65609086107253,61.491692198814405,0.0,61.40060336996814,61.57090876947819,0.17030539951004897,C4_SENSITIVITY_ONLY
A6_A7_test_1m,test,1m,True,107,0.0638722554890219,63.59825485882663,62.86650643422111,64.06131952783593,pubmed_abstracts_c4,pubmed_abstracts,63.357404096100105,64.65609086107253,63.68120491167916,0.08295005285253154,62.86650643422111,64.16775642736903,1.3012499931479198,C4_SENSITIVITY_ONLY
A6_A7_test_1m,test,1m,True,108,0.086,59.85431021261646,58.420649717261234,60.83475676069977,pubmed_abstracts_c4,pubmed_abstracts,63.357404096100105,64.65609086107253,59.96599727440409,0.11168706178762733,58.420649717261234,60.978067393614864,2.55741767635363,C4_SENSITIVITY_ONLY
A6_A7_test_1m,test,1m,True,109,0.0,64.1017421643832,63.89658204611453,64.17055219996845,pubmed_abstracts_c4,pubmed_abstracts,63.357404096100105,64.65609086107253,64.1017421643832,0.0,63.89658204611453,64.17055219996845,0.27397015385392365,C4_SENSITIVITY_ONLY
A6_A7_test_1m,test,1m,True,110,0.429,62.170492525905125,61.018151096328026,62.64946912461208,pubmed_abstracts_c4,pubmed_abstracts,63.357404096100105,64.65609086107253,62.72762914807829,0.557136622173168,61.018151096328026,63.364355886479245,2.3462047901512193,C4_SENSITIVITY_ONLY
A6_A7_test_1m,test,1m,True,111,0.041041041041041,62.73186035179894,62.455665593195874,62.84725157207211,pubmed_abstracts_c4,pubmed_abstracts,63.357404096100105,64.65609086107253,62.78515980861963,0.05329945682068882,62.455665593195874,62.91564247401497,0.4599768808190987,C4_SENSITIVITY_ONLY
A6_A7_test_1m,test,1m,True,112,0.0,60.61452762428162,57.66199675854021,63.97192329669316,pubmed_abstracts_c4,pubmed_abstracts,63.357404096100105,64.65609086107253,60.61452762428162,0.0,57.66199675854021,63.97192329669316,6.309926538152951,C4_SENSITIVITY_ONLY
A6_A7_test_1m,test,1m,True,113,0.0020060180541624,59.31987207421634,58.18424244447421,60.60596530794338,pubmed_abstracts_c4,pubmed_abstracts,63.357404096100105,64.65609086107253,59.32247726331358,0.0026051890972382807,58.18424244447421,60.60930814186177,2.4250656973875593,C4_SENSITIVITY_ONLY
A6_A7_test_1m,test,1m,True,114,0.0,62.58764476600154,60.97868863201176,63.40914701370449,pubmed_abstracts_c4,pubmed_abstracts,63.357404096100105,64.65609086107253,62.58764476600154,0.0,60.97868863201176,63.40914701370449,2.4304583816927305,C4_SENSITIVITY_ONLY
A6_A7_test_1m,test,1m,True,115,0.0,63.72803334537386,63.07364916442806,64.01174204403827,pubmed_abstracts_c4,pubmed_abstracts,63.357404096100105,64.65609086107253,63.72803334537386,0.0,63.07364916442806,64.01174204403827,0.9380928796102097,C4_SENSITIVITY_ONLY
A6_A7_test_1m,test,1m,True,116,0.0040080160320641,61.81299828692577,61.340741865958734,62.15706070500404,pubmed_abstracts_c4,pubmed_abstracts,63.357404096100105,64.65609086107253,61.81820344430041,0.005205157374639668,61.340741865958734,62.16373967377484,0.8229978078161082,C4_SENSITIVITY_ONLY
A6_A7_test_1m,test,1m,True,117,0.0,61.53381114513434,61.27818826107816,61.64912094943698,pubmed_abstracts_c4,pubmed_abstracts,63.357404096100105,64.65609086107253,61.53381114513434,0.0,61.27818826107816,61.64912094943698,0.37093268835882043,C4_SENSITIVITY_ONLY
A6_A7_test_1m,test,1m,True,118,0.009009009009009,62.146206348271264,60.21725930475335,63.09729630847546,pubmed_abstracts_c4,pubmed_abstracts,63.357404096100105,64.65609086107253,62.15790622903678,0.01169988076551931,60.21725930475335,63.11230894548731,2.8950496407339585,C4_SENSITIVITY_ONLY
A6_A7_test_1m,test,1m,True,119,0.033033033033033,60.596162494502174,59.95086742851272,60.94990112347136,pubmed_abstracts_c4,pubmed_abstracts,63.357404096100105,64.65609086107253,60.63906205730907,0.042899562806894664,59.95086742851272,61.00494745918147,1.0540800306687501,C4_SENSITIVITY_ONLY
A6_A7_test_1m,test,1m,True,120,0.0079840319361277,60.364248228541655,58.60903470769821,63.00964361307773,pubmed_abstracts_c4,pubmed_abstracts,63.357404096100105,64.65609086107253,60.37461698514822,0.010368756606567331,58.60903470769821,63.022948225519364,4.4139135178211575,C4_SENSITIVITY_ONLY
A6_A7_test_1m,test,1m,True,121,0.0589410589410589,56.31117434628307,56.0299106186043,56.43470210237419,pubmed_abstracts_c4,pubmed_abstracts,63.357404096100105,64.65609086107253,56.38772031944328,0.07654597316021494,56.0299106186043,56.53292164262453,0.5030110240202319,C4_SENSITIVITY_ONLY
A6_A7_test_1m,test,1m,True,122,0.365,60.11994508063846,58.869408320457175,60.6814462784989,pubmed_abstracts_c4,pubmed_abstracts,63.357404096100105,64.65609086107253,60.593965749853396,0.47402066921493713,58.869408320457175,61.2896832670339,2.4202749465767255,C4_SENSITIVITY_ONLY
A6_A7_test_1m,test,1m,True,123,0.3983983983983983,62.99128908007299,61.9498872999677,63.43644601371649,pubmed_abstracts_c4,pubmed_abstracts,63.357404096100105,64.65609086107253,63.508683807259196,0.5173947271862076,61.9498872999677,64.10033818379597,2.1504508838282703,C4_SENSITIVITY_ONLY
A6_A7_test_1m,test,1m,True,124,0.34,60.830378647978186,59.28286101179504,61.50224446323712,pubmed_abstracts_c4,pubmed_abstracts,63.357404096100105,64.65609086107253,61.271932148068814,0.44155350009062744,59.28286101179504,62.06882138406424,2.7859603722692015,C4_SENSITIVITY_ONLY
A6_A7_test_1m,test,1m,True,125,0.024024024024024,61.02251075226528,58.70255422504769,62.84513495223369,pubmed_abstracts_c4,pubmed_abstracts,63.357404096100105,64.65609086107253,61.053710434306666,0.03119968204138246,58.70255422504769,62.88516865093195,4.18261442588426,C4_SENSITIVITY_ONLY
A6_A7_test_1m,test,1m,True,126,0.002002002002002,58.80122640772829,56.111129089451325,62.387231910215256,pubmed_abstracts_c4,pubmed_abstracts,63.357404096100105,64.65609086107253,58.80382638123174,0.0025999735034503146,56.111129089451325,62.39056805177344,6.279438962322118,C4_SENSITIVITY_ONLY
A6_A7_test_1m,test,1m,True,127,0.06312625250501,61.39634616701826,58.773018398159664,64.26877330188158,pubmed_abstracts_c4,pubmed_abstracts,63.357404096100105,64.65609086107253,61.47832739566882,0.08198122865056234,58.773018398159664,64.37396706002171,5.6009486618620485,C4_SENSITIVITY_ONLY
A6_A7_test_1m,test,1m,True,128,0.085,62.05591844008552,61.20015499167317,62.62632462190056,pubmed_abstracts_c4,pubmed_abstracts,63.357404096100105,64.65609086107253,62.16630681510818,0.11038837502265864,61.20015499167317,62.76796885210734,1.567813860434164,C4_SENSITIVITY_ONLY
A6_A7_test_1m,test,1m,True,129,0.0,61.59265724902995,61.53862188613997,61.62527860122583,pubmed_abstracts_c4,pubmed_abstracts,63.357404096100105,64.65609086107253,61.59265724902995,0.0,61.53862188613997,61.62527860122583,0.0866567150858586,C4_SENSITIVITY_ONLY
A6_A7_test_1m,test,1m,True,130,0.041,57.89342222081766,56.86899196705375,58.492723094877405,pubmed_abstracts_c4,pubmed_abstracts,63.357404096100105,64.65609086107253,57.946668378181535,0.053246157363872726,56.86899196705375,58.56104560591832,1.6920536388645715,C4_SENSITIVITY_ONLY
A6_A7_test_1m,test,1m,True,131,0.0,60.47399074619856,58.625372910218005,62.508494927532496,pubmed_abstracts_c4,pubmed_abstracts,63.357404096100105,64.65609086107253,60.47399074619856,0.0,58.625372910218005,62.508494927532496,3.8831220173144914,C4_SENSITIVITY_ONLY
A6_A7_test_1m,test,1m,True,132,0.04,61.327871413212925,61.05338629041656,61.53279361030658,pubmed_abstracts_c4,pubmed_abstracts,63.357404096100105,64.65609086107253,61.37981888381182,0.05194747059889693,61.05338629041656,61.59944971863918,0.5460634282226167,C4_SENSITIVITY_ONLY
A6_A7_test_1m,test,1m,True,133,0.4147557328015952,61.85536856556392,59.8575329883864,62.77088335835136,pubmed_abstracts_c4,pubmed_abstracts,63.357404096100105,64.65609086107253,62.39400634644979,0.5386377808858711,59.8575329883864,63.46203343478114,3.604500446394738,C4_SENSITIVITY_ONLY
A6_A7_test_1m,test,1m,True,134,0.0779220779220779,63.14400193166222,62.30973171110048,63.76575905167612,pubmed_abstracts_c4,pubmed_abstracts,63.357404096100105,64.65609086107253,63.24519830295877,0.10119637129655246,62.30973171110048,63.89560861336301,1.5858769022625268,C4_SENSITIVITY_ONLY
A6_A7_test_1m,test,1m,True,135,0.0,54.86484703741738,53.53061174361228,57.00781454929723,pubmed_abstracts_c4,pubmed_abstracts,63.357404096100105,64.65609086107253,54.86484703741738,0.0,53.53061174361228,57.00781454929723,3.4772028056849464,C4_SENSITIVITY_ONLY
A6_A7_test_1m,test,1m,True,136,0.0,62.1333773402359,60.38047561469128,62.98635318529735,pubmed_abstracts_c4,pubmed_abstracts,63.357404096100105,64.65609086107253,62.1333773402359,0.0,60.38047561469128,62.98635318529735,2.6058775706060686,C4_SENSITIVITY_ONLY
A6_A7_test_1m,test,1m,True,137,0.0,59.322288660944864,57.69279173556131,60.919056735623535,pubmed_abstracts_c4,pubmed_abstracts,63.357404096100105,64.65609086107253,59.322288660944864,0.0,57.69279173556131,60.919056735623535,3.2262650000622273,C4_SENSITIVITY_ONLY
A6_A7_test_1m,test,1m,True,138,0.2207792207792207,54.95722224496942,54.45903455683335,55.173211849863954,pubmed_abstracts_c4,pubmed_abstracts,63.357404096100105,64.65609086107253,55.24394529697632,0.2867230520068986,54.45903455683335,55.54111894131014,1.0820843844767865,C4_SENSITIVITY_ONLY
A6_A7_test_1m,test,1m,True,139,0.0,62.590907323410605,62.56661016357106,62.60219299693559,pubmed_abstracts_c4,pubmed_abstracts,63.357404096100105,64.65609086107253,62.590907323410605,0.0,62.56661016357106,62.60219299693559,0.035582833364529165,C4_SENSITIVITY_ONLY
A6_A7_test_1m,test,1m,True,140,0.0939999999999999,60.56314669689577,58.20147663062801,63.547578756666695,pubmed_abstracts_c4,pubmed_abstracts,63.357404096100105,64.65609086107253,60.685223252803176,0.12207655590740529,58.20147663062801,63.70422061124831,5.502743980620302,C4_SENSITIVITY_ONLY
A6_A7_test_1m,test,1m,True,141,0.0,56.54499484264142,56.1753625587064,56.77396950223751,pubmed_abstracts_c4,pubmed_abstracts,63.357404096100105,64.65609086107253,56.54499484264142,0.0,56.1753625587064,56.77396950223751,0.5986069435311165,C4_SENSITIVITY_ONLY
A6_A7_test_1m,test,1m,True,142,0.006,60.66633629159466,60.28626188691623,60.89232203058713,pubmed_abstracts_c4,pubmed_abstracts,63.357404096100105,64.65609086107253,60.674128412184494,0.007792120589833473,60.28626188691623,60.902320446837024,0.6160585599207948,C4_SENSITIVITY_ONLY
A6_A7_test_1m,test,1m,True,143,0.004004004004004,60.21035472579212,58.61285998543545,61.92490040494498,pubmed_abstracts_c4,pubmed_abstracts,63.357404096100105,64.65609086107253,60.215554672799016,0.005199947006893524,58.61285998543545,61.93157268806136,3.318712702625909,C4_SENSITIVITY_ONLY
A6_A7_test_1m,test,1m,True,144,0.0209790209790209,61.62070048803734,59.98544211570553,62.42004993783962,pubmed_abstracts_c4,pubmed_abstracts,63.357404096100105,64.65609086107253,61.647945664924876,0.027245176887532807,59.98544211570553,62.45500943521686,2.4695673195113272,C4_SENSITIVITY_ONLY
A6_A7_test_1m,test,1m,True,145,0.0009990009990009,58.24463776409124,58.01953186134472,58.41415609577109,pubmed_abstracts_c4,pubmed_abstracts,63.357404096100105,64.65609086107253,58.24593515346683,0.0012973893755940935,58.01953186134472,58.415820833741435,0.396288972396718,C4_SENSITIVITY_ONLY
A6_A7_test_1m,test,1m,True,146,0.0,62.0000911983028,61.101995763435006,62.39909991496161,pubmed_abstracts_c4,pubmed_abstracts,63.357404096100105,64.65609086107253,62.0000911983028,0.0,61.101995763435006,62.39909991496161,1.2971041515266037,C4_SENSITIVITY_ONLY
A6_A7_test_1m,test,1m,True,147,0.0209790209790209,58.51550350838741,58.18015153044182,58.82627360904824,pubmed_abstracts_c4,pubmed_abstracts,63.357404096100105,64.65609086107253,58.542748685274944,0.027245176887532807,58.18015153044182,58.86123310642548,0.6810815759836615,C4_SENSITIVITY_ONLY
A6_A7_test_1m,test,1m,True,148,0.0,60.32619656954687,57.64367885742412,62.520988096369294,pubmed_abstracts_c4,pubmed_abstracts,63.357404096100105,64.65609086107253,60.32619656954687,0.0,57.64367885742412,62.520988096369294,4.877309238945173,C4_SENSITIVITY_ONLY
A6_A7_test_1m,test,1m,True,149,0.169,56.0395971474491,55.15476402316504,56.70889311464567,pubmed_abstracts_c4,pubmed_abstracts,63.357404096100105,64.65609086107253,56.25907521072944,0.21947806328034147,55.15476402316504,56.99051517235091,1.8357511491858673,C4_SENSITIVITY_ONLY
A6_A7_test_1m,test,1m,True,150,0.0049950049950049,61.91122218219541,58.97592636103283,64.05101103856329,pubmed_abstracts_c4,pubmed_abstracts,63.357404096100105,64.65609086107253,61.917709129073394,0.006486946877984678,58.97592636103283,64.05933472841501,5.083408367382177,C4_SENSITIVITY_ONLY
A6_A7_test_1m,test,1m,True,151,0.0,61.66358108914491,60.69467190312215,62.317715606271925,pubmed_abstracts_c4,pubmed_abstracts,63.357404096100105,64.65609086107253,61.66358108914491,0.0,60.69467190312215,62.317715606271925,1.6230437031497758,C4_SENSITIVITY_ONLY
A6_A7_test_1m,test,1m,True,152,0.0,61.90944538795147,60.13040635954681,63.1587245818408,pubmed_abstracts_c4,pubmed_abstracts,63.357404096100105,64.65609086107253,61.90944538795147,0.0,60.13040635954681,63.1587245818408,3.02831822229399,C4_SENSITIVITY_ONLY
A6_A7_test_1m,test,1m,True,153,0.2467532467532467,59.883512497296806,58.73039799175778,60.521869550984434,pubmed_abstracts_c4,pubmed_abstracts,63.357404096100105,64.65609086107253,60.20396767306922,0.3204551757724161,58.73039799175778,60.93305982965958,2.2026618379017933,C4_SENSITIVITY_ONLY
A6_A7_test_1m,test,1m,True,154,0.023,57.66577921919049,57.44634650217002,57.82003731952189,pubmed_abstracts_c4,pubmed_abstracts,63.357404096100105,64.65609086107253,57.695649014784856,0.0298697955943652,57.44634650217002,57.858364581813134,0.41201807964311143,C4_SENSITIVITY_ONLY
A6_A7_test_1m,test,1m,True,155,0.1326021934197407,60.61782530402283,58.59462169278732,62.94318157254331,pubmed_abstracts_c4,pubmed_abstracts,63.357404096100105,64.65609086107253,60.79003401762336,0.1722087136005328,58.59462169278732,63.16415022678648,4.569528533999161,C4_SENSITIVITY_ONLY
A6_A7_test_1m,test,1m,True,156,0.001,62.51027270721897,60.63753952205813,63.46143429233254,pubmed_abstracts_c4,pubmed_abstracts,63.357404096100105,64.65609086107253,62.51157139398394,0.0012986867649757983,60.63753952205813,63.46310069504086,2.825561172982731,C4_SENSITIVITY_ONLY
A6_A7_test_1m,test,1m,True,157,0.0,60.33337713235646,59.89191414666367,60.76857423753663,pubmed_abstracts_c4,pubmed_abstracts,63.357404096100105,64.65609086107253,60.33337713235646,0.0,59.89191414666367,60.76857423753663,0.87666009087296,C4_SENSITIVITY_ONLY
A6_A7_test_1m,test,1m,True,158,0.421,63.41257920580292,62.42988917179386,63.84521204462824,pubmed_abstracts_c4,pubmed_abstracts,63.357404096100105,64.65609086107253,63.95932633385631,0.54674712805339,62.42988917179386,64.54676758482888,2.1168784130350247,C4_SENSITIVITY_ONLY
A6_A7_test_1m,test,1m,True,159,0.0,54.25073672796567,53.40921257863089,54.90618639911634,pubmed_abstracts_c4,pubmed_abstracts,63.357404096100105,64.65609086107253,54.25073672796567,0.0,53.40921257863089,54.90618639911634,1.4969738204854508,C4_SENSITIVITY_ONLY
A6_A7_test_1m,test,1m,True,160,0.38,60.89385859410706,58.740117074773,62.17307954787854,pubmed_abstracts_c4,pubmed_abstracts,63.357404096100105,64.65609086107253,61.38735956479658,0.49350097068952437,58.740117074773,62.80631257703826,4.066195502265259,C4_SENSITIVITY_ONLY
A6_A7_test_1m,test,1m,True,161,0.0,63.6142879061808,63.003002544356086,64.12568515834224,pubmed_abstracts_c4,pubmed_abstracts,63.357404096100105,64.65609086107253,63.6142879061808,0.0,63.003002544356086,64.12568515834224,1.12268261398615,C4_SENSITIVITY_ONLY
A6_A7_test_1m,test,1m,True,162,0.0,54.770303190316135,53.58905611631882,56.09055255027299,pubmed_abstracts_c4,pubmed_abstracts,63.357404096100105,64.65609086107253,54.770303190316135,0.0,53.58905611631882,56.09055255027299,2.5014964339541663,C4_SENSITIVITY_ONLY
A6_A7_test_1m,test,1m,True,163,0.0189810189810189,62.19315502722692,61.6946149916274,62.419405432339815,pubmed_abstracts_c4,pubmed_abstracts,63.357404096100105,64.65609086107253,62.21780542536326,0.024650398136337515,61.6946149916274,62.45103545377636,0.7564204621489665,C4_SENSITIVITY_ONLY
A6_A7_test_1m,test,1m,True,164,0.0,60.49282090983682,59.167924321641486,61.66876795704908,pubmed_abstracts_c4,pubmed_abstracts,63.357404096100105,64.65609086107253,60.49282090983682,0.0,59.167924321641486,61.66876795704908,2.500843635407591,C4_SENSITIVITY_ONLY
A6_A7_test_1m,test,1m,True,165,0.05005005005005,60.68338148427762,58.01981548241989,63.04970580190869,pubmed_abstracts_c4,pubmed_abstracts,63.357404096100105,64.65609086107253,60.748380821863826,0.06499933758620813,58.01981548241989,63.13310934086339,5.113293858443505,C4_SENSITIVITY_ONLY
A6_A7_test_1m,test,1m,True,166,0.4605394605394606,60.94396410075412,58.784759390599575,62.95051737693087,pubmed_abstracts_c4,pubmed_abstracts,63.357404096100105,64.65609086107253,61.54206060290426,0.5980965021501348,58.784759390599575,63.717961581259786,4.933202190660211,C4_SENSITIVITY_ONLY
A6_A7_test_1m,test,1m,True,167,0.073073073073073,59.681539683432725,58.16927526414163,60.52926953117888,pubmed_abstracts_c4,pubmed_abstracts,63.357404096100105,64.65609086107253,59.77643871630859,0.09489903287586543,58.16927526414163,60.65103869805276,2.4817634339111265,C4_SENSITIVITY_ONLY
A6_A7_test_1m,test,1m,True,168,0.0,60.849480390951925,60.3613552052646,61.2990447844059,pubmed_abstracts_c4,pubmed_abstracts,63.357404096100105,64.65609086107253,60.849480390951925,0.0,60.3613552052646,61.2990447844059,0.9376895791412991,C4_SENSITIVITY_ONLY
A6_A7_test_1m,test,1m,True,169,0.001,62.8529137121227,60.92991815002647,63.60779032916681,pubmed_abstracts_c4,pubmed_abstracts,63.357404096100105,64.65609086107253,62.854212398887675,0.0012986867649757983,60.92991815002647,63.60945673187513,2.679538581848661,C4_SENSITIVITY_ONLY
A6_A7_test_1m,test,1m,True,170,0.1038961038961039,63.51640976366303,62.72173356429075,63.94736301196231,pubmed_abstracts_c4,pubmed_abstracts,63.357404096100105,64.65609086107253,63.6513382587251,0.13492849506206994,62.72173356429075,64.12049576087816,1.3987621965874055,C4_SENSITIVITY_ONLY
A6_A7_test_1m,test,1m,True,171,0.187,61.591488416126666,60.8747594161097,61.997267769871776,pubmed_abstracts_c4,pubmed_abstracts,63.357404096100105,64.65609086107253,61.83434284117651,0.2428544250498419,60.8747594161097,62.30888507632669,1.434125660216992,C4_SENSITIVITY_ONLY
A6_A7_test_1m,test,1m,True,172,0.001001001001001,62.75118040444,62.1804089903921,63.18403130216429,pubmed_abstracts_c4,pubmed_abstracts,63.357404096100105,64.65609086107253,62.752480391191725,0.0012999867517251573,62.1804089903921,63.18569937294339,1.005290382551287,C4_SENSITIVITY_ONLY
A6_A7_test_1m,test,1m,True,173,0.0,63.65553907899648,62.96024286634163,64.04107430724278,pubmed_abstracts_c4,pubmed_abstracts,63.357404096100105,64.65609086107253,63.65553907899648,0.0,62.96024286634163,64.04107430724278,1.0808314409011501,C4_SENSITIVITY_ONLY
A6_A7_test_1m,test,1m,True,174,0.0,54.792680103743045,54.35771446497199,55.3459174876949,pubmed_abstracts_c4,pubmed_abstracts,63.357404096100105,64.65609086107253,54.792680103743045,0.0,54.35771446497199,55.3459174876949,0.9882030227229066,C4_SENSITIVITY_ONLY
A6_A7_test_1m,test,1m,True,175,0.0,58.965524451318736,57.50922144613718,59.776417709850485,pubmed_abstracts_c4,pubmed_abstracts,63.357404096100105,64.65609086107253,58.965524451318736,0.0,57.50922144613718,59.776417709850485,2.267196263713302,C4_SENSITIVITY_ONLY
A6_A7_test_1m,test,1m,True,176,0.2647352647352647,62.48835147946855,60.47764172381879,64.01423323058638,pubmed_abstracts_c4,pubmed_abstracts,63.357404096100105,64.65609086107253,62.83215966400171,0.34380818453315953,60.47764172381879,64.45538879272773,3.97774706890894,C4_SENSITIVITY_ONLY
A6_A7_test_1m,test,1m,True,177,0.0,63.44429438935549,62.36682861627718,64.20238557164087,pubmed_abstracts_c4,pubmed_abstracts,63.357404096100105,64.65609086107253,63.44429438935549,0.0,62.36682861627718,64.20238557164087,1.8355569553636926,C4_SENSITIVITY_ONLY
A6_A7_test_1m,test,1m,True,178,0.0,59.22000195697839,57.5925575224465,61.15086712016286,pubmed_abstracts_c4,pubmed_abstracts,63.357404096100105,64.65609086107253,59.22000195697839,0.0,57.5925575224465,61.15086712016286,3.5583095977163595,C4_SENSITIVITY_ONLY
A6_A7_test_1m,test,1m,True,179,0.018018018018018,62.76694515442688,61.45571324191358,63.82985978155279,pubmed_abstracts_c4,pubmed_abstracts,63.357404096100105,64.65609086107253,62.79034491595791,0.023399761531031515,61.45571324191358,63.859885055576484,2.4041718136629058,C4_SENSITIVITY_ONLY
A6_A7_test_1m,test,1m,True,180,0.1128871128871128,59.79809226696967,57.3623010306778,63.35431079373915,pubmed_abstracts_c4,pubmed_abstracts,63.357404096100105,64.65609086107253,59.944697266412106,0.1466049994424381,57.3623010306778,63.542426184388106,6.180125153710307,C4_SENSITIVITY_ONLY
A6_A7_test_1m,test,1m,True,181,0.0,60.48310484260209,59.16542465077088,61.84740795558144,pubmed_abstracts_c4,pubmed_abstracts,63.357404096100105,64.65609086107253,60.48310484260209,0.0,59.16542465077088,61.84740795558144,2.681983304810558,C4_SENSITIVITY_ONLY
A6_A7_test_1m,test,1m,True,182,0.0009990009990009,62.62709986570045,61.857905388622726,63.47053872198295,pubmed_abstracts_c4,pubmed_abstracts,63.357404096100105,64.65609086107253,62.628397255076045,0.0012973893755940935,61.857905388622726,63.47220345995329,1.6142980713305661,C4_SENSITIVITY_ONLY
A6_A7_test_1m,test,1m,True,183,0.01,59.97387163879272,57.49650699852239,63.9052943352929,pubmed_abstracts_c4,pubmed_abstracts,63.357404096100105,64.65609086107253,59.986858506442445,0.012986867649722456,57.49650699852239,63.92195836237605,6.425451363853661,C4_SENSITIVITY_ONLY
A6_A7_test_1m,test,1m,True,184,0.0,62.67219256582439,62.36783888529399,62.89781660500902,pubmed_abstracts_c4,pubmed_abstracts,63.357404096100105,64.65609086107253,62.67219256582439,0.0,62.36783888529399,62.89781660500902,0.5299777197150277,C4_SENSITIVITY_ONLY
A6_A7_test_1m,test,1m,True,185,0.0,64.1772501175528,64.15245161383756,64.21010058978862,pubmed_abstracts_c4,pubmed_abstracts,63.357404096100105,64.65609086107253,64.1772501175528,0.0,64.15245161383756,64.21010058978862,0.05764897595106788,C4_SENSITIVITY_ONLY
A6_A7_test_1m,test,1m,True,186,0.0,63.19974457106738,63.1841548783223,63.21326810562055,pubmed_abstracts_c4,pubmed_abstracts,63.357404096100105,64.65609086107253,63.19974457106738,0.0,63.1841548783223,63.21326810562055,0.029113227298246613,C4_SENSITIVITY_ONLY
A6_A7_test_1m,test,1m,True,187,0.0,60.96414616139728,60.4515931664201,61.43370824128254,pubmed_abstracts_c4,pubmed_abstracts,63.357404096100105,64.65609086107253,60.96414616139728,0.0,60.4515931664201,61.43370824128254,0.9821150748624348,C4_SENSITIVITY_ONLY
A6_A7_test_1m,test,1m,True,188,0.0699300699300699,61.69506885905932,59.91616820859944,62.87224033980702,pubmed_abstracts_c4,pubmed_abstracts,63.357404096100105,64.65609086107253,61.7858861153511,0.09081725629177839,59.91616820859944,62.98877199773115,3.072603789131712,C4_SENSITIVITY_ONLY
A6_A7_test_1m,test,1m,True,189,0.072072072072072,63.503358098049375,62.86039383780328,64.293402644903,pubmed_abstracts_c4,pubmed_abstracts,63.357404096100105,64.65609086107253,63.596957144173516,0.09359904612414027,62.86039383780328,64.41350374099778,1.5531099031945033,C4_SENSITIVITY_ONLY
A6_A7_test_1m,test,1m,True,190,0.0169830169830169,61.51977615242941,60.55999516487546,62.50193671453826,pubmed_abstracts_c4,pubmed_abstracts,63.357404096100105,64.65609086107253,61.54183177181456,0.022055619385149328,60.55999516487546,62.53023726003412,1.9702420951586603,C4_SENSITIVITY_ONLY
A6_A7_test_1m,test,1m,True,191,0.0,62.640398631562974,60.54738461696244,63.60482284515999,pubmed_abstracts_c4,pubmed_abstracts,63.357404096100105,64.65609086107253,62.640398631562974,0.0,60.54738461696244,63.60482284515999,3.0574382281975474,C4_SENSITIVITY_ONLY
A6_A7_test_1m,test,1m,True,192,0.0,59.583295521860784,58.60754442922767,60.350752717616125,pubmed_abstracts_c4,pubmed_abstracts,63.357404096100105,64.65609086107253,59.583295521860784,0.0,58.60754442922767,60.350752717616125,1.7432082883884519,C4_SENSITIVITY_ONLY
A6_A7_test_1m,test,1m,True,193,0.0,63.63575568988044,63.3060608801741,63.79730205523022,pubmed_abstracts_c4,pubmed_abstracts,63.357404096100105,64.65609086107253,63.63575568988044,0.0,63.3060608801741,63.79730205523022,0.49124117505611764,C4_SENSITIVITY_ONLY
A6_A7_test_1m,test,1m,True,194,0.001,63.63759923307527,63.63073507147658,63.64043948057599,pubmed_abstracts_c4,pubmed_abstracts,63.357404096100105,64.65609086107253,63.63889791984025,0.0012986867649757983,63.63073507147658,63.64210588328431,0.011370811807729808,C4_SENSITIVITY_ONLY
A6_A7_test_1m,test,1m,True,195,0.3383383383383384,62.48864501538318,59.98575619252903,64.28602453479114,pubmed_abstracts_c4,pubmed_abstracts,63.357404096100105,64.65609086107253,62.92804053746594,0.4393955220827621,59.98575619252903,64.84983245812496,4.8640762655959335,C4_SENSITIVITY_ONLY
A6_A7_test_1m,test,1m,True,196,0.278,62.01885065520038,60.44387521551884,62.68039821429166,pubmed_abstracts_c4,pubmed_abstracts,63.357404096100105,64.65609086107253,62.379885575862716,0.361034920662334,60.44387521551884,63.14365816720324,2.699782951684405,C4_SENSITIVITY_ONLY
A6_A7_test_1m,test,1m,True,197,0.0,60.967302570010574,60.15336804744623,61.557747025064586,pubmed_abstracts_c4,pubmed_abstracts,63.357404096100105,64.65609086107253,60.967302570010574,0.0,60.15336804744623,61.557747025064586,1.4043789776183573,C4_SENSITIVITY_ONLY
A6_A7_test_1m,test,1m,True,198,0.0,55.42338580448661,55.11052146677515,55.88465579943652,pubmed_abstracts_c4,pubmed_abstracts,63.357404096100105,64.65609086107253,55.42338580448661,0.0,55.11052146677515,55.88465579943652,0.7741343326613759,C4_SENSITIVITY_ONLY
A6_A7_test_1m,test,1m,True,199,0.087,60.807181409899805,59.54444153219967,61.54353816071856,pubmed_abstracts_c4,pubmed_abstracts,63.357404096100105,64.65609086107253,60.92016715845241,0.11298574855260313,59.54444153219967,61.688515196341974,2.1440736641423044,C4_SENSITIVITY_ONLY
A6_A7_test_1m,test,1m,True,200,0.3053053053053053,60.58749179105957,58.89443257503864,61.9799247582369,pubmed_abstracts_c4,pubmed_abstracts,63.357404096100105,64.65609086107253,60.98398775033544,0.39649595927586745,58.89443257503864,62.488686345860614,3.5942537708219717,C4_SENSITIVITY_ONLY
A6_A7_test_1m,test,1m,True,201,0.0,61.8446587830786,60.41534337096347,62.77280173474338,pubmed_abstracts_c4,pubmed_abstracts,63.357404096100105,64.65609086107253,61.8446587830786,0.0,60.41534337096347,62.77280173474338,2.3574583637799122,C4_SENSITIVITY_ONLY
A6_A7_test_1m,test,1m,True,202,0.304,61.91092208169731,58.94395184665372,64.2773068236377,pubmed_abstracts_c4,pubmed_abstracts,63.357404096100105,64.65609086107253,62.30572285824893,0.3948007765516195,58.94395184665372,64.78389324696548,5.8399414003117585,C4_SENSITIVITY_ONLY
A6_A7_test_1m,test,1m,True,203,0.0099900099900099,61.82358787227466,60.08213701675497,63.12727436898875,pubmed_abstracts_c4,pubmed_abstracts,63.357404096100105,64.65609086107253,61.83656176603063,0.012973893755969357,60.08213701675497,63.1439217486922,3.06178473193723,C4_SENSITIVITY_ONLY
A6_A7_test_1m,test,1m,True,204,0.0,60.18235057041365,58.36270526346608,62.84469258692217,pubmed_abstracts_c4,pubmed_abstracts,63.357404096100105,64.65609086107253,60.18235057041365,0.0,58.36270526346608,62.84469258692217,4.481987323456089,C4_SENSITIVITY_ONLY
A6_A7_test_1m,test,1m,True,205,0.0,62.76823944612836,62.46387575223117,63.0102247212121,pubmed_abstracts_c4,pubmed_abstracts,63.357404096100105,64.65609086107253,62.76823944612836,0.0,62.46387575223117,63.0102247212121,0.5463489689809293,C4_SENSITIVITY_ONLY
A6_A7_test_1m,test,1m,True,206,0.1561561561561561,59.521337220379735,57.17783458977557,61.776569101696026,pubmed_abstracts_c4,pubmed_abstracts,63.357404096100105,64.65609086107253,59.7241351536487,0.20279793326896822,57.17783458977557,62.036788143234716,4.858953553459145,C4_SENSITIVITY_ONLY
A6_A7_test_1m,test,1m,True,207,0.0,56.22357312111134,54.983047999587136,57.6575811488703,pubmed_abstracts_c4,pubmed_abstracts,63.357404096100105,64.65609086107253,56.22357312111134,0.0,54.983047999587136,57.6575811488703,2.674533149283164,C4_SENSITIVITY_ONLY
A6_A7_test_1m,test,1m,True,208,0.0,54.22471042355938,53.22937397470625,54.96105755707111,pubmed_abstracts_c4,pubmed_abstracts,63.357404096100105,64.65609086107253,54.22471042355938,0.0,53.22937397470625,54.96105755707111,1.7316835823648589,C4_SENSITIVITY_ONLY
A6_A7_test_1m,test,1m,True,209,0.0,61.32972011600948,58.12000093980426,64.24727485503566,pubmed_abstracts_c4,pubmed_abstracts,63.357404096100105,64.65609086107253,61.32972011600948,0.0,58.12000093980426,64.24727485503566,6.127273915231399,C4_SENSITIVITY_ONLY
A6_A7_test_1m,test,1m,True,210,0.0009990009990009,60.07243207900994,58.29670553272804,61.76778658034118,pubmed_abstracts_c4,pubmed_abstracts,63.357404096100105,64.65609086107253,60.07372946838554,0.0012973893755940935,58.29670553272804,61.769451318311525,3.4727457855834842,C4_SENSITIVITY_ONLY
A6_A7_test_1m,test,1m,True,211,0.0,61.12538927319509,60.853977367615045,61.33320744659855,pubmed_abstracts_c4,pubmed_abstracts,63.357404096100105,64.65609086107253,61.12538927319509,0.0,60.853977367615045,61.33320744659855,0.47923007898350534,C4_SENSITIVITY_ONLY
A6_A7_test_1m,test,1m,True,212,0.0,59.95524994046632,57.42236658009971,63.831054993455695,pubmed_abstracts_c4,pubmed_abstracts,63.357404096100105,64.65609086107253,59.95524994046632,0.0,57.42236658009971,63.831054993455695,6.408688413355982,C4_SENSITIVITY_ONLY
A6_A7_test_1m,test,1m,True,213,0.419,63.595368530156,62.52005315251446,64.06841315835725,pubmed_abstracts_c4,pubmed_abstracts,63.357404096100105,64.65609086107253,64.13951828467944,0.5441497545234384,62.52005315251446,64.76663589314126,2.246582740626799,C4_SENSITIVITY_ONLY
A6_A7_test_1m,test,1m,True,214,0.0,62.97301049689427,61.02869390593728,64.06965418629551,pubmed_abstracts_c4,pubmed_abstracts,63.357404096100105,64.65609086107253,62.97301049689427,0.0,61.02869390593728,64.06965418629551,3.0409602803582274,C4_SENSITIVITY_ONLY
A6_A7_test_1m,test,1m,True,215,0.0009980039920159,60.625590676022576,58.19277769534549,64.15335644157685,pubmed_abstracts_c4,pubmed_abstracts,63.357404096100105,64.65609086107253,60.6268867705984,0.0012960945758209164,58.19277769534549,64.15501951813205,5.9622418227865595,C4_SENSITIVITY_ONLY
A6_A7_test_1m,test,1m,True,216,0.0,53.00880896025897,52.92272501394582,53.041100469930655,pubmed_abstracts_c4,pubmed_abstracts,63.357404096100105,64.65609086107253,53.00880896025897,0.0,52.92272501394582,53.041100469930655,0.11837545598483246,C4_SENSITIVITY_ONLY
A6_A7_test_1m,test,1m,True,217,0.002,62.90346566931496,62.76463941200917,62.99420629907492,pubmed_abstracts_c4,pubmed_abstracts,63.357404096100105,64.65609086107253,62.906063042844906,0.002597373529944491,62.76463941200917,62.99753910449155,0.23289969248238407,C4_SENSITIVITY_ONLY
A6_A7_test_1m,test,1m,True,218,0.0,62.38817352197275,60.58986799472091,64.04194395905634,pubmed_abstracts_c4,pubmed_abstracts,63.357404096100105,64.65609086107253,62.38817352197275,0.0,60.58986799472091,64.04194395905634,3.452075964335428,C4_SENSITIVITY_ONLY
A6_A7_test_1m,test,1m,True,219,0.0430861723446893,60.96484431702652,59.355106148898784,62.471279528391065,pubmed_abstracts_c4,pubmed_abstracts,63.357404096100105,64.65609086107253,61.02079975880389,0.05595544177737111,59.355106148898784,62.543078442677185,3.187972293778401,C4_SENSITIVITY_ONLY
A6_A7_test_1m,test,1m,True,220,0.04,61.920376382969145,60.05217689192196,62.77092848128648,pubmed_abstracts_c4,pubmed_abstracts,63.357404096100105,64.65609086107253,61.97232385356804,0.05194747059889693,60.05217689192196,62.837584589619084,2.7854076976971243,C4_SENSITIVITY_ONLY
A6_A7_test_1m,test,1m,True,221,0.1047904191616766,60.67147999660834,57.13131062356866,63.822965923919455,pubmed_abstracts_c4,pubmed_abstracts,63.357404096100105,64.65609086107253,60.80756992706952,0.136089930461182,57.13131062356866,63.99758896221594,6.866278338647284,C4_SENSITIVITY_ONLY
A6_A7_test_1m,test,1m,True,222,0.0,61.42982614772575,61.2865760973603,61.58292221451287,pubmed_abstracts_c4,pubmed_abstracts,63.357404096100105,64.65609086107253,61.42982614772575,0.0,61.2865760973603,61.58292221451287,0.29634611715256653,C4_SENSITIVITY_ONLY
A6_A7_test_1m,test,1m,True,223,0.0,58.90599536346498,58.56140203736686,59.05434847537301,pubmed_abstracts_c4,pubmed_abstracts,63.357404096100105,64.65609086107253,58.90599536346498,0.0,58.56140203736686,59.05434847537301,0.49294643800615034,C4_SENSITIVITY_ONLY
A6_A7_test_1m,test,1m,True,224,0.0,63.34314869079108,61.16563883164921,64.25605128309829,pubmed_abstracts_c4,pubmed_abstracts,63.357404096100105,64.65609086107253,63.34314869079108,0.0,61.16563883164921,64.25605128309829,3.090412451449076,C4_SENSITIVITY_ONLY
A6_A7_test_1m,test,1m,True,225,0.04004004004004,61.94171276348415,61.54644318837847,62.108417156597824,pubmed_abstracts_c4,pubmed_abstracts,63.357404096100105,64.65609086107253,61.99371223355311,0.05199947006896366,61.54644318837847,62.17513998776159,0.6286967993831212,C4_SENSITIVITY_ONLY
A6_A7_test_1m,test,1m,True,226,0.0029999999999999,62.09894725818294,59.94931930194623,63.46473771844392,pubmed_abstracts_c4,pubmed_abstracts,63.357404096100105,64.65609086107253,62.10284331847786,0.0038960602949202894,59.94931930194623,63.469736926568864,3.520417624622631,C4_SENSITIVITY_ONLY
A6_A7_test_1m,test,1m,True,227,0.0,56.01989954697628,55.92852476021965,56.08455590508292,pubmed_abstracts_c4,pubmed_abstracts,63.357404096100105,64.65609086107253,56.01989954697628,0.0,55.92852476021965,56.08455590508292,0.1560311448632703,C4_SENSITIVITY_ONLY
A6_A7_test_1m,test,1m,True,228,0.0,63.43578398344358,63.34731606622033,63.4975511109538,pubmed_abstracts_c4,pubmed_abstracts,63.357404096100105,64.65609086107253,63.43578398344358,0.0,63.34731606622033,63.4975511109538,0.1502350447334706,C4_SENSITIVITY_ONLY
A6_A7_test_1m,test,1m,True,229,0.002004008016032,63.17348271581967,63.08776916123428,63.235793164631566,pubmed_abstracts_c4,pubmed_abstracts,63.357404096100105,64.65609086107253,63.17608529450698,0.0026025786873162815,63.08776916123428,63.239132649016966,0.15136348778268882,C4_SENSITIVITY_ONLY
A6_A7_test_1m,test,1m,True,230,0.2139999999999999,59.41118795443066,58.08640125462144,59.96754932801683,pubmed_abstracts_c4,pubmed_abstracts,63.357404096100105,64.65609086107253,59.689106922134755,0.2779189677040961,58.08640125462144,60.32415950759625,2.237758252974807,C4_SENSITIVITY_ONLY
A6_A7_test_1m,test,1m,True,231,0.0538384845463609,58.85548529349317,58.19595022204319,59.58573200165177,pubmed_abstracts_c4,pubmed_abstracts,63.357404096100105,64.65609086107253,58.9254046208197,0.06991932732653083,58.19595022204319,59.6754485981114,1.4794983760682143,C4_SENSITIVITY_ONLY
A6_A7_test_1m,test,1m,True,232,0.0,62.49608693233111,60.40061456131094,63.621315102747104,pubmed_abstracts_c4,pubmed_abstracts,63.357404096100105,64.65609086107253,62.49608693233111,0.0,60.40061456131094,63.621315102747104,3.220700541436166,C4_SENSITIVITY_ONLY
A6_A7_test_1m,test,1m,True,233,0.0,59.787940533576325,58.00279970715651,60.82156999500173,pubmed_abstracts_c4,pubmed_abstracts,63.357404096100105,64.65609086107253,59.787940533576325,0.0,58.00279970715651,60.82156999500173,2.8187702878452185,C4_SENSITIVITY_ONLY
A6_A7_test_1m,test,1m,True,234,0.006,63.74301428971136,63.37176771982874,63.94756265972742,pubmed_abstracts_c4,pubmed_abstracts,63.357404096100105,64.65609086107253,63.750806410301195,0.007792120589833473,63.37176771982874,63.95756107597731,0.5857933561485709,C4_SENSITIVITY_ONLY
A6_A7_test_1m,test,1m,True,235,0.034,62.310621760766686,59.92581089020081,64.26359903962486,pubmed_abstracts_c4,pubmed_abstracts,63.357404096100105,64.65609086107253,62.35477711077575,0.044155350009063454,59.92581089020081,64.32025673170757,4.394445841506766,C4_SENSITIVITY_ONLY
A6_A7_test_1m,test,1m,True,236,0.472,59.39682278301295,58.11551209379674,59.9980636736612,pubmed_abstracts_c4,pubmed_abstracts,63.357404096100105,64.65609086107253,60.009802936079936,0.6129801530669852,58.11551209379674,60.78460575198591,2.669093658189169,C4_SENSITIVITY_ONLY
A6_A7_test_1m,test,1m,True,237,0.0,55.67879176041524,55.04864779945781,56.12873872742848,pubmed_abstracts_c4,pubmed_abstracts,63.357404096100105,64.65609086107253,55.67879176041524,0.0,55.04864779945781,56.12873872742848,1.0800909279706659,C4_SENSITIVITY_ONLY
A6_A7_test_1m,test,1m,True,238,0.0,60.02077057857268,56.47979177895252,64.31817845881035,pubmed_abstracts_c4,pubmed_abstracts,63.357404096100105,64.65609086107253,60.02077057857268,0.0,56.47979177895252,64.31817845881035,7.838386679857834,C4_SENSITIVITY_ONLY
A6_A7_test_1m,test,1m,True,239,0.349,62.17722334677063,60.64251660646864,63.28380239782842,pubmed_abstracts_c4,pubmed_abstracts,63.357404096100105,64.65609086107253,62.630465027746006,0.4532416809753741,60.64251660646864,63.86537694303038,3.2228603365617374,C4_SENSITIVITY_ONLY
A6_A7_test_1m,test,1m,True,240,0.025,61.893161866673154,61.09517230105498,62.45699473393261,pubmed_abstracts_c4,pubmed_abstracts,63.357404096100105,64.65609086107253,61.92562903579746,0.03246716912430969,61.09517230105498,62.498654801640484,1.403482500585504,C4_SENSITIVITY_ONLY
A6_A7_test_1m,test,1m,True,241,0.0,53.68007325873658,53.32403761204197,54.16310192518687,pubmed_abstracts_c4,pubmed_abstracts,63.357404096100105,64.65609086107253,53.68007325873658,0.0,53.32403761204197,54.16310192518687,0.8390643131449025,C4_SENSITIVITY_ONLY
A6_A7_test_1m,test,1m,True,242,0.0,60.43156408567712,59.45977333577171,60.99690169853326,pubmed_abstracts_c4,pubmed_abstracts,63.357404096100105,64.65609086107253,60.43156408567712,0.0,59.45977333577171,60.99690169853326,1.5371283627615497,C4_SENSITIVITY_ONLY
A6_A7_test_1m,test,1m,True,243,0.0,60.93856733950555,59.23383242718252,63.2406888595175,pubmed_abstracts_c4,pubmed_abstracts,63.357404096100105,64.65609086107253,60.93856733950555,0.0,59.23383242718252,63.2406888595175,4.006856432334978,C4_SENSITIVITY_ONLY
A6_A7_test_1m,test,1m,True,244,0.006,62.01150895770121,60.984140255270624,62.62067655380397,pubmed_abstracts_c4,pubmed_abstracts,63.357404096100105,64.65609086107253,62.01930107829104,0.007792120589833473,60.984140255270624,62.63067497005386,1.646534714783236,C4_SENSITIVITY_ONLY
A6_A7_test_1m,test,1m,True,245,0.245,63.26390222282178,62.19323180397599,63.79951585059925,pubmed_abstracts_c4,pubmed_abstracts,63.357404096100105,64.65609086107253,63.58208048024002,0.31817825741824635,62.19323180397599,64.20778451413643,2.0145527101604443,C4_SENSITIVITY_ONLY
A6_A7_test_1m,test,1m,True,246,0.0,59.774683081075175,59.470840290667255,60.028539354338136,pubmed_abstracts_c4,pubmed_abstracts,63.357404096100105,64.65609086107253,59.774683081075175,0.0,59.470840290667255,60.028539354338136,0.5576990636708814,C4_SENSITIVITY_ONLY
A6_A7_test_1m,test,1m,True,247,0.0,56.4909284345583,56.439863313187885,56.518206626915465,pubmed_abstracts_c4,pubmed_abstracts,63.357404096100105,64.65609086107253,56.4909284345583,0.0,56.439863313187885,56.518206626915465,0.0783433137275793,C4_SENSITIVITY_ONLY
A6_A7_test_1m,test,1m,True,248,0.006,61.15133976004666,61.13780077699261,61.15720959519144,pubmed_abstracts_c4,pubmed_abstracts,63.357404096100105,64.65609086107253,61.159131880636494,0.007792120589833473,61.13780077699261,61.16720801144133,0.029407234448719066,C4_SENSITIVITY_ONLY
A6_A7_test_1m,test,1m,True,249,0.0,58.84029556809162,58.05689943324263,59.644510042945136,pubmed_abstracts_c4,pubmed_abstracts,63.357404096100105,64.65609086107253,58.84029556809162,0.0,58.05689943324263,59.644510042945136,1.5876106097025087,C4_SENSITIVITY_ONLY
A6_A7_test_1m,test,1m,True,250,0.0,55.40460950081986,54.807802279625015,55.627691074324446,pubmed_abstracts_c4,pubmed_abstracts,63.357404096100105,64.65609086107253,55.40460950081986,0.0,54.807802279625015,55.627691074324446,0.8198887946994304,C4_SENSITIVITY_ONLY
A6_A7_test_1m,test,1m,True,251,0.0,61.91049896103559,60.228892875862655,63.39781371141935,pubmed_abstracts_c4,pubmed_abstracts,63.357404096100105,64.65609086107253,61.91049896103559,0.0,60.228892875862655,63.39781371141935,3.1689208355566976,C4_SENSITIVITY_ONLY
A6_A7_test_1m,test,1m,True,252,0.018018018018018,59.711605220530586,58.09426400298443,60.9066078756766,pubmed_abstracts_c4,pubmed_abstracts,63.357404096100105,64.65609086107253,59.73500498206162,0.023399761531031515,58.09426400298443,60.93663314970029,2.8423691467158605,C4_SENSITIVITY_ONLY
A6_A7_test_1m,test,1m,True,253,0.2247752247752247,61.90630958184797,60.23639734731352,62.704056379671655,pubmed_abstracts_c4,pubmed_abstracts,63.357404096100105,64.65609086107253,62.19822219135726,0.2919126095092892,60.23639734731352,63.07862242299922,2.842225075685697,C4_SENSITIVITY_ONLY
A6_A7_test_1m,test,1m,True,254,0.433,62.79816350584413,61.39200266485105,63.44537847007322,pubmed_abstracts_c4,pubmed_abstracts,63.357404096100105,64.65609086107253,63.36049487507719,0.5623313692330569,61.39200266485105,64.16693084277364,2.7749281779225896,C4_SENSITIVITY_ONLY
A6_A7_test_1m,test,1m,True,255,0.0,60.412127973738365,59.52306089167022,61.382679437716575,pubmed_abstracts_c4,pubmed_abstracts,63.357404096100105,64.65609086107253,60.412127973738365,0.0,59.52306089167022,61.382679437716575,1.859618546046356,C4_SENSITIVITY_ONLY
A6_A7_test_1m,test,1m,True,256,0.0,53.79014933319386,53.78512418313221,53.79342737260498,pubmed_abstracts_c4,pubmed_abstracts,63.357404096100105,64.65609086107253,53.79014933319386,0.0,53.78512418313221,53.79342737260498,0.008303189472769645,C4_SENSITIVITY_ONLY
A8_A9_test_60m,test,60m,True,1,0.039039039039039,63.59530217834434,62.36360357296689,64.17313150435582,pubmed_abstracts_c4,pubmed_abstracts,63.357404096100105,64.65609086107253,63.64600166166158,0.0506994833172385,62.36360357296689,64.23818626474049,1.874582691773604,C4_SENSITIVITY_ONLY
A8_A9_test_60m,test,60m,True,2,0.0,63.40972117921458,62.71572008820634,64.01411676760901,pubmed_abstracts_c4,pubmed_abstracts,63.357404096100105,64.65609086107253,63.40972117921458,0.0,62.71572008820634,64.01411676760901,1.2983966794026713,C4_SENSITIVITY_ONLY
A8_A9_test_60m,test,60m,True,3,0.093,56.21800029905407,55.61793983488175,56.5176883546498,pubmed_abstracts_c4,pubmed_abstracts,63.357404096100105,64.65609086107253,56.338778168196505,0.1207778691424366,55.61793983488175,56.6726638065231,1.0547239716413443,C4_SENSITIVITY_ONLY
A8_A9_test_60m,test,60m,True,4,0.0,60.5691299638632,59.92087249799828,60.872089841105286,pubmed_abstracts_c4,pubmed_abstracts,63.357404096100105,64.65609086107253,60.5691299638632,0.0,59.92087249799828,60.872089841105286,0.9512173431070039,C4_SENSITIVITY_ONLY
A8_A9_test_60m,test,60m,True,5,0.0,62.97220372289228,62.632573509307605,63.18886519132863,pubmed_abstracts_c4,pubmed_abstracts,63.357404096100105,64.65609086107253,62.97220372289228,0.0,62.632573509307605,63.18886519132863,0.5562916820210262,C4_SENSITIVITY_ONLY
A8_A9_test_60m,test,60m,True,6,0.0,58.26330123520848,57.33863246590432,59.07245177276327,pubmed_abstracts_c4,pubmed_abstracts,63.357404096100105,64.65609086107253,58.26330123520848,0.0,57.33863246590432,59.07245177276327,1.7338193068589547,C4_SENSITIVITY_ONLY
A8_A9_test_60m,test,60m,True,7,0.002002002002002,51.832182947054896,51.82425504191595,51.8372072062128,pubmed_abstracts_c4,pubmed_abstracts,63.357404096100105,64.65609086107253,51.83478292055835,0.0025999735034503146,51.82425504191595,51.84054334777099,0.01628830585504204,C4_SENSITIVITY_ONLY
A8_A9_test_60m,test,60m,True,8,0.0,60.78119113001566,60.69024263271613,60.86417724786449,pubmed_abstracts_c4,pubmed_abstracts,63.357404096100105,64.65609086107253,60.78119113001566,0.0,60.69024263271613,60.86417724786449,0.17393461514836162,C4_SENSITIVITY_ONLY
A8_A9_test_60m,test,60m,True,9,0.0009990009990009,62.347003726710994,60.33038280077616,64.26598126512954,pubmed_abstracts_c4,pubmed_abstracts,63.357404096100105,64.65609086107253,62.34830111608659,0.0012973893755940935,60.33038280077616,64.26764600309988,3.9372632023237273,C4_SENSITIVITY_ONLY
A8_A9_test_60m,test,60m,True,10,0.0,63.27635254940586,61.517025981084224,64.07187975690971,pubmed_abstracts_c4,pubmed_abstracts,63.357404096100105,64.65609086107253,63.27635254940586,0.0,61.517025981084224,64.07187975690971,2.5548537758254852,C4_SENSITIVITY_ONLY
A8_A9_test_60m,test,60m,True,11,0.0,57.65682469683417,55.96289512460098,59.33463067090042,pubmed_abstracts_c4,pubmed_abstracts,63.357404096100105,64.65609086107253,57.65682469683417,0.0,55.96289512460098,59.33463067090042,3.3717355462994334,C4_SENSITIVITY_ONLY
A8_A9_test_60m,test,60m,True,12,0.016,63.54906668461967,62.81410297666955,64.25243929648934,pubmed_abstracts_c4,pubmed_abstracts,63.357404096100105,64.65609086107253,63.56984567285922,0.02077898823955593,62.81410297666955,64.27910173982238,1.4649987631528276,C4_SENSITIVITY_ONLY
A8_A9_test_60m,test,60m,True,13,0.001,56.40653443231444,55.55676988119584,56.78414628548029,pubmed_abstracts_c4,pubmed_abstracts,63.357404096100105,64.65609086107253,56.40783311907941,0.0012986867649757983,55.55676988119584,56.78581268818861,1.2290428069927657,C4_SENSITIVITY_ONLY
A8_A9_test_60m,test,60m,True,14,0.0,61.04646174849347,59.47862289737827,62.57541821465821,pubmed_abstracts_c4,pubmed_abstracts,63.357404096100105,64.65609086107253,61.04646174849347,0.0,59.47862289737827,62.57541821465821,3.096795317279934,C4_SENSITIVITY_ONLY
A8_A9_test_60m,test,60m,True,15,0.0,59.03862710563637,58.44952454379407,59.58500713463342,pubmed_abstracts_c4,pubmed_abstracts,63.357404096100105,64.65609086107253,59.03862710563637,0.0,58.44952454379407,59.58500713463342,1.1354825908393522,C4_SENSITIVITY_ONLY
A8_A9_test_60m,test,60m,True,16,0.0,62.04525605421088,60.38751783089782,62.97531314428185,pubmed_abstracts_c4,pubmed_abstracts,63.357404096100105,64.65609086107253,62.04525605421088,0.0,60.38751783089782,62.97531314428185,2.587795313384028,C4_SENSITIVITY_ONLY
A8_A9_test_60m,test,60m,True,17,0.2232232232232232,60.81886623001546,60.244477746108345,61.08482719704662,pubmed_abstracts_c4,pubmed_abstracts,63.357404096100105,64.65609086107253,61.10876327564994,0.2898970456344827,60.244477746108345,61.45680698078462,1.2123292346762753,C4_SENSITIVITY_ONLY
A8_A9_test_60m,test,60m,True,18,0.0310932798395185,59.83388209833621,57.33017964802888,62.04102895014427,pubmed_abstracts_c4,pubmed_abstracts,63.357404096100105,64.65609086107253,59.874262529343376,0.04038043100716493,57.33017964802888,62.09284287587924,4.762663227850361,C4_SENSITIVITY_ONLY
A8_A9_test_60m,test,60m,True,19,0.09,54.87065391682959,53.84594099131415,55.75370515709514,pubmed_abstracts_c4,pubmed_abstracts,63.357404096100105,64.65609086107253,54.987535725677105,0.11688180884751631,53.84594099131415,55.903681400843496,2.0577404095293446,C4_SENSITIVITY_ONLY
A8_A9_test_60m,test,60m,True,20,0.005005005005005,59.528698510089214,59.21032992362576,59.76866964303791,pubmed_abstracts_c4,pubmed_abstracts,63.357404096100105,64.65609086107253,59.53519844384783,0.006499933758618681,59.21032992362576,59.77700999693338,0.5666800733076229,C4_SENSITIVITY_ONLY
A8_A9_test_60m,test,60m,True,21,0.0,60.3335690086242,58.2833357914294,61.84413592514514,pubmed_abstracts_c4,pubmed_abstracts,63.357404096100105,64.65609086107253,60.3335690086242,0.0,58.2833357914294,61.84413592514514,3.5608001337157376,C4_SENSITIVITY_ONLY
A8_A9_test_60m,test,60m,True,22,0.0039960039960039,57.24257329423022,55.44291713124537,59.71100779700736,pubmed_abstracts_c4,pubmed_abstracts,63.357404096100105,64.65609086107253,57.24776285173261,0.005189557502390585,55.44291713124537,59.71766674888874,4.274749617643366,C4_SENSITIVITY_ONLY
A8_A9_test_60m,test,60m,True,23,0.1412825651302605,59.76795071732259,58.45388723609208,60.81789903219732,pubmed_abstracts_c4,pubmed_abstracts,63.357404096100105,64.65609086107253,59.95143251477862,0.18348179745602522,58.45388723609208,61.05333268136808,2.599445445276004,C4_SENSITIVITY_ONLY
A8_A9_test_60m,test,60m,True,24,0.055,56.248302552883295,55.999742790702086,56.41029470130965,pubmed_abstracts_c4,pubmed_abstracts,63.357404096100105,64.65609086107253,56.31973032495678,0.07142777207348416,55.999742790702086,56.50194685026698,0.502204059564896,C4_SENSITIVITY_ONLY
A8_A9_test_60m,test,60m,True,25,0.086,61.03148107782813,57.77597872115357,63.9896835495218,pubmed_abstracts_c4,pubmed_abstracts,63.357404096100105,64.65609086107253,61.14316813961576,0.11168706178762733,57.77597872115357,64.13299418243689,6.357015461283318,C4_SENSITIVITY_ONLY
A8_A9_test_60m,test,60m,True,26,0.0,63.76877719807879,63.59522061324132,63.83287723934917,pubmed_abstracts_c4,pubmed_abstracts,63.357404096100105,64.65609086107253,63.76877719807879,0.0,63.59522061324132,63.83287723934917,0.23765662610785654,C4_SENSITIVITY_ONLY
A8_A9_test_60m,test,60m,True,27,0.017,60.61625333530239,57.34948341112312,63.97970469629919,pubmed_abstracts_c4,pubmed_abstracts,63.357404096100105,64.65609086107253,60.63833101030692,0.022077675004531727,57.34948341112312,64.00803354234054,6.6585501312174245,C4_SENSITIVITY_ONLY
A8_A9_test_60m,test,60m,True,28,0.005005005005005,58.01451836650069,56.77251088024532,59.4732120929544,pubmed_abstracts_c4,pubmed_abstracts,63.357404096100105,64.65609086107253,58.02101830025931,0.006499933758618681,56.77251088024532,59.48155244684987,2.7090415666045473,C4_SENSITIVITY_ONLY
A8_A9_test_60m,test,60m,True,29,0.0,55.21995667845218,55.12638472295606,55.26413465792475,pubmed_abstracts_c4,pubmed_abstracts,63.357404096100105,64.65609086107253,55.21995667845218,0.0,55.12638472295606,55.26413465792475,0.1377499349686886,C4_SENSITIVITY_ONLY
A8_A9_test_60m,test,60m,True,30,0.4498997995991984,61.40742345012261,59.52957095712961,62.68830701414187,pubmed_abstracts_c4,pubmed_abstracts,63.357404096100105,64.65609086107253,61.99170236542583,0.5842789153032228,59.52957095712961,63.43802125866438,3.9084503015347707,C4_SENSITIVITY_ONLY
A8_A9_test_60m,test,60m,True,31,0.348,57.69600870953806,56.261786622659095,58.66586102150546,pubmed_abstracts_c4,pubmed_abstracts,63.357404096100105,64.65609086107253,58.14795170374847,0.4519429942104054,56.261786622659095,59.2457691639991,2.983982541340005,C4_SENSITIVITY_ONLY
A8_A9_test_60m,test,60m,True,32,0.001,62.37051568983851,60.35294767841537,63.71774666308108,pubmed_abstracts_c4,pubmed_abstracts,63.357404096100105,64.65609086107253,62.37181437660349,0.0012986867649757983,60.35294767841537,63.7194130657894,3.366465387374028,C4_SENSITIVITY_ONLY
A8_A9_test_60m,test,60m,True,33,0.002002002002002,62.61044002852123,62.0633301352761,62.864405746160585,pubmed_abstracts_c4,pubmed_abstracts,63.357404096100105,64.65609086107253,62.61304000202468,0.0025999735034503146,62.0633301352761,62.86774188771877,0.8044117524426753,C4_SENSITIVITY_ONLY
A8_A9_test_60m,test,60m,True,34,0.241,60.31395383691235,59.69408560696843,60.64447707835715,pubmed_abstracts_c4,pubmed_abstracts,63.357404096100105,64.65609086107253,60.626937347270704,0.31298351035835736,59.69408560696843,61.046080131061075,1.351994524092646,C4_SENSITIVITY_ONLY
A8_A9_test_60m,test,60m,True,35,0.163,62.22685498205431,61.31785942222993,62.57769899301742,pubmed_abstracts_c4,pubmed_abstracts,63.357404096100105,64.65609086107253,62.43854092474482,0.211685942690508,61.31785942222993,62.84932263447278,1.5314632122428478,C4_SENSITIVITY_ONLY
A8_A9_test_60m,test,60m,True,36,0.093,60.61808077549649,59.28266331246813,61.369820836688575,pubmed_abstracts_c4,pubmed_abstracts,63.357404096100105,64.65609086107253,60.738858644638924,0.1207778691424366,59.28266331246813,61.52479628856187,2.2421329760937425,C4_SENSITIVITY_ONLY
A8_A9_test_60m,test,60m,True,37,0.26,56.05516326385042,55.32039742701019,56.384639107374575,pubmed_abstracts_c4,pubmed_abstracts,63.357404096100105,64.65609086107253,56.392821822743244,0.3376585588928265,55.32039742701019,56.81790381153649,1.4975063845262966,C4_SENSITIVITY_ONLY
A8_A9_test_60m,test,60m,True,38,0.3803803803803804,58.71188187696299,57.77131382718156,59.12341237395364,pubmed_abstracts_c4,pubmed_abstracts,63.357404096100105,64.65609086107253,59.20587684261817,0.4939949656551761,57.77131382718156,59.75727927000942,1.9859654428278617,C4_SENSITIVITY_ONLY
A8_A9_test_60m,test,60m,True,39,0.0,62.76233377257159,61.9157429218796,63.190255316936216,pubmed_abstracts_c4,pubmed_abstracts,63.357404096100105,64.65609086107253,62.76233377257159,0.0,61.9157429218796,63.190255316936216,1.2745123950566182,C4_SENSITIVITY_ONLY
A8_A9_test_60m,test,60m,True,40,0.002002002002002,60.59251727940561,60.127737018310974,61.17966228966852,pubmed_abstracts_c4,pubmed_abstracts,63.357404096100105,64.65609086107253,60.59511725290906,0.0025999735034503146,60.127737018310974,61.18299843122671,1.0552614129157334,C4_SENSITIVITY_ONLY
A8_A9_test_60m,test,60m,True,41,0.349,61.65580498272416,60.12857239173427,62.64606131209467,pubmed_abstracts_c4,pubmed_abstracts,63.357404096100105,64.65609086107253,62.10904666369954,0.4532416809753741,60.12857239173427,63.22763585729663,3.0990634655623666,C4_SENSITIVITY_ONLY
A8_A9_test_60m,test,60m,True,42,0.2167832167832167,61.43788559764158,60.0053986316938,62.62448217903577,pubmed_abstracts_c4,pubmed_abstracts,63.357404096100105,64.65609086107253,61.71941909214609,0.28153349450450804,60.0053986316938,62.985730318600574,2.980331686906773,C4_SENSITIVITY_ONLY
A8_A9_test_60m,test,60m,True,43,0.0,61.47814732949036,61.464371671257126,61.48378048945596,pubmed_abstracts_c4,pubmed_abstracts,63.357404096100105,64.65609086107253,61.47814732949036,0.0,61.464371671257126,61.48378048945596,0.019408818198833444,C4_SENSITIVITY_ONLY
A8_A9_test_60m,test,60m,True,44,0.0,60.404221965362666,57.916654732343005,63.17354344730494,pubmed_abstracts_c4,pubmed_abstracts,63.357404096100105,64.65609086107253,60.404221965362666,0.0,57.916654732343005,63.17354344730494,5.256888714961931,C4_SENSITIVITY_ONLY
A8_A9_test_60m,test,60m,True,45,0.03,63.18386814240382,61.67465255339616,64.12014217704859,pubmed_abstracts_c4,pubmed_abstracts,63.357404096100105,64.65609086107253,63.22282874535299,0.03896060294917447,61.67465255339616,64.17013425829805,2.4954817049018914,C4_SENSITIVITY_ONLY
A8_A9_test_60m,test,60m,True,46,0.022022022022022,61.5381407578536,61.290388568501584,61.646294002401866,pubmed_abstracts_c4,pubmed_abstracts,63.357404096100105,64.65609086107253,61.56674046639153,0.028599708537932145,61.290388568501584,61.68299155954194,0.3926029910403557,C4_SENSITIVITY_ONLY
A8_A9_test_60m,test,60m,True,47,0.1131131131131131,60.161350933133086,57.73171954458863,62.69705425450033,pubmed_abstracts_c4,pubmed_abstracts,63.357404096100105,64.65609086107253,60.308249436077915,0.1468985029448291,57.73171954458863,62.88554625253797,5.153826707949342,C4_SENSITIVITY_ONLY
A8_A9_test_60m,test,60m,True,48,0.0,55.62702814129713,54.961135168022274,55.97857795351033,pubmed_abstracts_c4,pubmed_abstracts,63.357404096100105,64.65609086107253,55.62702814129713,0.0,54.961135168022274,55.97857795351033,1.0174427854880577,C4_SENSITIVITY_ONLY
A8_A9_test_60m,test,60m,True,49,0.003,61.32219162173639,61.09740433597638,61.660724128785326,pubmed_abstracts_c4,pubmed_abstracts,63.357404096100105,64.65609086107253,61.32608768203131,0.0038960602949202894,61.09740433597638,61.66572333691027,0.5683190009338901,C4_SENSITIVITY_ONLY
A8_A9_test_60m,test,60m,True,50,0.3513513513513513,60.18243830862772,58.83069319318216,61.02324534128245,pubmed_abstracts_c4,pubmed_abstracts,63.357404096100105,64.65609086107253,60.63873365848289,0.45629534985517495,58.83069319318216,61.608738184744496,2.7780449915623393,C4_SENSITIVITY_ONLY
A8_A9_test_60m,test,60m,True,51,0.016,60.60877774881936,59.55019198357805,61.07399273782257,pubmed_abstracts_c4,pubmed_abstracts,63.357404096100105,64.65609086107253,60.62955673705891,0.02077898823955593,59.55019198357805,61.10065518115561,1.5504631975775567,C4_SENSITIVITY_ONLY
A8_A9_test_60m,test,60m,True,52,0.0,61.60852742841308,59.58239980351784,62.60157571883304,pubmed_abstracts_c4,pubmed_abstracts,63.357404096100105,64.65609086107253,61.60852742841308,0.0,59.58239980351784,62.60157571883304,3.019175915315202,C4_SENSITIVITY_ONLY
A8_A9_test_60m,test,60m,True,53,0.01,61.71676816843448,59.676782955260926,63.291411560125546,pubmed_abstracts_c4,pubmed_abstracts,63.357404096100105,64.65609086107253,61.7297550360842,0.012986867649722456,59.676782955260926,63.3080755872087,3.6312926319477725,C4_SENSITIVITY_ONLY
A8_A9_test_60m,test,60m,True,54,0.0,63.33497192878741,62.86869159519164,63.75759763047514,pubmed_abstracts_c4,pubmed_abstracts,63.357404096100105,64.65609086107253,63.33497192878741,0.0,62.86869159519164,63.75759763047514,0.8889060352834974,C4_SENSITIVITY_ONLY
A8_A9_test_60m,test,60m,True,55,0.0529470529470529,62.609643212869294,61.14161410783316,63.25732552727273,pubmed_abstracts_c4,pubmed_abstracts,63.357404096100105,64.65609086107253,62.67840484977592,0.06876163690662906,61.14161410783316,63.345556639700995,2.203942531867831,C4_SENSITIVITY_ONLY
A8_A9_test_60m,test,60m,True,56,0.0,62.76680345698766,61.31555752844155,63.41022510001909,pubmed_abstracts_c4,pubmed_abstracts,63.357404096100105,64.65609086107253,62.76680345698766,0.0,61.31555752844155,63.41022510001909,2.0946675715775385,C4_SENSITIVITY_ONLY
A8_A9_test_60m,test,60m,True,57,0.0,63.06805649975109,60.59987393639249,64.3230756511424,pubmed_abstracts_c4,pubmed_abstracts,63.357404096100105,64.65609086107253,63.06805649975109,0.0,60.59987393639249,64.3230756511424,3.723201714749912,C4_SENSITIVITY_ONLY
A8_A9_test_60m,test,60m,True,58,0.068,62.38843996451571,61.54120570844459,62.83277892755388,pubmed_abstracts_c4,pubmed_abstracts,63.357404096100105,64.65609086107253,62.47675066453384,0.08831070001812691,61.54120570844459,62.94609431171931,1.4048886032747134,C4_SENSITIVITY_ONLY
A8_A9_test_60m,test,60m,True,59,0.0,61.44323236092639,59.28735776459155,63.25683271591197,pubmed_abstracts_c4,pubmed_abstracts,63.357404096100105,64.65609086107253,61.44323236092639,0.0,59.28735776459155,63.25683271591197,3.9694749513204215,C4_SENSITIVITY_ONLY
A8_A9_test_60m,test,60m,True,60,0.002002002002002,62.23869755975205,62.05057913426763,62.4199401482651,pubmed_abstracts_c4,pubmed_abstracts,63.357404096100105,64.65609086107253,62.2412975332555,0.0025999735034503146,62.05057913426763,62.423276289823285,0.37269715555565597,C4_SENSITIVITY_ONLY
A8_A9_test_60m,test,60m,True,61,0.0,63.53351778948607,63.53351778948607,63.53351778948607,pubmed_abstracts_c4,pubmed_abstracts,63.357404096100105,64.65609086107253,63.53351778948607,0.0,63.53351778948607,63.53351778948607,0.0,C4_SENSITIVITY_ONLY
A8_A9_test_60m,test,60m,True,62,0.005005005005005,62.981595415567305,62.8581355570484,63.08947713937182,pubmed_abstracts_c4,pubmed_abstracts,63.357404096100105,64.65609086107253,62.988095349325924,0.006499933758618681,62.8581355570484,63.09781749326729,0.23968193621889355,C4_SENSITIVITY_ONLY
A8_A9_test_60m,test,60m,True,63,0.0,59.75156372062323,56.74706785548885,64.29591364486677,pubmed_abstracts_c4,pubmed_abstracts,63.357404096100105,64.65609086107253,59.75156372062323,0.0,56.74706785548885,64.29591364486677,7.548845789377921,C4_SENSITIVITY_ONLY
A8_A9_test_60m,test,60m,True,64,0.042,60.54930100549522,58.63778235862512,61.98823392130327,pubmed_abstracts_c4,pubmed_abstracts,63.357404096100105,64.65609086107253,60.60384584962406,0.05454484412884142,58.63778235862512,62.058222835052504,3.4204404764273875,C4_SENSITIVITY_ONLY
A8_A9_test_60m,test,60m,True,65,0.0,62.41323444752325,62.40400989412382,62.416962058420665,pubmed_abstracts_c4,pubmed_abstracts,63.357404096100105,64.65609086107253,62.41323444752325,0.0,62.40400989412382,62.416962058420665,0.012952164296848423,C4_SENSITIVITY_ONLY
A8_A9_test_60m,test,60m,True,66,0.0,60.33638231242879,57.710258603472354,64.31212726062277,pubmed_abstracts_c4,pubmed_abstracts,63.357404096100105,64.65609086107253,60.33638231242879,0.0,57.710258603472354,64.31212726062277,6.601868657150419,C4_SENSITIVITY_ONLY
A8_A9_test_60m,test,60m,True,67,0.034,62.27902493782339,62.15646672374482,62.33011741366066,pubmed_abstracts_c4,pubmed_abstracts,63.357404096100105,64.65609086107253,62.32318028783245,0.044155350009063454,62.15646672374482,62.38677510574337,0.23030838199854742,C4_SENSITIVITY_ONLY
A8_A9_test_60m,test,60m,True,68,0.0169660678642714,61.61288749599015,61.184740425609824,61.949257438709935,pubmed_abstracts_c4,pubmed_abstracts,63.357404096100105,64.65609086107253,61.63492110377911,0.022033607788955578,61.184740425609824,61.97752974014841,0.792789314538588,C4_SENSITIVITY_ONLY
A8_A9_test_60m,test,60m,True,69,0.0,59.82703152959528,57.48202518475352,62.19549828376528,pubmed_abstracts_c4,pubmed_abstracts,63.357404096100105,64.65609086107253,59.82703152959528,0.0,57.48202518475352,62.19549828376528,4.713473099011765,C4_SENSITIVITY_ONLY
A8_A9_test_60m,test,60m,True,70,0.0,63.07012586670808,63.03494067180648,63.09261180288767,pubmed_abstracts_c4,pubmed_abstracts,63.357404096100105,64.65609086107253,63.07012586670808,0.0,63.03494067180648,63.09261180288767,0.05767113108118593,C4_SENSITIVITY_ONLY
A8_A9_test_60m,test,60m,True,71,0.0,60.629718624889016,59.65252804507379,61.001560941717145,pubmed_abstracts_c4,pubmed_abstracts,63.357404096100105,64.65609086107253,60.629718624889016,0.0,59.65252804507379,61.001560941717145,1.349032896643358,C4_SENSITIVITY_ONLY
A8_A9_test_60m,test,60m,True,72,0.0019980019980019,61.35252170016647,59.458557711852926,63.878251082581286,pubmed_abstracts_c4,pubmed_abstracts,63.357404096100105,64.65609086107253,61.355116478917665,0.0025947787511952924,59.458557711852926,63.881580558521975,4.423022846669049,C4_SENSITIVITY_ONLY
A8_A9_test_60m,test,60m,True,73,0.3426853707414829,63.350469904753695,61.25362516588942,64.27764029778446,pubmed_abstracts_c4,pubmed_abstracts,63.357404096100105,64.65609086107253,63.795510860285326,0.44504095553163125,61.25362516588942,64.84869212768801,3.5950669617985938,C4_SENSITIVITY_ONLY
A8_A9_test_60m,test,60m,True,74,0.0,62.24157504013688,60.82685392039398,64.30151630130354,pubmed_abstracts_c4,pubmed_abstracts,63.357404096100105,64.65609086107253,62.24157504013688,0.0,60.82685392039398,64.30151630130354,3.4746623809095567,C4_SENSITIVITY_ONLY
A8_A9_test_60m,test,60m,True,75,0.1921921921921921,62.24376941933645,60.90522004380616,63.013960824619325,pubmed_abstracts_c4,pubmed_abstracts,63.357404096100105,64.65609086107253,62.49336687566749,0.24959745633103836,60.90522004380616,63.3342304142054,2.42901037039924,C4_SENSITIVITY_ONLY
A8_A9_test_60m,test,60m,True,76,0.0009990009990009,61.4017438981549,60.00175968734038,62.58459689500637,pubmed_abstracts_c4,pubmed_abstracts,63.357404096100105,64.65609086107253,61.40304128753049,0.0012973893755940935,60.00175968734038,62.586261632976715,2.584501945636333,C4_SENSITIVITY_ONLY
A8_A9_test_60m,test,60m,True,77,0.0,62.267508399269126,62.16212896010998,62.29996358749207,pubmed_abstracts_c4,pubmed_abstracts,63.357404096100105,64.65609086107253,62.267508399269126,0.0,62.16212896010998,62.29996358749207,0.13783462738209096,C4_SENSITIVITY_ONLY
A8_A9_test_60m,test,60m,True,78,0.02002002002002,61.04483956636848,59.316930862962906,61.7989511981524,pubmed_abstracts_c4,pubmed_abstracts,63.357404096100105,64.65609086107253,61.07083930140296,0.02599973503448183,59.316930862962906,61.83231261373429,2.5153817507713825,C4_SENSITIVITY_ONLY
A8_A9_test_60m,test,60m,True,79,0.0,52.13150836622717,52.12473887470015,52.13444328379956,pubmed_abstracts_c4,pubmed_abstracts,63.357404096100105,64.65609086107253,52.13150836622717,0.0,52.12473887470015,52.13444328379956,0.00970440909941317,C4_SENSITIVITY_ONLY
A8_A9_test_60m,test,60m,True,80,0.313,63.02488852041614,61.0554279797865,63.95870963310576,pubmed_abstracts_c4,pubmed_abstracts,63.357404096100105,64.65609086107253,63.43137747785251,0.40648895743636615,61.0554279797865,64.48029368080837,3.424865701021872,C4_SENSITIVITY_ONLY
A8_A9_test_60m,test,60m,True,81,0.5615615615615616,62.63196471214374,60.42841897577981,64.02035512294147,pubmed_abstracts_c4,pubmed_abstracts,63.357404096100105,64.65609086107253,63.361257279860986,0.7292925677172448,60.42841897577981,64.95614283001329,4.527723854233479,C4_SENSITIVITY_ONLY
A8_A9_test_60m,test,60m,True,82,0.2127872127872128,58.3413778290866,57.28840117181493,58.8262828098746,pubmed_abstracts_c4,pubmed_abstracts,63.357404096100105,64.65609086107253,58.61772176608873,0.27634393700212456,57.28840117181493,59.18087199755802,1.8924708257430893,C4_SENSITIVITY_ONLY
A8_A9_test_60m,test,60m,True,83,0.0,62.10611367432088,60.53325169989081,62.848834179551126,pubmed_abstracts_c4,pubmed_abstracts,63.357404096100105,64.65609086107253,62.10611367432088,0.0,60.53325169989081,62.848834179551126,2.315582479660314,C4_SENSITIVITY_ONLY
A8_A9_test_60m,test,60m,True,84,0.0029970029970029,63.30323463965497,62.80870463158012,63.49500096587595,pubmed_abstracts_c4,pubmed_abstracts,63.357404096100105,64.65609086107253,63.307126807781756,0.003892168126789386,62.80870463158012,63.499995179786985,0.6912905482068652,C4_SENSITIVITY_ONLY
A8_A9_test_60m,test,60m,True,85,0.443,57.52136373815516,56.364957569734216,58.05267587610436,pubmed_abstracts_c4,pubmed_abstracts,63.357404096100105,64.65609086107253,58.096681975037946,0.5753182368827865,56.364957569734216,58.790892275887934,2.4259347061537184,C4_SENSITIVITY_ONLY
A8_A9_test_60m,test,60m,True,86,0.004004004004004,63.33343081370141,63.21006673020905,63.43446173321027,pubmed_abstracts_c4,pubmed_abstracts,63.357404096100105,64.65609086107253,63.338630760708305,0.005199947006893524,63.21006673020905,63.44113401632665,0.2310672861176002,C4_SENSITIVITY_ONLY
A8_A9_test_60m,test,60m,True,87,0.0,59.31477872177568,56.250679256471535,64.22838077393203,pubmed_abstracts_c4,pubmed_abstracts,63.357404096100105,64.65609086107253,59.31477872177568,0.0,56.250679256471535,64.22838077393203,7.9777015174604955,C4_SENSITIVITY_ONLY
A8_A9_test_60m,test,60m,True,88,0.0,62.20287222427098,59.967913531029225,64.15875057405417,pubmed_abstracts_c4,pubmed_abstracts,63.357404096100105,64.65609086107253,62.20287222427098,0.0,59.967913531029225,64.15875057405417,4.190837043024942,C4_SENSITIVITY_ONLY
A8_A9_test_60m,test,60m,True,89,0.001,62.09024375390363,61.83392397851864,62.35628647116077,pubmed_abstracts_c4,pubmed_abstracts,63.357404096100105,64.65609086107253,62.091542440668604,0.0012986867649757983,61.83392397851864,62.35795287386909,0.5240288953504475,C4_SENSITIVITY_ONLY
A8_A9_test_60m,test,60m,True,90,0.2302302302302302,59.64108097245275,58.7200039218559,60.349535346031,pubmed_abstracts_c4,pubmed_abstracts,63.357404096100105,64.65609086107253,59.9400779253493,0.2989969528965517,58.7200039218559,60.73319162522265,2.0131877033667536,C4_SENSITIVITY_ONLY
A8_A9_test_60m,test,60m,True,91,0.001002004008016,62.83349535826595,62.60179510992237,63.030245988694624,pubmed_abstracts_c4,pubmed_abstracts,63.357404096100105,64.65609086107253,62.83479664760961,0.0013012893436581408,62.60179510992237,63.03191573088733,0.4301206209649564,C4_SENSITIVITY_ONLY
A8_A9_test_60m,test,60m,True,92,0.02,60.645755594956114,58.489322017084646,62.72506594259247,pubmed_abstracts_c4,pubmed_abstracts,63.357404096100105,64.65609086107253,60.67172933025556,0.02597373529944491,58.489322017084646,62.75839399675878,4.2690719796741305,C4_SENSITIVITY_ONLY
A8_A9_test_60m,test,60m,True,93,0.0,57.218830739890166,56.24767602249483,57.62560258861967,pubmed_abstracts_c4,pubmed_abstracts,63.357404096100105,64.65609086107253,57.218830739890166,0.0,56.24767602249483,57.62560258861967,1.3779265661248417,C4_SENSITIVITY_ONLY
A8_A9_test_60m,test,60m,True,94,0.1208791208791208,62.31924166057822,61.50893807184063,62.949153932806446,pubmed_abstracts_c4,pubmed_abstracts,63.357404096100105,64.65609086107253,62.47622577502544,0.15698411444721927,61.50893807184063,63.15058722721815,1.6416491553775217,C4_SENSITIVITY_ONLY
A8_A9_test_60m,test,60m,True,95,0.0,62.10137738547365,61.069046993836295,62.51421371454761,pubmed_abstracts_c4,pubmed_abstracts,63.357404096100105,64.65609086107253,62.10137738547365,0.0,61.069046993836295,62.51421371454761,1.4451667207113132,C4_SENSITIVITY_ONLY
A8_A9_test_60m,test,60m,True,96,0.0,62.03469837741846,61.15988666596384,62.444252251532085,pubmed_abstracts_c4,pubmed_abstracts,63.357404096100105,64.65609086107253,62.03469837741846,0.0,61.15988666596384,62.444252251532085,1.2843655855682456,C4_SENSITIVITY_ONLY
A8_A9_test_60m,test,60m,True,97,0.0,61.45640251320091,59.61776934343354,63.78590517720588,pubmed_abstracts_c4,pubmed_abstracts,63.357404096100105,64.65609086107253,61.45640251320091,0.0,59.61776934343354,63.78590517720588,4.168135833772347,C4_SENSITIVITY_ONLY
A8_A9_test_60m,test,60m,True,98,0.316,61.22010112412231,58.839490139862974,63.11927720838873,pubmed_abstracts_c4,pubmed_abstracts,63.357404096100105,64.65609086107253,61.630486141853595,0.41038501773128644,58.839490139862974,63.64586046421629,4.806370324353317,C4_SENSITIVITY_ONLY
A8_A9_test_60m,test,60m,True,99,0.0,60.74004529653456,59.17578194015701,62.78840490618595,pubmed_abstracts_c4,pubmed_abstracts,63.357404096100105,64.65609086107253,60.74004529653456,0.0,59.17578194015701,62.78840490618595,3.612622966028944,C4_SENSITIVITY_ONLY
A8_A9_test_60m,test,60m,True,100,0.328,62.04706759259917,60.17604925524407,63.64116658496098,pubmed_abstracts_c4,pubmed_abstracts,63.357404096100105,64.65609086107253,62.47303685151012,0.4259692589109534,60.17604925524407,64.18774667328832,4.01169741804425,C4_SENSITIVITY_ONLY
A8_A9_test_60m,test,60m,True,101,0.0,60.47396527435355,57.2457000956111,63.55525124170568,pubmed_abstracts_c4,pubmed_abstracts,63.357404096100105,64.65609086107253,60.47396527435355,0.0,57.2457000956111,63.55525124170568,6.309551146094584,C4_SENSITIVITY_ONLY
A8_A9_test_60m,test,60m,True,102,0.0,62.27269433203166,60.43761437485615,63.204542118976896,pubmed_abstracts_c4,pubmed_abstracts,63.357404096100105,64.65609086107253,62.27269433203166,0.0,60.43761437485615,63.204542118976896,2.7669277441207427,C4_SENSITIVITY_ONLY
A8_A9_test_60m,test,60m,True,103,0.1943887775551102,60.57438041549023,58.52141745672058,62.18389560315545,pubmed_abstracts_c4,pubmed_abstracts,63.357404096100105,64.65609086107253,60.826830548160224,0.25245013266999194,58.52141745672058,62.50782558853934,3.986408131818763,C4_SENSITIVITY_ONLY
A8_A9_test_60m,test,60m,True,104,0.0,62.32548347175669,61.74533495711365,63.17690045756646,pubmed_abstracts_c4,pubmed_abstracts,63.357404096100105,64.65609086107253,62.32548347175669,0.0,61.74533495711365,63.17690045756646,1.4315655004528125,C4_SENSITIVITY_ONLY
A8_A9_test_60m,test,60m,True,105,0.0,61.31220102429149,59.817170599145314,62.96407940932588,pubmed_abstracts_c4,pubmed_abstracts,63.357404096100105,64.65609086107253,61.31220102429149,0.0,59.817170599145314,62.96407940932588,3.1469088101805696,C4_SENSITIVITY_ONLY
A8_A9_test_60m,test,60m,True,106,0.0,61.491692198814405,61.40060336996814,61.57090876947819,pubmed_abstracts_c4,pubmed_abstracts,63.357404096100105,64.65609086107253,61.491692198814405,0.0,61.40060336996814,61.57090876947819,0.17030539951004897,C4_SENSITIVITY_ONLY
A8_A9_test_60m,test,60m,True,107,0.0638722554890219,63.59825485882663,62.86650643422111,64.06131952783593,pubmed_abstracts_c4,pubmed_abstracts,63.357404096100105,64.65609086107253,63.68120491167916,0.08295005285253154,62.86650643422111,64.16775642736903,1.3012499931479198,C4_SENSITIVITY_ONLY
A8_A9_test_60m,test,60m,True,108,0.086,59.85431021261646,58.420649717261234,60.83475676069977,pubmed_abstracts_c4,pubmed_abstracts,63.357404096100105,64.65609086107253,59.96599727440409,0.11168706178762733,58.420649717261234,60.978067393614864,2.55741767635363,C4_SENSITIVITY_ONLY
A8_A9_test_60m,test,60m,True,109,0.0,64.1017421643832,63.89658204611453,64.17055219996845,pubmed_abstracts_c4,pubmed_abstracts,63.357404096100105,64.65609086107253,64.1017421643832,0.0,63.89658204611453,64.17055219996845,0.27397015385392365,C4_SENSITIVITY_ONLY
A8_A9_test_60m,test,60m,True,110,0.429,62.170492525905125,61.018151096328026,62.64946912461208,pubmed_abstracts_c4,pubmed_abstracts,63.357404096100105,64.65609086107253,62.72762914807829,0.557136622173168,61.018151096328026,63.364355886479245,2.3462047901512193,C4_SENSITIVITY_ONLY
A8_A9_test_60m,test,60m,True,111,0.041041041041041,62.73186035179894,62.455665593195874,62.84725157207211,pubmed_abstracts_c4,pubmed_abstracts,63.357404096100105,64.65609086107253,62.78515980861963,0.05329945682068882,62.455665593195874,62.91564247401497,0.4599768808190987,C4_SENSITIVITY_ONLY
A8_A9_test_60m,test,60m,True,112,0.0,60.61452762428162,57.66199675854021,63.97192329669316,pubmed_abstracts_c4,pubmed_abstracts,63.357404096100105,64.65609086107253,60.61452762428162,0.0,57.66199675854021,63.97192329669316,6.309926538152951,C4_SENSITIVITY_ONLY
A8_A9_test_60m,test,60m,True,113,0.0020060180541624,59.31987207421634,58.18424244447421,60.60596530794338,pubmed_abstracts_c4,pubmed_abstracts,63.357404096100105,64.65609086107253,59.32247726331358,0.0026051890972382807,58.18424244447421,60.60930814186177,2.4250656973875593,C4_SENSITIVITY_ONLY
A8_A9_test_60m,test,60m,True,114,0.0,62.58764476600154,60.97868863201176,63.40914701370449,pubmed_abstracts_c4,pubmed_abstracts,63.357404096100105,64.65609086107253,62.58764476600154,0.0,60.97868863201176,63.40914701370449,2.4304583816927305,C4_SENSITIVITY_ONLY
A8_A9_test_60m,test,60m,True,115,0.0,63.72803334537386,63.07364916442806,64.01174204403827,pubmed_abstracts_c4,pubmed_abstracts,63.357404096100105,64.65609086107253,63.72803334537386,0.0,63.07364916442806,64.01174204403827,0.9380928796102097,C4_SENSITIVITY_ONLY
A8_A9_test_60m,test,60m,True,116,0.0040080160320641,61.81299828692577,61.340741865958734,62.15706070500404,pubmed_abstracts_c4,pubmed_abstracts,63.357404096100105,64.65609086107253,61.81820344430041,0.005205157374639668,61.340741865958734,62.16373967377484,0.8229978078161082,C4_SENSITIVITY_ONLY
A8_A9_test_60m,test,60m,True,117,0.0,61.53381114513434,61.27818826107816,61.64912094943698,pubmed_abstracts_c4,pubmed_abstracts,63.357404096100105,64.65609086107253,61.53381114513434,0.0,61.27818826107816,61.64912094943698,0.37093268835882043,C4_SENSITIVITY_ONLY
A8_A9_test_60m,test,60m,True,118,0.009009009009009,62.146206348271264,60.21725930475335,63.09729630847546,pubmed_abstracts_c4,pubmed_abstracts,63.357404096100105,64.65609086107253,62.15790622903678,0.01169988076551931,60.21725930475335,63.11230894548731,2.8950496407339585,C4_SENSITIVITY_ONLY
A8_A9_test_60m,test,60m,True,119,0.033033033033033,60.596162494502174,59.95086742851272,60.94990112347136,pubmed_abstracts_c4,pubmed_abstracts,63.357404096100105,64.65609086107253,60.63906205730907,0.042899562806894664,59.95086742851272,61.00494745918147,1.0540800306687501,C4_SENSITIVITY_ONLY
A8_A9_test_60m,test,60m,True,120,0.0079840319361277,60.364248228541655,58.60903470769821,63.00964361307773,pubmed_abstracts_c4,pubmed_abstracts,63.357404096100105,64.65609086107253,60.37461698514822,0.010368756606567331,58.60903470769821,63.022948225519364,4.4139135178211575,C4_SENSITIVITY_ONLY
A8_A9_test_60m,test,60m,True,121,0.0589410589410589,56.31117434628307,56.0299106186043,56.43470210237419,pubmed_abstracts_c4,pubmed_abstracts,63.357404096100105,64.65609086107253,56.38772031944328,0.07654597316021494,56.0299106186043,56.53292164262453,0.5030110240202319,C4_SENSITIVITY_ONLY
A8_A9_test_60m,test,60m,True,122,0.365,60.11994508063846,58.869408320457175,60.6814462784989,pubmed_abstracts_c4,pubmed_abstracts,63.357404096100105,64.65609086107253,60.593965749853396,0.47402066921493713,58.869408320457175,61.2896832670339,2.4202749465767255,C4_SENSITIVITY_ONLY
A8_A9_test_60m,test,60m,True,123,0.3983983983983983,62.99128908007299,61.9498872999677,63.43644601371649,pubmed_abstracts_c4,pubmed_abstracts,63.357404096100105,64.65609086107253,63.508683807259196,0.5173947271862076,61.9498872999677,64.10033818379597,2.1504508838282703,C4_SENSITIVITY_ONLY
A8_A9_test_60m,test,60m,True,124,0.34,60.830378647978186,59.28286101179504,61.50224446323712,pubmed_abstracts_c4,pubmed_abstracts,63.357404096100105,64.65609086107253,61.271932148068814,0.44155350009062744,59.28286101179504,62.06882138406424,2.7859603722692015,C4_SENSITIVITY_ONLY
A8_A9_test_60m,test,60m,True,125,0.024024024024024,61.02251075226528,58.70255422504769,62.84513495223369,pubmed_abstracts_c4,pubmed_abstracts,63.357404096100105,64.65609086107253,61.053710434306666,0.03119968204138246,58.70255422504769,62.88516865093195,4.18261442588426,C4_SENSITIVITY_ONLY
A8_A9_test_60m,test,60m,True,126,0.002002002002002,58.80122640772829,56.111129089451325,62.387231910215256,pubmed_abstracts_c4,pubmed_abstracts,63.357404096100105,64.65609086107253,58.80382638123174,0.0025999735034503146,56.111129089451325,62.39056805177344,6.279438962322118,C4_SENSITIVITY_ONLY
A8_A9_test_60m,test,60m,True,127,0.06312625250501,61.39634616701826,58.773018398159664,64.26877330188158,pubmed_abstracts_c4,pubmed_abstracts,63.357404096100105,64.65609086107253,61.47832739566882,0.08198122865056234,58.773018398159664,64.37396706002171,5.6009486618620485,C4_SENSITIVITY_ONLY
A8_A9_test_60m,test,60m,True,128,0.085,62.05591844008552,61.20015499167317,62.62632462190056,pubmed_abstracts_c4,pubmed_abstracts,63.357404096100105,64.65609086107253,62.16630681510818,0.11038837502265864,61.20015499167317,62.76796885210734,1.567813860434164,C4_SENSITIVITY_ONLY
A8_A9_test_60m,test,60m,True,129,0.0,61.59265724902995,61.53862188613997,61.62527860122583,pubmed_abstracts_c4,pubmed_abstracts,63.357404096100105,64.65609086107253,61.59265724902995,0.0,61.53862188613997,61.62527860122583,0.0866567150858586,C4_SENSITIVITY_ONLY
A8_A9_test_60m,test,60m,True,130,0.041,57.89342222081766,56.86899196705375,58.492723094877405,pubmed_abstracts_c4,pubmed_abstracts,63.357404096100105,64.65609086107253,57.946668378181535,0.053246157363872726,56.86899196705375,58.56104560591832,1.6920536388645715,C4_SENSITIVITY_ONLY
A8_A9_test_60m,test,60m,True,131,0.0,60.47399074619856,58.625372910218005,62.508494927532496,pubmed_abstracts_c4,pubmed_abstracts,63.357404096100105,64.65609086107253,60.47399074619856,0.0,58.625372910218005,62.508494927532496,3.8831220173144914,C4_SENSITIVITY_ONLY
A8_A9_test_60m,test,60m,True,132,0.04,61.327871413212925,61.05338629041656,61.53279361030658,pubmed_abstracts_c4,pubmed_abstracts,63.357404096100105,64.65609086107253,61.37981888381182,0.05194747059889693,61.05338629041656,61.59944971863918,0.5460634282226167,C4_SENSITIVITY_ONLY
A8_A9_test_60m,test,60m,True,133,0.4147557328015952,61.85536856556392,59.8575329883864,62.77088335835136,pubmed_abstracts_c4,pubmed_abstracts,63.357404096100105,64.65609086107253,62.39400634644979,0.5386377808858711,59.8575329883864,63.46203343478114,3.604500446394738,C4_SENSITIVITY_ONLY
A8_A9_test_60m,test,60m,True,134,0.0779220779220779,63.14400193166222,62.30973171110048,63.76575905167612,pubmed_abstracts_c4,pubmed_abstracts,63.357404096100105,64.65609086107253,63.24519830295877,0.10119637129655246,62.30973171110048,63.89560861336301,1.5858769022625268,C4_SENSITIVITY_ONLY
A8_A9_test_60m,test,60m,True,135,0.0,54.86484703741738,53.53061174361228,57.00781454929723,pubmed_abstracts_c4,pubmed_abstracts,63.357404096100105,64.65609086107253,54.86484703741738,0.0,53.53061174361228,57.00781454929723,3.4772028056849464,C4_SENSITIVITY_ONLY
A8_A9_test_60m,test,60m,True,136,0.0,62.1333773402359,60.38047561469128,62.98635318529735,pubmed_abstracts_c4,pubmed_abstracts,63.357404096100105,64.65609086107253,62.1333773402359,0.0,60.38047561469128,62.98635318529735,2.6058775706060686,C4_SENSITIVITY_ONLY
A8_A9_test_60m,test,60m,True,137,0.0,59.322288660944864,57.69279173556131,60.919056735623535,pubmed_abstracts_c4,pubmed_abstracts,63.357404096100105,64.65609086107253,59.322288660944864,0.0,57.69279173556131,60.919056735623535,3.2262650000622273,C4_SENSITIVITY_ONLY
A8_A9_test_60m,test,60m,True,138,0.2207792207792207,54.95722224496942,54.45903455683335,55.173211849863954,pubmed_abstracts_c4,pubmed_abstracts,63.357404096100105,64.65609086107253,55.24394529697632,0.2867230520068986,54.45903455683335,55.54111894131014,1.0820843844767865,C4_SENSITIVITY_ONLY
A8_A9_test_60m,test,60m,True,139,0.0,62.590907323410605,62.56661016357106,62.60219299693559,pubmed_abstracts_c4,pubmed_abstracts,63.357404096100105,64.65609086107253,62.590907323410605,0.0,62.56661016357106,62.60219299693559,0.035582833364529165,C4_SENSITIVITY_ONLY
A8_A9_test_60m,test,60m,True,140,0.0939999999999999,60.56314669689577,58.20147663062801,63.547578756666695,pubmed_abstracts_c4,pubmed_abstracts,63.357404096100105,64.65609086107253,60.685223252803176,0.12207655590740529,58.20147663062801,63.70422061124831,5.502743980620302,C4_SENSITIVITY_ONLY
A8_A9_test_60m,test,60m,True,141,0.0,56.54499484264142,56.1753625587064,56.77396950223751,pubmed_abstracts_c4,pubmed_abstracts,63.357404096100105,64.65609086107253,56.54499484264142,0.0,56.1753625587064,56.77396950223751,0.5986069435311165,C4_SENSITIVITY_ONLY
A8_A9_test_60m,test,60m,True,142,0.006,60.66633629159466,60.28626188691623,60.89232203058713,pubmed_abstracts_c4,pubmed_abstracts,63.357404096100105,64.65609086107253,60.674128412184494,0.007792120589833473,60.28626188691623,60.902320446837024,0.6160585599207948,C4_SENSITIVITY_ONLY
A8_A9_test_60m,test,60m,True,143,0.004004004004004,60.21035472579212,58.61285998543545,61.92490040494498,pubmed_abstracts_c4,pubmed_abstracts,63.357404096100105,64.65609086107253,60.215554672799016,0.005199947006893524,58.61285998543545,61.93157268806136,3.318712702625909,C4_SENSITIVITY_ONLY
A8_A9_test_60m,test,60m,True,144,0.0209790209790209,61.62070048803734,59.98544211570553,62.42004993783962,pubmed_abstracts_c4,pubmed_abstracts,63.357404096100105,64.65609086107253,61.647945664924876,0.027245176887532807,59.98544211570553,62.45500943521686,2.4695673195113272,C4_SENSITIVITY_ONLY
A8_A9_test_60m,test,60m,True,145,0.0009990009990009,58.24463776409124,58.01953186134472,58.41415609577109,pubmed_abstracts_c4,pubmed_abstracts,63.357404096100105,64.65609086107253,58.24593515346683,0.0012973893755940935,58.01953186134472,58.415820833741435,0.396288972396718,C4_SENSITIVITY_ONLY
A8_A9_test_60m,test,60m,True,146,0.0,62.0000911983028,61.101995763435006,62.39909991496161,pubmed_abstracts_c4,pubmed_abstracts,63.357404096100105,64.65609086107253,62.0000911983028,0.0,61.101995763435006,62.39909991496161,1.2971041515266037,C4_SENSITIVITY_ONLY
A8_A9_test_60m,test,60m,True,147,0.0209790209790209,58.51550350838741,58.18015153044182,58.82627360904824,pubmed_abstracts_c4,pubmed_abstracts,63.357404096100105,64.65609086107253,58.542748685274944,0.027245176887532807,58.18015153044182,58.86123310642548,0.6810815759836615,C4_SENSITIVITY_ONLY
A8_A9_test_60m,test,60m,True,148,0.0,60.32619656954687,57.64367885742412,62.520988096369294,pubmed_abstracts_c4,pubmed_abstracts,63.357404096100105,64.65609086107253,60.32619656954687,0.0,57.64367885742412,62.520988096369294,4.877309238945173,C4_SENSITIVITY_ONLY
A8_A9_test_60m,test,60m,True,149,0.169,56.0395971474491,55.15476402316504,56.70889311464567,pubmed_abstracts_c4,pubmed_abstracts,63.357404096100105,64.65609086107253,56.25907521072944,0.21947806328034147,55.15476402316504,56.99051517235091,1.8357511491858673,C4_SENSITIVITY_ONLY
A8_A9_test_60m,test,60m,True,150,0.0049950049950049,61.91122218219541,58.97592636103283,64.05101103856329,pubmed_abstracts_c4,pubmed_abstracts,63.357404096100105,64.65609086107253,61.917709129073394,0.006486946877984678,58.97592636103283,64.05933472841501,5.083408367382177,C4_SENSITIVITY_ONLY
A8_A9_test_60m,test,60m,True,151,0.0,61.66358108914491,60.69467190312215,62.317715606271925,pubmed_abstracts_c4,pubmed_abstracts,63.357404096100105,64.65609086107253,61.66358108914491,0.0,60.69467190312215,62.317715606271925,1.6230437031497758,C4_SENSITIVITY_ONLY
A8_A9_test_60m,test,60m,True,152,0.0,61.90944538795147,60.13040635954681,63.1587245818408,pubmed_abstracts_c4,pubmed_abstracts,63.357404096100105,64.65609086107253,61.90944538795147,0.0,60.13040635954681,63.1587245818408,3.02831822229399,C4_SENSITIVITY_ONLY
A8_A9_test_60m,test,60m,True,153,0.2467532467532467,59.883512497296806,58.73039799175778,60.521869550984434,pubmed_abstracts_c4,pubmed_abstracts,63.357404096100105,64.65609086107253,60.20396767306922,0.3204551757724161,58.73039799175778,60.93305982965958,2.2026618379017933,C4_SENSITIVITY_ONLY
A8_A9_test_60m,test,60m,True,154,0.023,57.66577921919049,57.44634650217002,57.82003731952189,pubmed_abstracts_c4,pubmed_abstracts,63.357404096100105,64.65609086107253,57.695649014784856,0.0298697955943652,57.44634650217002,57.858364581813134,0.41201807964311143,C4_SENSITIVITY_ONLY
A8_A9_test_60m,test,60m,True,155,0.1326021934197407,60.61782530402283,58.59462169278732,62.94318157254331,pubmed_abstracts_c4,pubmed_abstracts,63.357404096100105,64.65609086107253,60.79003401762336,0.1722087136005328,58.59462169278732,63.16415022678648,4.569528533999161,C4_SENSITIVITY_ONLY
A8_A9_test_60m,test,60m,True,156,0.001,62.51027270721897,60.63753952205813,63.46143429233254,pubmed_abstracts_c4,pubmed_abstracts,63.357404096100105,64.65609086107253,62.51157139398394,0.0012986867649757983,60.63753952205813,63.46310069504086,2.825561172982731,C4_SENSITIVITY_ONLY
A8_A9_test_60m,test,60m,True,157,0.0,60.33337713235646,59.89191414666367,60.76857423753663,pubmed_abstracts_c4,pubmed_abstracts,63.357404096100105,64.65609086107253,60.33337713235646,0.0,59.89191414666367,60.76857423753663,0.87666009087296,C4_SENSITIVITY_ONLY
A8_A9_test_60m,test,60m,True,158,0.421,63.41257920580292,62.42988917179386,63.84521204462824,pubmed_abstracts_c4,pubmed_abstracts,63.357404096100105,64.65609086107253,63.95932633385631,0.54674712805339,62.42988917179386,64.54676758482888,2.1168784130350247,C4_SENSITIVITY_ONLY
A8_A9_test_60m,test,60m,True,159,0.0,54.25073672796567,53.40921257863089,54.90618639911634,pubmed_abstracts_c4,pubmed_abstracts,63.357404096100105,64.65609086107253,54.25073672796567,0.0,53.40921257863089,54.90618639911634,1.4969738204854508,C4_SENSITIVITY_ONLY
A8_A9_test_60m,test,60m,True,160,0.38,60.89385859410706,58.740117074773,62.17307954787854,pubmed_abstracts_c4,pubmed_abstracts,63.357404096100105,64.65609086107253,61.38735956479658,0.49350097068952437,58.740117074773,62.80631257703826,4.066195502265259,C4_SENSITIVITY_ONLY
A8_A9_test_60m,test,60m,True,161,0.0,63.6142879061808,63.003002544356086,64.12568515834224,pubmed_abstracts_c4,pubmed_abstracts,63.357404096100105,64.65609086107253,63.6142879061808,0.0,63.003002544356086,64.12568515834224,1.12268261398615,C4_SENSITIVITY_ONLY
A8_A9_test_60m,test,60m,True,162,0.0,54.770303190316135,53.58905611631882,56.09055255027299,pubmed_abstracts_c4,pubmed_abstracts,63.357404096100105,64.65609086107253,54.770303190316135,0.0,53.58905611631882,56.09055255027299,2.5014964339541663,C4_SENSITIVITY_ONLY
A8_A9_test_60m,test,60m,True,163,0.0189810189810189,62.19315502722692,61.6946149916274,62.419405432339815,pubmed_abstracts_c4,pubmed_abstracts,63.357404096100105,64.65609086107253,62.21780542536326,0.024650398136337515,61.6946149916274,62.45103545377636,0.7564204621489665,C4_SENSITIVITY_ONLY
A8_A9_test_60m,test,60m,True,164,0.0,60.49282090983682,59.167924321641486,61.66876795704908,pubmed_abstracts_c4,pubmed_abstracts,63.357404096100105,64.65609086107253,60.49282090983682,0.0,59.167924321641486,61.66876795704908,2.500843635407591,C4_SENSITIVITY_ONLY
A8_A9_test_60m,test,60m,True,165,0.05005005005005,60.68338148427762,58.01981548241989,63.04970580190869,pubmed_abstracts_c4,pubmed_abstracts,63.357404096100105,64.65609086107253,60.748380821863826,0.06499933758620813,58.01981548241989,63.13310934086339,5.113293858443505,C4_SENSITIVITY_ONLY
A8_A9_test_60m,test,60m,True,166,0.4605394605394606,60.94396410075412,58.784759390599575,62.95051737693087,pubmed_abstracts_c4,pubmed_abstracts,63.357404096100105,64.65609086107253,61.54206060290426,0.5980965021501348,58.784759390599575,63.717961581259786,4.933202190660211,C4_SENSITIVITY_ONLY
A8_A9_test_60m,test,60m,True,167,0.073073073073073,59.681539683432725,58.16927526414163,60.52926953117888,pubmed_abstracts_c4,pubmed_abstracts,63.357404096100105,64.65609086107253,59.77643871630859,0.09489903287586543,58.16927526414163,60.65103869805276,2.4817634339111265,C4_SENSITIVITY_ONLY
A8_A9_test_60m,test,60m,True,168,0.0,60.849480390951925,60.3613552052646,61.2990447844059,pubmed_abstracts_c4,pubmed_abstracts,63.357404096100105,64.65609086107253,60.849480390951925,0.0,60.3613552052646,61.2990447844059,0.9376895791412991,C4_SENSITIVITY_ONLY
A8_A9_test_60m,test,60m,True,169,0.001,62.8529137121227,60.92991815002647,63.60779032916681,pubmed_abstracts_c4,pubmed_abstracts,63.357404096100105,64.65609086107253,62.854212398887675,0.0012986867649757983,60.92991815002647,63.60945673187513,2.679538581848661,C4_SENSITIVITY_ONLY
A8_A9_test_60m,test,60m,True,170,0.1038961038961039,63.51640976366303,62.72173356429075,63.94736301196231,pubmed_abstracts_c4,pubmed_abstracts,63.357404096100105,64.65609086107253,63.6513382587251,0.13492849506206994,62.72173356429075,64.12049576087816,1.3987621965874055,C4_SENSITIVITY_ONLY
A8_A9_test_60m,test,60m,True,171,0.187,61.591488416126666,60.8747594161097,61.997267769871776,pubmed_abstracts_c4,pubmed_abstracts,63.357404096100105,64.65609086107253,61.83434284117651,0.2428544250498419,60.8747594161097,62.30888507632669,1.434125660216992,C4_SENSITIVITY_ONLY
A8_A9_test_60m,test,60m,True,172,0.001001001001001,62.75118040444,62.1804089903921,63.18403130216429,pubmed_abstracts_c4,pubmed_abstracts,63.357404096100105,64.65609086107253,62.752480391191725,0.0012999867517251573,62.1804089903921,63.18569937294339,1.005290382551287,C4_SENSITIVITY_ONLY
A8_A9_test_60m,test,60m,True,173,0.0,63.65553907899648,62.96024286634163,64.04107430724278,pubmed_abstracts_c4,pubmed_abstracts,63.357404096100105,64.65609086107253,63.65553907899648,0.0,62.96024286634163,64.04107430724278,1.0808314409011501,C4_SENSITIVITY_ONLY
A8_A9_test_60m,test,60m,True,174,0.0,54.792680103743045,54.35771446497199,55.3459174876949,pubmed_abstracts_c4,pubmed_abstracts,63.357404096100105,64.65609086107253,54.792680103743045,0.0,54.35771446497199,55.3459174876949,0.9882030227229066,C4_SENSITIVITY_ONLY
A8_A9_test_60m,test,60m,True,175,0.0,58.965524451318736,57.50922144613718,59.776417709850485,pubmed_abstracts_c4,pubmed_abstracts,63.357404096100105,64.65609086107253,58.965524451318736,0.0,57.50922144613718,59.776417709850485,2.267196263713302,C4_SENSITIVITY_ONLY
A8_A9_test_60m,test,60m,True,176,0.2647352647352647,62.48835147946855,60.47764172381879,64.01423323058638,pubmed_abstracts_c4,pubmed_abstracts,63.357404096100105,64.65609086107253,62.83215966400171,0.34380818453315953,60.47764172381879,64.45538879272773,3.97774706890894,C4_SENSITIVITY_ONLY
A8_A9_test_60m,test,60m,True,177,0.0,63.44429438935549,62.36682861627718,64.20238557164087,pubmed_abstracts_c4,pubmed_abstracts,63.357404096100105,64.65609086107253,63.44429438935549,0.0,62.36682861627718,64.20238557164087,1.8355569553636926,C4_SENSITIVITY_ONLY
A8_A9_test_60m,test,60m,True,178,0.0,59.22000195697839,57.5925575224465,61.15086712016286,pubmed_abstracts_c4,pubmed_abstracts,63.357404096100105,64.65609086107253,59.22000195697839,0.0,57.5925575224465,61.15086712016286,3.5583095977163595,C4_SENSITIVITY_ONLY
A8_A9_test_60m,test,60m,True,179,0.018018018018018,62.76694515442688,61.45571324191358,63.82985978155279,pubmed_abstracts_c4,pubmed_abstracts,63.357404096100105,64.65609086107253,62.79034491595791,0.023399761531031515,61.45571324191358,63.859885055576484,2.4041718136629058,C4_SENSITIVITY_ONLY
A8_A9_test_60m,test,60m,True,180,0.1128871128871128,59.79809226696967,57.3623010306778,63.35431079373915,pubmed_abstracts_c4,pubmed_abstracts,63.357404096100105,64.65609086107253,59.944697266412106,0.1466049994424381,57.3623010306778,63.542426184388106,6.180125153710307,C4_SENSITIVITY_ONLY
A8_A9_test_60m,test,60m,True,181,0.0,60.48310484260209,59.16542465077088,61.84740795558144,pubmed_abstracts_c4,pubmed_abstracts,63.357404096100105,64.65609086107253,60.48310484260209,0.0,59.16542465077088,61.84740795558144,2.681983304810558,C4_SENSITIVITY_ONLY
A8_A9_test_60m,test,60m,True,182,0.0009990009990009,62.62709986570045,61.857905388622726,63.47053872198295,pubmed_abstracts_c4,pubmed_abstracts,63.357404096100105,64.65609086107253,62.628397255076045,0.0012973893755940935,61.857905388622726,63.47220345995329,1.6142980713305661,C4_SENSITIVITY_ONLY
A8_A9_test_60m,test,60m,True,183,0.01,59.97387163879272,57.49650699852239,63.9052943352929,pubmed_abstracts_c4,pubmed_abstracts,63.357404096100105,64.65609086107253,59.986858506442445,0.012986867649722456,57.49650699852239,63.92195836237605,6.425451363853661,C4_SENSITIVITY_ONLY
A8_A9_test_60m,test,60m,True,184,0.0,62.67219256582439,62.36783888529399,62.89781660500902,pubmed_abstracts_c4,pubmed_abstracts,63.357404096100105,64.65609086107253,62.67219256582439,0.0,62.36783888529399,62.89781660500902,0.5299777197150277,C4_SENSITIVITY_ONLY
A8_A9_test_60m,test,60m,True,185,0.0,64.1772501175528,64.15245161383756,64.21010058978862,pubmed_abstracts_c4,pubmed_abstracts,63.357404096100105,64.65609086107253,64.1772501175528,0.0,64.15245161383756,64.21010058978862,0.05764897595106788,C4_SENSITIVITY_ONLY
A8_A9_test_60m,test,60m,True,186,0.0,63.19974457106738,63.1841548783223,63.21326810562055,pubmed_abstracts_c4,pubmed_abstracts,63.357404096100105,64.65609086107253,63.19974457106738,0.0,63.1841548783223,63.21326810562055,0.029113227298246613,C4_SENSITIVITY_ONLY
A8_A9_test_60m,test,60m,True,187,0.0,60.96414616139728,60.4515931664201,61.43370824128254,pubmed_abstracts_c4,pubmed_abstracts,63.357404096100105,64.65609086107253,60.96414616139728,0.0,60.4515931664201,61.43370824128254,0.9821150748624348,C4_SENSITIVITY_ONLY
A8_A9_test_60m,test,60m,True,188,0.0699300699300699,61.69506885905932,59.91616820859944,62.87224033980702,pubmed_abstracts_c4,pubmed_abstracts,63.357404096100105,64.65609086107253,61.7858861153511,0.09081725629177839,59.91616820859944,62.98877199773115,3.072603789131712,C4_SENSITIVITY_ONLY
A8_A9_test_60m,test,60m,True,189,0.072072072072072,63.503358098049375,62.86039383780328,64.293402644903,pubmed_abstracts_c4,pubmed_abstracts,63.357404096100105,64.65609086107253,63.596957144173516,0.09359904612414027,62.86039383780328,64.41350374099778,1.5531099031945033,C4_SENSITIVITY_ONLY
A8_A9_test_60m,test,60m,True,190,0.0169830169830169,61.51977615242941,60.55999516487546,62.50193671453826,pubmed_abstracts_c4,pubmed_abstracts,63.357404096100105,64.65609086107253,61.54183177181456,0.022055619385149328,60.55999516487546,62.53023726003412,1.9702420951586603,C4_SENSITIVITY_ONLY
A8_A9_test_60m,test,60m,True,191,0.0,62.640398631562974,60.54738461696244,63.60482284515999,pubmed_abstracts_c4,pubmed_abstracts,63.357404096100105,64.65609086107253,62.640398631562974,0.0,60.54738461696244,63.60482284515999,3.0574382281975474,C4_SENSITIVITY_ONLY
A8_A9_test_60m,test,60m,True,192,0.0,59.583295521860784,58.60754442922767,60.350752717616125,pubmed_abstracts_c4,pubmed_abstracts,63.357404096100105,64.65609086107253,59.583295521860784,0.0,58.60754442922767,60.350752717616125,1.7432082883884519,C4_SENSITIVITY_ONLY
A8_A9_test_60m,test,60m,True,193,0.0,63.63575568988044,63.3060608801741,63.79730205523022,pubmed_abstracts_c4,pubmed_abstracts,63.357404096100105,64.65609086107253,63.63575568988044,0.0,63.3060608801741,63.79730205523022,0.49124117505611764,C4_SENSITIVITY_ONLY
A8_A9_test_60m,test,60m,True,194,0.001,63.63759923307527,63.63073507147658,63.64043948057599,pubmed_abstracts_c4,pubmed_abstracts,63.357404096100105,64.65609086107253,63.63889791984025,0.0012986867649757983,63.63073507147658,63.64210588328431,0.011370811807729808,C4_SENSITIVITY_ONLY
A8_A9_test_60m,test,60m,True,195,0.3383383383383384,62.48864501538318,59.98575619252903,64.28602453479114,pubmed_abstracts_c4,pubmed_abstracts,63.357404096100105,64.65609086107253,62.92804053746594,0.4393955220827621,59.98575619252903,64.84983245812496,4.8640762655959335,C4_SENSITIVITY_ONLY
A8_A9_test_60m,test,60m,True,196,0.278,62.01885065520038,60.44387521551884,62.68039821429166,pubmed_abstracts_c4,pubmed_abstracts,63.357404096100105,64.65609086107253,62.379885575862716,0.361034920662334,60.44387521551884,63.14365816720324,2.699782951684405,C4_SENSITIVITY_ONLY
A8_A9_test_60m,test,60m,True,197,0.0,60.967302570010574,60.15336804744623,61.557747025064586,pubmed_abstracts_c4,pubmed_abstracts,63.357404096100105,64.65609086107253,60.967302570010574,0.0,60.15336804744623,61.557747025064586,1.4043789776183573,C4_SENSITIVITY_ONLY
A8_A9_test_60m,test,60m,True,198,0.0,55.42338580448661,55.11052146677515,55.88465579943652,pubmed_abstracts_c4,pubmed_abstracts,63.357404096100105,64.65609086107253,55.42338580448661,0.0,55.11052146677515,55.88465579943652,0.7741343326613759,C4_SENSITIVITY_ONLY
A8_A9_test_60m,test,60m,True,199,0.087,60.807181409899805,59.54444153219967,61.54353816071856,pubmed_abstracts_c4,pubmed_abstracts,63.357404096100105,64.65609086107253,60.92016715845241,0.11298574855260313,59.54444153219967,61.688515196341974,2.1440736641423044,C4_SENSITIVITY_ONLY
A8_A9_test_60m,test,60m,True,200,0.3053053053053053,60.58749179105957,58.89443257503864,61.9799247582369,pubmed_abstracts_c4,pubmed_abstracts,63.357404096100105,64.65609086107253,60.98398775033544,0.39649595927586745,58.89443257503864,62.488686345860614,3.5942537708219717,C4_SENSITIVITY_ONLY
A8_A9_test_60m,test,60m,True,201,0.0,61.8446587830786,60.41534337096347,62.77280173474338,pubmed_abstracts_c4,pubmed_abstracts,63.357404096100105,64.65609086107253,61.8446587830786,0.0,60.41534337096347,62.77280173474338,2.3574583637799122,C4_SENSITIVITY_ONLY
A8_A9_test_60m,test,60m,True,202,0.304,61.91092208169731,58.94395184665372,64.2773068236377,pubmed_abstracts_c4,pubmed_abstracts,63.357404096100105,64.65609086107253,62.30572285824893,0.3948007765516195,58.94395184665372,64.78389324696548,5.8399414003117585,C4_SENSITIVITY_ONLY
A8_A9_test_60m,test,60m,True,203,0.0099900099900099,61.82358787227466,60.08213701675497,63.12727436898875,pubmed_abstracts_c4,pubmed_abstracts,63.357404096100105,64.65609086107253,61.83656176603063,0.012973893755969357,60.08213701675497,63.1439217486922,3.06178473193723,C4_SENSITIVITY_ONLY
A8_A9_test_60m,test,60m,True,204,0.0,60.18235057041365,58.36270526346608,62.84469258692217,pubmed_abstracts_c4,pubmed_abstracts,63.357404096100105,64.65609086107253,60.18235057041365,0.0,58.36270526346608,62.84469258692217,4.481987323456089,C4_SENSITIVITY_ONLY
A8_A9_test_60m,test,60m,True,205,0.0,62.76823944612836,62.46387575223117,63.0102247212121,pubmed_abstracts_c4,pubmed_abstracts,63.357404096100105,64.65609086107253,62.76823944612836,0.0,62.46387575223117,63.0102247212121,0.5463489689809293,C4_SENSITIVITY_ONLY
A8_A9_test_60m,test,60m,True,206,0.1561561561561561,59.521337220379735,57.17783458977557,61.776569101696026,pubmed_abstracts_c4,pubmed_abstracts,63.357404096100105,64.65609086107253,59.7241351536487,0.20279793326896822,57.17783458977557,62.036788143234716,4.858953553459145,C4_SENSITIVITY_ONLY
A8_A9_test_60m,test,60m,True,207,0.0,56.22357312111134,54.983047999587136,57.6575811488703,pubmed_abstracts_c4,pubmed_abstracts,63.357404096100105,64.65609086107253,56.22357312111134,0.0,54.983047999587136,57.6575811488703,2.674533149283164,C4_SENSITIVITY_ONLY
A8_A9_test_60m,test,60m,True,208,0.0,54.22471042355938,53.22937397470625,54.96105755707111,pubmed_abstracts_c4,pubmed_abstracts,63.357404096100105,64.65609086107253,54.22471042355938,0.0,53.22937397470625,54.96105755707111,1.7316835823648589,C4_SENSITIVITY_ONLY
A8_A9_test_60m,test,60m,True,209,0.0,61.32972011600948,58.12000093980426,64.24727485503566,pubmed_abstracts_c4,pubmed_abstracts,63.357404096100105,64.65609086107253,61.32972011600948,0.0,58.12000093980426,64.24727485503566,6.127273915231399,C4_SENSITIVITY_ONLY
A8_A9_test_60m,test,60m,True,210,0.0009990009990009,60.07243207900994,58.29670553272804,61.76778658034118,pubmed_abstracts_c4,pubmed_abstracts,63.357404096100105,64.65609086107253,60.07372946838554,0.0012973893755940935,58.29670553272804,61.769451318311525,3.4727457855834842,C4_SENSITIVITY_ONLY
A8_A9_test_60m,test,60m,True,211,0.0,61.12538927319509,60.853977367615045,61.33320744659855,pubmed_abstracts_c4,pubmed_abstracts,63.357404096100105,64.65609086107253,61.12538927319509,0.0,60.853977367615045,61.33320744659855,0.47923007898350534,C4_SENSITIVITY_ONLY
A8_A9_test_60m,test,60m,True,212,0.0,59.95524994046632,57.42236658009971,63.831054993455695,pubmed_abstracts_c4,pubmed_abstracts,63.357404096100105,64.65609086107253,59.95524994046632,0.0,57.42236658009971,63.831054993455695,6.408688413355982,C4_SENSITIVITY_ONLY
A8_A9_test_60m,test,60m,True,213,0.419,63.595368530156,62.52005315251446,64.06841315835725,pubmed_abstracts_c4,pubmed_abstracts,63.357404096100105,64.65609086107253,64.13951828467944,0.5441497545234384,62.52005315251446,64.76663589314126,2.246582740626799,C4_SENSITIVITY_ONLY
A8_A9_test_60m,test,60m,True,214,0.0,62.97301049689427,61.02869390593728,64.06965418629551,pubmed_abstracts_c4,pubmed_abstracts,63.357404096100105,64.65609086107253,62.97301049689427,0.0,61.02869390593728,64.06965418629551,3.0409602803582274,C4_SENSITIVITY_ONLY
A8_A9_test_60m,test,60m,True,215,0.0009980039920159,60.625590676022576,58.19277769534549,64.15335644157685,pubmed_abstracts_c4,pubmed_abstracts,63.357404096100105,64.65609086107253,60.6268867705984,0.0012960945758209164,58.19277769534549,64.15501951813205,5.9622418227865595,C4_SENSITIVITY_ONLY
A8_A9_test_60m,test,60m,True,216,0.0,53.00880896025897,52.92272501394582,53.041100469930655,pubmed_abstracts_c4,pubmed_abstracts,63.357404096100105,64.65609086107253,53.00880896025897,0.0,52.92272501394582,53.041100469930655,0.11837545598483246,C4_SENSITIVITY_ONLY
A8_A9_test_60m,test,60m,True,217,0.002,62.90346566931496,62.76463941200917,62.99420629907492,pubmed_abstracts_c4,pubmed_abstracts,63.357404096100105,64.65609086107253,62.906063042844906,0.002597373529944491,62.76463941200917,62.99753910449155,0.23289969248238407,C4_SENSITIVITY_ONLY
A8_A9_test_60m,test,60m,True,218,0.0,62.38817352197275,60.58986799472091,64.04194395905634,pubmed_abstracts_c4,pubmed_abstracts,63.357404096100105,64.65609086107253,62.38817352197275,0.0,60.58986799472091,64.04194395905634,3.452075964335428,C4_SENSITIVITY_ONLY
A8_A9_test_60m,test,60m,True,219,0.0430861723446893,60.96484431702652,59.355106148898784,62.471279528391065,pubmed_abstracts_c4,pubmed_abstracts,63.357404096100105,64.65609086107253,61.02079975880389,0.05595544177737111,59.355106148898784,62.543078442677185,3.187972293778401,C4_SENSITIVITY_ONLY
A8_A9_test_60m,test,60m,True,220,0.04,61.920376382969145,60.05217689192196,62.77092848128648,pubmed_abstracts_c4,pubmed_abstracts,63.357404096100105,64.65609086107253,61.97232385356804,0.05194747059889693,60.05217689192196,62.837584589619084,2.7854076976971243,C4_SENSITIVITY_ONLY
A8_A9_test_60m,test,60m,True,221,0.1047904191616766,60.67147999660834,57.13131062356866,63.822965923919455,pubmed_abstracts_c4,pubmed_abstracts,63.357404096100105,64.65609086107253,60.80756992706952,0.136089930461182,57.13131062356866,63.99758896221594,6.866278338647284,C4_SENSITIVITY_ONLY
A8_A9_test_60m,test,60m,True,222,0.0,61.42982614772575,61.2865760973603,61.58292221451287,pubmed_abstracts_c4,pubmed_abstracts,63.357404096100105,64.65609086107253,61.42982614772575,0.0,61.2865760973603,61.58292221451287,0.29634611715256653,C4_SENSITIVITY_ONLY
A8_A9_test_60m,test,60m,True,223,0.0,58.90599536346498,58.56140203736686,59.05434847537301,pubmed_abstracts_c4,pubmed_abstracts,63.357404096100105,64.65609086107253,58.90599536346498,0.0,58.56140203736686,59.05434847537301,0.49294643800615034,C4_SENSITIVITY_ONLY
A8_A9_test_60m,test,60m,True,224,0.0,63.34314869079108,61.16563883164921,64.25605128309829,pubmed_abstracts_c4,pubmed_abstracts,63.357404096100105,64.65609086107253,63.34314869079108,0.0,61.16563883164921,64.25605128309829,3.090412451449076,C4_SENSITIVITY_ONLY
A8_A9_test_60m,test,60m,True,225,0.04004004004004,61.94171276348415,61.54644318837847,62.108417156597824,pubmed_abstracts_c4,pubmed_abstracts,63.357404096100105,64.65609086107253,61.99371223355311,0.05199947006896366,61.54644318837847,62.17513998776159,0.6286967993831212,C4_SENSITIVITY_ONLY
A8_A9_test_60m,test,60m,True,226,0.0029999999999999,62.09894725818294,59.94931930194623,63.46473771844392,pubmed_abstracts_c4,pubmed_abstracts,63.357404096100105,64.65609086107253,62.10284331847786,0.0038960602949202894,59.94931930194623,63.469736926568864,3.520417624622631,C4_SENSITIVITY_ONLY
A8_A9_test_60m,test,60m,True,227,0.0,56.01989954697628,55.92852476021965,56.08455590508292,pubmed_abstracts_c4,pubmed_abstracts,63.357404096100105,64.65609086107253,56.01989954697628,0.0,55.92852476021965,56.08455590508292,0.1560311448632703,C4_SENSITIVITY_ONLY
A8_A9_test_60m,test,60m,True,228,0.0,63.43578398344358,63.34731606622033,63.4975511109538,pubmed_abstracts_c4,pubmed_abstracts,63.357404096100105,64.65609086107253,63.43578398344358,0.0,63.34731606622033,63.4975511109538,0.1502350447334706,C4_SENSITIVITY_ONLY
A8_A9_test_60m,test,60m,True,229,0.002004008016032,63.17348271581967,63.08776916123428,63.235793164631566,pubmed_abstracts_c4,pubmed_abstracts,63.357404096100105,64.65609086107253,63.17608529450698,0.0026025786873162815,63.08776916123428,63.239132649016966,0.15136348778268882,C4_SENSITIVITY_ONLY
A8_A9_test_60m,test,60m,True,230,0.2139999999999999,59.41118795443066,58.08640125462144,59.96754932801683,pubmed_abstracts_c4,pubmed_abstracts,63.357404096100105,64.65609086107253,59.689106922134755,0.2779189677040961,58.08640125462144,60.32415950759625,2.237758252974807,C4_SENSITIVITY_ONLY
A8_A9_test_60m,test,60m,True,231,0.0538384845463609,58.85548529349317,58.19595022204319,59.58573200165177,pubmed_abstracts_c4,pubmed_abstracts,63.357404096100105,64.65609086107253,58.9254046208197,0.06991932732653083,58.19595022204319,59.6754485981114,1.4794983760682143,C4_SENSITIVITY_ONLY
A8_A9_test_60m,test,60m,True,232,0.0,62.49608693233111,60.40061456131094,63.621315102747104,pubmed_abstracts_c4,pubmed_abstracts,63.357404096100105,64.65609086107253,62.49608693233111,0.0,60.40061456131094,63.621315102747104,3.220700541436166,C4_SENSITIVITY_ONLY
A8_A9_test_60m,test,60m,True,233,0.0,59.787940533576325,58.00279970715651,60.82156999500173,pubmed_abstracts_c4,pubmed_abstracts,63.357404096100105,64.65609086107253,59.787940533576325,0.0,58.00279970715651,60.82156999500173,2.8187702878452185,C4_SENSITIVITY_ONLY
A8_A9_test_60m,test,60m,True,234,0.006,63.74301428971136,63.37176771982874,63.94756265972742,pubmed_abstracts_c4,pubmed_abstracts,63.357404096100105,64.65609086107253,63.750806410301195,0.007792120589833473,63.37176771982874,63.95756107597731,0.5857933561485709,C4_SENSITIVITY_ONLY
A8_A9_test_60m,test,60m,True,235,0.034,62.310621760766686,59.92581089020081,64.26359903962486,pubmed_abstracts_c4,pubmed_abstracts,63.357404096100105,64.65609086107253,62.35477711077575,0.044155350009063454,59.92581089020081,64.32025673170757,4.394445841506766,C4_SENSITIVITY_ONLY
A8_A9_test_60m,test,60m,True,236,0.472,59.39682278301295,58.11551209379674,59.9980636736612,pubmed_abstracts_c4,pubmed_abstracts,63.357404096100105,64.65609086107253,60.009802936079936,0.6129801530669852,58.11551209379674,60.78460575198591,2.669093658189169,C4_SENSITIVITY_ONLY
A8_A9_test_60m,test,60m,True,237,0.0,55.67879176041524,55.04864779945781,56.12873872742848,pubmed_abstracts_c4,pubmed_abstracts,63.357404096100105,64.65609086107253,55.67879176041524,0.0,55.04864779945781,56.12873872742848,1.0800909279706659,C4_SENSITIVITY_ONLY
A8_A9_test_60m,test,60m,True,238,0.0,60.02077057857268,56.47979177895252,64.31817845881035,pubmed_abstracts_c4,pubmed_abstracts,63.357404096100105,64.65609086107253,60.02077057857268,0.0,56.47979177895252,64.31817845881035,7.838386679857834,C4_SENSITIVITY_ONLY
A8_A9_test_60m,test,60m,True,239,0.349,62.17722334677063,60.64251660646864,63.28380239782842,pubmed_abstracts_c4,pubmed_abstracts,63.357404096100105,64.65609086107253,62.630465027746006,0.4532416809753741,60.64251660646864,63.86537694303038,3.2228603365617374,C4_SENSITIVITY_ONLY
A8_A9_test_60m,test,60m,True,240,0.025,61.893161866673154,61.09517230105498,62.45699473393261,pubmed_abstracts_c4,pubmed_abstracts,63.357404096100105,64.65609086107253,61.92562903579746,0.03246716912430969,61.09517230105498,62.498654801640484,1.403482500585504,C4_SENSITIVITY_ONLY
A8_A9_test_60m,test,60m,True,241,0.0,53.68007325873658,53.32403761204197,54.16310192518687,pubmed_abstracts_c4,pubmed_abstracts,63.357404096100105,64.65609086107253,53.68007325873658,0.0,53.32403761204197,54.16310192518687,0.8390643131449025,C4_SENSITIVITY_ONLY
A8_A9_test_60m,test,60m,True,242,0.0,60.43156408567712,59.45977333577171,60.99690169853326,pubmed_abstracts_c4,pubmed_abstracts,63.357404096100105,64.65609086107253,60.43156408567712,0.0,59.45977333577171,60.99690169853326,1.5371283627615497,C4_SENSITIVITY_ONLY
A8_A9_test_60m,test,60m,True,243,0.0,60.93856733950555,59.23383242718252,63.2406888595175,pubmed_abstracts_c4,pubmed_abstracts,63.357404096100105,64.65609086107253,60.93856733950555,0.0,59.23383242718252,63.2406888595175,4.006856432334978,C4_SENSITIVITY_ONLY
A8_A9_test_60m,test,60m,True,244,0.006,62.01150895770121,60.984140255270624,62.62067655380397,pubmed_abstracts_c4,pubmed_abstracts,63.357404096100105,64.65609086107253,62.01930107829104,0.007792120589833473,60.984140255270624,62.63067497005386,1.646534714783236,C4_SENSITIVITY_ONLY
A8_A9_test_60m,test,60m,True,245,0.245,63.26390222282178,62.19323180397599,63.79951585059925,pubmed_abstracts_c4,pubmed_abstracts,63.357404096100105,64.65609086107253,63.58208048024002,0.31817825741824635,62.19323180397599,64.20778451413643,2.0145527101604443,C4_SENSITIVITY_ONLY
A8_A9_test_60m,test,60m,True,246,0.0,59.774683081075175,59.470840290667255,60.028539354338136,pubmed_abstracts_c4,pubmed_abstracts,63.357404096100105,64.65609086107253,59.774683081075175,0.0,59.470840290667255,60.028539354338136,0.5576990636708814,C4_SENSITIVITY_ONLY
A8_A9_test_60m,test,60m,True,247,0.0,56.4909284345583,56.439863313187885,56.518206626915465,pubmed_abstracts_c4,pubmed_abstracts,63.357404096100105,64.65609086107253,56.4909284345583,0.0,56.439863313187885,56.518206626915465,0.0783433137275793,C4_SENSITIVITY_ONLY
A8_A9_test_60m,test,60m,True,248,0.006,61.15133976004666,61.13780077699261,61.15720959519144,pubmed_abstracts_c4,pubmed_abstracts,63.357404096100105,64.65609086107253,61.159131880636494,0.007792120589833473,61.13780077699261,61.16720801144133,0.029407234448719066,C4_SENSITIVITY_ONLY
A8_A9_test_60m,test,60m,True,249,0.0,58.84029556809162,58.05689943324263,59.644510042945136,pubmed_abstracts_c4,pubmed_abstracts,63.357404096100105,64.65609086107253,58.84029556809162,0.0,58.05689943324263,59.644510042945136,1.5876106097025087,C4_SENSITIVITY_ONLY
A8_A9_test_60m,test,60m,True,250,0.0,55.40460950081986,54.807802279625015,55.627691074324446,pubmed_abstracts_c4,pubmed_abstracts,63.357404096100105,64.65609086107253,55.40460950081986,0.0,54.807802279625015,55.627691074324446,0.8198887946994304,C4_SENSITIVITY_ONLY
A8_A9_test_60m,test,60m,True,251,0.0,61.91049896103559,60.228892875862655,63.39781371141935,pubmed_abstracts_c4,pubmed_abstracts,63.357404096100105,64.65609086107253,61.91049896103559,0.0,60.228892875862655,63.39781371141935,3.1689208355566976,C4_SENSITIVITY_ONLY
A8_A9_test_60m,test,60m,True,252,0.018018018018018,59.711605220530586,58.09426400298443,60.9066078756766,pubmed_abstracts_c4,pubmed_abstracts,63.357404096100105,64.65609086107253,59.73500498206162,0.023399761531031515,58.09426400298443,60.93663314970029,2.8423691467158605,C4_SENSITIVITY_ONLY
A8_A9_test_60m,test,60m,True,253,0.2247752247752247,61.90630958184797,60.23639734731352,62.704056379671655,pubmed_abstracts_c4,pubmed_abstracts,63.357404096100105,64.65609086107253,62.19822219135726,0.2919126095092892,60.23639734731352,63.07862242299922,2.842225075685697,C4_SENSITIVITY_ONLY
A8_A9_test_60m,test,60m,True,254,0.433,62.79816350584413,61.39200266485105,63.44537847007322,pubmed_abstracts_c4,pubmed_abstracts,63.357404096100105,64.65609086107253,63.36049487507719,0.5623313692330569,61.39200266485105,64.16693084277364,2.7749281779225896,C4_SENSITIVITY_ONLY
A8_A9_test_60m,test,60m,True,255,0.0,60.412127973738365,59.52306089167022,61.382679437716575,pubmed_abstracts_c4,pubmed_abstracts,63.357404096100105,64.65609086107253,60.412127973738365,0.0,59.52306089167022,61.382679437716575,1.859618546046356,C4_SENSITIVITY_ONLY
A8_A9_test_60m,test,60m,True,256,0.0,53.79014933319386,53.78512418313221,53.79342737260498,pubmed_abstracts_c4,pubmed_abstracts,63.357404096100105,64.65609086107253,53.79014933319386,0.0,53.78512418313221,53.79342737260498,0.008303189472769645,C4_SENSITIVITY_ONLY
A10_A11_test_1b,test,1b,True,0,0.0,61.8984600433442,60.12013137384319,63.61650303988982,pubmed_abstracts_c4,pubmed_abstracts,63.357404096100105,64.65609086107253,61.8984600433442,0.0,60.12013137384319,63.61650303988982,3.4963716660466275,C4_SENSITIVITY_ONLY
A10_A11_test_1b,test,1b,True,1,0.1362725450901803,60.795473380132776,59.13128985279257,62.023182351109824,pubmed_abstracts_c4,pubmed_abstracts,63.357404096100105,64.65609086107253,60.972448730870504,0.1769753507377274,59.13128985279257,62.25026728931709,3.118977436524517,C4_SENSITIVITY_ONLY
A10_A11_test_1b,test,1b,True,2,0.0,61.905400932746645,61.28409284888741,62.37605241650961,pubmed_abstracts_c4,pubmed_abstracts,63.357404096100105,64.65609086107253,61.905400932746645,0.0,61.28409284888741,62.37605241650961,1.0919595676221974,C4_SENSITIVITY_ONLY
A10_A11_test_1b,test,1b,True,3,0.0050100200400801,60.31105308441959,59.08424841590824,61.27805216026669,pubmed_abstracts_c4,pubmed_abstracts,63.357404096100105,64.65609086107253,60.31755953113789,0.006506446718297809,59.08424841590824,61.28640087123019,2.2021524553219507,C4_SENSITIVITY_ONLY
A10_A11_test_1b,test,1b,True,4,0.014014014014014,63.34827832860234,62.648019268993,63.65832391269795,pubmed_abstracts_c4,pubmed_abstracts,63.357404096100105,64.65609086107253,63.36647814312648,0.01819981452413799,62.648019268993,63.68167690360527,1.0336576346122683,C4_SENSITIVITY_ONLY
A10_A11_test_1b,test,1b,True,5,0.002,59.97632017384002,58.61269059144557,61.46912811600063,pubmed_abstracts_c4,pubmed_abstracts,63.357404096100105,64.65609086107253,59.97891754736997,0.002597373529944491,58.61269059144557,61.472460921417266,2.8597703299716954,C4_SENSITIVITY_ONLY
A10_A11_test_1b,test,1b,True,6,0.0110220440881763,60.789793319532976,59.38257523143141,62.04879750820806,pubmed_abstracts_c4,pubmed_abstracts,63.357404096100105,64.65609086107253,60.80410750231323,0.014314182780253759,59.38257523143141,62.06716467232776,2.684589440896353,C4_SENSITIVITY_ONLY
A10_A11_test_1b,test,1b,True,7,0.0160320641282565,62.10191194392241,61.100540492929525,63.320379202635735,pubmed_abstracts_c4,pubmed_abstracts,63.357404096100105,64.65609086107253,62.12273257342097,0.020820629498558674,61.100540492929525,63.34709507771894,2.246554584789415,C4_SENSITIVITY_ONLY
A10_A11_test_1b,test,1b,True,8,0.0049999999999999,61.91616309552675,61.330739881837374,62.37425307262083,pubmed_abstracts_c4,pubmed_abstracts,63.357404096100105,64.65609086107253,61.92265652935161,0.0064934338248647805,61.330739881837374,62.38258508616241,1.0518452043250335,C4_SENSITIVITY_ONLY
A10_A11_test_1b,test,1b,True,9,0.039,60.85732264534521,59.888267407243376,61.52712614730817,pubmed_abstracts_c4,pubmed_abstracts,63.357404096100105,64.65609086107253,60.90797142917913,0.05064878383392113,59.888267407243376,61.59211585293245,1.7038484456890757,C4_SENSITIVITY_ONLY
A10_A11_test_1b,test,1b,True,10,0.0089999999999999,61.92690496139348,60.36555304283916,63.79408212284548,pubmed_abstracts_c4,pubmed_abstracts,63.357404096100105,64.65609086107253,61.938593142278236,0.011688180884753763,60.36555304283916,63.809079747220316,3.4435267043811564,C4_SENSITIVITY_ONLY
A10_A11_test_1b,test,1b,True,11,0.075,62.64010104497963,61.88568828048564,63.14972638185473,pubmed_abstracts_c4,pubmed_abstracts,63.357404096100105,64.65609086107253,62.73750255235256,0.09740150737292907,61.88568828048564,63.274706584978354,1.3890183044927156,C4_SENSITIVITY_ONLY
A10_A11_test_1b,test,1b,True,12,0.0611222444889779,61.87759257822047,60.77642702158359,62.66767799667082,pubmed_abstracts_c4,pubmed_abstracts,63.357404096100105,64.65609086107253,61.95697122818372,0.07937864996324606,60.77642702158359,62.76953227042554,1.9931052488419567,C4_SENSITIVITY_ONLY
A10_A11_test_1b,test,1b,True,13,0.007007007007007,62.09440632352568,60.24448092235324,63.09556688718837,pubmed_abstracts_c4,pubmed_abstracts,63.357404096100105,64.65609086107253,62.10350623078775,0.009099907262068996,60.24448092235324,63.107243382642025,2.862762460288785,C4_SENSITIVITY_ONLY
A10_A11_test_1b,test,1b,True,14,0.0,62.64473256249228,62.10188067286308,63.03090746864076,pubmed_abstracts_c4,pubmed_abstracts,63.357404096100105,64.65609086107253,62.64473256249228,0.0,62.10188067286308,63.03090746864076,0.9290267957776805,C4_SENSITIVITY_ONLY
A10_A11_test_1b,test,1b,True,15,0.01,59.96403676513842,59.19928545070628,60.5386300788406,pubmed_abstracts_c4,pubmed_abstracts,63.357404096100105,64.65609086107253,59.97702363278814,0.012986867649722456,59.19928545070628,60.55529410592375,1.3560086552174724,C4_SENSITIVITY_ONLY
A10_A11_test_1b,test,1b,True,16,0.196,63.2639654324631,62.07897469345479,63.88557427520838,pubmed_abstracts_c4,pubmed_abstracts,63.357404096100105,64.65609086107253,63.5185080383977,0.25454260593459566,62.07897469345479,64.21218920603813,2.1332145125833435,C4_SENSITIVITY_ONLY
A10_A11_test_1b,test,1b,True,17,0.0009990009990009,62.84641208748765,62.03302052886148,63.50474476062083,pubmed_abstracts_c4,pubmed_abstracts,63.357404096100105,64.65609086107253,62.847709476863244,0.0012973893755940935,62.03302052886148,63.506409498591175,1.4733889697296974,C4_SENSITIVITY_ONLY
A10_A11_test_1b,test,1b,True,18,0.0,62.8378090528232,62.36094257931902,63.06327104980973,pubmed_abstracts_c4,pubmed_abstracts,63.357404096100105,64.65609086107253,62.8378090528232,0.0,62.36094257931902,63.06327104980973,0.7023284704907056,C4_SENSITIVITY_ONLY
A10_A11_test_1b,test,1b,True,19,0.011,61.25429648917076,60.21268201236472,61.82497774865969,pubmed_abstracts_c4,pubmed_abstracts,63.357404096100105,64.65609086107253,61.26858204358546,0.014285554414698254,60.21268201236472,61.84330817845116,1.6306261660864365,C4_SENSITIVITY_ONLY
A10_A11_test_1b,test,1b,True,20,0.008008008008008,61.029631074534,60.4900377889252,61.356117477006514,pubmed_abstracts_c4,pubmed_abstracts,63.357404096100105,64.65609086107253,61.040030968547796,0.010399894013794153,60.4900377889252,61.36946204323927,0.8794242543140669,C4_SENSITIVITY_ONLY
A10_A11_test_1b,test,1b,True,21,0.3502994011976048,61.16216728102948,59.96109736593775,61.98186597215889,pubmed_abstracts_c4,pubmed_abstracts,63.357404096100105,64.65609086107253,61.617096477142574,0.4549291961130919,59.96109736593775,62.565605843035726,2.6045084770979727,C4_SENSITIVITY_ONLY
A10_A11_test_1b,test,1b,True,22,0.0,63.16414331557007,62.31828156932128,63.66883561160388,pubmed_abstracts_c4,pubmed_abstracts,63.357404096100105,64.65609086107253,63.16414331557007,0.0,62.31828156932128,63.66883561160388,1.350554042282603,C4_SENSITIVITY_ONLY
A10_A11_test_1b,test,1b,True,23,0.059059059059059,59.644155231181394,58.49661157839919,60.902009105323074,pubmed_abstracts_c4,pubmed_abstracts,63.357404096100105,64.65609086107253,59.72085444953312,0.07669921835172744,58.49661157839919,61.00042528128963,2.50381370289044,C4_SENSITIVITY_ONLY
A10_A11_test_1b,test,1b,True,24,0.132,60.5000756690104,58.381426413050576,62.65445723027799,pubmed_abstracts_c4,pubmed_abstracts,63.357404096100105,64.65609086107253,60.67150232198676,0.17142665297635773,58.381426413050576,62.87442238777558,4.492995974725005,C4_SENSITIVITY_ONLY
A10_A11_test_1b,test,1b,True,25,0.001,60.20425312049469,59.441050828341645,60.857077381191104,pubmed_abstracts_c4,pubmed_abstracts,63.357404096100105,64.65609086107253,60.20555180725967,0.0012986867649757983,59.441050828341645,60.85874378389942,1.4176929555577757,C4_SENSITIVITY_ONLY
A10_A11_test_1b,test,1b,True,26,0.0100200400801603,61.69142801153979,60.280029869277655,63.03642686382027,pubmed_abstracts_c4,pubmed_abstracts,63.357404096100105,64.65609086107253,61.70444090497639,0.013012893436595618,60.280029869277655,63.05312428574727,2.7730944164696183,C4_SENSITIVITY_ONLY
A10_A11_test_1b,test,1b,True,27,0.0019980019980019,60.13705074107354,59.42410792458691,60.66010373661056,pubmed_abstracts_c4,pubmed_abstracts,63.357404096100105,64.65609086107253,60.13964551982473,0.0025947787511952924,59.42410792458691,60.66343321255125,1.2393252879643342,C4_SENSITIVITY_ONLY
A10_A11_test_1b,test,1b,True,28,0.007007007007007,62.37631841067802,62.09598772589748,62.607614082121096,pubmed_abstracts_c4,pubmed_abstracts,63.357404096100105,64.65609086107253,62.385418317940086,0.009099907262068996,62.09598772589748,62.61929057757475,0.523302851677272,C4_SENSITIVITY_ONLY
A10_A11_test_1b,test,1b,True,29,0.0531062124248496,61.64159736270442,60.02915604179624,62.76360405157212,pubmed_abstracts_c4,pubmed_abstracts,63.357404096100105,64.65609086107253,61.71056569791838,0.06896833521396672,60.02915604179624,62.85210038778525,2.822944345989008,C4_SENSITIVITY_ONLY
A10_A11_test_1b,test,1b,True,30,0.022,61.96640640480837,61.05569415888529,62.71402588745213,pubmed_abstracts_c4,pubmed_abstracts,63.357404096100105,64.65609086107253,61.994977513637764,0.028571108829396508,61.05569415888529,62.75068674703506,1.6949925881497734,C4_SENSITIVITY_ONLY
A10_A11_test_1b,test,1b,True,31,0.0159840159840159,60.51341454576884,59.36149853150118,61.51720110500953,pubmed_abstracts_c4,pubmed_abstracts,63.357404096100105,64.65609086107253,60.53417277577839,0.02075823000954813,59.36149853150118,61.54383691253505,2.1823383810338726,C4_SENSITIVITY_ONLY
A10_A11_test_1b,test,1b,True,32,0.047047047047047,62.88683597027745,61.65086781784412,63.45305919911062,pubmed_abstracts_c4,pubmed_abstracts,63.357404096100105,64.65609086107253,62.947935347608485,0.061099377331032656,61.65086781784412,63.53145852572804,1.8805907078839184,C4_SENSITIVITY_ONLY
A10_A11_test_1b,test,1b,True,33,0.0,62.85820166284236,62.33505700069036,63.310187760098806,pubmed_abstracts_c4,pubmed_abstracts,63.357404096100105,64.65609086107253,62.85820166284236,0.0,62.33505700069036,63.310187760098806,0.9751307594084437,C4_SENSITIVITY_ONLY
A10_A11_test_1b,test,1b,True,34,0.0,63.26996183081184,62.60632148327692,64.07133812565519,pubmed_abstracts_c4,pubmed_abstracts,63.357404096100105,64.65609086107253,63.26996183081184,0.0,62.60632148327692,64.07133812565519,1.4650166423782665,C4_SENSITIVITY_ONLY
A10_A11_test_1b,test,1b,True,35,0.083,61.90872749734604,61.26604531723725,62.22937600075853,pubmed_abstracts_c4,pubmed_abstracts,63.357404096100105,64.65609086107253,62.01651849883876,0.10779100149271414,61.26604531723725,62.36768742554868,1.101642108311431,C4_SENSITIVITY_ONLY
A10_A11_test_1b,test,1b,True,36,0.002,62.3249275743912,60.08212519854219,63.82845045019839,pubmed_abstracts_c4,pubmed_abstracts,63.357404096100105,64.65609086107253,62.32752494792114,0.002597373529944491,60.08212519854219,63.83178325561502,3.7496580570728355,C4_SENSITIVITY_ONLY
A10_A11_test_1b,test,1b,True,37,0.005,61.54916902741248,60.48602723261215,62.15810801588355,pubmed_abstracts_c4,pubmed_abstracts,63.357404096100105,64.65609086107253,61.55566246123735,0.0064934338248647805,60.48602723261215,62.166440029425125,1.6804127968129734,C4_SENSITIVITY_ONLY
A10_A11_test_1b,test,1b,True,38,0.0120240480961923,62.23038624792024,61.41753036900856,62.91137744956118,pubmed_abstracts_c4,pubmed_abstracts,63.357404096100105,64.65609086107253,62.246001720044156,0.015615472123919005,61.41753036900856,62.931414355873585,1.5138839868650251,C4_SENSITIVITY_ONLY
A10_A11_test_1b,test,1b,True,39,0.016,61.51442385627675,60.31126616981028,62.589912752056094,pubmed_abstracts_c4,pubmed_abstracts,63.357404096100105,64.65609086107253,61.535202844516306,0.02077898823955593,60.31126616981028,62.61657519538913,2.3053090255788504,C4_SENSITIVITY_ONLY
A10_A11_test_1b,test,1b,True,40,0.101,61.97812107460297,60.474798309649366,63.65365422682711,pubmed_abstracts_c4,pubmed_abstracts,63.357404096100105,64.65609086107253,62.10928843786518,0.13116736326221456,60.474798309649366,63.82196090036693,3.3471625907175664,C4_SENSITIVITY_ONLY
A10_A11_test_1b,test,1b,True,41,0.0280561122244488,62.69916207581484,62.10827565571959,63.30782353283523,pubmed_abstracts_c4,pubmed_abstracts,63.357404096100105,64.65609086107253,62.73559817743731,0.036436101622470574,62.10827565571959,63.35457631423084,1.2463006585112524,C4_SENSITIVITY_ONLY
A10_A11_test_1b,test,1b,True,42,0.0019980019980019,62.51660930344823,61.959659666293305,62.99720871277448,pubmed_abstracts_c4,pubmed_abstracts,63.357404096100105,64.65609086107253,62.51920408219942,0.0025947787511952924,61.959659666293305,63.00053818871517,1.0408785224218633,C4_SENSITIVITY_ONLY
A10_A11_test_1b,test,1b,True,43,0.045,59.84997978224586,58.85392639217756,60.596508882248855,pubmed_abstracts_c4,pubmed_abstracts,63.357404096100105,64.65609086107253,59.90842068666962,0.05844090442376171,58.85392639217756,60.67149700412303,1.8175706119454702,C4_SENSITIVITY_ONLY
A10_A11_test_1b,test,1b,True,44,0.005,62.04346853281387,61.09247135027206,62.84083442433632,pubmed_abstracts_c4,pubmed_abstracts,63.357404096100105,64.65609086107253,62.04996196663873,0.0064934338248647805,61.09247135027206,62.8491664378779,1.7566950876058343,C4_SENSITIVITY_ONLY
A10_A11_test_1b,test,1b,True,45,0.0119880119880119,61.37014219439569,60.38465891227998,62.09730905496369,pubmed_abstracts_c4,pubmed_abstracts,63.357404096100105,64.65609086107253,61.385710866902855,0.01556867250716465,60.38465891227998,62.117285910607826,1.732626998327845,C4_SENSITIVITY_ONLY
A10_A11_test_1b,test,1b,True,46,0.0,60.713899841464446,59.85070935639017,61.38160149736193,pubmed_abstracts_c4,pubmed_abstracts,63.357404096100105,64.65609086107253,60.713899841464446,0.0,59.85070935639017,61.38160149736193,1.5308921409717584,C4_SENSITIVITY_ONLY
A10_A11_test_1b,test,1b,True,47,0.031,61.74815084075652,60.93459760767898,62.58969785689443,pubmed_abstracts_c4,pubmed_abstracts,63.357404096100105,64.65609086107253,61.788410130470666,0.040259289714143165,60.93459760767898,62.6413563408522,1.706758733173217,C4_SENSITIVITY_ONLY
A10_A11_test_1b,test,1b,True,48,0.029029029029029,60.636088182077735,59.981291847883455,61.364944628882526,pubmed_abstracts_c4,pubmed_abstracts,63.357404096100105,64.65609086107253,60.673787797877736,0.03769961580000114,59.981291847883455,61.413318681476255,1.4320268335928006,C4_SENSITIVITY_ONLY
A10_A11_test_1b,test,1b,True,49,0.0059940059940059,61.31260592866634,59.83963862967232,62.20876837199942,pubmed_abstracts_c4,pubmed_abstracts,63.357404096100105,64.65609086107253,61.32039026491992,0.007784336253578772,59.83963862967232,62.218756799821485,2.3791181701491624,C4_SENSITIVITY_ONLY
A10_A11_test_1b,test,1b,True,50,0.089,62.25680394938631,61.35149435212301,62.84668181063694,pubmed_abstracts_c4,pubmed_abstracts,63.357404096100105,64.65609086107253,62.37238707146886,0.11558312208254762,61.35149435212301,62.994991651676976,1.6434972995539638,C4_SENSITIVITY_ONLY
A10_A11_test_1b,test,1b,True,51,0.026,59.96348944293718,58.87641037474751,60.577828492522826,pubmed_abstracts_c4,pubmed_abstracts,63.357404096100105,64.65609086107253,59.99725529882647,0.03376585588928549,58.87641037474751,60.621154962939016,1.7447445881915087,C4_SENSITIVITY_ONLY
A10_A11_test_1b,test,1b,True,52,0.002,57.5744266230554,56.96878604206425,58.19119478246685,pubmed_abstracts_c4,pubmed_abstracts,63.357404096100105,64.65609086107253,57.577023996585346,0.002597373529944491,56.96878604206425,58.194527587883485,1.2257415458192327,C4_SENSITIVITY_ONLY
A10_A11_test_1b,test,1b,True,53,0.0239760239760239,62.59738356100355,61.32636730709648,63.810160105257424,pubmed_abstracts_c4,pubmed_abstracts,63.357404096100105,64.65609086107253,62.62852090601787,0.031137345014322193,61.32636730709648,63.850113816545694,2.523746509449211,C4_SENSITIVITY_ONLY
A10_A11_test_1b,test,1b,True,54,0.007007007007007,59.30264402350795,57.66819643610901,60.8316810325596,pubmed_abstracts_c4,pubmed_abstracts,63.357404096100105,64.65609086107253,59.31174393077002,0.009099907262068996,57.66819643610901,60.84335752801326,3.1751610919042506,C4_SENSITIVITY_ONLY
A10_A11_test_1b,test,1b,True,55,0.086,63.03268249474557,62.390090473646765,63.544410365673286,pubmed_abstracts_c4,pubmed_abstracts,63.357404096100105,64.65609086107253,63.1443695565332,0.11168706178762733,62.390090473646765,63.68772099858838,1.2976305249416171,C4_SENSITIVITY_ONLY
A10_A11_test_1b,test,1b,True,56,0.004,62.43985809835832,61.44002851113838,63.47903423228289,pubmed_abstracts_c4,pubmed_abstracts,63.357404096100105,64.65609086107253,62.44505284541821,0.005194747059888982,61.44002851113838,63.48569984311615,2.045671331977772,C4_SENSITIVITY_ONLY
A10_A11_test_1b,test,1b,True,57,0.0039960039960039,61.96754187806572,61.0344958425946,62.56717788349893,pubmed_abstracts_c4,pubmed_abstracts,63.357404096100105,64.65609086107253,61.97273143556811,0.005189557502390585,61.0344958425946,62.573836835380305,1.5393409927857036,C4_SENSITIVITY_ONLY
A10_A11_test_1b,test,1b,True,58,0.001001001001001,62.21322306096541,61.54289111691903,62.672774853278085,pubmed_abstracts_c4,pubmed_abstracts,63.357404096100105,64.65609086107253,62.21452304771714,0.0012999867517251573,61.54289111691903,62.67444292405718,1.1315518071381518,C4_SENSITIVITY_ONLY
A10_A11_test_1b,test,1b,True,59,0.0,62.17234481283224,60.72332049521325,63.45074253565481,pubmed_abstracts_c4,pubmed_abstracts,63.357404096100105,64.65609086107253,62.17234481283224,0.0,60.72332049521325,63.45074253565481,2.72742204044156,C4_SENSITIVITY_ONLY
A10_A11_test_1b,test,1b,True,60,0.0199800199800199,60.56932880433948,59.92578704537792,60.93868456748632,pubmed_abstracts_c4,pubmed_abstracts,63.357404096100105,64.65609086107253,60.595276591851416,0.025947787511938714,59.92578704537792,60.97197932689321,1.0461922815152889,C4_SENSITIVITY_ONLY
A10_A11_test_1b,test,1b,True,61,0.0,62.22120783611829,61.089003953791845,63.28201491249797,pubmed_abstracts_c4,pubmed_abstracts,63.357404096100105,64.65609086107253,62.22120783611829,0.0,61.089003953791845,63.28201491249797,2.1930109587061253,C4_SENSITIVITY_ONLY
A10_A11_test_1b,test,1b,True,62,0.013,62.43981198339574,61.14164462855528,63.34854372139493,pubmed_abstracts_c4,pubmed_abstracts,63.357404096100105,64.65609086107253,62.456694911340385,0.016882927944642745,61.14164462855528,63.37020695660303,2.228562328047751,C4_SENSITIVITY_ONLY
A10_A11_test_1b,test,1b,True,63,0.016,59.10122175171463,58.518235173018105,59.37414530389084,pubmed_abstracts_c4,pubmed_abstracts,63.357404096100105,64.65609086107253,59.12200073995419,0.02077898823955593,58.518235173018105,59.40080774722388,0.8825725742057742,C4_SENSITIVITY_ONLY
A12_A13_est_10b,estimate,10b,False,1,0.0,62.5899769188895,62.56713059586314,62.59844995232088,pubmed_abstracts_c4,pubmed_abstracts,63.357404096100105,64.65609086107253,62.5899769188895,0.0,62.56713059586314,62.59844995232088,0.03131935645773609,C4_SENSITIVITY_ONLY
A12_A13_est_10b,estimate,10b,False,2,0.001002004008016,59.07136541233329,58.49481874143344,59.45291474683157,pubmed_abstracts_c4,pubmed_abstracts,63.357404096100105,64.65609086107253,59.07266670167695,0.0013012893436581408,58.49481874143344,59.45458448902427,0.9597657475908292,C4_SENSITIVITY_ONLY
A12_A13_est_10b,estimate,10b,False,3,0.003,63.95799290631837,63.8308901432108,64.01241165881956,pubmed_abstracts_c4,pubmed_abstracts,63.357404096100105,64.65609086107253,63.96188896661329,0.0038960602949202894,63.8308901432108,64.0174108669445,0.18652072373370032,C4_SENSITIVITY_ONLY
A12_A13_est_10b,estimate,10b,False,4,0.0539460539460539,57.577216834293225,56.32234151689883,58.76738380675164,pubmed_abstracts_c4,pubmed_abstracts,63.357404096100105,64.65609086107253,57.647275860575455,0.07005902628223026,56.32234151689883,58.85727965715025,2.5349381402514197,C4_SENSITIVITY_ONLY
A12_A13_est_10b,estimate,10b,False,5,0.0,61.0917880650192,60.48983693106821,61.50224490015969,pubmed_abstracts_c4,pubmed_abstracts,63.357404096100105,64.65609086107253,61.0917880650192,0.0,60.48983693106821,61.50224490015969,1.012407969091477,C4_SENSITIVITY_ONLY
A12_A13_est_10b,estimate,10b,False,6,0.001001001001001,60.584720752410966,59.99101663594656,60.99324588115838,pubmed_abstracts_c4,pubmed_abstracts,63.357404096100105,64.65609086107253,60.58602073916269,0.0012999867517251573,59.99101663594656,60.99491395193748,1.003897315990919,C4_SENSITIVITY_ONLY
A12_A13_est_10b,estimate,10b,False,7,0.001,62.140626753825245,59.64454726025998,64.16583417005786,pubmed_abstracts_c4,pubmed_abstracts,63.357404096100105,64.65609086107253,62.14192544059022,0.0012986867649757983,59.64454726025998,64.16750057276617,4.522953312506189,C4_SENSITIVITY_ONLY
A12_A13_est_10b,estimate,10b,False,8,0.0,61.33355503550059,59.369968802067135,64.30035131862691,pubmed_abstracts_c4,pubmed_abstracts,63.357404096100105,64.65609086107253,61.33355503550059,0.0,59.369968802067135,64.30035131862691,4.930382516559774,C4_SENSITIVITY_ONLY
A12_A13_est_10b,estimate,10b,False,9,0.169,63.350634604573074,61.10090692042493,64.32600554446415,pubmed_abstracts_c4,pubmed_abstracts,63.357404096100105,64.65609086107253,63.570112667853415,0.21947806328034147,61.10090692042493,64.6076276021694,3.5067206817444685,C4_SENSITIVITY_ONLY
A12_A13_est_10b,estimate,10b,False,10,0.0,61.83845788066242,61.14571324773014,62.13879777890371,pubmed_abstracts_c4,pubmed_abstracts,63.357404096100105,64.65609086107253,61.83845788066242,0.0,61.14571324773014,62.13879777890371,0.9930845311735652,C4_SENSITIVITY_ONLY
A12_A13_est_10b,estimate,10b,False,11,0.049,59.33406197395692,56.28410747671423,64.1147598981793,pubmed_abstracts_c4,pubmed_abstracts,63.357404096100105,64.65609086107253,59.39769762544057,0.06363565148365069,56.28410747671423,64.19641363088674,7.912306154172505,C4_SENSITIVITY_ONLY
A12_A13_est_10b,estimate,10b,False,12,0.0400801603206412,59.62533670628627,57.17068931376651,62.89446322630519,pubmed_abstracts_c4,pubmed_abstracts,63.357404096100105,64.65609086107253,59.67738828003266,0.05205157374638958,57.17068931376651,62.96125291401321,5.790563600246699,C4_SENSITIVITY_ONLY
A12_A13_est_10b,estimate,10b,False,13,0.0,63.48035150628131,61.58623150368282,64.33570995356357,pubmed_abstracts_c4,pubmed_abstracts,63.357404096100105,64.65609086107253,63.48035150628131,0.0,61.58623150368282,64.33570995356357,2.7494784498807476,C4_SENSITIVITY_ONLY
A12_A13_est_10b,estimate,10b,False,14,0.3436563436563435,61.611452398137374,59.87681102674002,62.54195999906214,pubmed_abstracts_c4,pubmed_abstracts,63.357404096100105,64.65609086107253,62.05775434334268,0.4463019452053061,59.87681102674002,63.114629860860724,3.237818834120702,C4_SENSITIVITY_ONLY
A12_A13_est_10b,estimate,10b,False,15,0.2144288577154308,60.63985637368572,59.700206595624095,61.24866569365008,pubmed_abstracts_c4,pubmed_abstracts,63.357404096100105,64.65609086107253,60.9183322932289,0.2784759195431832,59.700206595624095,61.60599052288798,1.905783927263883,C4_SENSITIVITY_ONLY
A12_A13_est_10b,estimate,10b,False,16,0.003,61.05976135968973,59.41461245975787,62.18920144094669,pubmed_abstracts_c4,pubmed_abstracts,63.357404096100105,64.65609086107253,61.06365741998465,0.0038960602949202894,59.41461245975787,62.19420064907163,2.7795881893137633,C4_SENSITIVITY_ONLY
A12_A13_est_10b,estimate,10b,False,17,0.0,62.26359342605269,61.362583720702304,63.48503350555324,pubmed_abstracts_c4,pubmed_abstracts,63.357404096100105,64.65609086107253,62.26359342605269,0.0,61.362583720702304,63.48503350555324,2.122449784850936,C4_SENSITIVITY_ONLY
A12_A13_est_10b,estimate,10b,False,18,0.033033033033033,63.10885587615659,62.12932773940608,63.6046909794799,pubmed_abstracts_c4,pubmed_abstracts,63.357404096100105,64.65609086107253,63.151755438963484,0.042899562806894664,62.12932773940608,63.65973731519001,1.5304095757839278,C4_SENSITIVITY_ONLY
A12_A13_est_10b,estimate,10b,False,19,0.0,62.69683978480785,61.73917796499478,63.860108355587975,pubmed_abstracts_c4,pubmed_abstracts,63.357404096100105,64.65609086107253,62.69683978480785,0.0,61.73917796499478,63.860108355587975,2.1209303905931947,C4_SENSITIVITY_ONLY
A12_A13_est_10b,estimate,10b,False,20,0.104,62.09218714016537,60.83037461762391,62.67410821822585,pubmed_abstracts_c4,pubmed_abstracts,63.357404096100105,64.65609086107253,62.22725056372251,0.13506342355713485,60.83037461762391,62.847414099890614,2.0170394822667035,C4_SENSITIVITY_ONLY
A12_A13_est_10b,estimate,10b,False,21,0.0,63.21923853615276,62.7549540865236,63.61147835072133,pubmed_abstracts_c4,pubmed_abstracts,63.357404096100105,64.65609086107253,63.21923853615276,0.0,62.7549540865236,63.61147835072133,0.8565242641977306,C4_SENSITIVITY_ONLY
A12_A13_est_10b,estimate,10b,False,22,0.0,57.13954537422548,55.4877122376181,58.74547385567387,pubmed_abstracts_c4,pubmed_abstracts,63.357404096100105,64.65609086107253,57.13954537422548,0.0,55.4877122376181,58.74547385567387,3.257761618055774,C4_SENSITIVITY_ONLY
A12_A13_est_10b,estimate,10b,False,23,0.12,61.81622170279383,59.262758790573216,63.69037794277657,pubmed_abstracts_c4,pubmed_abstracts,63.357404096100105,64.65609086107253,61.97206411459052,0.15584241179669078,59.262758790573216,63.890346267774376,4.6275874772011605,C4_SENSITIVITY_ONLY
A12_A13_est_10b,estimate,10b,False,24,0.0,59.43683040993596,56.02394220461786,64.14708390046518,pubmed_abstracts_c4,pubmed_abstracts,63.357404096100105,64.65609086107253,59.43683040993596,0.0,56.02394220461786,64.14708390046518,8.123141695847316,C4_SENSITIVITY_ONLY
A12_A13_est_10b,estimate,10b,False,25,0.007007007007007,61.01350524992364,59.70699221657228,62.7026108883598,pubmed_abstracts_c4,pubmed_abstracts,63.357404096100105,64.65609086107253,61.02260515718571,0.009099907262068996,59.70699221657228,62.714287383813456,3.0072951672411747,C4_SENSITIVITY_ONLY
A12_A13_est_10b,estimate,10b,False,26,0.014014014014014,63.35576542534766,62.07232711102344,63.96129921449919,pubmed_abstracts_c4,pubmed_abstracts,63.357404096100105,64.65609086107253,63.3739652398718,0.01819981452413799,62.07232711102344,63.98465220540651,1.9123250943830712,C4_SENSITIVITY_ONLY
A12_A13_est_10b,estimate,10b,False,27,0.158,60.75543555918576,58.854740132384485,62.592759899480754,pubmed_abstracts_c4,pubmed_abstracts,63.357404096100105,64.65609086107253,60.960628068051406,0.20519250886564322,58.854740132384485,62.856051527394534,4.001311395010049,C4_SENSITIVITY_ONLY
A12_A13_est_10b,estimate,10b,False,28,0.0,60.62404105271286,58.89668560604888,62.518412838252765,pubmed_abstracts_c4,pubmed_abstracts,63.357404096100105,64.65609086107253,60.62404105271286,0.0,58.89668560604888,62.518412838252765,3.621727232203888,C4_SENSITIVITY_ONLY
A12_A13_est_10b,estimate,10b,False,29,0.0009990009990009,59.033319995173656,56.14953500157945,61.838000930565535,pubmed_abstracts_c4,pubmed_abstracts,63.357404096100105,64.65609086107253,59.03461738454925,0.0012973893755940935,56.14953500157945,61.83966566853588,5.690130666956428,C4_SENSITIVITY_ONLY
A12_A13_est_10b,estimate,10b,False,30,0.0,57.99532325402376,56.21305857505028,59.74118841039629,pubmed_abstracts_c4,pubmed_abstracts,63.357404096100105,64.65609086107253,57.99532325402376,0.0,56.21305857505028,59.74118841039629,3.5281298353460073,C4_SENSITIVITY_ONLY
A12_A13_est_10b,estimate,10b,False,31,0.142,59.94234873663173,59.54330816395079,60.1734131484803,pubmed_abstracts_c4,pubmed_abstracts,63.357404096100105,64.65609086107253,60.126762257257816,0.1844135206260873,59.54330816395079,60.410042333061035,0.866734169110245,C4_SENSITIVITY_ONLY
A12_A13_est_10b,estimate,10b,False,32,0.007007007007007,59.40735918368559,56.30075672735322,64.33570995356357,pubmed_abstracts_c4,pubmed_abstracts,63.357404096100105,64.65609086107253,59.41645909094766,0.009099907262068996,56.30075672735322,64.34738644901722,8.046629721664004,C4_SENSITIVITY_ONLY
A12_A13_est_10b,estimate,10b,False,33,0.001,56.14924942645502,56.14699292927934,56.15022773231248,pubmed_abstracts_c4,pubmed_abstracts,63.357404096100105,64.65609086107253,56.15054811322,0.0012986867649757983,56.14699292927934,56.1518941350208,0.004901205741454362,C4_SENSITIVITY_ONLY
A12_A13_est_10b,estimate,10b,False,34,0.0,53.78397506413352,53.12988793398893,54.26559173039828,pubmed_abstracts_c4,pubmed_abstracts,63.357404096100105,64.65609086107253,53.78397506413352,0.0,53.12988793398893,54.26559173039828,1.135703796409345,C4_SENSITIVITY_ONLY
A12_A13_est_10b,estimate,10b,False,35,0.0,61.68474017899067,61.228606975340966,61.81285083974961,pubmed_abstracts_c4,pubmed_abstracts,63.357404096100105,64.65609086107253,61.68474017899067,0.0,61.228606975340966,61.81285083974961,0.5842438644086414,C4_SENSITIVITY_ONLY
A12_A13_est_10b,estimate,10b,False,36,0.0,62.86942556143751,62.39385573799926,63.12093362924484,pubmed_abstracts_c4,pubmed_abstracts,63.357404096100105,64.65609086107253,62.86942556143751,0.0,62.39385573799926,63.12093362924484,0.7270778912455782,C4_SENSITIVITY_ONLY
A12_A13_est_10b,estimate,10b,False,37,0.0771543086172344,61.506153756904496,59.77334223303141,62.737119776639005,pubmed_abstracts_c4,pubmed_abstracts,63.357404096100105,64.65609086107253,61.60635303636629,0.10019927946179763,59.77334223303141,62.86568992547694,3.0923476924455358,C4_SENSITIVITY_ONLY
A12_A13_est_10b,estimate,10b,False,38,0.008008008008008,62.98920461198908,61.52949988209613,64.33144553592089,pubmed_abstracts_c4,pubmed_abstracts,63.357404096100105,64.65609086107253,62.999604506002875,0.010399894013794153,61.52949988209613,64.34479010215365,2.81529022005752,C4_SENSITIVITY_ONLY
A12_A13_est_10b,estimate,10b,False,39,0.0,61.279434204947314,60.820719870513344,61.68767026711922,pubmed_abstracts_c4,pubmed_abstracts,63.357404096100105,64.65609086107253,61.279434204947314,0.0,60.820719870513344,61.68767026711922,0.8669503966058798,C4_SENSITIVITY_ONLY
A12_A13_est_10b,estimate,10b,False,40,0.0309690309690309,61.31411564364491,58.883301960078285,64.189691632636,pubmed_abstracts_c4,pubmed_abstracts,63.357404096100105,64.65609086107253,61.35433471428841,0.040219070643502164,58.883301960078285,64.24129850971669,5.3579965496384006,C4_SENSITIVITY_ONLY
A12_A13_est_10b,estimate,10b,False,41,0.01,53.68345056911369,53.39960227973745,53.84003833082601,pubmed_abstracts_c4,pubmed_abstracts,63.357404096100105,64.65609086107253,53.69643743676341,0.012986867649722456,53.39960227973745,53.856702357909164,0.45710007817171316,C4_SENSITIVITY_ONLY
A12_A13_est_10b,estimate,10b,False,42,0.0219780219780219,57.61329385546286,55.924176261634464,58.98035807384598,pubmed_abstracts_c4,pubmed_abstracts,63.357404096100105,64.65609086107253,57.64183642172598,0.0285425662631269,55.924176261634464,59.01698230919356,3.092806047559094,C4_SENSITIVITY_ONLY
A12_A13_est_10b,estimate,10b,False,43,0.0,61.33077858394175,60.90311152448663,61.540140827558766,pubmed_abstracts_c4,pubmed_abstracts,63.357404096100105,64.65609086107253,61.33077858394175,0.0,60.90311152448663,61.540140827558766,0.6370293030721328,C4_SENSITIVITY_ONLY
A12_A13_est_10b,estimate,10b,False,44,0.0,61.496543495719166,59.41518996456877,63.13483402166377,pubmed_abstracts_c4,pubmed_abstracts,63.357404096100105,64.65609086107253,61.496543495719166,0.0,59.41518996456877,63.13483402166377,3.719644057095003,C4_SENSITIVITY_ONLY
A12_A13_est_10b,estimate,10b,False,45,0.0,63.62109913001988,63.49217832347737,63.76599505618487,pubmed_abstracts_c4,pubmed_abstracts,63.357404096100105,64.65609086107253,63.62109913001988,0.0,63.49217832347737,63.76599505618487,0.27381673270750184,C4_SENSITIVITY_ONLY
A12_A13_est_10b,estimate,10b,False,46,0.0379620379620379,61.77273999632626,60.65646154121735,62.38710247612599,pubmed_abstracts_c4,pubmed_abstracts,63.357404096100105,64.65609086107253,61.82204079259894,0.049300796272682135,60.65646154121735,62.450362518999086,1.793900977781739,C4_SENSITIVITY_ONLY
A12_A13_est_10b,estimate,10b,False,47,0.0,60.90818406340212,59.16671748991552,62.56567597662198,pubmed_abstracts_c4,pubmed_abstracts,63.357404096100105,64.65609086107253,60.90818406340212,0.0,59.16671748991552,62.56567597662198,3.398958486706462,C4_SENSITIVITY_ONLY
A12_A13_est_10b,estimate,10b,False,48,0.0,61.75095317224685,60.16839209187844,63.04664471949547,pubmed_abstracts_c4,pubmed_abstracts,63.357404096100105,64.65609086107253,61.75095317224685,0.0,60.16839209187844,63.04664471949547,2.87825262761703,C4_SENSITIVITY_ONLY
A12_A13_est_10b,estimate,10b,False,49,0.0,62.96854177786141,62.23469685312691,64.00057789986114,pubmed_abstracts_c4,pubmed_abstracts,63.357404096100105,64.65609086107253,62.96854177786141,0.0,62.23469685312691,64.00057789986114,1.7658810467342292,C4_SENSITIVITY_ONLY
A12_A13_est_10b,estimate,10b,False,50,0.0169999999999999,62.93628722732703,62.07054639070592,63.647269256436914,pubmed_abstracts_c4,pubmed_abstracts,63.357404096100105,64.65609086107253,62.95836490233156,0.022077675004531727,62.07054639070592,63.67559810247827,1.6050517117723473,C4_SENSITIVITY_ONLY
A12_A13_est_10b,estimate,10b,False,51,0.1931931931931931,55.2643555814013,54.8284156866012,55.45335761392428,pubmed_abstracts_c4,pubmed_abstracts,63.357404096100105,64.65609086107253,55.51525302448406,0.2508974430827635,54.8284156866012,55.775295274289455,0.9468795876882581,C4_SENSITIVITY_ONLY
A12_A13_est_10b,estimate,10b,False,52,0.1491491491491491,60.356080809761664,57.67451532291773,63.93117403073837,pubmed_abstracts_c4,pubmed_abstracts,63.357404096100105,64.65609086107253,60.549778835768564,0.19369802600689923,57.67451532291773,64.1797165768234,6.505201253905668,C4_SENSITIVITY_ONLY
A12_A13_est_10b,estimate,10b,False,53,0.016016016016016,59.513443280489966,56.09358724082557,64.07966346417332,pubmed_abstracts_c4,pubmed_abstracts,63.357404096100105,64.65609086107253,59.534243068517554,0.020799788027588306,56.09358724082557,64.10635259663883,8.012765355813258,C4_SENSITIVITY_ONLY
A12_A13_est_10b,estimate,10b,False,54,0.0,63.935838049043255,63.66532535323887,64.19617979360754,pubmed_abstracts_c4,pubmed_abstracts,63.357404096100105,64.65609086107253,63.935838049043255,0.0,63.66532535323887,64.19617979360754,0.530854440368671,C4_SENSITIVITY_ONLY
A12_A13_est_10b,estimate,10b,False,55,0.255,60.973093751373824,58.79540963961525,63.78391264744594,pubmed_abstracts_c4,pubmed_abstracts,63.357404096100105,64.65609086107253,61.30425887644179,0.3311651250679688,58.79540963961525,64.20884533806628,5.413435698451032,C4_SENSITIVITY_ONLY
A12_A13_est_10b,estimate,10b,False,56,0.0489021956087824,61.20695965922683,59.988393492064,62.24757576464368,pubmed_abstracts_c4,pubmed_abstracts,63.357404096100105,64.65609086107253,61.27046829344205,0.0635086342152178,59.988393492064,62.32906651584871,2.34067302378471,C4_SENSITIVITY_ONLY
A12_A13_est_10b,estimate,10b,False,57,0.0,63.17617007790169,63.16612981803825,63.18271960719464,pubmed_abstracts_c4,pubmed_abstracts,63.357404096100105,64.65609086107253,63.17617007790169,0.0,63.16612981803825,63.18271960719464,0.016589789156391532,C4_SENSITIVITY_ONLY
A12_A13_est_10b,estimate,10b,False,58,0.0,62.12913637558805,62.12913637558805,62.12913637558805,pubmed_abstracts_c4,pubmed_abstracts,63.357404096100105,64.65609086107253,62.12913637558805,0.0,62.12913637558805,62.12913637558805,0.0,C4_SENSITIVITY_ONLY
A12_A13_est_10b,estimate,10b,False,59,0.0990990990990991,63.47197959596951,61.87338076768469,64.16267580715318,pubmed_abstracts_c4,pubmed_abstracts,63.357404096100105,64.65609086107253,63.6006782843902,0.1286986884206911,61.87338076768469,64.3278148142835,2.454434046598813,C4_SENSITIVITY_ONLY
A12_A13_est_10b,estimate,10b,False,60,0.066,61.80556438727452,61.26936461705358,62.07981068108913,pubmed_abstracts_c4,pubmed_abstracts,63.357404096100105,64.65609086107253,61.891277713762705,0.08571332648818242,61.26936461705358,62.18979325983792,0.9204286427843371,C4_SENSITIVITY_ONLY
A12_A13_est_10b,estimate,10b,False,61,0.2802802802802803,61.48158512167624,59.78541593168792,63.32512939325473,pubmed_abstracts_c4,pubmed_abstracts,63.357404096100105,64.65609086107253,61.845581412159,0.36399629048275983,59.78541593168792,63.79218921140109,4.006773279713165,C4_SENSITIVITY_ONLY
A12_A13_est_10b,estimate,10b,False,62,0.0,61.2277943610364,59.36773985274076,62.54815505627285,pubmed_abstracts_c4,pubmed_abstracts,63.357404096100105,64.65609086107253,61.2277943610364,0.0,59.36773985274076,62.54815505627285,3.1804152035320854,C4_SENSITIVITY_ONLY
A12_A13_est_10b,estimate,10b,False,63,0.546,62.57951735260513,61.05546478062996,63.44170813621536,pubmed_abstracts_c4,pubmed_abstracts,63.357404096100105,64.65609086107253,63.288600326280076,0.7090829736749455,61.05546478062996,64.35156401495539,3.2960992343254247,C4_SENSITIVITY_ONLY
A14_A15_est_70b,estimate,70b,False,1,0.0,62.5899769188895,62.56713059586314,62.59844995232088,pubmed_abstracts_c4,pubmed_abstracts,63.357404096100105,64.65609086107253,62.5899769188895,0.0,62.56713059586314,62.59844995232088,0.03131935645773609,C4_SENSITIVITY_ONLY
A14_A15_est_70b,estimate,70b,False,2,0.001002004008016,59.07136541233329,58.49481874143344,59.45291474683157,pubmed_abstracts_c4,pubmed_abstracts,63.357404096100105,64.65609086107253,59.07266670167695,0.0013012893436581408,58.49481874143344,59.45458448902427,0.9597657475908292,C4_SENSITIVITY_ONLY
A14_A15_est_70b,estimate,70b,False,3,0.003,63.95799290631837,63.8308901432108,64.01241165881956,pubmed_abstracts_c4,pubmed_abstracts,63.357404096100105,64.65609086107253,63.96188896661329,0.0038960602949202894,63.8308901432108,64.0174108669445,0.18652072373370032,C4_SENSITIVITY_ONLY
A14_A15_est_70b,estimate,70b,False,4,0.0539460539460539,57.577216834293225,56.32234151689883,58.76738380675164,pubmed_abstracts_c4,pubmed_abstracts,63.357404096100105,64.65609086107253,57.647275860575455,0.07005902628223026,56.32234151689883,58.85727965715025,2.5349381402514197,C4_SENSITIVITY_ONLY
A14_A15_est_70b,estimate,70b,False,5,0.0,61.0917880650192,60.48983693106821,61.50224490015969,pubmed_abstracts_c4,pubmed_abstracts,63.357404096100105,64.65609086107253,61.0917880650192,0.0,60.48983693106821,61.50224490015969,1.012407969091477,C4_SENSITIVITY_ONLY
A14_A15_est_70b,estimate,70b,False,6,0.001001001001001,60.584720752410966,59.99101663594656,60.99324588115838,pubmed_abstracts_c4,pubmed_abstracts,63.357404096100105,64.65609086107253,60.58602073916269,0.0012999867517251573,59.99101663594656,60.99491395193748,1.003897315990919,C4_SENSITIVITY_ONLY
A14_A15_est_70b,estimate,70b,False,7,0.001,62.140626753825245,59.64454726025998,64.16583417005786,pubmed_abstracts_c4,pubmed_abstracts,63.357404096100105,64.65609086107253,62.14192544059022,0.0012986867649757983,59.64454726025998,64.16750057276617,4.522953312506189,C4_SENSITIVITY_ONLY
A14_A15_est_70b,estimate,70b,False,8,0.0,61.33355503550059,59.369968802067135,64.30035131862691,pubmed_abstracts_c4,pubmed_abstracts,63.357404096100105,64.65609086107253,61.33355503550059,0.0,59.369968802067135,64.30035131862691,4.930382516559774,C4_SENSITIVITY_ONLY
A14_A15_est_70b,estimate,70b,False,9,0.169,63.350634604573074,61.10090692042493,64.32600554446415,pubmed_abstracts_c4,pubmed_abstracts,63.357404096100105,64.65609086107253,63.570112667853415,0.21947806328034147,61.10090692042493,64.6076276021694,3.5067206817444685,C4_SENSITIVITY_ONLY
A14_A15_est_70b,estimate,70b,False,10,0.0,61.83845788066242,61.14571324773014,62.13879777890371,pubmed_abstracts_c4,pubmed_abstracts,63.357404096100105,64.65609086107253,61.83845788066242,0.0,61.14571324773014,62.13879777890371,0.9930845311735652,C4_SENSITIVITY_ONLY
A14_A15_est_70b,estimate,70b,False,11,0.049,59.33406197395692,56.28410747671423,64.1147598981793,pubmed_abstracts_c4,pubmed_abstracts,63.357404096100105,64.65609086107253,59.39769762544057,0.06363565148365069,56.28410747671423,64.19641363088674,7.912306154172505,C4_SENSITIVITY_ONLY
A14_A15_est_70b,estimate,70b,False,12,0.0400801603206412,59.62533670628627,57.17068931376651,62.89446322630519,pubmed_abstracts_c4,pubmed_abstracts,63.357404096100105,64.65609086107253,59.67738828003266,0.05205157374638958,57.17068931376651,62.96125291401321,5.790563600246699,C4_SENSITIVITY_ONLY
A14_A15_est_70b,estimate,70b,False,13,0.0,63.48035150628131,61.58623150368282,64.33570995356357,pubmed_abstracts_c4,pubmed_abstracts,63.357404096100105,64.65609086107253,63.48035150628131,0.0,61.58623150368282,64.33570995356357,2.7494784498807476,C4_SENSITIVITY_ONLY
A14_A15_est_70b,estimate,70b,False,14,0.3436563436563435,61.611452398137374,59.87681102674002,62.54195999906214,pubmed_abstracts_c4,pubmed_abstracts,63.357404096100105,64.65609086107253,62.05775434334268,0.4463019452053061,59.87681102674002,63.114629860860724,3.237818834120702,C4_SENSITIVITY_ONLY
A14_A15_est_70b,estimate,70b,False,15,0.2144288577154308,60.63985637368572,59.700206595624095,61.24866569365008,pubmed_abstracts_c4,pubmed_abstracts,63.357404096100105,64.65609086107253,60.9183322932289,0.2784759195431832,59.700206595624095,61.60599052288798,1.905783927263883,C4_SENSITIVITY_ONLY
A14_A15_est_70b,estimate,70b,False,16,0.003,61.05976135968973,59.41461245975787,62.18920144094669,pubmed_abstracts_c4,pubmed_abstracts,63.357404096100105,64.65609086107253,61.06365741998465,0.0038960602949202894,59.41461245975787,62.19420064907163,2.7795881893137633,C4_SENSITIVITY_ONLY
A14_A15_est_70b,estimate,70b,False,17,0.0,62.26359342605269,61.362583720702304,63.48503350555324,pubmed_abstracts_c4,pubmed_abstracts,63.357404096100105,64.65609086107253,62.26359342605269,0.0,61.362583720702304,63.48503350555324,2.122449784850936,C4_SENSITIVITY_ONLY
A14_A15_est_70b,estimate,70b,False,18,0.033033033033033,63.10885587615659,62.12932773940608,63.6046909794799,pubmed_abstracts_c4,pubmed_abstracts,63.357404096100105,64.65609086107253,63.151755438963484,0.042899562806894664,62.12932773940608,63.65973731519001,1.5304095757839278,C4_SENSITIVITY_ONLY
A14_A15_est_70b,estimate,70b,False,19,0.0,62.69683978480785,61.73917796499478,63.860108355587975,pubmed_abstracts_c4,pubmed_abstracts,63.357404096100105,64.65609086107253,62.69683978480785,0.0,61.73917796499478,63.860108355587975,2.1209303905931947,C4_SENSITIVITY_ONLY
A14_A15_est_70b,estimate,70b,False,20,0.104,62.09218714016537,60.83037461762391,62.67410821822585,pubmed_abstracts_c4,pubmed_abstracts,63.357404096100105,64.65609086107253,62.22725056372251,0.13506342355713485,60.83037461762391,62.847414099890614,2.0170394822667035,C4_SENSITIVITY_ONLY
A14_A15_est_70b,estimate,70b,False,21,0.0,63.21923853615276,62.7549540865236,63.61147835072133,pubmed_abstracts_c4,pubmed_abstracts,63.357404096100105,64.65609086107253,63.21923853615276,0.0,62.7549540865236,63.61147835072133,0.8565242641977306,C4_SENSITIVITY_ONLY
A14_A15_est_70b,estimate,70b,False,22,0.0,57.13954537422548,55.4877122376181,58.74547385567387,pubmed_abstracts_c4,pubmed_abstracts,63.357404096100105,64.65609086107253,57.13954537422548,0.0,55.4877122376181,58.74547385567387,3.257761618055774,C4_SENSITIVITY_ONLY
A14_A15_est_70b,estimate,70b,False,23,0.12,61.81622170279383,59.262758790573216,63.69037794277657,pubmed_abstracts_c4,pubmed_abstracts,63.357404096100105,64.65609086107253,61.97206411459052,0.15584241179669078,59.262758790573216,63.890346267774376,4.6275874772011605,C4_SENSITIVITY_ONLY
A14_A15_est_70b,estimate,70b,False,24,0.0,59.43683040993596,56.02394220461786,64.14708390046518,pubmed_abstracts_c4,pubmed_abstracts,63.357404096100105,64.65609086107253,59.43683040993596,0.0,56.02394220461786,64.14708390046518,8.123141695847316,C4_SENSITIVITY_ONLY
A14_A15_est_70b,estimate,70b,False,25,0.007007007007007,61.01350524992364,59.70699221657228,62.7026108883598,pubmed_abstracts_c4,pubmed_abstracts,63.357404096100105,64.65609086107253,61.02260515718571,0.009099907262068996,59.70699221657228,62.714287383813456,3.0072951672411747,C4_SENSITIVITY_ONLY
A14_A15_est_70b,estimate,70b,False,26,0.014014014014014,63.35576542534766,62.07232711102344,63.96129921449919,pubmed_abstracts_c4,pubmed_abstracts,63.357404096100105,64.65609086107253,63.3739652398718,0.01819981452413799,62.07232711102344,63.98465220540651,1.9123250943830712,C4_SENSITIVITY_ONLY
A14_A15_est_70b,estimate,70b,False,27,0.158,60.75543555918576,58.854740132384485,62.592759899480754,pubmed_abstracts_c4,pubmed_abstracts,63.357404096100105,64.65609086107253,60.960628068051406,0.20519250886564322,58.854740132384485,62.856051527394534,4.001311395010049,C4_SENSITIVITY_ONLY
A14_A15_est_70b,estimate,70b,False,28,0.0,60.62404105271286,58.89668560604888,62.518412838252765,pubmed_abstracts_c4,pubmed_abstracts,63.357404096100105,64.65609086107253,60.62404105271286,0.0,58.89668560604888,62.518412838252765,3.621727232203888,C4_SENSITIVITY_ONLY
A14_A15_est_70b,estimate,70b,False,29,0.0009990009990009,59.033319995173656,56.14953500157945,61.838000930565535,pubmed_abstracts_c4,pubmed_abstracts,63.357404096100105,64.65609086107253,59.03461738454925,0.0012973893755940935,56.14953500157945,61.83966566853588,5.690130666956428,C4_SENSITIVITY_ONLY
A14_A15_est_70b,estimate,70b,False,30,0.0,57.99532325402376,56.21305857505028,59.74118841039629,pubmed_abstracts_c4,pubmed_abstracts,63.357404096100105,64.65609086107253,57.99532325402376,0.0,56.21305857505028,59.74118841039629,3.5281298353460073,C4_SENSITIVITY_ONLY
A14_A15_est_70b,estimate,70b,False,31,0.142,59.94234873663173,59.54330816395079,60.1734131484803,pubmed_abstracts_c4,pubmed_abstracts,63.357404096100105,64.65609086107253,60.126762257257816,0.1844135206260873,59.54330816395079,60.410042333061035,0.866734169110245,C4_SENSITIVITY_ONLY
A14_A15_est_70b,estimate,70b,False,32,0.007007007007007,59.40735918368559,56.30075672735322,64.33570995356357,pubmed_abstracts_c4,pubmed_abstracts,63.357404096100105,64.65609086107253,59.41645909094766,0.009099907262068996,56.30075672735322,64.34738644901722,8.046629721664004,C4_SENSITIVITY_ONLY
A14_A15_est_70b,estimate,70b,False,33,0.001,56.14924942645502,56.14699292927934,56.15022773231248,pubmed_abstracts_c4,pubmed_abstracts,63.357404096100105,64.65609086107253,56.15054811322,0.0012986867649757983,56.14699292927934,56.1518941350208,0.004901205741454362,C4_SENSITIVITY_ONLY
A14_A15_est_70b,estimate,70b,False,34,0.0,53.78397506413352,53.12988793398893,54.26559173039828,pubmed_abstracts_c4,pubmed_abstracts,63.357404096100105,64.65609086107253,53.78397506413352,0.0,53.12988793398893,54.26559173039828,1.135703796409345,C4_SENSITIVITY_ONLY
A14_A15_est_70b,estimate,70b,False,35,0.0,61.68474017899067,61.228606975340966,61.81285083974961,pubmed_abstracts_c4,pubmed_abstracts,63.357404096100105,64.65609086107253,61.68474017899067,0.0,61.228606975340966,61.81285083974961,0.5842438644086414,C4_SENSITIVITY_ONLY
A14_A15_est_70b,estimate,70b,False,36,0.0,62.86942556143751,62.39385573799926,63.12093362924484,pubmed_abstracts_c4,pubmed_abstracts,63.357404096100105,64.65609086107253,62.86942556143751,0.0,62.39385573799926,63.12093362924484,0.7270778912455782,C4_SENSITIVITY_ONLY
A14_A15_est_70b,estimate,70b,False,37,0.0771543086172344,61.506153756904496,59.77334223303141,62.737119776639005,pubmed_abstracts_c4,pubmed_abstracts,63.357404096100105,64.65609086107253,61.60635303636629,0.10019927946179763,59.77334223303141,62.86568992547694,3.0923476924455358,C4_SENSITIVITY_ONLY
A14_A15_est_70b,estimate,70b,False,38,0.008008008008008,62.98920461198908,61.52949988209613,64.33144553592089,pubmed_abstracts_c4,pubmed_abstracts,63.357404096100105,64.65609086107253,62.999604506002875,0.010399894013794153,61.52949988209613,64.34479010215365,2.81529022005752,C4_SENSITIVITY_ONLY
A14_A15_est_70b,estimate,70b,False,39,0.0,61.279434204947314,60.820719870513344,61.68767026711922,pubmed_abstracts_c4,pubmed_abstracts,63.357404096100105,64.65609086107253,61.279434204947314,0.0,60.820719870513344,61.68767026711922,0.8669503966058798,C4_SENSITIVITY_ONLY
A14_A15_est_70b,estimate,70b,False,40,0.0309690309690309,61.31411564364491,58.883301960078285,64.189691632636,pubmed_abstracts_c4,pubmed_abstracts,63.357404096100105,64.65609086107253,61.35433471428841,0.040219070643502164,58.883301960078285,64.24129850971669,5.3579965496384006,C4_SENSITIVITY_ONLY
A14_A15_est_70b,estimate,70b,False,41,0.01,53.68345056911369,53.39960227973745,53.84003833082601,pubmed_abstracts_c4,pubmed_abstracts,63.357404096100105,64.65609086107253,53.69643743676341,0.012986867649722456,53.39960227973745,53.856702357909164,0.45710007817171316,C4_SENSITIVITY_ONLY
A14_A15_est_70b,estimate,70b,False,42,0.0219780219780219,57.61329385546286,55.924176261634464,58.98035807384598,pubmed_abstracts_c4,pubmed_abstracts,63.357404096100105,64.65609086107253,57.64183642172598,0.0285425662631269,55.924176261634464,59.01698230919356,3.092806047559094,C4_SENSITIVITY_ONLY
A14_A15_est_70b,estimate,70b,False,43,0.0,61.33077858394175,60.90311152448663,61.540140827558766,pubmed_abstracts_c4,pubmed_abstracts,63.357404096100105,64.65609086107253,61.33077858394175,0.0,60.90311152448663,61.540140827558766,0.6370293030721328,C4_SENSITIVITY_ONLY
A14_A15_est_70b,estimate,70b,False,44,0.0,61.496543495719166,59.41518996456877,63.13483402166377,pubmed_abstracts_c4,pubmed_abstracts,63.357404096100105,64.65609086107253,61.496543495719166,0.0,59.41518996456877,63.13483402166377,3.719644057095003,C4_SENSITIVITY_ONLY
A14_A15_est_70b,estimate,70b,False,45,0.0,63.62109913001988,63.49217832347737,63.76599505618487,pubmed_abstracts_c4,pubmed_abstracts,63.357404096100105,64.65609086107253,63.62109913001988,0.0,63.49217832347737,63.76599505618487,0.27381673270750184,C4_SENSITIVITY_ONLY
A14_A15_est_70b,estimate,70b,False,46,0.0379620379620379,61.77273999632626,60.65646154121735,62.38710247612599,pubmed_abstracts_c4,pubmed_abstracts,63.357404096100105,64.65609086107253,61.82204079259894,0.049300796272682135,60.65646154121735,62.450362518999086,1.793900977781739,C4_SENSITIVITY_ONLY
A14_A15_est_70b,estimate,70b,False,47,0.0,60.90818406340212,59.16671748991552,62.56567597662198,pubmed_abstracts_c4,pubmed_abstracts,63.357404096100105,64.65609086107253,60.90818406340212,0.0,59.16671748991552,62.56567597662198,3.398958486706462,C4_SENSITIVITY_ONLY
A14_A15_est_70b,estimate,70b,False,48,0.0,61.75095317224685,60.16839209187844,63.04664471949547,pubmed_abstracts_c4,pubmed_abstracts,63.357404096100105,64.65609086107253,61.75095317224685,0.0,60.16839209187844,63.04664471949547,2.87825262761703,C4_SENSITIVITY_ONLY
A14_A15_est_70b,estimate,70b,False,49,0.0,62.96854177786141,62.23469685312691,64.00057789986114,pubmed_abstracts_c4,pubmed_abstracts,63.357404096100105,64.65609086107253,62.96854177786141,0.0,62.23469685312691,64.00057789986114,1.7658810467342292,C4_SENSITIVITY_ONLY
A14_A15_est_70b,estimate,70b,False,50,0.0169999999999999,62.93628722732703,62.07054639070592,63.647269256436914,pubmed_abstracts_c4,pubmed_abstracts,63.357404096100105,64.65609086107253,62.95836490233156,0.022077675004531727,62.07054639070592,63.67559810247827,1.6050517117723473,C4_SENSITIVITY_ONLY
A14_A15_est_70b,estimate,70b,False,51,0.1931931931931931,55.2643555814013,54.8284156866012,55.45335761392428,pubmed_abstracts_c4,pubmed_abstracts,63.357404096100105,64.65609086107253,55.51525302448406,0.2508974430827635,54.8284156866012,55.775295274289455,0.9468795876882581,C4_SENSITIVITY_ONLY
A14_A15_est_70b,estimate,70b,False,52,0.1491491491491491,60.356080809761664,57.67451532291773,63.93117403073837,pubmed_abstracts_c4,pubmed_abstracts,63.357404096100105,64.65609086107253,60.549778835768564,0.19369802600689923,57.67451532291773,64.1797165768234,6.505201253905668,C4_SENSITIVITY_ONLY
A14_A15_est_70b,estimate,70b,False,53,0.016016016016016,59.513443280489966,56.09358724082557,64.07966346417332,pubmed_abstracts_c4,pubmed_abstracts,63.357404096100105,64.65609086107253,59.534243068517554,0.020799788027588306,56.09358724082557,64.10635259663883,8.012765355813258,C4_SENSITIVITY_ONLY
A14_A15_est_70b,estimate,70b,False,54,0.0,63.935838049043255,63.66532535323887,64.19617979360754,pubmed_abstracts_c4,pubmed_abstracts,63.357404096100105,64.65609086107253,63.935838049043255,0.0,63.66532535323887,64.19617979360754,0.530854440368671,C4_SENSITIVITY_ONLY
A14_A15_est_70b,estimate,70b,False,55,0.255,60.973093751373824,58.79540963961525,63.78391264744594,pubmed_abstracts_c4,pubmed_abstracts,63.357404096100105,64.65609086107253,61.30425887644179,0.3311651250679688,58.79540963961525,64.20884533806628,5.413435698451032,C4_SENSITIVITY_ONLY
A14_A15_est_70b,estimate,70b,False,56,0.0489021956087824,61.20695965922683,59.988393492064,62.24757576464368,pubmed_abstracts_c4,pubmed_abstracts,63.357404096100105,64.65609086107253,61.27046829344205,0.0635086342152178,59.988393492064,62.32906651584871,2.34067302378471,C4_SENSITIVITY_ONLY
A14_A15_est_70b,estimate,70b,False,57,0.0,63.17617007790169,63.16612981803825,63.18271960719464,pubmed_abstracts_c4,pubmed_abstracts,63.357404096100105,64.65609086107253,63.17617007790169,0.0,63.16612981803825,63.18271960719464,0.016589789156391532,C4_SENSITIVITY_ONLY
A14_A15_est_70b,estimate,70b,False,58,0.0,62.12913637558805,62.12913637558805,62.12913637558805,pubmed_abstracts_c4,pubmed_abstracts,63.357404096100105,64.65609086107253,62.12913637558805,0.0,62.12913637558805,62.12913637558805,0.0,C4_SENSITIVITY_ONLY
A14_A15_est_70b,estimate,70b,False,59,0.0990990990990991,63.47197959596951,61.87338076768469,64.16267580715318,pubmed_abstracts_c4,pubmed_abstracts,63.357404096100105,64.65609086107253,63.6006782843902,0.1286986884206911,61.87338076768469,64.3278148142835,2.454434046598813,C4_SENSITIVITY_ONLY
A14_A15_est_70b,estimate,70b,False,60,0.066,61.80556438727452,61.26936461705358,62.07981068108913,pubmed_abstracts_c4,pubmed_abstracts,63.357404096100105,64.65609086107253,61.891277713762705,0.08571332648818242,61.26936461705358,62.18979325983792,0.9204286427843371,C4_SENSITIVITY_ONLY
A14_A15_est_70b,estimate,70b,False,61,0.2802802802802803,61.48158512167624,59.78541593168792,63.32512939325473,pubmed_abstracts_c4,pubmed_abstracts,63.357404096100105,64.65609086107253,61.845581412159,0.36399629048275983,59.78541593168792,63.79218921140109,4.006773279713165,C4_SENSITIVITY_ONLY
A14_A15_est_70b,estimate,70b,False,62,0.0,61.2277943610364,59.36773985274076,62.54815505627285,pubmed_abstracts_c4,pubmed_abstracts,63.357404096100105,64.65609086107253,61.2277943610364,0.0,59.36773985274076,62.54815505627285,3.1804152035320854,C4_SENSITIVITY_ONLY
A14_A15_est_70b,estimate,70b,False,63,0.546,62.57951735260513,61.05546478062996,63.44170813621536,pubmed_abstracts_c4,pubmed_abstracts,63.357404096100105,64.65609086107253,63.288600326280076,0.7090829736749455,61.05546478062996,64.35156401495539,3.2960992343254247,C4_SENSITIVITY_ONLY
A4_A5_train_1m,train,1m,True,1,0.0,62.5899769188895,62.56713059586314,62.59844995232088,uspto_backgrounds_c4,uspto_backgrounds,60.225468450326034,62.09316382007678,62.5899769188895,0.0,62.56713059586314,62.59844995232088,0.03131935645773609,C4_SENSITIVITY_ONLY
A4_A5_train_1m,train,1m,True,2,0.0,59.07136541233329,58.49481874143344,59.45291474683157,uspto_backgrounds_c4,uspto_backgrounds,60.225468450326034,62.09316382007678,59.07136541233329,0.0,58.49481874143344,59.45291474683157,0.9580960053981258,C4_SENSITIVITY_ONLY
A4_A5_train_1m,train,1m,True,3,0.0,63.95799290631837,63.8308901432108,64.01241165881956,uspto_backgrounds_c4,uspto_backgrounds,60.225468450326034,62.09316382007678,63.95799290631837,0.0,63.8308901432108,64.01241165881956,0.1815215156087575,C4_SENSITIVITY_ONLY
A4_A5_train_1m,train,1m,True,4,0.2367632367632367,57.577216834293225,56.32234151689883,58.76738380675164,uspto_backgrounds_c4,uspto_backgrounds,60.225468450326034,62.09316382007678,58.019418435323125,0.44220160102990036,56.32234151689883,59.16192670572334,2.8395851888245076,C4_SENSITIVITY_ONLY
A4_A5_train_1m,train,1m,True,5,0.0669330669330669,61.0917880650192,60.48983693106821,61.50224490015969,uspto_backgrounds_c4,uspto_backgrounds,60.225468450326034,62.09316382007678,61.216798644213306,0.12501057919410385,60.48983693106821,61.61378234417278,1.1239454131045719,C4_SENSITIVITY_ONLY
A4_A5_train_1m,train,1m,True,6,0.001001001001001,60.584720752410966,59.99101663594656,60.99324588115838,uspto_backgrounds_c4,uspto_backgrounds,60.225468450326034,62.09316382007678,60.58659031734565,0.0018695649346867071,59.99101663594656,60.99491395193748,1.003897315990919,C4_SENSITIVITY_ONLY
A4_A5_train_1m,train,1m,True,7,0.402,62.140626753825245,59.64454726025998,64.16583417005786,uspto_backgrounds_c4,uspto_backgrounds,60.225468450326034,62.09316382007678,62.89144029246505,0.7508135386398038,59.64454726025998,64.83572805880051,5.191180798540529,C4_SENSITIVITY_ONLY
A4_A5_train_1m,train,1m,True,8,0.0,61.33355503550059,59.369968802067135,64.30035131862691,uspto_backgrounds_c4,uspto_backgrounds,60.225468450326034,62.09316382007678,61.33355503550059,0.0,59.369968802067135,64.30035131862691,4.930382516559774,C4_SENSITIVITY_ONLY
A4_A5_train_1m,train,1m,True,9,0.0,63.350634604573074,61.10090692042493,64.32600554446415,uspto_backgrounds_c4,uspto_backgrounds,60.225468450326034,62.09316382007678,63.350634604573074,0.0,61.10090692042493,64.32600554446415,3.2250986240392194,C4_SENSITIVITY_ONLY
A4_A5_train_1m,train,1m,True,10,0.0,61.83845788066242,61.14571324773014,62.13879777890371,uspto_backgrounds_c4,uspto_backgrounds,60.225468450326034,62.09316382007678,61.83845788066242,0.0,61.14571324773014,62.13879777890371,0.9930845311735652,C4_SENSITIVITY_ONLY
A4_A5_train_1m,train,1m,True,11,0.0,59.33406197395692,56.28410747671423,64.1147598981793,uspto_backgrounds_c4,uspto_backgrounds,60.225468450326034,62.09316382007678,59.33406197395692,0.0,56.28410747671423,64.1147598981793,7.830652421465068,C4_SENSITIVITY_ONLY
A4_A5_train_1m,train,1m,True,12,0.0,59.62533670628627,57.17068931376651,62.89446322630519,uspto_backgrounds_c4,uspto_backgrounds,60.225468450326034,62.09316382007678,59.62533670628627,0.0,57.17068931376651,62.89446322630519,5.723773912538682,C4_SENSITIVITY_ONLY
A4_A5_train_1m,train,1m,True,13,0.0,63.48035150628131,61.58623150368282,64.33570995356357,uspto_backgrounds_c4,uspto_backgrounds,60.225468450326034,62.09316382007678,63.48035150628131,0.0,61.58623150368282,64.33570995356357,2.7494784498807476,C4_SENSITIVITY_ONLY
A4_A5_train_1m,train,1m,True,14,0.0209790209790209,61.611452398137374,59.87681102674002,62.54195999906214,uspto_backgrounds_c4,uspto_backgrounds,60.225468450326034,62.09316382007678,61.6506348184818,0.03918242034442443,59.87681102674002,62.57691949643938,2.7001084696993587,C4_SENSITIVITY_ONLY
A4_A5_train_1m,train,1m,True,15,0.0791583166332665,60.63985637368572,59.700206595624095,61.24866569365008,uspto_backgrounds_c4,uspto_backgrounds,60.225468450326034,62.09316382007678,60.78769999513893,0.1478436214532124,59.700206595624095,61.38057532687342,1.6803687312493238,C4_SENSITIVITY_ONLY
A4_A5_train_1m,train,1m,True,16,0.07,61.05976135968973,59.41461245975787,62.18920144094669,uspto_backgrounds_c4,uspto_backgrounds,60.225468450326034,62.09316382007678,61.190500035572285,0.1307386758825544,59.41461245975787,62.30584963052874,2.8912371707708715,C4_SENSITIVITY_ONLY
A4_A5_train_1m,train,1m,True,17,0.056056056056056,62.26359342605269,61.362583720702304,63.48503350555324,uspto_backgrounds_c4,uspto_backgrounds,60.225468450326034,62.09316382007678,62.36828906239507,0.10469563634238455,61.362583720702304,63.57844546918251,2.215861748480208,C4_SENSITIVITY_ONLY
A4_A5_train_1m,train,1m,True,18,0.0,63.10885587615659,62.12932773940608,63.6046909794799,uspto_backgrounds_c4,uspto_backgrounds,60.225468450326034,62.09316382007678,63.10885587615659,0.0,62.12932773940608,63.6046909794799,1.4753632400738184,C4_SENSITIVITY_ONLY
A4_A5_train_1m,train,1m,True,19,0.003003003003003,62.69683978480785,61.73917796499478,63.860108355587975,uspto_backgrounds_c4,uspto_backgrounds,60.225468450326034,62.09316382007678,62.7024484796119,0.005608694804053016,61.73917796499478,63.86511256792526,2.125934602930478,C4_SENSITIVITY_ONLY
A4_A5_train_1m,train,1m,True,20,0.001,62.09218714016537,60.83037461762391,62.67410821822585,uspto_backgrounds_c4,uspto_backgrounds,60.225468450326034,62.09316382007678,62.094054835535125,0.0018676953697536192,60.83037461762391,62.67577462093416,1.8454000033102531,C4_SENSITIVITY_ONLY
A4_A5_train_1m,train,1m,True,21,0.0459540459540459,63.21923853615276,62.7549540865236,63.61147835072133,uspto_backgrounds_c4,uspto_backgrounds,60.225468450326034,62.09316382007678,63.305066695002445,0.08582815884968653,62.7549540865236,63.688056297357186,0.9331022108335887,C4_SENSITIVITY_ONLY
A4_A5_train_1m,train,1m,True,22,0.169,57.13954537422548,55.4877122376181,58.74547385567387,uspto_backgrounds_c4,uspto_backgrounds,60.225468450326034,62.09316382007678,57.455185891713356,0.31564051748787847,55.4877122376181,59.027095913379114,3.539383675761016,C4_SENSITIVITY_ONLY
A4_A5_train_1m,train,1m,True,23,0.245,61.81622170279383,59.262758790573216,63.69037794277657,uspto_backgrounds_c4,uspto_backgrounds,60.225468450326034,62.09316382007678,62.273807068382766,0.45758536558893326,59.262758790573216,64.09864660631376,4.8358878157405485,C4_SENSITIVITY_ONLY
A4_A5_train_1m,train,1m,True,24,0.2652652652652653,59.43683040993596,56.02394220461786,64.14708390046518,uspto_backgrounds_c4,uspto_backgrounds,60.225468450326034,62.09316382007678,59.9322651176276,0.49543470769164344,56.02394220461786,64.58912265692513,8.565180452307267,C4_SENSITIVITY_ONLY
A4_A5_train_1m,train,1m,True,25,0.0,61.01350524992364,59.70699221657228,62.7026108883598,uspto_backgrounds_c4,uspto_backgrounds,60.225468450326034,62.09316382007678,61.01350524992364,0.0,59.70699221657228,62.7026108883598,2.9956186717875184,C4_SENSITIVITY_ONLY
A4_A5_train_1m,train,1m,True,26,0.01001001001001,63.35576542534766,62.07232711102344,63.96129921449919,uspto_backgrounds_c4,uspto_backgrounds,60.225468450326034,62.09316382007678,63.374461074694516,0.01869564934685286,62.07232711102344,63.97797992229013,1.905652811266691,C4_SENSITIVITY_ONLY
A4_A5_train_1m,train,1m,True,27,0.001,60.75543555918576,58.854740132384485,62.592759899480754,uspto_backgrounds_c4,uspto_backgrounds,60.225468450326034,62.09316382007678,60.75730325455552,0.0018676953697536192,58.854740132384485,62.59442630218907,3.7396861698045853,C4_SENSITIVITY_ONLY
A4_A5_train_1m,train,1m,True,28,0.014014014014014,60.62404105271286,58.89668560604888,62.518412838252765,uspto_backgrounds_c4,uspto_backgrounds,60.225468450326034,62.09316382007678,60.650214961798454,0.026173909085592584,58.89668560604888,62.541765829160084,3.645080223111208,C4_SENSITIVITY_ONLY
A4_A5_train_1m,train,1m,True,29,0.6723276723276723,59.033319995173656,56.14953500157945,61.838000930565535,uspto_backgrounds_c4,uspto_backgrounds,60.225468450326034,62.09316382007678,60.289023275735346,1.25570328056169,56.14953500157945,62.95836958460753,6.80883458302808,C4_SENSITIVITY_ONLY
A4_A5_train_1m,train,1m,True,30,0.4215784215784216,57.99532325402376,56.21305857505028,59.74118841039629,uspto_backgrounds_c4,uspto_backgrounds,60.225468450326034,62.09316382007678,58.782703319992606,0.787380065968847,56.21305857505028,60.44370783388176,4.230649258831477,C4_SENSITIVITY_ONLY
A4_A5_train_1m,train,1m,True,31,0.001,59.94234873663173,59.54330816395079,60.1734131484803,uspto_backgrounds_c4,uspto_backgrounds,60.225468450326034,62.09316382007678,59.94421643200148,0.0018676953697536192,59.54330816395079,60.17507955118862,0.6317713872378263,C4_SENSITIVITY_ONLY
A4_A5_train_1m,train,1m,True,32,0.019019019019019,59.40735918368559,56.30075672735322,64.33570995356357,uspto_backgrounds_c4,uspto_backgrounds,60.225468450326034,62.09316382007678,59.44288091744462,0.03552173375902612,56.30075672735322,64.36740329836636,8.066646571013138,C4_SENSITIVITY_ONLY
A4_A5_train_1m,train,1m,True,33,0.0,56.14924942645502,56.14699292927934,56.15022773231248,uspto_backgrounds_c4,uspto_backgrounds,60.225468450326034,62.09316382007678,56.14924942645502,0.0,56.14699292927934,56.15022773231248,0.003234803033137723,C4_SENSITIVITY_ONLY
A4_A5_train_1m,train,1m,True,34,0.0,53.78397506413352,53.12988793398893,54.26559173039828,uspto_backgrounds_c4,uspto_backgrounds,60.225468450326034,62.09316382007678,53.78397506413352,0.0,53.12988793398893,54.26559173039828,1.135703796409345,C4_SENSITIVITY_ONLY
A4_A5_train_1m,train,1m,True,35,0.0,61.68474017899067,61.228606975340966,61.81285083974961,uspto_backgrounds_c4,uspto_backgrounds,60.225468450326034,62.09316382007678,61.68474017899067,0.0,61.228606975340966,61.81285083974961,0.5842438644086414,C4_SENSITIVITY_ONLY
A4_A5_train_1m,train,1m,True,36,0.0,62.86942556143751,62.39385573799926,63.12093362924484,uspto_backgrounds_c4,uspto_backgrounds,60.225468450326034,62.09316382007678,62.86942556143751,0.0,62.39385573799926,63.12093362924484,0.7270778912455782,C4_SENSITIVITY_ONLY
A4_A5_train_1m,train,1m,True,37,0.1923847695390781,61.506153756904496,59.77334223303141,62.737119776639005,uspto_backgrounds_c4,uspto_backgrounds,60.225468450326034,62.09316382007678,61.8654699001832,0.3593161432787042,59.77334223303141,63.0577102776375,3.28436804460609,C4_SENSITIVITY_ONLY
A4_A5_train_1m,train,1m,True,38,0.2532532532532532,62.98920461198908,61.52949988209613,64.33144553592089,uspto_backgrounds_c4,uspto_backgrounds,60.225468450326034,62.09316382007678,63.4622045404645,0.47299992847541716,61.52949988209613,64.75346744303171,3.223967560935577,C4_SENSITIVITY_ONLY
A4_A5_train_1m,train,1m,True,39,0.024,61.279434204947314,60.820719870513344,61.68767026711922,uspto_backgrounds_c4,uspto_backgrounds,60.225468450326034,62.09316382007678,61.32425889382133,0.044824688874015806,60.820719870513344,61.72766393211879,0.9069440616054436,C4_SENSITIVITY_ONLY
A4_A5_train_1m,train,1m,True,40,0.0,61.31411564364491,58.883301960078285,64.189691632636,uspto_backgrounds_c4,uspto_backgrounds,60.225468450326034,62.09316382007678,61.31411564364491,0.0,58.883301960078285,64.189691632636,5.306389672557714,C4_SENSITIVITY_ONLY
A4_A5_train_1m,train,1m,True,41,0.008,53.68345056911369,53.39960227973745,53.84003833082601,uspto_backgrounds_c4,uspto_backgrounds,60.225468450326034,62.09316382007678,53.698392132071696,0.014941562958007637,53.39960227973745,53.85336955249253,0.4537672727550799,C4_SENSITIVITY_ONLY
A4_A5_train_1m,train,1m,True,42,0.1838161838161837,57.61329385546286,55.924176261634464,58.98035807384598,uspto_backgrounds_c4,uspto_backgrounds,60.225468450326034,62.09316382007678,57.956606490861596,0.343312635398739,55.924176261634464,59.2866698603894,3.362493598754938,C4_SENSITIVITY_ONLY
A4_A5_train_1m,train,1m,True,43,0.0149850149850149,61.33077858394175,60.90311152448663,61.540140827558766,uspto_backgrounds_c4,uspto_backgrounds,60.225468450326034,62.09316382007678,61.35876602704491,0.02798744310315726,60.90311152448663,61.56511189711394,0.662000372627304,C4_SENSITIVITY_ONLY
A4_A5_train_1m,train,1m,True,44,0.0,61.496543495719166,59.41518996456877,63.13483402166377,uspto_backgrounds_c4,uspto_backgrounds,60.225468450326034,62.09316382007678,61.496543495719166,0.0,59.41518996456877,63.13483402166377,3.719644057095003,C4_SENSITIVITY_ONLY
A4_A5_train_1m,train,1m,True,45,0.0,63.62109913001988,63.49217832347737,63.76599505618487,uspto_backgrounds_c4,uspto_backgrounds,60.225468450326034,62.09316382007678,63.62109913001988,0.0,63.49217832347737,63.76599505618487,0.27381673270750184,C4_SENSITIVITY_ONLY
A4_A5_train_1m,train,1m,True,46,0.0,61.77273999632626,60.65646154121735,62.38710247612599,uspto_backgrounds_c4,uspto_backgrounds,60.225468450326034,62.09316382007678,61.77273999632626,0.0,60.65646154121735,62.38710247612599,1.7306409349086422,C4_SENSITIVITY_ONLY
A4_A5_train_1m,train,1m,True,47,0.3776223776223776,60.90818406340212,59.16671748991552,62.56567597662198,uspto_backgrounds_c4,uspto_backgrounds,60.225468450326034,62.09316382007678,61.6134676296017,0.7052835661995829,59.16671748991552,63.19494692941228,4.028229439496762,C4_SENSITIVITY_ONLY
A4_A5_train_1m,train,1m,True,48,0.266,61.75095317224685,60.16839209187844,63.04664471949547,uspto_backgrounds_c4,uspto_backgrounds,60.225468450326034,62.09316382007678,62.247760140600555,0.4968069683537024,60.16839209187844,63.489907839907275,3.321515748028837,C4_SENSITIVITY_ONLY
A4_A5_train_1m,train,1m,True,49,0.044,62.96854177786141,62.23469685312691,64.00057789986114,uspto_backgrounds_c4,uspto_backgrounds,60.225468450326034,62.09316382007678,63.05072037413044,0.08217859626903135,62.23469685312691,64.073899619027,1.8392027659000902,C4_SENSITIVITY_ONLY
A4_A5_train_1m,train,1m,True,50,0.0779999999999999,62.93628722732703,62.07054639070592,63.647269256436914,uspto_backgrounds_c4,uspto_backgrounds,60.225468450326034,62.09316382007678,63.08196746616758,0.14568023884055492,62.07054639070592,63.77724866768549,1.7067022769795699,C4_SENSITIVITY_ONLY
A4_A5_train_1m,train,1m,True,51,0.0,55.2643555814013,54.8284156866012,55.45335761392428,uspto_backgrounds_c4,uspto_backgrounds,60.225468450326034,62.09316382007678,55.2643555814013,0.0,54.8284156866012,55.45335761392428,0.6249419273230856,C4_SENSITIVITY_ONLY
A4_A5_train_1m,train,1m,True,52,0.1051051051051051,60.356080809761664,57.67451532291773,63.93117403073837,uspto_backgrounds_c4,uspto_backgrounds,60.225468450326034,62.09316382007678,60.552385127903634,0.19630431814196925,57.67451532291773,64.10632146254325,6.431806139625522,C4_SENSITIVITY_ONLY
A4_A5_train_1m,train,1m,True,53,0.2832832832832832,59.513443280489966,56.09358724082557,64.07966346417332,uspto_backgrounds_c4,uspto_backgrounds,60.225468450326034,62.09316382007678,60.04253015700594,0.5290868765159757,56.09358724082557,64.55172749465697,8.458140253831402,C4_SENSITIVITY_ONLY
A4_A5_train_1m,train,1m,True,54,0.0629370629370629,63.935838049043255,63.66532535323887,64.19617979360754,uspto_backgrounds_c4,uspto_backgrounds,60.225468450326034,62.09316382007678,64.05338531007652,0.11754726103326618,63.66532535323887,64.30105828573926,0.6357329325003889,C4_SENSITIVITY_ONLY
A4_A5_train_1m,train,1m,True,55,0.0,60.973093751373824,58.79540963961525,63.78391264744594,uspto_backgrounds_c4,uspto_backgrounds,60.225468450326034,62.09316382007678,60.973093751373824,0.0,58.79540963961525,63.78391264744594,4.988503007830687,C4_SENSITIVITY_ONLY
A4_A5_train_1m,train,1m,True,56,0.1906187624750498,61.20695965922683,59.988393492064,62.24757576464368,uspto_backgrounds_c4,uspto_backgrounds,60.225468450326034,62.09316382007678,61.5629774392891,0.3560177800622668,59.988393492064,62.56522338668777,2.5768298946237707,C4_SENSITIVITY_ONLY
A4_A5_train_1m,train,1m,True,57,0.0,63.17617007790169,63.16612981803825,63.18271960719464,uspto_backgrounds_c4,uspto_backgrounds,60.225468450326034,62.09316382007678,63.17617007790169,0.0,63.16612981803825,63.18271960719464,0.016589789156391532,C4_SENSITIVITY_ONLY
A4_A5_train_1m,train,1m,True,58,0.0,62.12913637558805,62.12913637558805,62.12913637558805,uspto_backgrounds_c4,uspto_backgrounds,60.225468450326034,62.09316382007678,62.12913637558805,0.0,62.12913637558805,62.12913637558805,0.0,C4_SENSITIVITY_ONLY
A4_A5_train_1m,train,1m,True,59,0.0,63.47197959596951,61.87338076768469,64.16267580715318,uspto_backgrounds_c4,uspto_backgrounds,60.225468450326034,62.09316382007678,63.47197959596951,0.0,61.87338076768469,64.16267580715318,2.2892950394684917,C4_SENSITIVITY_ONLY
A4_A5_train_1m,train,1m,True,60,0.0,61.80556438727452,61.26936461705358,62.07981068108913,uspto_backgrounds_c4,uspto_backgrounds,60.225468450326034,62.09316382007678,61.80556438727452,0.0,61.26936461705358,62.07981068108913,0.8104460640355455,C4_SENSITIVITY_ONLY
A4_A5_train_1m,train,1m,True,61,0.0,61.48158512167624,59.78541593168792,63.32512939325473,uspto_backgrounds_c4,uspto_backgrounds,60.225468450326034,62.09316382007678,61.48158512167624,0.0,59.78541593168792,63.32512939325473,3.539713461566805,C4_SENSITIVITY_ONLY
A4_A5_train_1m,train,1m,True,62,0.184,61.2277943610364,59.36773985274076,62.54815505627285,uspto_backgrounds_c4,uspto_backgrounds,60.225468450326034,62.09316382007678,61.57145030907054,0.3436559480341401,59.36773985274076,62.85477315460282,3.4870333018620556,C4_SENSITIVITY_ONLY
A4_A5_train_1m,train,1m,True,63,0.029,62.57951735260513,61.05546478062996,63.44170813621536,uspto_backgrounds_c4,uspto_backgrounds,60.225468450326034,62.09316382007678,62.6336805183279,0.05416316572276969,61.05546478062996,63.4900338147565,2.4345690341265396,C4_SENSITIVITY_ONLY
A4_A5_train_1m,train,1m,True,64,0.0119880119880119,63.15011537529491,62.28423236898092,63.5966572034336,uspto_backgrounds_c4,uspto_backgrounds,60.225468450326034,62.09316382007678,63.17250532977744,0.02238995448252723,62.28423236898092,63.61663405907774,1.332401690096816,C4_SENSITIVITY_ONLY
A4_A5_train_1m,train,1m,True,65,0.01,63.52697450053651,63.373571393843264,63.72424306339328,uspto_backgrounds_c4,uspto_backgrounds,60.225468450326034,62.09316382007678,63.54565145423402,0.01867695369750777,63.373571393843264,63.74090709047643,0.36733569663316956,C4_SENSITIVITY_ONLY
A4_A5_train_1m,train,1m,True,66,0.1898101898101898,63.06151663621826,61.68975521244023,64.15546689181042,uspto_backgrounds_c4,uspto_backgrounds,60.225468450326034,62.09316382007678,63.41602424885826,0.3545076126399991,61.68975521244023,64.47176710617592,2.7820118937356852,C4_SENSITIVITY_ONLY
A4_A5_train_1m,train,1m,True,67,0.2287712287712287,59.85553608951519,58.46281834058299,61.28667185946824,uspto_backgrounds_c4,uspto_backgrounds,60.225468450326034,62.09316382007678,60.2828110542234,0.4272749647082108,58.46281834058299,61.66789685467718,3.2050785140941898,C4_SENSITIVITY_ONLY
A4_A5_train_1m,train,1m,True,68,0.0,62.52852877158109,61.80228553131769,62.78036526237992,uspto_backgrounds_c4,uspto_backgrounds,60.225468450326034,62.09316382007678,62.52852877158109,0.0,61.80228553131769,62.78036526237992,0.9780797310622233,C4_SENSITIVITY_ONLY
A4_A5_train_1m,train,1m,True,69,0.0,64.09172655393992,63.74949729636999,64.33428990248855,uspto_backgrounds_c4,uspto_backgrounds,60.225468450326034,62.09316382007678,64.09172655393992,0.0,63.74949729636999,64.33428990248855,0.5847926061185618,C4_SENSITIVITY_ONLY
A4_A5_train_1m,train,1m,True,70,0.0,63.34317743826378,61.10414172345806,64.33570995356357,uspto_backgrounds_c4,uspto_backgrounds,60.225468450326034,62.09316382007678,63.34317743826378,0.0,61.10414172345806,64.33570995356357,3.231568230105502,C4_SENSITIVITY_ONLY
A4_A5_train_1m,train,1m,True,71,0.267,56.52684703937477,54.90364520953321,57.98245264438796,uspto_backgrounds_c4,uspto_backgrounds,60.225468450326034,62.09316382007678,57.02552170309822,0.49867466372344893,54.90364520953321,58.427382167508085,3.523736957974876,C4_SENSITIVITY_ONLY
A4_A5_train_1m,train,1m,True,72,0.01,60.45087521298373,58.93882689152532,61.2344912623008,uspto_backgrounds_c4,uspto_backgrounds,60.225468450326034,62.09316382007678,60.46955216668124,0.01867695369750777,58.93882689152532,61.25115528938395,2.3123283978586286,C4_SENSITIVITY_ONLY
A4_A5_train_1m,train,1m,True,73,0.0019980019980019,60.18698733053559,58.26310756591922,62.34077532376334,uspto_backgrounds_c4,uspto_backgrounds,60.225468450326034,62.09316382007678,60.19071898961601,0.0037316590804223893,58.26310756591922,62.34410479970403,4.080997233784807,C4_SENSITIVITY_ONLY
A4_A5_train_1m,train,1m,True,74,0.0,63.23001963503725,63.13247227004087,63.26870763473006,uspto_backgrounds_c4,uspto_backgrounds,60.225468450326034,62.09316382007678,63.23001963503725,0.0,63.13247227004087,63.26870763473006,0.13623536468919184,C4_SENSITIVITY_ONLY
A4_A5_train_1m,train,1m,True,75,0.117,59.59491271212727,57.42069273641875,62.130116143574575,uspto_backgrounds_c4,uspto_backgrounds,60.225468450326034,62.09316382007678,59.81343307038811,0.2185203582608395,57.42069273641875,62.32508526044744,4.904392524028687,C4_SENSITIVITY_ONLY
A4_A5_train_1m,train,1m,True,76,0.001001001001001,61.90842084244496,60.62041321802656,63.87519596118487,uspto_backgrounds_c4,uspto_backgrounds,60.225468450326034,62.09316382007678,61.91029040737965,0.0018695649346867071,60.62041321802656,63.87686403196397,3.2564508139374055,C4_SENSITIVITY_ONLY
A4_A5_train_1m,train,1m,True,77,0.038,61.63885006357113,59.12422906723224,64.14711538005903,uspto_backgrounds_c4,uspto_backgrounds,60.225468450326034,62.09316382007678,61.70982248762166,0.07097242405053095,59.12422906723224,64.21043868297501,5.086209615742767,C4_SENSITIVITY_ONLY
A4_A5_train_1m,train,1m,True,78,0.001,61.68143128851822,60.19680302901612,63.83271943989904,uspto_backgrounds_c4,uspto_backgrounds,60.225468450326034,62.09316382007678,61.68329898388797,0.0018676953697536192,60.19680302901612,63.834385842607354,3.637582813591237,C4_SENSITIVITY_ONLY
A4_A5_train_1m,train,1m,True,79,0.0,63.26827361575271,62.92808053299776,63.51964959332253,uspto_backgrounds_c4,uspto_backgrounds,60.225468450326034,62.09316382007678,63.26827361575271,0.0,62.92808053299776,63.51964959332253,0.5915690603247654,C4_SENSITIVITY_ONLY
A4_A5_train_1m,train,1m,True,80,0.004,60.5532361433906,59.9724275160909,60.87648783243746,uspto_backgrounds_c4,uspto_backgrounds,60.225468450326034,62.09316382007678,60.5607069248696,0.007470781479000266,59.9724275160909,60.88315344327072,0.9107259271798185,C4_SENSITIVITY_ONLY
A4_A5_train_1m,train,1m,True,81,0.187,60.269906560796095,57.82340299599946,63.51507066020426,uspto_backgrounds_c4,uspto_backgrounds,60.225468450326034,62.09316382007678,60.61916559493948,0.34925903414338677,57.82340299599946,63.82668796665917,6.003284970659713,C4_SENSITIVITY_ONLY
A4_A5_train_1m,train,1m,True,82,0.286,61.06636984621087,59.66981814517983,62.37448024377274,uspto_backgrounds_c4,uspto_backgrounds,60.225468450326034,62.09316382007678,61.60053072195958,0.5341608757487109,59.66981814517983,62.85107141835084,3.1812532731710093,C4_SENSITIVITY_ONLY
A4_A5_train_1m,train,1m,True,83,0.0,61.3995330926767,61.38287812677995,61.412020496447866,uspto_backgrounds_c4,uspto_backgrounds,60.225468450326034,62.09316382007678,61.3995330926767,0.0,61.38287812677995,61.412020496447866,0.029142369667916057,C4_SENSITIVITY_ONLY
A4_A5_train_1m,train,1m,True,84,0.0,62.82257597783308,62.31632370449055,63.08835790432402,uspto_backgrounds_c4,uspto_backgrounds,60.225468450326034,62.09316382007678,62.82257597783308,0.0,62.31632370449055,63.08835790432402,0.7720341998334703,C4_SENSITIVITY_ONLY
A4_A5_train_1m,train,1m,True,85,0.0009990009990009,54.53763082025139,53.84227875849193,54.85939406267602,uspto_backgrounds_c4,uspto_backgrounds,60.225468450326034,62.09316382007678,54.539496649791595,0.001865829540207642,53.84227875849193,54.86105880064636,1.0187800421544324,C4_SENSITIVITY_ONLY
A4_A5_train_1m,train,1m,True,86,0.6793587174348698,59.041754499852985,55.8783200293734,62.063542891118,uspto_backgrounds_c4,uspto_backgrounds,60.225468450326034,62.09316382007678,60.3105896308059,1.2688351309529153,55.8783200293734,63.19562809776891,7.317308068395512,C4_SENSITIVITY_ONLY
A4_A5_train_1m,train,1m,True,87,0.0009990009990009,60.49919230436824,59.6154045967514,61.03129981876867,uspto_backgrounds_c4,uspto_backgrounds,60.225468450326034,62.09316382007678,60.50105813390845,0.001865829540207642,59.6154045967514,61.03296455673902,1.4175599599876207,C4_SENSITIVITY_ONLY
A4_A5_train_1m,train,1m,True,88,0.0,62.6164108978097,61.99347233750154,63.4533756278728,uspto_backgrounds_c4,uspto_backgrounds,60.225468450326034,62.09316382007678,62.6164108978097,0.0,61.99347233750154,63.4533756278728,1.4599032903712654,C4_SENSITIVITY_ONLY
A4_A5_train_1m,train,1m,True,89,0.1971971971971972,60.04851587360727,58.410778633696566,61.9822788438838,uspto_backgrounds_c4,uspto_backgrounds,60.225468450326034,62.09316382007678,60.416820165740305,0.3683042921330326,58.410778633696566,62.31088878736534,3.900110153668777,C4_SENSITIVITY_ONLY
A4_A5_train_1m,train,1m,True,90,0.001001001001001,62.36628625452937,62.15565912522413,62.60976210274515,uspto_backgrounds_c4,uspto_backgrounds,60.225468450326034,62.09316382007678,62.36815581946406,0.0018695649346867071,62.15565912522413,62.61143017352425,0.4557710483001145,C4_SENSITIVITY_ONLY
A4_A5_train_1m,train,1m,True,91,0.0,62.121205157276194,60.86902149644442,62.74384727841365,uspto_backgrounds_c4,uspto_backgrounds,60.225468450326034,62.09316382007678,62.121205157276194,0.0,60.86902149644442,62.74384727841365,1.8748257819692284,C4_SENSITIVITY_ONLY
A4_A5_train_1m,train,1m,True,92,0.0850850850850851,58.973381637864605,57.24688322733956,60.17733747210534,uspto_backgrounds_c4,uspto_backgrounds,60.225468450326034,62.09316382007678,59.13229465731287,0.15891301944826353,57.24688322733956,60.319123488328344,3.072240260988785,C4_SENSITIVITY_ONLY
A4_A5_train_1m,train,1m,True,93,0.1901901901901901,56.110284154891005,54.40181399825443,58.32214144588423,uspto_backgrounds_c4,uspto_backgrounds,60.225468450326034,62.09316382007678,56.46550149248124,0.3552173375902328,54.40181399825443,58.63907489391212,4.237260895657684,C4_SENSITIVITY_ONLY
A4_A5_train_1m,train,1m,True,94,0.004,56.533655692573696,55.73111426220196,56.9123781557314,uspto_backgrounds_c4,uspto_backgrounds,60.225468450326034,62.09316382007678,56.541126474052696,0.007470781479000266,55.73111426220196,56.91904376656466,1.1879295043626996,C4_SENSITIVITY_ONLY
A4_A5_train_1m,train,1m,True,95,0.1851851851851851,60.67650190637408,59.45623663471214,61.959686028046285,uspto_backgrounds_c4,uspto_backgrounds,60.225468450326034,62.09316382007678,61.022371419290884,0.34586951291680634,59.45623663471214,62.268279122178704,2.812042487466563,C4_SENSITIVITY_ONLY
A4_A5_train_1m,train,1m,True,96,0.067067067067067,62.22594337326871,61.33019361696584,62.7710493954669,uspto_backgrounds_c4,uspto_backgrounds,60.225468450326034,62.09316382007678,62.35120422389264,0.1252608506239241,61.33019361696584,62.88281013766621,1.5526165207003686,C4_SENSITIVITY_ONLY
A4_A5_train_1m,train,1m,True,97,0.0,62.39521268344426,61.39053477655389,63.09159317462351,uspto_backgrounds_c4,uspto_backgrounds,60.225468450326034,62.09316382007678,62.39521268344426,0.0,61.39053477655389,63.09159317462351,1.7010583980696197,C4_SENSITIVITY_ONLY
A4_A5_train_1m,train,1m,True,98,0.2127872127872127,61.19314082426284,60.12629244008012,62.22283296147302,uspto_backgrounds_c4,uspto_backgrounds,60.225468450326034,62.09316382007678,61.59056251632769,0.3974216920648459,60.12629244008012,62.57742214915644,2.4511297090763193,C4_SENSITIVITY_ONLY
A4_A5_train_1m,train,1m,True,99,0.0859140859140858,61.46256354364893,60.87533671360598,61.91692842022138,uspto_backgrounds_c4,uspto_backgrounds,60.225468450326034,62.09316382007678,61.62302488410704,0.1604613404581059,60.87533671360598,62.060095885671025,1.1847591720650428,C4_SENSITIVITY_ONLY
A4_A5_train_1m,train,1m,True,100,0.1441441441441441,61.27991055723218,60.38560024342749,62.0174164359185,uspto_backgrounds_c4,uspto_backgrounds,60.225468450326034,62.09316382007678,61.54912790782688,0.2692173505947011,60.38560024342749,62.257618628108055,1.8720183846805654,C4_SENSITIVITY_ONLY
A4_A5_train_1m,train,1m,True,101,0.0179820179820179,63.05743639362379,61.4124752427639,64.29791580017684,uspto_backgrounds_c4,uspto_backgrounds,60.225468450326034,62.09316382007678,63.091021325347576,0.03358493172378729,61.4124752427639,64.32788108364305,2.9154058408791528,C4_SENSITIVITY_ONLY
A4_A5_train_1m,train,1m,True,102,0.351,60.516715735793625,58.28505327658034,62.53964080777397,uspto_backgrounds_c4,uspto_backgrounds,60.225468450326034,62.09316382007678,61.172276810576136,0.6555610747825114,58.28505327658034,63.12454815839256,4.8394948818122145,C4_SENSITIVITY_ONLY
A4_A5_train_1m,train,1m,True,103,0.0,63.263572085741785,61.12807385592117,64.20129831597596,uspto_backgrounds_c4,uspto_backgrounds,60.225468450326034,62.09316382007678,63.263572085741785,0.0,61.12807385592117,64.20129831597596,3.0732244600547887,C4_SENSITIVITY_ONLY
A4_A5_train_1m,train,1m,True,104,0.0,57.93775820904112,57.86171933984805,57.99931052235926,uspto_backgrounds_c4,uspto_backgrounds,60.225468450326034,62.09316382007678,57.93775820904112,0.0,57.86171933984805,57.99931052235926,0.1375911825112084,C4_SENSITIVITY_ONLY
A4_A5_train_1m,train,1m,True,105,0.0029970029970029,61.34253794029104,59.77079473449617,62.94181191057508,uspto_backgrounds_c4,uspto_backgrounds,60.225468450326034,62.09316382007678,61.34813542891167,0.005597488620630031,59.77079473449617,62.946806124486116,3.176011389989945,C4_SENSITIVITY_ONLY
A4_A5_train_1m,train,1m,True,106,0.0,61.45493511142293,59.923821236007946,62.79561677663608,uspto_backgrounds_c4,uspto_backgrounds,60.225468450326034,62.09316382007678,61.45493511142293,0.0,59.923821236007946,62.79561677663608,2.871795540628135,C4_SENSITIVITY_ONLY
A4_A5_train_1m,train,1m,True,107,0.0149850149850149,61.73332137089404,60.30097700938294,62.47265629708748,uspto_backgrounds_c4,uspto_backgrounds,60.225468450326034,62.09316382007678,61.761308813997196,0.02798744310315726,60.30097700938294,62.497627366642654,2.1966503572597134,C4_SENSITIVITY_ONLY
A4_A5_train_1m,train,1m,True,108,0.2087912087912087,63.17807036084173,62.18192841336702,64.11532309645406,uspto_backgrounds_c4,uspto_backgrounds,60.225468450326034,62.09316382007678,63.56802873474573,0.3899583739040011,62.18192841336702,64.4632533322561,2.2813249188890836,C4_SENSITIVITY_ONLY
A4_A5_train_1m,train,1m,True,109,0.0,60.306806135000265,58.325681833196334,63.23031640187783,uspto_backgrounds_c4,uspto_backgrounds,60.225468450326034,62.09316382007678,60.306806135000265,0.0,58.325681833196334,63.23031640187783,4.9046345686814945,C4_SENSITIVITY_ONLY
A4_A5_train_1m,train,1m,True,110,0.002,62.10816200724136,59.72439493990247,64.32529624568015,uspto_backgrounds_c4,uspto_backgrounds,60.225468450326034,62.09316382007678,62.11189739798086,0.003735390739500133,59.72439493990247,64.32862905109678,4.604234111194316,C4_SENSITIVITY_ONLY
A4_A5_train_1m,train,1m,True,111,0.0,55.1834529144771,54.72530451970694,55.37883626431199,uspto_backgrounds_c4,uspto_backgrounds,60.225468450326034,62.09316382007678,55.1834529144771,0.0,54.72530451970694,55.37883626431199,0.6535317446050541,C4_SENSITIVITY_ONLY
A4_A5_train_1m,train,1m,True,112,0.6196196196196196,61.64444201672539,58.97839529705637,64.23873199759197,uspto_backgrounds_c4,uspto_backgrounds,60.225468450326034,62.09316382007678,62.801702711295675,1.157260694570283,58.97839529705637,65.27126780985125,6.2928725127948795,C4_SENSITIVITY_ONLY
A4_A5_train_1m,train,1m,True,113,0.0,61.41350158325436,61.35424631385053,61.456254662997225,uspto_backgrounds_c4,uspto_backgrounds,60.225468450326034,62.09316382007678,61.41350158325436,0.0,61.35424631385053,61.456254662997225,0.10200834914669343,C4_SENSITIVITY_ONLY
A4_A5_train_1m,train,1m,True,114,0.0,55.36106453438232,54.82211543839595,55.61617281285714,uspto_backgrounds_c4,uspto_backgrounds,60.225468450326034,62.09316382007678,55.36106453438232,0.0,54.82211543839595,55.61617281285714,0.7940573744611896,C4_SENSITIVITY_ONLY
A4_A5_train_1m,train,1m,True,115,0.0,60.7409317144098,59.27106785118539,62.63903268451381,uspto_backgrounds_c4,uspto_backgrounds,60.225468450326034,62.09316382007678,60.7409317144098,0.0,59.27106785118539,62.63903268451381,3.367964833328415,C4_SENSITIVITY_ONLY
A4_A5_train_1m,train,1m,True,116,0.0,52.73500024665137,52.56022836211231,52.80774635340515,uspto_backgrounds_c4,uspto_backgrounds,60.225468450326034,62.09316382007678,52.73500024665137,0.0,52.56022836211231,52.80774635340515,0.24751799129283825,C4_SENSITIVITY_ONLY
A4_A5_train_1m,train,1m,True,117,0.011,60.14866318690353,57.81264534836957,63.79331516792056,uspto_backgrounds_c4,uspto_backgrounds,60.225468450326034,62.09316382007678,60.169207835970795,0.02054464906726139,57.81264534836957,63.81164559771203,5.999000249342458,C4_SENSITIVITY_ONLY
A4_A5_train_1m,train,1m,True,118,0.0,60.38334886630643,60.03889683641553,60.54827488596592,uspto_backgrounds_c4,uspto_backgrounds,60.225468450326034,62.09316382007678,60.38334886630643,0.0,60.03889683641553,60.54827488596592,0.509378049550385,C4_SENSITIVITY_ONLY
A4_A5_train_1m,train,1m,True,119,0.0,60.65458418851989,59.19278174724808,62.96982149856988,uspto_backgrounds_c4,uspto_backgrounds,60.225468450326034,62.09316382007678,60.65458418851989,0.0,59.19278174724808,62.96982149856988,3.7770397513218015,C4_SENSITIVITY_ONLY
A4_A5_train_1m,train,1m,True,120,0.002,52.7381936031355,52.59288542729317,52.83861082175801,uspto_backgrounds_c4,uspto_backgrounds,60.225468450326034,62.09316382007678,52.741928993875,0.003735390739500133,52.59288542729317,52.84194362717464,0.2490581998814747,C4_SENSITIVITY_ONLY
A4_A5_train_1m,train,1m,True,121,0.0089910089910089,60.31984087755183,59.11985359279888,61.97628399237235,uspto_backgrounds_c4,uspto_backgrounds,60.225468450326034,62.09316382007678,60.33663334341373,0.0167924658618972,59.11985359279888,61.99126663410546,2.8714130413065746,C4_SENSITIVITY_ONLY
A4_A5_train_1m,train,1m,True,122,0.1059999999999999,58.57854327460089,57.869118882462,59.25025077419543,uspto_backgrounds_c4,uspto_backgrounds,60.225468450326034,62.09316382007678,58.77651898379447,0.1979757091935781,57.869118882462,59.42688946127682,1.557770578814825,C4_SENSITIVITY_ONLY
A4_A5_train_1m,train,1m,True,123,0.0009990009990009,62.242219783360426,60.89839313009959,63.11809829681371,uspto_backgrounds_c4,uspto_backgrounds,60.225468450326034,62.09316382007678,62.24408561290063,0.001865829540207642,60.89839313009959,63.11976303478406,2.2213699046844653,C4_SENSITIVITY_ONLY
A4_A5_train_1m,train,1m,True,124,0.0009990009990009,63.50910101460087,63.34289861961467,63.628468679523415,uspto_backgrounds_c4,uspto_backgrounds,60.225468450326034,62.09316382007678,63.51096684414108,0.001865829540207642,63.34289861961467,63.63013341749376,0.287234797879087,C4_SENSITIVITY_ONLY
A4_A5_train_1m,train,1m,True,125,0.002002002002002,62.62212795827546,60.57984601963604,63.50801660783985,uspto_backgrounds_c4,uspto_backgrounds,60.225468450326034,62.09316382007678,62.62586708814484,0.0037391298693734143,60.57984601963604,63.511352749398036,2.931506729761999,C4_SENSITIVITY_ONLY
A4_A5_train_1m,train,1m,True,126,0.27,62.62519603926705,61.30946399427316,63.86371567714088,uspto_backgrounds_c4,uspto_backgrounds,60.225468450326034,62.09316382007678,63.129473789099755,0.5042777498327027,61.30946399427316,64.31364440838595,3.0041804141127955,C4_SENSITIVITY_ONLY
A4_A5_train_1m,train,1m,True,127,0.018018018018018,53.88124867155049,53.56638449550707,54.06715537810082,uspto_backgrounds_c4,uspto_backgrounds,60.225468450326034,62.09316382007678,53.91490084037483,0.03365216882433941,53.56638449550707,54.097180652124514,0.5307961566174413,C4_SENSITIVITY_ONLY
A4_A5_train_1m,train,1m,True,128,0.443,61.80153107972831,59.351254004808,64.0434773608765,uspto_backgrounds_c4,uspto_backgrounds,60.225468450326034,62.09316382007678,62.628920128527895,0.8273890487995814,59.351254004808,64.78169376066006,5.430439755852063,C4_SENSITIVITY_ONLY
A4_A5_train_1m,train,1m,True,129,0.0,61.9165932495937,61.15249145299902,62.36250830468416,uspto_backgrounds_c4,uspto_backgrounds,60.225468450326034,62.09316382007678,61.9165932495937,0.0,61.15249145299902,62.36250830468416,1.2100168516851397,C4_SENSITIVITY_ONLY
A4_A5_train_1m,train,1m,True,130,0.0,60.508825707632425,60.41412068080812,60.59221293988983,uspto_backgrounds_c4,uspto_backgrounds,60.225468450326034,62.09316382007678,60.508825707632425,0.0,60.41412068080812,60.59221293988983,0.17809225908171555,C4_SENSITIVITY_ONLY
A4_A5_train_1m,train,1m,True,131,0.1521521521521521,62.87769561826572,60.32974101569593,64.33570995356357,uspto_backgrounds_c4,uspto_backgrounds,60.225468450326034,62.09316382007678,63.161869488337906,0.28417387007218764,60.32974101569593,64.58925671198588,4.259515696289952,C4_SENSITIVITY_ONLY
A4_A5_train_1m,train,1m,True,132,0.0,60.74489599635116,59.33887221153948,62.53198658731946,uspto_backgrounds_c4,uspto_backgrounds,60.225468450326034,62.09316382007678,60.74489599635116,0.0,59.33887221153948,62.53198658731946,3.1931143757799774,C4_SENSITIVITY_ONLY
A4_A5_train_1m,train,1m,True,133,0.6232464929859719,61.14270216627013,57.93175748049527,63.999199026238,uspto_backgrounds_c4,uspto_backgrounds,60.225468450326034,62.09316382007678,62.30673675543343,1.1640345891632933,57.93175748049527,65.0377786700977,7.106021189602423,C4_SENSITIVITY_ONLY
A4_A5_train_1m,train,1m,True,134,0.002,62.09568810458024,60.35852183111883,63.01287873679726,uspto_backgrounds_c4,uspto_backgrounds,60.225468450326034,62.09316382007678,62.09942349531974,0.003735390739500133,60.35852183111883,63.016211542213895,2.657689711095067,C4_SENSITIVITY_ONLY
A4_A5_train_1m,train,1m,True,135,0.0,62.9214630128317,62.25686916837422,63.29215889829504,uspto_backgrounds_c4,uspto_backgrounds,60.225468450326034,62.09316382007678,62.9214630128317,0.0,62.25686916837422,63.29215889829504,1.0352897299208195,C4_SENSITIVITY_ONLY
A4_A5_train_1m,train,1m,True,136,0.002002002002002,60.85468816542876,59.63710321354278,61.50796638635561,uspto_backgrounds_c4,uspto_backgrounds,60.225468450326034,62.09316382007678,60.858427295298135,0.0037391298693734143,59.63710321354278,61.5113025279138,1.874199314371019,C4_SENSITIVITY_ONLY
A4_A5_train_1m,train,1m,True,137,0.0019980019980019,62.660535469012366,62.21626515211192,63.00838630029248,uspto_backgrounds_c4,uspto_backgrounds,60.225468450326034,62.09316382007678,62.66426712809279,0.0037316590804223893,62.21626515211192,63.01171577623317,0.7954506241212442,C4_SENSITIVITY_ONLY
A4_A5_train_1m,train,1m,True,138,0.0,54.5260352227115,54.41607858907864,54.58008468792191,uspto_backgrounds_c4,uspto_backgrounds,60.225468450326034,62.09316382007678,54.5260352227115,0.0,54.41607858907864,54.58008468792191,0.16400609884327366,C4_SENSITIVITY_ONLY
A4_A5_train_1m,train,1m,True,139,0.0,61.11753276275533,60.09452118738336,62.10397868774248,uspto_backgrounds_c4,uspto_backgrounds,60.225468450326034,62.09316382007678,61.11753276275533,0.0,60.09452118738336,62.10397868774248,2.009457500359126,C4_SENSITIVITY_ONLY
A4_A5_train_1m,train,1m,True,140,0.0019980019980019,62.04100859213905,60.54552980785288,62.732414712876015,uspto_backgrounds_c4,uspto_backgrounds,60.225468450326034,62.09316382007678,62.04474025121947,0.0037316590804223893,60.54552980785288,62.7357441888167,2.1902143809638233,C4_SENSITIVITY_ONLY
A4_A5_train_1m,train,1m,True,141,0.557,60.52716220859045,57.40967666849584,63.248377811344,uspto_backgrounds_c4,uspto_backgrounds,60.225468450326034,62.09316382007678,61.567468529541614,1.0403063209511672,57.40967666849584,64.1765641198755,6.766887451379652,C4_SENSITIVITY_ONLY
A4_A5_train_1m,train,1m,True,142,0.312625250501002,60.80885782641517,58.8988533742321,62.43610085346111,uspto_backgrounds_c4,uspto_backgrounds,60.225468450326034,62.09316382007678,61.39274655924306,0.5838887328278872,58.8988533742321,62.957060417583655,4.058207043351558,C4_SENSITIVITY_ONLY
A4_A5_train_1m,train,1m,True,143,0.1681681681681681,59.41875886751608,58.28129943332981,60.37936803619126,uspto_backgrounds_c4,uspto_backgrounds,60.225468450326034,62.09316382007678,59.732845776543236,0.31408690902715364,58.28129943332981,60.659603927079075,2.378304493749269,C4_SENSITIVITY_ONLY
A4_A5_train_1m,train,1m,True,144,0.034068136272545,61.7696309303889,59.95252412228508,63.06382668372875,uspto_backgrounds_c4,uspto_backgrounds,60.225468450326034,62.09316382007678,61.83325983076117,0.06362890037227231,59.95252412228508,63.120597918280566,3.1680737959954897,C4_SENSITIVITY_ONLY
A4_A5_train_1m,train,1m,True,145,0.0,63.111199699554966,61.100906920424926,63.98276347647437,uspto_backgrounds_c4,uspto_backgrounds,60.225468450326034,62.09316382007678,63.111199699554966,0.0,61.100906920424926,63.98276347647437,2.881856556049442,C4_SENSITIVITY_ONLY
A4_A5_train_1m,train,1m,True,146,0.0,62.68637747971489,62.32835441411592,62.914918005167145,uspto_backgrounds_c4,uspto_backgrounds,60.225468450326034,62.09316382007678,62.68637747971489,0.0,62.32835441411592,62.914918005167145,0.5865635910512239,C4_SENSITIVITY_ONLY
A4_A5_train_1m,train,1m,True,147,0.276,61.65321692559572,59.39293475601423,63.20727227200523,uspto_backgrounds_c4,uspto_backgrounds,60.225468450326034,62.09316382007678,62.16870084764693,0.5154839220512102,59.39293475601423,63.667199419500186,4.274264663485958,C4_SENSITIVITY_ONLY
A4_A5_train_1m,train,1m,True,148,0.0,59.45329440892539,58.69483492506895,59.95808668845979,uspto_backgrounds_c4,uspto_backgrounds,60.225468450326034,62.09316382007678,59.45329440892539,0.0,58.69483492506895,59.95808668845979,1.2632517633908336,C4_SENSITIVITY_ONLY
A4_A5_train_1m,train,1m,True,149,0.0,62.59791004701837,61.16080025533425,63.624708696212736,uspto_backgrounds_c4,uspto_backgrounds,60.225468450326034,62.09316382007678,62.59791004701837,0.0,61.16080025533425,63.624708696212736,2.463908440878484,C4_SENSITIVITY_ONLY
A4_A5_train_1m,train,1m,True,150,0.0,60.36421798792109,57.24386483986398,64.33570995356358,uspto_backgrounds_c4,uspto_backgrounds,60.225468450326034,62.09316382007678,60.36421798792109,0.0,57.24386483986398,64.33570995356358,7.091845113699598,C4_SENSITIVITY_ONLY
A4_A5_train_1m,train,1m,True,151,0.2662662662662662,61.73995223922206,59.862176600099545,63.293673111574535,uspto_backgrounds_c4,uspto_backgrounds,60.225468450326034,62.09316382007678,62.237256511848386,0.49730427262632304,59.862176600099545,63.73737993881358,3.875203338714037,C4_SENSITIVITY_ONLY
A4_A5_train_1m,train,1m,True,152,0.533,60.845560246887246,58.3343051978764,63.264743059472536,uspto_backgrounds_c4,uspto_backgrounds,60.225468450326034,62.09316382007678,61.8410418789644,0.9954816320771513,58.3343051978764,64.15293570300446,5.818630505128063,C4_SENSITIVITY_ONLY
A4_A5_train_1m,train,1m,True,153,0.506,60.40937787436869,57.35233950414306,63.4603060915107,uspto_backgrounds_c4,uspto_backgrounds,60.225468450326034,62.09316382007678,61.35443173146257,0.9450538570938818,57.35233950414306,64.30350586191813,6.951166357775065,C4_SENSITIVITY_ONLY
A4_A5_train_1m,train,1m,True,154,0.0,59.63449350344226,57.95880193241867,61.77338050864427,uspto_backgrounds_c4,uspto_backgrounds,60.225468450326034,62.09316382007678,59.63449350344226,0.0,57.95880193241867,61.77338050864427,3.8145785762255997,C4_SENSITIVITY_ONLY
A4_A5_train_1m,train,1m,True,155,0.015015015015015,60.97551891664652,59.497050253512086,61.75269822550513,uspto_backgrounds_c4,uspto_backgrounds,60.225468450326034,62.09316382007678,61.0035623906668,0.02804347402027929,59.497050253512086,61.77771928719154,2.2806690336794517,C4_SENSITIVITY_ONLY
A4_A5_train_1m,train,1m,True,156,0.001,60.09684665438842,57.96691067566599,62.36629454081026,uspto_backgrounds_c4,uspto_backgrounds,60.225468450326034,62.09316382007678,60.098714349758176,0.0018676953697536192,57.96691067566599,62.367960943518575,4.4010502678525825,C4_SENSITIVITY_ONLY
A4_A5_train_1m,train,1m,True,157,0.0,59.21117331707816,58.432917139267225,59.65921823690584,uspto_backgrounds_c4,uspto_backgrounds,60.225468450326034,62.09316382007678,59.21117331707816,0.0,58.432917139267225,59.65921823690584,1.2263010976386184,C4_SENSITIVITY_ONLY
A4_A5_train_1m,train,1m,True,158,0.0,52.83679746382847,52.81395134265465,52.84906082566084,uspto_backgrounds_c4,uspto_backgrounds,60.225468450326034,62.09316382007678,52.83679746382847,0.0,52.81395134265465,52.84906082566084,0.03510948300619532,C4_SENSITIVITY_ONLY
A4_A5_train_1m,train,1m,True,159,0.0,62.22553930266097,61.970985474606735,62.34653836131068,uspto_backgrounds_c4,uspto_backgrounds,60.225468450326034,62.09316382007678,62.22553930266097,0.0,61.970985474606735,62.34653836131068,0.37555288670394305,C4_SENSITIVITY_ONLY
A4_A5_train_1m,train,1m,True,160,0.069069069069069,60.62466045152656,60.29602967729023,60.9550107021375,uspto_backgrounds_c4,uspto_backgrounds,60.225468450326034,62.09316382007678,60.753660432019856,0.12899998049329753,60.29602967729023,61.070107585894995,0.7740779086047667,C4_SENSITIVITY_ONLY
A4_A5_train_1m,train,1m,True,161,0.027027027027027,59.41182584544244,56.66114011070411,63.741199523000056,uspto_backgrounds_c4,uspto_backgrounds,60.225468450326034,62.09316382007678,59.46230409867895,0.050478253236505566,56.66114011070411,63.7862374340356,7.125097323331488,C4_SENSITIVITY_ONLY
A4_A5_train_1m,train,1m,True,162,0.0,58.24092759134412,57.58128460892195,58.701631143784766,uspto_backgrounds_c4,uspto_backgrounds,60.225468450326034,62.09316382007678,58.24092759134412,0.0,57.58128460892195,58.701631143784766,1.1203465348628185,C4_SENSITIVITY_ONLY
A4_A5_train_1m,train,1m,True,163,0.0,61.925761779031234,60.8228223998011,62.504727311960366,uspto_backgrounds_c4,uspto_backgrounds,60.225468450326034,62.09316382007678,61.925761779031234,0.0,60.8228223998011,62.504727311960366,1.6819049121592684,C4_SENSITIVITY_ONLY
A4_A5_train_1m,train,1m,True,164,0.0,62.53095059953566,62.37188414100508,62.7275286462718,uspto_backgrounds_c4,uspto_backgrounds,60.225468450326034,62.09316382007678,62.53095059953566,0.0,62.37188414100508,62.7275286462718,0.3556445052667172,C4_SENSITIVITY_ONLY
A4_A5_train_1m,train,1m,True,165,0.2044088176352705,58.21926506748621,56.62639894318069,59.41801130131382,uspto_backgrounds_c4,uspto_backgrounds,60.225468450326034,62.09316382007678,58.60103846971983,0.38177340223361966,56.62639894318069,59.758638708624716,3.1322397654440266,C4_SENSITIVITY_ONLY
A4_A5_train_1m,train,1m,True,166,0.0,56.44175777041005,56.02822732983912,56.75154269040368,uspto_backgrounds_c4,uspto_backgrounds,60.225468450326034,62.09316382007678,56.44175777041005,0.0,56.02822732983912,56.75154269040368,0.7233153605645626,C4_SENSITIVITY_ONLY
A4_A5_train_1m,train,1m,True,167,0.324,61.74528718574618,59.97056409510196,63.226771286039664,uspto_backgrounds_c4,uspto_backgrounds,60.225468450326034,62.09316382007678,62.35042048554542,0.6051332997992418,59.97056409510196,63.766685763533744,3.7961216684317804,C4_SENSITIVITY_ONLY
A4_A5_train_1m,train,1m,True,168,0.0,61.2537986557392,60.98555910676773,61.32666288921792,uspto_backgrounds_c4,uspto_backgrounds,60.225468450326034,62.09316382007678,61.2537986557392,0.0,60.98555910676773,61.32666288921792,0.34110378245019035,C4_SENSITIVITY_ONLY
A4_A5_train_1m,train,1m,True,169,0.0,60.929680822008,60.788294445058135,60.965027416245455,uspto_backgrounds_c4,uspto_backgrounds,60.225468450326034,62.09316382007678,60.929680822008,0.0,60.788294445058135,60.965027416245455,0.17673297118732023,C4_SENSITIVITY_ONLY
A4_A5_train_1m,train,1m,True,170,0.1367265469061876,61.35127682220057,59.35307464006274,63.22210123552238,uspto_backgrounds_c4,uspto_backgrounds,60.225468450326034,62.09316382007678,61.60664036077926,0.2553635385786919,59.35307464006274,63.449942723585416,4.096868083522679,C4_SENSITIVITY_ONLY
A4_A5_train_1m,train,1m,True,171,0.03003003003003,61.7573013377504,61.44412340779352,62.04317687302088,uspto_backgrounds_c4,uspto_backgrounds,60.225468450326034,62.09316382007678,61.813388285790964,0.05608694804056569,61.44412340779352,62.09321899639371,0.6490955886001899,C4_SENSITIVITY_ONLY
A4_A5_train_1m,train,1m,True,172,0.0159840159840159,59.84550077782655,58.62210569503791,60.59762002829388,uspto_backgrounds_c4,uspto_backgrounds,60.225468450326034,62.09316382007678,59.875354050469916,0.029853272643364903,58.62210569503791,60.6242558358194,2.002150140781488,C4_SENSITIVITY_ONLY
A4_A5_train_1m,train,1m,True,173,0.0039920159680638,62.88035665453548,60.81407630222803,63.91550930863615,uspto_backgrounds_c4,uspto_backgrounds,60.225468450326034,62.09316382007678,62.887812524275006,0.00745586973952328,60.81407630222803,63.922161614856975,3.108085312628944,C4_SENSITIVITY_ONLY
A4_A5_train_1m,train,1m,True,174,0.017017017017017,58.32516331447762,56.929721423854375,58.973321124077934,uspto_backgrounds_c4,uspto_backgrounds,60.225468450326034,62.09316382007678,58.35694591836727,0.031782603889652705,56.929721423854375,59.00167832732254,2.0719569034681626,C4_SENSITIVITY_ONLY
A4_A5_train_1m,train,1m,True,175,0.004,61.69081845438448,61.18927482465182,61.93809084199689,uspto_backgrounds_c4,uspto_backgrounds,60.225468450326034,62.09316382007678,61.69828923586348,0.007470781479000266,61.18927482465182,61.94475645283015,0.7554816281783303,C4_SENSITIVITY_ONLY
A4_A5_train_1m,train,1m,True,176,0.0,54.51897089773956,54.03475213038064,54.739807831769646,uspto_backgrounds_c4,uspto_backgrounds,60.225468450326034,62.09316382007678,54.51897089773956,0.0,54.03475213038064,54.739807831769646,0.7050557013890071,C4_SENSITIVITY_ONLY
A4_A5_train_1m,train,1m,True,177,0.087,61.555594793428256,60.74637924366776,62.177923683562256,uspto_backgrounds_c4,uspto_backgrounds,60.225468450326034,62.09316382007678,61.71808429059657,0.16248949716831618,60.74637924366776,62.32290071918567,1.5765214755179073,C4_SENSITIVITY_ONLY
A4_A5_train_1m,train,1m,True,178,0.0,52.401380354175046,52.38560065364585,52.40822165387759,uspto_backgrounds_c4,uspto_backgrounds,60.225468450326034,62.09316382007678,52.401380354175046,0.0,52.38560065364585,52.40822165387759,0.022621000231737298,C4_SENSITIVITY_ONLY
A4_A5_train_1m,train,1m,True,179,0.0601202404809619,57.06944840806054,55.93708932280998,58.14021255395519,uspto_backgrounds_c4,uspto_backgrounds,60.225468450326034,62.09316382007678,57.18173470283513,0.11228629477459151,55.93708932280998,58.240397085517216,2.3033077627072345,C4_SENSITIVITY_ONLY
A4_A5_train_1m,train,1m,True,180,0.0,62.70065330330496,61.19656239227215,63.35309774769791,uspto_backgrounds_c4,uspto_backgrounds,60.225468450326034,62.09316382007678,62.70065330330496,0.0,61.19656239227215,63.35309774769791,2.15653535542576,C4_SENSITIVITY_ONLY
A4_A5_train_1m,train,1m,True,181,0.0,62.44748470231328,60.72360849178772,63.36237834112385,uspto_backgrounds_c4,uspto_backgrounds,60.225468450326034,62.09316382007678,62.44748470231328,0.0,60.72360849178772,63.36237834112385,2.6387698493361285,C4_SENSITIVITY_ONLY
A4_A5_train_1m,train,1m,True,182,0.0529470529470529,61.75390948440783,60.77477589190766,62.3375672425725,uspto_backgrounds_c4,uspto_backgrounds,60.225468450326034,62.09316382007678,61.85279845003899,0.09888896563116134,60.77477589190766,62.425798355000765,1.6510224630931063,C4_SENSITIVITY_ONLY
A4_A5_train_1m,train,1m,True,183,0.0,62.70572512778708,62.64481099167993,62.72625056220204,uspto_backgrounds_c4,uspto_backgrounds,60.225468450326034,62.09316382007678,62.70572512778708,0.0,62.64481099167993,62.72625056220204,0.08143957052210737,C4_SENSITIVITY_ONLY
A4_A5_train_1m,train,1m,True,184,0.025025025025025,62.64886484593067,62.49187279383139,62.77689947977362,uspto_backgrounds_c4,uspto_backgrounds,60.225468450326034,62.09316382007678,62.69560396929781,0.04673912336713926,62.49187279383139,62.818601249250975,0.32672845541958395,C4_SENSITIVITY_ONLY
A4_A5_train_1m,train,1m,True,185,0.001,60.0940986972051,57.84669531429423,63.19606830515011,uspto_backgrounds_c4,uspto_backgrounds,60.225468450326034,62.09316382007678,60.09596639257485,0.0018676953697536192,57.84669531429423,63.19773470785843,5.3510393935642,C4_SENSITIVITY_ONLY
A4_A5_train_1m,train,1m,True,186,0.1017964071856287,63.04179332968926,62.17796423168226,63.70542371407976,uspto_backgrounds_c4,uspto_backgrounds,60.225468450326034,62.09316382007678,63.231918008047124,0.1901246783578614,62.17796423168226,63.875057522710634,1.6970932910283736,C4_SENSITIVITY_ONLY
A4_A5_train_1m,train,1m,True,187,0.0,63.855141109226,63.61093449222522,64.0183112688827,uspto_backgrounds_c4,uspto_backgrounds,60.225468450326034,62.09316382007678,63.855141109226,0.0,63.61093449222522,64.0183112688827,0.40737677665747896,C4_SENSITIVITY_ONLY
A4_A5_train_1m,train,1m,True,188,0.052,63.1495388242898,62.79858324262097,63.45030386023854,uspto_backgrounds_c4,uspto_backgrounds,60.225468450326034,62.09316382007678,63.24665898351684,0.09712015922703898,62.79858324262097,63.53695680107092,0.7383735584499505,C4_SENSITIVITY_ONLY
A4_A5_train_1m,train,1m,True,189,0.013,61.37479090184995,61.10774015902591,61.56721801928165,uspto_backgrounds_c4,uspto_backgrounds,60.225468450326034,62.09316382007678,61.39907094165671,0.024280039806761522,61.10774015902591,61.58888125448974,0.4811410954638333,C4_SENSITIVITY_ONLY
A4_A5_train_1m,train,1m,True,190,0.0,60.716206333842656,59.8274475638216,61.33875441063015,uspto_backgrounds_c4,uspto_backgrounds,60.225468450326034,62.09316382007678,60.716206333842656,0.0,59.8274475638216,61.33875441063015,1.5113068468085515,C4_SENSITIVITY_ONLY
A4_A5_train_1m,train,1m,True,191,0.0,60.72788610613498,57.89023743614318,64.20515725928321,uspto_backgrounds_c4,uspto_backgrounds,60.225468450326034,62.09316382007678,60.72788610613498,0.0,57.89023743614318,64.20515725928321,6.3149198231400305,C4_SENSITIVITY_ONLY
A4_A5_train_1m,train,1m,True,192,0.405,59.09984992402151,56.33000328125355,62.43068572484167,uspto_backgrounds_c4,uspto_backgrounds,60.225468450326034,62.09316382007678,59.85626654877056,0.7564166247490505,56.33000328125355,63.10557882170927,6.775575540455719,C4_SENSITIVITY_ONLY
A4_A5_train_1m,train,1m,True,193,0.0,58.35125680590839,57.94283081711117,58.528330166109264,uspto_backgrounds_c4,uspto_backgrounds,60.225468450326034,62.09316382007678,58.35125680590839,0.0,57.94283081711117,58.528330166109264,0.5854993489980913,C4_SENSITIVITY_ONLY
A4_A5_train_1m,train,1m,True,194,0.0,58.74158826033474,58.01648022387072,59.05589140869304,uspto_backgrounds_c4,uspto_backgrounds,60.225468450326034,62.09316382007678,58.74158826033474,0.0,58.01648022387072,59.05589140869304,1.0394111848223204,C4_SENSITIVITY_ONLY
A4_A5_train_1m,train,1m,True,195,0.0139860139860139,61.54162885251749,59.64290484790693,62.86221972343221,uspto_backgrounds_c4,uspto_backgrounds,60.225468450326034,62.09316382007678,61.56775046608044,0.02612161356294962,59.64290484790693,62.88552605501704,3.242621207110112,C4_SENSITIVITY_ONLY
A4_A5_train_1m,train,1m,True,196,0.0009990009990009,62.42901080706015,62.09017261452189,62.60101356250909,uspto_backgrounds_c4,uspto_backgrounds,60.225468450326034,62.09316382007678,62.43087663660036,0.001865829540207642,62.09017261452189,62.60267830047943,0.5125056859575423,C4_SENSITIVITY_ONLY
A4_A5_train_1m,train,1m,True,197,0.0,62.748378669899246,62.151925448908784,63.50959884258216,uspto_backgrounds_c4,uspto_backgrounds,60.225468450326034,62.09316382007678,62.748378669899246,0.0,62.151925448908784,63.50959884258216,1.3576733936733731,C4_SENSITIVITY_ONLY
A4_A5_train_1m,train,1m,True,198,0.002004008016032,62.59551588725456,60.59424084719852,63.762621349042455,uspto_backgrounds_c4,uspto_backgrounds,60.225468450326034,62.09316382007678,62.599258763747045,0.0037428764924882785,60.59424084719852,63.765960833427854,3.171719986229334,C4_SENSITIVITY_ONLY
A4_A5_train_1m,train,1m,True,199,0.005,59.60753072869552,59.57302700579379,59.63395177135648,uspto_backgrounds_c4,uspto_backgrounds,60.225468450326034,62.09316382007678,59.616869205544276,0.009338476848753885,59.57302700579379,59.642283784898055,0.06925677910426487,C4_SENSITIVITY_ONLY
A4_A5_train_1m,train,1m,True,200,0.0509999999999999,62.78464082036376,61.20483674630523,63.77113427534727,uspto_backgrounds_c4,uspto_backgrounds,60.225468450326034,62.09316382007678,62.87989328422105,0.09525246385728536,61.20483674630523,63.85612081347134,2.6512840671661095,C4_SENSITIVITY_ONLY
A4_A5_train_1m,train,1m,True,201,0.0,60.961913867237584,58.91371926251614,62.397707423322345,uspto_backgrounds_c4,uspto_backgrounds,60.225468450326034,62.09316382007678,60.961913867237584,0.0,58.91371926251614,62.397707423322345,3.4839881608062058,C4_SENSITIVITY_ONLY
A4_A5_train_1m,train,1m,True,202,0.006,58.70034290910336,57.97809727386276,59.05147440221935,uspto_backgrounds_c4,uspto_backgrounds,60.225468450326034,62.09316382007678,58.71154908132187,0.011206172218507504,57.97809727386276,59.06147281846924,1.0833755446064828,C4_SENSITIVITY_ONLY
A4_A5_train_1m,train,1m,True,203,0.0,64.26950835519622,64.15257788067947,64.32095601653856,uspto_backgrounds_c4,uspto_backgrounds,60.225468450326034,62.09316382007678,64.26950835519622,0.0,64.15257788067947,64.32095601653856,0.16837813585908634,C4_SENSITIVITY_ONLY
A4_A5_train_1m,train,1m,True,204,0.0969030969030969,59.320313837852986,58.55547180253855,60.05626494573541,uspto_backgrounds_c4,uspto_backgrounds,60.225468450326034,62.09316382007678,59.50129930325341,0.18098546540042548,58.55547180253855,60.217744528858844,1.662272726320296,C4_SENSITIVITY_ONLY
A4_A5_train_1m,train,1m,True,205,0.1062124248496993,59.57737450019988,56.55463583061362,64.0122638603645,uspto_backgrounds_c4,uspto_backgrounds,60.225468450326034,62.09316382007678,59.77574695430166,0.19837245410177928,56.55463583061362,64.18925653279075,7.634620702177131,C4_SENSITIVITY_ONLY
A4_A5_train_1m,train,1m,True,206,0.0,60.240641951570254,58.02919798041038,63.43239818025725,uspto_backgrounds_c4,uspto_backgrounds,60.225468450326034,62.09316382007678,60.240641951570254,0.0,58.02919798041038,63.43239818025725,5.4032001998468715,C4_SENSITIVITY_ONLY
A4_A5_train_1m,train,1m,True,207,0.0,61.25984738174034,58.64081840391795,64.22376457057354,uspto_backgrounds_c4,uspto_backgrounds,60.225468450326034,62.09316382007678,61.25984738174034,0.0,58.64081840391795,64.22376457057354,5.582946166655589,C4_SENSITIVITY_ONLY
A4_A5_train_1m,train,1m,True,208,0.0,62.116738469008325,61.74022872412959,62.36234581749412,uspto_backgrounds_c4,uspto_backgrounds,60.225468450326034,62.09316382007678,62.116738469008325,0.0,61.74022872412959,62.36234581749412,0.6221170933645368,C4_SENSITIVITY_ONLY
A4_A5_train_1m,train,1m,True,209,0.369,62.4699256172634,60.578942355625415,64.27119480048837,uspto_backgrounds_c4,uspto_backgrounds,60.225468450326034,62.09316382007678,63.159105208701426,0.6891795914380268,60.578942355625415,64.88609739985664,4.307155044231223,C4_SENSITIVITY_ONLY
A4_A5_train_1m,train,1m,True,210,0.0,62.39824138037565,60.99283334390358,64.03935370891149,uspto_backgrounds_c4,uspto_backgrounds,60.225468450326034,62.09316382007678,62.39824138037565,0.0,60.99283334390358,64.03935370891149,3.0465203650079147,C4_SENSITIVITY_ONLY
A4_A5_train_1m,train,1m,True,211,0.019019019019019,62.46189726373469,60.456728364493976,63.87838740884965,uspto_backgrounds_c4,uspto_backgrounds,60.225468450326034,62.09316382007678,62.49741899749372,0.03552173375902612,60.456728364493976,63.91008075365244,3.4533523891584608,C4_SENSITIVITY_ONLY
A4_A5_train_1m,train,1m,True,212,0.0149850149850149,60.96251265368407,60.5334459513324,61.14995713298327,uspto_backgrounds_c4,uspto_backgrounds,60.225468450326034,62.09316382007678,60.99050009678723,0.02798744310315726,60.5334459513324,61.17492820253844,0.6414822512060354,C4_SENSITIVITY_ONLY
A4_A5_train_1m,train,1m,True,213,0.502,61.05104687968401,58.87191920500575,63.16189120198743,uspto_backgrounds_c4,uspto_backgrounds,60.225468450326034,62.09316382007678,61.98862995529888,0.9375830756148744,58.87191920500575,63.998425361561594,5.126506156555841,C4_SENSITIVITY_ONLY
A4_A5_train_1m,train,1m,True,214,0.0,60.33281059443717,60.002281290461056,60.51884325701971,uspto_backgrounds_c4,uspto_backgrounds,60.225468450326034,62.09316382007678,60.33281059443717,0.0,60.002281290461056,60.51884325701971,0.5165619665586547,C4_SENSITIVITY_ONLY
A4_A5_train_1m,train,1m,True,215,0.0,58.13476955164084,57.801998603603536,58.29929908125125,uspto_backgrounds_c4,uspto_backgrounds,60.225468450326034,62.09316382007678,58.13476955164084,0.0,57.801998603603536,58.29929908125125,0.49730047764771257,C4_SENSITIVITY_ONLY
A4_A5_train_1m,train,1m,True,216,0.2217782217782217,62.196534398151,61.15141039983563,63.159399375857845,uspto_backgrounds_c4,uspto_backgrounds,60.225468450326034,62.09316382007678,62.61074855607774,0.414214157926736,61.15141039983563,63.528971205274374,2.3775608054387405,C4_SENSITIVITY_ONLY
A4_A5_train_1m,train,1m,True,217,0.001,62.87898588204282,62.76543666834559,63.006229163055984,uspto_backgrounds_c4,uspto_backgrounds,60.225468450326034,62.09316382007678,62.88085357741257,0.0018676953697536192,62.76543666834559,63.0078955657643,0.2424588974187074,C4_SENSITIVITY_ONLY
A4_A5_train_1m,train,1m,True,218,0.036,62.056507435654645,61.000927770298375,62.64629702920509,uspto_backgrounds_c4,uspto_backgrounds,60.225468450326034,62.09316382007678,62.12374446896567,0.06723703331102371,61.000927770298375,62.70628752670443,1.7053597564060539,C4_SENSITIVITY_ONLY
A4_A5_train_1m,train,1m,True,219,0.003,59.57643827388415,58.0385938667641,60.28852728054634,uspto_backgrounds_c4,uspto_backgrounds,60.225468450326034,62.09316382007678,59.582041359993404,0.005603086109253752,58.0385938667641,60.29352648867128,2.25493262190718,C4_SENSITIVITY_ONLY
A4_A5_train_1m,train,1m,True,220,0.027,55.4947972363769,54.25779726336999,57.01903459424752,uspto_backgrounds_c4,uspto_backgrounds,60.225468450326034,62.09316382007678,55.545225011360166,0.05042777498326956,54.25779726336999,57.06402746737203,2.8062302040020413,C4_SENSITIVITY_ONLY
A4_A5_train_1m,train,1m,True,221,0.18,59.852567740479074,58.65729108046303,60.89659052447259,uspto_backgrounds_c4,uspto_backgrounds,60.225468450326034,62.09316382007678,60.18875290703421,0.33618516655513275,58.65729108046303,61.196543011969304,2.5392519315062714,C4_SENSITIVITY_ONLY
A4_A5_train_1m,train,1m,True,222,0.0669330669330669,59.48598035676336,56.22517221110568,64.32982017011182,uspto_backgrounds_c4,uspto_backgrounds,60.225468450326034,62.09316382007678,59.61099093595747,0.12501057919410385,56.22517221110568,64.44135761412491,8.216185403019232,C4_SENSITIVITY_ONLY
A4_A5_train_1m,train,1m,True,223,0.2257742257742257,62.762564229069234,60.370237043186776,64.32924681064021,uspto_backgrounds_c4,uspto_backgrounds,60.225468450326034,62.09316382007678,63.184241705156815,0.42167747608758077,60.370237043186776,64.70547759193812,4.335240548751344,C4_SENSITIVITY_ONLY
A4_A5_train_1m,train,1m,True,224,0.17,62.30406461032693,60.258240078082686,63.70565085158397,uspto_backgrounds_c4,uspto_backgrounds,60.225468450326034,62.09316382007678,62.62157282318456,0.317508212857625,60.258240078082686,63.98893931199753,3.730699233914841,C4_SENSITIVITY_ONLY
A4_A5_train_1m,train,1m,True,225,0.0059940059940059,61.38884469943818,60.14510770334362,62.0815240575332,uspto_backgrounds_c4,uspto_backgrounds,60.225468450326034,62.09316382007678,61.40003967667944,0.011194977241260062,60.14510770334362,62.09151248535527,1.9464047820116477,C4_SENSITIVITY_ONLY
A4_A5_train_1m,train,1m,True,226,0.0,61.87799290395863,59.97624831875657,63.612803279817896,uspto_backgrounds_c4,uspto_backgrounds,60.225468450326034,62.09316382007678,61.87799290395863,0.0,59.97624831875657,63.612803279817896,3.6365549610613286,C4_SENSITIVITY_ONLY
A4_A5_train_1m,train,1m,True,227,0.0089910089910089,62.5039148768298,61.61545248002964,63.29093903300229,uspto_backgrounds_c4,uspto_backgrounds,60.225468450326034,62.09316382007678,62.5207073426917,0.0167924658618972,61.61545248002964,63.305921674735394,1.6904691947057557,C4_SENSITIVITY_ONLY
A4_A5_train_1m,train,1m,True,228,0.077,61.15867933845495,60.52140501717037,61.56450238877992,uspto_backgrounds_c4,uspto_backgrounds,60.225468450326034,62.09316382007678,61.30249188192576,0.1438125434708084,60.52140501717037,61.69281539732018,1.1714103801498084,C4_SENSITIVITY_ONLY
A4_A5_train_1m,train,1m,True,229,0.0,63.05301268961941,62.166227252367406,63.385513084274336,uspto_backgrounds_c4,uspto_backgrounds,60.225468450326034,62.09316382007678,63.05301268961941,0.0,62.166227252367406,63.385513084274336,1.2192858319069302,C4_SENSITIVITY_ONLY
A4_A5_train_1m,train,1m,True,230,0.0,63.450284707466935,61.89763431549303,64.15531030485263,uspto_backgrounds_c4,uspto_backgrounds,60.225468450326034,62.09316382007678,63.450284707466935,0.0,61.89763431549303,64.15531030485263,2.257675989359605,C4_SENSITIVITY_ONLY
A4_A5_train_1m,train,1m,True,231,0.0,62.75855207312264,62.18650364821997,63.05149314940753,uspto_backgrounds_c4,uspto_backgrounds,60.225468450326034,62.09316382007678,62.75855207312264,0.0,62.18650364821997,63.05149314940753,0.8649895011875586,C4_SENSITIVITY_ONLY
A4_A5_train_1m,train,1m,True,232,0.003003003003003,56.47949798787334,56.05541084669327,56.71798398924072,uspto_backgrounds_c4,uspto_backgrounds,60.225468450326034,62.09316382007678,56.48510668267739,0.005608694804053016,56.05541084669327,56.722988201578005,0.6675773548847346,C4_SENSITIVITY_ONLY
A4_A5_train_1m,train,1m,True,233,0.008008008008008,62.05497936714895,60.07753396549414,63.6687955070758,uspto_backgrounds_c4,uspto_backgrounds,60.225468450326034,62.09316382007678,62.06993588662644,0.014956519477486552,60.07753396549414,63.68214007330855,3.604606107814412,C4_SENSITIVITY_ONLY
A4_A5_train_1m,train,1m,True,234,0.0,59.60410951793532,58.75543212769269,59.97412887532144,uspto_backgrounds_c4,uspto_backgrounds,60.225468450326034,62.09316382007678,59.60410951793532,0.0,58.75543212769269,59.97412887532144,1.2186967476287478,C4_SENSITIVITY_ONLY
A4_A5_train_1m,train,1m,True,235,0.0,62.61191182310765,60.32127966970963,64.28273313621621,uspto_backgrounds_c4,uspto_backgrounds,60.225468450326034,62.09316382007678,62.61191182310765,0.0,60.32127966970963,64.28273313621621,3.961453466506576,C4_SENSITIVITY_ONLY
A4_A5_train_1m,train,1m,True,236,0.0,58.15301994702045,57.60580722071494,58.4872286175899,uspto_backgrounds_c4,uspto_backgrounds,60.225468450326034,62.09316382007678,58.15301994702045,0.0,57.60580722071494,58.4872286175899,0.8814213968749627,C4_SENSITIVITY_ONLY
A4_A5_train_1m,train,1m,True,237,0.003,63.360326978731855,62.855570563055885,63.666464841502766,uspto_backgrounds_c4,uspto_backgrounds,60.225468450326034,62.09316382007678,63.36593006484111,0.005603086109253752,62.855570563055885,63.67146404962771,0.8158934865718237,C4_SENSITIVITY_ONLY
A4_A5_train_1m,train,1m,True,238,0.0,63.0983764729884,60.92931923160852,64.05953512469988,uspto_backgrounds_c4,uspto_backgrounds,60.225468450326034,62.09316382007678,63.0983764729884,0.0,60.92931923160852,64.05953512469988,3.1302158930913606,C4_SENSITIVITY_ONLY
A4_A5_train_1m,train,1m,True,239,0.025025025025025,63.020551103860576,61.748854443985465,63.699638662492056,uspto_backgrounds_c4,uspto_backgrounds,60.225468450326034,62.09316382007678,63.067290227227716,0.04673912336713926,61.748854443985465,63.74134043196941,1.9924859879839474,C4_SENSITIVITY_ONLY
A4_A5_train_1m,train,1m,True,240,0.0,63.94355002370883,63.29045451039146,64.2874719878919,uspto_backgrounds_c4,uspto_backgrounds,60.225468450326034,62.09316382007678,63.94355002370883,0.0,63.29045451039146,64.2874719878919,0.9970174775004423,C4_SENSITIVITY_ONLY
A4_A5_train_1m,train,1m,True,241,0.018,53.67395534207797,53.37693754620273,53.83833906389247,uspto_backgrounds_c4,uspto_backgrounds,60.225468450326034,62.09316382007678,53.70757385873348,0.03361851665551541,53.37693754620273,53.86833431264214,0.4913967664394079,C4_SENSITIVITY_ONLY
A4_A5_train_1m,train,1m,True,242,0.36,62.17832172721127,59.25978453470526,64.24851727675522,uspto_backgrounds_c4,uspto_backgrounds,60.225468450326034,62.09316382007678,62.85069206032154,0.6723703331102726,59.25978453470526,64.84842225174864,5.588637717043383,C4_SENSITIVITY_ONLY
A4_A5_train_1m,train,1m,True,243,0.3263263263263263,62.38529463052183,60.89483032034511,63.82159707591053,uspto_backgrounds_c4,uspto_backgrounds,60.225468450326034,62.09316382007678,62.99477279922928,0.6094781687074544,60.89483032034511,64.36538814989522,3.470557829550117,C4_SENSITIVITY_ONLY
A4_A5_train_1m,train,1m,True,244,0.0850850850850851,62.35128077963698,61.11790828216683,63.08305018889018,uspto_backgrounds_c4,uspto_backgrounds,60.225468450326034,62.09316382007678,62.51019379908524,0.15891301944826353,61.11790828216683,63.22483620511318,2.1069279229463476,C4_SENSITIVITY_ONLY
A4_A5_train_1m,train,1m,True,245,0.0,63.44665210625619,63.09322601521476,63.93920813642233,uspto_backgrounds_c4,uspto_backgrounds,60.225468450326034,62.09316382007678,63.44665210625619,0.0,63.09322601521476,63.93920813642233,0.8459821212075695,C4_SENSITIVITY_ONLY
A4_A5_train_1m,train,1m,True,246,0.0,61.282203297281775,60.48421672162882,62.22209664160244,uspto_backgrounds_c4,uspto_backgrounds,60.225468450326034,62.09316382007678,61.282203297281775,0.0,60.48421672162882,62.22209664160244,1.7378799199736221,C4_SENSITIVITY_ONLY
A4_A5_train_1m,train,1m,True,247,0.0,57.7142312643282,56.967877292487714,58.57217772588881,uspto_backgrounds_c4,uspto_backgrounds,60.225468450326034,62.09316382007678,57.7142312643282,0.0,56.967877292487714,58.57217772588881,1.604300433401093,C4_SENSITIVITY_ONLY
A4_A5_train_1m,train,1m,True,248,0.0,58.08800500718405,57.681868483752766,58.4175290053234,uspto_backgrounds_c4,uspto_backgrounds,60.225468450326034,62.09316382007678,58.08800500718405,0.0,57.681868483752766,58.4175290053234,0.7356605215706367,C4_SENSITIVITY_ONLY
A4_A5_train_1m,train,1m,True,249,0.0,61.79687344180689,61.41266003192554,62.09081716139683,uspto_backgrounds_c4,uspto_backgrounds,60.225468450326034,62.09316382007678,61.79687344180689,0.0,61.41266003192554,62.09081716139683,0.6781571294712876,C4_SENSITIVITY_ONLY
A4_A5_train_1m,train,1m,True,250,0.0029970029970029,63.63552578305148,62.92765867012669,63.86844421196468,uspto_backgrounds_c4,uspto_backgrounds,60.225468450326034,62.09316382007678,63.64112327167211,0.005597488620630031,62.92765867012669,63.87343842587571,0.9457797557490224,C4_SENSITIVITY_ONLY
A4_A5_train_1m,train,1m,True,251,0.0,61.302078844653785,59.04942825055558,64.3205627420968,uspto_backgrounds_c4,uspto_backgrounds,60.225468450326034,62.09316382007678,61.302078844653785,0.0,59.04942825055558,64.3205627420968,5.271134491541218,C4_SENSITIVITY_ONLY
A4_A5_train_1m,train,1m,True,252,0.1641641641641641,59.75016498436548,58.28774857371207,61.27972925259881,uspto_backgrounds_c4,uspto_backgrounds,60.225468450326034,62.09316382007678,60.0567736336539,0.3066086492884139,58.28774857371207,61.553292860370256,3.2655442866581836,C4_SENSITIVITY_ONLY
A4_A5_train_1m,train,1m,True,253,0.0,61.27406880706997,60.87423595236927,61.46189712026662,uspto_backgrounds_c4,uspto_backgrounds,60.225468450326034,62.09316382007678,61.27406880706997,0.0,60.87423595236927,61.46189712026662,0.5876611678973518,C4_SENSITIVITY_ONLY
A4_A5_train_1m,train,1m,True,254,0.003,63.25529876527042,61.46275083362824,64.04682196503906,uspto_backgrounds_c4,uspto_backgrounds,60.225468450326034,62.09316382007678,63.26090185137967,0.005603086109253752,61.46275083362824,64.051821173164,2.589070339535759,C4_SENSITIVITY_ONLY
A4_A5_train_1m,train,1m,True,255,0.0,62.38660744734717,61.05301761652314,62.96478620910807,uspto_backgrounds_c4,uspto_backgrounds,60.225468450326034,62.09316382007678,62.38660744734717,0.0,61.05301761652314,62.96478620910807,1.9117685925849273,C4_SENSITIVITY_ONLY
A4_A5_train_1m,train,1m,True,256,0.0,60.37049873434879,59.18612340586063,61.23466600529152,uspto_backgrounds_c4,uspto_backgrounds,60.225468450326034,62.09316382007678,60.37049873434879,0.0,59.18612340586063,61.23466600529152,2.0485425994308955,C4_SENSITIVITY_ONLY
A4_A5_train_1m,train,1m,True,257,0.0329341317365269,55.95398144279242,55.617008277885205,56.17942147192553,uspto_backgrounds_c4,uspto_backgrounds,60.225468450326034,62.09316382007678,56.01549236814349,0.06151092535107239,55.617008277885205,56.23430299824728,0.6172947203620751,C4_SENSITIVITY_ONLY
A4_A5_train_1m,train,1m,True,258,0.0,61.9866771938524,61.69651973596426,62.14182810827282,uspto_backgrounds_c4,uspto_backgrounds,60.225468450326034,62.09316382007678,61.9866771938524,0.0,61.69651973596426,62.14182810827282,0.4453083723085598,C4_SENSITIVITY_ONLY
A4_A5_train_1m,train,1m,True,259,0.4014014014014014,62.2721309790823,60.04948579386114,64.18532763821834,uspto_backgrounds_c4,uspto_backgrounds,60.225468450326034,62.09316382007678,63.02182651789116,0.749695538808858,60.04948579386114,64.8542240206351,4.804738226773964,C4_SENSITIVITY_ONLY
A4_A5_train_1m,train,1m,True,260,0.0,62.98989601469292,62.98989601469292,62.98989601469292,uspto_backgrounds_c4,uspto_backgrounds,60.225468450326034,62.09316382007678,62.98989601469292,0.0,62.98989601469292,62.98989601469292,0.0,C4_SENSITIVITY_ONLY
A4_A5_train_1m,train,1m,True,261,0.1951951951951951,62.020388242462296,59.798892992288046,63.571400980643375,uspto_backgrounds_c4,uspto_backgrounds,60.225468450326034,62.09316382007678,62.384953404725955,0.3645651622636592,59.798892992288046,63.896674782566734,4.097781790278688,C4_SENSITIVITY_ONLY
A4_A5_train_1m,train,1m,True,262,0.29,61.78112365486477,60.221450458988144,63.18946039586783,uspto_backgrounds_c4,uspto_backgrounds,60.225468450326034,62.09316382007678,62.32275531209249,0.5416316572277182,60.221450458988144,63.672717181279204,3.4512667222910594,C4_SENSITIVITY_ONLY
A4_A5_train_1m,train,1m,True,263,0.0009990009990009,60.32398229767836,59.9764636241584,60.47413593286316,uspto_backgrounds_c4,uspto_backgrounds,60.225468450326034,62.09316382007678,60.32584812721857,0.001865829540207642,59.9764636241584,60.47580067083351,0.4993370466751088,C4_SENSITIVITY_ONLY
A4_A5_train_1m,train,1m,True,264,0.4181636726546906,61.209334099869736,59.00026469829567,63.13416790277159,uspto_backgrounds_c4,uspto_backgrounds,60.225468450326034,62.09316382007678,61.99033645508487,0.7810023552151364,59.00026469829567,63.830996979402336,4.830732281106663,C4_SENSITIVITY_ONLY
A4_A5_train_1m,train,1m,True,265,0.0,55.7975024650744,55.77852583101822,55.80947264172296,uspto_backgrounds_c4,uspto_backgrounds,60.225468450326034,62.09316382007678,55.7975024650744,0.0,55.77852583101822,55.80947264172296,0.030946810704740813,C4_SENSITIVITY_ONLY
A4_A5_train_1m,train,1m,True,266,0.0,60.6088287413926,58.60592678116558,63.59340435675684,uspto_backgrounds_c4,uspto_backgrounds,60.225468450326034,62.09316382007678,60.6088287413926,0.0,58.60592678116558,63.59340435675684,4.987477575591264,C4_SENSITIVITY_ONLY
A4_A5_train_1m,train,1m,True,267,0.0,63.821628208297454,62.738509563973366,64.29121501987991,uspto_backgrounds_c4,uspto_backgrounds,60.225468450326034,62.09316382007678,63.821628208297454,0.0,62.738509563973366,64.29121501987991,1.5527054559065476,C4_SENSITIVITY_ONLY
A4_A5_train_1m,train,1m,True,268,0.029029029029029,63.07436019048689,62.201614979172064,63.81843409387742,uspto_backgrounds_c4,uspto_backgrounds,60.225468450326034,62.09316382007678,63.12857757359277,0.05421738310587898,62.201614979172064,63.86680814647115,1.665193167299087,C4_SENSITIVITY_ONLY
A4_A5_train_1m,train,1m,True,269,0.0,63.95294866470883,63.20995094613687,64.25808049479633,uspto_backgrounds_c4,uspto_backgrounds,60.225468450326034,62.09316382007678,63.95294866470883,0.0,63.20995094613687,64.25808049479633,1.0481295486594604,C4_SENSITIVITY_ONLY
A4_A5_train_1m,train,1m,True,270,0.176,62.092505395186,60.50050625755321,63.644502620607184,uspto_backgrounds_c4,uspto_backgrounds,60.225468450326034,62.09316382007678,62.421219780262135,0.3287143850761325,60.50050625755321,63.937789497270636,3.4372832397174236,C4_SENSITIVITY_ONLY
A4_A5_train_1m,train,1m,True,271,0.001,61.76339877742042,61.33749713129938,61.97998046772478,uspto_backgrounds_c4,uspto_backgrounds,60.225468450326034,62.09316382007678,61.765266472790174,0.0018676953697536192,61.33749713129938,61.981646870433096,0.6441497391337165,C4_SENSITIVITY_ONLY
A4_A5_train_1m,train,1m,True,272,0.182,60.94610336024787,58.848033836363385,62.37994086592763,uspto_backgrounds_c4,uspto_backgrounds,60.225468450326034,62.09316382007678,61.2860239175425,0.3399205572946329,58.848033836363385,62.683226158840974,3.835192322477589,C4_SENSITIVITY_ONLY
A4_A5_train_1m,train,1m,True,273,0.0,62.55240188972859,61.21368089341972,63.16465849960368,uspto_backgrounds_c4,uspto_backgrounds,60.225468450326034,62.09316382007678,62.55240188972859,0.0,61.21368089341972,63.16465849960368,1.9509776061839617,C4_SENSITIVITY_ONLY
A4_A5_train_1m,train,1m,True,274,0.0,60.9757541970114,58.62153068352456,64.20932540788765,uspto_backgrounds_c4,uspto_backgrounds,60.225468450326034,62.09316382007678,60.9757541970114,0.0,58.62153068352456,64.20932540788765,5.587794724363086,C4_SENSITIVITY_ONLY
A4_A5_train_1m,train,1m,True,275,0.0,63.953243780637486,63.83890856613881,64.03319103059158,uspto_backgrounds_c4,uspto_backgrounds,60.225468450326034,62.09316382007678,63.953243780637486,0.0,63.83890856613881,64.03319103059158,0.19428246445276898,C4_SENSITIVITY_ONLY
A4_A5_train_1m,train,1m,True,276,0.0,61.33419088390556,61.28393385699409,61.40988291871231,uspto_backgrounds_c4,uspto_backgrounds,60.225468450326034,62.09316382007678,61.33419088390556,0.0,61.28393385699409,61.40988291871231,0.12594906171822373,C4_SENSITIVITY_ONLY
A4_A5_train_1m,train,1m,True,277,0.026,64.03463985768406,63.53529653412019,64.31032703478691,uspto_backgrounds_c4,uspto_backgrounds,60.225468450326034,62.09316382007678,64.08319993729758,0.048560079613523044,63.53529653412019,64.3536535052031,0.8183569710829062,C4_SENSITIVITY_ONLY
A4_A5_train_1m,train,1m,True,278,0.0,61.25057690281533,61.25057690281533,61.25057690281533,uspto_backgrounds_c4,uspto_backgrounds,60.225468450326034,62.09316382007678,61.25057690281533,0.0,61.25057690281533,61.25057690281533,0.0,C4_SENSITIVITY_ONLY
A4_A5_train_1m,train,1m,True,279,0.0,63.67520251735344,63.41569632442343,63.80011205007498,uspto_backgrounds_c4,uspto_backgrounds,60.225468450326034,62.09316382007678,63.67520251735344,0.0,63.41569632442343,63.80011205007498,0.38441572565155013,C4_SENSITIVITY_ONLY
A4_A5_train_1m,train,1m,True,280,0.0,63.63252850260955,62.462768559055874,64.33570995356357,uspto_backgrounds_c4,uspto_backgrounds,60.225468450326034,62.09316382007678,63.63252850260955,0.0,62.462768559055874,64.33570995356357,1.8729413945076914,C4_SENSITIVITY_ONLY
A4_A5_train_1m,train,1m,True,281,0.031,62.14267028967737,61.17488932516823,62.741064523640496,uspto_backgrounds_c4,uspto_backgrounds,60.225468450326034,62.09316382007678,62.20056884613964,0.05789855646226982,61.17488932516823,62.79272300759826,1.6178336824300317,C4_SENSITIVITY_ONLY
A4_A5_train_1m,train,1m,True,282,0.385,60.57440676904886,58.64943673380035,62.286737329233446,uspto_backgrounds_c4,uspto_backgrounds,60.225468450326034,62.09316382007678,61.2934694864029,0.7190627173540349,58.64943673380035,62.92830237193475,4.278865638134398,C4_SENSITIVITY_ONLY
A4_A5_train_1m,train,1m,True,283,0.0009990009990009,61.73317457529129,61.522672492873575,61.83536359835481,uspto_backgrounds_c4,uspto_backgrounds,60.225468450326034,62.09316382007678,61.735040404831494,0.001865829540207642,61.522672492873575,61.837028336325154,0.31435584345157963,C4_SENSITIVITY_ONLY
A4_A5_train_1m,train,1m,True,284,0.1656686626746507,57.96366564148749,55.43318170363428,61.15383364923654,uspto_backgrounds_c4,uspto_backgrounds,60.225468450326034,62.09316382007678,58.27308423567773,0.309418594190241,55.43318170363428,61.42990435740051,5.996722653766227,C4_SENSITIVITY_ONLY
A4_A5_train_1m,train,1m,True,285,0.0,62.63143116844674,62.37425771686701,62.78273171362596,uspto_backgrounds_c4,uspto_backgrounds,60.225468450326034,62.09316382007678,62.63143116844674,0.0,62.37425771686701,62.78273171362596,0.4084739967589499,C4_SENSITIVITY_ONLY
A4_A5_train_1m,train,1m,True,286,0.0799200799200799,62.22392578126682,60.015603695237296,63.36463114614634,uspto_backgrounds_c4,uspto_backgrounds,60.225468450326034,62.09316382007678,62.37319214448367,0.14926636321684583,60.015603695237296,63.497810183773915,3.482206488536619,C4_SENSITIVITY_ONLY
A4_A5_train_1m,train,1m,True,287,0.1109999999999999,60.586055466192605,57.79424250044667,64.0861889565521,uspto_backgrounds_c4,uspto_backgrounds,60.225468450326034,62.09316382007678,60.79336965223494,0.20731418604233198,57.79424250044667,64.27115965717508,6.476917156728405,C4_SENSITIVITY_ONLY
A4_A5_train_1m,train,1m,True,288,0.0,62.23679823041971,60.18527775551844,63.66413271275974,uspto_backgrounds_c4,uspto_backgrounds,60.225468450326034,62.09316382007678,62.23679823041971,0.0,60.18527775551844,63.66413271275974,3.478854957241296,C4_SENSITIVITY_ONLY
A4_A5_train_1m,train,1m,True,289,0.2937062937062937,60.46277062519262,58.44609955731583,62.06229818143307,uspto_backgrounds_c4,uspto_backgrounds,60.225468450326034,62.09316382007678,61.01132451001452,0.5485538848218994,58.44609955731583,62.55173114471442,4.105631587398584,C4_SENSITIVITY_ONLY
A4_A5_train_1m,train,1m,True,290,0.0,63.205054140112914,61.06195333875065,64.16144726450263,uspto_backgrounds_c4,uspto_backgrounds,60.225468450326034,62.09316382007678,63.205054140112914,0.0,61.06195333875065,64.16144726450263,3.099493925751979,C4_SENSITIVITY_ONLY
A4_A5_train_1m,train,1m,True,291,0.0,64.29848349366875,64.27815087746598,64.3090479596402,uspto_backgrounds_c4,uspto_backgrounds,60.225468450326034,62.09316382007678,64.29848349366875,0.0,64.27815087746598,64.3090479596402,0.030897082174220714,C4_SENSITIVITY_ONLY
A4_A5_train_1m,train,1m,True,292,0.0,52.229855924898295,52.11120402473981,52.28116539271255,uspto_backgrounds_c4,uspto_backgrounds,60.225468450326034,62.09316382007678,52.229855924898295,0.0,52.11120402473981,52.28116539271255,0.1699613679727392,C4_SENSITIVITY_ONLY
A4_A5_train_1m,train,1m,True,293,0.063063063063063,62.98219966029727,61.76264571470178,63.78462128834261,uspto_backgrounds_c4,uspto_backgrounds,60.225468450326034,62.09316382007678,63.09998225118245,0.11778259088518439,61.76264571470178,63.88970974742554,2.1270640327237587,C4_SENSITIVITY_ONLY
A4_A5_train_1m,train,1m,True,294,0.0,63.36425909209834,61.123573207944425,64.33570995356357,uspto_backgrounds_c4,uspto_backgrounds,60.225468450326034,62.09316382007678,63.36425909209834,0.0,61.123573207944425,64.33570995356357,3.2121367456191408,C4_SENSITIVITY_ONLY
A4_A5_train_1m,train,1m,True,295,0.0,61.2613392049813,60.56191265123015,61.63029314790442,uspto_backgrounds_c4,uspto_backgrounds,60.225468450326034,62.09316382007678,61.2613392049813,0.0,60.56191265123015,61.63029314790442,1.0683804966742656,C4_SENSITIVITY_ONLY
A4_A5_train_1m,train,1m,True,296,0.066066066066066,63.18092644017055,61.19626333362655,64.19559701873084,uspto_backgrounds_c4,uspto_backgrounds,60.225468450326034,62.09316382007678,63.30431772585979,0.1233912856892374,61.19626333362655,64.30568969015106,3.1094263565245086,C4_SENSITIVITY_ONLY
A4_A5_train_1m,train,1m,True,297,0.499,61.1018002172123,58.40703253047597,63.43475154213407,uspto_backgrounds_c4,uspto_backgrounds,60.225468450326034,62.09316382007678,62.03378020671792,0.9319799895056207,58.40703253047597,64.2662864935833,5.859253963107321,C4_SENSITIVITY_ONLY
A4_A5_train_1m,train,1m,True,298,0.096096096096096,55.28993935505024,54.35560960841037,55.902990575588255,uspto_backgrounds_c4,uspto_backgrounds,60.225468450326034,62.09316382007678,55.46941758878004,0.1794782337298031,54.35560960841037,56.06312537038129,1.7075157619709245,C4_SENSITIVITY_ONLY
A4_A5_train_1m,train,1m,True,299,0.076,56.09802734866248,54.971844567972525,56.87153962253167,uspto_backgrounds_c4,uspto_backgrounds,60.225468450326034,62.09316382007678,56.23997219676353,0.1419448481010548,54.971844567972525,56.998186228363615,2.0263416603910898,C4_SENSITIVITY_ONLY
A4_A5_train_1m,train,1m,True,300,0.0009980039920159,63.7904852882287,63.59367582027279,63.87960022179245,uspto_backgrounds_c4,uspto_backgrounds,60.225468450326034,62.09316382007678,63.79234925566358,0.0018639674348790436,63.59367582027279,63.881263298347655,0.28758747807486174,C4_SENSITIVITY_ONLY
A4_A5_train_1m,train,1m,True,301,0.0039960039960039,59.16947313408952,58.6041908163292,59.67044263831211,uspto_backgrounds_c4,uspto_backgrounds,60.225468450326034,62.09316382007678,59.17693645225037,0.0074633181608447785,58.6041908163292,59.67710159019349,1.0729107738642867,C4_SENSITIVITY_ONLY
A4_A5_train_1m,train,1m,True,302,0.055055055055055,60.08628370764732,59.38824313576939,60.60646717377899,uspto_backgrounds_c4,uspto_backgrounds,60.225468450326034,62.09316382007678,60.189109779055016,0.10282607140769784,59.38824313576939,60.69821106662916,1.30996793085977,C4_SENSITIVITY_ONLY
A4_A5_train_1m,train,1m,True,303,0.0,63.05257010029696,62.34247713955556,63.97939416830906,uspto_backgrounds_c4,uspto_backgrounds,60.225468450326034,62.09316382007678,63.05257010029696,0.0,62.34247713955556,63.97939416830906,1.6369170287534942,C4_SENSITIVITY_ONLY
A4_A5_train_1m,train,1m,True,304,0.5035035035035035,61.54481908778346,59.169333268698736,63.72886906417572,uspto_backgrounds_c4,uspto_backgrounds,60.225468450326034,62.09316382007678,62.48521024993023,0.9403911621467742,59.169333268698736,64.56790866606008,5.398575397361341,C4_SENSITIVITY_ONLY
A4_A5_train_1m,train,1m,True,305,0.003,60.24851635786427,58.806402410253554,62.509624915109846,uspto_backgrounds_c4,uspto_backgrounds,60.225468450326034,62.09316382007678,60.25411944397352,0.005603086109253752,58.806402410253554,62.51462412323479,3.708221712981235,C4_SENSITIVITY_ONLY
A4_A5_train_1m,train,1m,True,306,0.0,61.42424564400584,60.81940813341656,61.79412825823246,uspto_backgrounds_c4,uspto_backgrounds,60.225468450326034,62.09316382007678,61.42424564400584,0.0,60.81940813341656,61.79412825823246,0.974720124815903,C4_SENSITIVITY_ONLY
A4_A5_train_1m,train,1m,True,307,0.0,63.31669072047317,62.41927478245356,63.70672638964274,uspto_backgrounds_c4,uspto_backgrounds,60.225468450326034,62.09316382007678,63.31669072047317,0.0,62.41927478245356,63.70672638964274,1.2874516071891762,C4_SENSITIVITY_ONLY
A4_A5_train_1m,train,1m,True,308,0.032032032032032,62.31800694198257,61.0969071284705,62.97581116192856,uspto_backgrounds_c4,uspto_backgrounds,60.225468450326034,62.09316382007678,62.3778330198925,0.059826077909931996,61.0969071284705,63.029189426859574,1.932282298389076,C4_SENSITIVITY_ONLY
A4_A5_train_1m,train,1m,True,309,0.0,59.02221097343687,58.99100037735063,59.04928511668646,uspto_backgrounds_c4,uspto_backgrounds,60.225468450326034,62.09316382007678,59.02221097343687,0.0,58.99100037735063,59.04928511668646,0.058284739335832114,C4_SENSITIVITY_ONLY
A4_A5_train_1m,train,1m,True,310,0.0,60.26610977874783,59.85727495512701,60.44336038955953,uspto_backgrounds_c4,uspto_backgrounds,60.225468450326034,62.09316382007678,60.26610977874783,0.0,59.85727495512701,60.44336038955953,0.586085434432519,C4_SENSITIVITY_ONLY
A4_A5_train_1m,train,1m,True,311,0.0159999999999999,61.795924249371744,60.225971907508544,62.82437120454617,uspto_backgrounds_c4,uspto_backgrounds,60.225468450326034,62.09316382007678,61.82580737528776,0.029883125916015274,60.225971907508544,62.851033647879206,2.6250617403706613,C4_SENSITIVITY_ONLY
A4_A5_train_1m,train,1m,True,312,0.1411411411411411,63.48710717298143,62.861630800169095,64.10792314965452,uspto_backgrounds_c4,uspto_backgrounds,60.225468450326034,62.09316382007678,63.75071582877208,0.26360865579064807,62.861630800169095,64.3431211295068,1.4814903293377029,C4_SENSITIVITY_ONLY
A4_A5_train_1m,train,1m,True,313,0.0,62.00389424892421,61.949643646636346,62.02727891943167,uspto_backgrounds_c4,uspto_backgrounds,60.225468450326034,62.09316382007678,62.00389424892421,0.0,61.949643646636346,62.02727891943167,0.07763527279532667,C4_SENSITIVITY_ONLY
A4_A5_train_1m,train,1m,True,314,0.391,60.98593949924401,58.31424827387788,63.037522993850615,uspto_backgrounds_c4,uspto_backgrounds,60.225468450326034,62.09316382007678,61.716208388816554,0.7302688895725424,58.31424827387788,63.6890864528018,5.374838178923923,C4_SENSITIVITY_ONLY
A4_A5_train_1m,train,1m,True,315,0.0019980019980019,62.89171590240248,60.97938716562853,63.67896759657201,uspto_backgrounds_c4,uspto_backgrounds,60.225468450326034,62.09316382007678,62.895447561482904,0.0037316590804223893,60.97938716562853,63.682297072512696,2.702909906884166,C4_SENSITIVITY_ONLY
A4_A5_train_1m,train,1m,True,316,0.01001001001001,60.36395454541267,59.93836214035495,60.73990900870607,uspto_backgrounds_c4,uspto_backgrounds,60.225468450326034,62.09316382007678,60.38265019475952,0.01869564934685286,59.93836214035495,60.75658971649701,0.8182275761420641,C4_SENSITIVITY_ONLY
A4_A5_train_1m,train,1m,True,317,0.2252252252252252,63.12850157867554,61.95474137238244,64.33570995356357,uspto_backgrounds_c4,uspto_backgrounds,60.225468450326034,62.09316382007678,63.549153688979764,0.4206521103042249,61.95474137238244,64.71102587885974,2.7562845064773,C4_SENSITIVITY_ONLY
A4_A5_train_1m,train,1m,True,318,0.0,63.53456583607913,63.0273766478869,63.678447376324335,uspto_backgrounds_c4,uspto_backgrounds,60.225468450326034,62.09316382007678,63.53456583607913,0.0,63.0273766478869,63.678447376324335,0.651070728437432,C4_SENSITIVITY_ONLY
A4_A5_train_1m,train,1m,True,319,0.0,59.178393668153,57.884628542656486,59.75430859916061,uspto_backgrounds_c4,uspto_backgrounds,60.225468450326034,62.09316382007678,59.178393668153,0.0,57.884628542656486,59.75430859916061,1.869680056504123,C4_SENSITIVITY_ONLY
A4_A5_train_1m,train,1m,True,320,0.0,63.00298283174081,62.16304106883568,63.40432137341798,uspto_backgrounds_c4,uspto_backgrounds,60.225468450326034,62.09316382007678,63.00298283174081,0.0,62.16304106883568,63.40432137341798,1.2412803045822969,C4_SENSITIVITY_ONLY
A4_A5_train_1m,train,1m,True,321,0.1631631631631631,62.84194329132941,62.04242221896009,63.5793927709894,uspto_backgrounds_c4,uspto_backgrounds,60.225468450326034,62.09316382007678,63.146682375683135,0.3047390843537272,62.04242221896009,63.85128830798175,1.808866089021656,C4_SENSITIVITY_ONLY
A4_A5_train_1m,train,1m,True,322,0.2497502497502498,55.77619324460307,54.338916065420605,57.00251344338626,uspto_backgrounds_c4,uspto_backgrounds,60.225468450326034,62.09316382007678,56.24265062965571,0.46645738505263523,54.338916065420605,57.41869793597244,3.079781870551834,C4_SENSITIVITY_ONLY
A4_A5_train_1m,train,1m,True,323,0.057,61.401929172658086,59.471228624953305,63.67783129669124,uspto_backgrounds_c4,uspto_backgrounds,60.225468450326034,62.09316382007678,61.50838780873388,0.10645863607579287,59.471228624953305,63.772816251065194,4.301587626111889,C4_SENSITIVITY_ONLY
A4_A5_train_1m,train,1m,True,324,0.0,59.726395805559335,59.32492918609127,59.84492107660464,uspto_backgrounds_c4,uspto_backgrounds,60.225468450326034,62.09316382007678,59.726395805559335,0.0,59.32492918609127,59.84492107660464,0.5199918905133742,C4_SENSITIVITY_ONLY
A4_A5_train_1m,train,1m,True,325,0.0,61.79400511754312,60.98452381626803,62.29528918970859,uspto_backgrounds_c4,uspto_backgrounds,60.225468450326034,62.09316382007678,61.79400511754312,0.0,60.98452381626803,62.29528918970859,1.3107653734405602,C4_SENSITIVITY_ONLY
A4_A5_train_1m,train,1m,True,326,0.0,61.60564954270023,61.16226539206361,62.03934522845551,uspto_backgrounds_c4,uspto_backgrounds,60.225468450326034,62.09316382007678,61.60564954270023,0.0,61.16226539206361,62.03934522845551,0.8770798363918999,C4_SENSITIVITY_ONLY
A4_A5_train_1m,train,1m,True,327,0.0,61.840991983499,59.81878495638784,63.45520624012229,uspto_backgrounds_c4,uspto_backgrounds,60.225468450326034,62.09316382007678,61.840991983499,0.0,59.81878495638784,63.45520624012229,3.6364212837344496,C4_SENSITIVITY_ONLY
A4_A5_train_1m,train,1m,True,328,0.0,59.231387295747005,56.03252048079162,64.33239650105521,uspto_backgrounds_c4,uspto_backgrounds,60.225468450326034,62.09316382007678,59.231387295747005,0.0,56.03252048079162,64.33239650105521,8.299876020263596,C4_SENSITIVITY_ONLY
A4_A5_train_1m,train,1m,True,329,0.0,62.789328708597466,62.60669980703522,62.91239661898256,uspto_backgrounds_c4,uspto_backgrounds,60.225468450326034,62.09316382007678,62.789328708597466,0.0,62.60669980703522,62.91239661898256,0.30569681194734244,C4_SENSITIVITY_ONLY
A4_A5_train_1m,train,1m,True,330,0.1438561438561438,62.812858640455616,61.84858052494471,63.754294205044886,uspto_backgrounds_c4,uspto_backgrounds,60.225468450326034,62.09316382007678,63.081538094245936,0.26867945379031966,61.84858052494471,63.994016472774526,2.1454359478298173,C4_SENSITIVITY_ONLY
A4_A5_train_1m,train,1m,True,331,0.549,60.91137422523731,57.85318155259471,63.66034553627812,uspto_backgrounds_c4,uspto_backgrounds,60.225468450326034,62.09316382007678,61.93673898323047,1.0253647579931595,57.85318155259471,64.57520062314309,6.722019070548377,C4_SENSITIVITY_ONLY
A4_A5_train_1m,train,1m,True,332,0.0569430569430569,60.69876429221311,58.44053608049802,63.50226391042316,uspto_backgrounds_c4,uspto_backgrounds,60.225468450326034,62.09316382007678,60.80511657600511,0.10635228379199901,58.44053608049802,63.59715397473281,5.156617894234792,C4_SENSITIVITY_ONLY
A4_A5_train_1m,train,1m,True,333,0.001001001001001,63.31519531983899,61.49314815644028,64.16876242992805,uspto_backgrounds_c4,uspto_backgrounds,60.225468450326034,62.09316382007678,63.31706488477368,0.0018695649346867071,61.49314815644028,64.17043050070714,2.677282344266864,C4_SENSITIVITY_ONLY
A4_A5_train_1m,train,1m,True,334,0.0,62.22062729217869,61.44484835840816,62.55470185018261,uspto_backgrounds_c4,uspto_backgrounds,60.225468450326034,62.09316382007678,62.22062729217869,0.0,61.44484835840816,62.55470185018261,1.1098534917744516,C4_SENSITIVITY_ONLY
A4_A5_train_1m,train,1m,True,335,0.0,59.63534526479658,56.60405073388832,64.05383395306515,uspto_backgrounds_c4,uspto_backgrounds,60.225468450326034,62.09316382007678,59.63534526479658,0.0,56.60405073388832,64.05383395306515,7.44978321917683,C4_SENSITIVITY_ONLY
A4_A5_train_1m,train,1m,True,336,0.0,60.8237549014092,59.080204865281054,61.62902139882011,uspto_backgrounds_c4,uspto_backgrounds,60.225468450326034,62.09316382007678,60.8237549014092,0.0,59.080204865281054,61.62902139882011,2.5488165335390534,C4_SENSITIVITY_ONLY
A4_A5_train_1m,train,1m,True,337,0.001,63.97558334436721,63.87722127435892,64.01660837737991,uspto_backgrounds_c4,uspto_backgrounds,60.225468450326034,62.09316382007678,63.97745103973696,0.0018676953697536192,63.87722127435892,64.01827478008822,0.1410535057293032,C4_SENSITIVITY_ONLY
A4_A5_train_1m,train,1m,True,338,0.223,59.6915052513856,57.666859210769786,62.338856572974194,uspto_backgrounds_c4,uspto_backgrounds,60.225468450326034,62.09316382007678,60.10800131884002,0.4164960674544176,57.666859210769786,62.71046437692845,5.043605166158663,C4_SENSITIVITY_ONLY
A4_A5_train_1m,train,1m,True,339,0.0,62.798977173061495,61.43693788805932,63.45329351025006,uspto_backgrounds_c4,uspto_backgrounds,60.225468450326034,62.09316382007678,62.798977173061495,0.0,61.43693788805932,63.45329351025006,2.016355622190744,C4_SENSITIVITY_ONLY
A4_A5_train_1m,train,1m,True,340,0.04,62.686987945631365,60.652460083928815,64.22557698049428,uspto_backgrounds_c4,uspto_backgrounds,60.225468450326034,62.09316382007678,62.7616957604214,0.07470781479003108,60.652460083928815,64.29223308882689,3.6397730048980748,C4_SENSITIVITY_ONLY
A4_A5_train_1m,train,1m,True,341,0.0,59.053553116146766,56.33869725834931,62.902086111184815,uspto_backgrounds_c4,uspto_backgrounds,60.225468450326034,62.09316382007678,59.053553116146766,0.0,56.33869725834931,62.902086111184815,6.5633888528355016,C4_SENSITIVITY_ONLY
A4_A5_train_1m,train,1m,True,342,0.093093093093093,63.4274381028098,62.54888167571897,64.29795032251953,uspto_backgrounds_c4,uspto_backgrounds,60.225468450326034,62.09316382007678,63.601307641735545,0.17386953892574297,62.54888167571897,64.45308090497528,1.9041992292563137,C4_SENSITIVITY_ONLY
A4_A5_train_1m,train,1m,True,343,0.0579420579420579,57.809485693412256,56.20036226866189,59.46231121231243,uspto_backgrounds_c4,uspto_backgrounds,60.225468450326034,62.09316382007678,57.91770380674447,0.10821811333221376,56.20036226866189,59.558866014592425,3.358503745930534,C4_SENSITIVITY_ONLY
A4_A5_train_1m,train,1m,True,344,0.0,54.35554172835515,54.24539964797757,54.39724954428867,uspto_backgrounds_c4,uspto_backgrounds,60.225468450326034,62.09316382007678,54.35554172835515,0.0,54.24539964797757,54.39724954428867,0.15184989631109858,C4_SENSITIVITY_ONLY
A4_A5_train_1m,train,1m,True,345,0.312,61.21545346372452,59.78279750699009,62.544288849964346,uspto_backgrounds_c4,uspto_backgrounds,60.225468450326034,62.09316382007678,61.798174419086756,0.5827209553622339,59.78279750699009,63.06420649495865,3.281408987968554,C4_SENSITIVITY_ONLY
A4_A5_train_1m,train,1m,True,346,0.212,62.45211105127719,60.9503881388667,63.63974019032105,uspto_backgrounds_c4,uspto_backgrounds,60.225468450326034,62.09316382007678,62.84806246966435,0.3959514183871562,60.9503881388667,63.99301756448384,3.042629425617143,C4_SENSITIVITY_ONLY
A4_A5_train_1m,train,1m,True,347,0.0,61.47589523122591,61.37494692085208,61.519237296644114,uspto_backgrounds_c4,uspto_backgrounds,60.225468450326034,62.09316382007678,61.47589523122591,0.0,61.37494692085208,61.519237296644114,0.14429037579203197,C4_SENSITIVITY_ONLY
A4_A5_train_1m,train,1m,True,348,0.0,60.129656347900806,58.002902295335545,63.45484712528209,uspto_backgrounds_c4,uspto_backgrounds,60.225468450326034,62.09316382007678,60.129656347900806,0.0,58.002902295335545,63.45484712528209,5.451944829946548,C4_SENSITIVITY_ONLY
A4_A5_train_1m,train,1m,True,349,0.0,61.551309299477744,60.18598877750441,62.64365055928528,uspto_backgrounds_c4,uspto_backgrounds,60.225468450326034,62.09316382007678,61.551309299477744,0.0,60.18598877750441,62.64365055928528,2.457661781780864,C4_SENSITIVITY_ONLY
A4_A5_train_1m,train,1m,True,350,0.0029940119760479,60.15730069481977,59.31638576692271,60.763063281808016,uspto_backgrounds_c4,uspto_backgrounds,60.225468450326034,62.09316382007678,60.16289259712441,0.005591902304644236,59.31638576692271,60.76805251147363,1.45166674455092,C4_SENSITIVITY_ONLY
A4_A5_train_1m,train,1m,True,351,0.0119880119880119,62.433455580795126,61.808921866508896,63.1551506854081,uspto_backgrounds_c4,uspto_backgrounds,60.225468450326034,62.09316382007678,62.45584553527765,0.02238995448252723,61.808921866508896,63.17512754105224,1.3662056745433446,C4_SENSITIVITY_ONLY
A4_A5_train_1m,train,1m,True,352,0.148,61.71050399641479,60.33104867366762,62.67949080059659,uspto_backgrounds_c4,uspto_backgrounds,60.225468450326034,62.09316382007678,61.9869229111379,0.2764189147231093,60.33104867366762,62.92611840142722,2.5950697277596007,C4_SENSITIVITY_ONLY
A4_A5_train_1m,train,1m,True,353,0.38,59.31966129351166,56.98556266412561,61.34432666786383,uspto_backgrounds_c4,uspto_backgrounds,60.225468450326034,62.09316382007678,60.02938553401694,0.709724240505281,56.98556266412561,61.97755969702356,4.991997032897949,C4_SENSITIVITY_ONLY
A4_A5_train_1m,train,1m,True,354,0.296,60.351234057358354,58.31908342230318,62.04622456664841,uspto_backgrounds_c4,uspto_backgrounds,60.225468450326034,62.09316382007678,60.90407188680457,0.5528378294462186,58.31908342230318,62.53947976830967,4.220396346006488,C4_SENSITIVITY_ONLY
A4_A5_train_1m,train,1m,True,355,0.0379620379620379,60.38789025870378,58.6655184222518,61.15303560799657,uspto_backgrounds_c4,uspto_backgrounds,60.225468450326034,62.09316382007678,60.458791781231774,0.07090152252799697,58.6655184222518,61.21629565086967,2.550777228617868,C4_SENSITIVITY_ONLY
A4_A5_train_1m,train,1m,True,356,0.0839160839160839,61.59725814573004,60.71464096057159,62.31578324233464,uspto_backgrounds_c4,uspto_backgrounds,60.225468450326034,62.09316382007678,61.75398782710772,0.1567296813776835,60.71464096057159,62.455621231843594,1.7409802712720008,C4_SENSITIVITY_ONLY
A4_A5_train_1m,train,1m,True,357,0.065,62.03566062509653,60.1766916577236,64.06922557580862,uspto_backgrounds_c4,uspto_backgrounds,60.225468450326034,62.09316382007678,62.15706082413033,0.1214001990338005,60.1766916577236,64.17754175184909,4.000850094125489,C4_SENSITIVITY_ONLY
A4_A5_train_1m,train,1m,True,358,0.004004004004004,63.01267483101743,62.225329515049125,63.47026000881334,uspto_backgrounds_c4,uspto_backgrounds,60.225468450326034,62.09316382007678,63.02015309075617,0.007478259738739723,62.225329515049125,63.47693229192972,1.2516027768805955,C4_SENSITIVITY_ONLY
A4_A5_train_1m,train,1m,True,359,0.259,60.55439752510481,58.41555544713589,63.275395492468014,uspto_backgrounds_c4,uspto_backgrounds,60.225468450326034,62.09316382007678,61.03813062587025,0.4837331007654413,58.41555544713589,63.70699379392161,5.291438346785725,C4_SENSITIVITY_ONLY
A4_A5_train_1m,train,1m,True,360,0.0039960039960039,56.23343574516869,55.6276180824412,56.522148850310565,uspto_backgrounds_c4,uspto_backgrounds,60.225468450326034,62.09316382007678,56.240899063329536,0.0074633181608447785,55.6276180824412,56.52880780219194,0.9011897197507395,C4_SENSITIVITY_ONLY
A4_A5_train_1m,train,1m,True,361,0.001,53.498365138585655,53.0604530520756,53.67267553700514,uspto_backgrounds_c4,uspto_backgrounds,60.225468450326034,62.09316382007678,53.50023283395541,0.0018676953697536192,53.0604530520756,53.67434193971346,0.6138888876378559,C4_SENSITIVITY_ONLY
A4_A5_train_1m,train,1m,True,362,0.002002002002002,52.49446966676674,52.37295068194753,52.58709418942201,uspto_backgrounds_c4,uspto_backgrounds,60.225468450326034,62.09316382007678,52.49820879663611,0.0037391298693734143,52.37295068194753,52.5904303309802,0.21747964903266848,C4_SENSITIVITY_ONLY
A4_A5_train_1m,train,1m,True,363,0.0250501002004008,61.87088200077022,60.884789848162775,62.42183289357833,uspto_backgrounds_c4,uspto_backgrounds,60.225468450326034,62.09316382007678,61.9176679569263,0.04678595615607861,60.884789848162775,62.46357644839585,1.578786600233073,C4_SENSITIVITY_ONLY
A4_A5_train_1m,train,1m,True,364,0.046046046046046,61.46175545302286,60.270571805262655,62.19180516795751,uspto_backgrounds_c4,uspto_backgrounds,60.225468450326034,62.09316382007678,61.54775544001839,0.08599998699553169,60.270571805262655,62.268536423795844,1.9979646185331887,C4_SENSITIVITY_ONLY
A4_A5_train_1m,train,1m,True,365,0.023,62.027163274630816,61.19790116450641,62.5457158354415,uspto_backgrounds_c4,uspto_backgrounds,60.225468450326034,62.09316382007678,62.070120268135085,0.04295699350426929,61.19790116450641,62.584043097732746,1.3861419332263338,C4_SENSITIVITY_ONLY
A4_A5_train_1m,train,1m,True,366,0.0,56.09429839118839,55.95740707812575,56.17654531729634,uspto_backgrounds_c4,uspto_backgrounds,60.225468450326034,62.09316382007678,56.09429839118839,0.0,55.95740707812575,56.17654531729634,0.21913823917059005,C4_SENSITIVITY_ONLY
A4_A5_train_1m,train,1m,True,367,0.042042042042042,60.3860619968295,58.87819750960791,61.27675893491493,uspto_backgrounds_c4,uspto_backgrounds,60.225468450326034,62.09316382007678,60.46458372408628,0.07852172725678486,58.87819750960791,61.34681790763688,2.4686203980289747,C4_SENSITIVITY_ONLY
A4_A5_train_1m,train,1m,True,368,0.1398601398601399,59.99471072833681,58.86522200405387,61.156192769258205,uspto_backgrounds_c4,uspto_backgrounds,60.225468450326034,62.09316382007678,60.25592686396629,0.2612161356294749,58.86522200405387,61.38925608510647,2.524034081052598,C4_SENSITIVITY_ONLY
A4_A5_train_1m,train,1m,True,369,0.192,57.85925263790899,56.88913374338548,58.78877784032088,uspto_backgrounds_c4,uspto_backgrounds,60.225468450326034,62.09316382007678,58.21785014890113,0.35859751099214066,56.88913374338548,59.10872716031737,2.219593416931893,C4_SENSITIVITY_ONLY
A4_A5_train_1m,train,1m,True,370,0.0,61.95918123174796,60.59142165074795,63.81940342557989,uspto_backgrounds_c4,uspto_backgrounds,60.225468450326034,62.09316382007678,61.95918123174796,0.0,60.59142165074795,63.81940342557989,3.227981774831946,C4_SENSITIVITY_ONLY
A4_A5_train_1m,train,1m,True,371,0.072,62.87574848865519,60.70831597331626,64.10374308757152,uspto_backgrounds_c4,uspto_backgrounds,60.225468450326034,62.09316382007678,63.010222555277245,0.13447406662205452,60.70831597331626,64.2237240825702,3.51540810925394,C4_SENSITIVITY_ONLY
A4_A5_train_1m,train,1m,True,372,0.0,62.36293175890346,60.39952139227597,63.21379303204471,uspto_backgrounds_c4,uspto_backgrounds,60.225468450326034,62.09316382007678,62.36293175890346,0.0,60.39952139227597,63.21379303204471,2.814271639768741,C4_SENSITIVITY_ONLY
A4_A5_train_1m,train,1m,True,373,0.269,62.60590226654092,60.25909315608305,64.29780704630012,uspto_backgrounds_c4,uspto_backgrounds,60.225468450326034,62.09316382007678,63.10831232100387,0.5024100544629491,60.25909315608305,64.74606937483688,4.486976218753831,C4_SENSITIVITY_ONLY
A4_A5_train_1m,train,1m,True,374,0.3313313313313313,57.9518069233219,56.203555422224966,59.66846563610648,uspto_backgrounds_c4,uspto_backgrounds,60.225468450326034,62.09316382007678,58.57063291670278,0.6188259933808808,56.203555422224966,60.220597063986645,4.017041641761679,C4_SENSITIVITY_ONLY
A4_A5_train_1m,train,1m,True,375,0.235,58.63095070873858,57.14061071115543,59.82335808652602,uspto_backgrounds_c4,uspto_backgrounds,60.225468450326034,62.09316382007678,59.06985912063001,0.4389084118914255,57.14061071115543,60.21496272298006,3.0743520118246295,C4_SENSITIVITY_ONLY
A4_A5_train_1m,train,1m,True,376,0.465,62.266238713283215,60.18679240985298,64.24545588056466,uspto_backgrounds_c4,uspto_backgrounds,60.225468450326034,62.09316382007678,63.13471706021731,0.8684783469340971,60.18679240985298,65.02033313993117,4.833540730078191,C4_SENSITIVITY_ONLY
A4_A5_train_1m,train,1m,True,377,0.5285285285285285,61.69811614778892,59.34788291702797,63.96216857970573,uspto_backgrounds_c4,uspto_backgrounds,60.225468450326034,62.09316382007678,62.68524643330283,0.9871302855139064,59.34788291702797,64.84290995106744,5.495027034039474,C4_SENSITIVITY_ONLY
A4_A5_train_1m,train,1m,True,378,0.013,51.90822206927452,51.84800216491399,51.963773467174455,uspto_backgrounds_c4,uspto_backgrounds,60.225468450326034,62.09316382007678,51.932502109081284,0.024280039806761522,51.84800216491399,51.98543670238255,0.1374345374685575,C4_SENSITIVITY_ONLY
A4_A5_train_1m,train,1m,True,379,0.019019019019019,61.730413224637424,60.42394771845377,62.39422040451847,uspto_backgrounds_c4,uspto_backgrounds,60.225468450326034,62.09316382007678,61.76593495839645,0.03552173375902612,60.42394771845377,62.42591374932126,2.001966030867493,C4_SENSITIVITY_ONLY
A4_A5_train_1m,train,1m,True,380,0.0,58.54816648776184,56.43909878145018,61.73055036123289,uspto_backgrounds_c4,uspto_backgrounds,60.225468450326034,62.09316382007678,58.54816648776184,0.0,56.43909878145018,61.73055036123289,5.291451579782716,C4_SENSITIVITY_ONLY
A4_A5_train_1m,train,1m,True,381,0.0611222444889779,58.373220498745255,57.12369005941422,59.629657910101656,uspto_backgrounds_c4,uspto_backgrounds,60.225468450326034,62.09316382007678,58.487378231766094,0.1141577330208392,57.12369005941422,59.73151218385638,2.6078221244421584,C4_SENSITIVITY_ONLY
A4_A5_train_1m,train,1m,True,382,0.0,62.16509498436651,59.6600443089576,64.30246394966858,uspto_backgrounds_c4,uspto_backgrounds,60.225468450326034,62.09316382007678,62.16509498436651,0.0,59.6600443089576,64.30246394966858,4.642419640710976,C4_SENSITIVITY_ONLY
A4_A5_train_1m,train,1m,True,383,0.0,53.27951812863142,53.02255734571797,53.47752003092016,uspto_backgrounds_c4,uspto_backgrounds,60.225468450326034,62.09316382007678,53.27951812863142,0.0,53.02255734571797,53.47752003092016,0.4549626852021902,C4_SENSITIVITY_ONLY
A4_A5_train_1m,train,1m,True,384,0.0,59.41047191851256,58.54150770784711,60.1920562026469,uspto_backgrounds_c4,uspto_backgrounds,60.225468450326034,62.09316382007678,59.41047191851256,0.0,58.54150770784711,60.1920562026469,1.6505484947997928,C4_SENSITIVITY_ONLY
A4_A5_train_1m,train,1m,True,385,0.001001001001001,60.60712310858513,60.45011644450587,60.6533634507444,uspto_backgrounds_c4,uspto_backgrounds,60.225468450326034,62.09316382007678,60.608992673519815,0.0018695649346867071,60.45011644450587,60.6550315215235,0.20491507701762401,C4_SENSITIVITY_ONLY
A4_A5_train_1m,train,1m,True,386,0.544,61.653299759548176,58.343704697264414,64.3323965010552,uspto_backgrounds_c4,uspto_backgrounds,60.225468450326034,62.09316382007678,62.66932604069258,1.0160262811444056,58.343704697264414,65.2389195743786,6.895214877114185,C4_SENSITIVITY_ONLY
A4_A5_train_1m,train,1m,True,387,0.0140280561122244,59.40748710643668,56.3487942071282,64.24819524224618,uspto_backgrounds_c4,uspto_backgrounds,60.225468450326034,62.09316382007678,59.43368724188409,0.02620013544740374,56.3487942071282,64.27157163294399,7.922777425815788,C4_SENSITIVITY_ONLY
A4_A5_train_1m,train,1m,True,388,0.01,61.5366984404124,61.18758106344941,61.71647928468333,uspto_backgrounds_c4,uspto_backgrounds,60.225468450326034,62.09316382007678,61.55537539410991,0.01867695369750777,61.18758106344941,61.73314331176648,0.5455622483170757,C4_SENSITIVITY_ONLY
A4_A5_train_1m,train,1m,True,389,0.0,61.391812397486845,61.3872994031355,61.393769009201776,uspto_backgrounds_c4,uspto_backgrounds,60.225468450326034,62.09316382007678,61.391812397486845,0.0,61.3872994031355,61.393769009201776,0.006469606066275446,C4_SENSITIVITY_ONLY
A4_A5_train_1m,train,1m,True,390,0.1037924151696606,62.92251376746798,61.25973468462143,64.25066594158405,uspto_backgrounds_c4,uspto_backgrounds,60.225468450326034,62.09316382007678,63.1163663806956,0.19385261322761949,61.25973468462143,64.42362590332533,3.1638912187039026,C4_SENSITIVITY_ONLY
A4_A5_train_1m,train,1m,True,391,0.0,63.69043718264748,62.37264283205318,64.26176780340614,uspto_backgrounds_c4,uspto_backgrounds,60.225468450326034,62.09316382007678,63.69043718264748,0.0,62.37264283205318,64.26176780340614,1.8891249713529632,C4_SENSITIVITY_ONLY
A4_A5_train_1m,train,1m,True,392,0.0,62.21155905940756,61.16060533055117,63.29704627788629,uspto_backgrounds_c4,uspto_backgrounds,60.225468450326034,62.09316382007678,62.21155905940756,0.0,61.16060533055117,63.29704627788629,2.1364409473351174,C4_SENSITIVITY_ONLY
A4_A5_train_1m,train,1m,True,393,0.0219999999999999,60.391066488104656,59.09897489585197,61.668596452129805,uspto_backgrounds_c4,uspto_backgrounds,60.225468450326034,62.09316382007678,60.43215578623917,0.04108929813451567,59.09897489585197,61.705257311712735,2.6062824158607683,C4_SENSITIVITY_ONLY
A4_A5_train_1m,train,1m,True,394,0.0,63.27993218821175,61.05079698885967,64.24394228345064,uspto_backgrounds_c4,uspto_backgrounds,60.225468450326034,62.09316382007678,63.27993218821175,0.0,61.05079698885967,64.24394228345064,3.1931452945909626,C4_SENSITIVITY_ONLY
A4_A5_train_1m,train,1m,True,395,0.0,61.93400057792041,61.29808902445355,62.662977463058745,uspto_backgrounds_c4,uspto_backgrounds,60.225468450326034,62.09316382007678,61.93400057792041,0.0,61.29808902445355,62.662977463058745,1.3648884386051918,C4_SENSITIVITY_ONLY
A4_A5_train_1m,train,1m,True,396,0.1368631368631369,60.57786152933463,59.99725092996336,61.14517795321576,uspto_backgrounds_c4,uspto_backgrounds,60.225468450326034,62.09316382007678,60.83348017634348,0.25561864700884485,59.99725092996336,61.37324705515298,1.3759961251896229,C4_SENSITIVITY_ONLY
A4_A5_train_1m,train,1m,True,397,0.0,59.13743971146607,57.698725774564544,60.44470297908793,uspto_backgrounds_c4,uspto_backgrounds,60.225468450326034,62.09316382007678,59.13743971146607,0.0,57.698725774564544,60.44470297908793,2.745977204523385,C4_SENSITIVITY_ONLY
A4_A5_train_1m,train,1m,True,398,0.1422845691382765,62.579041261354256,61.06129369222857,63.81130288726015,uspto_backgrounds_c4,uspto_backgrounds,60.225468450326034,62.09316382007678,62.844785492320796,0.2657442309665399,61.06129369222857,64.04840627862362,2.9871125863950496,C4_SENSITIVITY_ONLY
A4_A5_train_1m,train,1m,True,399,0.0,62.45516726192459,62.042043922143485,62.63665307109204,uspto_backgrounds_c4,uspto_backgrounds,60.225468450326034,62.09316382007678,62.45516726192459,0.0,62.042043922143485,62.63665307109204,0.5946091489485568,C4_SENSITIVITY_ONLY
A4_A5_train_1m,train,1m,True,400,0.058,59.61602137307996,58.50727481282282,60.23380590459901,uspto_backgrounds_c4,uspto_backgrounds,60.225468450326034,62.09316382007678,59.724347704525506,0.10832633144554649,58.50727481282282,60.33045726168128,1.8231824488584607,C4_SENSITIVITY_ONLY
A4_A5_train_1m,train,1m,True,401,0.1531531531531531,61.72507861721846,60.03945535586072,63.12673714830748,uspto_backgrounds_c4,uspto_backgrounds,60.225468450326034,62.09316382007678,62.01112205222533,0.28604343500687435,60.03945535586072,63.38195197750888,3.3424966216481664,C4_SENSITIVITY_ONLY
A4_A5_train_1m,train,1m,True,402,0.0,62.144564994181,60.87381573193996,63.583190261625134,uspto_backgrounds_c4,uspto_backgrounds,60.225468450326034,62.09316382007678,62.144564994181,0.0,60.87381573193996,63.583190261625134,2.709374529685171,C4_SENSITIVITY_ONLY
A4_A5_train_1m,train,1m,True,403,0.0,62.59708074728066,61.388302199089765,63.73811866522264,uspto_backgrounds_c4,uspto_backgrounds,60.225468450326034,62.09316382007678,62.59708074728066,0.0,61.388302199089765,63.73811866522264,2.3498164661328786,C4_SENSITIVITY_ONLY
A4_A5_train_1m,train,1m,True,404,0.0,62.18919680493151,61.33069389144429,62.56481496662442,uspto_backgrounds_c4,uspto_backgrounds,60.225468450326034,62.09316382007678,62.18919680493151,0.0,61.33069389144429,62.56481496662442,1.234121075180127,C4_SENSITIVITY_ONLY
A4_A5_train_1m,train,1m,True,405,0.6326326326326326,60.68510916039871,57.077653220095385,64.30917579934248,uspto_backgrounds_c4,uspto_backgrounds,60.225468450326034,62.09316382007678,61.866674199119906,1.181565038721196,57.077653220095385,65.36339653172999,8.285743311634604,C4_SENSITIVITY_ONLY
A4_A5_train_1m,train,1m,True,406,0.0,62.1485545537884,60.38388821715799,63.32793708550688,uspto_backgrounds_c4,uspto_backgrounds,60.225468450326034,62.09316382007678,62.1485545537884,0.0,60.38388821715799,63.32793708550688,2.9440488683488937,C4_SENSITIVITY_ONLY
A4_A5_train_1m,train,1m,True,407,0.0,62.386221628759216,60.88698400313822,63.02876306738736,uspto_backgrounds_c4,uspto_backgrounds,60.225468450326034,62.09316382007678,62.386221628759216,0.0,60.88698400313822,63.02876306738736,2.1417790642491426,C4_SENSITIVITY_ONLY
A4_A5_train_1m,train,1m,True,408,0.0,52.88358810725688,52.7984848085541,52.98107651353719,uspto_backgrounds_c4,uspto_backgrounds,60.225468450326034,62.09316382007678,52.88358810725688,0.0,52.7984848085541,52.98107651353719,0.1825917049830892,C4_SENSITIVITY_ONLY
A4_A5_train_1m,train,1m,True,409,0.003,60.58712278624456,59.70530952456525,61.08329164928693,uspto_backgrounds_c4,uspto_backgrounds,60.225468450326034,62.09316382007678,60.59272587235381,0.005603086109253752,59.70530952456525,61.08829085741187,1.3829813328466187,C4_SENSITIVITY_ONLY
A4_A5_train_1m,train,1m,True,410,0.0,62.35099211231077,62.25432625849072,62.40099784815609,uspto_backgrounds_c4,uspto_backgrounds,60.225468450326034,62.09316382007678,62.35099211231077,0.0,62.25432625849072,62.40099784815609,0.14667158966536675,C4_SENSITIVITY_ONLY
A4_A5_train_1m,train,1m,True,411,0.0,62.0553907360592,60.06067516728218,63.12604440674479,uspto_backgrounds_c4,uspto_backgrounds,60.225468450326034,62.09316382007678,62.0553907360592,0.0,60.06067516728218,63.12604440674479,3.065369239462612,C4_SENSITIVITY_ONLY
A4_A5_train_1m,train,1m,True,412,0.005005005005005,62.76383786820264,62.674852144685055,62.82307871727102,uspto_backgrounds_c4,uspto_backgrounds,60.225468450326034,62.09316382007678,62.77318569287607,0.00934782467342643,62.674852144685055,62.831419071166486,0.15656692648143178,C4_SENSITIVITY_ONLY
A4_A5_train_1m,train,1m,True,413,0.2262262262262262,61.199778450577206,59.43526389274152,62.59123008184756,uspto_backgrounds_c4,uspto_backgrounds,60.225468450326034,62.09316382007678,61.62230012581611,0.4225216752389045,59.43526389274152,62.968214077922845,3.5329501851813276,C4_SENSITIVITY_ONLY
A4_A5_train_1m,train,1m,True,414,0.0,62.0971107067617,61.81145085151199,62.20168227639348,uspto_backgrounds_c4,uspto_backgrounds,60.225468450326034,62.09316382007678,62.0971107067617,0.0,61.81145085151199,62.20168227639348,0.39023142488148466,C4_SENSITIVITY_ONLY
A4_A5_train_1m,train,1m,True,415,0.0060120240480961,60.69942562784175,60.27245601556458,61.22906987329528,uspto_backgrounds_c4,uspto_backgrounds,60.225468450326034,62.09316382007678,60.710654257319206,0.01122862947745773,60.27245601556458,61.23908832645148,0.9666323108869008,C4_SENSITIVITY_ONLY
A4_A5_train_1m,train,1m,True,416,0.0,58.500135372783525,58.34128941767129,58.62369430510973,uspto_backgrounds_c4,uspto_backgrounds,60.225468450326034,62.09316382007678,58.500135372783525,0.0,58.34128941767129,58.62369430510973,0.28240488743843883,C4_SENSITIVITY_ONLY
A4_A5_train_1m,train,1m,True,417,0.002004008016032,61.742203219992525,61.32734539618151,62.00766274991535,uspto_backgrounds_c4,uspto_backgrounds,60.225468450326034,62.09316382007678,61.745946096485014,0.0037428764924882785,61.32734539618151,62.01100223430075,0.6836568381192407,C4_SENSITIVITY_ONLY
A4_A5_train_1m,train,1m,True,418,0.0,63.52181033869031,63.52181033869031,63.52181033869031,uspto_backgrounds_c4,uspto_backgrounds,60.225468450326034,62.09316382007678,63.52181033869031,0.0,63.52181033869031,63.52181033869031,0.0,C4_SENSITIVITY_ONLY
A4_A5_train_1m,train,1m,True,419,0.0009990009990009,60.67475375625687,59.92182787403287,61.34375797000922,uspto_backgrounds_c4,uspto_backgrounds,60.225468450326034,62.09316382007678,60.67661958579708,0.001865829540207642,59.92182787403287,61.345422707979566,1.4235948339466944,C4_SENSITIVITY_ONLY
A4_A5_train_1m,train,1m,True,420,0.014,57.92841592279107,57.43073997001289,58.25642477304974,uspto_backgrounds_c4,uspto_backgrounds,60.225468450326034,62.09316382007678,57.954563657967576,0.026147735176508036,57.43073997001289,58.27975441096615,0.8490144409532618,C4_SENSITIVITY_ONLY
A4_A5_train_1m,train,1m,True,421,0.019,62.608286314578166,61.54688477093419,63.11501949336531,uspto_backgrounds_c4,uspto_backgrounds,60.225468450326034,62.09316382007678,62.64377252660343,0.03548621202526192,61.54688477093419,63.1466811448233,1.599796373889106,C4_SENSITIVITY_ONLY
A4_A5_train_1m,train,1m,True,422,0.0809999999999999,59.23208895567269,57.76245386540674,60.8372547424655,uspto_backgrounds_c4,uspto_backgrounds,60.225468450326034,62.09316382007678,59.383372280622496,0.15128332494980867,57.76245386540674,60.97223336183902,3.209779496432276,C4_SENSITIVITY_ONLY
A4_A5_train_1m,train,1m,True,423,0.0,53.97716318220232,53.22887935914319,54.60729708927895,uspto_backgrounds_c4,uspto_backgrounds,60.225468450326034,62.09316382007678,53.97716318220232,0.0,53.22887935914319,54.60729708927895,1.3784177301357587,C4_SENSITIVITY_ONLY
A4_A5_train_1m,train,1m,True,424,0.3817635270541082,61.370557861110086,58.75257273517805,63.37792941491888,uspto_backgrounds_c4,uspto_backgrounds,60.225468450326034,62.09316382007678,62.08357583292876,0.7130179718186724,58.75257273517805,64.01410119033775,5.261528455159706,C4_SENSITIVITY_ONLY
A4_A5_train_1m,train,1m,True,425,0.0210420841683366,57.55226592118227,56.73745299071814,58.31556786695483,uspto_backgrounds_c4,uspto_backgrounds,60.225468450326034,62.09316382007678,57.59156612435338,0.03930020317110916,56.73745299071814,58.35063245300154,1.613179462283398,C4_SENSITIVITY_ONLY
A4_A5_train_1m,train,1m,True,426,0.0049950049950049,62.40651399484561,61.01202135001088,63.0228986615664,uspto_backgrounds_c4,uspto_backgrounds,60.225468450326034,62.09316382007678,62.41584314254666,0.00932914770105242,61.01202135001088,63.03122235141812,2.0192010014072395,C4_SENSITIVITY_ONLY
A4_A5_train_1m,train,1m,True,427,0.0,62.57736028220139,60.17444229444611,63.954244004461465,uspto_backgrounds_c4,uspto_backgrounds,60.225468450326034,62.09316382007678,62.57736028220139,0.0,60.17444229444611,63.954244004461465,3.779801710015356,C4_SENSITIVITY_ONLY
A4_A5_train_1m,train,1m,True,428,0.4289999999999999,60.61438395076239,57.588816555060255,63.95876819176202,uspto_backgrounds_c4,uspto_backgrounds,60.225468450326034,62.09316382007678,61.41562526438546,0.8012413136230734,57.588816555060255,64.67365495362918,7.084838398568927,C4_SENSITIVITY_ONLY
A4_A5_train_1m,train,1m,True,429,0.0,56.17393806795121,54.29069500269614,59.206183170577134,uspto_backgrounds_c4,uspto_backgrounds,60.225468450326034,62.09316382007678,56.17393806795121,0.0,54.29069500269614,59.206183170577134,4.915488167880994,C4_SENSITIVITY_ONLY
A4_A5_train_1m,train,1m,True,430,0.1431431431431431,61.62008483210467,60.110462749199705,62.64740840761997,uspto_backgrounds_c4,uspto_backgrounds,60.225468450326034,62.09316382007678,61.88743261776469,0.2673477856600144,60.110462749199705,62.88594252903044,2.7754797798307322,C4_SENSITIVITY_ONLY
A4_A5_train_1m,train,1m,True,431,0.0009990009990009,62.65997337369807,61.30592873429271,63.38230984780701,uspto_backgrounds_c4,uspto_backgrounds,60.225468450326034,62.09316382007678,62.66183920323828,0.001865829540207642,61.30592873429271,63.38397458577735,2.0780458514846387,C4_SENSITIVITY_ONLY
A4_A5_train_1m,train,1m,True,432,0.016,64.12542385620908,63.83829503510134,64.30730893206335,uspto_backgrounds_c4,uspto_backgrounds,60.225468450326034,62.09316382007678,64.1553069821251,0.029883125916015274,63.83829503510134,64.33397137539639,0.4956763402950486,C4_SENSITIVITY_ONLY
A4_A5_train_1m,train,1m,True,433,0.002,62.62174201523071,61.231138618303525,63.61428300040584,uspto_backgrounds_c4,uspto_backgrounds,60.225468450326034,62.09316382007678,62.62547740597021,0.003735390739500133,61.231138618303525,63.617615805822474,2.386477187518949,C4_SENSITIVITY_ONLY
A4_A5_train_1m,train,1m,True,434,0.002,61.10396918932187,60.21130212916705,61.71418615314982,uspto_backgrounds_c4,uspto_backgrounds,60.225468450326034,62.09316382007678,61.10770458006137,0.003735390739500133,60.21130212916705,61.71751895856645,1.5062168293993992,C4_SENSITIVITY_ONLY
A4_A5_train_1m,train,1m,True,435,0.0,63.35007921248479,61.0958385339853,64.3274067640908,uspto_backgrounds_c4,uspto_backgrounds,60.225468450326034,62.09316382007678,63.35007921248479,0.0,61.0958385339853,64.3274067640908,3.231568230105495,C4_SENSITIVITY_ONLY
A4_A5_train_1m,train,1m,True,436,0.0,60.31696664039431,59.74393632519843,61.16849853340775,uspto_backgrounds_c4,uspto_backgrounds,60.225468450326034,62.09316382007678,60.31696664039431,0.0,59.74393632519843,61.16849853340775,1.4245622082093163,C4_SENSITIVITY_ONLY
A4_A5_train_1m,train,1m,True,437,0.0,59.436164270547096,59.007345289428535,59.678499861191945,uspto_backgrounds_c4,uspto_backgrounds,60.225468450326034,62.09316382007678,59.436164270547096,0.0,59.007345289428535,59.678499861191945,0.6711545717634095,C4_SENSITIVITY_ONLY
A4_A5_train_1m,train,1m,True,438,0.0019980019980019,59.73872237042859,58.83993460937535,60.19611890071606,uspto_backgrounds_c4,uspto_backgrounds,60.225468450326034,62.09316382007678,59.74245402950901,0.0037316590804223893,58.83993460937535,60.19944837665675,1.359513767281399,C4_SENSITIVITY_ONLY
A4_A5_train_1m,train,1m,True,439,0.0,57.59684252627847,56.34227122848028,58.80484090178102,uspto_backgrounds_c4,uspto_backgrounds,60.225468450326034,62.09316382007678,57.59684252627847,0.0,56.34227122848028,58.80484090178102,2.4625696733007416,C4_SENSITIVITY_ONLY
A4_A5_train_1m,train,1m,True,440,0.2622622622622623,61.77991224798155,59.74252220122021,63.34516951763355,uspto_backgrounds_c4,uspto_backgrounds,60.225468450326034,62.09316382007678,62.26973826086913,0.4898260128875833,59.74252220122021,63.78220406175622,4.039681860536007,C4_SENSITIVITY_ONLY
A4_A5_train_1m,train,1m,True,441,0.0,62.06659208437056,61.36313237883867,62.442155372280325,uspto_backgrounds_c4,uspto_backgrounds,60.225468450326034,62.09316382007678,62.06659208437056,0.0,61.36313237883867,62.442155372280325,1.0790229934416544,C4_SENSITIVITY_ONLY
A4_A5_train_1m,train,1m,True,442,0.0990990990990991,62.43440095039916,60.44831062196096,63.58837908837676,uspto_backgrounds_c4,uspto_backgrounds,60.225468450326034,62.09316382007678,62.619487878933015,0.1850869285338561,60.44831062196096,63.75351809550708,3.305207473546126,C4_SENSITIVITY_ONLY
A4_A5_train_1m,train,1m,True,443,0.1301301301301301,61.874818038511705,60.21423354577638,63.98052808840432,uspto_backgrounds_c4,uspto_backgrounds,60.225468450326034,62.09316382007678,62.117861480020814,0.2430434415091085,60.21423354577638,64.19737728968656,3.9831437439101762,C4_SENSITIVITY_ONLY
A4_A5_train_1m,train,1m,True,444,0.0,64.3193971459079,64.30985368442857,64.33476325284688,uspto_backgrounds_c4,uspto_backgrounds,60.225468450326034,62.09316382007678,64.3193971459079,0.0,64.30985368442857,64.33476325284688,0.024909568418308936,C4_SENSITIVITY_ONLY
A4_A5_train_1m,train,1m,True,445,0.1964107676969092,59.921532317789,57.49804110646128,62.66959952082264,uspto_backgrounds_c4,uspto_backgrounds,60.225468450326034,62.09316382007678,60.28836779918571,0.36683548139670563,57.49804110646128,62.99689895605501,5.498857849593733,C4_SENSITIVITY_ONLY
A4_A5_train_1m,train,1m,True,446,0.0039960039960039,61.28427012247442,59.5494131442139,63.56550466535388,uspto_backgrounds_c4,uspto_backgrounds,60.225468450326034,62.09316382007678,61.29173344063526,0.0074633181608447785,59.5494131442139,63.572163617235255,4.022750473021354,C4_SENSITIVITY_ONLY
A4_A5_train_1m,train,1m,True,447,0.0919080919080918,62.42694535097078,60.73068308980715,63.414949596733415,uspto_backgrounds_c4,uspto_backgrounds,60.225468450326034,62.09316382007678,62.59860166867015,0.17165631769936596,60.73068308980715,63.56810549000513,2.8374224001979798,C4_SENSITIVITY_ONLY
A4_A5_train_1m,train,1m,True,448,0.1231231231231231,61.80335193624065,60.03049003437298,63.49750589032352,uspto_backgrounds_c4,uspto_backgrounds,60.225468450326034,62.09316382007678,62.03330842320696,0.22995648696630866,60.03049003437298,63.7026785961521,3.672188561779116,C4_SENSITIVITY_ONLY
A4_A5_train_1m,train,1m,True,449,0.0,62.48368562094518,61.41885820643651,62.9473915078097,uspto_backgrounds_c4,uspto_backgrounds,60.225468450326034,62.09316382007678,62.48368562094518,0.0,61.41885820643651,62.9473915078097,1.5285333013731872,C4_SENSITIVITY_ONLY
A4_A5_train_1m,train,1m,True,450,0.0,53.99412729267302,53.99182115432316,53.99505919539738,uspto_backgrounds_c4,uspto_backgrounds,60.225468450326034,62.09316382007678,53.99412729267302,0.0,53.99182115432316,53.99505919539738,0.003238041074219211,C4_SENSITIVITY_ONLY
A4_A5_train_1m,train,1m,True,451,0.271,56.88027892112083,55.4182280095262,58.10269957235687,uspto_backgrounds_c4,uspto_backgrounds,60.225468450326034,62.09316382007678,57.38642436632329,0.5061454452024563,55.4182280095262,58.55429470631025,3.1360666967840487,C4_SENSITIVITY_ONLY
A4_A5_train_1m,train,1m,True,452,0.0,63.32289106841555,61.7599148471796,64.12398927218088,uspto_backgrounds_c4,uspto_backgrounds,60.225468450326034,62.09316382007678,63.32289106841555,0.0,61.7599148471796,64.12398927218088,2.3640744250012773,C4_SENSITIVITY_ONLY
A4_A5_train_1m,train,1m,True,453,0.012,55.41460443128982,54.97906583036154,55.96583243565037,uspto_backgrounds_c4,uspto_backgrounds,60.225468450326034,62.09316382007678,55.437016775726825,0.022412344437007903,54.97906583036154,55.98582926815015,1.0067634377886066,C4_SENSITIVITY_ONLY
A4_A5_train_1m,train,1m,True,454,0.002002002002002,59.84287584721674,58.30040821851172,60.84749456805128,uspto_backgrounds_c4,uspto_backgrounds,60.225468450326034,62.09316382007678,59.84661497708611,0.0037391298693734143,58.30040821851172,60.85083070960947,2.5504224910977484,C4_SENSITIVITY_ONLY
A4_A5_train_1m,train,1m,True,455,0.0,58.04055168742042,56.49447967841311,60.29476621635407,uspto_backgrounds_c4,uspto_backgrounds,60.225468450326034,62.09316382007678,58.04055168742042,0.0,56.49447967841311,60.29476621635407,3.8002865379409627,C4_SENSITIVITY_ONLY
A4_A5_train_1m,train,1m,True,456,0.0359640359640359,60.55842328736711,57.73884453626109,64.3352370760827,uspto_backgrounds_c4,uspto_backgrounds,60.225468450326034,62.09316382007678,60.625593150814694,0.06716986344758169,57.73884453626109,64.39516764301511,6.656323106754023,C4_SENSITIVITY_ONLY
A4_A5_train_1m,train,1m,True,457,0.0029970029970029,63.43962643533731,62.41635750655212,63.90812996009092,uspto_backgrounds_c4,uspto_backgrounds,60.225468450326034,62.09316382007678,63.44522392395794,0.005597488620630031,62.41635750655212,63.91312417400195,1.4967666674498332,C4_SENSITIVITY_ONLY
A4_A5_train_1m,train,1m,True,458,0.015015015015015,54.09051936043153,53.31587712300692,55.11547343260227,uspto_backgrounds_c4,uspto_backgrounds,60.225468450326034,62.09316382007678,54.11856283445181,0.02804347402027929,53.31587712300692,55.14049449428868,1.8246173712817608,C4_SENSITIVITY_ONLY
A4_A5_train_1m,train,1m,True,459,0.0,62.411461032071536,61.74812800810018,62.78754762992456,uspto_backgrounds_c4,uspto_backgrounds,60.225468450326034,62.09316382007678,62.411461032071536,0.0,61.74812800810018,62.78754762992456,1.0394196218243792,C4_SENSITIVITY_ONLY
A4_A5_train_1m,train,1m,True,460,0.055,63.7879704511106,63.52145791234808,64.05467679056362,uspto_backgrounds_c4,uspto_backgrounds,60.225468450326034,62.09316382007678,63.890693696446895,0.10272324533629273,63.52145791234808,64.14632893952094,0.6248710271728584,C4_SENSITIVITY_ONLY
A4_A5_train_1m,train,1m,True,461,0.0009990009990009,61.67779252933944,61.640600470923935,61.69872781160126,uspto_backgrounds_c4,uspto_backgrounds,60.225468450326034,62.09316382007678,61.67965835887965,0.001865829540207642,61.640600470923935,61.7003925495716,0.05979207864766778,C4_SENSITIVITY_ONLY
A4_A5_train_1m,train,1m,True,462,0.0,59.91198358083837,58.10127166460464,62.36346561343678,uspto_backgrounds_c4,uspto_backgrounds,60.225468450326034,62.09316382007678,59.91198358083837,0.0,58.10127166460464,62.36346561343678,4.262193948832142,C4_SENSITIVITY_ONLY
A4_A5_train_1m,train,1m,True,463,0.019,62.503107627853005,61.19231139364886,63.11388554280341,uspto_backgrounds_c4,uspto_backgrounds,60.225468450326034,62.09316382007678,62.53859383987827,0.03548621202526192,61.19231139364886,63.1455471942614,1.9532358006125392,C4_SENSITIVITY_ONLY
A4_A5_train_1m,train,1m,True,464,0.0,62.453350393714935,60.57512670874207,63.36725195602102,uspto_backgrounds_c4,uspto_backgrounds,60.225468450326034,62.09316382007678,62.453350393714935,0.0,60.57512670874207,63.36725195602102,2.7921252472789533,C4_SENSITIVITY_ONLY
A4_A5_train_1m,train,1m,True,465,0.0,51.81511625420505,51.81511625420505,51.81511625420505,uspto_backgrounds_c4,uspto_backgrounds,60.225468450326034,62.09316382007678,51.81511625420505,0.0,51.81511625420505,51.81511625420505,0.0,C4_SENSITIVITY_ONLY
A4_A5_train_1m,train,1m,True,466,0.2444889779559118,60.9929031612761,58.79422169740754,63.46299361185261,uspto_backgrounds_c4,uspto_backgrounds,60.225468450326034,62.09316382007678,61.449534093359446,0.4566309320833497,58.79422169740754,63.870410706871525,5.076189009463988,C4_SENSITIVITY_ONLY
A4_A5_train_1m,train,1m,True,467,0.0,59.75547690529132,57.05473677755328,63.3062584681628,uspto_backgrounds_c4,uspto_backgrounds,60.225468450326034,62.09316382007678,59.75547690529132,0.0,57.05473677755328,63.3062584681628,6.251521690609522,C4_SENSITIVITY_ONLY
A4_A5_train_1m,train,1m,True,468,0.0,55.10023739775842,55.10023739775842,55.10023739775842,uspto_backgrounds_c4,uspto_backgrounds,60.225468450326034,62.09316382007678,55.10023739775842,0.0,55.10023739775842,55.10023739775842,0.0,C4_SENSITIVITY_ONLY
A4_A5_train_1m,train,1m,True,469,0.18,61.095494380416845,60.03364395129826,62.19277375786025,uspto_backgrounds_c4,uspto_backgrounds,60.225468450326034,62.09316382007678,61.43167954697198,0.33618516655513275,60.03364395129826,62.49272624535696,2.459082294058703,C4_SENSITIVITY_ONLY
A4_A5_train_1m,train,1m,True,470,0.0,60.64296315442122,59.82393926354772,61.23708813438522,uspto_backgrounds_c4,uspto_backgrounds,60.225468450326034,62.09316382007678,60.64296315442122,0.0,59.82393926354772,61.23708813438522,1.413148870837496,C4_SENSITIVITY_ONLY
A4_A5_train_1m,train,1m,True,471,0.0939060939060938,58.66510591995358,56.45503939192492,61.86638142367656,uspto_backgrounds_c4,uspto_backgrounds,60.225468450326034,62.09316382007678,58.84049389673337,0.17538797677978835,56.45503939192492,62.02286679288896,5.567827400964042,C4_SENSITIVITY_ONLY
A4_A5_train_1m,train,1m,True,472,0.0,60.3789838245466,59.75907852960115,60.74136142786455,uspto_backgrounds_c4,uspto_backgrounds,60.225468450326034,62.09316382007678,60.3789838245466,0.0,59.75907852960115,60.74136142786455,0.9822828982633993,C4_SENSITIVITY_ONLY
A4_A5_train_1m,train,1m,True,473,0.0799200799200799,62.33311266981711,59.8402160388754,64.07818775341855,uspto_backgrounds_c4,uspto_backgrounds,60.225468450326034,62.09316382007678,62.48237903303396,0.14926636321684583,59.8402160388754,64.21136679104612,4.3711507521707205,C4_SENSITIVITY_ONLY
A4_A5_train_1m,train,1m,True,474,0.0,63.64368679114683,63.42348166185847,63.79265648271949,uspto_backgrounds_c4,uspto_backgrounds,60.225468450326034,62.09316382007678,63.64368679114683,0.0,63.42348166185847,63.79265648271949,0.36917482086101927,C4_SENSITIVITY_ONLY
A4_A5_train_1m,train,1m,True,475,0.0179820179820179,63.562582381894345,62.94829090984982,63.99453870231845,uspto_backgrounds_c4,uspto_backgrounds,60.225468450326034,62.09316382007678,63.59616731361813,0.03358493172378729,62.94829090984982,64.02450398578466,1.0762130759348452,C4_SENSITIVITY_ONLY
A4_A5_train_1m,train,1m,True,476,0.0,61.4902710520407,60.68508471975255,61.8372142622301,uspto_backgrounds_c4,uspto_backgrounds,60.225468450326034,62.09316382007678,61.4902710520407,0.0,60.68508471975255,61.8372142622301,1.152129542477546,C4_SENSITIVITY_ONLY
A4_A5_train_1m,train,1m,True,477,0.021021021021021,60.73826428447414,59.891574206924325,61.448857530980106,uspto_backgrounds_c4,uspto_backgrounds,60.225468450326034,62.09316382007678,60.777525148102534,0.03926086362839243,59.891574206924325,61.48388701734108,1.5923128104167574,C4_SENSITIVITY_ONLY
A4_A5_train_1m,train,1m,True,478,0.1488511488511488,61.11492847038316,59.98029437675916,61.975103651118616,uspto_backgrounds_c4,uspto_backgrounds,60.225468450326034,62.09316382007678,61.392937071874535,0.2780086014913721,59.98029437675916,62.22314960869998,2.2428552319408155,C4_SENSITIVITY_ONLY
A4_A5_train_1m,train,1m,True,479,0.0,62.31831822331178,61.7872344590128,62.558769840051006,uspto_backgrounds_c4,uspto_backgrounds,60.225468450326034,62.09316382007678,62.31831822331178,0.0,61.7872344590128,62.558769840051006,0.7715353810382055,C4_SENSITIVITY_ONLY
A4_A5_train_1m,train,1m,True,480,0.0,63.78803436888637,63.47023331540494,63.929575346110624,uspto_backgrounds_c4,uspto_backgrounds,60.225468450326034,62.09316382007678,63.78803436888637,0.0,63.47023331540494,63.929575346110624,0.4593420307056846,C4_SENSITIVITY_ONLY
A4_A5_train_1m,train,1m,True,481,0.327,62.269104172712645,59.90736059151766,64.04258208066194,uspto_backgrounds_c4,uspto_backgrounds,60.225468450326034,62.09316382007678,62.87984055862114,0.6107363859084955,59.90736059151766,64.58749576628097,4.680135174763308,C4_SENSITIVITY_ONLY
A4_A5_train_1m,train,1m,True,482,0.007007007007007,62.94399510571217,60.83719224133464,63.96981231534332,uspto_backgrounds_c4,uspto_backgrounds,60.225468450326034,62.09316382007678,62.95708206025497,0.013086954542799845,60.83719224133464,63.981488810796975,3.144296569462334,C4_SENSITIVITY_ONLY
A4_A5_train_1m,train,1m,True,483,0.5454545454545454,59.87856335408465,57.45380019231845,62.19628592689519,uspto_backgrounds_c4,uspto_backgrounds,60.225468450326034,62.09316382007678,60.897306283039605,1.018742928954957,57.45380019231845,63.10523285870341,5.651432666384963,C4_SENSITIVITY_ONLY
A4_A5_train_1m,train,1m,True,484,0.043043043043043,62.537680009881306,62.03829536182846,62.93180209976997,uspto_backgrounds_c4,uspto_backgrounds,60.225468450326034,62.09316382007678,62.61807130207278,0.08039129219147156,62.03829536182846,63.00352914327102,0.9652337814425564,C4_SENSITIVITY_ONLY
A4_A5_train_1m,train,1m,True,485,0.0229770229770229,58.31307707943339,57.754025424716616,58.59299457338669,uspto_backgrounds_c4,uspto_backgrounds,60.225468450326034,62.09316382007678,58.35599115885823,0.04291407942483971,57.754025424716616,58.631283546704616,0.8772581219879996,C4_SENSITIVITY_ONLY
A4_A5_train_1m,train,1m,True,486,0.3093093093093093,61.64150757155658,59.54191764840735,63.16777444449224,uspto_backgrounds_c4,uspto_backgrounds,60.225468450326034,62.09316382007678,62.21920313637438,0.5776955648178017,59.54191764840735,63.683208315232335,4.141290666824986,C4_SENSITIVITY_ONLY
A4_A5_train_1m,train,1m,True,487,0.0,62.46310532354157,61.505578021781815,64.00483805308616,uspto_backgrounds_c4,uspto_backgrounds,60.225468450326034,62.09316382007678,62.46310532354157,0.0,61.505578021781815,64.00483805308616,2.4992600313043454,C4_SENSITIVITY_ONLY
A4_A5_train_1m,train,1m,True,488,0.0,54.346013250405576,54.32386786166956,54.36592030110036,uspto_backgrounds_c4,uspto_backgrounds,60.225468450326034,62.09316382007678,54.346013250405576,0.0,54.32386786166956,54.36592030110036,0.042052439430797506,C4_SENSITIVITY_ONLY
A4_A5_train_1m,train,1m,True,489,0.0029940119760479,61.13191736172891,59.08130399017479,63.59002508544275,uspto_backgrounds_c4,uspto_backgrounds,60.225468450326034,62.09316382007678,61.137509264033554,0.005591902304644236,59.08130399017479,63.59501431510836,4.5137103249335695,C4_SENSITIVITY_ONLY
A4_A5_train_1m,train,1m,True,490,0.017017017017017,59.49355433332217,56.4063509082634,64.31642946563777,uspto_backgrounds_c4,uspto_backgrounds,60.225468450326034,62.09316382007678,59.525336937211826,0.031782603889652705,56.4063509082634,64.34478666888236,7.938435760618965,C4_SENSITIVITY_ONLY
A4_A5_train_1m,train,1m,True,491,0.093093093093093,62.49494160015838,61.480550174399234,63.289737524398944,uspto_backgrounds_c4,uspto_backgrounds,60.225468450326034,62.09316382007678,62.66881113908412,0.17386953892574297,61.480550174399234,63.4448681068547,1.9643179324554652,C4_SENSITIVITY_ONLY
A4_A5_train_1m,train,1m,True,492,0.5470941883767535,61.47371347042108,58.18571779608333,64.14924056677063,uspto_backgrounds_c4,uspto_backgrounds,60.225468450326034,62.09316382007678,62.49551875286989,1.0218052824488097,58.18571779608333,65.06091980398509,6.8752020079017555,C4_SENSITIVITY_ONLY
A4_A5_train_1m,train,1m,True,493,0.117,62.246551187019215,59.99471190740015,63.60588320313867,uspto_backgrounds_c4,uspto_backgrounds,60.225468450326034,62.09316382007678,62.465071545280054,0.2185203582608395,59.99471190740015,63.80085232001153,3.806140412611377,C4_SENSITIVITY_ONLY
A4_A5_train_1m,train,1m,True,494,0.0,60.243832407859486,57.67610264115348,63.75611123582048,uspto_backgrounds_c4,uspto_backgrounds,60.225468450326034,62.09316382007678,60.243832407859486,0.0,57.67610264115348,63.75611123582048,6.0800085946669995,C4_SENSITIVITY_ONLY
A4_A5_train_1m,train,1m,True,495,0.0,63.03416903188903,61.7666202082521,63.61296553063781,uspto_backgrounds_c4,uspto_backgrounds,60.225468450326034,62.09316382007678,63.03416903188903,0.0,61.7666202082521,63.61296553063781,1.8463453223857087,C4_SENSITIVITY_ONLY
A4_A5_train_1m,train,1m,True,496,0.1506986027944111,61.54858185294128,60.48487851297473,62.31190936175261,uspto_backgrounds_c4,uspto_backgrounds,60.225468450326034,62.09316382007678,61.83004093560831,0.2814590826670269,60.48487851297473,62.56303392158851,2.0781554086137817,C4_SENSITIVITY_ONLY
A4_A5_train_1m,train,1m,True,497,0.022,61.38038285966028,60.493206496221006,61.78137943867336,uspto_backgrounds_c4,uspto_backgrounds,60.225468450326034,62.09316382007678,61.421472157794796,0.04108929813451567,60.493206496221006,61.81804029825629,1.3248338020352861,C4_SENSITIVITY_ONLY
A4_A5_train_1m,train,1m,True,498,0.0,63.34133401920938,63.18923057224786,63.538835118951305,uspto_backgrounds_c4,uspto_backgrounds,60.225468450326034,62.09316382007678,63.34133401920938,0.0,63.18923057224786,63.538835118951305,0.3496045467034463,C4_SENSITIVITY_ONLY
A4_A5_train_1m,train,1m,True,499,0.0029940119760479,58.21232921466192,57.437563150391966,58.69792854449887,uspto_backgrounds_c4,uspto_backgrounds,60.225468450326034,62.09316382007678,58.217921116966565,0.005591902304644236,57.437563150391966,58.70291777416448,1.2653546237725166,C4_SENSITIVITY_ONLY
A4_A5_train_1m,train,1m,True,500,0.0,62.39026033033368,61.65761445148424,62.72164184808254,uspto_backgrounds_c4,uspto_backgrounds,60.225468450326034,62.09316382007678,62.39026033033368,0.0,61.65761445148424,62.72164184808254,1.0640273965982985,C4_SENSITIVITY_ONLY
A4_A5_train_1m,train,1m,True,501,0.3706293706293705,59.58436464956927,57.25352535650866,61.82517306406237,uspto_backgrounds_c4,uspto_backgrounds,60.225468450326034,62.09316382007678,60.276587408987375,0.6922227594181081,57.25352535650866,62.44279085106026,5.189265494551599,C4_SENSITIVITY_ONLY
A4_A5_train_1m,train,1m,True,502,0.3006012024048096,59.57437770304452,57.68147854135425,61.010540765434605,uspto_backgrounds_c4,uspto_backgrounds,60.225468450326034,62.09316382007678,60.13580917691749,0.5614314738729718,57.68147854135425,61.51146342324474,3.829984881890489,C4_SENSITIVITY_ONLY
A4_A5_train_1m,train,1m,True,503,0.001,63.57539673084873,63.23568610295081,63.79724542510712,uspto_backgrounds_c4,uspto_backgrounds,60.225468450326034,62.09316382007678,63.577264426218484,0.0018676953697536192,63.23568610295081,63.79891182781544,0.5632257248646297,C4_SENSITIVITY_ONLY
A4_A5_train_1m,train,1m,True,504,0.197,56.80494810436977,55.54316482864832,57.84996242970907,uspto_backgrounds_c4,uspto_backgrounds,60.225468450326034,62.09316382007678,57.172884092210666,0.36793598784089454,55.54316482864832,58.17824376324714,2.635078934598816,C4_SENSITIVITY_ONLY
A4_A5_train_1m,train,1m,True,505,0.1331331331331331,60.19534910284764,59.07772053032954,60.955306972298615,uspto_backgrounds_c4,uspto_backgrounds,60.225468450326034,62.09316382007678,60.444001239160805,0.24865213631316152,59.07772053032954,61.177160385918135,2.0994398555885923,C4_SENSITIVITY_ONLY
A4_A5_train_1m,train,1m,True,506,0.0849999999999999,60.658516230710575,58.69580598051168,62.65156100670736,uspto_backgrounds_c4,uspto_backgrounds,60.225468450326034,62.09316382007678,60.81727033713939,0.15875410642881604,58.69580598051168,62.79320523691414,4.097399256402461,C4_SENSITIVITY_ONLY
A4_A5_train_1m,train,1m,True,507,0.3803803803803804,58.61193226635702,56.36240537331342,60.582968115640654,uspto_backgrounds_c4,uspto_backgrounds,60.225468450326034,62.09316382007678,59.32236694153749,0.7104346751804655,56.36240537331342,61.21683501169643,4.85442963838301,C4_SENSITIVITY_ONLY
A4_A5_train_1m,train,1m,True,508,0.0,60.04073969012968,59.84435267129175,60.18316869337242,uspto_backgrounds_c4,uspto_backgrounds,60.225468450326034,62.09316382007678,60.04073969012968,0.0,59.84435267129175,60.18316869337242,0.3388160220806711,C4_SENSITIVITY_ONLY
A4_A5_train_1m,train,1m,True,509,0.0,62.89007431229553,62.78283302208624,62.937466271004624,uspto_backgrounds_c4,uspto_backgrounds,60.225468450326034,62.09316382007678,62.89007431229553,0.0,62.78283302208624,62.937466271004624,0.1546332489183868,C4_SENSITIVITY_ONLY
A4_A5_train_1m,train,1m,True,510,0.0,60.18127053309801,58.01808593111582,63.66425477260075,uspto_backgrounds_c4,uspto_backgrounds,60.225468450326034,62.09316382007678,60.18127053309801,0.0,58.01808593111582,63.66425477260075,5.646168841484929,C4_SENSITIVITY_ONLY
A4_A5_train_1m,train,1m,True,511,0.08008008008008,63.22926047756294,62.217416931226296,63.8703723333373,uspto_backgrounds_c4,uspto_backgrounds,60.225468450326034,62.09316382007678,63.378825672337776,0.1495651947748371,62.217416931226296,64.00381799566483,1.786401064438536,C4_SENSITIVITY_ONLY
A4_A5_train_1m,train,1m,True,512,0.049,63.55230512422695,63.34338629755419,63.75671218778629,uspto_backgrounds_c4,uspto_backgrounds,60.225468450326034,62.09316382007678,63.64382219734473,0.09151707311778523,63.34338629755419,63.83836592049373,0.4949796229395389,C4_SENSITIVITY_ONLY
A6_A7_test_1m,test,1m,True,1,0.005005005005005,63.59530217834434,62.36360357296689,64.17313150435582,uspto_backgrounds_c4,uspto_backgrounds,60.225468450326034,62.09316382007678,63.60465000301777,0.00934782467342643,62.36360357296689,64.1814718582513,1.817868285284412,C4_SENSITIVITY_ONLY
A6_A7_test_1m,test,1m,True,2,0.0919080919080918,63.40972117921458,62.71572008820634,64.01411676760901,uspto_backgrounds_c4,uspto_backgrounds,60.225468450326034,62.09316382007678,63.581377496913944,0.17165631769936596,62.71572008820634,64.16727266088073,1.4515525726743874,C4_SENSITIVITY_ONLY
A6_A7_test_1m,test,1m,True,3,0.027,56.21800029905407,55.61793983488175,56.5176883546498,uspto_backgrounds_c4,uspto_backgrounds,60.225468450326034,62.09316382007678,56.26842807403734,0.05042777498326956,55.61793983488175,56.562681227774306,0.9447413928925528,C4_SENSITIVITY_ONLY
A6_A7_test_1m,test,1m,True,4,0.0,60.5691299638632,59.92087249799828,60.872089841105286,uspto_backgrounds_c4,uspto_backgrounds,60.225468450326034,62.09316382007678,60.5691299638632,0.0,59.92087249799828,60.872089841105286,0.9512173431070039,C4_SENSITIVITY_ONLY
A6_A7_test_1m,test,1m,True,5,0.0029970029970029,62.97220372289228,62.632573509307605,63.18886519132863,uspto_backgrounds_c4,uspto_backgrounds,60.225468450326034,62.09316382007678,62.97780121151291,0.005597488620630031,62.632573509307605,63.193859405239664,0.561285895932059,C4_SENSITIVITY_ONLY
A6_A7_test_1m,test,1m,True,6,0.0889110889110889,58.26330123520848,57.33863246590432,59.07245177276327,uspto_backgrounds_c4,uspto_backgrounds,60.225468450326034,62.09316382007678,58.429360064287216,0.16605882907873593,57.33863246590432,59.220613452123956,1.881980986219638,C4_SENSITIVITY_ONLY
A6_A7_test_1m,test,1m,True,7,0.0,51.832182947054896,51.82425504191595,51.8372072062128,uspto_backgrounds_c4,uspto_backgrounds,60.225468450326034,62.09316382007678,51.832182947054896,0.0,51.82425504191595,51.8372072062128,0.012952164296855528,C4_SENSITIVITY_ONLY
A6_A7_test_1m,test,1m,True,8,0.019,60.78119113001566,60.69024263271613,60.86417724786449,uspto_backgrounds_c4,uspto_backgrounds,60.225468450326034,62.09316382007678,60.81667734204092,0.03548621202526192,60.69024263271613,60.89583889932248,0.20559626660634933,C4_SENSITIVITY_ONLY
A6_A7_test_1m,test,1m,True,9,0.4535464535464535,62.347003726710994,60.33038280077616,64.26598126512954,uspto_backgrounds_c4,uspto_backgrounds,60.225468450326034,62.09316382007678,63.19409033796658,0.8470866112555839,60.33038280077616,65.02177230366604,4.6913895028898835,C4_SENSITIVITY_ONLY
A6_A7_test_1m,test,1m,True,10,0.012,63.27635254940586,61.517025981084224,64.07187975690971,uspto_backgrounds_c4,uspto_backgrounds,60.225468450326034,62.09316382007678,63.298764893842865,0.022412344437007903,61.517025981084224,64.0918765894095,2.5748506083252707,C4_SENSITIVITY_ONLY
A6_A7_test_1m,test,1m,True,11,0.383,57.65682469683417,55.96289512460098,59.33463067090042,uspto_backgrounds_c4,uspto_backgrounds,60.225468450326034,62.09316382007678,58.372152023448706,0.7153273266145348,55.96289512460098,59.972862908185085,4.009967783584102,C4_SENSITIVITY_ONLY
A6_A7_test_1m,test,1m,True,12,0.131,63.54906668461967,62.81410297666955,64.25243929648934,uspto_backgrounds_c4,uspto_backgrounds,60.225468450326034,62.09316382007678,63.793734778057015,0.24466809343734752,62.81410297666955,64.47073805127862,1.6566350746090635,C4_SENSITIVITY_ONLY
A6_A7_test_1m,test,1m,True,13,0.0,56.40653443231444,55.55676988119584,56.78414628548029,uspto_backgrounds_c4,uspto_backgrounds,60.225468450326034,62.09316382007678,56.40653443231444,0.0,55.55676988119584,56.78414628548029,1.227376404284449,C4_SENSITIVITY_ONLY
A6_A7_test_1m,test,1m,True,14,0.3706293706293707,61.04646174849347,59.47862289737827,62.57541821465821,uspto_backgrounds_c4,uspto_backgrounds,60.225468450326034,62.09316382007678,61.73868450791158,0.6922227594181081,59.47862289737827,63.1930360016561,3.714413104277824,C4_SENSITIVITY_ONLY
A6_A7_test_1m,test,1m,True,15,0.111,59.03862710563637,58.44952454379407,59.58500713463342,uspto_backgrounds_c4,uspto_backgrounds,60.225468450326034,62.09316382007678,59.245941291678704,0.20731418604233198,58.44952454379407,59.76997783525639,1.3204532914623215,C4_SENSITIVITY_ONLY
A6_A7_test_1m,test,1m,True,16,0.071071071071071,62.04525605421088,60.38751783089782,62.97531314428185,uspto_backgrounds_c4,uspto_backgrounds,60.225468450326034,62.09316382007678,62.177995164573545,0.13273911036266384,60.38751783089782,63.09374616959753,2.7062283386997095,C4_SENSITIVITY_ONLY
A6_A7_test_1m,test,1m,True,17,0.0,60.81886623001546,60.244477746108345,61.08482719704662,uspto_backgrounds_c4,uspto_backgrounds,60.225468450326034,62.09316382007678,60.81886623001546,0.0,60.244477746108345,61.08482719704662,0.8403494509382767,C4_SENSITIVITY_ONLY
A6_A7_test_1m,test,1m,True,18,0.2657973921765296,59.83388209833621,57.33017964802888,62.04102895014427,uspto_backgrounds_c4,uspto_backgrounds,60.225468450326034,62.09316382007678,60.33031065699614,0.49642855865992885,57.33017964802888,62.48395444433032,5.153774796301441,C4_SENSITIVITY_ONLY
A6_A7_test_1m,test,1m,True,19,0.176,54.87065391682959,53.84594099131415,55.75370515709514,uspto_backgrounds_c4,uspto_backgrounds,60.225468450326034,62.09316382007678,55.19936830190572,0.3287143850761325,53.84594099131415,56.04699203375859,2.2010510424444405,C4_SENSITIVITY_ONLY
A6_A7_test_1m,test,1m,True,20,0.0,59.528698510089214,59.21032992362576,59.76866964303791,uspto_backgrounds_c4,uspto_backgrounds,60.225468450326034,62.09316382007678,59.528698510089214,0.0,59.21032992362576,59.76866964303791,0.5583397194121531,C4_SENSITIVITY_ONLY
A6_A7_test_1m,test,1m,True,21,0.001001001001001,60.3335690086242,58.2833357914294,61.84413592514514,uspto_backgrounds_c4,uspto_backgrounds,60.225468450326034,62.09316382007678,60.33543857355889,0.0018695649346867071,58.2833357914294,61.845803995924236,3.5624682044948344,C4_SENSITIVITY_ONLY
A6_A7_test_1m,test,1m,True,22,0.0,57.24257329423022,55.44291713124537,59.71100779700736,uspto_backgrounds_c4,uspto_backgrounds,60.225468450326034,62.09316382007678,57.24257329423022,0.0,55.44291713124537,59.71100779700736,4.268090665761989,C4_SENSITIVITY_ONLY
A6_A7_test_1m,test,1m,True,23,0.0,59.76795071732259,58.45388723609208,60.81789903219732,uspto_backgrounds_c4,uspto_backgrounds,60.225468450326034,62.09316382007678,59.76795071732259,0.0,58.45388723609208,60.81789903219732,2.3640117961052383,C4_SENSITIVITY_ONLY
A6_A7_test_1m,test,1m,True,24,0.0,56.248302552883295,55.999742790702086,56.41029470130965,uspto_backgrounds_c4,uspto_backgrounds,60.225468450326034,62.09316382007678,56.248302552883295,0.0,55.999742790702086,56.41029470130965,0.41055191060756613,C4_SENSITIVITY_ONLY
A6_A7_test_1m,test,1m,True,25,0.58,61.03148107782813,57.77597872115357,63.9896835495218,uspto_backgrounds_c4,uspto_backgrounds,60.225468450326034,62.09316382007678,62.11474439228357,1.0832633144554364,57.77597872115357,64.95619712034454,7.18021839919097,C4_SENSITIVITY_ONLY
A6_A7_test_1m,test,1m,True,26,0.0,63.76877719807879,63.59522061324132,63.83287723934917,uspto_backgrounds_c4,uspto_backgrounds,60.225468450326034,62.09316382007678,63.76877719807879,0.0,63.59522061324132,63.83287723934917,0.23765662610785654,C4_SENSITIVITY_ONLY
A6_A7_test_1m,test,1m,True,27,0.461,60.61625333530239,57.34948341112312,63.97970469629919,uspto_backgrounds_c4,uspto_backgrounds,60.225468450326034,62.09316382007678,61.477260900757486,0.8610075654550968,57.34948341112312,64.74791634483243,7.398432933709316,C4_SENSITIVITY_ONLY
A6_A7_test_1m,test,1m,True,28,0.047047047047047,58.01451836650069,56.77251088024532,59.4732120929544,uspto_backgrounds_c4,uspto_backgrounds,60.225468450326034,62.09316382007678,58.10238791843091,0.08786955193021839,56.77251088024532,59.55161141957182,2.7791005393264996,C4_SENSITIVITY_ONLY
A6_A7_test_1m,test,1m,True,29,0.004,55.21995667845218,55.12638472295606,55.26413465792475,uspto_backgrounds_c4,uspto_backgrounds,60.225468450326034,62.09316382007678,55.22742745993118,0.007470781479000266,55.12638472295606,55.27080026875801,0.14441554580194804,C4_SENSITIVITY_ONLY
A6_A7_test_1m,test,1m,True,30,0.1953907815631262,61.40742345012261,59.52957095712961,62.68830701414187,uspto_backgrounds_c4,uspto_backgrounds,60.225468450326034,62.09316382007678,61.77235390814004,0.36493045801743307,59.52957095712961,63.01390674171846,3.4843357845888505,C4_SENSITIVITY_ONLY
A6_A7_test_1m,test,1m,True,31,0.145,57.69600870953806,56.261786622659095,58.66586102150546,uspto_backgrounds_c4,uspto_backgrounds,60.225468450326034,62.09316382007678,57.96682453815192,0.27081582861385556,56.261786622659095,58.90748941421114,2.645702791552047,C4_SENSITIVITY_ONLY
A6_A7_test_1m,test,1m,True,32,0.182,62.37051568983851,60.35294767841537,63.71774666308108,uspto_backgrounds_c4,uspto_backgrounds,60.225468450326034,62.09316382007678,62.710436247133146,0.3399205572946329,60.35294767841537,64.02103195599442,3.668084277579048,C4_SENSITIVITY_ONLY
A6_A7_test_1m,test,1m,True,33,0.011011011011011,62.61044002852123,62.0633301352761,62.864405746160585,uspto_backgrounds_c4,uspto_backgrounds,60.225468450326034,62.09316382007678,62.63100524280277,0.020565214281539568,62.0633301352761,62.88275452473062,0.8194243894545252,C4_SENSITIVITY_ONLY
A6_A7_test_1m,test,1m,True,34,0.0,60.31395383691235,59.69408560696843,60.64447707835715,uspto_backgrounds_c4,uspto_backgrounds,60.225468450326034,62.09316382007678,60.31395383691235,0.0,59.69408560696843,60.64447707835715,0.9503914713887198,C4_SENSITIVITY_ONLY
A6_A7_test_1m,test,1m,True,35,0.0,62.22685498205431,61.31785942222993,62.57769899301742,uspto_backgrounds_c4,uspto_backgrounds,60.225468450326034,62.09316382007678,62.22685498205431,0.0,61.31785942222993,62.57769899301742,1.2598395707874914,C4_SENSITIVITY_ONLY
A6_A7_test_1m,test,1m,True,36,0.0,60.61808077549649,59.28266331246813,61.369820836688575,uspto_backgrounds_c4,uspto_backgrounds,60.225468450326034,62.09316382007678,60.61808077549649,0.0,59.28266331246813,61.369820836688575,2.0871575242204443,C4_SENSITIVITY_ONLY
A6_A7_test_1m,test,1m,True,37,0.0,56.05516326385042,55.32039742701019,56.384639107374575,uspto_backgrounds_c4,uspto_backgrounds,60.225468450326034,62.09316382007678,56.05516326385042,0.0,55.32039742701019,56.384639107374575,1.0642416803643826,C4_SENSITIVITY_ONLY
A6_A7_test_1m,test,1m,True,38,0.0,58.71188187696299,57.77131382718156,59.12341237395364,uspto_backgrounds_c4,uspto_backgrounds,60.225468450326034,62.09316382007678,58.71188187696299,0.0,57.77131382718156,59.12341237395364,1.3520985467720834,C4_SENSITIVITY_ONLY
A6_A7_test_1m,test,1m,True,39,0.0,62.76233377257159,61.9157429218796,63.190255316936216,uspto_backgrounds_c4,uspto_backgrounds,60.225468450326034,62.09316382007678,62.76233377257159,0.0,61.9157429218796,63.190255316936216,1.2745123950566182,C4_SENSITIVITY_ONLY
A6_A7_test_1m,test,1m,True,40,0.012012012012012,60.59251727940561,60.127737018310974,61.17966228966852,uspto_backgrounds_c4,uspto_backgrounds,60.225468450326034,62.09316382007678,60.61495205862184,0.022434779216226275,60.127737018310974,61.199679139017654,1.0719421207066802,C4_SENSITIVITY_ONLY
A6_A7_test_1m,test,1m,True,41,0.142,61.65580498272416,60.12857239173427,62.64606131209467,uspto_backgrounds_c4,uspto_backgrounds,60.225468450326034,62.09316382007678,61.92101772522877,0.2652127425046089,60.12857239173427,62.88269049667541,2.754118104941142,C4_SENSITIVITY_ONLY
A6_A7_test_1m,test,1m,True,42,0.0,61.43788559764158,60.0053986316938,62.62448217903577,uspto_backgrounds_c4,uspto_backgrounds,60.225468450326034,62.09316382007678,61.43788559764158,0.0,60.0053986316938,62.62448217903577,2.6190835473419725,C4_SENSITIVITY_ONLY
A6_A7_test_1m,test,1m,True,43,0.0,61.47814732949036,61.464371671257126,61.48378048945596,uspto_backgrounds_c4,uspto_backgrounds,60.225468450326034,62.09316382007678,61.47814732949036,0.0,61.464371671257126,61.48378048945596,0.019408818198833444,C4_SENSITIVITY_ONLY
A6_A7_test_1m,test,1m,True,44,0.2817182817182817,60.404221965362666,57.916654732343005,63.17354344730494,uspto_backgrounds_c4,uspto_backgrounds,60.225468450326034,62.09316382007678,60.93038589570204,0.5261639303393721,57.916654732343005,63.64299955494214,5.726344822599138,C4_SENSITIVITY_ONLY
A6_A7_test_1m,test,1m,True,45,0.0,63.18386814240382,61.67465255339616,64.12014217704859,uspto_backgrounds_c4,uspto_backgrounds,60.225468450326034,62.09316382007678,63.18386814240382,0.0,61.67465255339616,64.12014217704859,2.445489623652435,C4_SENSITIVITY_ONLY
A6_A7_test_1m,test,1m,True,46,0.004004004004004,61.5381407578536,61.290388568501584,61.646294002401866,uspto_backgrounds_c4,uspto_backgrounds,60.225468450326034,62.09316382007678,61.54561901759234,0.007478259738739723,61.290388568501584,61.65296628551825,0.36257771701666286,C4_SENSITIVITY_ONLY
A6_A7_test_1m,test,1m,True,47,0.0,60.161350933133086,57.73171954458863,62.69705425450033,uspto_backgrounds_c4,uspto_backgrounds,60.225468450326034,62.09316382007678,60.161350933133086,0.0,57.73171954458863,62.69705425450033,4.965334709911701,C4_SENSITIVITY_ONLY
A6_A7_test_1m,test,1m,True,48,0.012,55.62702814129713,54.961135168022274,55.97857795351033,uspto_backgrounds_c4,uspto_backgrounds,60.225468450326034,62.09316382007678,55.64944048573414,0.022412344437007903,54.961135168022274,55.99857478601011,1.037439617987836,C4_SENSITIVITY_ONLY
A6_A7_test_1m,test,1m,True,49,0.0,61.32219162173639,61.09740433597638,61.660724128785326,uspto_backgrounds_c4,uspto_backgrounds,60.225468450326034,62.09316382007678,61.32219162173639,0.0,61.09740433597638,61.660724128785326,0.5633197928089473,C4_SENSITIVITY_ONLY
A6_A7_test_1m,test,1m,True,50,0.03003003003003,60.18243830862772,58.83069319318216,61.02324534128245,uspto_backgrounds_c4,uspto_backgrounds,60.225468450326034,62.09316382007678,60.23852525666828,0.05608694804056569,58.83069319318216,61.07328746465527,2.2425942714731164,C4_SENSITIVITY_ONLY
A6_A7_test_1m,test,1m,True,51,0.0,60.60877774881936,59.55019198357805,61.07399273782257,uspto_backgrounds_c4,uspto_backgrounds,60.225468450326034,62.09316382007678,60.60877774881936,0.0,59.55019198357805,61.07399273782257,1.5238007542445189,C4_SENSITIVITY_ONLY
A6_A7_test_1m,test,1m,True,52,0.05,61.60852742841308,59.58239980351784,62.60157571883304,uspto_backgrounds_c4,uspto_backgrounds,60.225468450326034,62.09316382007678,61.70191219690062,0.09338476848753885,59.58239980351784,62.68489585424879,3.102496050730956,C4_SENSITIVITY_ONLY
A6_A7_test_1m,test,1m,True,53,0.264,61.71676816843448,59.676782955260926,63.291411560125546,uspto_backgrounds_c4,uspto_backgrounds,60.225468450326034,62.09316382007678,62.20983974604867,0.4930715776141952,59.676782955260926,63.73134187512072,4.054558919859794,C4_SENSITIVITY_ONLY
A6_A7_test_1m,test,1m,True,54,0.0,63.33497192878741,62.86869159519164,63.75759763047514,uspto_backgrounds_c4,uspto_backgrounds,60.225468450326034,62.09316382007678,63.33497192878741,0.0,62.86869159519164,63.75759763047514,0.8889060352834974,C4_SENSITIVITY_ONLY
A6_A7_test_1m,test,1m,True,55,0.0,62.609643212869294,61.14161410783316,63.25732552727273,uspto_backgrounds_c4,uspto_backgrounds,60.225468450326034,62.09316382007678,62.609643212869294,0.0,61.14161410783316,63.25732552727273,2.115711419439563,C4_SENSITIVITY_ONLY
A6_A7_test_1m,test,1m,True,56,0.003,62.76680345698766,61.31555752844155,63.41022510001909,uspto_backgrounds_c4,uspto_backgrounds,60.225468450326034,62.09316382007678,62.77240654309691,0.005603086109253752,61.31555752844155,63.41522430814403,2.0996667797024813,C4_SENSITIVITY_ONLY
A6_A7_test_1m,test,1m,True,57,0.065,63.06805649975109,60.59987393639249,64.3230756511424,uspto_backgrounds_c4,uspto_backgrounds,60.225468450326034,62.09316382007678,63.18945669878489,0.1214001990338005,60.59987393639249,64.43139182718288,3.831517890790387,C4_SENSITIVITY_ONLY
A6_A7_test_1m,test,1m,True,58,0.007,62.38843996451571,61.54120570844459,62.83277892755388,uspto_backgrounds_c4,uspto_backgrounds,60.225468450326034,62.09316382007678,62.401513832103966,0.013073867588254018,61.54120570844459,62.844443746512084,1.3032380380674908,C4_SENSITIVITY_ONLY
A6_A7_test_1m,test,1m,True,59,0.3073073073073072,61.44323236092639,59.28735776459155,63.25683271591197,uspto_backgrounds_c4,uspto_backgrounds,60.225468450326034,62.09316382007678,62.017188795874816,0.5739564349484283,59.28735776459155,63.76893044509387,4.481572680502325,C4_SENSITIVITY_ONLY
A6_A7_test_1m,test,1m,True,60,0.0,62.23869755975205,62.05057913426763,62.4199401482651,uspto_backgrounds_c4,uspto_backgrounds,60.225468450326034,62.09316382007678,62.23869755975205,0.0,62.05057913426763,62.4199401482651,0.36936101399746946,C4_SENSITIVITY_ONLY
A6_A7_test_1m,test,1m,True,61,0.0,63.53351778948607,63.53351778948607,63.53351778948607,uspto_backgrounds_c4,uspto_backgrounds,60.225468450326034,62.09316382007678,63.53351778948607,0.0,63.53351778948607,63.53351778948607,0.0,C4_SENSITIVITY_ONLY
A6_A7_test_1m,test,1m,True,62,0.024024024024024,62.981595415567305,62.8581355570484,63.08947713937182,uspto_backgrounds_c4,uspto_backgrounds,60.225468450326034,62.09316382007678,63.02646497399976,0.04486955843245255,62.8581355570484,63.12951083807008,0.2713752810216832,C4_SENSITIVITY_ONLY
A6_A7_test_1m,test,1m,True,63,0.014,59.75156372062323,56.74706785548885,64.29591364486677,uspto_backgrounds_c4,uspto_backgrounds,60.225468450326034,62.09316382007678,59.77771145579974,0.026147735176508036,56.74706785548885,64.31924328278318,7.572175427294326,C4_SENSITIVITY_ONLY
A6_A7_test_1m,test,1m,True,64,0.027,60.54930100549522,58.63778235862512,61.98823392130327,uspto_backgrounds_c4,uspto_backgrounds,60.225468450326034,62.09316382007678,60.599728780478486,0.05042777498326956,58.63778235862512,62.033226794427776,3.395444435802659,C4_SENSITIVITY_ONLY
A6_A7_test_1m,test,1m,True,65,0.0,62.41323444752325,62.40400989412382,62.416962058420665,uspto_backgrounds_c4,uspto_backgrounds,60.225468450326034,62.09316382007678,62.41323444752325,0.0,62.40400989412382,62.416962058420665,0.012952164296848423,C4_SENSITIVITY_ONLY
A6_A7_test_1m,test,1m,True,66,0.0,60.33638231242879,57.710258603472354,64.31212726062277,uspto_backgrounds_c4,uspto_backgrounds,60.225468450326034,62.09316382007678,60.33638231242879,0.0,57.710258603472354,64.31212726062277,6.601868657150419,C4_SENSITIVITY_ONLY
A6_A7_test_1m,test,1m,True,67,0.0,62.27902493782339,62.15646672374482,62.33011741366066,uspto_backgrounds_c4,uspto_backgrounds,60.225468450326034,62.09316382007678,62.27902493782339,0.0,62.15646672374482,62.33011741366066,0.17365068991583854,C4_SENSITIVITY_ONLY
A6_A7_test_1m,test,1m,True,68,0.0419161676646706,61.61288749599015,61.184740425609824,61.949257438709935,uspto_backgrounds_c4,uspto_backgrounds,60.225468450326034,62.09316382007678,61.69117412825515,0.07828663226499799,61.184740425609824,62.01910665402853,0.834366228418709,C4_SENSITIVITY_ONLY
A6_A7_test_1m,test,1m,True,69,0.041,59.82703152959528,57.48202518475352,62.19549828376528,uspto_backgrounds_c4,uspto_backgrounds,60.225468450326034,62.09316382007678,59.90360703975506,0.0765755101597776,57.48202518475352,62.2638207948062,4.781795610052683,C4_SENSITIVITY_ONLY
A6_A7_test_1m,test,1m,True,70,0.001,63.07012586670808,63.03494067180648,63.09261180288767,uspto_backgrounds_c4,uspto_backgrounds,60.225468450326034,62.09316382007678,63.071993562077836,0.0018676953697536192,63.03494067180648,63.094278205595984,0.05933753378950257,C4_SENSITIVITY_ONLY
A6_A7_test_1m,test,1m,True,71,0.0,60.629718624889016,59.65252804507379,61.001560941717145,uspto_backgrounds_c4,uspto_backgrounds,60.225468450326034,62.09316382007678,60.629718624889016,0.0,59.65252804507379,61.001560941717145,1.349032896643358,C4_SENSITIVITY_ONLY
A6_A7_test_1m,test,1m,True,72,0.0039960039960039,61.35252170016647,59.458557711852926,63.878251082581286,uspto_backgrounds_c4,uspto_backgrounds,60.225468450326034,62.09316382007678,61.359985018327315,0.0074633181608447785,59.458557711852926,63.88491003446266,4.426352322609738,C4_SENSITIVITY_ONLY
A6_A7_test_1m,test,1m,True,73,0.0,63.350469904753695,61.25362516588942,64.27764029778446,uspto_backgrounds_c4,uspto_backgrounds,60.225468450326034,62.09316382007678,63.350469904753695,0.0,61.25362516588942,64.27764029778446,3.024015131895041,C4_SENSITIVITY_ONLY
A6_A7_test_1m,test,1m,True,74,0.025025025025025,62.24157504013688,60.82685392039398,64.30151630130354,uspto_backgrounds_c4,uspto_backgrounds,60.225468450326034,62.09316382007678,62.28831416350402,0.04673912336713926,60.82685392039398,64.34321807078089,3.516364150386913,C4_SENSITIVITY_ONLY
A6_A7_test_1m,test,1m,True,75,0.0,62.24376941933645,60.90522004380616,63.013960824619325,uspto_backgrounds_c4,uspto_backgrounds,60.225468450326034,62.09316382007678,62.24376941933645,0.0,60.90522004380616,63.013960824619325,2.1087407808131644,C4_SENSITIVITY_ONLY
A6_A7_test_1m,test,1m,True,76,0.2137862137862138,61.4017438981549,60.00175968734038,62.58459689500637,uspto_backgrounds_c4,uspto_backgrounds,60.225468450326034,62.09316382007678,61.80103141975995,0.39928752160505354,60.00175968734038,62.94085082066014,2.9390911333197565,C4_SENSITIVITY_ONLY
A6_A7_test_1m,test,1m,True,77,0.0,62.267508399269126,62.16212896010998,62.29996358749207,uspto_backgrounds_c4,uspto_backgrounds,60.225468450326034,62.09316382007678,62.267508399269126,0.0,62.16212896010998,62.29996358749207,0.13783462738209096,C4_SENSITIVITY_ONLY
A6_A7_test_1m,test,1m,True,78,0.0,61.04483956636848,59.316930862962906,61.7989511981524,uspto_backgrounds_c4,uspto_backgrounds,60.225468450326034,62.09316382007678,61.04483956636848,0.0,59.316930862962906,61.7989511981524,2.482020335189496,C4_SENSITIVITY_ONLY
A6_A7_test_1m,test,1m,True,79,0.0,52.13150836622717,52.12473887470015,52.13444328379956,uspto_backgrounds_c4,uspto_backgrounds,60.225468450326034,62.09316382007678,52.13150836622717,0.0,52.12473887470015,52.13444328379956,0.00970440909941317,C4_SENSITIVITY_ONLY
A6_A7_test_1m,test,1m,True,80,0.029,63.02488852041614,61.0554279797865,63.95870963310576,uspto_backgrounds_c4,uspto_backgrounds,60.225468450326034,62.09316382007678,63.07905168613891,0.05416316572276969,61.0554279797865,64.0070353116469,2.9516073318604015,C4_SENSITIVITY_ONLY
A6_A7_test_1m,test,1m,True,81,0.028028028028028,62.63196471214374,60.42841897577981,64.02035512294147,uspto_backgrounds_c4,uspto_backgrounds,60.225468450326034,62.09316382007678,62.684312530314934,0.05234781817119227,60.42841897577981,64.0670611047561,3.6386421289762936,C4_SENSITIVITY_ONLY
A6_A7_test_1m,test,1m,True,82,0.0009990009990009,58.3413778290866,57.28840117181493,58.8262828098746,uspto_backgrounds_c4,uspto_backgrounds,60.225468450326034,62.09316382007678,58.34324365862681,0.001865829540207642,57.28840117181493,58.82794754784494,1.5395463760300103,C4_SENSITIVITY_ONLY
A6_A7_test_1m,test,1m,True,83,0.0,62.10611367432088,60.53325169989081,62.848834179551126,uspto_backgrounds_c4,uspto_backgrounds,60.225468450326034,62.09316382007678,62.10611367432088,0.0,60.53325169989081,62.848834179551126,2.315582479660314,C4_SENSITIVITY_ONLY
A6_A7_test_1m,test,1m,True,84,0.0,63.30323463965497,62.80870463158012,63.49500096587595,uspto_backgrounds_c4,uspto_backgrounds,60.225468450326034,62.09316382007678,63.30323463965497,0.0,62.80870463158012,63.49500096587595,0.6862963342958324,C4_SENSITIVITY_ONLY
A6_A7_test_1m,test,1m,True,85,0.0,57.52136373815516,56.364957569734216,58.05267587610436,uspto_backgrounds_c4,uspto_backgrounds,60.225468450326034,62.09316382007678,57.52136373815516,0.0,56.364957569734216,58.05267587610436,1.6877183063701438,C4_SENSITIVITY_ONLY
A6_A7_test_1m,test,1m,True,86,0.021021021021021,63.33343081370141,63.21006673020905,63.43446173321027,uspto_backgrounds_c4,uspto_backgrounds,60.225468450326034,62.09316382007678,63.372691677329804,0.03926086362839243,63.21006673020905,63.469491219571246,0.2594244893621962,C4_SENSITIVITY_ONLY
A6_A7_test_1m,test,1m,True,87,0.0,59.31477872177568,56.250679256471535,64.22838077393203,uspto_backgrounds_c4,uspto_backgrounds,60.225468450326034,62.09316382007678,59.31477872177568,0.0,56.250679256471535,64.22838077393203,7.9777015174604955,C4_SENSITIVITY_ONLY
A6_A7_test_1m,test,1m,True,88,0.4534534534534534,62.20287222427098,59.967913531029225,64.15875057405417,uspto_backgrounds_c4,uspto_backgrounds,60.225468450326034,62.09316382007678,63.049785139683486,0.8469129154125028,59.967913531029225,64.91438663698382,4.946473105954595,C4_SENSITIVITY_ONLY
A6_A7_test_1m,test,1m,True,89,0.002,62.09024375390363,61.83392397851864,62.35628647116077,uspto_backgrounds_c4,uspto_backgrounds,60.225468450326034,62.09316382007678,62.09397914464313,0.003735390739500133,61.83392397851864,62.359619276577405,0.5256952980587641,C4_SENSITIVITY_ONLY
A6_A7_test_1m,test,1m,True,90,0.0,59.64108097245275,58.7200039218559,60.349535346031,uspto_backgrounds_c4,uspto_backgrounds,60.225468450326034,62.09316382007678,59.64108097245275,0.0,58.7200039218559,60.349535346031,1.6295314241750987,C4_SENSITIVITY_ONLY
A6_A7_test_1m,test,1m,True,91,0.0,62.83349535826595,62.60179510992237,63.030245988694624,uspto_backgrounds_c4,uspto_backgrounds,60.225468450326034,62.09316382007678,62.83349535826595,0.0,62.60179510992237,63.030245988694624,0.42845087877225296,C4_SENSITIVITY_ONLY
A6_A7_test_1m,test,1m,True,92,0.494,60.645755594956114,58.489322017084646,62.72506594259247,uspto_backgrounds_c4,uspto_backgrounds,60.225468450326034,62.09316382007678,61.56839710761298,0.9226415126568668,58.489322017084646,63.54826888050011,5.058946863415464,C4_SENSITIVITY_ONLY
A6_A7_test_1m,test,1m,True,93,0.0,57.218830739890166,56.24767602249483,57.62560258861967,uspto_backgrounds_c4,uspto_backgrounds,60.225468450326034,62.09316382007678,57.218830739890166,0.0,56.24767602249483,57.62560258861967,1.3779265661248417,C4_SENSITIVITY_ONLY
A6_A7_test_1m,test,1m,True,94,0.1098901098901098,62.31924166057822,61.50893807184063,62.949153932806446,uspto_backgrounds_c4,uspto_backgrounds,60.225468450326034,62.09316382007678,62.52448291000138,0.20524124942316035,61.50893807184063,63.132275109544366,1.6233370377037346,C4_SENSITIVITY_ONLY
A6_A7_test_1m,test,1m,True,95,0.008,62.10137738547365,61.069046993836295,62.51421371454761,uspto_backgrounds_c4,uspto_backgrounds,60.225468450326034,62.09316382007678,62.116318948431655,0.014941562958007637,61.069046993836295,62.52754493621413,1.4584979423778321,C4_SENSITIVITY_ONLY
A6_A7_test_1m,test,1m,True,96,0.0,62.03469837741846,61.15988666596384,62.444252251532085,uspto_backgrounds_c4,uspto_backgrounds,60.225468450326034,62.09316382007678,62.03469837741846,0.0,61.15988666596384,62.444252251532085,1.2843655855682456,C4_SENSITIVITY_ONLY
A6_A7_test_1m,test,1m,True,97,0.0169830169830169,61.45640251320091,59.61776934343354,63.78590517720588,uspto_backgrounds_c4,uspto_backgrounds,60.225468450326034,62.09316382007678,61.48812161538449,0.03171910218357965,59.61776934343354,63.81420572270174,4.1964363792682065,C4_SENSITIVITY_ONLY
A6_A7_test_1m,test,1m,True,98,0.177,61.22010112412231,58.839490139862974,63.11927720838873,uspto_backgrounds_c4,uspto_backgrounds,60.225468450326034,62.09316382007678,61.55068320456819,0.330582080445879,58.839490139862974,63.4142304877605,4.574740347897524,C4_SENSITIVITY_ONLY
A6_A7_test_1m,test,1m,True,99,0.003,60.74004529653456,59.17578194015701,62.78840490618595,uspto_backgrounds_c4,uspto_backgrounds,60.225468450326034,62.09316382007678,60.745648382643815,0.005603086109253752,59.17578194015701,62.793404114310896,3.6176221741538868,C4_SENSITIVITY_ONLY
A6_A7_test_1m,test,1m,True,100,0.015,62.04706759259917,60.17604925524407,63.64116658496098,uspto_backgrounds_c4,uspto_backgrounds,60.225468450326034,62.09316382007678,62.07508302314543,0.028015430546261655,60.17604925524407,63.666162625585706,3.490113370341639,C4_SENSITIVITY_ONLY
A6_A7_test_1m,test,1m,True,101,0.6936127744510977,60.47396527435355,57.2457000956111,63.55525124170568,uspto_backgrounds_c4,uspto_backgrounds,60.225468450326034,62.09316382007678,61.76942264159584,1.2954573672422853,57.2457000956111,64.71108944757292,7.465389351961818,C4_SENSITIVITY_ONLY
A6_A7_test_1m,test,1m,True,102,0.01,62.27269433203166,60.43761437485615,63.204542118976896,uspto_backgrounds_c4,uspto_backgrounds,60.225468450326034,62.09316382007678,62.29137128572917,0.01867695369750777,60.43761437485615,63.22120614606005,2.783591771203895,C4_SENSITIVITY_ONLY
A6_A7_test_1m,test,1m,True,103,0.2945891783567134,60.57438041549023,58.52141745672058,62.18389560315545,uspto_backgrounds_c4,uspto_backgrounds,60.225468450326034,62.09316382007678,61.124583259885746,0.550202844395514,58.52141745672058,62.674799807809386,4.153382351088808,C4_SENSITIVITY_ONLY
A6_A7_test_1m,test,1m,True,104,0.0,62.32548347175669,61.74533495711365,63.17690045756646,uspto_backgrounds_c4,uspto_backgrounds,60.225468450326034,62.09316382007678,62.32548347175669,0.0,61.74533495711365,63.17690045756646,1.4315655004528125,C4_SENSITIVITY_ONLY
A6_A7_test_1m,test,1m,True,105,0.286,61.31220102429149,59.817170599145314,62.96407940932588,uspto_backgrounds_c4,uspto_backgrounds,60.225468450326034,62.09316382007678,61.8463619000402,0.5341608757487109,59.817170599145314,63.440670583903994,3.6234999847586806,C4_SENSITIVITY_ONLY
A6_A7_test_1m,test,1m,True,106,0.0,61.491692198814405,61.40060336996814,61.57090876947819,uspto_backgrounds_c4,uspto_backgrounds,60.225468450326034,62.09316382007678,61.491692198814405,0.0,61.40060336996814,61.57090876947819,0.17030539951004897,C4_SENSITIVITY_ONLY
A6_A7_test_1m,test,1m,True,107,0.06187624750499,63.59825485882663,62.86650643422111,64.06131952783593,uspto_backgrounds_c4,uspto_backgrounds,60.225468450326034,62.09316382007678,63.71382083978925,0.1155659809626215,62.86650643422111,64.16443027425862,1.2979238400375124,C4_SENSITIVITY_ONLY
A6_A7_test_1m,test,1m,True,108,0.151,59.85431021261646,58.420649717261234,60.83475676069977,uspto_backgrounds_c4,uspto_backgrounds,60.225468450326034,62.09316382007678,60.136332213448824,0.28202200083236306,58.420649717261234,61.08638356965534,2.665733852394105,C4_SENSITIVITY_ONLY
A6_A7_test_1m,test,1m,True,109,0.005,64.1017421643832,63.89658204611453,64.17055219996845,uspto_backgrounds_c4,uspto_backgrounds,60.225468450326034,62.09316382007678,64.11108064123195,0.009338476848753885,63.89658204611453,64.17888421351003,0.28230216739549974,C4_SENSITIVITY_ONLY
A6_A7_test_1m,test,1m,True,110,0.0,62.170492525905125,61.018151096328026,62.64946912461208,uspto_backgrounds_c4,uspto_backgrounds,60.225468450326034,62.09316382007678,62.170492525905125,0.0,61.018151096328026,62.64946912461208,1.6313180282840563,C4_SENSITIVITY_ONLY
A6_A7_test_1m,test,1m,True,111,0.0,62.73186035179894,62.455665593195874,62.84725157207211,uspto_backgrounds_c4,uspto_backgrounds,60.225468450326034,62.09316382007678,62.73186035179894,0.0,62.455665593195874,62.84725157207211,0.39158597887623614,C4_SENSITIVITY_ONLY
A6_A7_test_1m,test,1m,True,112,0.4264264264264263,60.61452762428162,57.66199675854021,63.97192329669316,uspto_backgrounds_c4,uspto_backgrounds,60.225468450326034,62.09316382007678,61.41096228645762,0.7964346621759972,57.66199675854021,64.68252144858727,7.020524690047054,C4_SENSITIVITY_ONLY
A6_A7_test_1m,test,1m,True,113,0.1885656970912738,59.31987207421634,58.18424244447421,60.60596530794338,uspto_backgrounds_c4,uspto_backgrounds,60.225468450326034,62.09316382007678,59.672055353567536,0.35218327935119476,58.18424244447421,60.920191696271594,2.7359492517973862,C4_SENSITIVITY_ONLY
A6_A7_test_1m,test,1m,True,114,0.001,62.58764476600154,60.97868863201176,63.40914701370449,uspto_backgrounds_c4,uspto_backgrounds,60.225468450326034,62.09316382007678,62.58951246137129,0.0018676953697536192,60.97868863201176,63.41081341641281,2.432124784401047,C4_SENSITIVITY_ONLY
A6_A7_test_1m,test,1m,True,115,0.0,63.72803334537386,63.07364916442806,64.01174204403827,uspto_backgrounds_c4,uspto_backgrounds,60.225468450326034,62.09316382007678,63.72803334537386,0.0,63.07364916442806,64.01174204403827,0.9380928796102097,C4_SENSITIVITY_ONLY
A6_A7_test_1m,test,1m,True,116,0.0,61.81299828692577,61.340741865958734,62.15706070500404,uspto_backgrounds_c4,uspto_backgrounds,60.225468450326034,62.09316382007678,61.81299828692577,0.0,61.340741865958734,62.15706070500404,0.8163188390453087,C4_SENSITIVITY_ONLY
A6_A7_test_1m,test,1m,True,117,0.0,61.53381114513434,61.27818826107816,61.64912094943698,uspto_backgrounds_c4,uspto_backgrounds,60.225468450326034,62.09316382007678,61.53381114513434,0.0,61.27818826107816,61.64912094943698,0.37093268835882043,C4_SENSITIVITY_ONLY
A6_A7_test_1m,test,1m,True,118,0.0,62.146206348271264,60.21725930475335,63.09729630847546,uspto_backgrounds_c4,uspto_backgrounds,60.225468450326034,62.09316382007678,62.146206348271264,0.0,60.21725930475335,63.09729630847546,2.8800370037221086,C4_SENSITIVITY_ONLY
A6_A7_test_1m,test,1m,True,119,0.012012012012012,60.596162494502174,59.95086742851272,60.94990112347136,uspto_backgrounds_c4,uspto_backgrounds,60.225468450326034,62.09316382007678,60.6185972737184,0.022434779216226275,59.95086742851272,60.9699179728205,1.019050544307774,C4_SENSITIVITY_ONLY
A6_A7_test_1m,test,1m,True,120,0.0,60.364248228541655,58.60903470769821,63.00964361307773,uspto_backgrounds_c4,uspto_backgrounds,60.225468450326034,62.09316382007678,60.364248228541655,0.0,58.60903470769821,63.00964361307773,4.400608905379521,C4_SENSITIVITY_ONLY
A6_A7_test_1m,test,1m,True,121,0.0,56.31117434628307,56.0299106186043,56.43470210237419,uspto_backgrounds_c4,uspto_backgrounds,60.225468450326034,62.09316382007678,56.31117434628307,0.0,56.0299106186043,56.43470210237419,0.40479148376989116,C4_SENSITIVITY_ONLY
A6_A7_test_1m,test,1m,True,122,0.001,60.11994508063846,58.869408320457175,60.6814462784989,uspto_backgrounds_c4,uspto_backgrounds,60.225468450326034,62.09316382007678,60.12181277600821,0.0018676953697536192,58.869408320457175,60.68311268120722,1.8137043607500445,C4_SENSITIVITY_ONLY
A6_A7_test_1m,test,1m,True,123,0.0,62.99128908007299,61.9498872999677,63.43644601371649,uspto_backgrounds_c4,uspto_backgrounds,60.225468450326034,62.09316382007678,62.99128908007299,0.0,61.9498872999677,63.43644601371649,1.4865587137487921,C4_SENSITIVITY_ONLY
A6_A7_test_1m,test,1m,True,124,0.0,60.830378647978186,59.28286101179504,61.50224446323712,uspto_backgrounds_c4,uspto_backgrounds,60.225468450326034,62.09316382007678,60.830378647978186,0.0,59.28286101179504,61.50224446323712,2.219383451442077,C4_SENSITIVITY_ONLY
A6_A7_test_1m,test,1m,True,125,0.3493493493493493,61.02251075226528,58.70255422504769,62.84513495223369,uspto_backgrounds_c4,uspto_backgrounds,60.225468450326034,62.09316382007678,61.6749889144705,0.6524781622052132,58.70255422504769,63.427291654137555,4.724737429089863,C4_SENSITIVITY_ONLY
A6_A7_test_1m,test,1m,True,126,0.1951951951951951,58.80122640772829,56.111129089451325,62.387231910215256,uspto_backgrounds_c4,uspto_backgrounds,60.225468450326034,62.09316382007678,59.165791569991946,0.3645651622636592,56.111129089451325,62.712505712138615,6.60137662268729,C4_SENSITIVITY_ONLY
A6_A7_test_1m,test,1m,True,127,0.0,61.39634616701826,58.773018398159664,64.26877330188158,uspto_backgrounds_c4,uspto_backgrounds,60.225468450326034,62.09316382007678,61.39634616701826,0.0,58.773018398159664,64.26877330188158,5.495754903721917,C4_SENSITIVITY_ONLY
A6_A7_test_1m,test,1m,True,128,0.0,62.05591844008552,61.20015499167317,62.62632462190056,uspto_backgrounds_c4,uspto_backgrounds,60.225468450326034,62.09316382007678,62.05591844008552,0.0,61.20015499167317,62.62632462190056,1.4261696302273847,C4_SENSITIVITY_ONLY
A6_A7_test_1m,test,1m,True,129,0.0039960039960039,61.59265724902995,61.53862188613997,61.62527860122583,uspto_backgrounds_c4,uspto_backgrounds,60.225468450326034,62.09316382007678,61.60012056719079,0.0074633181608447785,61.53862188613997,61.63193755310721,0.0933156669672357,C4_SENSITIVITY_ONLY
A6_A7_test_1m,test,1m,True,130,0.0,57.89342222081766,56.86899196705375,58.492723094877405,uspto_backgrounds_c4,uspto_backgrounds,60.225468450326034,62.09316382007678,57.89342222081766,0.0,56.86899196705375,58.492723094877405,1.6237311278236533,C4_SENSITIVITY_ONLY
A6_A7_test_1m,test,1m,True,131,0.301,60.47399074619856,58.625372910218005,62.508494927532496,uspto_backgrounds_c4,uspto_backgrounds,60.225468450326034,62.09316382007678,61.03616705249353,0.5621763062949725,58.625372910218005,63.01008214273533,4.384709232517324,C4_SENSITIVITY_ONLY
A6_A7_test_1m,test,1m,True,132,0.017,61.327871413212925,61.05338629041656,61.53279361030658,uspto_backgrounds_c4,uspto_backgrounds,60.225468450326034,62.09316382007678,61.35962223449869,0.03175082128576179,61.05338629041656,61.56112245634793,0.5077361659313695,C4_SENSITIVITY_ONLY
A6_A7_test_1m,test,1m,True,133,0.0089730807577268,61.85536856556392,59.8575329883864,62.77088335835136,uspto_backgrounds_c4,uspto_backgrounds,60.225468450326034,62.09316382007678,61.872127546947524,0.0167589813836031,59.8575329883864,62.785836124427966,2.9283031360415634,C4_SENSITIVITY_ONLY
A6_A7_test_1m,test,1m,True,134,0.1078921078921079,63.14400193166222,62.30973171110048,63.76575905167612,uspto_backgrounds_c4,uspto_backgrounds,60.225468450326034,62.09316382007678,63.345511522004955,0.20150959034273797,62.30973171110048,63.94555075247335,1.6358190413728693,C4_SENSITIVITY_ONLY
A6_A7_test_1m,test,1m,True,135,0.0,54.86484703741738,53.53061174361228,57.00781454929723,uspto_backgrounds_c4,uspto_backgrounds,60.225468450326034,62.09316382007678,54.86484703741738,0.0,53.53061174361228,57.00781454929723,3.4772028056849464,C4_SENSITIVITY_ONLY
A6_A7_test_1m,test,1m,True,136,0.0,62.1333773402359,60.38047561469128,62.98635318529735,uspto_backgrounds_c4,uspto_backgrounds,60.225468450326034,62.09316382007678,62.1333773402359,0.0,60.38047561469128,62.98635318529735,2.6058775706060686,C4_SENSITIVITY_ONLY
A6_A7_test_1m,test,1m,True,137,0.3873873873873873,59.322288660944864,57.69279173556131,60.919056735623535,uspto_backgrounds_c4,uspto_backgrounds,60.225468450326034,62.09316382007678,60.04581029066813,0.7235216297232654,57.69279173556131,61.56460012713297,3.871808391571662,C4_SENSITIVITY_ONLY
A6_A7_test_1m,test,1m,True,138,0.0,54.95722224496942,54.45903455683335,55.173211849863954,uspto_backgrounds_c4,uspto_backgrounds,60.225468450326034,62.09316382007678,54.95722224496942,0.0,54.45903455683335,55.173211849863954,0.7141772930306018,C4_SENSITIVITY_ONLY
A6_A7_test_1m,test,1m,True,139,0.0,62.590907323410605,62.56661016357106,62.60219299693559,uspto_backgrounds_c4,uspto_backgrounds,60.225468450326034,62.09316382007678,62.590907323410605,0.0,62.56661016357106,62.60219299693559,0.035582833364529165,C4_SENSITIVITY_ONLY
A6_A7_test_1m,test,1m,True,140,0.0,60.56314669689577,58.20147663062801,63.547578756666695,uspto_backgrounds_c4,uspto_backgrounds,60.225468450326034,62.09316382007678,60.56314669689577,0.0,58.20147663062801,63.547578756666695,5.346102126038687,C4_SENSITIVITY_ONLY
A6_A7_test_1m,test,1m,True,141,0.039039039039039,56.54499484264142,56.1753625587064,56.77396950223751,uspto_backgrounds_c4,uspto_backgrounds,60.225468450326034,62.09316382007678,56.617907875094154,0.07291303245273184,56.1753625587064,56.83902426262218,0.6636617039157855,C4_SENSITIVITY_ONLY
A6_A7_test_1m,test,1m,True,142,0.0,60.66633629159466,60.28626188691623,60.89232203058713,uspto_backgrounds_c4,uspto_backgrounds,60.225468450326034,62.09316382007678,60.66633629159466,0.0,60.28626188691623,60.89232203058713,0.6060601436709021,C4_SENSITIVITY_ONLY
A6_A7_test_1m,test,1m,True,143,0.022022022022022,60.21035472579212,58.61285998543545,61.92490040494498,uspto_backgrounds_c4,uspto_backgrounds,60.225468450326034,62.09316382007678,60.2514851543552,0.041130428563079136,58.61285998543545,61.96159796208505,3.348737976649602,C4_SENSITIVITY_ONLY
A6_A7_test_1m,test,1m,True,144,0.0,61.62070048803734,59.98544211570553,62.42004993783962,uspto_backgrounds_c4,uspto_backgrounds,60.225468450326034,62.09316382007678,61.62070048803734,0.0,59.98544211570553,62.42004993783962,2.4346078221340903,C4_SENSITIVITY_ONLY
A6_A7_test_1m,test,1m,True,145,0.0159840159840159,58.24463776409124,58.01953186134472,58.41415609577109,uspto_backgrounds_c4,uspto_backgrounds,60.225468450326034,62.09316382007678,58.2744910367346,0.029853272643364903,58.01953186134472,58.440791903296606,0.42126004195188926,C4_SENSITIVITY_ONLY
A6_A7_test_1m,test,1m,True,146,0.001,62.0000911983028,61.101995763435006,62.39909991496161,uspto_backgrounds_c4,uspto_backgrounds,60.225468450326034,62.09316382007678,62.00195889367255,0.0018676953697536192,61.101995763435006,62.40076631766993,1.2987705542349204,C4_SENSITIVITY_ONLY
A6_A7_test_1m,test,1m,True,147,0.0269730269730269,58.51550350838741,58.18015153044182,58.82627360904824,uspto_backgrounds_c4,uspto_backgrounds,60.225468450326034,62.09316382007678,58.565880905973096,0.05037739758568449,58.18015153044182,58.87122153424755,0.6910700038057342,C4_SENSITIVITY_ONLY
A6_A7_test_1m,test,1m,True,148,0.3903903903903904,60.32619656954687,57.64367885742412,62.520988096369294,uspto_backgrounds_c4,uspto_backgrounds,60.225468450326034,62.09316382007678,61.05532689407419,0.7291303245273184,57.64367885742412,63.17153570021601,5.527856842791891,C4_SENSITIVITY_ONLY
A6_A7_test_1m,test,1m,True,149,0.115,56.0395971474491,55.15476402316504,56.70889311464567,uspto_backgrounds_c4,uspto_backgrounds,60.225468450326034,62.09316382007678,56.25438211497044,0.21478496752133935,55.15476402316504,56.9005294261019,1.7457654029368541,C4_SENSITIVITY_ONLY
A6_A7_test_1m,test,1m,True,150,0.3296703296703296,61.91122218219541,58.97592636103283,64.05101103856329,uspto_backgrounds_c4,uspto_backgrounds,60.225468450326034,62.09316382007678,62.52694593046488,0.615723748269474,58.97592636103283,64.60037456877704,5.624448207744209,C4_SENSITIVITY_ONLY
A6_A7_test_1m,test,1m,True,151,0.0009990009990009,61.66358108914491,60.69467190312215,62.317715606271925,uspto_backgrounds_c4,uspto_backgrounds,60.225468450326034,62.09316382007678,61.66544691868512,0.001865829540207642,60.69467190312215,62.31938034424227,1.62470844112012,C4_SENSITIVITY_ONLY
A6_A7_test_1m,test,1m,True,152,0.2027972027972027,61.90944538795147,60.13040635954681,63.1587245818408,uspto_backgrounds_c4,uspto_backgrounds,60.225468450326034,62.09316382007678,62.28820878461421,0.37876339666274106,60.13040635954681,63.49666638982078,3.3662600302739705,C4_SENSITIVITY_ONLY
A6_A7_test_1m,test,1m,True,153,0.0519480519480519,59.883512497296806,58.73039799175778,60.521869550984434,uspto_backgrounds_c4,uspto_backgrounds,60.225468450326034,62.09316382007678,59.98053563338775,0.0970231360909466,58.73039799175778,60.60843592544236,1.878037933684574,C4_SENSITIVITY_ONLY
A6_A7_test_1m,test,1m,True,154,0.004,57.66577921919049,57.44634650217002,57.82003731952189,uspto_backgrounds_c4,uspto_backgrounds,60.225468450326034,62.09316382007678,57.67325000066949,0.007470781479000266,57.44634650217002,57.82670293035515,0.3803564281851237,C4_SENSITIVITY_ONLY
A6_A7_test_1m,test,1m,True,155,0.0019940179461615,60.61782530402283,58.59462169278732,62.94318157254331,uspto_backgrounds_c4,uspto_backgrounds,60.225468450326034,62.09316382007678,60.621549522108076,0.003724218085245923,58.59462169278732,62.94650440944922,4.351882716661898,C4_SENSITIVITY_ONLY
A6_A7_test_1m,test,1m,True,156,0.0,62.51027270721897,60.63753952205813,63.46143429233254,uspto_backgrounds_c4,uspto_backgrounds,60.225468450326034,62.09316382007678,62.51027270721897,0.0,60.63753952205813,63.46143429233254,2.823894770274414,C4_SENSITIVITY_ONLY
A6_A7_test_1m,test,1m,True,157,0.028028028028028,60.33337713235646,59.89191414666367,60.76857423753663,uspto_backgrounds_c4,uspto_backgrounds,60.225468450326034,62.09316382007678,60.38572495052765,0.05234781817119227,59.89191414666367,60.81528021935127,0.9233660726875996,C4_SENSITIVITY_ONLY
A6_A7_test_1m,test,1m,True,158,0.002,63.41257920580292,62.42988917179386,63.84521204462824,uspto_backgrounds_c4,uspto_backgrounds,60.225468450326034,62.09316382007678,63.41631459654242,0.003735390739500133,62.42988917179386,63.848544850044874,1.4186556782510138,C4_SENSITIVITY_ONLY
A6_A7_test_1m,test,1m,True,159,0.1401401401401401,54.25073672796567,53.40921257863089,54.90618639911634,uspto_backgrounds_c4,uspto_backgrounds,60.225468450326034,62.09316382007678,54.512475818821635,0.26173909085596136,53.40921257863089,55.13971630818953,1.7305037295586345,C4_SENSITIVITY_ONLY
A6_A7_test_1m,test,1m,True,160,0.124,60.89385859410706,58.740117074773,62.17307954787854,uspto_backgrounds_c4,uspto_backgrounds,60.225468450326034,62.09316382007678,61.12545281995615,0.2315942258490935,58.740117074773,62.3797134837096,3.6395964089365975,C4_SENSITIVITY_ONLY
A6_A7_test_1m,test,1m,True,161,0.0,63.6142879061808,63.003002544356086,64.12568515834224,uspto_backgrounds_c4,uspto_backgrounds,60.225468450326034,62.09316382007678,63.6142879061808,0.0,63.003002544356086,64.12568515834224,1.12268261398615,C4_SENSITIVITY_ONLY
A6_A7_test_1m,test,1m,True,162,0.2022022022022022,54.770303190316135,53.58905611631882,56.09055255027299,uspto_backgrounds_c4,uspto_backgrounds,60.225468450326034,62.09316382007678,55.147955307122594,0.37765211680645905,53.58905611631882,56.42750284765001,2.8384467313311887,C4_SENSITIVITY_ONLY
A6_A7_test_1m,test,1m,True,163,0.0,62.19315502722692,61.6946149916274,62.419405432339815,uspto_backgrounds_c4,uspto_backgrounds,60.225468450326034,62.09316382007678,62.19315502722692,0.0,61.6946149916274,62.419405432339815,0.7247904407124182,C4_SENSITIVITY_ONLY
A6_A7_test_1m,test,1m,True,164,0.1968031968031968,60.49282090983682,59.167924321641486,61.66876795704908,uspto_backgrounds_c4,uspto_backgrounds,60.225468450326034,62.09316382007678,60.8603893292583,0.3675684194214739,59.167924321641486,61.996721337206985,2.828797015565499,C4_SENSITIVITY_ONLY
A6_A7_test_1m,test,1m,True,165,0.3923923923923924,60.68338148427762,58.01981548241989,63.04970580190869,uspto_backgrounds_c4,uspto_backgrounds,60.225468450326034,62.09316382007678,61.41625093867431,0.7328694543966918,58.01981548241989,63.7035895473136,5.683774064893711,C4_SENSITIVITY_ONLY
A6_A7_test_1m,test,1m,True,166,0.0169830169830169,60.94396410075412,58.784759390599575,62.95051737693087,uspto_backgrounds_c4,uspto_backgrounds,60.225468450326034,62.09316382007678,60.9756832029377,0.03171910218357965,58.784759390599575,62.97881792242673,4.194058531827153,C4_SENSITIVITY_ONLY
A6_A7_test_1m,test,1m,True,167,0.037037037037037,59.681539683432725,58.16927526414163,60.52926953117888,uspto_backgrounds_c4,uspto_backgrounds,60.225468450326034,62.09316382007678,59.75071358601608,0.06917390258335843,58.16927526414163,60.590988150005366,2.421712885863734,C4_SENSITIVITY_ONLY
A6_A7_test_1m,test,1m,True,168,0.1,60.849480390951925,60.3613552052646,61.2990447844059,uspto_backgrounds_c4,uspto_backgrounds,60.225468450326034,62.09316382007678,61.036249927927,0.1867695369750777,60.3613552052646,61.46568505523741,1.1043298499728067,C4_SENSITIVITY_ONLY
A6_A7_test_1m,test,1m,True,169,0.0,62.8529137121227,60.92991815002647,63.60779032916681,uspto_backgrounds_c4,uspto_backgrounds,60.225468450326034,62.09316382007678,62.8529137121227,0.0,60.92991815002647,63.60779032916681,2.677872179140344,C4_SENSITIVITY_ONLY
A6_A7_test_1m,test,1m,True,170,0.0029970029970029,63.51640976366303,62.72173356429075,63.94736301196231,uspto_backgrounds_c4,uspto_backgrounds,60.225468450326034,62.09316382007678,63.52200725228366,0.005597488620630031,62.72173356429075,63.95235722587334,1.230623661582591,C4_SENSITIVITY_ONLY
A6_A7_test_1m,test,1m,True,171,0.0,61.591488416126666,60.8747594161097,61.997267769871776,uspto_backgrounds_c4,uspto_backgrounds,60.225468450326034,62.09316382007678,61.591488416126666,0.0,60.8747594161097,61.997267769871776,1.122508353762079,C4_SENSITIVITY_ONLY
A6_A7_test_1m,test,1m,True,172,0.007007007007007,62.75118040444,62.1804089903921,63.18403130216429,uspto_backgrounds_c4,uspto_backgrounds,60.225468450326034,62.09316382007678,62.7642673589828,0.013086954542799845,62.1804089903921,63.19570779761795,1.0152988072258466,C4_SENSITIVITY_ONLY
A6_A7_test_1m,test,1m,True,173,0.03,63.65553907899648,62.96024286634163,64.04107430724278,uspto_backgrounds_c4,uspto_backgrounds,60.225468450326034,62.09316382007678,63.71156994008901,0.05603086109252331,62.96024286634163,64.09106638849224,1.1308235221506067,C4_SENSITIVITY_ONLY
A6_A7_test_1m,test,1m,True,174,0.006006006006006,54.792680103743045,54.35771446497199,55.3459174876949,uspto_backgrounds_c4,uspto_backgrounds,60.225468450326034,62.09316382007678,54.80389749335116,0.011217389608113137,54.35771446497199,55.355925912369464,0.9982114473974733,C4_SENSITIVITY_ONLY
A6_A7_test_1m,test,1m,True,175,0.0,58.965524451318736,57.50922144613718,59.776417709850485,uspto_backgrounds_c4,uspto_backgrounds,60.225468450326034,62.09316382007678,58.965524451318736,0.0,57.50922144613718,59.776417709850485,2.267196263713302,C4_SENSITIVITY_ONLY
A6_A7_test_1m,test,1m,True,176,0.0669330669330669,62.48835147946855,60.47764172381879,64.01423323058638,uspto_backgrounds_c4,uspto_backgrounds,60.225468450326034,62.09316382007678,62.61336205866265,0.12501057919410385,60.47764172381879,64.12577067459948,3.6481289507806878,C4_SENSITIVITY_ONLY
A6_A7_test_1m,test,1m,True,177,0.113,63.44429438935549,62.36682861627718,64.20238557164087,uspto_backgrounds_c4,uspto_backgrounds,60.225468450326034,62.09316382007678,63.65534396613732,0.21104957678183212,62.36682861627718,64.39068907768048,2.023860461403295,C4_SENSITIVITY_ONLY
A6_A7_test_1m,test,1m,True,178,0.048,59.22000195697839,57.5925575224465,61.15086712016286,uspto_backgrounds_c4,uspto_backgrounds,60.225468450326034,62.09316382007678,59.30965133472643,0.08964937774803872,57.5925575224465,61.23085445016198,3.63829692771548,C4_SENSITIVITY_ONLY
A6_A7_test_1m,test,1m,True,179,0.1861861861861862,62.76694515442688,61.45571324191358,63.82985978155279,uspto_backgrounds_c4,uspto_backgrounds,60.225468450326034,62.09316382007678,63.11468423227837,0.34773907785149305,61.45571324191358,64.14012094646431,2.684407704550729,C4_SENSITIVITY_ONLY
A6_A7_test_1m,test,1m,True,180,0.0,59.79809226696967,57.3623010306778,63.35431079373915,uspto_backgrounds_c4,uspto_backgrounds,60.225468450326034,62.09316382007678,59.79809226696967,0.0,57.3623010306778,63.35431079373915,5.992009763061354,C4_SENSITIVITY_ONLY
A6_A7_test_1m,test,1m,True,181,0.014,60.48310484260209,59.16542465077088,61.84740795558144,uspto_backgrounds_c4,uspto_backgrounds,60.225468450326034,62.09316382007678,60.5092525777786,0.026147735176508036,59.16542465077088,61.87073759349785,2.7053129427269695,C4_SENSITIVITY_ONLY
A6_A7_test_1m,test,1m,True,182,0.0869130869130869,62.62709986570045,61.857905388622726,63.47053872198295,uspto_backgrounds_c4,uspto_backgrounds,60.225468450326034,62.09316382007678,62.789427035698765,0.16232716999831354,61.857905388622726,63.615370925402935,1.7574655367802094,C4_SENSITIVITY_ONLY
A6_A7_test_1m,test,1m,True,183,0.0,59.97387163879272,57.49650699852239,63.9052943352929,uspto_backgrounds_c4,uspto_backgrounds,60.225468450326034,62.09316382007678,59.97387163879272,0.0,57.49650699852239,63.9052943352929,6.408787336770509,C4_SENSITIVITY_ONLY
A6_A7_test_1m,test,1m,True,184,0.0,62.67219256582439,62.36783888529399,62.89781660500902,uspto_backgrounds_c4,uspto_backgrounds,60.225468450326034,62.09316382007678,62.67219256582439,0.0,62.36783888529399,62.89781660500902,0.5299777197150277,C4_SENSITIVITY_ONLY
A6_A7_test_1m,test,1m,True,185,0.0,64.1772501175528,64.15245161383756,64.21010058978862,uspto_backgrounds_c4,uspto_backgrounds,60.225468450326034,62.09316382007678,64.1772501175528,0.0,64.15245161383756,64.21010058978862,0.05764897595106788,C4_SENSITIVITY_ONLY
A6_A7_test_1m,test,1m,True,186,0.0,63.19974457106738,63.1841548783223,63.21326810562055,uspto_backgrounds_c4,uspto_backgrounds,60.225468450326034,62.09316382007678,63.19974457106738,0.0,63.1841548783223,63.21326810562055,0.029113227298246613,C4_SENSITIVITY_ONLY
A6_A7_test_1m,test,1m,True,187,0.007,60.96414616139728,60.4515931664201,61.43370824128254,uspto_backgrounds_c4,uspto_backgrounds,60.225468450326034,62.09316382007678,60.977220028985535,0.013073867588254018,60.4515931664201,61.44537306024074,0.993779893820637,C4_SENSITIVITY_ONLY
A6_A7_test_1m,test,1m,True,188,0.1118881118881118,61.69506885905932,59.91616820859944,62.87224033980702,uspto_backgrounds_c4,uspto_backgrounds,60.225468450326034,62.09316382007678,61.9040417675629,0.20897290850358274,59.91616820859944,63.05869099248563,3.142522783886193,C4_SENSITIVITY_ONLY
A6_A7_test_1m,test,1m,True,189,0.0,63.503358098049375,62.86039383780328,64.293402644903,uspto_backgrounds_c4,uspto_backgrounds,60.225468450326034,62.09316382007678,63.503358098049375,0.0,62.86039383780328,64.293402644903,1.4330088070997178,C4_SENSITIVITY_ONLY
A6_A7_test_1m,test,1m,True,190,0.0,61.51977615242941,60.55999516487546,62.50193671453826,uspto_backgrounds_c4,uspto_backgrounds,60.225468450326034,62.09316382007678,61.51977615242941,0.0,60.55999516487546,62.50193671453826,1.9419415496628005,C4_SENSITIVITY_ONLY
A6_A7_test_1m,test,1m,True,191,0.0,62.640398631562974,60.54738461696244,63.60482284515999,uspto_backgrounds_c4,uspto_backgrounds,60.225468450326034,62.09316382007678,62.640398631562974,0.0,60.54738461696244,63.60482284515999,3.0574382281975474,C4_SENSITIVITY_ONLY
A6_A7_test_1m,test,1m,True,192,0.0469999999999999,59.583295521860784,58.60754442922767,60.350752717616125,uspto_backgrounds_c4,uspto_backgrounds,60.225468450326034,62.09316382007678,59.67107720423907,0.0877816823782851,58.60754442922767,60.429073644906936,1.8215292156792628,C4_SENSITIVITY_ONLY
A6_A7_test_1m,test,1m,True,193,0.02002002002002,63.63575568988044,63.3060608801741,63.79730205523022,uspto_backgrounds_c4,uspto_backgrounds,60.225468450326034,62.09316382007678,63.673146988574146,0.03739129869370572,63.3060608801741,63.830663470812105,0.5246025906380041,C4_SENSITIVITY_ONLY
A6_A7_test_1m,test,1m,True,194,0.0,63.63759923307527,63.63073507147658,63.64043948057599,uspto_backgrounds_c4,uspto_backgrounds,60.225468450326034,62.09316382007678,63.63759923307527,0.0,63.63073507147658,63.64043948057599,0.00970440909941317,C4_SENSITIVITY_ONLY
A6_A7_test_1m,test,1m,True,195,0.2592592592592592,62.48864501538318,59.98575619252903,64.28602453479114,uspto_backgrounds_c4,uspto_backgrounds,60.225468450326034,62.09316382007678,62.97286233346671,0.4842173180835303,59.98575619252903,64.71805486657652,4.732298674047492,C4_SENSITIVITY_ONLY
A6_A7_test_1m,test,1m,True,196,0.0,62.01885065520038,60.44387521551884,62.68039821429166,uspto_backgrounds_c4,uspto_backgrounds,60.225468450326034,62.09316382007678,62.01885065520038,0.0,60.44387521551884,62.68039821429166,2.23652299877282,C4_SENSITIVITY_ONLY
A6_A7_test_1m,test,1m,True,197,0.0629370629370629,60.967302570010574,60.15336804744623,61.557747025064586,uspto_backgrounds_c4,uspto_backgrounds,60.225468450326034,62.09316382007678,61.08484983104384,0.11754726103326618,60.15336804744623,61.662625517196304,1.5092574697500751,C4_SENSITIVITY_ONLY
A6_A7_test_1m,test,1m,True,198,0.0,55.42338580448661,55.11052146677515,55.88465579943652,uspto_backgrounds_c4,uspto_backgrounds,60.225468450326034,62.09316382007678,55.42338580448661,0.0,55.11052146677515,55.88465579943652,0.7741343326613759,C4_SENSITIVITY_ONLY
A6_A7_test_1m,test,1m,True,199,0.071,60.807181409899805,59.54444153219967,61.54353816071856,uspto_backgrounds_c4,uspto_backgrounds,60.225468450326034,62.09316382007678,60.939787781152106,0.1326063712523009,59.54444153219967,61.66185275300893,2.1174112208092595,C4_SENSITIVITY_ONLY
A6_A7_test_1m,test,1m,True,200,0.017017017017017,60.58749179105957,58.89443257503864,61.9799247582369,uspto_backgrounds_c4,uspto_backgrounds,60.225468450326034,62.09316382007678,60.61927439494922,0.031782603889652705,58.89443257503864,62.0082819614815,3.1138493864428582,C4_SENSITIVITY_ONLY
A6_A7_test_1m,test,1m,True,201,0.0,61.8446587830786,60.41534337096347,62.77280173474338,uspto_backgrounds_c4,uspto_backgrounds,60.225468450326034,62.09316382007678,61.8446587830786,0.0,60.41534337096347,62.77280173474338,2.3574583637799122,C4_SENSITIVITY_ONLY
A6_A7_test_1m,test,1m,True,202,0.46,61.91092208169731,58.94395184665372,64.2773068236377,uspto_backgrounds_c4,uspto_backgrounds,60.225468450326034,62.09316382007678,62.77006195178265,0.8591398700853432,58.94395184665372,65.04385206946263,6.0999002228089125,C4_SENSITIVITY_ONLY
A6_A7_test_1m,test,1m,True,203,0.2457542457542457,61.82358787227466,60.08213701675497,63.12727436898875,uspto_backgrounds_c4,uspto_backgrounds,60.225468450326034,62.09316382007678,62.28258193916645,0.45899406689179045,60.08213701675497,63.53679990969355,3.454662892938579,C4_SENSITIVITY_ONLY
A6_A7_test_1m,test,1m,True,204,0.0129999999999999,60.18235057041365,58.36270526346608,62.84469258692217,uspto_backgrounds_c4,uspto_backgrounds,60.225468450326034,62.09316382007678,60.20663061022041,0.024280039806761522,58.36270526346608,62.86635582213027,4.503650558664184,C4_SENSITIVITY_ONLY
A6_A7_test_1m,test,1m,True,205,0.039,62.76823944612836,62.46387575223117,63.0102247212121,uspto_backgrounds_c4,uspto_backgrounds,60.225468450326034,62.09316382007678,62.84107956554864,0.07284011942027746,62.46387575223117,63.07521442683638,0.6113386746052143,C4_SENSITIVITY_ONLY
A6_A7_test_1m,test,1m,True,206,0.1441441441441441,59.521337220379735,57.17783458977557,61.776569101696026,uspto_backgrounds_c4,uspto_backgrounds,60.225468450326034,62.09316382007678,59.790554570974436,0.2692173505947011,57.17783458977557,62.01677129388558,4.8389367041100115,C4_SENSITIVITY_ONLY
A6_A7_test_1m,test,1m,True,207,0.024,56.22357312111134,54.983047999587136,57.6575811488703,uspto_backgrounds_c4,uspto_backgrounds,60.225468450326034,62.09316382007678,56.26839780998536,0.044824688874015806,54.983047999587136,57.69757481386986,2.7145268142827277,C4_SENSITIVITY_ONLY
A6_A7_test_1m,test,1m,True,208,0.037,54.22471042355938,53.22937397470625,54.96105755707111,uspto_backgrounds_c4,uspto_backgrounds,60.225468450326034,62.09316382007678,54.29381515224016,0.06910472868077733,53.22937397470625,55.02271445727877,1.7933404825725177,C4_SENSITIVITY_ONLY
A6_A7_test_1m,test,1m,True,209,0.646,61.32972011600948,58.12000093980426,64.24727485503566,uspto_backgrounds_c4,uspto_backgrounds,60.225468450326034,62.09316382007678,62.536251324868466,1.2065312088589835,58.12000093980426,65.32377100460718,7.203770064802924,C4_SENSITIVITY_ONLY
A6_A7_test_1m,test,1m,True,210,0.3396603396603396,60.07243207900994,58.29670553272804,61.76778658034118,uspto_backgrounds_c4,uspto_backgrounds,60.225468450326034,62.09316382007678,60.70681412268153,0.6343820436715859,58.29670553272804,62.333797490258384,4.037091957530343,C4_SENSITIVITY_ONLY
A6_A7_test_1m,test,1m,True,211,0.0,61.12538927319509,60.853977367615045,61.33320744659855,uspto_backgrounds_c4,uspto_backgrounds,60.225468450326034,62.09316382007678,61.12538927319509,0.0,60.853977367615045,61.33320744659855,0.47923007898350534,C4_SENSITIVITY_ONLY
A6_A7_test_1m,test,1m,True,212,0.022022022022022,59.95524994046632,57.42236658009971,63.831054993455695,uspto_backgrounds_c4,uspto_backgrounds,60.225468450326034,62.09316382007678,59.996380369029396,0.041130428563079136,57.42236658009971,63.86775255059577,6.445385970496055,C4_SENSITIVITY_ONLY
A6_A7_test_1m,test,1m,True,213,0.0,63.595368530156,62.52005315251446,64.06841315835725,uspto_backgrounds_c4,uspto_backgrounds,60.225468450326034,62.09316382007678,63.595368530156,0.0,62.52005315251446,64.06841315835725,1.5483600058427882,C4_SENSITIVITY_ONLY
A6_A7_test_1m,test,1m,True,214,0.1121121121121121,62.97301049689427,61.02869390593728,64.06965418629551,uspto_backgrounds_c4,uspto_backgrounds,60.225468450326034,62.09316382007678,63.18240176957904,0.2093912726847691,61.02869390593728,64.25647811355405,3.2277842076167715,C4_SENSITIVITY_ONLY
A6_A7_test_1m,test,1m,True,215,0.0748502994011975,60.625590676022576,58.19277769534549,64.15335644157685,uspto_backgrounds_c4,uspto_backgrounds,60.225468450326034,62.09316382007678,60.765388233638646,0.13979755761607038,58.19277769534549,64.2780871832172,6.0853094878717044,C4_SENSITIVITY_ONLY
A6_A7_test_1m,test,1m,True,216,0.0,53.00880896025897,52.92272501394582,53.041100469930655,uspto_backgrounds_c4,uspto_backgrounds,60.225468450326034,62.09316382007678,53.00880896025897,0.0,52.92272501394582,53.041100469930655,0.11837545598483246,C4_SENSITIVITY_ONLY
A6_A7_test_1m,test,1m,True,217,0.0,62.90346566931496,62.76463941200917,62.99420629907492,uspto_backgrounds_c4,uspto_backgrounds,60.225468450326034,62.09316382007678,62.90346566931496,0.0,62.76463941200917,62.99420629907492,0.2295668870657508,C4_SENSITIVITY_ONLY
A6_A7_test_1m,test,1m,True,218,0.3506493506493506,62.38817352197275,60.58986799472091,64.04194395905634,uspto_backgrounds_c4,uspto_backgrounds,60.225468450326034,62.09316382007678,63.04307969058665,0.6549061686138984,60.58986799472091,64.62626698664734,4.036398991926426,C4_SENSITIVITY_ONLY
A6_A7_test_1m,test,1m,True,219,0.3086172344689378,60.96484431702652,59.355106148898784,62.471279528391065,uspto_backgrounds_c4,uspto_backgrounds,60.225468450326034,62.09316382007678,61.541247296869436,0.5764029798429178,59.355106148898784,62.98556012374281,3.6304539748440234,C4_SENSITIVITY_ONLY
A6_A7_test_1m,test,1m,True,220,0.02,61.920376382969145,60.05217689192196,62.77092848128648,uspto_backgrounds_c4,uspto_backgrounds,60.225468450326034,62.09316382007678,61.95773029036416,0.03735390739501554,60.05217689192196,62.80425653545279,2.752079643530827,C4_SENSITIVITY_ONLY
A6_A7_test_1m,test,1m,True,221,0.6057884231536926,60.67147999660834,57.13131062356866,63.822965923919455,uspto_backgrounds_c4,uspto_backgrounds,60.225468450326034,62.09316382007678,61.8029082295811,1.131428232972759,57.13131062356866,64.83245339292868,7.701142769360025,C4_SENSITIVITY_ONLY
A6_A7_test_1m,test,1m,True,222,0.001,61.42982614772575,61.2865760973603,61.58292221451287,uspto_backgrounds_c4,uspto_backgrounds,60.225468450326034,62.09316382007678,61.4316938430955,0.0018676953697536192,61.2865760973603,61.584588617221186,0.2980125198608832,C4_SENSITIVITY_ONLY
A6_A7_test_1m,test,1m,True,223,0.0129870129870129,58.90599536346498,58.56140203736686,59.05434847537301,uspto_backgrounds_c4,uspto_backgrounds,60.225468450326034,62.09316382007678,58.930251147487716,0.024255784022734872,58.56140203736686,59.075990068987494,0.514588031620633,C4_SENSITIVITY_ONLY
A6_A7_test_1m,test,1m,True,224,0.0,63.34314869079108,61.16563883164921,64.25605128309829,uspto_backgrounds_c4,uspto_backgrounds,60.225468450326034,62.09316382007678,63.34314869079108,0.0,61.16563883164921,64.25605128309829,3.090412451449076,C4_SENSITIVITY_ONLY
A6_A7_test_1m,test,1m,True,225,0.0,61.94171276348415,61.54644318837847,62.108417156597824,uspto_backgrounds_c4,uspto_backgrounds,60.225468450326034,62.09316382007678,61.94171276348415,0.0,61.54644318837847,62.108417156597824,0.5619739682193554,C4_SENSITIVITY_ONLY
A6_A7_test_1m,test,1m,True,226,0.1609999999999999,62.09894725818294,59.94931930194623,63.46473771844392,uspto_backgrounds_c4,uspto_backgrounds,60.225468450326034,62.09316382007678,62.39964621271281,0.30069895452987083,59.94931930194623,63.733028554482644,3.7837092525364113,C4_SENSITIVITY_ONLY
A6_A7_test_1m,test,1m,True,227,0.001,56.01989954697628,55.92852476021965,56.08455590508292,uspto_backgrounds_c4,uspto_backgrounds,60.225468450326034,62.09316382007678,56.02176724234604,0.0018676953697536192,55.92852476021965,56.08622230779124,0.15769754757158694,C4_SENSITIVITY_ONLY
A6_A7_test_1m,test,1m,True,228,0.0,63.43578398344358,63.34731606622033,63.4975511109538,uspto_backgrounds_c4,uspto_backgrounds,60.225468450326034,62.09316382007678,63.43578398344358,0.0,63.34731606622033,63.4975511109538,0.1502350447334706,C4_SENSITIVITY_ONLY
A6_A7_test_1m,test,1m,True,229,0.0,63.17348271581967,63.08776916123428,63.235793164631566,uspto_backgrounds_c4,uspto_backgrounds,60.225468450326034,62.09316382007678,63.17348271581967,0.0,63.08776916123428,63.235793164631566,0.14802400339728905,C4_SENSITIVITY_ONLY
A6_A7_test_1m,test,1m,True,230,0.0,59.41118795443066,58.08640125462144,59.96754932801683,uspto_backgrounds_c4,uspto_backgrounds,60.225468450326034,62.09316382007678,59.41118795443066,0.0,58.08640125462144,59.96754932801683,1.8811480733953871,C4_SENSITIVITY_ONLY
A6_A7_test_1m,test,1m,True,231,0.0598205383848454,58.85548529349317,58.19595022204319,59.58573200165177,uspto_backgrounds_c4,uspto_backgrounds,60.225468450326034,62.09316382007678,58.96721183605054,0.11172654255737058,58.19595022204319,59.68541710882914,1.489466886785955,C4_SENSITIVITY_ONLY
A6_A7_test_1m,test,1m,True,232,0.079,62.49608693233111,60.40061456131094,63.621315102747104,uspto_backgrounds_c4,uspto_backgrounds,60.225468450326034,62.09316382007678,62.64363486654142,0.14754793421030854,60.40061456131094,63.75296091670399,3.3523463553930526,C4_SENSITIVITY_ONLY
A6_A7_test_1m,test,1m,True,233,0.092092092092092,59.787940533576325,58.00279970715651,60.82156999500173,uspto_backgrounds_c4,uspto_backgrounds,60.225468450326034,62.09316382007678,59.95994050756738,0.17199997399105627,58.00279970715651,60.975032506678396,2.9722327995218834,C4_SENSITIVITY_ONLY
A6_A7_test_1m,test,1m,True,234,0.0,63.74301428971136,63.37176771982874,63.94756265972742,uspto_backgrounds_c4,uspto_backgrounds,60.225468450326034,62.09316382007678,63.74301428971136,0.0,63.37176771982874,63.94756265972742,0.5757949398986781,C4_SENSITIVITY_ONLY
A6_A7_test_1m,test,1m,True,235,0.396,62.310621760766686,59.92581089020081,64.26359903962486,uspto_backgrounds_c4,uspto_backgrounds,60.225468450326034,62.09316382007678,63.05022912718798,0.7396073664212963,59.92581089020081,64.92349451211763,4.997683621916821,C4_SENSITIVITY_ONLY
A6_A7_test_1m,test,1m,True,236,0.004,59.39682278301295,58.11551209379674,59.9980636736612,uspto_backgrounds_c4,uspto_backgrounds,60.225468450326034,62.09316382007678,59.40429356449195,0.007470781479000266,58.11551209379674,60.00472928449446,1.889217190697721,C4_SENSITIVITY_ONLY
A6_A7_test_1m,test,1m,True,237,0.0829170829170829,55.67879176041524,55.04864779945781,56.12873872742848,uspto_backgrounds_c4,uspto_backgrounds,60.225468450326034,62.09316382007678,55.83365561225271,0.15486385183747586,55.04864779945781,56.26691197896709,1.2182641795092763,C4_SENSITIVITY_ONLY
A6_A7_test_1m,test,1m,True,238,0.5165165165165165,60.02077057857268,56.47979177895252,64.31817845881035,uspto_backgrounds_c4,uspto_backgrounds,60.225468450326034,62.09316382007678,60.98546608487037,0.9646955062976872,56.47979177895252,65.17890298082294,8.699111201870423,C4_SENSITIVITY_ONLY
A6_A7_test_1m,test,1m,True,239,0.005,62.17722334677063,60.64251660646864,63.28380239782842,uspto_backgrounds_c4,uspto_backgrounds,60.225468450326034,62.09316382007678,62.186561823619385,0.009338476848753885,60.64251660646864,63.29213441136999,2.6496178049013537,C4_SENSITIVITY_ONLY
A6_A7_test_1m,test,1m,True,240,0.002,61.893161866673154,61.09517230105498,62.45699473393261,uspto_backgrounds_c4,uspto_backgrounds,60.225468450326034,62.09316382007678,61.896897257412654,0.003735390739500133,61.09517230105498,62.460327539349244,1.365155238294264,C4_SENSITIVITY_ONLY
A6_A7_test_1m,test,1m,True,241,0.0039960039960039,53.68007325873658,53.32403761204197,54.16310192518687,uspto_backgrounds_c4,uspto_backgrounds,60.225468450326034,62.09316382007678,53.68753657689742,0.0074633181608447785,53.32403761204197,54.16976087706825,0.8457232650262796,C4_SENSITIVITY_ONLY
A6_A7_test_1m,test,1m,True,242,0.0,60.43156408567712,59.45977333577171,60.99690169853326,uspto_backgrounds_c4,uspto_backgrounds,60.225468450326034,62.09316382007678,60.43156408567712,0.0,59.45977333577171,60.99690169853326,1.5371283627615497,C4_SENSITIVITY_ONLY
A6_A7_test_1m,test,1m,True,243,0.064,60.93856733950555,59.23383242718252,63.2406888595175,uspto_backgrounds_c4,uspto_backgrounds,60.225468450326034,62.09316382007678,61.0580998431696,0.11953250366404689,59.23383242718252,63.34733863284966,4.113506205667143,C4_SENSITIVITY_ONLY
A6_A7_test_1m,test,1m,True,244,0.073,62.01150895770121,60.984140255270624,62.62067655380397,uspto_backgrounds_c4,uspto_backgrounds,60.225468450326034,62.09316382007678,62.14785071969302,0.13634176199180814,60.984140255270624,62.74232395151097,1.7581836962403443,C4_SENSITIVITY_ONLY
A6_A7_test_1m,test,1m,True,245,0.015,63.26390222282178,62.19323180397599,63.79951585059925,uspto_backgrounds_c4,uspto_backgrounds,60.225468450326034,62.09316382007678,63.29191765336804,0.028015430546261655,62.19323180397599,63.82451189122398,1.631280087247987,C4_SENSITIVITY_ONLY
A6_A7_test_1m,test,1m,True,246,0.001,59.774683081075175,59.470840290667255,60.028539354338136,uspto_backgrounds_c4,uspto_backgrounds,60.225468450326034,62.09316382007678,59.77655077644493,0.0018676953697536192,59.470840290667255,60.03020575704645,0.559365466379198,C4_SENSITIVITY_ONLY
A6_A7_test_1m,test,1m,True,247,0.0,56.4909284345583,56.439863313187885,56.518206626915465,uspto_backgrounds_c4,uspto_backgrounds,60.225468450326034,62.09316382007678,56.4909284345583,0.0,56.439863313187885,56.518206626915465,0.0783433137275793,C4_SENSITIVITY_ONLY
A6_A7_test_1m,test,1m,True,248,0.0,61.15133976004666,61.13780077699261,61.15720959519144,uspto_backgrounds_c4,uspto_backgrounds,60.225468450326034,62.09316382007678,61.15133976004666,0.0,61.13780077699261,61.15720959519144,0.01940881819882634,C4_SENSITIVITY_ONLY
A6_A7_test_1m,test,1m,True,249,0.001,58.84029556809162,58.05689943324263,59.644510042945136,uspto_backgrounds_c4,uspto_backgrounds,60.225468450326034,62.09316382007678,58.84216326346137,0.0018676953697536192,58.05689943324263,59.64617644565345,1.5892770124108253,C4_SENSITIVITY_ONLY
A6_A7_test_1m,test,1m,True,250,0.0,55.40460950081986,54.807802279625015,55.627691074324446,uspto_backgrounds_c4,uspto_backgrounds,60.225468450326034,62.09316382007678,55.40460950081986,0.0,54.807802279625015,55.627691074324446,0.8198887946994304,C4_SENSITIVITY_ONLY
A6_A7_test_1m,test,1m,True,251,0.0,61.91049896103559,60.228892875862655,63.39781371141935,uspto_backgrounds_c4,uspto_backgrounds,60.225468450326034,62.09316382007678,61.91049896103559,0.0,60.228892875862655,63.39781371141935,3.1689208355566976,C4_SENSITIVITY_ONLY
A6_A7_test_1m,test,1m,True,252,0.2102102102102102,59.711605220530586,58.09426400298443,60.9066078756766,uspto_backgrounds_c4,uspto_backgrounds,60.225468450326034,62.09316382007678,60.104213856814525,0.3926086362839385,58.09426400298443,61.256902739286375,3.1626387363019433,C4_SENSITIVITY_ONLY
A6_A7_test_1m,test,1m,True,253,0.0,61.90630958184797,60.23639734731352,62.704056379671655,uspto_backgrounds_c4,uspto_backgrounds,60.225468450326034,62.09316382007678,61.90630958184797,0.0,60.23639734731352,62.704056379671655,2.467659032358135,C4_SENSITIVITY_ONLY
A6_A7_test_1m,test,1m,True,254,0.0,62.79816350584413,61.39200266485105,63.44537847007322,uspto_backgrounds_c4,uspto_backgrounds,60.225468450326034,62.09316382007678,62.79816350584413,0.0,61.39200266485105,63.44537847007322,2.053375805222174,C4_SENSITIVITY_ONLY
A6_A7_test_1m,test,1m,True,255,0.076076076076076,60.412127973738365,59.52306089167022,61.382679437716575,uspto_backgrounds_c4,uspto_backgrounds,60.225468450326034,62.09316382007678,60.554214908774455,0.14208693503609027,59.52306089167022,61.509452816927734,1.9863919252575144,C4_SENSITIVITY_ONLY
A6_A7_test_1m,test,1m,True,256,0.0,53.79014933319386,53.78512418313221,53.79342737260498,uspto_backgrounds_c4,uspto_backgrounds,60.225468450326034,62.09316382007678,53.79014933319386,0.0,53.78512418313221,53.79342737260498,0.008303189472769645,C4_SENSITIVITY_ONLY
A8_A9_test_60m,test,60m,True,1,0.005005005005005,63.59530217834434,62.36360357296689,64.17313150435582,uspto_backgrounds_c4,uspto_backgrounds,60.225468450326034,62.09316382007678,63.60465000301777,0.00934782467342643,62.36360357296689,64.1814718582513,1.817868285284412,C4_SENSITIVITY_ONLY
A8_A9_test_60m,test,60m,True,2,0.0919080919080918,63.40972117921458,62.71572008820634,64.01411676760901,uspto_backgrounds_c4,uspto_backgrounds,60.225468450326034,62.09316382007678,63.581377496913944,0.17165631769936596,62.71572008820634,64.16727266088073,1.4515525726743874,C4_SENSITIVITY_ONLY
A8_A9_test_60m,test,60m,True,3,0.027,56.21800029905407,55.61793983488175,56.5176883546498,uspto_backgrounds_c4,uspto_backgrounds,60.225468450326034,62.09316382007678,56.26842807403734,0.05042777498326956,55.61793983488175,56.562681227774306,0.9447413928925528,C4_SENSITIVITY_ONLY
A8_A9_test_60m,test,60m,True,4,0.0,60.5691299638632,59.92087249799828,60.872089841105286,uspto_backgrounds_c4,uspto_backgrounds,60.225468450326034,62.09316382007678,60.5691299638632,0.0,59.92087249799828,60.872089841105286,0.9512173431070039,C4_SENSITIVITY_ONLY
A8_A9_test_60m,test,60m,True,5,0.0029970029970029,62.97220372289228,62.632573509307605,63.18886519132863,uspto_backgrounds_c4,uspto_backgrounds,60.225468450326034,62.09316382007678,62.97780121151291,0.005597488620630031,62.632573509307605,63.193859405239664,0.561285895932059,C4_SENSITIVITY_ONLY
A8_A9_test_60m,test,60m,True,6,0.0889110889110889,58.26330123520848,57.33863246590432,59.07245177276327,uspto_backgrounds_c4,uspto_backgrounds,60.225468450326034,62.09316382007678,58.429360064287216,0.16605882907873593,57.33863246590432,59.220613452123956,1.881980986219638,C4_SENSITIVITY_ONLY
A8_A9_test_60m,test,60m,True,7,0.0,51.832182947054896,51.82425504191595,51.8372072062128,uspto_backgrounds_c4,uspto_backgrounds,60.225468450326034,62.09316382007678,51.832182947054896,0.0,51.82425504191595,51.8372072062128,0.012952164296855528,C4_SENSITIVITY_ONLY
A8_A9_test_60m,test,60m,True,8,0.019,60.78119113001566,60.69024263271613,60.86417724786449,uspto_backgrounds_c4,uspto_backgrounds,60.225468450326034,62.09316382007678,60.81667734204092,0.03548621202526192,60.69024263271613,60.89583889932248,0.20559626660634933,C4_SENSITIVITY_ONLY
A8_A9_test_60m,test,60m,True,9,0.4535464535464535,62.347003726710994,60.33038280077616,64.26598126512954,uspto_backgrounds_c4,uspto_backgrounds,60.225468450326034,62.09316382007678,63.19409033796658,0.8470866112555839,60.33038280077616,65.02177230366604,4.6913895028898835,C4_SENSITIVITY_ONLY
A8_A9_test_60m,test,60m,True,10,0.012,63.27635254940586,61.517025981084224,64.07187975690971,uspto_backgrounds_c4,uspto_backgrounds,60.225468450326034,62.09316382007678,63.298764893842865,0.022412344437007903,61.517025981084224,64.0918765894095,2.5748506083252707,C4_SENSITIVITY_ONLY
A8_A9_test_60m,test,60m,True,11,0.383,57.65682469683417,55.96289512460098,59.33463067090042,uspto_backgrounds_c4,uspto_backgrounds,60.225468450326034,62.09316382007678,58.372152023448706,0.7153273266145348,55.96289512460098,59.972862908185085,4.009967783584102,C4_SENSITIVITY_ONLY
A8_A9_test_60m,test,60m,True,12,0.131,63.54906668461967,62.81410297666955,64.25243929648934,uspto_backgrounds_c4,uspto_backgrounds,60.225468450326034,62.09316382007678,63.793734778057015,0.24466809343734752,62.81410297666955,64.47073805127862,1.6566350746090635,C4_SENSITIVITY_ONLY
A8_A9_test_60m,test,60m,True,13,0.0,56.40653443231444,55.55676988119584,56.78414628548029,uspto_backgrounds_c4,uspto_backgrounds,60.225468450326034,62.09316382007678,56.40653443231444,0.0,55.55676988119584,56.78414628548029,1.227376404284449,C4_SENSITIVITY_ONLY
A8_A9_test_60m,test,60m,True,14,0.3706293706293707,61.04646174849347,59.47862289737827,62.57541821465821,uspto_backgrounds_c4,uspto_backgrounds,60.225468450326034,62.09316382007678,61.73868450791158,0.6922227594181081,59.47862289737827,63.1930360016561,3.714413104277824,C4_SENSITIVITY_ONLY
A8_A9_test_60m,test,60m,True,15,0.111,59.03862710563637,58.44952454379407,59.58500713463342,uspto_backgrounds_c4,uspto_backgrounds,60.225468450326034,62.09316382007678,59.245941291678704,0.20731418604233198,58.44952454379407,59.76997783525639,1.3204532914623215,C4_SENSITIVITY_ONLY
A8_A9_test_60m,test,60m,True,16,0.071071071071071,62.04525605421088,60.38751783089782,62.97531314428185,uspto_backgrounds_c4,uspto_backgrounds,60.225468450326034,62.09316382007678,62.177995164573545,0.13273911036266384,60.38751783089782,63.09374616959753,2.7062283386997095,C4_SENSITIVITY_ONLY
A8_A9_test_60m,test,60m,True,17,0.0,60.81886623001546,60.244477746108345,61.08482719704662,uspto_backgrounds_c4,uspto_backgrounds,60.225468450326034,62.09316382007678,60.81886623001546,0.0,60.244477746108345,61.08482719704662,0.8403494509382767,C4_SENSITIVITY_ONLY
A8_A9_test_60m,test,60m,True,18,0.2657973921765296,59.83388209833621,57.33017964802888,62.04102895014427,uspto_backgrounds_c4,uspto_backgrounds,60.225468450326034,62.09316382007678,60.33031065699614,0.49642855865992885,57.33017964802888,62.48395444433032,5.153774796301441,C4_SENSITIVITY_ONLY
A8_A9_test_60m,test,60m,True,19,0.176,54.87065391682959,53.84594099131415,55.75370515709514,uspto_backgrounds_c4,uspto_backgrounds,60.225468450326034,62.09316382007678,55.19936830190572,0.3287143850761325,53.84594099131415,56.04699203375859,2.2010510424444405,C4_SENSITIVITY_ONLY
A8_A9_test_60m,test,60m,True,20,0.0,59.528698510089214,59.21032992362576,59.76866964303791,uspto_backgrounds_c4,uspto_backgrounds,60.225468450326034,62.09316382007678,59.528698510089214,0.0,59.21032992362576,59.76866964303791,0.5583397194121531,C4_SENSITIVITY_ONLY
A8_A9_test_60m,test,60m,True,21,0.001001001001001,60.3335690086242,58.2833357914294,61.84413592514514,uspto_backgrounds_c4,uspto_backgrounds,60.225468450326034,62.09316382007678,60.33543857355889,0.0018695649346867071,58.2833357914294,61.845803995924236,3.5624682044948344,C4_SENSITIVITY_ONLY
A8_A9_test_60m,test,60m,True,22,0.0,57.24257329423022,55.44291713124537,59.71100779700736,uspto_backgrounds_c4,uspto_backgrounds,60.225468450326034,62.09316382007678,57.24257329423022,0.0,55.44291713124537,59.71100779700736,4.268090665761989,C4_SENSITIVITY_ONLY
A8_A9_test_60m,test,60m,True,23,0.0,59.76795071732259,58.45388723609208,60.81789903219732,uspto_backgrounds_c4,uspto_backgrounds,60.225468450326034,62.09316382007678,59.76795071732259,0.0,58.45388723609208,60.81789903219732,2.3640117961052383,C4_SENSITIVITY_ONLY
A8_A9_test_60m,test,60m,True,24,0.0,56.248302552883295,55.999742790702086,56.41029470130965,uspto_backgrounds_c4,uspto_backgrounds,60.225468450326034,62.09316382007678,56.248302552883295,0.0,55.999742790702086,56.41029470130965,0.41055191060756613,C4_SENSITIVITY_ONLY
A8_A9_test_60m,test,60m,True,25,0.58,61.03148107782813,57.77597872115357,63.9896835495218,uspto_backgrounds_c4,uspto_backgrounds,60.225468450326034,62.09316382007678,62.11474439228357,1.0832633144554364,57.77597872115357,64.95619712034454,7.18021839919097,C4_SENSITIVITY_ONLY
A8_A9_test_60m,test,60m,True,26,0.0,63.76877719807879,63.59522061324132,63.83287723934917,uspto_backgrounds_c4,uspto_backgrounds,60.225468450326034,62.09316382007678,63.76877719807879,0.0,63.59522061324132,63.83287723934917,0.23765662610785654,C4_SENSITIVITY_ONLY
A8_A9_test_60m,test,60m,True,27,0.461,60.61625333530239,57.34948341112312,63.97970469629919,uspto_backgrounds_c4,uspto_backgrounds,60.225468450326034,62.09316382007678,61.477260900757486,0.8610075654550968,57.34948341112312,64.74791634483243,7.398432933709316,C4_SENSITIVITY_ONLY
A8_A9_test_60m,test,60m,True,28,0.047047047047047,58.01451836650069,56.77251088024532,59.4732120929544,uspto_backgrounds_c4,uspto_backgrounds,60.225468450326034,62.09316382007678,58.10238791843091,0.08786955193021839,56.77251088024532,59.55161141957182,2.7791005393264996,C4_SENSITIVITY_ONLY
A8_A9_test_60m,test,60m,True,29,0.004,55.21995667845218,55.12638472295606,55.26413465792475,uspto_backgrounds_c4,uspto_backgrounds,60.225468450326034,62.09316382007678,55.22742745993118,0.007470781479000266,55.12638472295606,55.27080026875801,0.14441554580194804,C4_SENSITIVITY_ONLY
A8_A9_test_60m,test,60m,True,30,0.1953907815631262,61.40742345012261,59.52957095712961,62.68830701414187,uspto_backgrounds_c4,uspto_backgrounds,60.225468450326034,62.09316382007678,61.77235390814004,0.36493045801743307,59.52957095712961,63.01390674171846,3.4843357845888505,C4_SENSITIVITY_ONLY
A8_A9_test_60m,test,60m,True,31,0.145,57.69600870953806,56.261786622659095,58.66586102150546,uspto_backgrounds_c4,uspto_backgrounds,60.225468450326034,62.09316382007678,57.96682453815192,0.27081582861385556,56.261786622659095,58.90748941421114,2.645702791552047,C4_SENSITIVITY_ONLY
A8_A9_test_60m,test,60m,True,32,0.182,62.37051568983851,60.35294767841537,63.71774666308108,uspto_backgrounds_c4,uspto_backgrounds,60.225468450326034,62.09316382007678,62.710436247133146,0.3399205572946329,60.35294767841537,64.02103195599442,3.668084277579048,C4_SENSITIVITY_ONLY
A8_A9_test_60m,test,60m,True,33,0.011011011011011,62.61044002852123,62.0633301352761,62.864405746160585,uspto_backgrounds_c4,uspto_backgrounds,60.225468450326034,62.09316382007678,62.63100524280277,0.020565214281539568,62.0633301352761,62.88275452473062,0.8194243894545252,C4_SENSITIVITY_ONLY
A8_A9_test_60m,test,60m,True,34,0.0,60.31395383691235,59.69408560696843,60.64447707835715,uspto_backgrounds_c4,uspto_backgrounds,60.225468450326034,62.09316382007678,60.31395383691235,0.0,59.69408560696843,60.64447707835715,0.9503914713887198,C4_SENSITIVITY_ONLY
A8_A9_test_60m,test,60m,True,35,0.0,62.22685498205431,61.31785942222993,62.57769899301742,uspto_backgrounds_c4,uspto_backgrounds,60.225468450326034,62.09316382007678,62.22685498205431,0.0,61.31785942222993,62.57769899301742,1.2598395707874914,C4_SENSITIVITY_ONLY
A8_A9_test_60m,test,60m,True,36,0.0,60.61808077549649,59.28266331246813,61.369820836688575,uspto_backgrounds_c4,uspto_backgrounds,60.225468450326034,62.09316382007678,60.61808077549649,0.0,59.28266331246813,61.369820836688575,2.0871575242204443,C4_SENSITIVITY_ONLY
A8_A9_test_60m,test,60m,True,37,0.0,56.05516326385042,55.32039742701019,56.384639107374575,uspto_backgrounds_c4,uspto_backgrounds,60.225468450326034,62.09316382007678,56.05516326385042,0.0,55.32039742701019,56.384639107374575,1.0642416803643826,C4_SENSITIVITY_ONLY
A8_A9_test_60m,test,60m,True,38,0.0,58.71188187696299,57.77131382718156,59.12341237395364,uspto_backgrounds_c4,uspto_backgrounds,60.225468450326034,62.09316382007678,58.71188187696299,0.0,57.77131382718156,59.12341237395364,1.3520985467720834,C4_SENSITIVITY_ONLY
A8_A9_test_60m,test,60m,True,39,0.0,62.76233377257159,61.9157429218796,63.190255316936216,uspto_backgrounds_c4,uspto_backgrounds,60.225468450326034,62.09316382007678,62.76233377257159,0.0,61.9157429218796,63.190255316936216,1.2745123950566182,C4_SENSITIVITY_ONLY
A8_A9_test_60m,test,60m,True,40,0.012012012012012,60.59251727940561,60.127737018310974,61.17966228966852,uspto_backgrounds_c4,uspto_backgrounds,60.225468450326034,62.09316382007678,60.61495205862184,0.022434779216226275,60.127737018310974,61.199679139017654,1.0719421207066802,C4_SENSITIVITY_ONLY
A8_A9_test_60m,test,60m,True,41,0.142,61.65580498272416,60.12857239173427,62.64606131209467,uspto_backgrounds_c4,uspto_backgrounds,60.225468450326034,62.09316382007678,61.92101772522877,0.2652127425046089,60.12857239173427,62.88269049667541,2.754118104941142,C4_SENSITIVITY_ONLY
A8_A9_test_60m,test,60m,True,42,0.0,61.43788559764158,60.0053986316938,62.62448217903577,uspto_backgrounds_c4,uspto_backgrounds,60.225468450326034,62.09316382007678,61.43788559764158,0.0,60.0053986316938,62.62448217903577,2.6190835473419725,C4_SENSITIVITY_ONLY
A8_A9_test_60m,test,60m,True,43,0.0,61.47814732949036,61.464371671257126,61.48378048945596,uspto_backgrounds_c4,uspto_backgrounds,60.225468450326034,62.09316382007678,61.47814732949036,0.0,61.464371671257126,61.48378048945596,0.019408818198833444,C4_SENSITIVITY_ONLY
A8_A9_test_60m,test,60m,True,44,0.2817182817182817,60.404221965362666,57.916654732343005,63.17354344730494,uspto_backgrounds_c4,uspto_backgrounds,60.225468450326034,62.09316382007678,60.93038589570204,0.5261639303393721,57.916654732343005,63.64299955494214,5.726344822599138,C4_SENSITIVITY_ONLY
A8_A9_test_60m,test,60m,True,45,0.0,63.18386814240382,61.67465255339616,64.12014217704859,uspto_backgrounds_c4,uspto_backgrounds,60.225468450326034,62.09316382007678,63.18386814240382,0.0,61.67465255339616,64.12014217704859,2.445489623652435,C4_SENSITIVITY_ONLY
A8_A9_test_60m,test,60m,True,46,0.004004004004004,61.5381407578536,61.290388568501584,61.646294002401866,uspto_backgrounds_c4,uspto_backgrounds,60.225468450326034,62.09316382007678,61.54561901759234,0.007478259738739723,61.290388568501584,61.65296628551825,0.36257771701666286,C4_SENSITIVITY_ONLY
A8_A9_test_60m,test,60m,True,47,0.0,60.161350933133086,57.73171954458863,62.69705425450033,uspto_backgrounds_c4,uspto_backgrounds,60.225468450326034,62.09316382007678,60.161350933133086,0.0,57.73171954458863,62.69705425450033,4.965334709911701,C4_SENSITIVITY_ONLY
A8_A9_test_60m,test,60m,True,48,0.012,55.62702814129713,54.961135168022274,55.97857795351033,uspto_backgrounds_c4,uspto_backgrounds,60.225468450326034,62.09316382007678,55.64944048573414,0.022412344437007903,54.961135168022274,55.99857478601011,1.037439617987836,C4_SENSITIVITY_ONLY
A8_A9_test_60m,test,60m,True,49,0.0,61.32219162173639,61.09740433597638,61.660724128785326,uspto_backgrounds_c4,uspto_backgrounds,60.225468450326034,62.09316382007678,61.32219162173639,0.0,61.09740433597638,61.660724128785326,0.5633197928089473,C4_SENSITIVITY_ONLY
A8_A9_test_60m,test,60m,True,50,0.03003003003003,60.18243830862772,58.83069319318216,61.02324534128245,uspto_backgrounds_c4,uspto_backgrounds,60.225468450326034,62.09316382007678,60.23852525666828,0.05608694804056569,58.83069319318216,61.07328746465527,2.2425942714731164,C4_SENSITIVITY_ONLY
A8_A9_test_60m,test,60m,True,51,0.0,60.60877774881936,59.55019198357805,61.07399273782257,uspto_backgrounds_c4,uspto_backgrounds,60.225468450326034,62.09316382007678,60.60877774881936,0.0,59.55019198357805,61.07399273782257,1.5238007542445189,C4_SENSITIVITY_ONLY
A8_A9_test_60m,test,60m,True,52,0.05,61.60852742841308,59.58239980351784,62.60157571883304,uspto_backgrounds_c4,uspto_backgrounds,60.225468450326034,62.09316382007678,61.70191219690062,0.09338476848753885,59.58239980351784,62.68489585424879,3.102496050730956,C4_SENSITIVITY_ONLY
A8_A9_test_60m,test,60m,True,53,0.264,61.71676816843448,59.676782955260926,63.291411560125546,uspto_backgrounds_c4,uspto_backgrounds,60.225468450326034,62.09316382007678,62.20983974604867,0.4930715776141952,59.676782955260926,63.73134187512072,4.054558919859794,C4_SENSITIVITY_ONLY
A8_A9_test_60m,test,60m,True,54,0.0,63.33497192878741,62.86869159519164,63.75759763047514,uspto_backgrounds_c4,uspto_backgrounds,60.225468450326034,62.09316382007678,63.33497192878741,0.0,62.86869159519164,63.75759763047514,0.8889060352834974,C4_SENSITIVITY_ONLY
A8_A9_test_60m,test,60m,True,55,0.0,62.609643212869294,61.14161410783316,63.25732552727273,uspto_backgrounds_c4,uspto_backgrounds,60.225468450326034,62.09316382007678,62.609643212869294,0.0,61.14161410783316,63.25732552727273,2.115711419439563,C4_SENSITIVITY_ONLY
A8_A9_test_60m,test,60m,True,56,0.003,62.76680345698766,61.31555752844155,63.41022510001909,uspto_backgrounds_c4,uspto_backgrounds,60.225468450326034,62.09316382007678,62.77240654309691,0.005603086109253752,61.31555752844155,63.41522430814403,2.0996667797024813,C4_SENSITIVITY_ONLY
A8_A9_test_60m,test,60m,True,57,0.065,63.06805649975109,60.59987393639249,64.3230756511424,uspto_backgrounds_c4,uspto_backgrounds,60.225468450326034,62.09316382007678,63.18945669878489,0.1214001990338005,60.59987393639249,64.43139182718288,3.831517890790387,C4_SENSITIVITY_ONLY
A8_A9_test_60m,test,60m,True,58,0.007,62.38843996451571,61.54120570844459,62.83277892755388,uspto_backgrounds_c4,uspto_backgrounds,60.225468450326034,62.09316382007678,62.401513832103966,0.013073867588254018,61.54120570844459,62.844443746512084,1.3032380380674908,C4_SENSITIVITY_ONLY
A8_A9_test_60m,test,60m,True,59,0.3073073073073072,61.44323236092639,59.28735776459155,63.25683271591197,uspto_backgrounds_c4,uspto_backgrounds,60.225468450326034,62.09316382007678,62.017188795874816,0.5739564349484283,59.28735776459155,63.76893044509387,4.481572680502325,C4_SENSITIVITY_ONLY
A8_A9_test_60m,test,60m,True,60,0.0,62.23869755975205,62.05057913426763,62.4199401482651,uspto_backgrounds_c4,uspto_backgrounds,60.225468450326034,62.09316382007678,62.23869755975205,0.0,62.05057913426763,62.4199401482651,0.36936101399746946,C4_SENSITIVITY_ONLY
A8_A9_test_60m,test,60m,True,61,0.0,63.53351778948607,63.53351778948607,63.53351778948607,uspto_backgrounds_c4,uspto_backgrounds,60.225468450326034,62.09316382007678,63.53351778948607,0.0,63.53351778948607,63.53351778948607,0.0,C4_SENSITIVITY_ONLY
A8_A9_test_60m,test,60m,True,62,0.024024024024024,62.981595415567305,62.8581355570484,63.08947713937182,uspto_backgrounds_c4,uspto_backgrounds,60.225468450326034,62.09316382007678,63.02646497399976,0.04486955843245255,62.8581355570484,63.12951083807008,0.2713752810216832,C4_SENSITIVITY_ONLY
A8_A9_test_60m,test,60m,True,63,0.014,59.75156372062323,56.74706785548885,64.29591364486677,uspto_backgrounds_c4,uspto_backgrounds,60.225468450326034,62.09316382007678,59.77771145579974,0.026147735176508036,56.74706785548885,64.31924328278318,7.572175427294326,C4_SENSITIVITY_ONLY
A8_A9_test_60m,test,60m,True,64,0.027,60.54930100549522,58.63778235862512,61.98823392130327,uspto_backgrounds_c4,uspto_backgrounds,60.225468450326034,62.09316382007678,60.599728780478486,0.05042777498326956,58.63778235862512,62.033226794427776,3.395444435802659,C4_SENSITIVITY_ONLY
A8_A9_test_60m,test,60m,True,65,0.0,62.41323444752325,62.40400989412382,62.416962058420665,uspto_backgrounds_c4,uspto_backgrounds,60.225468450326034,62.09316382007678,62.41323444752325,0.0,62.40400989412382,62.416962058420665,0.012952164296848423,C4_SENSITIVITY_ONLY
A8_A9_test_60m,test,60m,True,66,0.0,60.33638231242879,57.710258603472354,64.31212726062277,uspto_backgrounds_c4,uspto_backgrounds,60.225468450326034,62.09316382007678,60.33638231242879,0.0,57.710258603472354,64.31212726062277,6.601868657150419,C4_SENSITIVITY_ONLY
A8_A9_test_60m,test,60m,True,67,0.0,62.27902493782339,62.15646672374482,62.33011741366066,uspto_backgrounds_c4,uspto_backgrounds,60.225468450326034,62.09316382007678,62.27902493782339,0.0,62.15646672374482,62.33011741366066,0.17365068991583854,C4_SENSITIVITY_ONLY
A8_A9_test_60m,test,60m,True,68,0.0419161676646706,61.61288749599015,61.184740425609824,61.949257438709935,uspto_backgrounds_c4,uspto_backgrounds,60.225468450326034,62.09316382007678,61.69117412825515,0.07828663226499799,61.184740425609824,62.01910665402853,0.834366228418709,C4_SENSITIVITY_ONLY
A8_A9_test_60m,test,60m,True,69,0.041,59.82703152959528,57.48202518475352,62.19549828376528,uspto_backgrounds_c4,uspto_backgrounds,60.225468450326034,62.09316382007678,59.90360703975506,0.0765755101597776,57.48202518475352,62.2638207948062,4.781795610052683,C4_SENSITIVITY_ONLY
A8_A9_test_60m,test,60m,True,70,0.001,63.07012586670808,63.03494067180648,63.09261180288767,uspto_backgrounds_c4,uspto_backgrounds,60.225468450326034,62.09316382007678,63.071993562077836,0.0018676953697536192,63.03494067180648,63.094278205595984,0.05933753378950257,C4_SENSITIVITY_ONLY
A8_A9_test_60m,test,60m,True,71,0.0,60.629718624889016,59.65252804507379,61.001560941717145,uspto_backgrounds_c4,uspto_backgrounds,60.225468450326034,62.09316382007678,60.629718624889016,0.0,59.65252804507379,61.001560941717145,1.349032896643358,C4_SENSITIVITY_ONLY
A8_A9_test_60m,test,60m,True,72,0.0039960039960039,61.35252170016647,59.458557711852926,63.878251082581286,uspto_backgrounds_c4,uspto_backgrounds,60.225468450326034,62.09316382007678,61.359985018327315,0.0074633181608447785,59.458557711852926,63.88491003446266,4.426352322609738,C4_SENSITIVITY_ONLY
A8_A9_test_60m,test,60m,True,73,0.0,63.350469904753695,61.25362516588942,64.27764029778446,uspto_backgrounds_c4,uspto_backgrounds,60.225468450326034,62.09316382007678,63.350469904753695,0.0,61.25362516588942,64.27764029778446,3.024015131895041,C4_SENSITIVITY_ONLY
A8_A9_test_60m,test,60m,True,74,0.025025025025025,62.24157504013688,60.82685392039398,64.30151630130354,uspto_backgrounds_c4,uspto_backgrounds,60.225468450326034,62.09316382007678,62.28831416350402,0.04673912336713926,60.82685392039398,64.34321807078089,3.516364150386913,C4_SENSITIVITY_ONLY
A8_A9_test_60m,test,60m,True,75,0.0,62.24376941933645,60.90522004380616,63.013960824619325,uspto_backgrounds_c4,uspto_backgrounds,60.225468450326034,62.09316382007678,62.24376941933645,0.0,60.90522004380616,63.013960824619325,2.1087407808131644,C4_SENSITIVITY_ONLY
A8_A9_test_60m,test,60m,True,76,0.2137862137862138,61.4017438981549,60.00175968734038,62.58459689500637,uspto_backgrounds_c4,uspto_backgrounds,60.225468450326034,62.09316382007678,61.80103141975995,0.39928752160505354,60.00175968734038,62.94085082066014,2.9390911333197565,C4_SENSITIVITY_ONLY
A8_A9_test_60m,test,60m,True,77,0.0,62.267508399269126,62.16212896010998,62.29996358749207,uspto_backgrounds_c4,uspto_backgrounds,60.225468450326034,62.09316382007678,62.267508399269126,0.0,62.16212896010998,62.29996358749207,0.13783462738209096,C4_SENSITIVITY_ONLY
A8_A9_test_60m,test,60m,True,78,0.0,61.04483956636848,59.316930862962906,61.7989511981524,uspto_backgrounds_c4,uspto_backgrounds,60.225468450326034,62.09316382007678,61.04483956636848,0.0,59.316930862962906,61.7989511981524,2.482020335189496,C4_SENSITIVITY_ONLY
A8_A9_test_60m,test,60m,True,79,0.0,52.13150836622717,52.12473887470015,52.13444328379956,uspto_backgrounds_c4,uspto_backgrounds,60.225468450326034,62.09316382007678,52.13150836622717,0.0,52.12473887470015,52.13444328379956,0.00970440909941317,C4_SENSITIVITY_ONLY
A8_A9_test_60m,test,60m,True,80,0.029,63.02488852041614,61.0554279797865,63.95870963310576,uspto_backgrounds_c4,uspto_backgrounds,60.225468450326034,62.09316382007678,63.07905168613891,0.05416316572276969,61.0554279797865,64.0070353116469,2.9516073318604015,C4_SENSITIVITY_ONLY
A8_A9_test_60m,test,60m,True,81,0.028028028028028,62.63196471214374,60.42841897577981,64.02035512294147,uspto_backgrounds_c4,uspto_backgrounds,60.225468450326034,62.09316382007678,62.684312530314934,0.05234781817119227,60.42841897577981,64.0670611047561,3.6386421289762936,C4_SENSITIVITY_ONLY
A8_A9_test_60m,test,60m,True,82,0.0009990009990009,58.3413778290866,57.28840117181493,58.8262828098746,uspto_backgrounds_c4,uspto_backgrounds,60.225468450326034,62.09316382007678,58.34324365862681,0.001865829540207642,57.28840117181493,58.82794754784494,1.5395463760300103,C4_SENSITIVITY_ONLY
A8_A9_test_60m,test,60m,True,83,0.0,62.10611367432088,60.53325169989081,62.848834179551126,uspto_backgrounds_c4,uspto_backgrounds,60.225468450326034,62.09316382007678,62.10611367432088,0.0,60.53325169989081,62.848834179551126,2.315582479660314,C4_SENSITIVITY_ONLY
A8_A9_test_60m,test,60m,True,84,0.0,63.30323463965497,62.80870463158012,63.49500096587595,uspto_backgrounds_c4,uspto_backgrounds,60.225468450326034,62.09316382007678,63.30323463965497,0.0,62.80870463158012,63.49500096587595,0.6862963342958324,C4_SENSITIVITY_ONLY
A8_A9_test_60m,test,60m,True,85,0.0,57.52136373815516,56.364957569734216,58.05267587610436,uspto_backgrounds_c4,uspto_backgrounds,60.225468450326034,62.09316382007678,57.52136373815516,0.0,56.364957569734216,58.05267587610436,1.6877183063701438,C4_SENSITIVITY_ONLY
A8_A9_test_60m,test,60m,True,86,0.021021021021021,63.33343081370141,63.21006673020905,63.43446173321027,uspto_backgrounds_c4,uspto_backgrounds,60.225468450326034,62.09316382007678,63.372691677329804,0.03926086362839243,63.21006673020905,63.469491219571246,0.2594244893621962,C4_SENSITIVITY_ONLY
A8_A9_test_60m,test,60m,True,87,0.0,59.31477872177568,56.250679256471535,64.22838077393203,uspto_backgrounds_c4,uspto_backgrounds,60.225468450326034,62.09316382007678,59.31477872177568,0.0,56.250679256471535,64.22838077393203,7.9777015174604955,C4_SENSITIVITY_ONLY
A8_A9_test_60m,test,60m,True,88,0.4534534534534534,62.20287222427098,59.967913531029225,64.15875057405417,uspto_backgrounds_c4,uspto_backgrounds,60.225468450326034,62.09316382007678,63.049785139683486,0.8469129154125028,59.967913531029225,64.91438663698382,4.946473105954595,C4_SENSITIVITY_ONLY
A8_A9_test_60m,test,60m,True,89,0.002,62.09024375390363,61.83392397851864,62.35628647116077,uspto_backgrounds_c4,uspto_backgrounds,60.225468450326034,62.09316382007678,62.09397914464313,0.003735390739500133,61.83392397851864,62.359619276577405,0.5256952980587641,C4_SENSITIVITY_ONLY
A8_A9_test_60m,test,60m,True,90,0.0,59.64108097245275,58.7200039218559,60.349535346031,uspto_backgrounds_c4,uspto_backgrounds,60.225468450326034,62.09316382007678,59.64108097245275,0.0,58.7200039218559,60.349535346031,1.6295314241750987,C4_SENSITIVITY_ONLY
A8_A9_test_60m,test,60m,True,91,0.0,62.83349535826595,62.60179510992237,63.030245988694624,uspto_backgrounds_c4,uspto_backgrounds,60.225468450326034,62.09316382007678,62.83349535826595,0.0,62.60179510992237,63.030245988694624,0.42845087877225296,C4_SENSITIVITY_ONLY
A8_A9_test_60m,test,60m,True,92,0.494,60.645755594956114,58.489322017084646,62.72506594259247,uspto_backgrounds_c4,uspto_backgrounds,60.225468450326034,62.09316382007678,61.56839710761298,0.9226415126568668,58.489322017084646,63.54826888050011,5.058946863415464,C4_SENSITIVITY_ONLY
A8_A9_test_60m,test,60m,True,93,0.0,57.218830739890166,56.24767602249483,57.62560258861967,uspto_backgrounds_c4,uspto_backgrounds,60.225468450326034,62.09316382007678,57.218830739890166,0.0,56.24767602249483,57.62560258861967,1.3779265661248417,C4_SENSITIVITY_ONLY
A8_A9_test_60m,test,60m,True,94,0.1098901098901098,62.31924166057822,61.50893807184063,62.949153932806446,uspto_backgrounds_c4,uspto_backgrounds,60.225468450326034,62.09316382007678,62.52448291000138,0.20524124942316035,61.50893807184063,63.132275109544366,1.6233370377037346,C4_SENSITIVITY_ONLY
A8_A9_test_60m,test,60m,True,95,0.008,62.10137738547365,61.069046993836295,62.51421371454761,uspto_backgrounds_c4,uspto_backgrounds,60.225468450326034,62.09316382007678,62.116318948431655,0.014941562958007637,61.069046993836295,62.52754493621413,1.4584979423778321,C4_SENSITIVITY_ONLY
A8_A9_test_60m,test,60m,True,96,0.0,62.03469837741846,61.15988666596384,62.444252251532085,uspto_backgrounds_c4,uspto_backgrounds,60.225468450326034,62.09316382007678,62.03469837741846,0.0,61.15988666596384,62.444252251532085,1.2843655855682456,C4_SENSITIVITY_ONLY
A8_A9_test_60m,test,60m,True,97,0.0169830169830169,61.45640251320091,59.61776934343354,63.78590517720588,uspto_backgrounds_c4,uspto_backgrounds,60.225468450326034,62.09316382007678,61.48812161538449,0.03171910218357965,59.61776934343354,63.81420572270174,4.1964363792682065,C4_SENSITIVITY_ONLY
A8_A9_test_60m,test,60m,True,98,0.177,61.22010112412231,58.839490139862974,63.11927720838873,uspto_backgrounds_c4,uspto_backgrounds,60.225468450326034,62.09316382007678,61.55068320456819,0.330582080445879,58.839490139862974,63.4142304877605,4.574740347897524,C4_SENSITIVITY_ONLY
A8_A9_test_60m,test,60m,True,99,0.003,60.74004529653456,59.17578194015701,62.78840490618595,uspto_backgrounds_c4,uspto_backgrounds,60.225468450326034,62.09316382007678,60.745648382643815,0.005603086109253752,59.17578194015701,62.793404114310896,3.6176221741538868,C4_SENSITIVITY_ONLY
A8_A9_test_60m,test,60m,True,100,0.015,62.04706759259917,60.17604925524407,63.64116658496098,uspto_backgrounds_c4,uspto_backgrounds,60.225468450326034,62.09316382007678,62.07508302314543,0.028015430546261655,60.17604925524407,63.666162625585706,3.490113370341639,C4_SENSITIVITY_ONLY
A8_A9_test_60m,test,60m,True,101,0.6936127744510977,60.47396527435355,57.2457000956111,63.55525124170568,uspto_backgrounds_c4,uspto_backgrounds,60.225468450326034,62.09316382007678,61.76942264159584,1.2954573672422853,57.2457000956111,64.71108944757292,7.465389351961818,C4_SENSITIVITY_ONLY
A8_A9_test_60m,test,60m,True,102,0.01,62.27269433203166,60.43761437485615,63.204542118976896,uspto_backgrounds_c4,uspto_backgrounds,60.225468450326034,62.09316382007678,62.29137128572917,0.01867695369750777,60.43761437485615,63.22120614606005,2.783591771203895,C4_SENSITIVITY_ONLY
A8_A9_test_60m,test,60m,True,103,0.2945891783567134,60.57438041549023,58.52141745672058,62.18389560315545,uspto_backgrounds_c4,uspto_backgrounds,60.225468450326034,62.09316382007678,61.124583259885746,0.550202844395514,58.52141745672058,62.674799807809386,4.153382351088808,C4_SENSITIVITY_ONLY
A8_A9_test_60m,test,60m,True,104,0.0,62.32548347175669,61.74533495711365,63.17690045756646,uspto_backgrounds_c4,uspto_backgrounds,60.225468450326034,62.09316382007678,62.32548347175669,0.0,61.74533495711365,63.17690045756646,1.4315655004528125,C4_SENSITIVITY_ONLY
A8_A9_test_60m,test,60m,True,105,0.286,61.31220102429149,59.817170599145314,62.96407940932588,uspto_backgrounds_c4,uspto_backgrounds,60.225468450326034,62.09316382007678,61.8463619000402,0.5341608757487109,59.817170599145314,63.440670583903994,3.6234999847586806,C4_SENSITIVITY_ONLY
A8_A9_test_60m,test,60m,True,106,0.0,61.491692198814405,61.40060336996814,61.57090876947819,uspto_backgrounds_c4,uspto_backgrounds,60.225468450326034,62.09316382007678,61.491692198814405,0.0,61.40060336996814,61.57090876947819,0.17030539951004897,C4_SENSITIVITY_ONLY
A8_A9_test_60m,test,60m,True,107,0.06187624750499,63.59825485882663,62.86650643422111,64.06131952783593,uspto_backgrounds_c4,uspto_backgrounds,60.225468450326034,62.09316382007678,63.71382083978925,0.1155659809626215,62.86650643422111,64.16443027425862,1.2979238400375124,C4_SENSITIVITY_ONLY
A8_A9_test_60m,test,60m,True,108,0.151,59.85431021261646,58.420649717261234,60.83475676069977,uspto_backgrounds_c4,uspto_backgrounds,60.225468450326034,62.09316382007678,60.136332213448824,0.28202200083236306,58.420649717261234,61.08638356965534,2.665733852394105,C4_SENSITIVITY_ONLY
A8_A9_test_60m,test,60m,True,109,0.005,64.1017421643832,63.89658204611453,64.17055219996845,uspto_backgrounds_c4,uspto_backgrounds,60.225468450326034,62.09316382007678,64.11108064123195,0.009338476848753885,63.89658204611453,64.17888421351003,0.28230216739549974,C4_SENSITIVITY_ONLY
A8_A9_test_60m,test,60m,True,110,0.0,62.170492525905125,61.018151096328026,62.64946912461208,uspto_backgrounds_c4,uspto_backgrounds,60.225468450326034,62.09316382007678,62.170492525905125,0.0,61.018151096328026,62.64946912461208,1.6313180282840563,C4_SENSITIVITY_ONLY
A8_A9_test_60m,test,60m,True,111,0.0,62.73186035179894,62.455665593195874,62.84725157207211,uspto_backgrounds_c4,uspto_backgrounds,60.225468450326034,62.09316382007678,62.73186035179894,0.0,62.455665593195874,62.84725157207211,0.39158597887623614,C4_SENSITIVITY_ONLY
A8_A9_test_60m,test,60m,True,112,0.4264264264264263,60.61452762428162,57.66199675854021,63.97192329669316,uspto_backgrounds_c4,uspto_backgrounds,60.225468450326034,62.09316382007678,61.41096228645762,0.7964346621759972,57.66199675854021,64.68252144858727,7.020524690047054,C4_SENSITIVITY_ONLY
A8_A9_test_60m,test,60m,True,113,0.1885656970912738,59.31987207421634,58.18424244447421,60.60596530794338,uspto_backgrounds_c4,uspto_backgrounds,60.225468450326034,62.09316382007678,59.672055353567536,0.35218327935119476,58.18424244447421,60.920191696271594,2.7359492517973862,C4_SENSITIVITY_ONLY
A8_A9_test_60m,test,60m,True,114,0.001,62.58764476600154,60.97868863201176,63.40914701370449,uspto_backgrounds_c4,uspto_backgrounds,60.225468450326034,62.09316382007678,62.58951246137129,0.0018676953697536192,60.97868863201176,63.41081341641281,2.432124784401047,C4_SENSITIVITY_ONLY
A8_A9_test_60m,test,60m,True,115,0.0,63.72803334537386,63.07364916442806,64.01174204403827,uspto_backgrounds_c4,uspto_backgrounds,60.225468450326034,62.09316382007678,63.72803334537386,0.0,63.07364916442806,64.01174204403827,0.9380928796102097,C4_SENSITIVITY_ONLY
A8_A9_test_60m,test,60m,True,116,0.0,61.81299828692577,61.340741865958734,62.15706070500404,uspto_backgrounds_c4,uspto_backgrounds,60.225468450326034,62.09316382007678,61.81299828692577,0.0,61.340741865958734,62.15706070500404,0.8163188390453087,C4_SENSITIVITY_ONLY
A8_A9_test_60m,test,60m,True,117,0.0,61.53381114513434,61.27818826107816,61.64912094943698,uspto_backgrounds_c4,uspto_backgrounds,60.225468450326034,62.09316382007678,61.53381114513434,0.0,61.27818826107816,61.64912094943698,0.37093268835882043,C4_SENSITIVITY_ONLY
A8_A9_test_60m,test,60m,True,118,0.0,62.146206348271264,60.21725930475335,63.09729630847546,uspto_backgrounds_c4,uspto_backgrounds,60.225468450326034,62.09316382007678,62.146206348271264,0.0,60.21725930475335,63.09729630847546,2.8800370037221086,C4_SENSITIVITY_ONLY
A8_A9_test_60m,test,60m,True,119,0.012012012012012,60.596162494502174,59.95086742851272,60.94990112347136,uspto_backgrounds_c4,uspto_backgrounds,60.225468450326034,62.09316382007678,60.6185972737184,0.022434779216226275,59.95086742851272,60.9699179728205,1.019050544307774,C4_SENSITIVITY_ONLY
A8_A9_test_60m,test,60m,True,120,0.0,60.364248228541655,58.60903470769821,63.00964361307773,uspto_backgrounds_c4,uspto_backgrounds,60.225468450326034,62.09316382007678,60.364248228541655,0.0,58.60903470769821,63.00964361307773,4.400608905379521,C4_SENSITIVITY_ONLY
A8_A9_test_60m,test,60m,True,121,0.0,56.31117434628307,56.0299106186043,56.43470210237419,uspto_backgrounds_c4,uspto_backgrounds,60.225468450326034,62.09316382007678,56.31117434628307,0.0,56.0299106186043,56.43470210237419,0.40479148376989116,C4_SENSITIVITY_ONLY
A8_A9_test_60m,test,60m,True,122,0.001,60.11994508063846,58.869408320457175,60.6814462784989,uspto_backgrounds_c4,uspto_backgrounds,60.225468450326034,62.09316382007678,60.12181277600821,0.0018676953697536192,58.869408320457175,60.68311268120722,1.8137043607500445,C4_SENSITIVITY_ONLY
A8_A9_test_60m,test,60m,True,123,0.0,62.99128908007299,61.9498872999677,63.43644601371649,uspto_backgrounds_c4,uspto_backgrounds,60.225468450326034,62.09316382007678,62.99128908007299,0.0,61.9498872999677,63.43644601371649,1.4865587137487921,C4_SENSITIVITY_ONLY
A8_A9_test_60m,test,60m,True,124,0.0,60.830378647978186,59.28286101179504,61.50224446323712,uspto_backgrounds_c4,uspto_backgrounds,60.225468450326034,62.09316382007678,60.830378647978186,0.0,59.28286101179504,61.50224446323712,2.219383451442077,C4_SENSITIVITY_ONLY
A8_A9_test_60m,test,60m,True,125,0.3493493493493493,61.02251075226528,58.70255422504769,62.84513495223369,uspto_backgrounds_c4,uspto_backgrounds,60.225468450326034,62.09316382007678,61.6749889144705,0.6524781622052132,58.70255422504769,63.427291654137555,4.724737429089863,C4_SENSITIVITY_ONLY
A8_A9_test_60m,test,60m,True,126,0.1951951951951951,58.80122640772829,56.111129089451325,62.387231910215256,uspto_backgrounds_c4,uspto_backgrounds,60.225468450326034,62.09316382007678,59.165791569991946,0.3645651622636592,56.111129089451325,62.712505712138615,6.60137662268729,C4_SENSITIVITY_ONLY
A8_A9_test_60m,test,60m,True,127,0.0,61.39634616701826,58.773018398159664,64.26877330188158,uspto_backgrounds_c4,uspto_backgrounds,60.225468450326034,62.09316382007678,61.39634616701826,0.0,58.773018398159664,64.26877330188158,5.495754903721917,C4_SENSITIVITY_ONLY
A8_A9_test_60m,test,60m,True,128,0.0,62.05591844008552,61.20015499167317,62.62632462190056,uspto_backgrounds_c4,uspto_backgrounds,60.225468450326034,62.09316382007678,62.05591844008552,0.0,61.20015499167317,62.62632462190056,1.4261696302273847,C4_SENSITIVITY_ONLY
A8_A9_test_60m,test,60m,True,129,0.0039960039960039,61.59265724902995,61.53862188613997,61.62527860122583,uspto_backgrounds_c4,uspto_backgrounds,60.225468450326034,62.09316382007678,61.60012056719079,0.0074633181608447785,61.53862188613997,61.63193755310721,0.0933156669672357,C4_SENSITIVITY_ONLY
A8_A9_test_60m,test,60m,True,130,0.0,57.89342222081766,56.86899196705375,58.492723094877405,uspto_backgrounds_c4,uspto_backgrounds,60.225468450326034,62.09316382007678,57.89342222081766,0.0,56.86899196705375,58.492723094877405,1.6237311278236533,C4_SENSITIVITY_ONLY
A8_A9_test_60m,test,60m,True,131,0.301,60.47399074619856,58.625372910218005,62.508494927532496,uspto_backgrounds_c4,uspto_backgrounds,60.225468450326034,62.09316382007678,61.03616705249353,0.5621763062949725,58.625372910218005,63.01008214273533,4.384709232517324,C4_SENSITIVITY_ONLY
A8_A9_test_60m,test,60m,True,132,0.017,61.327871413212925,61.05338629041656,61.53279361030658,uspto_backgrounds_c4,uspto_backgrounds,60.225468450326034,62.09316382007678,61.35962223449869,0.03175082128576179,61.05338629041656,61.56112245634793,0.5077361659313695,C4_SENSITIVITY_ONLY
A8_A9_test_60m,test,60m,True,133,0.0089730807577268,61.85536856556392,59.8575329883864,62.77088335835136,uspto_backgrounds_c4,uspto_backgrounds,60.225468450326034,62.09316382007678,61.872127546947524,0.0167589813836031,59.8575329883864,62.785836124427966,2.9283031360415634,C4_SENSITIVITY_ONLY
A8_A9_test_60m,test,60m,True,134,0.1078921078921079,63.14400193166222,62.30973171110048,63.76575905167612,uspto_backgrounds_c4,uspto_backgrounds,60.225468450326034,62.09316382007678,63.345511522004955,0.20150959034273797,62.30973171110048,63.94555075247335,1.6358190413728693,C4_SENSITIVITY_ONLY
A8_A9_test_60m,test,60m,True,135,0.0,54.86484703741738,53.53061174361228,57.00781454929723,uspto_backgrounds_c4,uspto_backgrounds,60.225468450326034,62.09316382007678,54.86484703741738,0.0,53.53061174361228,57.00781454929723,3.4772028056849464,C4_SENSITIVITY_ONLY
A8_A9_test_60m,test,60m,True,136,0.0,62.1333773402359,60.38047561469128,62.98635318529735,uspto_backgrounds_c4,uspto_backgrounds,60.225468450326034,62.09316382007678,62.1333773402359,0.0,60.38047561469128,62.98635318529735,2.6058775706060686,C4_SENSITIVITY_ONLY
A8_A9_test_60m,test,60m,True,137,0.3873873873873873,59.322288660944864,57.69279173556131,60.919056735623535,uspto_backgrounds_c4,uspto_backgrounds,60.225468450326034,62.09316382007678,60.04581029066813,0.7235216297232654,57.69279173556131,61.56460012713297,3.871808391571662,C4_SENSITIVITY_ONLY
A8_A9_test_60m,test,60m,True,138,0.0,54.95722224496942,54.45903455683335,55.173211849863954,uspto_backgrounds_c4,uspto_backgrounds,60.225468450326034,62.09316382007678,54.95722224496942,0.0,54.45903455683335,55.173211849863954,0.7141772930306018,C4_SENSITIVITY_ONLY
A8_A9_test_60m,test,60m,True,139,0.0,62.590907323410605,62.56661016357106,62.60219299693559,uspto_backgrounds_c4,uspto_backgrounds,60.225468450326034,62.09316382007678,62.590907323410605,0.0,62.56661016357106,62.60219299693559,0.035582833364529165,C4_SENSITIVITY_ONLY
A8_A9_test_60m,test,60m,True,140,0.0,60.56314669689577,58.20147663062801,63.547578756666695,uspto_backgrounds_c4,uspto_backgrounds,60.225468450326034,62.09316382007678,60.56314669689577,0.0,58.20147663062801,63.547578756666695,5.346102126038687,C4_SENSITIVITY_ONLY
A8_A9_test_60m,test,60m,True,141,0.039039039039039,56.54499484264142,56.1753625587064,56.77396950223751,uspto_backgrounds_c4,uspto_backgrounds,60.225468450326034,62.09316382007678,56.617907875094154,0.07291303245273184,56.1753625587064,56.83902426262218,0.6636617039157855,C4_SENSITIVITY_ONLY
A8_A9_test_60m,test,60m,True,142,0.0,60.66633629159466,60.28626188691623,60.89232203058713,uspto_backgrounds_c4,uspto_backgrounds,60.225468450326034,62.09316382007678,60.66633629159466,0.0,60.28626188691623,60.89232203058713,0.6060601436709021,C4_SENSITIVITY_ONLY
A8_A9_test_60m,test,60m,True,143,0.022022022022022,60.21035472579212,58.61285998543545,61.92490040494498,uspto_backgrounds_c4,uspto_backgrounds,60.225468450326034,62.09316382007678,60.2514851543552,0.041130428563079136,58.61285998543545,61.96159796208505,3.348737976649602,C4_SENSITIVITY_ONLY
A8_A9_test_60m,test,60m,True,144,0.0,61.62070048803734,59.98544211570553,62.42004993783962,uspto_backgrounds_c4,uspto_backgrounds,60.225468450326034,62.09316382007678,61.62070048803734,0.0,59.98544211570553,62.42004993783962,2.4346078221340903,C4_SENSITIVITY_ONLY
A8_A9_test_60m,test,60m,True,145,0.0159840159840159,58.24463776409124,58.01953186134472,58.41415609577109,uspto_backgrounds_c4,uspto_backgrounds,60.225468450326034,62.09316382007678,58.2744910367346,0.029853272643364903,58.01953186134472,58.440791903296606,0.42126004195188926,C4_SENSITIVITY_ONLY
A8_A9_test_60m,test,60m,True,146,0.001,62.0000911983028,61.101995763435006,62.39909991496161,uspto_backgrounds_c4,uspto_backgrounds,60.225468450326034,62.09316382007678,62.00195889367255,0.0018676953697536192,61.101995763435006,62.40076631766993,1.2987705542349204,C4_SENSITIVITY_ONLY
A8_A9_test_60m,test,60m,True,147,0.0269730269730269,58.51550350838741,58.18015153044182,58.82627360904824,uspto_backgrounds_c4,uspto_backgrounds,60.225468450326034,62.09316382007678,58.565880905973096,0.05037739758568449,58.18015153044182,58.87122153424755,0.6910700038057342,C4_SENSITIVITY_ONLY
A8_A9_test_60m,test,60m,True,148,0.3903903903903904,60.32619656954687,57.64367885742412,62.520988096369294,uspto_backgrounds_c4,uspto_backgrounds,60.225468450326034,62.09316382007678,61.05532689407419,0.7291303245273184,57.64367885742412,63.17153570021601,5.527856842791891,C4_SENSITIVITY_ONLY
A8_A9_test_60m,test,60m,True,149,0.115,56.0395971474491,55.15476402316504,56.70889311464567,uspto_backgrounds_c4,uspto_backgrounds,60.225468450326034,62.09316382007678,56.25438211497044,0.21478496752133935,55.15476402316504,56.9005294261019,1.7457654029368541,C4_SENSITIVITY_ONLY
A8_A9_test_60m,test,60m,True,150,0.3296703296703296,61.91122218219541,58.97592636103283,64.05101103856329,uspto_backgrounds_c4,uspto_backgrounds,60.225468450326034,62.09316382007678,62.52694593046488,0.615723748269474,58.97592636103283,64.60037456877704,5.624448207744209,C4_SENSITIVITY_ONLY
A8_A9_test_60m,test,60m,True,151,0.0009990009990009,61.66358108914491,60.69467190312215,62.317715606271925,uspto_backgrounds_c4,uspto_backgrounds,60.225468450326034,62.09316382007678,61.66544691868512,0.001865829540207642,60.69467190312215,62.31938034424227,1.62470844112012,C4_SENSITIVITY_ONLY
A8_A9_test_60m,test,60m,True,152,0.2027972027972027,61.90944538795147,60.13040635954681,63.1587245818408,uspto_backgrounds_c4,uspto_backgrounds,60.225468450326034,62.09316382007678,62.28820878461421,0.37876339666274106,60.13040635954681,63.49666638982078,3.3662600302739705,C4_SENSITIVITY_ONLY
A8_A9_test_60m,test,60m,True,153,0.0519480519480519,59.883512497296806,58.73039799175778,60.521869550984434,uspto_backgrounds_c4,uspto_backgrounds,60.225468450326034,62.09316382007678,59.98053563338775,0.0970231360909466,58.73039799175778,60.60843592544236,1.878037933684574,C4_SENSITIVITY_ONLY
A8_A9_test_60m,test,60m,True,154,0.004,57.66577921919049,57.44634650217002,57.82003731952189,uspto_backgrounds_c4,uspto_backgrounds,60.225468450326034,62.09316382007678,57.67325000066949,0.007470781479000266,57.44634650217002,57.82670293035515,0.3803564281851237,C4_SENSITIVITY_ONLY
A8_A9_test_60m,test,60m,True,155,0.0019940179461615,60.61782530402283,58.59462169278732,62.94318157254331,uspto_backgrounds_c4,uspto_backgrounds,60.225468450326034,62.09316382007678,60.621549522108076,0.003724218085245923,58.59462169278732,62.94650440944922,4.351882716661898,C4_SENSITIVITY_ONLY
A8_A9_test_60m,test,60m,True,156,0.0,62.51027270721897,60.63753952205813,63.46143429233254,uspto_backgrounds_c4,uspto_backgrounds,60.225468450326034,62.09316382007678,62.51027270721897,0.0,60.63753952205813,63.46143429233254,2.823894770274414,C4_SENSITIVITY_ONLY
A8_A9_test_60m,test,60m,True,157,0.028028028028028,60.33337713235646,59.89191414666367,60.76857423753663,uspto_backgrounds_c4,uspto_backgrounds,60.225468450326034,62.09316382007678,60.38572495052765,0.05234781817119227,59.89191414666367,60.81528021935127,0.9233660726875996,C4_SENSITIVITY_ONLY
A8_A9_test_60m,test,60m,True,158,0.002,63.41257920580292,62.42988917179386,63.84521204462824,uspto_backgrounds_c4,uspto_backgrounds,60.225468450326034,62.09316382007678,63.41631459654242,0.003735390739500133,62.42988917179386,63.848544850044874,1.4186556782510138,C4_SENSITIVITY_ONLY
A8_A9_test_60m,test,60m,True,159,0.1401401401401401,54.25073672796567,53.40921257863089,54.90618639911634,uspto_backgrounds_c4,uspto_backgrounds,60.225468450326034,62.09316382007678,54.512475818821635,0.26173909085596136,53.40921257863089,55.13971630818953,1.7305037295586345,C4_SENSITIVITY_ONLY
A8_A9_test_60m,test,60m,True,160,0.124,60.89385859410706,58.740117074773,62.17307954787854,uspto_backgrounds_c4,uspto_backgrounds,60.225468450326034,62.09316382007678,61.12545281995615,0.2315942258490935,58.740117074773,62.3797134837096,3.6395964089365975,C4_SENSITIVITY_ONLY
A8_A9_test_60m,test,60m,True,161,0.0,63.6142879061808,63.003002544356086,64.12568515834224,uspto_backgrounds_c4,uspto_backgrounds,60.225468450326034,62.09316382007678,63.6142879061808,0.0,63.003002544356086,64.12568515834224,1.12268261398615,C4_SENSITIVITY_ONLY
A8_A9_test_60m,test,60m,True,162,0.2022022022022022,54.770303190316135,53.58905611631882,56.09055255027299,uspto_backgrounds_c4,uspto_backgrounds,60.225468450326034,62.09316382007678,55.147955307122594,0.37765211680645905,53.58905611631882,56.42750284765001,2.8384467313311887,C4_SENSITIVITY_ONLY
A8_A9_test_60m,test,60m,True,163,0.0,62.19315502722692,61.6946149916274,62.419405432339815,uspto_backgrounds_c4,uspto_backgrounds,60.225468450326034,62.09316382007678,62.19315502722692,0.0,61.6946149916274,62.419405432339815,0.7247904407124182,C4_SENSITIVITY_ONLY
A8_A9_test_60m,test,60m,True,164,0.1968031968031968,60.49282090983682,59.167924321641486,61.66876795704908,uspto_backgrounds_c4,uspto_backgrounds,60.225468450326034,62.09316382007678,60.8603893292583,0.3675684194214739,59.167924321641486,61.996721337206985,2.828797015565499,C4_SENSITIVITY_ONLY
A8_A9_test_60m,test,60m,True,165,0.3923923923923924,60.68338148427762,58.01981548241989,63.04970580190869,uspto_backgrounds_c4,uspto_backgrounds,60.225468450326034,62.09316382007678,61.41625093867431,0.7328694543966918,58.01981548241989,63.7035895473136,5.683774064893711,C4_SENSITIVITY_ONLY
A8_A9_test_60m,test,60m,True,166,0.0169830169830169,60.94396410075412,58.784759390599575,62.95051737693087,uspto_backgrounds_c4,uspto_backgrounds,60.225468450326034,62.09316382007678,60.9756832029377,0.03171910218357965,58.784759390599575,62.97881792242673,4.194058531827153,C4_SENSITIVITY_ONLY
A8_A9_test_60m,test,60m,True,167,0.037037037037037,59.681539683432725,58.16927526414163,60.52926953117888,uspto_backgrounds_c4,uspto_backgrounds,60.225468450326034,62.09316382007678,59.75071358601608,0.06917390258335843,58.16927526414163,60.590988150005366,2.421712885863734,C4_SENSITIVITY_ONLY
A8_A9_test_60m,test,60m,True,168,0.1,60.849480390951925,60.3613552052646,61.2990447844059,uspto_backgrounds_c4,uspto_backgrounds,60.225468450326034,62.09316382007678,61.036249927927,0.1867695369750777,60.3613552052646,61.46568505523741,1.1043298499728067,C4_SENSITIVITY_ONLY
A8_A9_test_60m,test,60m,True,169,0.0,62.8529137121227,60.92991815002647,63.60779032916681,uspto_backgrounds_c4,uspto_backgrounds,60.225468450326034,62.09316382007678,62.8529137121227,0.0,60.92991815002647,63.60779032916681,2.677872179140344,C4_SENSITIVITY_ONLY
A8_A9_test_60m,test,60m,True,170,0.0029970029970029,63.51640976366303,62.72173356429075,63.94736301196231,uspto_backgrounds_c4,uspto_backgrounds,60.225468450326034,62.09316382007678,63.52200725228366,0.005597488620630031,62.72173356429075,63.95235722587334,1.230623661582591,C4_SENSITIVITY_ONLY
A8_A9_test_60m,test,60m,True,171,0.0,61.591488416126666,60.8747594161097,61.997267769871776,uspto_backgrounds_c4,uspto_backgrounds,60.225468450326034,62.09316382007678,61.591488416126666,0.0,60.8747594161097,61.997267769871776,1.122508353762079,C4_SENSITIVITY_ONLY
A8_A9_test_60m,test,60m,True,172,0.007007007007007,62.75118040444,62.1804089903921,63.18403130216429,uspto_backgrounds_c4,uspto_backgrounds,60.225468450326034,62.09316382007678,62.7642673589828,0.013086954542799845,62.1804089903921,63.19570779761795,1.0152988072258466,C4_SENSITIVITY_ONLY
A8_A9_test_60m,test,60m,True,173,0.03,63.65553907899648,62.96024286634163,64.04107430724278,uspto_backgrounds_c4,uspto_backgrounds,60.225468450326034,62.09316382007678,63.71156994008901,0.05603086109252331,62.96024286634163,64.09106638849224,1.1308235221506067,C4_SENSITIVITY_ONLY
A8_A9_test_60m,test,60m,True,174,0.006006006006006,54.792680103743045,54.35771446497199,55.3459174876949,uspto_backgrounds_c4,uspto_backgrounds,60.225468450326034,62.09316382007678,54.80389749335116,0.011217389608113137,54.35771446497199,55.355925912369464,0.9982114473974733,C4_SENSITIVITY_ONLY
A8_A9_test_60m,test,60m,True,175,0.0,58.965524451318736,57.50922144613718,59.776417709850485,uspto_backgrounds_c4,uspto_backgrounds,60.225468450326034,62.09316382007678,58.965524451318736,0.0,57.50922144613718,59.776417709850485,2.267196263713302,C4_SENSITIVITY_ONLY
A8_A9_test_60m,test,60m,True,176,0.0669330669330669,62.48835147946855,60.47764172381879,64.01423323058638,uspto_backgrounds_c4,uspto_backgrounds,60.225468450326034,62.09316382007678,62.61336205866265,0.12501057919410385,60.47764172381879,64.12577067459948,3.6481289507806878,C4_SENSITIVITY_ONLY
A8_A9_test_60m,test,60m,True,177,0.113,63.44429438935549,62.36682861627718,64.20238557164087,uspto_backgrounds_c4,uspto_backgrounds,60.225468450326034,62.09316382007678,63.65534396613732,0.21104957678183212,62.36682861627718,64.39068907768048,2.023860461403295,C4_SENSITIVITY_ONLY
A8_A9_test_60m,test,60m,True,178,0.048,59.22000195697839,57.5925575224465,61.15086712016286,uspto_backgrounds_c4,uspto_backgrounds,60.225468450326034,62.09316382007678,59.30965133472643,0.08964937774803872,57.5925575224465,61.23085445016198,3.63829692771548,C4_SENSITIVITY_ONLY
A8_A9_test_60m,test,60m,True,179,0.1861861861861862,62.76694515442688,61.45571324191358,63.82985978155279,uspto_backgrounds_c4,uspto_backgrounds,60.225468450326034,62.09316382007678,63.11468423227837,0.34773907785149305,61.45571324191358,64.14012094646431,2.684407704550729,C4_SENSITIVITY_ONLY
A8_A9_test_60m,test,60m,True,180,0.0,59.79809226696967,57.3623010306778,63.35431079373915,uspto_backgrounds_c4,uspto_backgrounds,60.225468450326034,62.09316382007678,59.79809226696967,0.0,57.3623010306778,63.35431079373915,5.992009763061354,C4_SENSITIVITY_ONLY
A8_A9_test_60m,test,60m,True,181,0.014,60.48310484260209,59.16542465077088,61.84740795558144,uspto_backgrounds_c4,uspto_backgrounds,60.225468450326034,62.09316382007678,60.5092525777786,0.026147735176508036,59.16542465077088,61.87073759349785,2.7053129427269695,C4_SENSITIVITY_ONLY
A8_A9_test_60m,test,60m,True,182,0.0869130869130869,62.62709986570045,61.857905388622726,63.47053872198295,uspto_backgrounds_c4,uspto_backgrounds,60.225468450326034,62.09316382007678,62.789427035698765,0.16232716999831354,61.857905388622726,63.615370925402935,1.7574655367802094,C4_SENSITIVITY_ONLY
A8_A9_test_60m,test,60m,True,183,0.0,59.97387163879272,57.49650699852239,63.9052943352929,uspto_backgrounds_c4,uspto_backgrounds,60.225468450326034,62.09316382007678,59.97387163879272,0.0,57.49650699852239,63.9052943352929,6.408787336770509,C4_SENSITIVITY_ONLY
A8_A9_test_60m,test,60m,True,184,0.0,62.67219256582439,62.36783888529399,62.89781660500902,uspto_backgrounds_c4,uspto_backgrounds,60.225468450326034,62.09316382007678,62.67219256582439,0.0,62.36783888529399,62.89781660500902,0.5299777197150277,C4_SENSITIVITY_ONLY
A8_A9_test_60m,test,60m,True,185,0.0,64.1772501175528,64.15245161383756,64.21010058978862,uspto_backgrounds_c4,uspto_backgrounds,60.225468450326034,62.09316382007678,64.1772501175528,0.0,64.15245161383756,64.21010058978862,0.05764897595106788,C4_SENSITIVITY_ONLY
A8_A9_test_60m,test,60m,True,186,0.0,63.19974457106738,63.1841548783223,63.21326810562055,uspto_backgrounds_c4,uspto_backgrounds,60.225468450326034,62.09316382007678,63.19974457106738,0.0,63.1841548783223,63.21326810562055,0.029113227298246613,C4_SENSITIVITY_ONLY
A8_A9_test_60m,test,60m,True,187,0.007,60.96414616139728,60.4515931664201,61.43370824128254,uspto_backgrounds_c4,uspto_backgrounds,60.225468450326034,62.09316382007678,60.977220028985535,0.013073867588254018,60.4515931664201,61.44537306024074,0.993779893820637,C4_SENSITIVITY_ONLY
A8_A9_test_60m,test,60m,True,188,0.1118881118881118,61.69506885905932,59.91616820859944,62.87224033980702,uspto_backgrounds_c4,uspto_backgrounds,60.225468450326034,62.09316382007678,61.9040417675629,0.20897290850358274,59.91616820859944,63.05869099248563,3.142522783886193,C4_SENSITIVITY_ONLY
A8_A9_test_60m,test,60m,True,189,0.0,63.503358098049375,62.86039383780328,64.293402644903,uspto_backgrounds_c4,uspto_backgrounds,60.225468450326034,62.09316382007678,63.503358098049375,0.0,62.86039383780328,64.293402644903,1.4330088070997178,C4_SENSITIVITY_ONLY
A8_A9_test_60m,test,60m,True,190,0.0,61.51977615242941,60.55999516487546,62.50193671453826,uspto_backgrounds_c4,uspto_backgrounds,60.225468450326034,62.09316382007678,61.51977615242941,0.0,60.55999516487546,62.50193671453826,1.9419415496628005,C4_SENSITIVITY_ONLY
A8_A9_test_60m,test,60m,True,191,0.0,62.640398631562974,60.54738461696244,63.60482284515999,uspto_backgrounds_c4,uspto_backgrounds,60.225468450326034,62.09316382007678,62.640398631562974,0.0,60.54738461696244,63.60482284515999,3.0574382281975474,C4_SENSITIVITY_ONLY
A8_A9_test_60m,test,60m,True,192,0.0469999999999999,59.583295521860784,58.60754442922767,60.350752717616125,uspto_backgrounds_c4,uspto_backgrounds,60.225468450326034,62.09316382007678,59.67107720423907,0.0877816823782851,58.60754442922767,60.429073644906936,1.8215292156792628,C4_SENSITIVITY_ONLY
A8_A9_test_60m,test,60m,True,193,0.02002002002002,63.63575568988044,63.3060608801741,63.79730205523022,uspto_backgrounds_c4,uspto_backgrounds,60.225468450326034,62.09316382007678,63.673146988574146,0.03739129869370572,63.3060608801741,63.830663470812105,0.5246025906380041,C4_SENSITIVITY_ONLY
A8_A9_test_60m,test,60m,True,194,0.0,63.63759923307527,63.63073507147658,63.64043948057599,uspto_backgrounds_c4,uspto_backgrounds,60.225468450326034,62.09316382007678,63.63759923307527,0.0,63.63073507147658,63.64043948057599,0.00970440909941317,C4_SENSITIVITY_ONLY
A8_A9_test_60m,test,60m,True,195,0.2592592592592592,62.48864501538318,59.98575619252903,64.28602453479114,uspto_backgrounds_c4,uspto_backgrounds,60.225468450326034,62.09316382007678,62.97286233346671,0.4842173180835303,59.98575619252903,64.71805486657652,4.732298674047492,C4_SENSITIVITY_ONLY
A8_A9_test_60m,test,60m,True,196,0.0,62.01885065520038,60.44387521551884,62.68039821429166,uspto_backgrounds_c4,uspto_backgrounds,60.225468450326034,62.09316382007678,62.01885065520038,0.0,60.44387521551884,62.68039821429166,2.23652299877282,C4_SENSITIVITY_ONLY
A8_A9_test_60m,test,60m,True,197,0.0629370629370629,60.967302570010574,60.15336804744623,61.557747025064586,uspto_backgrounds_c4,uspto_backgrounds,60.225468450326034,62.09316382007678,61.08484983104384,0.11754726103326618,60.15336804744623,61.662625517196304,1.5092574697500751,C4_SENSITIVITY_ONLY
A8_A9_test_60m,test,60m,True,198,0.0,55.42338580448661,55.11052146677515,55.88465579943652,uspto_backgrounds_c4,uspto_backgrounds,60.225468450326034,62.09316382007678,55.42338580448661,0.0,55.11052146677515,55.88465579943652,0.7741343326613759,C4_SENSITIVITY_ONLY
A8_A9_test_60m,test,60m,True,199,0.071,60.807181409899805,59.54444153219967,61.54353816071856,uspto_backgrounds_c4,uspto_backgrounds,60.225468450326034,62.09316382007678,60.939787781152106,0.1326063712523009,59.54444153219967,61.66185275300893,2.1174112208092595,C4_SENSITIVITY_ONLY
A8_A9_test_60m,test,60m,True,200,0.017017017017017,60.58749179105957,58.89443257503864,61.9799247582369,uspto_backgrounds_c4,uspto_backgrounds,60.225468450326034,62.09316382007678,60.61927439494922,0.031782603889652705,58.89443257503864,62.0082819614815,3.1138493864428582,C4_SENSITIVITY_ONLY
A8_A9_test_60m,test,60m,True,201,0.0,61.8446587830786,60.41534337096347,62.77280173474338,uspto_backgrounds_c4,uspto_backgrounds,60.225468450326034,62.09316382007678,61.8446587830786,0.0,60.41534337096347,62.77280173474338,2.3574583637799122,C4_SENSITIVITY_ONLY
A8_A9_test_60m,test,60m,True,202,0.46,61.91092208169731,58.94395184665372,64.2773068236377,uspto_backgrounds_c4,uspto_backgrounds,60.225468450326034,62.09316382007678,62.77006195178265,0.8591398700853432,58.94395184665372,65.04385206946263,6.0999002228089125,C4_SENSITIVITY_ONLY
A8_A9_test_60m,test,60m,True,203,0.2457542457542457,61.82358787227466,60.08213701675497,63.12727436898875,uspto_backgrounds_c4,uspto_backgrounds,60.225468450326034,62.09316382007678,62.28258193916645,0.45899406689179045,60.08213701675497,63.53679990969355,3.454662892938579,C4_SENSITIVITY_ONLY
A8_A9_test_60m,test,60m,True,204,0.0129999999999999,60.18235057041365,58.36270526346608,62.84469258692217,uspto_backgrounds_c4,uspto_backgrounds,60.225468450326034,62.09316382007678,60.20663061022041,0.024280039806761522,58.36270526346608,62.86635582213027,4.503650558664184,C4_SENSITIVITY_ONLY
A8_A9_test_60m,test,60m,True,205,0.039,62.76823944612836,62.46387575223117,63.0102247212121,uspto_backgrounds_c4,uspto_backgrounds,60.225468450326034,62.09316382007678,62.84107956554864,0.07284011942027746,62.46387575223117,63.07521442683638,0.6113386746052143,C4_SENSITIVITY_ONLY
A8_A9_test_60m,test,60m,True,206,0.1441441441441441,59.521337220379735,57.17783458977557,61.776569101696026,uspto_backgrounds_c4,uspto_backgrounds,60.225468450326034,62.09316382007678,59.790554570974436,0.2692173505947011,57.17783458977557,62.01677129388558,4.8389367041100115,C4_SENSITIVITY_ONLY
A8_A9_test_60m,test,60m,True,207,0.024,56.22357312111134,54.983047999587136,57.6575811488703,uspto_backgrounds_c4,uspto_backgrounds,60.225468450326034,62.09316382007678,56.26839780998536,0.044824688874015806,54.983047999587136,57.69757481386986,2.7145268142827277,C4_SENSITIVITY_ONLY
A8_A9_test_60m,test,60m,True,208,0.037,54.22471042355938,53.22937397470625,54.96105755707111,uspto_backgrounds_c4,uspto_backgrounds,60.225468450326034,62.09316382007678,54.29381515224016,0.06910472868077733,53.22937397470625,55.02271445727877,1.7933404825725177,C4_SENSITIVITY_ONLY
A8_A9_test_60m,test,60m,True,209,0.646,61.32972011600948,58.12000093980426,64.24727485503566,uspto_backgrounds_c4,uspto_backgrounds,60.225468450326034,62.09316382007678,62.536251324868466,1.2065312088589835,58.12000093980426,65.32377100460718,7.203770064802924,C4_SENSITIVITY_ONLY
A8_A9_test_60m,test,60m,True,210,0.3396603396603396,60.07243207900994,58.29670553272804,61.76778658034118,uspto_backgrounds_c4,uspto_backgrounds,60.225468450326034,62.09316382007678,60.70681412268153,0.6343820436715859,58.29670553272804,62.333797490258384,4.037091957530343,C4_SENSITIVITY_ONLY
A8_A9_test_60m,test,60m,True,211,0.0,61.12538927319509,60.853977367615045,61.33320744659855,uspto_backgrounds_c4,uspto_backgrounds,60.225468450326034,62.09316382007678,61.12538927319509,0.0,60.853977367615045,61.33320744659855,0.47923007898350534,C4_SENSITIVITY_ONLY
A8_A9_test_60m,test,60m,True,212,0.022022022022022,59.95524994046632,57.42236658009971,63.831054993455695,uspto_backgrounds_c4,uspto_backgrounds,60.225468450326034,62.09316382007678,59.996380369029396,0.041130428563079136,57.42236658009971,63.86775255059577,6.445385970496055,C4_SENSITIVITY_ONLY
A8_A9_test_60m,test,60m,True,213,0.0,63.595368530156,62.52005315251446,64.06841315835725,uspto_backgrounds_c4,uspto_backgrounds,60.225468450326034,62.09316382007678,63.595368530156,0.0,62.52005315251446,64.06841315835725,1.5483600058427882,C4_SENSITIVITY_ONLY
A8_A9_test_60m,test,60m,True,214,0.1121121121121121,62.97301049689427,61.02869390593728,64.06965418629551,uspto_backgrounds_c4,uspto_backgrounds,60.225468450326034,62.09316382007678,63.18240176957904,0.2093912726847691,61.02869390593728,64.25647811355405,3.2277842076167715,C4_SENSITIVITY_ONLY
A8_A9_test_60m,test,60m,True,215,0.0748502994011975,60.625590676022576,58.19277769534549,64.15335644157685,uspto_backgrounds_c4,uspto_backgrounds,60.225468450326034,62.09316382007678,60.765388233638646,0.13979755761607038,58.19277769534549,64.2780871832172,6.0853094878717044,C4_SENSITIVITY_ONLY
A8_A9_test_60m,test,60m,True,216,0.0,53.00880896025897,52.92272501394582,53.041100469930655,uspto_backgrounds_c4,uspto_backgrounds,60.225468450326034,62.09316382007678,53.00880896025897,0.0,52.92272501394582,53.041100469930655,0.11837545598483246,C4_SENSITIVITY_ONLY
A8_A9_test_60m,test,60m,True,217,0.0,62.90346566931496,62.76463941200917,62.99420629907492,uspto_backgrounds_c4,uspto_backgrounds,60.225468450326034,62.09316382007678,62.90346566931496,0.0,62.76463941200917,62.99420629907492,0.2295668870657508,C4_SENSITIVITY_ONLY
A8_A9_test_60m,test,60m,True,218,0.3506493506493506,62.38817352197275,60.58986799472091,64.04194395905634,uspto_backgrounds_c4,uspto_backgrounds,60.225468450326034,62.09316382007678,63.04307969058665,0.6549061686138984,60.58986799472091,64.62626698664734,4.036398991926426,C4_SENSITIVITY_ONLY
A8_A9_test_60m,test,60m,True,219,0.3086172344689378,60.96484431702652,59.355106148898784,62.471279528391065,uspto_backgrounds_c4,uspto_backgrounds,60.225468450326034,62.09316382007678,61.541247296869436,0.5764029798429178,59.355106148898784,62.98556012374281,3.6304539748440234,C4_SENSITIVITY_ONLY
A8_A9_test_60m,test,60m,True,220,0.02,61.920376382969145,60.05217689192196,62.77092848128648,uspto_backgrounds_c4,uspto_backgrounds,60.225468450326034,62.09316382007678,61.95773029036416,0.03735390739501554,60.05217689192196,62.80425653545279,2.752079643530827,C4_SENSITIVITY_ONLY
A8_A9_test_60m,test,60m,True,221,0.6057884231536926,60.67147999660834,57.13131062356866,63.822965923919455,uspto_backgrounds_c4,uspto_backgrounds,60.225468450326034,62.09316382007678,61.8029082295811,1.131428232972759,57.13131062356866,64.83245339292868,7.701142769360025,C4_SENSITIVITY_ONLY
A8_A9_test_60m,test,60m,True,222,0.001,61.42982614772575,61.2865760973603,61.58292221451287,uspto_backgrounds_c4,uspto_backgrounds,60.225468450326034,62.09316382007678,61.4316938430955,0.0018676953697536192,61.2865760973603,61.584588617221186,0.2980125198608832,C4_SENSITIVITY_ONLY
A8_A9_test_60m,test,60m,True,223,0.0129870129870129,58.90599536346498,58.56140203736686,59.05434847537301,uspto_backgrounds_c4,uspto_backgrounds,60.225468450326034,62.09316382007678,58.930251147487716,0.024255784022734872,58.56140203736686,59.075990068987494,0.514588031620633,C4_SENSITIVITY_ONLY
A8_A9_test_60m,test,60m,True,224,0.0,63.34314869079108,61.16563883164921,64.25605128309829,uspto_backgrounds_c4,uspto_backgrounds,60.225468450326034,62.09316382007678,63.34314869079108,0.0,61.16563883164921,64.25605128309829,3.090412451449076,C4_SENSITIVITY_ONLY
A8_A9_test_60m,test,60m,True,225,0.0,61.94171276348415,61.54644318837847,62.108417156597824,uspto_backgrounds_c4,uspto_backgrounds,60.225468450326034,62.09316382007678,61.94171276348415,0.0,61.54644318837847,62.108417156597824,0.5619739682193554,C4_SENSITIVITY_ONLY
A8_A9_test_60m,test,60m,True,226,0.1609999999999999,62.09894725818294,59.94931930194623,63.46473771844392,uspto_backgrounds_c4,uspto_backgrounds,60.225468450326034,62.09316382007678,62.39964621271281,0.30069895452987083,59.94931930194623,63.733028554482644,3.7837092525364113,C4_SENSITIVITY_ONLY
A8_A9_test_60m,test,60m,True,227,0.001,56.01989954697628,55.92852476021965,56.08455590508292,uspto_backgrounds_c4,uspto_backgrounds,60.225468450326034,62.09316382007678,56.02176724234604,0.0018676953697536192,55.92852476021965,56.08622230779124,0.15769754757158694,C4_SENSITIVITY_ONLY
A8_A9_test_60m,test,60m,True,228,0.0,63.43578398344358,63.34731606622033,63.4975511109538,uspto_backgrounds_c4,uspto_backgrounds,60.225468450326034,62.09316382007678,63.43578398344358,0.0,63.34731606622033,63.4975511109538,0.1502350447334706,C4_SENSITIVITY_ONLY
A8_A9_test_60m,test,60m,True,229,0.0,63.17348271581967,63.08776916123428,63.235793164631566,uspto_backgrounds_c4,uspto_backgrounds,60.225468450326034,62.09316382007678,63.17348271581967,0.0,63.08776916123428,63.235793164631566,0.14802400339728905,C4_SENSITIVITY_ONLY
A8_A9_test_60m,test,60m,True,230,0.0,59.41118795443066,58.08640125462144,59.96754932801683,uspto_backgrounds_c4,uspto_backgrounds,60.225468450326034,62.09316382007678,59.41118795443066,0.0,58.08640125462144,59.96754932801683,1.8811480733953871,C4_SENSITIVITY_ONLY
A8_A9_test_60m,test,60m,True,231,0.0598205383848454,58.85548529349317,58.19595022204319,59.58573200165177,uspto_backgrounds_c4,uspto_backgrounds,60.225468450326034,62.09316382007678,58.96721183605054,0.11172654255737058,58.19595022204319,59.68541710882914,1.489466886785955,C4_SENSITIVITY_ONLY
A8_A9_test_60m,test,60m,True,232,0.079,62.49608693233111,60.40061456131094,63.621315102747104,uspto_backgrounds_c4,uspto_backgrounds,60.225468450326034,62.09316382007678,62.64363486654142,0.14754793421030854,60.40061456131094,63.75296091670399,3.3523463553930526,C4_SENSITIVITY_ONLY
A8_A9_test_60m,test,60m,True,233,0.092092092092092,59.787940533576325,58.00279970715651,60.82156999500173,uspto_backgrounds_c4,uspto_backgrounds,60.225468450326034,62.09316382007678,59.95994050756738,0.17199997399105627,58.00279970715651,60.975032506678396,2.9722327995218834,C4_SENSITIVITY_ONLY
A8_A9_test_60m,test,60m,True,234,0.0,63.74301428971136,63.37176771982874,63.94756265972742,uspto_backgrounds_c4,uspto_backgrounds,60.225468450326034,62.09316382007678,63.74301428971136,0.0,63.37176771982874,63.94756265972742,0.5757949398986781,C4_SENSITIVITY_ONLY
A8_A9_test_60m,test,60m,True,235,0.396,62.310621760766686,59.92581089020081,64.26359903962486,uspto_backgrounds_c4,uspto_backgrounds,60.225468450326034,62.09316382007678,63.05022912718798,0.7396073664212963,59.92581089020081,64.92349451211763,4.997683621916821,C4_SENSITIVITY_ONLY
A8_A9_test_60m,test,60m,True,236,0.004,59.39682278301295,58.11551209379674,59.9980636736612,uspto_backgrounds_c4,uspto_backgrounds,60.225468450326034,62.09316382007678,59.40429356449195,0.007470781479000266,58.11551209379674,60.00472928449446,1.889217190697721,C4_SENSITIVITY_ONLY
A8_A9_test_60m,test,60m,True,237,0.0829170829170829,55.67879176041524,55.04864779945781,56.12873872742848,uspto_backgrounds_c4,uspto_backgrounds,60.225468450326034,62.09316382007678,55.83365561225271,0.15486385183747586,55.04864779945781,56.26691197896709,1.2182641795092763,C4_SENSITIVITY_ONLY
A8_A9_test_60m,test,60m,True,238,0.5165165165165165,60.02077057857268,56.47979177895252,64.31817845881035,uspto_backgrounds_c4,uspto_backgrounds,60.225468450326034,62.09316382007678,60.98546608487037,0.9646955062976872,56.47979177895252,65.17890298082294,8.699111201870423,C4_SENSITIVITY_ONLY
A8_A9_test_60m,test,60m,True,239,0.005,62.17722334677063,60.64251660646864,63.28380239782842,uspto_backgrounds_c4,uspto_backgrounds,60.225468450326034,62.09316382007678,62.186561823619385,0.009338476848753885,60.64251660646864,63.29213441136999,2.6496178049013537,C4_SENSITIVITY_ONLY
A8_A9_test_60m,test,60m,True,240,0.002,61.893161866673154,61.09517230105498,62.45699473393261,uspto_backgrounds_c4,uspto_backgrounds,60.225468450326034,62.09316382007678,61.896897257412654,0.003735390739500133,61.09517230105498,62.460327539349244,1.365155238294264,C4_SENSITIVITY_ONLY
A8_A9_test_60m,test,60m,True,241,0.0039960039960039,53.68007325873658,53.32403761204197,54.16310192518687,uspto_backgrounds_c4,uspto_backgrounds,60.225468450326034,62.09316382007678,53.68753657689742,0.0074633181608447785,53.32403761204197,54.16976087706825,0.8457232650262796,C4_SENSITIVITY_ONLY
A8_A9_test_60m,test,60m,True,242,0.0,60.43156408567712,59.45977333577171,60.99690169853326,uspto_backgrounds_c4,uspto_backgrounds,60.225468450326034,62.09316382007678,60.43156408567712,0.0,59.45977333577171,60.99690169853326,1.5371283627615497,C4_SENSITIVITY_ONLY
A8_A9_test_60m,test,60m,True,243,0.064,60.93856733950555,59.23383242718252,63.2406888595175,uspto_backgrounds_c4,uspto_backgrounds,60.225468450326034,62.09316382007678,61.0580998431696,0.11953250366404689,59.23383242718252,63.34733863284966,4.113506205667143,C4_SENSITIVITY_ONLY
A8_A9_test_60m,test,60m,True,244,0.073,62.01150895770121,60.984140255270624,62.62067655380397,uspto_backgrounds_c4,uspto_backgrounds,60.225468450326034,62.09316382007678,62.14785071969302,0.13634176199180814,60.984140255270624,62.74232395151097,1.7581836962403443,C4_SENSITIVITY_ONLY
A8_A9_test_60m,test,60m,True,245,0.015,63.26390222282178,62.19323180397599,63.79951585059925,uspto_backgrounds_c4,uspto_backgrounds,60.225468450326034,62.09316382007678,63.29191765336804,0.028015430546261655,62.19323180397599,63.82451189122398,1.631280087247987,C4_SENSITIVITY_ONLY
A8_A9_test_60m,test,60m,True,246,0.001,59.774683081075175,59.470840290667255,60.028539354338136,uspto_backgrounds_c4,uspto_backgrounds,60.225468450326034,62.09316382007678,59.77655077644493,0.0018676953697536192,59.470840290667255,60.03020575704645,0.559365466379198,C4_SENSITIVITY_ONLY
A8_A9_test_60m,test,60m,True,247,0.0,56.4909284345583,56.439863313187885,56.518206626915465,uspto_backgrounds_c4,uspto_backgrounds,60.225468450326034,62.09316382007678,56.4909284345583,0.0,56.439863313187885,56.518206626915465,0.0783433137275793,C4_SENSITIVITY_ONLY
A8_A9_test_60m,test,60m,True,248,0.0,61.15133976004666,61.13780077699261,61.15720959519144,uspto_backgrounds_c4,uspto_backgrounds,60.225468450326034,62.09316382007678,61.15133976004666,0.0,61.13780077699261,61.15720959519144,0.01940881819882634,C4_SENSITIVITY_ONLY
A8_A9_test_60m,test,60m,True,249,0.001,58.84029556809162,58.05689943324263,59.644510042945136,uspto_backgrounds_c4,uspto_backgrounds,60.225468450326034,62.09316382007678,58.84216326346137,0.0018676953697536192,58.05689943324263,59.64617644565345,1.5892770124108253,C4_SENSITIVITY_ONLY
A8_A9_test_60m,test,60m,True,250,0.0,55.40460950081986,54.807802279625015,55.627691074324446,uspto_backgrounds_c4,uspto_backgrounds,60.225468450326034,62.09316382007678,55.40460950081986,0.0,54.807802279625015,55.627691074324446,0.8198887946994304,C4_SENSITIVITY_ONLY
A8_A9_test_60m,test,60m,True,251,0.0,61.91049896103559,60.228892875862655,63.39781371141935,uspto_backgrounds_c4,uspto_backgrounds,60.225468450326034,62.09316382007678,61.91049896103559,0.0,60.228892875862655,63.39781371141935,3.1689208355566976,C4_SENSITIVITY_ONLY
A8_A9_test_60m,test,60m,True,252,0.2102102102102102,59.711605220530586,58.09426400298443,60.9066078756766,uspto_backgrounds_c4,uspto_backgrounds,60.225468450326034,62.09316382007678,60.104213856814525,0.3926086362839385,58.09426400298443,61.256902739286375,3.1626387363019433,C4_SENSITIVITY_ONLY
A8_A9_test_60m,test,60m,True,253,0.0,61.90630958184797,60.23639734731352,62.704056379671655,uspto_backgrounds_c4,uspto_backgrounds,60.225468450326034,62.09316382007678,61.90630958184797,0.0,60.23639734731352,62.704056379671655,2.467659032358135,C4_SENSITIVITY_ONLY
A8_A9_test_60m,test,60m,True,254,0.0,62.79816350584413,61.39200266485105,63.44537847007322,uspto_backgrounds_c4,uspto_backgrounds,60.225468450326034,62.09316382007678,62.79816350584413,0.0,61.39200266485105,63.44537847007322,2.053375805222174,C4_SENSITIVITY_ONLY
A8_A9_test_60m,test,60m,True,255,0.076076076076076,60.412127973738365,59.52306089167022,61.382679437716575,uspto_backgrounds_c4,uspto_backgrounds,60.225468450326034,62.09316382007678,60.554214908774455,0.14208693503609027,59.52306089167022,61.509452816927734,1.9863919252575144,C4_SENSITIVITY_ONLY
A8_A9_test_60m,test,60m,True,256,0.0,53.79014933319386,53.78512418313221,53.79342737260498,uspto_backgrounds_c4,uspto_backgrounds,60.225468450326034,62.09316382007678,53.79014933319386,0.0,53.78512418313221,53.79342737260498,0.008303189472769645,C4_SENSITIVITY_ONLY
A10_A11_test_1b,test,1b,True,0,0.307,61.8984600433442,60.12013137384319,63.61650303988982,uspto_backgrounds_c4,uspto_backgrounds,60.225468450326034,62.09316382007678,62.47184252185768,0.57338247851348,60.12013137384319,64.12808867134254,4.007957297499345,C4_SENSITIVITY_ONLY
A10_A11_test_1b,test,1b,True,1,0.1062124248496994,60.795473380132776,59.13128985279257,62.023182351109824,uspto_backgrounds_c4,uspto_backgrounds,60.225468450326034,62.09316382007678,60.99384583423456,0.1983724541017864,59.13128985279257,62.200175023536076,3.0688851707435063,C4_SENSITIVITY_ONLY
A10_A11_test_1b,test,1b,True,2,0.003,61.905400932746645,61.28409284888741,62.37605241650961,uspto_backgrounds_c4,uspto_backgrounds,60.225468450326034,62.09316382007678,61.9110040188559,0.005603086109253752,61.28409284888741,62.38105162463455,1.0969587757471402,C4_SENSITIVITY_ONLY
A10_A11_test_1b,test,1b,True,3,0.0,60.31105308441959,59.08424841590824,61.27805216026669,uspto_backgrounds_c4,uspto_backgrounds,60.225468450326034,62.09316382007678,60.31105308441959,0.0,59.08424841590824,61.27805216026669,2.1938037443584477,C4_SENSITIVITY_ONLY
A10_A11_test_1b,test,1b,True,4,0.002002002002002,63.34827832860234,62.648019268993,63.65832391269795,uspto_backgrounds_c4,uspto_backgrounds,60.225468450326034,62.09316382007678,63.352017458471714,0.0037391298693734143,62.648019268993,63.66166005425614,1.013640785263135,C4_SENSITIVITY_ONLY
A10_A11_test_1b,test,1b,True,5,0.055,59.97632017384002,58.61269059144557,61.46912811600063,uspto_backgrounds_c4,uspto_backgrounds,60.225468450326034,62.09316382007678,60.079043419176315,0.10272324533629273,58.61269059144557,61.56078026495796,2.948089673512392,C4_SENSITIVITY_ONLY
A10_A11_test_1b,test,1b,True,6,0.0110220440881763,60.789793319532976,59.38257523143141,62.04879750820806,uspto_backgrounds_c4,uspto_backgrounds,60.225468450326034,62.09316382007678,60.81037914024165,0.020585820708674873,59.38257523143141,62.06716467232776,2.684589440896353,C4_SENSITIVITY_ONLY
A10_A11_test_1b,test,1b,True,7,0.0,62.10191194392241,61.100540492929525,63.320379202635735,uspto_backgrounds_c4,uspto_backgrounds,60.225468450326034,62.09316382007678,62.10191194392241,0.0,61.100540492929525,63.320379202635735,2.2198387097062096,C4_SENSITIVITY_ONLY
A10_A11_test_1b,test,1b,True,8,0.0749999999999999,61.91616309552675,61.330739881837374,62.37425307262083,uspto_backgrounds_c4,uspto_backgrounds,60.225468450326034,62.09316382007678,62.05624024825806,0.14007715273130827,61.330739881837374,62.49923327574446,1.1684933939070845,C4_SENSITIVITY_ONLY
A10_A11_test_1b,test,1b,True,9,0.033,60.85732264534521,59.888267407243376,61.52712614730817,uspto_backgrounds_c4,uspto_backgrounds,60.225468450326034,62.09316382007678,60.918956592546984,0.06163394720177706,59.888267407243376,61.582117436682566,1.69385002943919,C4_SENSITIVITY_ONLY
A10_A11_test_1b,test,1b,True,10,0.0559999999999999,61.92690496139348,60.36555304283916,63.79408212284548,uspto_backgrounds_c4,uspto_backgrounds,60.225468450326034,62.09316382007678,62.03149590209952,0.10459094070603925,60.36555304283916,63.88740067451113,3.5218476316719673,C4_SENSITIVITY_ONLY
A10_A11_test_1b,test,1b,True,11,0.0,62.64010104497963,61.88568828048564,63.14972638185473,uspto_backgrounds_c4,uspto_backgrounds,60.225468450326034,62.09316382007678,62.64010104497963,0.0,61.88568828048564,63.14972638185473,1.2640381013690885,C4_SENSITIVITY_ONLY
A10_A11_test_1b,test,1b,True,12,0.0571142284569138,61.87759257822047,60.77642702158359,62.66767799667082,uspto_backgrounds_c4,uspto_backgrounds,60.225468450326034,62.09316382007678,61.984264558256335,0.10667198003586265,60.77642702158359,62.762853301654744,1.9864262800711572,C4_SENSITIVITY_ONLY
A10_A11_test_1b,test,1b,True,13,0.088088088088088,62.09440632352568,60.24448092235324,63.09556688718837,uspto_backgrounds_c4,uspto_backgrounds,60.225468450326034,62.09316382007678,62.258928037778,0.16452171425231654,60.24448092235324,63.24235711574865,2.9978761933954132,C4_SENSITIVITY_ONLY
A10_A11_test_1b,test,1b,True,14,0.024,62.64473256249228,62.10188067286308,63.03090746864076,uspto_backgrounds_c4,uspto_backgrounds,60.225468450326034,62.09316382007678,62.689557251366296,0.044824688874015806,62.10188067286308,63.07090113364033,0.9690204607772444,C4_SENSITIVITY_ONLY
A10_A11_test_1b,test,1b,True,15,0.032,59.96403676513842,59.19928545070628,60.5386300788406,uspto_backgrounds_c4,uspto_backgrounds,60.225468450326034,62.09316382007678,60.02380301697044,0.05976625183202344,59.19928545070628,60.59195496550668,1.392669514800403,C4_SENSITIVITY_ONLY
A10_A11_test_1b,test,1b,True,16,0.026,63.2639654324631,62.07897469345479,63.88557427520838,uspto_backgrounds_c4,uspto_backgrounds,60.225468450326034,62.09316382007678,63.31252551207662,0.04856007961351594,62.07897469345479,63.92890074562457,1.8499260521697778,C4_SENSITIVITY_ONLY
A10_A11_test_1b,test,1b,True,17,0.0069930069930069,62.84641208748765,62.03302052886148,63.50474476062083,uspto_backgrounds_c4,uspto_backgrounds,60.225468450326034,62.09316382007678,62.859472894269125,0.01306080678147481,62.03302052886148,63.51639792641324,1.483377397551763,C4_SENSITIVITY_ONLY
A10_A11_test_1b,test,1b,True,18,0.002,62.8378090528232,62.36094257931902,63.06327104980973,uspto_backgrounds_c4,uspto_backgrounds,60.225468450326034,62.09316382007678,62.8415444435627,0.003735390739500133,62.36094257931902,63.06660385522636,0.7056612759073388,C4_SENSITIVITY_ONLY
A10_A11_test_1b,test,1b,True,19,0.02,61.25429648917076,60.21268201236472,61.82497774865969,uspto_backgrounds_c4,uspto_backgrounds,60.225468450326034,62.09316382007678,61.29165039656578,0.03735390739501554,60.21268201236472,61.858305802825996,1.645623790461272,C4_SENSITIVITY_ONLY
A10_A11_test_1b,test,1b,True,20,0.001001001001001,61.029631074534,60.4900377889252,61.356117477006514,uspto_backgrounds_c4,uspto_backgrounds,60.225468450326034,62.09316382007678,61.03150063946869,0.0018695649346867071,60.4900377889252,61.35778554778561,0.8677477588604106,C4_SENSITIVITY_ONLY
A10_A11_test_1b,test,1b,True,21,0.0009980039920159,61.16216728102948,59.96109736593775,61.98186597215889,uspto_backgrounds_c4,uspto_backgrounds,60.225468450326034,62.09316382007678,61.16403124846436,0.0018639674348790436,59.96109736593775,61.9835290487141,2.022431682776343,C4_SENSITIVITY_ONLY
A10_A11_test_1b,test,1b,True,22,0.021,63.16414331557007,62.31828156932128,63.66883561160388,uspto_backgrounds_c4,uspto_backgrounds,60.225468450326034,62.09316382007678,63.20336491833484,0.03922160276476916,62.31828156932128,63.703830068478496,1.385548499157217,C4_SENSITIVITY_ONLY
A10_A11_test_1b,test,1b,True,23,0.036036036036036,59.644155231181394,58.49661157839919,60.902009105323074,uspto_backgrounds_c4,uspto_backgrounds,60.225468450326034,62.09316382007678,59.71145956883007,0.06730433764867882,58.49661157839919,60.96205965337047,2.4654480749712775,C4_SENSITIVITY_ONLY
A10_A11_test_1b,test,1b,True,24,0.189,60.5000756690104,58.381426413050576,62.65445723027799,uspto_backgrounds_c4,uspto_backgrounds,60.225468450326034,62.09316382007678,60.853070093893294,0.352994424882894,58.381426413050576,62.96940734214954,4.587980929098961,C4_SENSITIVITY_ONLY
A10_A11_test_1b,test,1b,True,25,0.001,60.20425312049469,59.441050828341645,60.857077381191104,uspto_backgrounds_c4,uspto_backgrounds,60.225468450326034,62.09316382007678,60.206120815864445,0.0018676953697536192,59.441050828341645,60.85874378389942,1.4176929555577757,C4_SENSITIVITY_ONLY
A10_A11_test_1b,test,1b,True,26,0.2555110220440881,61.69142801153979,60.280029869277655,63.03642686382027,uspto_backgrounds_c4,uspto_backgrounds,60.225468450326034,62.09316382007678,62.168644764331816,0.4772167527920246,60.280029869277655,63.462211122958884,3.182181253681229,C4_SENSITIVITY_ONLY
A10_A11_test_1b,test,1b,True,27,0.0,60.13705074107354,59.42410792458691,60.66010373661056,uspto_backgrounds_c4,uspto_backgrounds,60.225468450326034,62.09316382007678,60.13705074107354,0.0,59.42410792458691,60.66010373661056,1.2359958120236456,C4_SENSITIVITY_ONLY
A10_A11_test_1b,test,1b,True,28,0.007007007007007,62.37631841067802,62.09598772589748,62.607614082121096,uspto_backgrounds_c4,uspto_backgrounds,60.225468450326034,62.09316382007678,62.38940536522082,0.013086954542799845,62.09598772589748,62.61929057757475,0.523302851677272,C4_SENSITIVITY_ONLY
A10_A11_test_1b,test,1b,True,29,0.002004008016032,61.64159736270442,60.02915604179624,62.76360405157212,uspto_backgrounds_c4,uspto_backgrounds,60.225468450326034,62.09316382007678,61.645340239196905,0.0037428764924882785,60.02915604179624,62.76694353595752,2.7377874941612816,C4_SENSITIVITY_ONLY
A10_A11_test_1b,test,1b,True,30,0.134,61.96640640480837,61.05569415888529,62.71402588745213,uspto_backgrounds_c4,uspto_backgrounds,60.225468450326034,62.09316382007678,62.21667758435497,0.2502711795466013,61.05569415888529,62.93732385036635,1.8816296914810593,C4_SENSITIVITY_ONLY
A10_A11_test_1b,test,1b,True,31,0.0079920079920079,60.51341454576884,59.36149853150118,61.51720110500953,uspto_backgrounds_c4,uspto_backgrounds,60.225468450326034,62.09316382007678,60.52834118209052,0.014926636321682452,59.36149853150118,61.53051900877229,2.1690204772711112,C4_SENSITIVITY_ONLY
A10_A11_test_1b,test,1b,True,32,0.008008008008008,62.88683597027745,61.65086781784412,63.45305919911062,uspto_backgrounds_c4,uspto_backgrounds,60.225468450326034,62.09316382007678,62.90179248975494,0.014956519477486552,61.65086781784412,63.46640376534337,1.8155359474992494,C4_SENSITIVITY_ONLY
A10_A11_test_1b,test,1b,True,33,0.037037037037037,62.85820166284236,62.33505700069036,63.310187760098806,uspto_backgrounds_c4,uspto_backgrounds,60.225468450326034,62.09316382007678,62.92737556542572,0.06917390258335843,62.33505700069036,63.37190637892529,1.0368493782349262,C4_SENSITIVITY_ONLY
A10_A11_test_1b,test,1b,True,34,0.025025025025025,63.26996183081184,62.60632148327692,64.07133812565519,uspto_backgrounds_c4,uspto_backgrounds,60.225468450326034,62.09316382007678,63.31670095417898,0.04673912336713926,62.60632148327692,64.11303989513254,1.5067184118556227,C4_SENSITIVITY_ONLY
A10_A11_test_1b,test,1b,True,35,0.002,61.90872749734604,61.26604531723725,62.22937600075853,uspto_backgrounds_c4,uspto_backgrounds,60.225468450326034,62.09316382007678,61.91246288808554,0.003735390739500133,61.26604531723725,62.23270880617516,0.9666634889379111,C4_SENSITIVITY_ONLY
A10_A11_test_1b,test,1b,True,36,0.119,62.3249275743912,60.08212519854219,63.82845045019839,uspto_backgrounds_c4,uspto_backgrounds,60.225468450326034,62.09316382007678,62.547183323391536,0.22225574900033962,60.08212519854219,64.02675237248788,3.9446271739456904,C4_SENSITIVITY_ONLY
A10_A11_test_1b,test,1b,True,37,0.014,61.54916902741248,60.48602723261215,62.15810801588355,uspto_backgrounds_c4,uspto_backgrounds,60.225468450326034,62.09316382007678,61.57531676258899,0.026147735176508036,60.48602723261215,62.18143765379996,1.695410421187809,C4_SENSITIVITY_ONLY
A10_A11_test_1b,test,1b,True,38,0.001002004008016,62.23038624792024,61.41753036900856,62.91137744956118,uspto_backgrounds_c4,uspto_backgrounds,60.225468450326034,62.09316382007678,62.23225768616648,0.0018714382462405865,61.41753036900856,62.91304719175388,1.4955168227453228,C4_SENSITIVITY_ONLY
A10_A11_test_1b,test,1b,True,39,0.095,61.51442385627675,60.31126616981028,62.589912752056094,uspto_backgrounds_c4,uspto_backgrounds,60.225468450326034,62.09316382007678,61.691854916403074,0.17743106012632381,60.31126616981028,62.748221009346025,2.436954839535744,C4_SENSITIVITY_ONLY
A10_A11_test_1b,test,1b,True,40,0.099,61.97812107460297,60.474798309649366,63.65365422682711,uspto_backgrounds_c4,uspto_backgrounds,60.225468450326034,62.09316382007678,62.16302291620829,0.18490184160532408,60.474798309649366,63.8186280949503,3.343829785300933,C4_SENSITIVITY_ONLY
A10_A11_test_1b,test,1b,True,41,0.0310621242484969,62.69916207581484,62.10827565571959,63.30782353283523,uspto_backgrounds_c4,uspto_backgrounds,60.225468450326034,62.09316382007678,62.75717666144838,0.05801458563354345,62.10827565571959,63.35958554080894,1.2513098850893556,C4_SENSITIVITY_ONLY
A10_A11_test_1b,test,1b,True,42,0.0369630369630369,62.51660930344823,61.959659666293305,62.99720871277448,uspto_backgrounds_c4,uspto_backgrounds,60.225468450326034,62.09316382007678,62.58564499643602,0.06903569298778933,61.959659666293305,63.05880401767723,1.0991443513839272,C4_SENSITIVITY_ONLY
A10_A11_test_1b,test,1b,True,43,0.0,59.84997978224586,58.85392639217756,60.596508882248855,uspto_backgrounds_c4,uspto_backgrounds,60.225468450326034,62.09316382007678,59.84997978224586,0.0,58.85392639217756,60.596508882248855,1.7425824900712925,C4_SENSITIVITY_ONLY
A10_A11_test_1b,test,1b,True,44,0.153,62.04346853281387,61.09247135027206,62.84083442433632,uspto_backgrounds_c4,uspto_backgrounds,60.225468450326034,62.09316382007678,62.32922592438573,0.2857573915718632,61.09247135027206,63.095794038708526,2.0033226884364623,C4_SENSITIVITY_ONLY
A10_A11_test_1b,test,1b,True,45,0.0519480519480519,61.37014219439569,60.38465891227998,62.09730905496369,uspto_backgrounds_c4,uspto_backgrounds,60.225468450326034,62.09316382007678,61.46716533048664,0.0970231360909466,60.38465891227998,62.18387542942161,1.7992165171416303,C4_SENSITIVITY_ONLY
A10_A11_test_1b,test,1b,True,46,0.05,60.713899841464446,59.85070935639017,61.38160149736193,uspto_backgrounds_c4,uspto_backgrounds,60.225468450326034,62.09316382007678,60.807284609951985,0.09338476848753885,59.85070935639017,61.46492163277768,1.6142122763875122,C4_SENSITIVITY_ONLY
A10_A11_test_1b,test,1b,True,47,0.029,61.74815084075652,60.93459760767898,62.58969785689443,uspto_backgrounds_c4,uspto_backgrounds,60.225468450326034,62.09316382007678,61.80231400647929,0.05416316572276969,60.93459760767898,62.63802353543557,1.7034259277565909,C4_SENSITIVITY_ONLY
A10_A11_test_1b,test,1b,True,48,0.004004004004004,60.636088182077735,59.981291847883455,61.364944628882526,uspto_backgrounds_c4,uspto_backgrounds,60.225468450326034,62.09316382007678,60.643566441816475,0.007478259738739723,59.981291847883455,61.371616911998906,1.3903250641154514,C4_SENSITIVITY_ONLY
A10_A11_test_1b,test,1b,True,49,0.0039960039960039,61.31260592866634,59.83963862967232,62.20876837199942,uspto_backgrounds_c4,uspto_backgrounds,60.225468450326034,62.09316382007678,61.32006924682719,0.0074633181608447785,59.83963862967232,62.215427323880796,2.375788694208474,C4_SENSITIVITY_ONLY
A10_A11_test_1b,test,1b,True,50,0.027,62.25680394938631,61.35149435212301,62.84668181063694,uspto_backgrounds_c4,uspto_backgrounds,60.225468450326034,62.09316382007678,62.30723172436958,0.05042777498326956,61.35149435212301,62.891674683761444,1.5401803316384317,C4_SENSITIVITY_ONLY
A10_A11_test_1b,test,1b,True,51,0.015,59.96348944293718,58.87641037474751,60.577828492522826,uspto_backgrounds_c4,uspto_backgrounds,60.225468450326034,62.09316382007678,59.99150487348344,0.028015430546261655,58.87641037474751,60.602824533147555,1.726414158400047,C4_SENSITIVITY_ONLY
A10_A11_test_1b,test,1b,True,52,0.052,57.5744266230554,56.96878604206425,58.19119478246685,uspto_backgrounds_c4,uspto_backgrounds,60.225468450326034,62.09316382007678,57.67154678228244,0.09712015922703898,56.96878604206425,58.27784772329923,1.3090616812349793,C4_SENSITIVITY_ONLY
A10_A11_test_1b,test,1b,True,53,0.0879120879120878,62.59738356100355,61.32636730709648,63.810160105257424,uspto_backgrounds_c4,uspto_backgrounds,60.225468450326034,62.09316382007678,62.761576560542075,0.16419299953852828,61.32636730709648,63.956657046647756,2.630289739551273,C4_SENSITIVITY_ONLY
A10_A11_test_1b,test,1b,True,54,0.0940940940940941,59.30264402350795,57.66819643610901,60.8316810325596,uspto_backgrounds_c4,uspto_backgrounds,60.225468450326034,62.09316382007678,59.47838312736838,0.17573910386042968,57.66819643610901,60.98847968579445,3.3202832496854455,C4_SENSITIVITY_ONLY
A10_A11_test_1b,test,1b,True,55,0.007,63.03268249474557,62.390090473646765,63.544410365673286,uspto_backgrounds_c4,uspto_backgrounds,60.225468450326034,62.09316382007678,63.045756362333826,0.013073867588254018,62.390090473646765,63.55607518463149,1.1659847109847234,C4_SENSITIVITY_ONLY
A10_A11_test_1b,test,1b,True,56,0.122,62.43985809835832,61.44002851113838,63.47903423228289,uspto_backgrounds_c4,uspto_backgrounds,60.225468450326034,62.09316382007678,62.667716933467915,0.22785883510959337,61.44002851113838,63.68233536269733,2.2423068515589506,C4_SENSITIVITY_ONLY
A10_A11_test_1b,test,1b,True,57,0.0769230769230769,61.96754187806572,61.0344958425946,62.56717788349893,uspto_backgrounds_c4,uspto_backgrounds,60.225468450326034,62.09316382007678,62.111210752661925,0.1436688745962087,61.0344958425946,62.69536270721547,1.6608668646208713,C4_SENSITIVITY_ONLY
A10_A11_test_1b,test,1b,True,58,0.006006006006006,62.21322306096541,61.54289111691903,62.672774853278085,uspto_backgrounds_c4,uspto_backgrounds,60.225468450326034,62.09316382007678,62.224440450573525,0.011217389608113137,61.54289111691903,62.68278327795265,1.1398921610336217,C4_SENSITIVITY_ONLY
A10_A11_test_1b,test,1b,True,59,0.016,62.17234481283224,60.72332049521325,63.45074253565481,uspto_backgrounds_c4,uspto_backgrounds,60.225468450326034,62.09316382007678,62.20222793874826,0.029883125916015274,60.72332049521325,63.47740497898785,2.754084483774598,C4_SENSITIVITY_ONLY
A10_A11_test_1b,test,1b,True,60,0.0129870129870129,60.56932880433948,59.92578704537792,60.93868456748632,uspto_backgrounds_c4,uspto_backgrounds,60.225468450326034,62.09316382007678,60.59358458836221,0.024255784022734872,59.92578704537792,60.9603261611008,1.034539115722879,C4_SENSITIVITY_ONLY
A10_A11_test_1b,test,1b,True,61,0.02,62.22120783611829,61.089003953791845,63.28201491249797,uspto_backgrounds_c4,uspto_backgrounds,60.225468450326034,62.09316382007678,62.258561743513305,0.03735390739501554,61.089003953791845,63.315342966664275,2.2263390128724296,C4_SENSITIVITY_ONLY
A10_A11_test_1b,test,1b,True,62,0.025,62.43981198339574,61.14164462855528,63.34854372139493,uspto_backgrounds_c4,uspto_backgrounds,60.225468450326034,62.09316382007678,62.48650436763951,0.046692384243769425,61.14164462855528,63.390203789102806,2.2485591605475292,C4_SENSITIVITY_ONLY
A10_A11_test_1b,test,1b,True,63,0.009,59.10122175171463,58.518235173018105,59.37414530389084,uspto_backgrounds_c4,uspto_backgrounds,60.225468450326034,62.09316382007678,59.11803101004239,0.01680925832775415,58.518235173018105,59.38914292826568,0.8709077552475719,C4_SENSITIVITY_ONLY
A12_A13_est_10b,estimate,10b,False,1,0.0,62.5899769188895,62.56713059586314,62.59844995232088,uspto_backgrounds_c4,uspto_backgrounds,60.225468450326034,62.09316382007678,62.5899769188895,0.0,62.56713059586314,62.59844995232088,0.03131935645773609,C4_SENSITIVITY_ONLY
A12_A13_est_10b,estimate,10b,False,2,0.0,59.07136541233329,58.49481874143344,59.45291474683157,uspto_backgrounds_c4,uspto_backgrounds,60.225468450326034,62.09316382007678,59.07136541233329,0.0,58.49481874143344,59.45291474683157,0.9580960053981258,C4_SENSITIVITY_ONLY
A12_A13_est_10b,estimate,10b,False,3,0.0,63.95799290631837,63.8308901432108,64.01241165881956,uspto_backgrounds_c4,uspto_backgrounds,60.225468450326034,62.09316382007678,63.95799290631837,0.0,63.8308901432108,64.01241165881956,0.1815215156087575,C4_SENSITIVITY_ONLY
A12_A13_est_10b,estimate,10b,False,4,0.2367632367632367,57.577216834293225,56.32234151689883,58.76738380675164,uspto_backgrounds_c4,uspto_backgrounds,60.225468450326034,62.09316382007678,58.019418435323125,0.44220160102990036,56.32234151689883,59.16192670572334,2.8395851888245076,C4_SENSITIVITY_ONLY
A12_A13_est_10b,estimate,10b,False,5,0.0669330669330669,61.0917880650192,60.48983693106821,61.50224490015969,uspto_backgrounds_c4,uspto_backgrounds,60.225468450326034,62.09316382007678,61.216798644213306,0.12501057919410385,60.48983693106821,61.61378234417278,1.1239454131045719,C4_SENSITIVITY_ONLY
A12_A13_est_10b,estimate,10b,False,6,0.001001001001001,60.584720752410966,59.99101663594656,60.99324588115838,uspto_backgrounds_c4,uspto_backgrounds,60.225468450326034,62.09316382007678,60.58659031734565,0.0018695649346867071,59.99101663594656,60.99491395193748,1.003897315990919,C4_SENSITIVITY_ONLY
A12_A13_est_10b,estimate,10b,False,7,0.402,62.140626753825245,59.64454726025998,64.16583417005786,uspto_backgrounds_c4,uspto_backgrounds,60.225468450326034,62.09316382007678,62.89144029246505,0.7508135386398038,59.64454726025998,64.83572805880051,5.191180798540529,C4_SENSITIVITY_ONLY
A12_A13_est_10b,estimate,10b,False,8,0.0,61.33355503550059,59.369968802067135,64.30035131862691,uspto_backgrounds_c4,uspto_backgrounds,60.225468450326034,62.09316382007678,61.33355503550059,0.0,59.369968802067135,64.30035131862691,4.930382516559774,C4_SENSITIVITY_ONLY
A12_A13_est_10b,estimate,10b,False,9,0.0,63.350634604573074,61.10090692042493,64.32600554446415,uspto_backgrounds_c4,uspto_backgrounds,60.225468450326034,62.09316382007678,63.350634604573074,0.0,61.10090692042493,64.32600554446415,3.2250986240392194,C4_SENSITIVITY_ONLY
A12_A13_est_10b,estimate,10b,False,10,0.0,61.83845788066242,61.14571324773014,62.13879777890371,uspto_backgrounds_c4,uspto_backgrounds,60.225468450326034,62.09316382007678,61.83845788066242,0.0,61.14571324773014,62.13879777890371,0.9930845311735652,C4_SENSITIVITY_ONLY
A12_A13_est_10b,estimate,10b,False,11,0.0,59.33406197395692,56.28410747671423,64.1147598981793,uspto_backgrounds_c4,uspto_backgrounds,60.225468450326034,62.09316382007678,59.33406197395692,0.0,56.28410747671423,64.1147598981793,7.830652421465068,C4_SENSITIVITY_ONLY
A12_A13_est_10b,estimate,10b,False,12,0.0,59.62533670628627,57.17068931376651,62.89446322630519,uspto_backgrounds_c4,uspto_backgrounds,60.225468450326034,62.09316382007678,59.62533670628627,0.0,57.17068931376651,62.89446322630519,5.723773912538682,C4_SENSITIVITY_ONLY
A12_A13_est_10b,estimate,10b,False,13,0.0,63.48035150628131,61.58623150368282,64.33570995356357,uspto_backgrounds_c4,uspto_backgrounds,60.225468450326034,62.09316382007678,63.48035150628131,0.0,61.58623150368282,64.33570995356357,2.7494784498807476,C4_SENSITIVITY_ONLY
A12_A13_est_10b,estimate,10b,False,14,0.0209790209790209,61.611452398137374,59.87681102674002,62.54195999906214,uspto_backgrounds_c4,uspto_backgrounds,60.225468450326034,62.09316382007678,61.6506348184818,0.03918242034442443,59.87681102674002,62.57691949643938,2.7001084696993587,C4_SENSITIVITY_ONLY
A12_A13_est_10b,estimate,10b,False,15,0.0791583166332665,60.63985637368572,59.700206595624095,61.24866569365008,uspto_backgrounds_c4,uspto_backgrounds,60.225468450326034,62.09316382007678,60.78769999513893,0.1478436214532124,59.700206595624095,61.38057532687342,1.6803687312493238,C4_SENSITIVITY_ONLY
A12_A13_est_10b,estimate,10b,False,16,0.07,61.05976135968973,59.41461245975787,62.18920144094669,uspto_backgrounds_c4,uspto_backgrounds,60.225468450326034,62.09316382007678,61.190500035572285,0.1307386758825544,59.41461245975787,62.30584963052874,2.8912371707708715,C4_SENSITIVITY_ONLY
A12_A13_est_10b,estimate,10b,False,17,0.056056056056056,62.26359342605269,61.362583720702304,63.48503350555324,uspto_backgrounds_c4,uspto_backgrounds,60.225468450326034,62.09316382007678,62.36828906239507,0.10469563634238455,61.362583720702304,63.57844546918251,2.215861748480208,C4_SENSITIVITY_ONLY
A12_A13_est_10b,estimate,10b,False,18,0.0,63.10885587615659,62.12932773940608,63.6046909794799,uspto_backgrounds_c4,uspto_backgrounds,60.225468450326034,62.09316382007678,63.10885587615659,0.0,62.12932773940608,63.6046909794799,1.4753632400738184,C4_SENSITIVITY_ONLY
A12_A13_est_10b,estimate,10b,False,19,0.003003003003003,62.69683978480785,61.73917796499478,63.860108355587975,uspto_backgrounds_c4,uspto_backgrounds,60.225468450326034,62.09316382007678,62.7024484796119,0.005608694804053016,61.73917796499478,63.86511256792526,2.125934602930478,C4_SENSITIVITY_ONLY
A12_A13_est_10b,estimate,10b,False,20,0.001,62.09218714016537,60.83037461762391,62.67410821822585,uspto_backgrounds_c4,uspto_backgrounds,60.225468450326034,62.09316382007678,62.094054835535125,0.0018676953697536192,60.83037461762391,62.67577462093416,1.8454000033102531,C4_SENSITIVITY_ONLY
A12_A13_est_10b,estimate,10b,False,21,0.0459540459540459,63.21923853615276,62.7549540865236,63.61147835072133,uspto_backgrounds_c4,uspto_backgrounds,60.225468450326034,62.09316382007678,63.305066695002445,0.08582815884968653,62.7549540865236,63.688056297357186,0.9331022108335887,C4_SENSITIVITY_ONLY
A12_A13_est_10b,estimate,10b,False,22,0.169,57.13954537422548,55.4877122376181,58.74547385567387,uspto_backgrounds_c4,uspto_backgrounds,60.225468450326034,62.09316382007678,57.455185891713356,0.31564051748787847,55.4877122376181,59.027095913379114,3.539383675761016,C4_SENSITIVITY_ONLY
A12_A13_est_10b,estimate,10b,False,23,0.245,61.81622170279383,59.262758790573216,63.69037794277657,uspto_backgrounds_c4,uspto_backgrounds,60.225468450326034,62.09316382007678,62.273807068382766,0.45758536558893326,59.262758790573216,64.09864660631376,4.8358878157405485,C4_SENSITIVITY_ONLY
A12_A13_est_10b,estimate,10b,False,24,0.2652652652652653,59.43683040993596,56.02394220461786,64.14708390046518,uspto_backgrounds_c4,uspto_backgrounds,60.225468450326034,62.09316382007678,59.9322651176276,0.49543470769164344,56.02394220461786,64.58912265692513,8.565180452307267,C4_SENSITIVITY_ONLY
A12_A13_est_10b,estimate,10b,False,25,0.0,61.01350524992364,59.70699221657228,62.7026108883598,uspto_backgrounds_c4,uspto_backgrounds,60.225468450326034,62.09316382007678,61.01350524992364,0.0,59.70699221657228,62.7026108883598,2.9956186717875184,C4_SENSITIVITY_ONLY
A12_A13_est_10b,estimate,10b,False,26,0.01001001001001,63.35576542534766,62.07232711102344,63.96129921449919,uspto_backgrounds_c4,uspto_backgrounds,60.225468450326034,62.09316382007678,63.374461074694516,0.01869564934685286,62.07232711102344,63.97797992229013,1.905652811266691,C4_SENSITIVITY_ONLY
A12_A13_est_10b,estimate,10b,False,27,0.001,60.75543555918576,58.854740132384485,62.592759899480754,uspto_backgrounds_c4,uspto_backgrounds,60.225468450326034,62.09316382007678,60.75730325455552,0.0018676953697536192,58.854740132384485,62.59442630218907,3.7396861698045853,C4_SENSITIVITY_ONLY
A12_A13_est_10b,estimate,10b,False,28,0.014014014014014,60.62404105271286,58.89668560604888,62.518412838252765,uspto_backgrounds_c4,uspto_backgrounds,60.225468450326034,62.09316382007678,60.650214961798454,0.026173909085592584,58.89668560604888,62.541765829160084,3.645080223111208,C4_SENSITIVITY_ONLY
A12_A13_est_10b,estimate,10b,False,29,0.6723276723276723,59.033319995173656,56.14953500157945,61.838000930565535,uspto_backgrounds_c4,uspto_backgrounds,60.225468450326034,62.09316382007678,60.289023275735346,1.25570328056169,56.14953500157945,62.95836958460753,6.80883458302808,C4_SENSITIVITY_ONLY
A12_A13_est_10b,estimate,10b,False,30,0.4215784215784216,57.99532325402376,56.21305857505028,59.74118841039629,uspto_backgrounds_c4,uspto_backgrounds,60.225468450326034,62.09316382007678,58.782703319992606,0.787380065968847,56.21305857505028,60.44370783388176,4.230649258831477,C4_SENSITIVITY_ONLY
A12_A13_est_10b,estimate,10b,False,31,0.001,59.94234873663173,59.54330816395079,60.1734131484803,uspto_backgrounds_c4,uspto_backgrounds,60.225468450326034,62.09316382007678,59.94421643200148,0.0018676953697536192,59.54330816395079,60.17507955118862,0.6317713872378263,C4_SENSITIVITY_ONLY
A12_A13_est_10b,estimate,10b,False,32,0.019019019019019,59.40735918368559,56.30075672735322,64.33570995356357,uspto_backgrounds_c4,uspto_backgrounds,60.225468450326034,62.09316382007678,59.44288091744462,0.03552173375902612,56.30075672735322,64.36740329836636,8.066646571013138,C4_SENSITIVITY_ONLY
A12_A13_est_10b,estimate,10b,False,33,0.0,56.14924942645502,56.14699292927934,56.15022773231248,uspto_backgrounds_c4,uspto_backgrounds,60.225468450326034,62.09316382007678,56.14924942645502,0.0,56.14699292927934,56.15022773231248,0.003234803033137723,C4_SENSITIVITY_ONLY
A12_A13_est_10b,estimate,10b,False,34,0.0,53.78397506413352,53.12988793398893,54.26559173039828,uspto_backgrounds_c4,uspto_backgrounds,60.225468450326034,62.09316382007678,53.78397506413352,0.0,53.12988793398893,54.26559173039828,1.135703796409345,C4_SENSITIVITY_ONLY
A12_A13_est_10b,estimate,10b,False,35,0.0,61.68474017899067,61.228606975340966,61.81285083974961,uspto_backgrounds_c4,uspto_backgrounds,60.225468450326034,62.09316382007678,61.68474017899067,0.0,61.228606975340966,61.81285083974961,0.5842438644086414,C4_SENSITIVITY_ONLY
A12_A13_est_10b,estimate,10b,False,36,0.0,62.86942556143751,62.39385573799926,63.12093362924484,uspto_backgrounds_c4,uspto_backgrounds,60.225468450326034,62.09316382007678,62.86942556143751,0.0,62.39385573799926,63.12093362924484,0.7270778912455782,C4_SENSITIVITY_ONLY
A12_A13_est_10b,estimate,10b,False,37,0.1923847695390781,61.506153756904496,59.77334223303141,62.737119776639005,uspto_backgrounds_c4,uspto_backgrounds,60.225468450326034,62.09316382007678,61.8654699001832,0.3593161432787042,59.77334223303141,63.0577102776375,3.28436804460609,C4_SENSITIVITY_ONLY
A12_A13_est_10b,estimate,10b,False,38,0.2532532532532532,62.98920461198908,61.52949988209613,64.33144553592089,uspto_backgrounds_c4,uspto_backgrounds,60.225468450326034,62.09316382007678,63.4622045404645,0.47299992847541716,61.52949988209613,64.75346744303171,3.223967560935577,C4_SENSITIVITY_ONLY
A12_A13_est_10b,estimate,10b,False,39,0.024,61.279434204947314,60.820719870513344,61.68767026711922,uspto_backgrounds_c4,uspto_backgrounds,60.225468450326034,62.09316382007678,61.32425889382133,0.044824688874015806,60.820719870513344,61.72766393211879,0.9069440616054436,C4_SENSITIVITY_ONLY
A12_A13_est_10b,estimate,10b,False,40,0.0,61.31411564364491,58.883301960078285,64.189691632636,uspto_backgrounds_c4,uspto_backgrounds,60.225468450326034,62.09316382007678,61.31411564364491,0.0,58.883301960078285,64.189691632636,5.306389672557714,C4_SENSITIVITY_ONLY
A12_A13_est_10b,estimate,10b,False,41,0.008,53.68345056911369,53.39960227973745,53.84003833082601,uspto_backgrounds_c4,uspto_backgrounds,60.225468450326034,62.09316382007678,53.698392132071696,0.014941562958007637,53.39960227973745,53.85336955249253,0.4537672727550799,C4_SENSITIVITY_ONLY
A12_A13_est_10b,estimate,10b,False,42,0.1838161838161837,57.61329385546286,55.924176261634464,58.98035807384598,uspto_backgrounds_c4,uspto_backgrounds,60.225468450326034,62.09316382007678,57.956606490861596,0.343312635398739,55.924176261634464,59.2866698603894,3.362493598754938,C4_SENSITIVITY_ONLY
A12_A13_est_10b,estimate,10b,False,43,0.0149850149850149,61.33077858394175,60.90311152448663,61.540140827558766,uspto_backgrounds_c4,uspto_backgrounds,60.225468450326034,62.09316382007678,61.35876602704491,0.02798744310315726,60.90311152448663,61.56511189711394,0.662000372627304,C4_SENSITIVITY_ONLY
A12_A13_est_10b,estimate,10b,False,44,0.0,61.496543495719166,59.41518996456877,63.13483402166377,uspto_backgrounds_c4,uspto_backgrounds,60.225468450326034,62.09316382007678,61.496543495719166,0.0,59.41518996456877,63.13483402166377,3.719644057095003,C4_SENSITIVITY_ONLY
A12_A13_est_10b,estimate,10b,False,45,0.0,63.62109913001988,63.49217832347737,63.76599505618487,uspto_backgrounds_c4,uspto_backgrounds,60.225468450326034,62.09316382007678,63.62109913001988,0.0,63.49217832347737,63.76599505618487,0.27381673270750184,C4_SENSITIVITY_ONLY
A12_A13_est_10b,estimate,10b,False,46,0.0,61.77273999632626,60.65646154121735,62.38710247612599,uspto_backgrounds_c4,uspto_backgrounds,60.225468450326034,62.09316382007678,61.77273999632626,0.0,60.65646154121735,62.38710247612599,1.7306409349086422,C4_SENSITIVITY_ONLY
A12_A13_est_10b,estimate,10b,False,47,0.3776223776223776,60.90818406340212,59.16671748991552,62.56567597662198,uspto_backgrounds_c4,uspto_backgrounds,60.225468450326034,62.09316382007678,61.6134676296017,0.7052835661995829,59.16671748991552,63.19494692941228,4.028229439496762,C4_SENSITIVITY_ONLY
A12_A13_est_10b,estimate,10b,False,48,0.266,61.75095317224685,60.16839209187844,63.04664471949547,uspto_backgrounds_c4,uspto_backgrounds,60.225468450326034,62.09316382007678,62.247760140600555,0.4968069683537024,60.16839209187844,63.489907839907275,3.321515748028837,C4_SENSITIVITY_ONLY
A12_A13_est_10b,estimate,10b,False,49,0.044,62.96854177786141,62.23469685312691,64.00057789986114,uspto_backgrounds_c4,uspto_backgrounds,60.225468450326034,62.09316382007678,63.05072037413044,0.08217859626903135,62.23469685312691,64.073899619027,1.8392027659000902,C4_SENSITIVITY_ONLY
A12_A13_est_10b,estimate,10b,False,50,0.0779999999999999,62.93628722732703,62.07054639070592,63.647269256436914,uspto_backgrounds_c4,uspto_backgrounds,60.225468450326034,62.09316382007678,63.08196746616758,0.14568023884055492,62.07054639070592,63.77724866768549,1.7067022769795699,C4_SENSITIVITY_ONLY
A12_A13_est_10b,estimate,10b,False,51,0.0,55.2643555814013,54.8284156866012,55.45335761392428,uspto_backgrounds_c4,uspto_backgrounds,60.225468450326034,62.09316382007678,55.2643555814013,0.0,54.8284156866012,55.45335761392428,0.6249419273230856,C4_SENSITIVITY_ONLY
A12_A13_est_10b,estimate,10b,False,52,0.1051051051051051,60.356080809761664,57.67451532291773,63.93117403073837,uspto_backgrounds_c4,uspto_backgrounds,60.225468450326034,62.09316382007678,60.552385127903634,0.19630431814196925,57.67451532291773,64.10632146254325,6.431806139625522,C4_SENSITIVITY_ONLY
A12_A13_est_10b,estimate,10b,False,53,0.2832832832832832,59.513443280489966,56.09358724082557,64.07966346417332,uspto_backgrounds_c4,uspto_backgrounds,60.225468450326034,62.09316382007678,60.04253015700594,0.5290868765159757,56.09358724082557,64.55172749465697,8.458140253831402,C4_SENSITIVITY_ONLY
A12_A13_est_10b,estimate,10b,False,54,0.0629370629370629,63.935838049043255,63.66532535323887,64.19617979360754,uspto_backgrounds_c4,uspto_backgrounds,60.225468450326034,62.09316382007678,64.05338531007652,0.11754726103326618,63.66532535323887,64.30105828573926,0.6357329325003889,C4_SENSITIVITY_ONLY
A12_A13_est_10b,estimate,10b,False,55,0.0,60.973093751373824,58.79540963961525,63.78391264744594,uspto_backgrounds_c4,uspto_backgrounds,60.225468450326034,62.09316382007678,60.973093751373824,0.0,58.79540963961525,63.78391264744594,4.988503007830687,C4_SENSITIVITY_ONLY
A12_A13_est_10b,estimate,10b,False,56,0.1906187624750498,61.20695965922683,59.988393492064,62.24757576464368,uspto_backgrounds_c4,uspto_backgrounds,60.225468450326034,62.09316382007678,61.5629774392891,0.3560177800622668,59.988393492064,62.56522338668777,2.5768298946237707,C4_SENSITIVITY_ONLY
A12_A13_est_10b,estimate,10b,False,57,0.0,63.17617007790169,63.16612981803825,63.18271960719464,uspto_backgrounds_c4,uspto_backgrounds,60.225468450326034,62.09316382007678,63.17617007790169,0.0,63.16612981803825,63.18271960719464,0.016589789156391532,C4_SENSITIVITY_ONLY
A12_A13_est_10b,estimate,10b,False,58,0.0,62.12913637558805,62.12913637558805,62.12913637558805,uspto_backgrounds_c4,uspto_backgrounds,60.225468450326034,62.09316382007678,62.12913637558805,0.0,62.12913637558805,62.12913637558805,0.0,C4_SENSITIVITY_ONLY
A12_A13_est_10b,estimate,10b,False,59,0.0,63.47197959596951,61.87338076768469,64.16267580715318,uspto_backgrounds_c4,uspto_backgrounds,60.225468450326034,62.09316382007678,63.47197959596951,0.0,61.87338076768469,64.16267580715318,2.2892950394684917,C4_SENSITIVITY_ONLY
A12_A13_est_10b,estimate,10b,False,60,0.0,61.80556438727452,61.26936461705358,62.07981068108913,uspto_backgrounds_c4,uspto_backgrounds,60.225468450326034,62.09316382007678,61.80556438727452,0.0,61.26936461705358,62.07981068108913,0.8104460640355455,C4_SENSITIVITY_ONLY
A12_A13_est_10b,estimate,10b,False,61,0.0,61.48158512167624,59.78541593168792,63.32512939325473,uspto_backgrounds_c4,uspto_backgrounds,60.225468450326034,62.09316382007678,61.48158512167624,0.0,59.78541593168792,63.32512939325473,3.539713461566805,C4_SENSITIVITY_ONLY
A12_A13_est_10b,estimate,10b,False,62,0.184,61.2277943610364,59.36773985274076,62.54815505627285,uspto_backgrounds_c4,uspto_backgrounds,60.225468450326034,62.09316382007678,61.57145030907054,0.3436559480341401,59.36773985274076,62.85477315460282,3.4870333018620556,C4_SENSITIVITY_ONLY
A12_A13_est_10b,estimate,10b,False,63,0.029,62.57951735260513,61.05546478062996,63.44170813621536,uspto_backgrounds_c4,uspto_backgrounds,60.225468450326034,62.09316382007678,62.6336805183279,0.05416316572276969,61.05546478062996,63.4900338147565,2.4345690341265396,C4_SENSITIVITY_ONLY
A14_A15_est_70b,estimate,70b,False,1,0.0,62.5899769188895,62.56713059586314,62.59844995232088,uspto_backgrounds_c4,uspto_backgrounds,60.225468450326034,62.09316382007678,62.5899769188895,0.0,62.56713059586314,62.59844995232088,0.03131935645773609,C4_SENSITIVITY_ONLY
A14_A15_est_70b,estimate,70b,False,2,0.0,59.07136541233329,58.49481874143344,59.45291474683157,uspto_backgrounds_c4,uspto_backgrounds,60.225468450326034,62.09316382007678,59.07136541233329,0.0,58.49481874143344,59.45291474683157,0.9580960053981258,C4_SENSITIVITY_ONLY
A14_A15_est_70b,estimate,70b,False,3,0.0,63.95799290631837,63.8308901432108,64.01241165881956,uspto_backgrounds_c4,uspto_backgrounds,60.225468450326034,62.09316382007678,63.95799290631837,0.0,63.8308901432108,64.01241165881956,0.1815215156087575,C4_SENSITIVITY_ONLY
A14_A15_est_70b,estimate,70b,False,4,0.2367632367632367,57.577216834293225,56.32234151689883,58.76738380675164,uspto_backgrounds_c4,uspto_backgrounds,60.225468450326034,62.09316382007678,58.019418435323125,0.44220160102990036,56.32234151689883,59.16192670572334,2.8395851888245076,C4_SENSITIVITY_ONLY
A14_A15_est_70b,estimate,70b,False,5,0.0669330669330669,61.0917880650192,60.48983693106821,61.50224490015969,uspto_backgrounds_c4,uspto_backgrounds,60.225468450326034,62.09316382007678,61.216798644213306,0.12501057919410385,60.48983693106821,61.61378234417278,1.1239454131045719,C4_SENSITIVITY_ONLY
A14_A15_est_70b,estimate,70b,False,6,0.001001001001001,60.584720752410966,59.99101663594656,60.99324588115838,uspto_backgrounds_c4,uspto_backgrounds,60.225468450326034,62.09316382007678,60.58659031734565,0.0018695649346867071,59.99101663594656,60.99491395193748,1.003897315990919,C4_SENSITIVITY_ONLY
A14_A15_est_70b,estimate,70b,False,7,0.402,62.140626753825245,59.64454726025998,64.16583417005786,uspto_backgrounds_c4,uspto_backgrounds,60.225468450326034,62.09316382007678,62.89144029246505,0.7508135386398038,59.64454726025998,64.83572805880051,5.191180798540529,C4_SENSITIVITY_ONLY
A14_A15_est_70b,estimate,70b,False,8,0.0,61.33355503550059,59.369968802067135,64.30035131862691,uspto_backgrounds_c4,uspto_backgrounds,60.225468450326034,62.09316382007678,61.33355503550059,0.0,59.369968802067135,64.30035131862691,4.930382516559774,C4_SENSITIVITY_ONLY
A14_A15_est_70b,estimate,70b,False,9,0.0,63.350634604573074,61.10090692042493,64.32600554446415,uspto_backgrounds_c4,uspto_backgrounds,60.225468450326034,62.09316382007678,63.350634604573074,0.0,61.10090692042493,64.32600554446415,3.2250986240392194,C4_SENSITIVITY_ONLY
A14_A15_est_70b,estimate,70b,False,10,0.0,61.83845788066242,61.14571324773014,62.13879777890371,uspto_backgrounds_c4,uspto_backgrounds,60.225468450326034,62.09316382007678,61.83845788066242,0.0,61.14571324773014,62.13879777890371,0.9930845311735652,C4_SENSITIVITY_ONLY
A14_A15_est_70b,estimate,70b,False,11,0.0,59.33406197395692,56.28410747671423,64.1147598981793,uspto_backgrounds_c4,uspto_backgrounds,60.225468450326034,62.09316382007678,59.33406197395692,0.0,56.28410747671423,64.1147598981793,7.830652421465068,C4_SENSITIVITY_ONLY
A14_A15_est_70b,estimate,70b,False,12,0.0,59.62533670628627,57.17068931376651,62.89446322630519,uspto_backgrounds_c4,uspto_backgrounds,60.225468450326034,62.09316382007678,59.62533670628627,0.0,57.17068931376651,62.89446322630519,5.723773912538682,C4_SENSITIVITY_ONLY
A14_A15_est_70b,estimate,70b,False,13,0.0,63.48035150628131,61.58623150368282,64.33570995356357,uspto_backgrounds_c4,uspto_backgrounds,60.225468450326034,62.09316382007678,63.48035150628131,0.0,61.58623150368282,64.33570995356357,2.7494784498807476,C4_SENSITIVITY_ONLY
A14_A15_est_70b,estimate,70b,False,14,0.0209790209790209,61.611452398137374,59.87681102674002,62.54195999906214,uspto_backgrounds_c4,uspto_backgrounds,60.225468450326034,62.09316382007678,61.6506348184818,0.03918242034442443,59.87681102674002,62.57691949643938,2.7001084696993587,C4_SENSITIVITY_ONLY
A14_A15_est_70b,estimate,70b,False,15,0.0791583166332665,60.63985637368572,59.700206595624095,61.24866569365008,uspto_backgrounds_c4,uspto_backgrounds,60.225468450326034,62.09316382007678,60.78769999513893,0.1478436214532124,59.700206595624095,61.38057532687342,1.6803687312493238,C4_SENSITIVITY_ONLY
A14_A15_est_70b,estimate,70b,False,16,0.07,61.05976135968973,59.41461245975787,62.18920144094669,uspto_backgrounds_c4,uspto_backgrounds,60.225468450326034,62.09316382007678,61.190500035572285,0.1307386758825544,59.41461245975787,62.30584963052874,2.8912371707708715,C4_SENSITIVITY_ONLY
A14_A15_est_70b,estimate,70b,False,17,0.056056056056056,62.26359342605269,61.362583720702304,63.48503350555324,uspto_backgrounds_c4,uspto_backgrounds,60.225468450326034,62.09316382007678,62.36828906239507,0.10469563634238455,61.362583720702304,63.57844546918251,2.215861748480208,C4_SENSITIVITY_ONLY
A14_A15_est_70b,estimate,70b,False,18,0.0,63.10885587615659,62.12932773940608,63.6046909794799,uspto_backgrounds_c4,uspto_backgrounds,60.225468450326034,62.09316382007678,63.10885587615659,0.0,62.12932773940608,63.6046909794799,1.4753632400738184,C4_SENSITIVITY_ONLY
A14_A15_est_70b,estimate,70b,False,19,0.003003003003003,62.69683978480785,61.73917796499478,63.860108355587975,uspto_backgrounds_c4,uspto_backgrounds,60.225468450326034,62.09316382007678,62.7024484796119,0.005608694804053016,61.73917796499478,63.86511256792526,2.125934602930478,C4_SENSITIVITY_ONLY
A14_A15_est_70b,estimate,70b,False,20,0.001,62.09218714016537,60.83037461762391,62.67410821822585,uspto_backgrounds_c4,uspto_backgrounds,60.225468450326034,62.09316382007678,62.094054835535125,0.0018676953697536192,60.83037461762391,62.67577462093416,1.8454000033102531,C4_SENSITIVITY_ONLY
A14_A15_est_70b,estimate,70b,False,21,0.0459540459540459,63.21923853615276,62.7549540865236,63.61147835072133,uspto_backgrounds_c4,uspto_backgrounds,60.225468450326034,62.09316382007678,63.305066695002445,0.08582815884968653,62.7549540865236,63.688056297357186,0.9331022108335887,C4_SENSITIVITY_ONLY
A14_A15_est_70b,estimate,70b,False,22,0.169,57.13954537422548,55.4877122376181,58.74547385567387,uspto_backgrounds_c4,uspto_backgrounds,60.225468450326034,62.09316382007678,57.455185891713356,0.31564051748787847,55.4877122376181,59.027095913379114,3.539383675761016,C4_SENSITIVITY_ONLY
A14_A15_est_70b,estimate,70b,False,23,0.245,61.81622170279383,59.262758790573216,63.69037794277657,uspto_backgrounds_c4,uspto_backgrounds,60.225468450326034,62.09316382007678,62.273807068382766,0.45758536558893326,59.262758790573216,64.09864660631376,4.8358878157405485,C4_SENSITIVITY_ONLY
A14_A15_est_70b,estimate,70b,False,24,0.2652652652652653,59.43683040993596,56.02394220461786,64.14708390046518,uspto_backgrounds_c4,uspto_backgrounds,60.225468450326034,62.09316382007678,59.9322651176276,0.49543470769164344,56.02394220461786,64.58912265692513,8.565180452307267,C4_SENSITIVITY_ONLY
A14_A15_est_70b,estimate,70b,False,25,0.0,61.01350524992364,59.70699221657228,62.7026108883598,uspto_backgrounds_c4,uspto_backgrounds,60.225468450326034,62.09316382007678,61.01350524992364,0.0,59.70699221657228,62.7026108883598,2.9956186717875184,C4_SENSITIVITY_ONLY
A14_A15_est_70b,estimate,70b,False,26,0.01001001001001,63.35576542534766,62.07232711102344,63.96129921449919,uspto_backgrounds_c4,uspto_backgrounds,60.225468450326034,62.09316382007678,63.374461074694516,0.01869564934685286,62.07232711102344,63.97797992229013,1.905652811266691,C4_SENSITIVITY_ONLY
A14_A15_est_70b,estimate,70b,False,27,0.001,60.75543555918576,58.854740132384485,62.592759899480754,uspto_backgrounds_c4,uspto_backgrounds,60.225468450326034,62.09316382007678,60.75730325455552,0.0018676953697536192,58.854740132384485,62.59442630218907,3.7396861698045853,C4_SENSITIVITY_ONLY
A14_A15_est_70b,estimate,70b,False,28,0.014014014014014,60.62404105271286,58.89668560604888,62.518412838252765,uspto_backgrounds_c4,uspto_backgrounds,60.225468450326034,62.09316382007678,60.650214961798454,0.026173909085592584,58.89668560604888,62.541765829160084,3.645080223111208,C4_SENSITIVITY_ONLY
A14_A15_est_70b,estimate,70b,False,29,0.6723276723276723,59.033319995173656,56.14953500157945,61.838000930565535,uspto_backgrounds_c4,uspto_backgrounds,60.225468450326034,62.09316382007678,60.289023275735346,1.25570328056169,56.14953500157945,62.95836958460753,6.80883458302808,C4_SENSITIVITY_ONLY
A14_A15_est_70b,estimate,70b,False,30,0.4215784215784216,57.99532325402376,56.21305857505028,59.74118841039629,uspto_backgrounds_c4,uspto_backgrounds,60.225468450326034,62.09316382007678,58.782703319992606,0.787380065968847,56.21305857505028,60.44370783388176,4.230649258831477,C4_SENSITIVITY_ONLY
A14_A15_est_70b,estimate,70b,False,31,0.001,59.94234873663173,59.54330816395079,60.1734131484803,uspto_backgrounds_c4,uspto_backgrounds,60.225468450326034,62.09316382007678,59.94421643200148,0.0018676953697536192,59.54330816395079,60.17507955118862,0.6317713872378263,C4_SENSITIVITY_ONLY
A14_A15_est_70b,estimate,70b,False,32,0.019019019019019,59.40735918368559,56.30075672735322,64.33570995356357,uspto_backgrounds_c4,uspto_backgrounds,60.225468450326034,62.09316382007678,59.44288091744462,0.03552173375902612,56.30075672735322,64.36740329836636,8.066646571013138,C4_SENSITIVITY_ONLY
A14_A15_est_70b,estimate,70b,False,33,0.0,56.14924942645502,56.14699292927934,56.15022773231248,uspto_backgrounds_c4,uspto_backgrounds,60.225468450326034,62.09316382007678,56.14924942645502,0.0,56.14699292927934,56.15022773231248,0.003234803033137723,C4_SENSITIVITY_ONLY
A14_A15_est_70b,estimate,70b,False,34,0.0,53.78397506413352,53.12988793398893,54.26559173039828,uspto_backgrounds_c4,uspto_backgrounds,60.225468450326034,62.09316382007678,53.78397506413352,0.0,53.12988793398893,54.26559173039828,1.135703796409345,C4_SENSITIVITY_ONLY
A14_A15_est_70b,estimate,70b,False,35,0.0,61.68474017899067,61.228606975340966,61.81285083974961,uspto_backgrounds_c4,uspto_backgrounds,60.225468450326034,62.09316382007678,61.68474017899067,0.0,61.228606975340966,61.81285083974961,0.5842438644086414,C4_SENSITIVITY_ONLY
A14_A15_est_70b,estimate,70b,False,36,0.0,62.86942556143751,62.39385573799926,63.12093362924484,uspto_backgrounds_c4,uspto_backgrounds,60.225468450326034,62.09316382007678,62.86942556143751,0.0,62.39385573799926,63.12093362924484,0.7270778912455782,C4_SENSITIVITY_ONLY
A14_A15_est_70b,estimate,70b,False,37,0.1923847695390781,61.506153756904496,59.77334223303141,62.737119776639005,uspto_backgrounds_c4,uspto_backgrounds,60.225468450326034,62.09316382007678,61.8654699001832,0.3593161432787042,59.77334223303141,63.0577102776375,3.28436804460609,C4_SENSITIVITY_ONLY
A14_A15_est_70b,estimate,70b,False,38,0.2532532532532532,62.98920461198908,61.52949988209613,64.33144553592089,uspto_backgrounds_c4,uspto_backgrounds,60.225468450326034,62.09316382007678,63.4622045404645,0.47299992847541716,61.52949988209613,64.75346744303171,3.223967560935577,C4_SENSITIVITY_ONLY
A14_A15_est_70b,estimate,70b,False,39,0.024,61.279434204947314,60.820719870513344,61.68767026711922,uspto_backgrounds_c4,uspto_backgrounds,60.225468450326034,62.09316382007678,61.32425889382133,0.044824688874015806,60.820719870513344,61.72766393211879,0.9069440616054436,C4_SENSITIVITY_ONLY
A14_A15_est_70b,estimate,70b,False,40,0.0,61.31411564364491,58.883301960078285,64.189691632636,uspto_backgrounds_c4,uspto_backgrounds,60.225468450326034,62.09316382007678,61.31411564364491,0.0,58.883301960078285,64.189691632636,5.306389672557714,C4_SENSITIVITY_ONLY
A14_A15_est_70b,estimate,70b,False,41,0.008,53.68345056911369,53.39960227973745,53.84003833082601,uspto_backgrounds_c4,uspto_backgrounds,60.225468450326034,62.09316382007678,53.698392132071696,0.014941562958007637,53.39960227973745,53.85336955249253,0.4537672727550799,C4_SENSITIVITY_ONLY
A14_A15_est_70b,estimate,70b,False,42,0.1838161838161837,57.61329385546286,55.924176261634464,58.98035807384598,uspto_backgrounds_c4,uspto_backgrounds,60.225468450326034,62.09316382007678,57.956606490861596,0.343312635398739,55.924176261634464,59.2866698603894,3.362493598754938,C4_SENSITIVITY_ONLY
A14_A15_est_70b,estimate,70b,False,43,0.0149850149850149,61.33077858394175,60.90311152448663,61.540140827558766,uspto_backgrounds_c4,uspto_backgrounds,60.225468450326034,62.09316382007678,61.35876602704491,0.02798744310315726,60.90311152448663,61.56511189711394,0.662000372627304,C4_SENSITIVITY_ONLY
A14_A15_est_70b,estimate,70b,False,44,0.0,61.496543495719166,59.41518996456877,63.13483402166377,uspto_backgrounds_c4,uspto_backgrounds,60.225468450326034,62.09316382007678,61.496543495719166,0.0,59.41518996456877,63.13483402166377,3.719644057095003,C4_SENSITIVITY_ONLY
A14_A15_est_70b,estimate,70b,False,45,0.0,63.62109913001988,63.49217832347737,63.76599505618487,uspto_backgrounds_c4,uspto_backgrounds,60.225468450326034,62.09316382007678,63.62109913001988,0.0,63.49217832347737,63.76599505618487,0.27381673270750184,C4_SENSITIVITY_ONLY
A14_A15_est_70b,estimate,70b,False,46,0.0,61.77273999632626,60.65646154121735,62.38710247612599,uspto_backgrounds_c4,uspto_backgrounds,60.225468450326034,62.09316382007678,61.77273999632626,0.0,60.65646154121735,62.38710247612599,1.7306409349086422,C4_SENSITIVITY_ONLY
A14_A15_est_70b,estimate,70b,False,47,0.3776223776223776,60.90818406340212,59.16671748991552,62.56567597662198,uspto_backgrounds_c4,uspto_backgrounds,60.225468450326034,62.09316382007678,61.6134676296017,0.7052835661995829,59.16671748991552,63.19494692941228,4.028229439496762,C4_SENSITIVITY_ONLY
A14_A15_est_70b,estimate,70b,False,48,0.266,61.75095317224685,60.16839209187844,63.04664471949547,uspto_backgrounds_c4,uspto_backgrounds,60.225468450326034,62.09316382007678,62.247760140600555,0.4968069683537024,60.16839209187844,63.489907839907275,3.321515748028837,C4_SENSITIVITY_ONLY
A14_A15_est_70b,estimate,70b,False,49,0.044,62.96854177786141,62.23469685312691,64.00057789986114,uspto_backgrounds_c4,uspto_backgrounds,60.225468450326034,62.09316382007678,63.05072037413044,0.08217859626903135,62.23469685312691,64.073899619027,1.8392027659000902,C4_SENSITIVITY_ONLY
A14_A15_est_70b,estimate,70b,False,50,0.0779999999999999,62.93628722732703,62.07054639070592,63.647269256436914,uspto_backgrounds_c4,uspto_backgrounds,60.225468450326034,62.09316382007678,63.08196746616758,0.14568023884055492,62.07054639070592,63.77724866768549,1.7067022769795699,C4_SENSITIVITY_ONLY
A14_A15_est_70b,estimate,70b,False,51,0.0,55.2643555814013,54.8284156866012,55.45335761392428,uspto_backgrounds_c4,uspto_backgrounds,60.225468450326034,62.09316382007678,55.2643555814013,0.0,54.8284156866012,55.45335761392428,0.6249419273230856,C4_SENSITIVITY_ONLY
A14_A15_est_70b,estimate,70b,False,52,0.1051051051051051,60.356080809761664,57.67451532291773,63.93117403073837,uspto_backgrounds_c4,uspto_backgrounds,60.225468450326034,62.09316382007678,60.552385127903634,0.19630431814196925,57.67451532291773,64.10632146254325,6.431806139625522,C4_SENSITIVITY_ONLY
A14_A15_est_70b,estimate,70b,False,53,0.2832832832832832,59.513443280489966,56.09358724082557,64.07966346417332,uspto_backgrounds_c4,uspto_backgrounds,60.225468450326034,62.09316382007678,60.04253015700594,0.5290868765159757,56.09358724082557,64.55172749465697,8.458140253831402,C4_SENSITIVITY_ONLY
A14_A15_est_70b,estimate,70b,False,54,0.0629370629370629,63.935838049043255,63.66532535323887,64.19617979360754,uspto_backgrounds_c4,uspto_backgrounds,60.225468450326034,62.09316382007678,64.05338531007652,0.11754726103326618,63.66532535323887,64.30105828573926,0.6357329325003889,C4_SENSITIVITY_ONLY
A14_A15_est_70b,estimate,70b,False,55,0.0,60.973093751373824,58.79540963961525,63.78391264744594,uspto_backgrounds_c4,uspto_backgrounds,60.225468450326034,62.09316382007678,60.973093751373824,0.0,58.79540963961525,63.78391264744594,4.988503007830687,C4_SENSITIVITY_ONLY
A14_A15_est_70b,estimate,70b,False,56,0.1906187624750498,61.20695965922683,59.988393492064,62.24757576464368,uspto_backgrounds_c4,uspto_backgrounds,60.225468450326034,62.09316382007678,61.5629774392891,0.3560177800622668,59.988393492064,62.56522338668777,2.5768298946237707,C4_SENSITIVITY_ONLY
A14_A15_est_70b,estimate,70b,False,57,0.0,63.17617007790169,63.16612981803825,63.18271960719464,uspto_backgrounds_c4,uspto_backgrounds,60.225468450326034,62.09316382007678,63.17617007790169,0.0,63.16612981803825,63.18271960719464,0.016589789156391532,C4_SENSITIVITY_ONLY
A14_A15_est_70b,estimate,70b,False,58,0.0,62.12913637558805,62.12913637558805,62.12913637558805,uspto_backgrounds_c4,uspto_backgrounds,60.225468450326034,62.09316382007678,62.12913637558805,0.0,62.12913637558805,62.12913637558805,0.0,C4_SENSITIVITY_ONLY
A14_A15_est_70b,estimate,70b,False,59,0.0,63.47197959596951,61.87338076768469,64.16267580715318,uspto_backgrounds_c4,uspto_backgrounds,60.225468450326034,62.09316382007678,63.47197959596951,0.0,61.87338076768469,64.16267580715318,2.2892950394684917,C4_SENSITIVITY_ONLY
A14_A15_est_70b,estimate,70b,False,60,0.0,61.80556438727452,61.26936461705358,62.07981068108913,uspto_backgrounds_c4,uspto_backgrounds,60.225468450326034,62.09316382007678,61.80556438727452,0.0,61.26936461705358,62.07981068108913,0.8104460640355455,C4_SENSITIVITY_ONLY
A14_A15_est_70b,estimate,70b,False,61,0.0,61.48158512167624,59.78541593168792,63.32512939325473,uspto_backgrounds_c4,uspto_backgrounds,60.225468450326034,62.09316382007678,61.48158512167624,0.0,59.78541593168792,63.32512939325473,3.539713461566805,C4_SENSITIVITY_ONLY
A14_A15_est_70b,estimate,70b,False,62,0.184,61.2277943610364,59.36773985274076,62.54815505627285,uspto_backgrounds_c4,uspto_backgrounds,60.225468450326034,62.09316382007678,61.57145030907054,0.3436559480341401,59.36773985274076,62.85477315460282,3.4870333018620556,C4_SENSITIVITY_ONLY
A14_A15_est_70b,estimate,70b,False,63,0.029,62.57951735260513,61.05546478062996,63.44170813621536,uspto_backgrounds_c4,uspto_backgrounds,60.225468450326034,62.09316382007678,62.6336805183279,0.05416316572276969,61.05546478062996,63.4900338147565,2.4345690341265396,C4_SENSITIVITY_ONLY
