base_model,correction,dataset,n,role,domain,rmse,mae,bias_observed_minus_pred,r2,spearman
B1_Q_proxy,C0_none,A4_A5_train_1m,512,base_fit,metric/the_pile_arxiv_val_loss,0.9901031037145648,0.7996945908403048,-2.0816681711721685e-17,0.046472019574052004,0.24353790798342892
B1_Q_proxy,C0_none,A4_A5_train_1m,512,base_fit,metric/the_pile_freelaw_val_loss,0.7459823915823591,0.6294511294526204,-3.122502256758253e-17,0.09384870461450567,0.26064841040958564
B1_Q_proxy,C0_none,A4_A5_train_1m,512,base_fit,metric/the_pile_pubmed_central_val_loss,0.806584288792185,0.6988327112491131,-2.0816681711721685e-17,0.10426554198740401,0.3066932635527174
B1_Q_proxy,C0_none,A4_A5_train_1m,512,base_fit,metric/the_pile_wikipedia_en_val_loss,0.5191737251532098,0.42746430938607977,4.5102810375396984e-17,0.03635604129270964,0.2881452704249207
B1_Q_proxy,C0_none,A4_A5_train_1m,512,base_fit,metric/the_pile_dm_mathematics_val_loss,1.532805658112794,1.4434996851618989,1.3877787807814457e-17,0.0006934758226057047,0.1240072212494707
B1_Q_proxy,C0_none,A4_A5_train_1m,512,base_fit,metric/the_pile_github_val_loss,0.8535603208954357,0.6938217363566128,1.3183898417423734e-16,0.34631275037509257,0.6229596358189995
B1_Q_proxy,C0_none,A4_A5_train_1m,512,base_fit,metric/the_pile_stackexchange_val_loss,0.6760446695042307,0.5605203435920143,7.632783294297951e-17,0.2401809474534572,0.5206567538995892
B1_Q_proxy,C0_none,A4_A5_train_1m,512,base_fit,metric/the_pile_gutenberg_pg_19_val_loss,0.4332139138896424,0.35204677293353615,3.122502256758253e-17,0.008612506979843948,0.032850837853766836
B1_Q_proxy,C0_none,A4_A5_train_1m,512,base_fit,metric/the_pile_pile_cc_val_loss,0.320125789122992,0.2619862609239151,2.949029909160572e-17,0.0018701172160932034,0.17339438779597396
B1_Q_proxy,C0_none,A4_A5_train_1m,512,base_fit,metric/the_pile_ubuntu_irc_val_loss,1.0223541092146844,0.9236176416244652,0.0,0.010256165284172503,0.18074152275666336
B1_Q_proxy,C0_none,A4_A5_train_1m,512,base_fit,metric/the_pile_hackernews_val_loss,0.3391943387541944,0.279135061052503,5.0306980803327406e-17,0.01830107043624385,0.18622317423124018
B1_Q_proxy,C0_none,A4_A5_train_1m,512,base_fit,metric/the_pile_pubmed_abstracts_val_loss,0.5298139392711804,0.41834174982862593,-5.551115123125783e-17,0.17876298806988433,0.34495699866103613
B1_Q_proxy,C0_none,A4_A5_train_1m,512,base_fit,metric/the_pile_uspto_backgrounds_val_loss,0.5054107909575123,0.4361551533187591,2.2551405187698492e-17,0.0935501727537853,0.20768039176136688
B1_Q_proxy,C0_none,A6_A7_test_1m,256,external_retrospective_evaluation,metric/the_pile_arxiv_val_loss,0.7774127037067345,0.6575576210347924,-0.18150700138301126,0.005550096231919155,0.2485744735637445
B1_Q_proxy,C0_none,A6_A7_test_1m,256,external_retrospective_evaluation,metric/the_pile_freelaw_val_loss,0.7320850795918336,0.6110534526515785,0.01540252857637174,0.013291587377702418,0.14352612153810937
B1_Q_proxy,C0_none,A6_A7_test_1m,256,external_retrospective_evaluation,metric/the_pile_pubmed_central_val_loss,0.7779655123515827,0.695746213505561,-0.10844242590578203,0.1343892582499413,0.3968485351338979
B1_Q_proxy,C0_none,A6_A7_test_1m,256,external_retrospective_evaluation,metric/the_pile_wikipedia_en_val_loss,0.5362845393231743,0.4489032025798418,0.012326960206654407,0.036583296046693414,0.21392051956969554
B1_Q_proxy,C0_none,A6_A7_test_1m,256,external_retrospective_evaluation,metric/the_pile_dm_mathematics_val_loss,1.5430988452368863,1.4595480788613475,-0.13148900980100497,-0.012698247420857012,0.008652580682078276
B1_Q_proxy,C0_none,A6_A7_test_1m,256,external_retrospective_evaluation,metric/the_pile_github_val_loss,0.7827347855256043,0.6498504889036735,-0.15919509638400892,0.2781570975013571,0.6138168059052413
B1_Q_proxy,C0_none,A6_A7_test_1m,256,external_retrospective_evaluation,metric/the_pile_stackexchange_val_loss,0.6056544639544421,0.5093676707553988,-0.09770678503806676,0.16813248476700704,0.48591568436713195
B1_Q_proxy,C0_none,A6_A7_test_1m,256,external_retrospective_evaluation,metric/the_pile_gutenberg_pg_19_val_loss,0.44553408774490244,0.3733711460558257,-0.019560771954621647,0.013849879976120416,0.15040770199130235
B1_Q_proxy,C0_none,A6_A7_test_1m,256,external_retrospective_evaluation,metric/the_pile_pile_cc_val_loss,0.32103140628721183,0.2608705937854347,0.006942605795941831,-0.003344544320872167,0.07527466239414052
B1_Q_proxy,C0_none,A6_A7_test_1m,256,external_retrospective_evaluation,metric/the_pile_ubuntu_irc_val_loss,1.0090009030197047,0.9234746945908875,-0.055695924638366284,-0.023364229385499424,0.045961604486152434
B1_Q_proxy,C0_none,A6_A7_test_1m,256,external_retrospective_evaluation,metric/the_pile_hackernews_val_loss,0.33801222453644036,0.2870935498511186,-0.009829711941641922,-0.010254721945738066,0.0814660105287251
B1_Q_proxy,C0_none,A6_A7_test_1m,256,external_retrospective_evaluation,metric/the_pile_pubmed_abstracts_val_loss,0.5148396976460783,0.41451845425544287,-0.04326250964895278,0.185063482583381,0.3958056763561455
B1_Q_proxy,C0_none,A6_A7_test_1m,256,external_retrospective_evaluation,metric/the_pile_uspto_backgrounds_val_loss,0.4822387843817978,0.40748993434901976,-0.02962639298968994,0.10620110322778276,0.28075432021057445
B1_Q_proxy,C0_none,A8_A9_test_60m,256,external_retrospective_evaluation,metric/the_pile_arxiv_val_loss,1.8646977029094458,1.7829588894192512,-1.775106437256341,-9.70572731324178,0.213363326848249
B1_Q_proxy,C0_none,A8_A9_test_60m,256,external_retrospective_evaluation,metric/the_pile_freelaw_val_loss,1.476866547652525,1.3366286087768908,-1.3276440676974082,-4.256318367659653,0.14223578049896998
B1_Q_proxy,C0_none,A8_A9_test_60m,256,external_retrospective_evaluation,metric/the_pile_pubmed_central_val_loss,1.8485000825075342,1.7749933633300006,-1.7722731318241536,-9.56161807806038,0.3990057793545433
B1_Q_proxy,C0_none,A8_A9_test_60m,256,external_retrospective_evaluation,metric/the_pile_wikipedia_en_val_loss,1.4269382724347732,1.3412925791534995,-1.3399839580648871,-7.121852163709159,0.22001602197299153
B1_Q_proxy,C0_none,A8_A9_test_60m,256,external_retrospective_evaluation,metric/the_pile_dm_mathematics_val_loss,1.6266539044450639,1.440374355688331,-1.43252510225371,-3.4831643635036373,0.022827019913023574
B1_Q_proxy,C0_none,A8_A9_test_60m,256,external_retrospective_evaluation,metric/the_pile_github_val_loss,2.6727798055252237,2.5987997820258344,-2.5987997820258344,-14.172808741036713,0.6141865987640192
B1_Q_proxy,C0_none,A8_A9_test_60m,256,external_retrospective_evaluation,metric/the_pile_stackexchange_val_loss,1.7963783383431424,1.720863920248998,-1.720863920248998,-9.427061674531792,0.4802471961547264
B1_Q_proxy,C0_none,A8_A9_test_60m,256,external_retrospective_evaluation,metric/the_pile_gutenberg_pg_19_val_loss,1.0595529341451138,0.9907983894151476,-0.9884205953752654,-6.57859327201753,0.13165555619134814
B1_Q_proxy,C0_none,A8_A9_test_60m,256,external_retrospective_evaluation,metric/the_pile_pile_cc_val_loss,1.103596669669748,1.0579602604632754,-1.0579602604632754,-11.366288530766257,0.08582913710231173
B1_Q_proxy,C0_none,A8_A9_test_60m,256,external_retrospective_evaluation,metric/the_pile_ubuntu_irc_val_loss,2.104231676124575,1.9821473236294145,-1.9821473236294145,-7.969175279281588,0.1062700274662394
B1_Q_proxy,C0_none,A8_A9_test_60m,256,external_retrospective_evaluation,metric/the_pile_hackernews_val_loss,1.0332024312588874,0.9861737255282822,-0.9861737255282822,-10.25060227107142,0.11232833600366215
B1_Q_proxy,C0_none,A8_A9_test_60m,256,external_retrospective_evaluation,metric/the_pile_pubmed_abstracts_val_loss,1.4698709714676348,1.388868884660452,-1.3855258953024485,-6.220424566265007,0.3980079823758296
B1_Q_proxy,C0_none,A8_A9_test_60m,256,external_retrospective_evaluation,metric/the_pile_uspto_backgrounds_val_loss,1.4637066593748436,1.4060395883836696,-1.4060395883836696,-10.4661054236803,0.2843721389333943
B1_Q_proxy,C0_none,A10_A11_test_1b,64,external_retrospective_evaluation,metric/the_pile_arxiv_val_loss,3.2264004927872496,3.224119008688393,-3.224119008688393,-944.6812995048332,0.3063186813186813
B1_Q_proxy,C0_none,A10_A11_test_1b,64,external_retrospective_evaluation,metric/the_pile_freelaw_val_loss,3.276327048203151,3.2721830889627825,-3.2721830889627825,-558.2146186055515,0.22440476190476188
B1_Q_proxy,C0_none,A10_A11_test_1b,64,external_retrospective_evaluation,metric/the_pile_pubmed_central_val_loss,3.384430297412584,3.3826144255847543,-3.3826144255847543,-4170.294542466138,0.5603479853479854
B1_Q_proxy,C0_none,A10_A11_test_1b,64,external_retrospective_evaluation,metric/the_pile_wikipedia_en_val_loss,3.317253860873555,3.313949982740017,-3.313949982740017,-438.58143048727015,0.4005494505494505
B1_Q_proxy,C0_none,A10_A11_test_1b,64,external_retrospective_evaluation,metric/the_pile_dm_mathematics_val_loss,2.3657598674143294,2.3473965037303697,-2.3473965037303697,-62.33412372590987,0.1841575091575091
B1_Q_proxy,C0_none,A10_A11_test_1b,64,external_retrospective_evaluation,metric/the_pile_github_val_loss,4.30393324765775,4.296621460138096,-4.296621460138096,-1284.708016592779,0.5547619047619047
B1_Q_proxy,C0_none,A10_A11_test_1b,64,external_retrospective_evaluation,metric/the_pile_stackexchange_val_loss,3.4384576637968687,3.43410315772521,-3.43410315772521,-707.3415407166757,0.433058608058608
B1_Q_proxy,C0_none,A10_A11_test_1b,64,external_retrospective_evaluation,metric/the_pile_gutenberg_pg_19_val_loss,2.639092098495508,2.62815793778452,-2.62815793778452,-117.93811459904543,0.1624084249084249
B1_Q_proxy,C0_none,A10_A11_test_1b,64,external_retrospective_evaluation,metric/the_pile_pile_cc_val_loss,2.7480923489580578,2.7463075660712937,-2.7463075660712937,-742.7804009213127,0.20380036630036627
B1_Q_proxy,C0_none,A10_A11_test_1b,64,external_retrospective_evaluation,metric/the_pile_ubuntu_irc_val_loss,3.944345119959413,3.922429706330652,-3.922429706330652,-86.02519887407071,0.20650183150183146
B1_Q_proxy,C0_none,A10_A11_test_1b,64,external_retrospective_evaluation,metric/the_pile_hackernews_val_loss,2.268237368561022,2.26003535706587,-2.26003535706587,-131.72886157359696,0.23791208791208784
B1_Q_proxy,C0_none,A10_A11_test_1b,64,external_retrospective_evaluation,metric/the_pile_pubmed_abstracts_val_loss,2.9515633478128223,2.9488284060222956,-2.9488284060222956,-680.1714174895875,0.3757783882783882
B1_Q_proxy,C0_none,A10_A11_test_1b,64,external_retrospective_evaluation,metric/the_pile_uspto_backgrounds_val_loss,2.789410556367792,2.7857642650278676,-2.7857642650278676,-393.37913151997793,0.17706043956043954
B1_Q_proxy,C0_none,A12_A13_est_10b,63,provided_estimates_extrapolation_audit,metric/the_pile_arxiv_val_loss,3.3219624633495877,3.304179518921564,-3.304179518921564,-117.03684518407505,0.10843894009216591
B1_Q_proxy,C0_none,A12_A13_est_10b,63,provided_estimates_extrapolation_audit,metric/the_pile_freelaw_val_loss,3.5044599089098343,3.491913020465534,-3.491913020465534,-128.4152429792063,0.445084485407066
B1_Q_proxy,C0_none,A12_A13_est_10b,63,provided_estimates_extrapolation_audit,metric/the_pile_pubmed_central_val_loss,3.4130040042367535,3.399788681350882,-3.399788681350882,-185.4715045633733,0.27923387096774194
B1_Q_proxy,C0_none,A12_A13_est_10b,63,provided_estimates_extrapolation_audit,metric/the_pile_wikipedia_en_val_loss,3.889351764485749,3.8818142014621406,-3.8818142014621406,-283.9367315668317,-0.005256462570220174
B1_Q_proxy,C0_none,A12_A13_est_10b,63,provided_estimates_extrapolation_audit,metric/the_pile_dm_mathematics_val_loss,2.588299090014352,2.554241141055656,-2.554241141055656,-36.366494770110016,0.18437980030721968
B1_Q_proxy,C0_none,A12_A13_est_10b,63,provided_estimates_extrapolation_audit,metric/the_pile_github_val_loss,3.6390884604966693,3.6081624663308958,-3.6081624663308958,-177.06916554402255,0.48449500768049153
B1_Q_proxy,C0_none,A12_A13_est_10b,63,provided_estimates_extrapolation_audit,metric/the_pile_stackexchange_val_loss,3.5748489901368847,3.5607170456121193,-3.5607170456121193,-356.4809913681516,0.38028490167991025
B1_Q_proxy,C0_none,A12_A13_est_10b,63,provided_estimates_extrapolation_audit,metric/the_pile_gutenberg_pg_19_val_loss,3.6370697146805084,3.6309018903754486,-3.6309018903754486,-288.2455106935208,0.1597542242703533
B1_Q_proxy,C0_none,A12_A13_est_10b,63,provided_estimates_extrapolation_audit,metric/the_pile_pile_cc_val_loss,3.8064212638606607,3.800490530857572,-3.800490530857572,-326.77149004864185,-0.18625192012288788
B1_Q_proxy,C0_none,A12_A13_est_10b,63,provided_estimates_extrapolation_audit,metric/the_pile_ubuntu_irc_val_loss,4.329853004540358,4.318086497713365,-4.318086497713365,-194.25724999855564,0.040034562211981574
B1_Q_proxy,C0_none,A12_A13_est_10b,63,provided_estimates_extrapolation_audit,metric/the_pile_hackernews_val_loss,3.5947062671050114,3.590240423048941,-3.590240423048941,-437.43066496037505,-0.13772081413210446
B1_Q_proxy,C0_none,A12_A13_est_10b,63,provided_estimates_extrapolation_audit,metric/the_pile_pubmed_abstracts_val_loss,3.5822108842913156,3.5737598093933247,-3.5737598093933247,-277.0297569708123,0.4684619815668203
B1_Q_proxy,C0_none,A12_A13_est_10b,63,provided_estimates_extrapolation_audit,metric/the_pile_uspto_backgrounds_val_loss,3.430015751594957,3.422351642034199,-3.422351642034199,-233.34832704614251,0.35381088965309
B1_Q_proxy,C0_none,A14_A15_est_70b,63,provided_estimates_extrapolation_audit,metric/the_pile_arxiv_val_loss,3.6788314030667033,3.6676017411437862,-3.6676017411437862,-235.38549445846627,0.1419930875576037
B1_Q_proxy,C0_none,A14_A15_est_70b,63,provided_estimates_extrapolation_audit,metric/the_pile_freelaw_val_loss,3.871106472478191,3.8620066712591843,-3.8620066712591843,-220.32702192899376,0.4608294930875576
B1_Q_proxy,C0_none,A14_A15_est_70b,63,provided_estimates_extrapolation_audit,metric/the_pile_pubmed_central_val_loss,3.7774299414822634,3.7675886813508805,-3.7675886813508805,-341.2347521616426,0.3187403993855607
B1_Q_proxy,C0_none,A14_A15_est_70b,63,provided_estimates_extrapolation_audit,metric/the_pile_wikipedia_en_val_loss,4.301279618734028,4.2953761062240465,-4.2953761062240465,-425.398075030574,-0.04411482334869432
B1_Q_proxy,C0_none,A14_A15_est_70b,63,provided_estimates_extrapolation_audit,metric/the_pile_dm_mathematics_val_loss,2.8638756512912678,2.84602685534137,-2.84602685534137,-77.53978721848114,0.1581221198156682
B1_Q_proxy,C0_none,A14_A15_est_70b,63,provided_estimates_extrapolation_audit,metric/the_pile_github_val_loss,4.02076261143562,3.990330720299149,-3.990330720299149,-342.6969036842958,0.4157546082949309
B1_Q_proxy,C0_none,A14_A15_est_70b,63,provided_estimates_extrapolation_audit,metric/the_pile_stackexchange_val_loss,3.9494969873263828,3.935983712278786,-3.935983712278786,-646.8384933819123,0.3058312431965044
B1_Q_proxy,C0_none,A14_A15_est_70b,63,provided_estimates_extrapolation_audit,metric/the_pile_gutenberg_pg_19_val_loss,4.019011438679923,4.014514588788146,-4.014514588788146,-435.7235018423363,0.17425115207373273
B1_Q_proxy,C0_none,A14_A15_est_70b,63,provided_estimates_extrapolation_audit,metric/the_pile_pile_cc_val_loss,4.214561841732445,4.209915927682968,-4.209915927682968,-463.71624139243755,-0.19863671274961597
B1_Q_proxy,C0_none,A14_A15_est_70b,63,provided_estimates_extrapolation_audit,metric/the_pile_ubuntu_irc_val_loss,4.806854189251103,4.7991388786657465,-4.7991388786657465,-350.28173810890036,-0.009864749721689164
B1_Q_proxy,C0_none,A14_A15_est_70b,63,provided_estimates_extrapolation_audit,metric/the_pile_hackernews_val_loss,3.981181360439184,3.9775356611441786,-3.9775356611441786,-608.3012537679929,-0.16685867895545317
B1_Q_proxy,C0_none,A14_A15_est_70b,63,provided_estimates_extrapolation_audit,metric/the_pile_pubmed_abstracts_val_loss,3.9672427776319923,3.960102666536182,-3.960102666536182,-424.75100825027783,0.45262096774193544
B1_Q_proxy,C0_none,A14_A15_est_70b,63,provided_estimates_extrapolation_audit,metric/the_pile_uspto_backgrounds_val_loss,3.794222816658134,3.7883944991770564,-3.7883944991770564,-365.96918700683676,0.35623934916533245
B1_Q_proxy,C1_global,A4_A5_train_1m,512,base_fit,metric/the_pile_arxiv_val_loss,0.9901031037145648,0.7996945908403048,-2.0816681711721685e-17,0.046472019574052004,0.24353790798342892
B1_Q_proxy,C1_global,A4_A5_train_1m,512,base_fit,metric/the_pile_freelaw_val_loss,0.7459823915823591,0.6294511294526204,-3.122502256758253e-17,0.09384870461450567,0.26064841040958564
B1_Q_proxy,C1_global,A4_A5_train_1m,512,base_fit,metric/the_pile_pubmed_central_val_loss,0.806584288792185,0.6988327112491131,-2.0816681711721685e-17,0.10426554198740401,0.3066932635527174
B1_Q_proxy,C1_global,A4_A5_train_1m,512,base_fit,metric/the_pile_wikipedia_en_val_loss,0.5191737251532098,0.42746430938607977,4.5102810375396984e-17,0.03635604129270964,0.2881452704249207
B1_Q_proxy,C1_global,A4_A5_train_1m,512,base_fit,metric/the_pile_dm_mathematics_val_loss,1.532805658112794,1.4434996851618989,1.3877787807814457e-17,0.0006934758226057047,0.1240072212494707
B1_Q_proxy,C1_global,A4_A5_train_1m,512,base_fit,metric/the_pile_github_val_loss,0.8535603208954357,0.6938217363566128,1.3183898417423734e-16,0.34631275037509257,0.6229596358189995
B1_Q_proxy,C1_global,A4_A5_train_1m,512,base_fit,metric/the_pile_stackexchange_val_loss,0.6760446695042307,0.5605203435920143,7.632783294297951e-17,0.2401809474534572,0.5206567538995892
B1_Q_proxy,C1_global,A4_A5_train_1m,512,base_fit,metric/the_pile_gutenberg_pg_19_val_loss,0.4332139138896424,0.35204677293353615,3.122502256758253e-17,0.008612506979843948,0.032850837853766836
B1_Q_proxy,C1_global,A4_A5_train_1m,512,base_fit,metric/the_pile_pile_cc_val_loss,0.320125789122992,0.2619862609239151,2.949029909160572e-17,0.0018701172160932034,0.17339438779597396
B1_Q_proxy,C1_global,A4_A5_train_1m,512,base_fit,metric/the_pile_ubuntu_irc_val_loss,1.0223541092146844,0.9236176416244652,0.0,0.010256165284172503,0.18074152275666336
B1_Q_proxy,C1_global,A4_A5_train_1m,512,base_fit,metric/the_pile_hackernews_val_loss,0.3391943387541944,0.279135061052503,5.0306980803327406e-17,0.01830107043624385,0.18622317423124018
B1_Q_proxy,C1_global,A4_A5_train_1m,512,base_fit,metric/the_pile_pubmed_abstracts_val_loss,0.5298139392711804,0.41834174982862593,-5.551115123125783e-17,0.17876298806988433,0.34495699866103613
B1_Q_proxy,C1_global,A4_A5_train_1m,512,base_fit,metric/the_pile_uspto_backgrounds_val_loss,0.5054107909575123,0.4361551533187591,2.2551405187698492e-17,0.0935501727537853,0.20768039176136688
B1_Q_proxy,C1_global,A6_A7_test_1m,256,paired_calibration_member,metric/the_pile_arxiv_val_loss,0.7774127037067345,0.6575576210347924,-0.18150700138301126,0.005550096231919155,0.2485744735637445
B1_Q_proxy,C1_global,A6_A7_test_1m,256,paired_calibration_member,metric/the_pile_freelaw_val_loss,0.7320850795918336,0.6110534526515785,0.01540252857637174,0.013291587377702418,0.14352612153810937
B1_Q_proxy,C1_global,A6_A7_test_1m,256,paired_calibration_member,metric/the_pile_pubmed_central_val_loss,0.7779655123515827,0.695746213505561,-0.10844242590578203,0.1343892582499413,0.3968485351338979
B1_Q_proxy,C1_global,A6_A7_test_1m,256,paired_calibration_member,metric/the_pile_wikipedia_en_val_loss,0.5362845393231743,0.4489032025798418,0.012326960206654407,0.036583296046693414,0.21392051956969554
B1_Q_proxy,C1_global,A6_A7_test_1m,256,paired_calibration_member,metric/the_pile_dm_mathematics_val_loss,1.5430988452368863,1.4595480788613475,-0.13148900980100497,-0.012698247420857012,0.008652580682078276
B1_Q_proxy,C1_global,A6_A7_test_1m,256,paired_calibration_member,metric/the_pile_github_val_loss,0.7827347855256043,0.6498504889036735,-0.15919509638400892,0.2781570975013571,0.6138168059052413
B1_Q_proxy,C1_global,A6_A7_test_1m,256,paired_calibration_member,metric/the_pile_stackexchange_val_loss,0.6056544639544421,0.5093676707553988,-0.09770678503806676,0.16813248476700704,0.48591568436713195
B1_Q_proxy,C1_global,A6_A7_test_1m,256,paired_calibration_member,metric/the_pile_gutenberg_pg_19_val_loss,0.44553408774490244,0.3733711460558257,-0.019560771954621647,0.013849879976120416,0.15040770199130235
B1_Q_proxy,C1_global,A6_A7_test_1m,256,paired_calibration_member,metric/the_pile_pile_cc_val_loss,0.32103140628721183,0.2608705937854347,0.006942605795941831,-0.003344544320872167,0.07527466239414052
B1_Q_proxy,C1_global,A6_A7_test_1m,256,paired_calibration_member,metric/the_pile_ubuntu_irc_val_loss,1.0090009030197047,0.9234746945908875,-0.055695924638366284,-0.023364229385499424,0.045961604486152434
B1_Q_proxy,C1_global,A6_A7_test_1m,256,paired_calibration_member,metric/the_pile_hackernews_val_loss,0.33801222453644036,0.2870935498511186,-0.009829711941641922,-0.010254721945738066,0.0814660105287251
B1_Q_proxy,C1_global,A6_A7_test_1m,256,paired_calibration_member,metric/the_pile_pubmed_abstracts_val_loss,0.5148396976460783,0.41451845425544287,-0.04326250964895278,0.185063482583381,0.3958056763561455
B1_Q_proxy,C1_global,A6_A7_test_1m,256,paired_calibration_member,metric/the_pile_uspto_backgrounds_val_loss,0.4822387843817978,0.40748993434901976,-0.02962639298968994,0.10620110322778276,0.28075432021057445
B1_Q_proxy,C1_global,A8_A9_test_60m,256,paired_calibration_member,metric/the_pile_arxiv_val_loss,0.6525210030516756,0.5579426502706032,-0.31573564856807085,-0.31095654400309924,0.213363326848249
B1_Q_proxy,C1_global,A8_A9_test_60m,256,paired_calibration_member,metric/the_pile_freelaw_val_loss,0.6601878203253767,0.5392297140446276,0.1317267209908619,-0.050350316791828664,0.14223578049896998
B1_Q_proxy,C1_global,A8_A9_test_60m,256,paired_calibration_member,metric/the_pile_pubmed_central_val_loss,0.611480480133661,0.5257777693506915,-0.3129023431358836,-0.15573084982431484,0.3990057793545433
B1_Q_proxy,C1_global,A8_A9_test_60m,256,paired_calibration_member,metric/the_pile_wikipedia_en_val_loss,0.5048257529031084,0.41480752345055655,0.11938683062338291,-0.016547579092630382,0.22001602197299153
B1_Q_proxy,C1_global,A8_A9_test_60m,256,paired_calibration_member,metric/the_pile_dm_mathematics_val_loss,0.7711001537670137,0.7136982298373392,0.026845686434559986,-0.007432415998611219,0.022827019913023574
B1_Q_proxy,C1_global,A8_A9_test_60m,256,paired_calibration_member,metric/the_pile_github_val_loss,1.2993421460970869,1.1884762214074815,-1.139428993337564,-2.585805030690682,0.6141865987640192
B1_Q_proxy,C1_global,A8_A9_test_60m,256,paired_calibration_member,metric/the_pile_stackexchange_val_loss,0.57791103148076,0.4892743634183625,-0.261493131560728,-0.07916609565943045,0.4802471961547264
B1_Q_proxy,C1_global,A8_A9_test_60m,256,paired_calibration_member,metric/the_pile_gutenberg_pg_19_val_loss,0.6061940543052876,0.48581443205361075,0.47095019331300464,-1.480656481267102,0.13165555619134814
B1_Q_proxy,C1_global,A8_A9_test_60m,256,paired_calibration_member,metric/the_pile_pile_cc_val_loss,0.5096823606487736,0.4251946576475695,0.4014105282249947,-1.6376539664953653,0.08582913710231173
B1_Q_proxy,C1_global,A8_A9_test_60m,256,paired_calibration_member,metric/the_pile_ubuntu_irc_val_loss,0.8787367294701276,0.6699490378957869,-0.5227765349411445,-0.5641664347072202,0.1062700274662394
B1_Q_proxy,C1_global,A8_A9_test_60m,256,paired_calibration_member,metric/the_pile_hackernews_val_loss,0.5646982447468575,0.4787628335339493,0.47319706315998783,-2.360762391530727,0.11232833600366215
B1_Q_proxy,C1_global,A8_A9_test_60m,256,paired_calibration_member,metric/the_pile_pubmed_abstracts_val_loss,0.496277880313761,0.38286626381105104,0.07384489338582151,0.17689707273387711,0.3980079823758296
B1_Q_proxy,C1_global,A8_A9_test_60m,256,paired_calibration_member,metric/the_pile_uspto_backgrounds_val_loss,0.4102853610867383,0.3491064920878207,0.053331200304600604,0.09909317619600466,0.2843721389333943
B1_Q_proxy,C1_global,A10_A11_test_1b,64,external_retrospective_evaluation,metric/the_pile_arxiv_val_loss,0.7715449377435979,0.7619480515663752,-0.7619480515663752,-53.07925532100421,0.3063186813186813
B1_Q_proxy,C1_global,A10_A11_test_1b,64,external_retrospective_evaluation,metric/the_pile_freelaw_val_loss,0.8265932571844372,0.8100121318407643,-0.8100121318407643,-34.59489678967761,0.22440476190476188
B1_Q_proxy,C1_global,A10_A11_test_1b,64,external_retrospective_evaluation,metric/the_pile_pubmed_central_val_loss,0.927094528355045,0.9204434684627364,-0.9204434684627364,-312.0024555392983,0.5603479853479854
B1_Q_proxy,C1_global,A10_A11_test_1b,64,external_retrospective_evaluation,metric/the_pile_wikipedia_en_val_loss,0.8645439247723012,0.8517790256179991,-0.8517790256179991,-28.857679241721694,0.4005494505494505
B1_Q_proxy,C1_global,A10_A11_test_1b,64,external_retrospective_evaluation,metric/the_pile_dm_mathematics_val_loss,0.3157888213570173,0.24518007217501897,0.11477445339164835,-0.1284698243689919,0.1841575091575091
B1_Q_proxy,C1_global,A10_A11_test_1b,64,external_retrospective_evaluation,metric/the_pile_github_val_loss,1.8515112952910937,1.8344505030160771,-1.8344505030160771,-236.93812204830942,0.5547619047619047
B1_Q_proxy,C1_global,A10_A11_test_1b,64,external_retrospective_evaluation,metric/the_pile_stackexchange_val_loss,0.9872075822209457,0.9719322006031921,-0.9719322006031921,-57.38917156678713,0.433058608058608
B1_Q_proxy,C1_global,A10_A11_test_1b,64,external_retrospective_evaluation,metric/the_pile_gutenberg_pg_19_val_loss,0.2917955382645472,0.2177326048529991,-0.165986980662502,-0.45401621901641454,0.1624084249084249
B1_Q_proxy,C1_global,A10_A11_test_1b,64,external_retrospective_evaluation,metric/the_pile_pile_cc_val_loss,0.3008985268933291,0.2861940492562077,-0.284136608949276,-7.917070646602822,0.20380036630036627
B1_Q_proxy,C1_global,A10_A11_test_1b,64,external_retrospective_evaluation,metric/the_pile_ubuntu_irc_val_loss,1.5181433525470633,1.4602587492086334,-1.4602587492086334,-11.892014160114007,0.20650183150183146
B1_Q_proxy,C1_global,A10_A11_test_1b,64,external_retrospective_evaluation,metric/the_pile_hackernews_val_loss,0.2792843457103059,0.249252669317886,0.2021356000561479,-1.012248231844429,0.23791208791208784
B1_Q_proxy,C1_global,A10_A11_test_1b,64,external_retrospective_evaluation,metric/the_pile_pubmed_abstracts_val_loss,0.5029639157615277,0.4866574489002775,-0.4866574489002775,-18.779980355843787,0.3757783882783882
B1_Q_proxy,C1_global,A10_A11_test_1b,64,external_retrospective_evaluation,metric/the_pile_uspto_backgrounds_val_loss,0.35361185018501534,0.3235933079058494,-0.3235933079058494,-5.337860373358194,0.17706043956043954
B1_Q_proxy,C1_global,A12_A13_est_10b,63,provided_estimates_extrapolation_audit,metric/the_pile_arxiv_val_loss,0.3439263903979716,0.29079482011562896,-0.02128490942553931,-0.26519991821382516,0.10843894009216591
B1_Q_proxy,C1_global,A12_A13_est_10b,63,provided_estimates_extrapolation_audit,metric/the_pile_freelaw_val_loss,0.3625898602882001,0.3015316739959828,-0.2090184109695091,-0.3853979800428462,0.445084485407066
B1_Q_proxy,C1_global,A12_A13_est_10b,63,provided_estimates_extrapolation_audit,metric/the_pile_pubmed_central_val_loss,0.32202092964488666,0.27165763341180255,-0.11689407185485702,-0.6599961403080286,0.27923387096774194
B1_Q_proxy,C1_global,A12_A13_est_10b,63,provided_estimates_extrapolation_audit,metric/the_pile_wikipedia_en_val_loss,0.64597239172902,0.5989195919661163,-0.5989195919661163,-6.859988394596956,-0.005256462570220174
B1_Q_proxy,C1_global,A12_A13_est_10b,63,provided_estimates_extrapolation_audit,metric/the_pile_dm_mathematics_val_loss,0.8402858143381962,0.7286534684403692,0.7286534684403692,-2.938288292882367,0.18437980030721968
B1_Q_proxy,C1_global,A12_A13_est_10b,63,provided_estimates_extrapolation_audit,metric/the_pile_github_val_loss,0.574393261251313,0.48614112656500874,-0.3252678568348707,-3.4363129036932287,0.48449500768049153
B1_Q_proxy,C1_global,A12_A13_est_10b,63,provided_estimates_extrapolation_audit,metric/the_pile_stackexchange_val_loss,0.4219297683021234,0.3575606308184728,-0.2778224361160951,-3.9798686292271377,0.38028490167991025
B1_Q_proxy,C1_global,A12_A13_est_10b,63,provided_estimates_extrapolation_audit,metric/the_pile_gutenberg_pg_19_val_loss,0.40735321216266746,0.3508370466720512,-0.3480072808794239,-2.628320699239241,0.1597542242703533
B1_Q_proxy,C1_global,A12_A13_est_10b,63,provided_estimates_extrapolation_audit,metric/the_pile_pile_cc_val_loss,0.5594819931352856,0.5175959213615472,-0.5175959213615472,-6.081246304496597,-0.18625192012288788
B1_Q_proxy,C1_global,A12_A13_est_10b,63,provided_estimates_extrapolation_audit,metric/the_pile_ubuntu_irc_val_loss,1.0832258696244654,1.0351918882173405,-1.0351918882173405,-11.220779545244858,0.040034562211981574
B1_Q_proxy,C1_global,A12_A13_est_10b,63,provided_estimates_extrapolation_audit,metric/the_pile_hackernews_val_loss,0.35573627953571174,0.3124228283636976,-0.30734581355291646,-3.293687393021419,-0.13772081413210446
B1_Q_proxy,C1_global,A12_A13_est_10b,63,provided_estimates_extrapolation_audit,metric/the_pile_pubmed_abstracts_val_loss,0.38089133464999275,0.31423375009992666,-0.2908651998973005,-2.1433386081903145,0.4684619815668203
B1_Q_proxy,C1_global,A12_A13_est_10b,63,provided_estimates_extrapolation_audit,metric/the_pile_uspto_backgrounds_val_loss,0.26826397145291814,0.21658251033772483,-0.13945703253817457,-0.4334888791129843,0.35381088965309
B1_Q_proxy,C1_global,A14_A15_est_70b,63,provided_estimates_extrapolation_audit,metric/the_pile_arxiv_val_loss,0.42179117056467763,0.33879845807857484,0.3088848183668535,-2.1073918447141367,0.1419930875576037
B1_Q_proxy,C1_global,A14_A15_est_70b,63,provided_estimates_extrapolation_audit,metric/the_pile_freelaw_val_loss,0.28892116091792386,0.22931980391264156,0.11447988825145515,-0.23288596846389242,0.4608294930875576
B1_Q_proxy,C1_global,A14_A15_est_70b,63,provided_estimates_extrapolation_audit,metric/the_pile_pubmed_central_val_loss,0.34335231827245477,0.2834375014287957,0.20889787815975805,-1.827556157324298,0.3187403993855607
B1_Q_proxy,C1_global,A14_A15_est_70b,63,provided_estimates_extrapolation_audit,metric/the_pile_wikipedia_en_val_loss,0.3904369444857745,0.33189328221913206,-0.3188895467134059,-2.51335224392458,-0.04411482334869432
B1_Q_proxy,C1_global,A14_A15_est_70b,63,provided_estimates_extrapolation_audit,metric/the_pile_dm_mathematics_val_loss,1.1746718807757213,1.1304597041692697,1.1304597041692697,-12.213399068626225,0.1581221198156682
B1_Q_proxy,C1_global,A14_A15_est_70b,63,provided_estimates_extrapolation_audit,metric/the_pile_github_val_loss,0.4939477512282042,0.3881921432208205,-0.01384416078850965,-4.187054118606795,0.4157546082949309
B1_Q_proxy,C1_global,A14_A15_est_70b,63,provided_estimates_extrapolation_audit,metric/the_pile_stackexchange_val_loss,0.3289363923468576,0.2607452271705094,0.040502847231853316,-3.4937305244191483,0.3058312431965044
B1_Q_proxy,C1_global,A14_A15_est_70b,63,provided_estimates_extrapolation_audit,metric/the_pile_gutenberg_pg_19_val_loss,0.19383418598877808,0.1562844562835661,-0.038028029277507244,-0.01584823107897515,0.17425115207373273
B1_Q_proxy,C1_global,A14_A15_est_70b,63,provided_estimates_extrapolation_audit,metric/the_pile_pile_cc_val_loss,0.3059880219122325,0.2491289252854371,-0.233429368172329,-1.4495812073874252,-0.19863671274961597
B1_Q_proxy,C1_global,A14_A15_est_70b,63,provided_estimates_extrapolation_audit,metric/the_pile_ubuntu_irc_val_loss,0.8665275865262717,0.8226523191551065,-0.8226523191551065,-10.415592637509533,-0.009864749721689164
B1_Q_proxy,C1_global,A14_A15_est_70b,63,provided_estimates_extrapolation_audit,metric/the_pile_hackernews_val_loss,0.17034139147302477,0.1452904324086377,-0.0010491016335394928,-0.1154459442954745,-0.16685867895545317
B1_Q_proxy,C1_global,A14_A15_est_70b,63,provided_estimates_extrapolation_audit,metric/the_pile_pubmed_abstracts_val_loss,0.23847548954814307,0.18595869981116345,0.01638389297445744,-0.5383870901833414,0.45262096774193544
B1_Q_proxy,C1_global,A14_A15_est_70b,63,provided_estimates_extrapolation_audit,metric/the_pile_uspto_backgrounds_val_loss,0.28208602272133193,0.22728973869400082,0.18809206033358336,-1.0283695024667625,0.35623934916533245
B1_Q_proxy,C1_domain,A4_A5_train_1m,512,base_fit,metric/the_pile_arxiv_val_loss,0.9901031037145648,0.7996945908403048,-2.0816681711721685e-17,0.046472019574052004,0.24353790798342892
B1_Q_proxy,C1_domain,A4_A5_train_1m,512,base_fit,metric/the_pile_freelaw_val_loss,0.7459823915823591,0.6294511294526204,-3.122502256758253e-17,0.09384870461450567,0.26064841040958564
B1_Q_proxy,C1_domain,A4_A5_train_1m,512,base_fit,metric/the_pile_pubmed_central_val_loss,0.806584288792185,0.6988327112491131,-2.0816681711721685e-17,0.10426554198740401,0.3066932635527174
B1_Q_proxy,C1_domain,A4_A5_train_1m,512,base_fit,metric/the_pile_wikipedia_en_val_loss,0.5191737251532098,0.42746430938607977,4.5102810375396984e-17,0.03635604129270964,0.2881452704249207
B1_Q_proxy,C1_domain,A4_A5_train_1m,512,base_fit,metric/the_pile_dm_mathematics_val_loss,1.532805658112794,1.4434996851618989,1.3877787807814457e-17,0.0006934758226057047,0.1240072212494707
B1_Q_proxy,C1_domain,A4_A5_train_1m,512,base_fit,metric/the_pile_github_val_loss,0.8535603208954357,0.6938217363566128,1.3183898417423734e-16,0.34631275037509257,0.6229596358189995
B1_Q_proxy,C1_domain,A4_A5_train_1m,512,base_fit,metric/the_pile_stackexchange_val_loss,0.6760446695042307,0.5605203435920143,7.632783294297951e-17,0.2401809474534572,0.5206567538995892
B1_Q_proxy,C1_domain,A4_A5_train_1m,512,base_fit,metric/the_pile_gutenberg_pg_19_val_loss,0.4332139138896424,0.35204677293353615,3.122502256758253e-17,0.008612506979843948,0.032850837853766836
B1_Q_proxy,C1_domain,A4_A5_train_1m,512,base_fit,metric/the_pile_pile_cc_val_loss,0.320125789122992,0.2619862609239151,2.949029909160572e-17,0.0018701172160932034,0.17339438779597396
B1_Q_proxy,C1_domain,A4_A5_train_1m,512,base_fit,metric/the_pile_ubuntu_irc_val_loss,1.0223541092146844,0.9236176416244652,0.0,0.010256165284172503,0.18074152275666336
B1_Q_proxy,C1_domain,A4_A5_train_1m,512,base_fit,metric/the_pile_hackernews_val_loss,0.3391943387541944,0.279135061052503,5.0306980803327406e-17,0.01830107043624385,0.18622317423124018
B1_Q_proxy,C1_domain,A4_A5_train_1m,512,base_fit,metric/the_pile_pubmed_abstracts_val_loss,0.5298139392711804,0.41834174982862593,-5.551115123125783e-17,0.17876298806988433,0.34495699866103613
B1_Q_proxy,C1_domain,A4_A5_train_1m,512,base_fit,metric/the_pile_uspto_backgrounds_val_loss,0.5054107909575123,0.4361551533187591,2.2551405187698492e-17,0.0935501727537853,0.20768039176136688
B1_Q_proxy,C1_domain,A6_A7_test_1m,256,paired_calibration_member,metric/the_pile_arxiv_val_loss,0.7774127037067345,0.6575576210347924,-0.18150700138301126,0.005550096231919155,0.2485744735637445
B1_Q_proxy,C1_domain,A6_A7_test_1m,256,paired_calibration_member,metric/the_pile_freelaw_val_loss,0.7320850795918336,0.6110534526515785,0.01540252857637174,0.013291587377702418,0.14352612153810937
B1_Q_proxy,C1_domain,A6_A7_test_1m,256,paired_calibration_member,metric/the_pile_pubmed_central_val_loss,0.7779655123515827,0.695746213505561,-0.10844242590578203,0.1343892582499413,0.3968485351338979
B1_Q_proxy,C1_domain,A6_A7_test_1m,256,paired_calibration_member,metric/the_pile_wikipedia_en_val_loss,0.5362845393231743,0.4489032025798418,0.012326960206654407,0.036583296046693414,0.21392051956969554
B1_Q_proxy,C1_domain,A6_A7_test_1m,256,paired_calibration_member,metric/the_pile_dm_mathematics_val_loss,1.5430988452368863,1.4595480788613475,-0.13148900980100497,-0.012698247420857012,0.008652580682078276
B1_Q_proxy,C1_domain,A6_A7_test_1m,256,paired_calibration_member,metric/the_pile_github_val_loss,0.7827347855256043,0.6498504889036735,-0.15919509638400892,0.2781570975013571,0.6138168059052413
B1_Q_proxy,C1_domain,A6_A7_test_1m,256,paired_calibration_member,metric/the_pile_stackexchange_val_loss,0.6056544639544421,0.5093676707553988,-0.09770678503806676,0.16813248476700704,0.48591568436713195
B1_Q_proxy,C1_domain,A6_A7_test_1m,256,paired_calibration_member,metric/the_pile_gutenberg_pg_19_val_loss,0.44553408774490244,0.3733711460558257,-0.019560771954621647,0.013849879976120416,0.15040770199130235
B1_Q_proxy,C1_domain,A6_A7_test_1m,256,paired_calibration_member,metric/the_pile_pile_cc_val_loss,0.32103140628721183,0.2608705937854347,0.006942605795941831,-0.003344544320872167,0.07527466239414052
B1_Q_proxy,C1_domain,A6_A7_test_1m,256,paired_calibration_member,metric/the_pile_ubuntu_irc_val_loss,1.0090009030197047,0.9234746945908875,-0.055695924638366284,-0.023364229385499424,0.045961604486152434
B1_Q_proxy,C1_domain,A6_A7_test_1m,256,paired_calibration_member,metric/the_pile_hackernews_val_loss,0.33801222453644036,0.2870935498511186,-0.009829711941641922,-0.010254721945738066,0.0814660105287251
B1_Q_proxy,C1_domain,A6_A7_test_1m,256,paired_calibration_member,metric/the_pile_pubmed_abstracts_val_loss,0.5148396976460783,0.41451845425544287,-0.04326250964895278,0.185063482583381,0.3958056763561455
B1_Q_proxy,C1_domain,A6_A7_test_1m,256,paired_calibration_member,metric/the_pile_uspto_backgrounds_val_loss,0.4822387843817978,0.40748993434901976,-0.02962639298968994,0.10620110322778276,0.28075432021057445
B1_Q_proxy,C1_domain,A8_A9_test_60m,256,paired_calibration_member,metric/the_pile_arxiv_val_loss,0.5991990080081215,0.4979798490604944,-0.18150700138301123,-0.10545604014117016,0.213363326848249
B1_Q_proxy,C1_domain,A8_A9_test_60m,256,paired_calibration_member,metric/the_pile_freelaw_val_loss,0.6470960260807613,0.5291490641914767,0.015402528576371715,-0.009105609956233884,0.14223578049896998
B1_Q_proxy,C1_domain,A8_A9_test_60m,256,paired_calibration_member,metric/the_pile_pubmed_central_val_loss,0.5364329044539469,0.45945273312123214,-0.10844242590578203,0.11054838322265981,0.3990057793545433
B1_Q_proxy,C1_domain,A8_A9_test_60m,256,paired_calibration_member,metric/the_pile_wikipedia_en_val_loss,0.49066055416736976,0.41024366624717623,0.012326960206654422,0.039699849077603266,0.22001602197299153
B1_Q_proxy,C1_domain,A8_A9_test_60m,256,paired_calibration_member,metric/the_pile_dm_mathematics_val_loss,0.7817698612493438,0.7285909883864088,-0.13148900980100497,-0.03550497211690673,0.022827019913023574
B1_Q_proxy,C1_domain,A8_A9_test_60m,256,paired_calibration_member,metric/the_pile_github_val_loss,0.6444646308981143,0.526934858228452,-0.15919509638400894,0.11785942946518713,0.6141865987640192
B1_Q_proxy,C1_domain,A8_A9_test_60m,256,paired_calibration_member,metric/the_pile_stackexchange_val_loss,0.5245465835330496,0.4428837150741831,-0.09770678503806679,0.11093308543884028,0.4802471961547264
B1_Q_proxy,C1_domain,A8_A9_test_60m,256,paired_calibration_member,metric/the_pile_gutenberg_pg_19_val_loss,0.3821776690140154,0.3198560653216599,-0.01956077195462164,0.014006850638286883,0.13165555619134814
B1_Q_proxy,C1_domain,A8_A9_test_60m,256,paired_calibration_member,metric/the_pile_pile_cc_val_loss,0.31415584725081136,0.25649714636618554,0.006942605795941855,-0.0020950288842229714,0.08582913710231173
B1_Q_proxy,C1_domain,A8_A9_test_60m,256,paired_calibration_member,metric/the_pile_ubuntu_irc_val_loss,0.7085089768352334,0.6354391998101176,-0.05569592463836623,-0.01684818454217507,0.1062700274662394
B1_Q_proxy,C1_domain,A8_A9_test_60m,256,paired_calibration_member,metric/the_pile_hackernews_val_loss,0.3083265643336622,0.2596362727427466,-0.009829711941641908,-0.001905637321483633,0.11232833600366215
B1_Q_proxy,C1_domain,A8_A9_test_60m,256,paired_calibration_member,metric/the_pile_pubmed_abstracts_val_loss,0.4926563822287113,0.39880333045351624,-0.043262509648952785,0.1888661313141745,0.3980079823758296
B1_Q_proxy,C1_domain,A8_A9_test_60m,256,paired_calibration_member,metric/the_pile_uspto_backgrounds_val_loss,0.4078818257261843,0.34143358821903386,-0.029626392989689925,0.10961765036873106,0.2843721389333943
B1_Q_proxy,C1_domain,A10_A11_test_1b,64,external_retrospective_evaluation,metric/the_pile_arxiv_val_loss,0.5490543798839762,0.5354847844689903,-0.5354847844689903,-26.38665375329861,0.3063186813186813
B1_Q_proxy,C1_domain,A10_A11_test_1b,64,external_retrospective_evaluation,metric/the_pile_freelaw_val_loss,1.019662690064866,1.0062679774378007,-1.0062679774378007,-53.164791855891714,0.22440476190476188
B1_Q_proxy,C1_domain,A10_A11_test_1b,64,external_retrospective_evaluation,metric/the_pile_pubmed_central_val_loss,0.5860687886578744,0.5754898254259212,-0.5754898254259212,-124.08259876911369,0.5603479853479854
B1_Q_proxy,C1_domain,A10_A11_test_1b,64,external_retrospective_evaluation,metric/the_pile_wikipedia_en_val_loss,1.0429611551084366,1.0324046114228558,-1.0324046114228558,-42.45284221240527,0.4005494505494505
B1_Q_proxy,C1_domain,A10_A11_test_1b,64,external_retrospective_evaluation,metric/the_pile_dm_mathematics_val_loss,0.3313046011584333,0.30167482722905853,-0.15235922750541245,-0.24208518169175508,0.1841575091575091
B1_Q_proxy,C1_domain,A10_A11_test_1b,64,external_retrospective_evaluation,metric/the_pile_github_val_loss,0.30906474675140166,0.25594888825780876,-0.1806532288943187,-5.629949778566169,0.5547619047619047
B1_Q_proxy,C1_domain,A10_A11_test_1b,64,external_retrospective_evaluation,metric/the_pile_stackexchange_val_loss,0.7167894180171843,0.695600792090012,-0.695600792090012,-29.782119461554345,0.433058608058608
B1_Q_proxy,C1_domain,A10_A11_test_1b,64,external_retrospective_evaluation,metric/the_pile_gutenberg_pg_19_val_loss,1.022122947004239,0.9935503814054862,-0.9935503814054862,-16.840960590964958,0.1624084249084249
B1_Q_proxy,C1_domain,A10_A11_test_1b,64,external_retrospective_evaluation,metric/the_pile_pile_cc_val_loss,0.9548105128311442,0.9496614157011387,-0.9496614157011387,-88.78762178039574,0.20380036630036627
B1_Q_proxy,C1_domain,A10_A11_test_1b,64,external_retrospective_evaluation,metric/the_pile_ubuntu_irc_val_loss,0.7901209447825052,0.6722257679838857,-0.6722257679838857,-2.4920653145223843,0.20650183150183146
B1_Q_proxy,C1_domain,A10_A11_test_1b,64,external_retrospective_evaluation,metric/the_pile_hackernews_val_loss,0.6423907428100966,0.6128008824237551,-0.6128008824237551,-9.646011112269688,0.23791208791208784
B1_Q_proxy,C1_domain,A10_A11_test_1b,64,external_retrospective_evaluation,metric/the_pile_pubmed_abstracts_val_loss,0.6959269587418164,0.6842346848235561,-0.6842346848235561,-36.868623570726776,0.3757783882783882
B1_Q_proxy,C1_domain,A10_A11_test_1b,64,external_retrospective_evaluation,metric/the_pile_uspto_backgrounds_val_loss,0.48498639650004494,0.4635548437027478,-0.4635548437027478,-10.921973723859072,0.17706043956043954
B1_Q_proxy,C1_domain,A12_A13_est_10b,63,provided_estimates_extrapolation_audit,metric/the_pile_arxiv_val_loss,0.4434025054481453,0.33994302831066947,0.2806661133709733,-1.102928163467972,0.10843894009216591
B1_Q_proxy,C1_domain,A12_A13_est_10b,63,provided_estimates_extrapolation_audit,metric/the_pile_freelaw_val_loss,0.556178469729372,0.4893276738557324,-0.4706928717655582,-2.2596546150311925,0.445084485407066
B1_Q_proxy,C1_domain,A12_A13_est_10b,63,provided_estimates_extrapolation_audit,metric/the_pile_pubmed_central_val_loss,0.4557548930945198,0.37611066078616456,0.34304411886089603,-2.3250758713782576,0.27923387096774194
B1_Q_proxy,C1_domain,A12_A13_est_10b,63,provided_estimates_extrapolation_audit,metric/the_pile_wikipedia_en_val_loss,0.873934746192047,0.8397537063725925,-0.8397537063725925,-13.386395775618258,-0.005256462570220174
B1_Q_proxy,C1_domain,A12_A13_est_10b,63,provided_estimates_extrapolation_audit,metric/the_pile_dm_mathematics_val_loss,0.5602518787282281,0.45400717104126237,0.3724752272442872,-0.7507336686802508,0.18437980030721968
B1_Q_proxy,C1_domain,A12_A13_est_10b,63,provided_estimates_extrapolation_audit,metric/the_pile_github_val_loss,1.9384938331254544,1.8797951753274735,1.8797951753274735,-49.528027600835635,0.48449500768049153
B1_Q_proxy,C1_domain,A12_A13_est_10b,63,provided_estimates_extrapolation_audit,metric/the_pile_stackexchange_val_loss,0.33022917287928577,0.25990901099601943,0.09061944190147807,-2.050481709528316,0.38028490167991025
B1_Q_proxy,C1_domain,A12_A13_est_10b,63,provided_estimates_extrapolation_audit,metric/the_pile_gutenberg_pg_19_val_loss,1.4667864649358613,1.4514251485367364,-1.4514251485367364,-46.04323330983108,0.1597542242703533
B1_Q_proxy,C1_domain,A12_A13_est_10b,63,provided_estimates_extrapolation_audit,metric/the_pile_pile_cc_val_loss,1.4209270609621214,1.404962330364031,-1.404962330364031,-44.67526170514133,-0.18625192012288788
B1_Q_proxy,C1_domain,A12_A13_est_10b,63,provided_estimates_extrapolation_audit,metric/the_pile_ubuntu_irc_val_loss,0.31936948962020834,0.25445379116382294,0.015518753415655904,-0.062301296957097296,0.040034562211981574
B1_Q_proxy,C1_domain,A12_A13_est_10b,63,provided_estimates_extrapolation_audit,metric/the_pile_hackernews_val_loss,1.405390172066517,1.3939277901927876,-1.3939277901927876,-66.01436841876675,-0.13772081413210446
B1_Q_proxy,C1_domain,A12_A13_est_10b,63,provided_estimates_extrapolation_audit,metric/the_pile_pubmed_abstracts_val_loss,0.6064040016644509,0.554301514461672,-0.554301514461672,-6.9673353802630995,0.4684619815668203
B1_Q_proxy,C1_domain,A12_A13_est_10b,63,provided_estimates_extrapolation_audit,metric/the_pile_uspto_backgrounds_val_loss,0.39854800635146675,0.33724340395445324,-0.32607241360070643,-2.1639594632542516,0.35381088965309
B1_Q_proxy,C1_domain,A14_A15_est_70b,63,provided_estimates_extrapolation_audit,metric/the_pile_arxiv_val_loss,0.7332285667842205,0.6746303955497744,0.6746303955497744,-8.390307338110139,0.1419930875576037
B1_Q_proxy,C1_domain,A14_A15_est_70b,63,provided_estimates_extrapolation_audit,metric/the_pile_freelaw_val_loss,0.33371818622240795,0.27371595274367017,-0.20247971602972617,-0.6448411270985615,0.4608294930875576
B1_Q_proxy,C1_domain,A14_A15_est_70b,63,provided_estimates_extrapolation_audit,metric/the_pile_pubmed_central_val_loss,0.8130330345613384,0.7660092847509086,0.7660092847509086,-14.85432128242169,0.3187403993855607
B1_Q_proxy,C1_domain,A14_A15_est_70b,63,provided_estimates_extrapolation_audit,metric/the_pile_wikipedia_en_val_loss,0.6508378229228347,0.6106057706332532,-0.6106057706332532,-8.762598985973542,-0.04411482334869432
B1_Q_proxy,C1_domain,A14_A15_est_70b,63,provided_estimates_extrapolation_audit,metric/the_pile_dm_mathematics_val_loss,0.7684776749568422,0.6990300795905543,0.6990300795905543,-4.655147238812998,0.1581221198156682
B1_Q_proxy,C1_domain,A14_A15_est_70b,63,provided_estimates_extrapolation_audit,metric/the_pile_github_val_loss,2.7025789874639505,2.6570924830209073,2.6570924830209073,-154.28000831412365,0.4157546082949309
B1_Q_proxy,C1_domain,A14_A15_est_70b,63,provided_estimates_extrapolation_audit,metric/the_pile_stackexchange_val_loss,0.5861060934073353,0.49686307162630655,0.48678710249238233,-13.267098140974479,0.3058312431965044
B1_Q_proxy,C1_domain,A14_A15_est_70b,63,provided_estimates_extrapolation_audit,metric/the_pile_gutenberg_pg_19_val_loss,1.3876484254928512,1.3745699662532962,-1.3745699662532962,-51.06273434864822,0.17425115207373273
B1_Q_proxy,C1_domain,A14_A15_est_70b,63,provided_estimates_extrapolation_audit,metric/the_pile_pile_cc_val_loss,1.3231475437514233,1.3082736804304351,-1.3082736804304351,-44.80359218271814,-0.19863671274961597
B1_Q_proxy,C1_domain,A14_A15_est_70b,63,provided_estimates_extrapolation_audit,metric/the_pile_ubuntu_irc_val_loss,0.5259802760375181,0.4544385146731382,0.4500466984444319,-3.2060322014473073,-0.009864749721689164
B1_Q_proxy,C1_domain,A14_A15_est_70b,63,provided_estimates_extrapolation_audit,metric/the_pile_hackernews_val_loss,1.3281664290342627,1.3171981529667045,-1.3171981529667045,-66.81302926565519,-0.16685867895545317
B1_Q_proxy,C1_domain,A14_A15_est_70b,63,provided_estimates_extrapolation_audit,metric/the_pile_pubmed_abstracts_val_loss,0.3850134414556634,0.3171777705845764,-0.3027097998666471,-3.0098664836926297,0.45262096774193544
B1_Q_proxy,C1_domain,A14_A15_est_70b,63,provided_estimates_extrapolation_audit,metric/the_pile_uspto_backgrounds_val_loss,0.2136214723595153,0.17351891664426655,-0.03795039392206316,-0.16325183197484971,0.35623934916533245
B1_Q_proxy,C2_mixture_conditioned,A4_A5_train_1m,512,base_fit,metric/the_pile_arxiv_val_loss,0.9901031037145648,0.7996945908403048,-2.0816681711721685e-17,0.046472019574052004,0.24353790798342892
B1_Q_proxy,C2_mixture_conditioned,A4_A5_train_1m,512,base_fit,metric/the_pile_freelaw_val_loss,0.7459823915823591,0.6294511294526204,-3.122502256758253e-17,0.09384870461450567,0.26064841040958564
B1_Q_proxy,C2_mixture_conditioned,A4_A5_train_1m,512,base_fit,metric/the_pile_pubmed_central_val_loss,0.806584288792185,0.6988327112491131,-2.0816681711721685e-17,0.10426554198740401,0.3066932635527174
B1_Q_proxy,C2_mixture_conditioned,A4_A5_train_1m,512,base_fit,metric/the_pile_wikipedia_en_val_loss,0.5191737251532098,0.42746430938607977,4.5102810375396984e-17,0.03635604129270964,0.2881452704249207
B1_Q_proxy,C2_mixture_conditioned,A4_A5_train_1m,512,base_fit,metric/the_pile_dm_mathematics_val_loss,1.532805658112794,1.4434996851618989,1.3877787807814457e-17,0.0006934758226057047,0.1240072212494707
B1_Q_proxy,C2_mixture_conditioned,A4_A5_train_1m,512,base_fit,metric/the_pile_github_val_loss,0.8535603208954357,0.6938217363566128,1.3183898417423734e-16,0.34631275037509257,0.6229596358189995
B1_Q_proxy,C2_mixture_conditioned,A4_A5_train_1m,512,base_fit,metric/the_pile_stackexchange_val_loss,0.6760446695042307,0.5605203435920143,7.632783294297951e-17,0.2401809474534572,0.5206567538995892
B1_Q_proxy,C2_mixture_conditioned,A4_A5_train_1m,512,base_fit,metric/the_pile_gutenberg_pg_19_val_loss,0.4332139138896424,0.35204677293353615,3.122502256758253e-17,0.008612506979843948,0.032850837853766836
B1_Q_proxy,C2_mixture_conditioned,A4_A5_train_1m,512,base_fit,metric/the_pile_pile_cc_val_loss,0.320125789122992,0.2619862609239151,2.949029909160572e-17,0.0018701172160932034,0.17339438779597396
B1_Q_proxy,C2_mixture_conditioned,A4_A5_train_1m,512,base_fit,metric/the_pile_ubuntu_irc_val_loss,1.0223541092146844,0.9236176416244652,0.0,0.010256165284172503,0.18074152275666336
B1_Q_proxy,C2_mixture_conditioned,A4_A5_train_1m,512,base_fit,metric/the_pile_hackernews_val_loss,0.3391943387541944,0.279135061052503,5.0306980803327406e-17,0.01830107043624385,0.18622317423124018
B1_Q_proxy,C2_mixture_conditioned,A4_A5_train_1m,512,base_fit,metric/the_pile_pubmed_abstracts_val_loss,0.5298139392711804,0.41834174982862593,-5.551115123125783e-17,0.17876298806988433,0.34495699866103613
B1_Q_proxy,C2_mixture_conditioned,A4_A5_train_1m,512,base_fit,metric/the_pile_uspto_backgrounds_val_loss,0.5054107909575123,0.4361551533187591,2.2551405187698492e-17,0.0935501727537853,0.20768039176136688
B1_Q_proxy,C2_mixture_conditioned,A6_A7_test_1m,256,paired_calibration_member,metric/the_pile_arxiv_val_loss,0.7774127037067345,0.6575576210347924,-0.18150700138301126,0.005550096231919155,0.2485744735637445
B1_Q_proxy,C2_mixture_conditioned,A6_A7_test_1m,256,paired_calibration_member,metric/the_pile_freelaw_val_loss,0.7320850795918336,0.6110534526515785,0.01540252857637174,0.013291587377702418,0.14352612153810937
B1_Q_proxy,C2_mixture_conditioned,A6_A7_test_1m,256,paired_calibration_member,metric/the_pile_pubmed_central_val_loss,0.7779655123515827,0.695746213505561,-0.10844242590578203,0.1343892582499413,0.3968485351338979
B1_Q_proxy,C2_mixture_conditioned,A6_A7_test_1m,256,paired_calibration_member,metric/the_pile_wikipedia_en_val_loss,0.5362845393231743,0.4489032025798418,0.012326960206654407,0.036583296046693414,0.21392051956969554
B1_Q_proxy,C2_mixture_conditioned,A6_A7_test_1m,256,paired_calibration_member,metric/the_pile_dm_mathematics_val_loss,1.5430988452368863,1.4595480788613475,-0.13148900980100497,-0.012698247420857012,0.008652580682078276
B1_Q_proxy,C2_mixture_conditioned,A6_A7_test_1m,256,paired_calibration_member,metric/the_pile_github_val_loss,0.7827347855256043,0.6498504889036735,-0.15919509638400892,0.2781570975013571,0.6138168059052413
B1_Q_proxy,C2_mixture_conditioned,A6_A7_test_1m,256,paired_calibration_member,metric/the_pile_stackexchange_val_loss,0.6056544639544421,0.5093676707553988,-0.09770678503806676,0.16813248476700704,0.48591568436713195
B1_Q_proxy,C2_mixture_conditioned,A6_A7_test_1m,256,paired_calibration_member,metric/the_pile_gutenberg_pg_19_val_loss,0.44553408774490244,0.3733711460558257,-0.019560771954621647,0.013849879976120416,0.15040770199130235
B1_Q_proxy,C2_mixture_conditioned,A6_A7_test_1m,256,paired_calibration_member,metric/the_pile_pile_cc_val_loss,0.32103140628721183,0.2608705937854347,0.006942605795941831,-0.003344544320872167,0.07527466239414052
B1_Q_proxy,C2_mixture_conditioned,A6_A7_test_1m,256,paired_calibration_member,metric/the_pile_ubuntu_irc_val_loss,1.0090009030197047,0.9234746945908875,-0.055695924638366284,-0.023364229385499424,0.045961604486152434
B1_Q_proxy,C2_mixture_conditioned,A6_A7_test_1m,256,paired_calibration_member,metric/the_pile_hackernews_val_loss,0.33801222453644036,0.2870935498511186,-0.009829711941641922,-0.010254721945738066,0.0814660105287251
B1_Q_proxy,C2_mixture_conditioned,A6_A7_test_1m,256,paired_calibration_member,metric/the_pile_pubmed_abstracts_val_loss,0.5148396976460783,0.41451845425544287,-0.04326250964895278,0.185063482583381,0.3958056763561455
B1_Q_proxy,C2_mixture_conditioned,A6_A7_test_1m,256,paired_calibration_member,metric/the_pile_uspto_backgrounds_val_loss,0.4822387843817978,0.40748993434901976,-0.02962639298968994,0.10620110322778276,0.28075432021057445
B1_Q_proxy,C2_mixture_conditioned,A8_A9_test_60m,256,paired_calibration_member,metric/the_pile_arxiv_val_loss,0.6893272929422217,0.5617994174260195,-0.18150700138301126,-0.46301996860004935,-0.36582527466239406
B1_Q_proxy,C2_mixture_conditioned,A8_A9_test_60m,256,paired_calibration_member,metric/the_pile_freelaw_val_loss,0.7004370259946556,0.5714630668821331,0.015402528576371838,-0.18232628787404415,-0.10362854772259096
B1_Q_proxy,C2_mixture_conditioned,A8_A9_test_60m,256,paired_calibration_member,metric/the_pile_pubmed_central_val_loss,0.6789781420836947,0.5790371192676147,-0.10844242590578196,-0.4249613905712164,-0.2388768883039597
B1_Q_proxy,C2_mixture_conditioned,A8_A9_test_60m,256,paired_calibration_member,metric/the_pile_wikipedia_en_val_loss,0.525703626417566,0.43869977750498185,0.012326960206654304,-0.10236813963484126,-0.01661349851224536
B1_Q_proxy,C2_mixture_conditioned,A8_A9_test_60m,256,paired_calibration_member,metric/the_pile_dm_mathematics_val_loss,1.1819788306796177,1.0205817420003622,-0.13148900980100503,-1.3670843726922044,-0.6485644598306247
B1_Q_proxy,C2_mixture_conditioned,A8_A9_test_60m,256,paired_calibration_member,metric/the_pile_github_val_loss,0.6877712791926285,0.574411689478906,-0.15919509638400908,-0.004679852037207333,0.47651064316777286
B1_Q_proxy,C2_mixture_conditioned,A8_A9_test_60m,256,paired_calibration_member,metric/the_pile_stackexchange_val_loss,0.5633670344270093,0.4716100340446299,-0.09770678503806676,-0.025531924700552322,0.35475223163195235
B1_Q_proxy,C2_mixture_conditioned,A8_A9_test_60m,256,paired_calibration_member,metric/the_pile_gutenberg_pg_19_val_loss,0.42318166470232177,0.3522646123903029,-0.019560771954621668,-0.20891834604938708,-0.519350108720531
B1_Q_proxy,C2_mixture_conditioned,A8_A9_test_60m,256,paired_calibration_member,metric/the_pile_pile_cc_val_loss,0.32190630983484014,0.2628089774453041,0.006942605795942053,-0.052149836270715566,-0.2574781128404669
B1_Q_proxy,C2_mixture_conditioned,A8_A9_test_60m,256,paired_calibration_member,metric/the_pile_ubuntu_irc_val_loss,0.9051865790549242,0.7837099504357141,-0.055695924638366215,-0.6597459425437813,-0.4867103456168459
B1_Q_proxy,C2_mixture_conditioned,A8_A9_test_60m,256,paired_calibration_member,metric/the_pile_hackernews_val_loss,0.33231451571415327,0.2793157447443252,-0.009829711941641762,-0.16386754240122436,-0.2854679274433508
B1_Q_proxy,C2_mixture_conditioned,A8_A9_test_60m,256,paired_calibration_member,metric/the_pile_pubmed_abstracts_val_loss,0.5140602574744685,0.41335825734541465,-0.04326250964895289,0.11685428151814248,0.3072041657129777
B1_Q_proxy,C2_mixture_conditioned,A8_A9_test_60m,256,paired_calibration_member,metric/the_pile_uspto_backgrounds_val_loss,0.4480483996866172,0.37230831810598103,-0.029626392989689658,-0.07437945287197212,0.04823972877088578
B1_Q_proxy,C2_mixture_conditioned,A10_A11_test_1b,64,external_retrospective_evaluation,metric/the_pile_arxiv_val_loss,0.6128938202414134,0.5694489875748079,-0.5694489875748079,-33.125477369159995,-0.6783882783882783
B1_Q_proxy,C2_mixture_conditioned,A10_A11_test_1b,64,external_retrospective_evaluation,metric/the_pile_freelaw_val_loss,1.0154444098460238,0.9899714162181963,-0.9899714162181963,-52.717566192156305,-0.14885531135531135
B1_Q_proxy,C2_mixture_conditioned,A10_A11_test_1b,64,external_retrospective_evaluation,metric/the_pile_pubmed_central_val_loss,0.6300528697434271,0.5930366882100511,-0.5930366882100511,-143.5618498273292,-0.37619047619047613
B1_Q_proxy,C2_mixture_conditioned,A10_A11_test_1b,64,external_retrospective_evaluation,metric/the_pile_wikipedia_en_val_loss,1.0537456341404532,1.0392852806972523,-1.0392852806972523,-43.35611472274406,-0.0944139194139194
B1_Q_proxy,C2_mixture_conditioned,A10_A11_test_1b,64,external_retrospective_evaluation,metric/the_pile_dm_mathematics_val_loss,0.747826408217028,0.6032597250794838,0.05711211626123052,-5.328460018728323,-0.5908424908424907
B1_Q_proxy,C2_mixture_conditioned,A10_A11_test_1b,64,external_retrospective_evaluation,metric/the_pile_github_val_loss,0.27915331413710176,0.21184000422980032,-0.06330557072886402,-4.408749577444938,0.1683150183150183
B1_Q_proxy,C2_mixture_conditioned,A10_A11_test_1b,64,external_retrospective_evaluation,metric/the_pile_stackexchange_val_loss,0.6838891219787374,0.6582325271367226,-0.6582325271367226,-27.021200690404015,0.1628205128205128
B1_Q_proxy,C2_mixture_conditioned,A10_A11_test_1b,64,external_retrospective_evaluation,metric/the_pile_gutenberg_pg_19_val_loss,1.0217464218072982,0.978953659185091,-0.978953659185091,-16.827818661366354,-0.4975274725274725
B1_Q_proxy,C2_mixture_conditioned,A10_A11_test_1b,64,external_retrospective_evaluation,metric/the_pile_pile_cc_val_loss,0.9554915844234383,0.9497702532767796,-0.9497702532767796,-88.91575947404151,-0.3141483516483516
B1_Q_proxy,C2_mixture_conditioned,A10_A11_test_1b,64,external_retrospective_evaluation,metric/the_pile_ubuntu_irc_val_loss,0.945486650300117,0.6027001036627,-0.5739359041428216,-4.0004145682293935,-0.4548076923076923
B1_Q_proxy,C2_mixture_conditioned,A10_A11_test_1b,64,external_retrospective_evaluation,metric/the_pile_hackernews_val_loss,0.6308394919744064,0.5959232769816789,-0.5959232769816789,-9.266587525609456,-0.09597069597069595
B1_Q_proxy,C2_mixture_conditioned,A10_A11_test_1b,64,external_retrospective_evaluation,metric/the_pile_pubmed_abstracts_val_loss,0.6953163962342689,0.6817077237885361,-0.6817077237885361,-36.802205625715615,0.2889652014652014
B1_Q_proxy,C2_mixture_conditioned,A10_A11_test_1b,64,external_retrospective_evaluation,metric/the_pile_uspto_backgrounds_val_loss,0.48148978832718564,0.4502346623384558,-0.4502346623384558,-10.750685632028528,-0.10888278388278388
B1_Q_proxy,C2_mixture_conditioned,A12_A13_est_10b,63,provided_estimates_extrapolation_audit,metric/the_pile_arxiv_val_loss,0.6545722375464449,0.5496058887931948,0.20346017179084583,-3.582930961357855,-0.5632200460829494
B1_Q_proxy,C2_mixture_conditioned,A12_A13_est_10b,63,provided_estimates_extrapolation_audit,metric/the_pile_freelaw_val_loss,0.6779276268005725,0.5499855414024077,-0.5122845308060966,-3.842949106748544,-0.3209965437788018
B1_Q_proxy,C2_mixture_conditioned,A12_A13_est_10b,63,provided_estimates_extrapolation_audit,metric/the_pile_pubmed_central_val_loss,0.709164525691965,0.6050720848399181,0.3674504413272121,-7.050685943233551,-0.41292242703533033
B1_Q_proxy,C2_mixture_conditioned,A12_A13_est_10b,63,provided_estimates_extrapolation_audit,metric/the_pile_wikipedia_en_val_loss,0.8880743611610035,0.8402044791966382,-0.8402044791966382,-13.855684071569074,-0.3187000456958149
B1_Q_proxy,C2_mixture_conditioned,A12_A13_est_10b,63,provided_estimates_extrapolation_audit,metric/the_pile_dm_mathematics_val_loss,1.3841086359665153,1.1377542956194808,0.5930494632629757,-9.685474136437524,-0.5821812596006144
B1_Q_proxy,C2_mixture_conditioned,A12_A13_est_10b,63,provided_estimates_extrapolation_audit,metric/the_pile_github_val_loss,2.024538176291108,1.9580213033810587,1.9580213033810587,-54.11317605967697,0.09715821812596005
B1_Q_proxy,C2_mixture_conditioned,A12_A13_est_10b,63,provided_estimates_extrapolation_audit,metric/the_pile_stackexchange_val_loss,0.3692361760603658,0.30865887577185086,0.10541450956759885,-2.813695734125529,-0.0007680583724916138
B1_Q_proxy,C2_mixture_conditioned,A12_A13_est_10b,63,provided_estimates_extrapolation_audit,metric/the_pile_gutenberg_pg_19_val_loss,1.5093702749328226,1.4744078372176483,-1.4744078372176483,-48.81440664170733,-0.5093605990783411
B1_Q_proxy,C2_mixture_conditioned,A12_A13_est_10b,63,provided_estimates_extrapolation_audit,metric/the_pile_pile_cc_val_loss,1.4306557690472617,1.412490732473076,-1.412490732473076,-45.302855494605375,-0.15701804915514594
B1_Q_proxy,C2_mixture_conditioned,A12_A13_est_10b,63,provided_estimates_extrapolation_audit,metric/the_pile_ubuntu_irc_val_loss,0.5802261517964825,0.46803874223603675,0.08017178508612344,-2.5063515913076047,-0.24054339477726575
B1_Q_proxy,C2_mixture_conditioned,A12_A13_est_10b,63,provided_estimates_extrapolation_audit,metric/the_pile_hackernews_val_loss,1.4285267900832077,1.4098320602544614,-1.4098320602544614,-68.2390153848504,-0.39756144393241166
B1_Q_proxy,C2_mixture_conditioned,A12_A13_est_10b,63,provided_estimates_extrapolation_audit,metric/the_pile_pubmed_abstracts_val_loss,0.6070297705425164,0.547449535752628,-0.5440969540585621,-6.983787392355269,0.3155721966205838
B1_Q_proxy,C2_mixture_conditioned,A12_A13_est_10b,63,provided_estimates_extrapolation_audit,metric/the_pile_uspto_backgrounds_val_loss,0.4567353794033801,0.3584211981446616,-0.3349763588816972,-3.155267016356741,-0.09624731480285535
B1_Q_proxy,C2_mixture_conditioned,A14_A15_est_70b,63,provided_estimates_extrapolation_audit,metric/the_pile_arxiv_val_loss,0.8645136357018681,0.7829206201963744,0.5811128064929414,-12.054034262996577,-0.5108966973886329
B1_Q_proxy,C2_mixture_conditioned,A14_A15_est_70b,63,provided_estimates_extrapolation_audit,metric/the_pile_freelaw_val_loss,0.5051678381971807,0.3972998115767036,-0.2528586324542896,-2.769082066583534,-0.37821620583717364
B1_Q_proxy,C2_mixture_conditioned,A14_A15_est_70b,63,provided_estimates_extrapolation_audit,metric/the_pile_pubmed_central_val_loss,1.0240591020595642,0.9134728349594873,0.7955720410372836,-24.152509115151567,-0.34610215053763443
B1_Q_proxy,C2_mixture_conditioned,A14_A15_est_70b,63,provided_estimates_extrapolation_audit,metric/the_pile_wikipedia_en_val_loss,0.6717029811835373,0.6121401886429803,-0.6111517802648221,-9.398589512003317,-0.3657834101382489
B1_Q_proxy,C2_mixture_conditioned,A14_A15_est_70b,63,provided_estimates_extrapolation_audit,metric/the_pile_dm_mathematics_val_loss,1.6778433511147786,1.4442878857407788,0.9662060292435015,-25.957786448478423,-0.581221198156682
B1_Q_proxy,C2_mixture_conditioned,A14_A15_est_70b,63,provided_estimates_extrapolation_audit,metric/the_pile_github_val_loss,2.8056418731593507,2.7518457979484903,2.7518457979484903,-166.34903917872796,-0.10234254992319508
B1_Q_proxy,C2_mixture_conditioned,A14_A15_est_70b,63,provided_estimates_extrapolation_audit,metric/the_pile_stackexchange_val_loss,0.6212090298946332,0.5237680787768177,0.5047079908301321,-15.027238352393159,-0.07248550890389606
B1_Q_proxy,C2_mixture_conditioned,A14_A15_est_70b,63,provided_estimates_extrapolation_audit,metric/the_pile_gutenberg_pg_19_val_loss,1.439362461392245,1.4024083112238326,-1.4024083112238326,-55.01552662889872,-0.45506912442396313
B1_Q_proxy,C2_mixture_conditioned,A14_A15_est_70b,63,provided_estimates_extrapolation_audit,metric/the_pile_pile_cc_val_loss,1.3351038975515561,1.317392642006179,-1.317392642006179,-45.63512195833491,-0.13388056835637482
B1_Q_proxy,C2_mixture_conditioned,A14_A15_est_70b,63,provided_estimates_extrapolation_audit,metric/the_pile_ubuntu_irc_val_loss,0.7990096710231853,0.6768866255181941,0.5283592677013221,-8.70594325434509,-0.21474432058382717
B1_Q_proxy,C2_mixture_conditioned,A14_A15_est_70b,63,provided_estimates_extrapolation_audit,metric/the_pile_hackernews_val_loss,1.3563055371963193,1.3364625898926226,-1.3364625898926226,-69.71690046551517,-0.3487423195084486
B1_Q_proxy,C2_mixture_conditioned,A14_A15_est_70b,63,provided_estimates_extrapolation_audit,metric/the_pile_pubmed_abstracts_val_loss,0.3916635110815601,0.32056261948235015,-0.29034927596456794,-3.1495820318591488,0.2907066052227343
B1_Q_proxy,C2_mixture_conditioned,A14_A15_est_70b,63,provided_estimates_extrapolation_audit,metric/the_pile_uspto_backgrounds_val_loss,0.3094166040735494,0.23786965225939913,-0.0487355158793941,-1.44045704352727,-0.11777836453000179
M1_Q_proxy,C0_none,A4_A5_train_1m,512,base_fit,metric/the_pile_arxiv_val_loss,0.7129392778743538,0.5594345099145699,1.8561541192951836e-16,0.5056008885738776,0.789059728373445
M1_Q_proxy,C0_none,A4_A5_train_1m,512,base_fit,metric/the_pile_freelaw_val_loss,0.4894662354664851,0.4242939748996435,3.885780586188048e-16,0.6098882422160785,0.8220947452821552
M1_Q_proxy,C0_none,A4_A5_train_1m,512,base_fit,metric/the_pile_pubmed_central_val_loss,0.5744430396598831,0.49182468756963404,1.0859368959614812e-15,0.5456676009027523,0.8018468510030785
M1_Q_proxy,C0_none,A4_A5_train_1m,512,base_fit,metric/the_pile_wikipedia_en_val_loss,0.2957174124383381,0.24422929484401118,1.3149203947904198e-15,0.687359679258568,0.8686310703985992
M1_Q_proxy,C0_none,A4_A5_train_1m,512,base_fit,metric/the_pile_dm_mathematics_val_loss,1.1766483607382658,1.0865452652051055,2.896988204881268e-16,0.4111320453625159,0.7516281070827753
M1_Q_proxy,C0_none,A4_A5_train_1m,512,base_fit,metric/the_pile_github_val_loss,0.6959256489513821,0.5596196669978348,-3.677613769070831e-16,0.5654624972769378,0.8305741343942047
M1_Q_proxy,C0_none,A4_A5_train_1m,512,base_fit,metric/the_pile_stackexchange_val_loss,0.5127183743709756,0.4134013979606629,7.112366251504909e-16,0.5629640560356344,0.8247158099300762
M1_Q_proxy,C0_none,A4_A5_train_1m,512,base_fit,metric/the_pile_gutenberg_pg_19_val_loss,0.24885592641566506,0.19211376055171425,7.424616477180734e-16,0.672859270564943,0.8745165746844278
M1_Q_proxy,C0_none,A4_A5_train_1m,512,base_fit,metric/the_pile_pile_cc_val_loss,0.1598271586897805,0.12909648887642897,-3.7643499428696714e-16,0.7512019960612765,0.8901779634588756
M1_Q_proxy,C0_none,A4_A5_train_1m,512,base_fit,metric/the_pile_ubuntu_irc_val_loss,0.6814269452482322,0.6074614858408743,-6.123573870198129e-16,0.560297721066626,0.7929011133713278
M1_Q_proxy,C0_none,A4_A5_train_1m,512,base_fit,metric/the_pile_hackernews_val_loss,0.20050799934613364,0.15952099362464967,-9.367506770274758e-17,0.6569601810656746,0.8392391330781291
M1_Q_proxy,C0_none,A4_A5_train_1m,512,base_fit,metric/the_pile_pubmed_abstracts_val_loss,0.30365431862681264,0.22848509143568102,-2.3245294578089215e-16,0.7302380590031246,0.9169177223881622
M1_Q_proxy,C0_none,A4_A5_train_1m,512,base_fit,metric/the_pile_uspto_backgrounds_val_loss,0.3894668348855635,0.34975842685101977,3.3480163086352377e-16,0.4617355315983718,0.7332288877158649
M1_Q_proxy,C0_none,A6_A7_test_1m,256,external_retrospective_evaluation,metric/the_pile_arxiv_val_loss,0.5736311333570985,0.4860573601898528,-0.1712517179251723,0.45856656355955183,0.7384341382467382
M1_Q_proxy,C0_none,A6_A7_test_1m,256,external_retrospective_evaluation,metric/the_pile_freelaw_val_loss,0.49110567979978326,0.427759062974401,-0.027266339222801323,0.5559666055115307,0.7530799382009612
M1_Q_proxy,C0_none,A6_A7_test_1m,256,external_retrospective_evaluation,metric/the_pile_pubmed_central_val_loss,0.5424961976475002,0.47139151330734497,-0.054492728448836215,0.5790840873508252,0.8257560368505377
M1_Q_proxy,C0_none,A6_A7_test_1m,256,external_retrospective_evaluation,metric/the_pile_wikipedia_en_val_loss,0.30045234148304006,0.25063067338898165,0.01001872815045846,0.6976048619583599,0.8737196726939801
M1_Q_proxy,C0_none,A6_A7_test_1m,256,external_retrospective_evaluation,metric/the_pile_dm_mathematics_val_loss,1.170797592803984,1.0723260871602585,-0.05633192486923063,0.4170165747520388,0.7547314888990615
M1_Q_proxy,C0_none,A6_A7_test_1m,256,external_retrospective_evaluation,metric/the_pile_github_val_loss,0.6134796534420465,0.501554844420788,-0.1486462337119047,0.5565815614469155,0.8334530212863354
M1_Q_proxy,C0_none,A6_A7_test_1m,256,external_retrospective_evaluation,metric/the_pile_stackexchange_val_loss,0.4484426122880001,0.37212658010106164,-0.0995804494821797,0.543944111351764,0.8116538395513847
M1_Q_proxy,C0_none,A6_A7_test_1m,256,external_retrospective_evaluation,metric/the_pile_gutenberg_pg_19_val_loss,0.2682221943953394,0.21241969268952213,-0.01962566762268988,0.6425868068304508,0.8826304646372166
M1_Q_proxy,C0_none,A6_A7_test_1m,256,external_retrospective_evaluation,metric/the_pile_pile_cc_val_loss,0.16174236465340197,0.12733843005741957,-0.0009833735431051364,0.7453154339497474,0.894631208514534
M1_Q_proxy,C0_none,A6_A7_test_1m,256,external_retrospective_evaluation,metric/the_pile_ubuntu_irc_val_loss,0.6532527739280094,0.5781902573797912,-0.04056351752540177,0.5710470608816293,0.7628576333257037
M1_Q_proxy,C0_none,A6_A7_test_1m,256,external_retrospective_evaluation,metric/the_pile_hackernews_val_loss,0.20055834251962895,0.16559370130954038,-0.01585289392306259,0.6443297516574786,0.8355852311741816
M1_Q_proxy,C0_none,A6_A7_test_1m,256,external_retrospective_evaluation,metric/the_pile_pubmed_abstracts_val_loss,0.2759729995457446,0.21400494687357022,-0.011135254110340043,0.765839889833836,0.9211890592812999
M1_Q_proxy,C0_none,A6_A7_test_1m,256,external_retrospective_evaluation,metric/the_pile_uspto_backgrounds_val_loss,0.37872606525722036,0.33690870412794754,-0.02121058263381359,0.4487280004538734,0.6958006694895856
M1_Q_proxy,C0_none,A8_A9_test_60m,256,external_retrospective_evaluation,metric/the_pile_arxiv_val_loss,1.8197504671481826,1.7648511537985019,-1.7648511537985019,-9.195839367304156,0.7535455767910275
M1_Q_proxy,C0_none,A8_A9_test_60m,256,external_retrospective_evaluation,metric/the_pile_freelaw_val_loss,1.4354733467504779,1.3703129354965813,-1.3703129354965813,-3.9658022540228393,0.745499542229343
M1_Q_proxy,C0_none,A8_A9_test_60m,256,external_retrospective_evaluation,metric/the_pile_pubmed_central_val_loss,1.7576011676472942,1.7183234343672078,-1.7183234343672078,-8.548434538924358,0.8453235866330968
M1_Q_proxy,C0_none,A8_A9_test_60m,256,external_retrospective_evaluation,metric/the_pile_wikipedia_en_val_loss,1.3702698417552055,1.3422921901210831,-1.3422921901210831,-6.489570376265457,0.8750486381322956
M1_Q_proxy,C0_none,A8_A9_test_60m,256,external_retrospective_evaluation,metric/the_pile_dm_mathematics_val_loss,1.5299855712223147,1.395275156260369,-1.3573680173219356,-2.9661488730696055,0.7396257724879833
M1_Q_proxy,C0_none,A8_A9_test_60m,256,external_retrospective_evaluation,metric/the_pile_github_val_loss,2.6340695581946463,2.5882509193537295,-2.5882509193537295,-13.736491547408638,0.8352154383154038
M1_Q_proxy,C0_none,A8_A9_test_60m,256,external_retrospective_evaluation,metric/the_pile_stackexchange_val_loss,1.7639546064173297,1.722737584693111,-1.722737584693111,-9.054052137068918,0.8109321355001143
M1_Q_proxy,C0_none,A8_A9_test_60m,256,external_retrospective_evaluation,metric/the_pile_gutenberg_pg_19_val_loss,1.0112932179025607,0.9884854910433336,-0.9884854910433336,-5.903947376692554,0.8858606088349736
M1_Q_proxy,C0_none,A8_A9_test_60m,256,external_retrospective_evaluation,metric/the_pile_pile_cc_val_loss,1.0781120338485102,1.0658862398023223,-1.0658862398023223,-10.801749713823284,0.88587920576791
M1_Q_proxy,C0_none,A8_A9_test_60m,256,external_retrospective_evaluation,metric/the_pile_ubuntu_irc_val_loss,2.0264522116780195,1.96701491651645,-1.96701491651645,-7.318368134073687,0.7577463378347445
M1_Q_proxy,C0_none,A8_A9_test_60m,256,external_retrospective_evaluation,metric/the_pile_hackernews_val_loss,1.0089467008190731,0.992196907509703,-0.992196907509703,-9.728558708616339,0.8308301384756235
M1_Q_proxy,C0_none,A8_A9_test_60m,256,external_retrospective_evaluation,metric/the_pile_pubmed_abstracts_val_loss,1.3798397652420789,1.3533986397638356,-1.3533986397638356,-5.362995589376554,0.9181498912794689
M1_Q_proxy,C0_none,A8_A9_test_60m,256,external_retrospective_evaluation,metric/the_pile_uspto_backgrounds_val_loss,1.4321744023375167,1.3976237780277931,-1.3976237780277931,-9.977403991352338,0.6715459773403524
M1_Q_proxy,C0_none,A10_A11_test_1b,64,external_retrospective_evaluation,metric/the_pile_arxiv_val_loss,3.22265661962013,3.2116622699070536,-3.2116622699070536,-942.4878603032165,0.8449633699633698
M1_Q_proxy,C0_none,A10_A11_test_1b,64,external_retrospective_evaluation,metric/the_pile_freelaw_val_loss,3.3684315591566483,3.363918961787391,-3.363918961787391,-590.0979821230529,0.6890567765567766
M1_Q_proxy,C0_none,A10_A11_test_1b,64,external_retrospective_evaluation,metric/the_pile_pubmed_central_val_loss,3.3846052320075235,3.371471302050934,-3.371471302050934,-4170.725765753674,0.7817765567765567
M1_Q_proxy,C0_none,A10_A11_test_1b,64,external_retrospective_evaluation,metric/the_pile_wikipedia_en_val_loss,3.3118542580808223,3.309330940135859,-3.309330940135859,-437.15155297152734,0.7723443223443223
M1_Q_proxy,C0_none,A10_A11_test_1b,64,external_retrospective_evaluation,metric/the_pile_dm_mathematics_val_loss,2.630063162977787,2.585753833788954,-2.585753833788954,-77.2760321318824,0.6696428571428571
M1_Q_proxy,C0_none,A10_A11_test_1b,64,external_retrospective_evaluation,metric/the_pile_github_val_loss,4.427205543788046,4.419948201199544,-4.419948201199544,-1359.4126734419797,0.6818223443223442
M1_Q_proxy,C0_none,A10_A11_test_1b,64,external_retrospective_evaluation,metric/the_pile_stackexchange_val_loss,3.5322640592153505,3.528656637238754,-3.528656637238754,-746.5180325013602,0.7321886446886445
M1_Q_proxy,C0_none,A10_A11_test_1b,64,external_retrospective_evaluation,metric/the_pile_gutenberg_pg_19_val_loss,2.682292998549589,2.6758351711990924,-2.6758351711990924,-121.86392608270565,0.5828296703296703
M1_Q_proxy,C0_none,A10_A11_test_1b,64,external_retrospective_evaluation,metric/the_pile_pile_cc_val_loss,2.69567825378637,2.693730683549709,-2.693730683549709,-714.6788691543734,0.8597985347985347
M1_Q_proxy,C0_none,A10_A11_test_1b,64,external_retrospective_evaluation,metric/the_pile_ubuntu_irc_val_loss,4.086473132032063,4.043551793547288,-4.043551793547288,-92.40981349762319,0.652106227106227
M1_Q_proxy,C0_none,A10_A11_test_1b,64,external_retrospective_evaluation,metric/the_pile_hackernews_val_loss,2.3164095877169864,2.3103082255710943,-2.3103082255710943,-137.426447964494,0.5578754578754578
M1_Q_proxy,C0_none,A10_A11_test_1b,64,external_retrospective_evaluation,metric/the_pile_pubmed_abstracts_val_loss,3.014721816069184,3.007853273345897,-3.007853273345897,-709.6351521486046,0.6462912087912087
M1_Q_proxy,C0_none,A10_A11_test_1b,64,external_retrospective_evaluation,metric/the_pile_uspto_backgrounds_val_loss,2.82647866746318,2.8234689450484813,-2.8234689450484813,-403.9304816464717,0.48040293040293036
M1_Q_proxy,C0_none,A12_A13_est_10b,63,provided_estimates_extrapolation_audit,metric/the_pile_arxiv_val_loss,3.377705777108717,3.342261013213073,-3.342261013213073,-121.03145377641877,0.6634024577572966
M1_Q_proxy,C0_none,A12_A13_est_10b,63,provided_estimates_extrapolation_audit,metric/the_pile_freelaw_val_loss,3.4557981430423133,3.4297890237071655,-3.4297890237071655,-124.8461616346897,0.7241743471582182
M1_Q_proxy,C0_none,A12_A13_est_10b,63,provided_estimates_extrapolation_audit,metric/the_pile_pubmed_central_val_loss,3.4599592817229365,3.4377802339599053,-3.4377802339599053,-190.63765816688195,0.6858198924731184
M1_Q_proxy,C0_none,A12_A13_est_10b,63,provided_estimates_extrapolation_audit,metric/the_pile_wikipedia_en_val_loss,3.8830653020053463,3.87132188127722,-3.87132188127722,-283.01637436440046,0.3920264984447767
M1_Q_proxy,C0_none,A12_A13_est_10b,63,provided_estimates_extrapolation_audit,metric/the_pile_dm_mathematics_val_loss,2.7776970562445533,2.712590180317208,-2.710971836139709,-42.03513778981437,0.6406009984639017
M1_Q_proxy,C0_none,A12_A13_est_10b,63,provided_estimates_extrapolation_audit,metric/the_pile_github_val_loss,3.676206195642791,3.643429773127034,-3.643429773127034,-180.7202072217418,0.5903897849462366
M1_Q_proxy,C0_none,A12_A13_est_10b,63,provided_estimates_extrapolation_audit,metric/the_pile_stackexchange_val_loss,3.586025793080073,3.56872958594538,-3.56872958594538,-358.71982192319024,0.5126069581657311
M1_Q_proxy,C0_none,A12_A13_est_10b,63,provided_estimates_extrapolation_audit,metric/the_pile_gutenberg_pg_19_val_loss,3.5927713763154148,3.582395917671552,-3.582395917671552,-281.2425842648563,0.5168970814132104
M1_Q_proxy,C0_none,A12_A13_est_10b,63,provided_estimates_extrapolation_audit,metric/the_pile_pile_cc_val_loss,3.8059719010372763,3.7971392951249845,-3.7971392951249845,-326.69410522021406,0.16690668202764977
M1_Q_proxy,C0_none,A12_A13_est_10b,63,provided_estimates_extrapolation_audit,metric/the_pile_ubuntu_irc_val_loss,4.449425562641232,4.429869455533529,-4.429869455533529,-205.19054869522554,0.480270737327189
M1_Q_proxy,C0_none,A12_A13_est_10b,63,provided_estimates_extrapolation_audit,metric/the_pile_hackernews_val_loss,3.5834455478454483,3.572374462871027,-3.572374462871027,-434.68812556317795,0.1807315668202765
M1_Q_proxy,C0_none,A12_A13_est_10b,63,provided_estimates_extrapolation_audit,metric/the_pile_pubmed_abstracts_val_loss,3.6429821900861605,3.6266772031230836,-3.6266772031230836,-286.5431843412964,0.3258928571428572
M1_Q_proxy,C0_none,A12_A13_est_10b,63,provided_estimates_extrapolation_audit,metric/the_pile_uspto_backgrounds_val_loss,3.444496903915243,3.437677374945403,-3.437677374945403,-235.331290298871,0.36235553904705914
M1_Q_proxy,C0_none,A14_A15_est_70b,63,provided_estimates_extrapolation_audit,metric/the_pile_arxiv_val_loss,3.743249128435114,3.705683235435295,-3.705683235435295,-243.73637172223488,0.6268721198156683
M1_Q_proxy,C0_none,A14_A15_est_70b,63,provided_estimates_extrapolation_audit,metric/the_pile_freelaw_val_loss,3.8273718418181897,3.7998826745008154,-3.7998826745008154,-215.35429556952698,0.672571044546851
M1_Q_proxy,C0_none,A14_A15_est_70b,63,provided_estimates_extrapolation_audit,metric/the_pile_pubmed_central_val_loss,3.8295340151374377,3.8055802339599056,-3.8055802339599056,-350.74111329641767,0.5998943932411674
M1_Q_proxy,C0_none,A14_A15_est_70b,63,provided_estimates_extrapolation_audit,metric/the_pile_wikipedia_en_val_loss,4.296402449757606,4.284883786039126,-4.284883786039126,-424.4316480032902,0.31955645161290325
M1_Q_proxy,C0_none,A14_A15_est_70b,63,provided_estimates_extrapolation_audit,metric/the_pile_dm_mathematics_val_loss,3.0666637029366743,3.002757550425424,-3.002757550425424,-89.05621957173186,0.6131432411674348
M1_Q_proxy,C0_none,A14_A15_est_70b,63,provided_estimates_extrapolation_audit,metric/the_pile_github_val_loss,4.059918406410672,4.025598027095287,-4.025598027095287,-349.4236145890078,0.4933755760368664
M1_Q_proxy,C0_none,A14_A15_est_70b,63,provided_estimates_extrapolation_audit,metric/the_pile_stackexchange_val_loss,3.962396145296422,3.9439962526120462,-3.9439962526120462,-651.0771179355015,0.4051027878410455
M1_Q_proxy,C0_none,A14_A15_est_70b,63,provided_estimates_extrapolation_audit,metric/the_pile_gutenberg_pg_19_val_loss,3.9764530731650694,3.96600861608425,-3.96600861608425,-426.5233134739526,0.4409562211981567
M1_Q_proxy,C0_none,A14_A15_est_70b,63,provided_estimates_extrapolation_audit,metric/the_pile_pile_cc_val_loss,4.214743237228183,4.2065646919503825,-4.2065646919503825,-463.7562451936578,0.10805491551459294
M1_Q_proxy,C0_none,A14_A15_est_70b,63,provided_estimates_extrapolation_audit,metric/the_pile_ubuntu_irc_val_loss,4.930346003094081,4.910921836485911,-4.910921836485911,-368.5629905002093,0.3686680187959746
M1_Q_proxy,C0_none,A14_A15_est_70b,63,provided_estimates_extrapolation_audit,metric/the_pile_hackernews_val_loss,3.9703236031663804,3.959669700966264,-3.959669700966264,-604.9823274517021,0.09639016897081412
M1_Q_proxy,C0_none,A14_A15_est_70b,63,provided_estimates_extrapolation_audit,metric/the_pile_pubmed_abstracts_val_loss,4.0289642215036485,4.013020060265942,-4.013020060265942,-438.1015298613224,0.21865399385560677
M1_Q_proxy,C0_none,A14_A15_est_70b,63,provided_estimates_extrapolation_audit,metric/the_pile_uspto_backgrounds_val_loss,3.80952911449874,3.80372023208826,-3.80372023208826,-368.9359444231714,0.32489259064155374
M1_Q_proxy,C1_global,A4_A5_train_1m,512,base_fit,metric/the_pile_arxiv_val_loss,0.7129392778743538,0.5594345099145699,1.8561541192951836e-16,0.5056008885738776,0.789059728373445
M1_Q_proxy,C1_global,A4_A5_train_1m,512,base_fit,metric/the_pile_freelaw_val_loss,0.4894662354664851,0.4242939748996435,3.885780586188048e-16,0.6098882422160785,0.8220947452821552
M1_Q_proxy,C1_global,A4_A5_train_1m,512,base_fit,metric/the_pile_pubmed_central_val_loss,0.5744430396598831,0.49182468756963404,1.0859368959614812e-15,0.5456676009027523,0.8018468510030785
M1_Q_proxy,C1_global,A4_A5_train_1m,512,base_fit,metric/the_pile_wikipedia_en_val_loss,0.2957174124383381,0.24422929484401118,1.3149203947904198e-15,0.687359679258568,0.8686310703985992
M1_Q_proxy,C1_global,A4_A5_train_1m,512,base_fit,metric/the_pile_dm_mathematics_val_loss,1.1766483607382658,1.0865452652051055,2.896988204881268e-16,0.4111320453625159,0.7516281070827753
M1_Q_proxy,C1_global,A4_A5_train_1m,512,base_fit,metric/the_pile_github_val_loss,0.6959256489513821,0.5596196669978348,-3.677613769070831e-16,0.5654624972769378,0.8305741343942047
M1_Q_proxy,C1_global,A4_A5_train_1m,512,base_fit,metric/the_pile_stackexchange_val_loss,0.5127183743709756,0.4134013979606629,7.112366251504909e-16,0.5629640560356344,0.8247158099300762
M1_Q_proxy,C1_global,A4_A5_train_1m,512,base_fit,metric/the_pile_gutenberg_pg_19_val_loss,0.24885592641566506,0.19211376055171425,7.424616477180734e-16,0.672859270564943,0.8745165746844278
M1_Q_proxy,C1_global,A4_A5_train_1m,512,base_fit,metric/the_pile_pile_cc_val_loss,0.1598271586897805,0.12909648887642897,-3.7643499428696714e-16,0.7512019960612765,0.8901779634588756
M1_Q_proxy,C1_global,A4_A5_train_1m,512,base_fit,metric/the_pile_ubuntu_irc_val_loss,0.6814269452482322,0.6074614858408743,-6.123573870198129e-16,0.560297721066626,0.7929011133713278
M1_Q_proxy,C1_global,A4_A5_train_1m,512,base_fit,metric/the_pile_hackernews_val_loss,0.20050799934613364,0.15952099362464967,-9.367506770274758e-17,0.6569601810656746,0.8392391330781291
M1_Q_proxy,C1_global,A4_A5_train_1m,512,base_fit,metric/the_pile_pubmed_abstracts_val_loss,0.30365431862681264,0.22848509143568102,-2.3245294578089215e-16,0.7302380590031246,0.9169177223881622
M1_Q_proxy,C1_global,A4_A5_train_1m,512,base_fit,metric/the_pile_uspto_backgrounds_val_loss,0.3894668348855635,0.34975842685101977,3.3480163086352377e-16,0.4617355315983718,0.7332288877158649
M1_Q_proxy,C1_global,A6_A7_test_1m,256,paired_calibration_member,metric/the_pile_arxiv_val_loss,0.5736311333570985,0.4860573601898528,-0.1712517179251723,0.45856656355955183,0.7384341382467382
M1_Q_proxy,C1_global,A6_A7_test_1m,256,paired_calibration_member,metric/the_pile_freelaw_val_loss,0.49110567979978326,0.427759062974401,-0.027266339222801323,0.5559666055115307,0.7530799382009612
M1_Q_proxy,C1_global,A6_A7_test_1m,256,paired_calibration_member,metric/the_pile_pubmed_central_val_loss,0.5424961976475002,0.47139151330734497,-0.054492728448836215,0.5790840873508252,0.8257560368505377
M1_Q_proxy,C1_global,A6_A7_test_1m,256,paired_calibration_member,metric/the_pile_wikipedia_en_val_loss,0.30045234148304006,0.25063067338898165,0.01001872815045846,0.6976048619583599,0.8737196726939801
M1_Q_proxy,C1_global,A6_A7_test_1m,256,paired_calibration_member,metric/the_pile_dm_mathematics_val_loss,1.170797592803984,1.0723260871602585,-0.05633192486923063,0.4170165747520388,0.7547314888990615
M1_Q_proxy,C1_global,A6_A7_test_1m,256,paired_calibration_member,metric/the_pile_github_val_loss,0.6134796534420465,0.501554844420788,-0.1486462337119047,0.5565815614469155,0.8334530212863354
M1_Q_proxy,C1_global,A6_A7_test_1m,256,paired_calibration_member,metric/the_pile_stackexchange_val_loss,0.4484426122880001,0.37212658010106164,-0.0995804494821797,0.543944111351764,0.8116538395513847
M1_Q_proxy,C1_global,A6_A7_test_1m,256,paired_calibration_member,metric/the_pile_gutenberg_pg_19_val_loss,0.2682221943953394,0.21241969268952213,-0.01962566762268988,0.6425868068304508,0.8826304646372166
M1_Q_proxy,C1_global,A6_A7_test_1m,256,paired_calibration_member,metric/the_pile_pile_cc_val_loss,0.16174236465340197,0.12733843005741957,-0.0009833735431051364,0.7453154339497474,0.894631208514534
M1_Q_proxy,C1_global,A6_A7_test_1m,256,paired_calibration_member,metric/the_pile_ubuntu_irc_val_loss,0.6532527739280094,0.5781902573797912,-0.04056351752540177,0.5710470608816293,0.7628576333257037
M1_Q_proxy,C1_global,A6_A7_test_1m,256,paired_calibration_member,metric/the_pile_hackernews_val_loss,0.20055834251962895,0.16559370130954038,-0.01585289392306259,0.6443297516574786,0.8355852311741816
M1_Q_proxy,C1_global,A6_A7_test_1m,256,paired_calibration_member,metric/the_pile_pubmed_abstracts_val_loss,0.2759729995457446,0.21400494687357022,-0.011135254110340043,0.765839889833836,0.9211890592812999
M1_Q_proxy,C1_global,A6_A7_test_1m,256,paired_calibration_member,metric/the_pile_uspto_backgrounds_val_loss,0.37872606525722036,0.33690870412794754,-0.02121058263381359,0.4487280004538734,0.6958006694895856
M1_Q_proxy,C1_global,A8_A9_test_60m,256,paired_calibration_member,metric/the_pile_arxiv_val_loss,0.5386189943642958,0.44585306491276533,-0.30548036511023186,0.10677136946418808,0.7535455767910275
M1_Q_proxy,C1_global,A8_A9_test_60m,256,paired_calibration_member,metric/the_pile_freelaw_val_loss,0.43675792981567313,0.3648771938160336,0.08905785319168884,0.540293385468485,0.745499542229343
M1_Q_proxy,C1_global,A8_A9_test_60m,256,paired_calibration_member,metric/the_pile_pubmed_central_val_loss,0.45120163133984553,0.37763773174693716,-0.25895264567893783,0.37073607829151056,0.8453235866330968
M1_Q_proxy,C1_global,A8_A9_test_60m,256,paired_calibration_member,metric/the_pile_wikipedia_en_val_loss,0.2993301084191803,0.24667885011863683,0.11707859856718697,0.6426074353029096,0.8750486381322956
M1_Q_proxy,C1_global,A8_A9_test_60m,256,paired_calibration_member,metric/the_pile_dm_mathematics_val_loss,0.71331092734263,0.5784610970260603,0.10200277136633443,0.1379110157299318,0.7396257724879833
M1_Q_proxy,C1_global,A8_A9_test_60m,256,paired_calibration_member,metric/the_pile_github_val_loss,1.2303048261644653,1.1391662233175932,-1.12888013066546,-2.2148822889630075,0.8352154383154038
M1_Q_proxy,C1_global,A8_A9_test_60m,256,paired_calibration_member,metric/the_pile_stackexchange_val_loss,0.46159845864616816,0.39158407431414344,-0.263366796004841,0.3115141430097922,0.8109321355001143
M1_Q_proxy,C1_global,A8_A9_test_60m,256,paired_calibration_member,metric/the_pile_gutenberg_pg_19_val_loss,0.5170525796383727,0.47088529764493636,0.47088529764493636,-0.8047319272498128,0.8858606088349736
M1_Q_proxy,C1_global,A8_A9_test_60m,256,paired_calibration_member,metric/the_pile_pile_cc_val_loss,0.4254905069928292,0.3934845488859477,0.3934845488859477,-0.8382237079226078,0.88587920576791
M1_Q_proxy,C1_global,A8_A9_test_60m,256,paired_calibration_member,metric/the_pile_ubuntu_irc_val_loss,0.7036074508807826,0.5814580893975138,-0.5076441278281799,-0.0028275646549107414,0.7577463378347445
M1_Q_proxy,C1_global,A8_A9_test_60m,256,paired_calibration_member,metric/the_pile_hackernews_val_loss,0.5017670545953773,0.4671738811785671,0.4671738811785671,-1.6534396735704195,0.8308301384756235
M1_Q_proxy,C1_global,A8_A9_test_60m,256,paired_calibration_member,metric/the_pile_pubmed_abstracts_val_loss,0.288963658573836,0.21924626858003823,0.10597214892443425,0.7209443863086166,0.9181498912794689
M1_Q_proxy,C1_global,A8_A9_test_60m,256,paired_calibration_member,metric/the_pile_uspto_backgrounds_val_loss,0.31872242959610836,0.2808857541509142,0.06174701066047694,0.4563328558324018,0.6715459773403524
M1_Q_proxy,C1_global,A10_A11_test_1b,64,external_retrospective_evaluation,metric/the_pile_arxiv_val_loss,0.7952850935212802,0.7534803909935379,-0.7494913127850356,-56.4584538063194,0.8449633699633698
M1_Q_proxy,C1_global,A10_A11_test_1b,64,external_retrospective_evaluation,metric/the_pile_freelaw_val_loss,0.9184388118800912,0.9017480046653727,-0.9017480046653727,-42.94449496241297,0.6890567765567766
M1_Q_proxy,C1_global,A10_A11_test_1b,64,external_retrospective_evaluation,metric/the_pile_pubmed_central_val_loss,0.95684949352943,0.9244276119647561,-0.9093003449289162,-332.416410369284,0.7817765567765567
M1_Q_proxy,C1_global,A10_A11_test_1b,64,external_retrospective_evaluation,metric/the_pile_wikipedia_en_val_loss,0.8569640553999895,0.8471599830138412,-0.8471599830138412,-28.336421302116158,0.7723443223443223
M1_Q_proxy,C1_global,A10_A11_test_1b,64,external_retrospective_evaluation,metric/the_pile_dm_mathematics_val_loss,0.496368894778597,0.380519242402071,-0.12358287666693556,-1.7880821280790435,0.6696428571428571
M1_Q_proxy,C1_global,A10_A11_test_1b,64,external_retrospective_evaluation,metric/the_pile_github_val_loss,1.9741070292890195,1.9577772440775258,-1.9577772440775258,-269.49091793322,0.6818223443223442
M1_Q_proxy,C1_global,A10_A11_test_1b,64,external_retrospective_evaluation,metric/the_pile_stackexchange_val_loss,1.07836145442493,1.066485680116736,-1.066485680116736,-68.66971925514066,0.7321886446886445
M1_Q_proxy,C1_global,A10_A11_test_1b,64,external_retrospective_evaluation,metric/the_pile_gutenberg_pg_19_val_loss,0.28329183366141075,0.2319106914617713,-0.2136642140770741,-0.3705032442456144,0.5828296703296703
M1_Q_proxy,C1_global,A10_A11_test_1b,64,external_retrospective_evaluation,metric/the_pile_pile_cc_val_loss,0.2532116887957981,0.24082114700918567,-0.23155972642769082,-5.314654358345483,0.8597985347985347
M1_Q_proxy,C1_global,A10_A11_test_1b,64,external_retrospective_evaluation,metric/the_pile_ubuntu_irc_val_loss,1.688110453001679,1.638137863545628,-1.5813808364252702,-14.940316032617128,0.652106227106227
M1_Q_proxy,C1_global,A10_A11_test_1b,64,external_retrospective_evaluation,metric/the_pile_hackernews_val_loss,0.22647642296678505,0.19655408075703035,0.1518627315509239,-0.32322702283877214,0.5578754578754578
M1_Q_proxy,C1_global,A10_A11_test_1b,64,external_retrospective_evaluation,metric/the_pile_pubmed_abstracts_val_loss,0.5823534189350209,0.568559124881866,-0.545682316223879,-25.517065292319515,0.6462912087912087
M1_Q_proxy,C1_global,A10_A11_test_1b,64,external_retrospective_evaluation,metric/the_pile_uspto_backgrounds_val_loss,0.3841106742215836,0.3612979879264636,-0.3612979879264636,-6.478281315807542,0.48040293040293036
M1_Q_proxy,C1_global,A12_A13_est_10b,63,provided_estimates_extrapolation_audit,metric/the_pile_arxiv_val_loss,0.4916421525457518,0.3826911981175736,-0.05936640371704847,-1.585391845807762,0.6634024577572966
M1_Q_proxy,C1_global,A12_A13_est_10b,63,provided_estimates_extrapolation_audit,metric/the_pile_freelaw_val_loss,0.44795761768161246,0.3671911448455489,-0.14689441421114086,-1.1145457830024093,0.7241743471582182
M1_Q_proxy,C1_global,A12_A13_est_10b,63,provided_estimates_extrapolation_audit,metric/the_pile_pubmed_central_val_loss,0.4206837896102499,0.3506205809252071,-0.15488562446388118,-1.8330251785669094,0.6858198924731184
M1_Q_proxy,C1_global,A12_A13_est_10b,63,provided_estimates_extrapolation_audit,metric/the_pile_wikipedia_en_val_loss,0.6612939477705375,0.595435593419295,-0.5884272717811957,-7.237265927539692,0.3920264984447767
M1_Q_proxy,C1_global,A12_A13_est_10b,63,provided_estimates_extrapolation_audit,metric/the_pile_dm_mathematics_val_loss,0.8326633765277132,0.6115137075101631,0.5719227733563155,-2.8671620150831263,0.6406009984639017
M1_Q_proxy,C1_global,A12_A13_est_10b,63,provided_estimates_extrapolation_audit,metric/the_pile_github_val_loss,0.6081916518568559,0.49638572386493646,-0.36053516363100946,-3.973755213506662,0.5903897849462366
M1_Q_proxy,C1_global,A12_A13_est_10b,63,provided_estimates_extrapolation_audit,metric/the_pile_stackexchange_val_loss,0.45326787311201017,0.3714440580148221,-0.2858349764493553,-4.747082452480332,0.5126069581657311
M1_Q_proxy,C1_global,A12_A13_est_10b,63,provided_estimates_extrapolation_audit,metric/the_pile_gutenberg_pg_19_val_loss,0.40515020069156493,0.3464903095554501,-0.29950130817552706,-2.58918209549611,0.5168970814132104
M1_Q_proxy,C1_global,A12_A13_est_10b,63,provided_estimates_extrapolation_audit,metric/the_pile_pile_cc_val_loss,0.5758497040032766,0.5142446856289605,-0.5142446856289605,-6.501632243662045,0.16690668202764977
M1_Q_proxy,C1_global,A12_A13_est_10b,63,provided_estimates_extrapolation_audit,metric/the_pile_ubuntu_irc_val_loss,1.220326080135579,1.1506661252366257,-1.1469748460375053,-14.510030396389844,0.480270737327189
M1_Q_proxy,C1_global,A12_A13_est_10b,63,provided_estimates_extrapolation_audit,metric/the_pile_hackernews_val_loss,0.4037589341554254,0.34945576944988405,-0.2894798533750016,-4.531187683023699,0.1807315668202765
M1_Q_proxy,C1_global,A12_A13_est_10b,63,provided_estimates_extrapolation_audit,metric/the_pile_pubmed_abstracts_val_loss,0.4865369187566691,0.4015743600701374,-0.34378259362705915,-4.128856907813118,0.3258928571428572
M1_Q_proxy,C1_global,A12_A13_est_10b,63,provided_estimates_extrapolation_audit,metric/the_pile_uspto_backgrounds_val_loss,0.2662534344385729,0.22059240590573964,-0.15478276544937863,-0.4120824831922538,0.36235553904705914
M1_Q_proxy,C1_global,A14_A15_est_70b,63,provided_estimates_extrapolation_audit,metric/the_pile_arxiv_val_loss,0.594272863652971,0.44371828308259037,0.2708033240753444,-5.1684045933899965,0.6268721198156683
M1_Q_proxy,C1_global,A14_A15_est_70b,63,provided_estimates_extrapolation_audit,metric/the_pile_freelaw_val_loss,0.49077062643545366,0.33970459059059194,0.1766038850098234,-2.5573068640589915,0.672571044546851
M1_Q_proxy,C1_global,A14_A15_est_70b,63,provided_estimates_extrapolation_audit,metric/the_pile_pubmed_central_val_loss,0.4605418852847055,0.3474501433268964,0.17090632555073385,-4.087091391227872,0.5998943932411674
M1_Q_proxy,C1_global,A14_A15_est_70b,63,provided_estimates_extrapolation_audit,metric/the_pile_wikipedia_en_val_loss,0.4404018616589151,0.3709867665874507,-0.3083972265284853,-3.470109639264577,0.31955645161290325
M1_Q_proxy,C1_global,A14_A15_est_70b,63,provided_estimates_extrapolation_audit,metric/the_pile_dm_mathematics_val_loss,1.155863981360464,0.9737290090852163,0.9737290090852163,-11.79366184080023,0.6131432411674348
M1_Q_proxy,C1_global,A14_A15_est_70b,63,provided_estimates_extrapolation_audit,metric/the_pile_github_val_loss,0.5290651445776917,0.4147538616613996,-0.049111467584648384,-4.950823307393952,0.4933755760368664
M1_Q_proxy,C1_global,A14_A15_est_70b,63,provided_estimates_extrapolation_audit,metric/the_pile_stackexchange_val_loss,0.3827954959040691,0.3224493598911116,0.032490306898593085,-5.08578792023316,0.4051027878410455
M1_Q_proxy,C1_global,A14_A15_est_70b,63,provided_estimates_extrapolation_audit,metric/the_pile_gutenberg_pg_19_val_loss,0.2882091038254371,0.227621871852788,0.010477943426389472,-1.2458640800339125,0.4409562211981567
M1_Q_proxy,C1_global,A14_A15_est_70b,63,provided_estimates_extrapolation_audit,metric/the_pile_pile_cc_val_loss,0.3490128869025507,0.28334212579562507,-0.23007813243974237,-2.1868815032286872,0.10805491551459294
M1_Q_proxy,C1_global,A14_A15_est_70b,63,provided_estimates_extrapolation_audit,metric/the_pile_ubuntu_irc_val_loss,1.0316625964953263,0.9571294782807721,-0.934435276975271,-15.181137430693202,0.3686680187959746
M1_Q_proxy,C1_global,A14_A15_est_70b,63,provided_estimates_extrapolation_audit,metric/the_pile_hackernews_val_loss,0.2911497550078081,0.2294667303059095,0.016816858544375375,-2.2586746762058203,0.09639016897081412
M1_Q_proxy,C1_global,A14_A15_est_70b,63,provided_estimates_extrapolation_audit,metric/the_pile_pubmed_abstracts_val_loss,0.35994081560318136,0.29026174972570684,-0.03653350075530128,-2.5046150494835717,0.21865399385560677
M1_Q_proxy,C1_global,A14_A15_est_70b,63,provided_estimates_extrapolation_audit,metric/the_pile_uspto_backgrounds_val_loss,0.2721629550600242,0.22201443065029977,0.1727663274223793,-0.8881737711291127,0.32489259064155374
M1_Q_proxy,C1_domain,A4_A5_train_1m,512,base_fit,metric/the_pile_arxiv_val_loss,0.7129392778743538,0.5594345099145699,1.8561541192951836e-16,0.5056008885738776,0.789059728373445
M1_Q_proxy,C1_domain,A4_A5_train_1m,512,base_fit,metric/the_pile_freelaw_val_loss,0.4894662354664851,0.4242939748996435,3.885780586188048e-16,0.6098882422160785,0.8220947452821552
M1_Q_proxy,C1_domain,A4_A5_train_1m,512,base_fit,metric/the_pile_pubmed_central_val_loss,0.5744430396598831,0.49182468756963404,1.0859368959614812e-15,0.5456676009027523,0.8018468510030785
M1_Q_proxy,C1_domain,A4_A5_train_1m,512,base_fit,metric/the_pile_wikipedia_en_val_loss,0.2957174124383381,0.24422929484401118,1.3149203947904198e-15,0.687359679258568,0.8686310703985992
M1_Q_proxy,C1_domain,A4_A5_train_1m,512,base_fit,metric/the_pile_dm_mathematics_val_loss,1.1766483607382658,1.0865452652051055,2.896988204881268e-16,0.4111320453625159,0.7516281070827753
M1_Q_proxy,C1_domain,A4_A5_train_1m,512,base_fit,metric/the_pile_github_val_loss,0.6959256489513821,0.5596196669978348,-3.677613769070831e-16,0.5654624972769378,0.8305741343942047
M1_Q_proxy,C1_domain,A4_A5_train_1m,512,base_fit,metric/the_pile_stackexchange_val_loss,0.5127183743709756,0.4134013979606629,7.112366251504909e-16,0.5629640560356344,0.8247158099300762
M1_Q_proxy,C1_domain,A4_A5_train_1m,512,base_fit,metric/the_pile_gutenberg_pg_19_val_loss,0.24885592641566506,0.19211376055171425,7.424616477180734e-16,0.672859270564943,0.8745165746844278
M1_Q_proxy,C1_domain,A4_A5_train_1m,512,base_fit,metric/the_pile_pile_cc_val_loss,0.1598271586897805,0.12909648887642897,-3.7643499428696714e-16,0.7512019960612765,0.8901779634588756
M1_Q_proxy,C1_domain,A4_A5_train_1m,512,base_fit,metric/the_pile_ubuntu_irc_val_loss,0.6814269452482322,0.6074614858408743,-6.123573870198129e-16,0.560297721066626,0.7929011133713278
M1_Q_proxy,C1_domain,A4_A5_train_1m,512,base_fit,metric/the_pile_hackernews_val_loss,0.20050799934613364,0.15952099362464967,-9.367506770274758e-17,0.6569601810656746,0.8392391330781291
M1_Q_proxy,C1_domain,A4_A5_train_1m,512,base_fit,metric/the_pile_pubmed_abstracts_val_loss,0.30365431862681264,0.22848509143568102,-2.3245294578089215e-16,0.7302380590031246,0.9169177223881622
M1_Q_proxy,C1_domain,A4_A5_train_1m,512,base_fit,metric/the_pile_uspto_backgrounds_val_loss,0.3894668348855635,0.34975842685101977,3.3480163086352377e-16,0.4617355315983718,0.7332288877158649
M1_Q_proxy,C1_domain,A6_A7_test_1m,256,paired_calibration_member,metric/the_pile_arxiv_val_loss,0.5736311333570985,0.4860573601898528,-0.1712517179251723,0.45856656355955183,0.7384341382467382
M1_Q_proxy,C1_domain,A6_A7_test_1m,256,paired_calibration_member,metric/the_pile_freelaw_val_loss,0.49110567979978326,0.427759062974401,-0.027266339222801323,0.5559666055115307,0.7530799382009612
M1_Q_proxy,C1_domain,A6_A7_test_1m,256,paired_calibration_member,metric/the_pile_pubmed_central_val_loss,0.5424961976475002,0.47139151330734497,-0.054492728448836215,0.5790840873508252,0.8257560368505377
M1_Q_proxy,C1_domain,A6_A7_test_1m,256,paired_calibration_member,metric/the_pile_wikipedia_en_val_loss,0.30045234148304006,0.25063067338898165,0.01001872815045846,0.6976048619583599,0.8737196726939801
M1_Q_proxy,C1_domain,A6_A7_test_1m,256,paired_calibration_member,metric/the_pile_dm_mathematics_val_loss,1.170797592803984,1.0723260871602585,-0.05633192486923063,0.4170165747520388,0.7547314888990615
M1_Q_proxy,C1_domain,A6_A7_test_1m,256,paired_calibration_member,metric/the_pile_github_val_loss,0.6134796534420465,0.501554844420788,-0.1486462337119047,0.5565815614469155,0.8334530212863354
M1_Q_proxy,C1_domain,A6_A7_test_1m,256,paired_calibration_member,metric/the_pile_stackexchange_val_loss,0.4484426122880001,0.37212658010106164,-0.0995804494821797,0.543944111351764,0.8116538395513847
M1_Q_proxy,C1_domain,A6_A7_test_1m,256,paired_calibration_member,metric/the_pile_gutenberg_pg_19_val_loss,0.2682221943953394,0.21241969268952213,-0.01962566762268988,0.6425868068304508,0.8826304646372166
M1_Q_proxy,C1_domain,A6_A7_test_1m,256,paired_calibration_member,metric/the_pile_pile_cc_val_loss,0.16174236465340197,0.12733843005741957,-0.0009833735431051364,0.7453154339497474,0.894631208514534
M1_Q_proxy,C1_domain,A6_A7_test_1m,256,paired_calibration_member,metric/the_pile_ubuntu_irc_val_loss,0.6532527739280094,0.5781902573797912,-0.04056351752540177,0.5710470608816293,0.7628576333257037
M1_Q_proxy,C1_domain,A6_A7_test_1m,256,paired_calibration_member,metric/the_pile_hackernews_val_loss,0.20055834251962895,0.16559370130954038,-0.01585289392306259,0.6443297516574786,0.8355852311741816
M1_Q_proxy,C1_domain,A6_A7_test_1m,256,paired_calibration_member,metric/the_pile_pubmed_abstracts_val_loss,0.2759729995457446,0.21400494687357022,-0.011135254110340043,0.765839889833836,0.9211890592812999
M1_Q_proxy,C1_domain,A6_A7_test_1m,256,paired_calibration_member,metric/the_pile_uspto_backgrounds_val_loss,0.37872606525722036,0.33690870412794754,-0.02121058263381359,0.4487280004538734,0.6958006694895856
M1_Q_proxy,C1_domain,A8_A9_test_60m,256,paired_calibration_member,metric/the_pile_arxiv_val_loss,0.47552005059140007,0.38248481394775724,-0.1712517179251723,0.3037952636948227,0.7535455767910275
M1_Q_proxy,C1_domain,A8_A9_test_60m,256,paired_calibration_member,metric/the_pile_freelaw_val_loss,0.42845027867463564,0.36552037201543974,-0.02726633922280137,0.5576153855879087,0.745499542229343
M1_Q_proxy,C1_domain,A8_A9_test_60m,256,paired_calibration_member,metric/the_pile_pubmed_central_val_loss,0.3734914950483009,0.31057151215595885,-0.05449272844883621,0.568825623854641,0.8453235866330968
M1_Q_proxy,C1_domain,A8_A9_test_60m,256,paired_calibration_member,metric/the_pile_wikipedia_en_val_loss,0.2756655409686428,0.22905642296474152,0.010018728150458484,0.6968834356376381,0.8750486381322956
M1_Q_proxy,C1_domain,A8_A9_test_60m,256,paired_calibration_member,metric/the_pile_dm_mathematics_val_loss,0.7082239754904254,0.5712416595561637,-0.05633192486923065,0.15016308647858645,0.7396257724879833
M1_Q_proxy,C1_domain,A8_A9_test_60m,256,paired_calibration_member,metric/the_pile_github_val_loss,0.5112487835379598,0.424130023381768,-0.1486462337119047,0.44485785879581086,0.8352154383154038
M1_Q_proxy,C1_domain,A8_A9_test_60m,256,paired_calibration_member,metric/the_pile_stackexchange_val_loss,0.391953228977305,0.3254166140120475,-0.09958044948217973,0.5035965209854533,0.8109321355001143
M1_Q_proxy,C1_domain,A8_A9_test_60m,256,paired_calibration_member,metric/the_pile_gutenberg_pg_19_val_loss,0.21446578608759875,0.16927649800508598,-0.01962566762268988,0.6895016330620405,0.8858606088349736
M1_Q_proxy,C1_domain,A8_A9_test_60m,256,paired_calibration_member,metric/the_pile_pile_cc_val_loss,0.16190444204086038,0.12895670334761078,-0.0009833735431051052,0.7338440732982184,0.88587920576791
M1_Q_proxy,C1_domain,A8_A9_test_60m,256,paired_calibration_member,metric/the_pile_ubuntu_irc_val_loss,0.4888826887613764,0.398923280958125,-0.0405635175254017,0.5158558129429143,0.7577463378347445
M1_Q_proxy,C1_domain,A8_A9_test_60m,256,paired_calibration_member,metric/the_pile_hackernews_val_loss,0.18376630830380797,0.15007942800254817,-0.015852893923062588,0.6440928485307633,0.8308301384756235
M1_Q_proxy,C1_domain,A8_A9_test_60m,256,paired_calibration_member,metric/the_pile_pubmed_abstracts_val_loss,0.26906113341175053,0.20980071627731828,-0.011135254110340036,0.7580607981413203,0.9181498912794689
M1_Q_proxy,C1_domain,A8_A9_test_60m,256,paired_calibration_member,metric/the_pile_uspto_backgrounds_val_loss,0.3134025887222488,0.2732250999150798,-0.021210582633813587,0.47433024278238356,0.6715459773403524
M1_Q_proxy,C1_domain,A10_A11_test_1b,64,external_retrospective_evaluation,metric/the_pile_arxiv_val_loss,0.5867703883230292,0.5441715563221625,-0.5230280456876506,-30.278407117584393,0.8449633699633698
M1_Q_proxy,C1_domain,A10_A11_test_1b,64,external_retrospective_evaluation,metric/the_pile_freelaw_val_loss,1.1117521497351859,1.0980038502624092,-1.0980038502624092,-63.390230130005705,0.6890567765567766
M1_Q_proxy,C1_domain,A10_A11_test_1b,64,external_retrospective_evaluation,metric/the_pile_pubmed_central_val_loss,0.6381387277984095,0.6010335716177417,-0.564346701892101,-147.29616262846278,0.7817765567765567
M1_Q_proxy,C1_domain,A10_A11_test_1b,64,external_retrospective_evaluation,metric/the_pile_wikipedia_en_val_loss,1.0358815235824794,1.0277855688186976,-1.0277855688186976,-41.86492767337116,0.7723443223443223
M1_Q_proxy,C1_domain,A10_A11_test_1b,64,external_retrospective_evaluation,metric/the_pile_dm_mathematics_val_loss,0.6194907429922667,0.5465776166334884,-0.39071655756399637,-3.3427625902836446,0.6696428571428571
M1_Q_proxy,C1_domain,A10_A11_test_1b,64,external_retrospective_evaluation,metric/the_pile_github_val_loss,0.39574063197356235,0.3525098867365495,-0.3039799699557674,-9.870076082081628,0.6818223443223442
M1_Q_proxy,C1_domain,A10_A11_test_1b,64,external_retrospective_evaluation,metric/the_pile_stackexchange_val_loss,0.8061113405905785,0.7901542716035558,-0.7901542716035558,-37.931883114929924,0.7321886446886445
M1_Q_proxy,C1_domain,A10_A11_test_1b,64,external_retrospective_evaluation,metric/the_pile_gutenberg_pg_19_val_loss,1.0577130104645298,1.0412276148200585,-1.0412276148200585,-18.105026740992013,0.5828296703296703
M1_Q_proxy,C1_domain,A10_A11_test_1b,64,external_retrospective_evaluation,metric/the_pile_pile_cc_val_loss,0.902915783508922,0.8970845331795534,-0.8970845331795534,-79.29279460888704,0.8597985347985347
M1_Q_proxy,C1_domain,A10_A11_test_1b,64,external_retrospective_evaluation,metric/the_pile_ubuntu_irc_val_loss,0.9891169653138681,0.8969459923742013,-0.7933478552005222,-4.4725597401450985,0.652106227106227
M1_Q_proxy,C1_domain,A10_A11_test_1b,64,external_retrospective_evaluation,metric/the_pile_hackernews_val_loss,0.6840292976888841,0.6630737509289792,-0.6630737509289792,-11.070847804718523,0.5578754578754578
M1_Q_proxy,C1_domain,A10_A11_test_1b,64,external_retrospective_evaluation,metric/the_pile_pubmed_abstracts_val_loss,0.7705848922499349,0.7599620721825422,-0.7432595521471577,-45.42941153683488,0.6462912087912087
M1_Q_proxy,C1_domain,A10_A11_test_1b,64,external_retrospective_evaluation,metric/the_pile_uspto_backgrounds_val_loss,0.5179439005284455,0.501259523723362,-0.501259523723362,-12.59735674847607,0.48040293040293036
M1_Q_proxy,C1_domain,A12_A13_est_10b,63,provided_estimates_extrapolation_audit,metric/the_pile_arxiv_val_loss,0.5450091133948619,0.40716293275221954,0.24258461907946408,-2.1771350859480236,0.6634024577572966
M1_Q_proxy,C1_domain,A12_A13_est_10b,63,provided_estimates_extrapolation_audit,metric/the_pile_freelaw_val_loss,0.5882317433947204,0.521226635792146,-0.40856887500718986,-2.646197208767681,0.7241743471582182
M1_Q_proxy,C1_domain,A12_A13_est_10b,63,provided_estimates_extrapolation_audit,metric/the_pile_pubmed_central_val_loss,0.4960265742398559,0.3888347431984967,0.305052566251872,-2.9386624948452895,0.6858198924731184
M1_Q_proxy,C1_domain,A12_A13_est_10b,63,provided_estimates_extrapolation_audit,metric/the_pile_wikipedia_en_val_loss,0.882461034722769,0.829261386187672,-0.829261386187672,-13.668478442599444,0.3920264984447767
M1_Q_proxy,C1_domain,A12_A13_est_10b,63,provided_estimates_extrapolation_audit,metric/the_pile_dm_mathematics_val_loss,0.6424782821885818,0.38828941557124313,0.21574453216023393,-1.302344693303871,0.6406009984639017
M1_Q_proxy,C1_domain,A12_A13_est_10b,63,provided_estimates_extrapolation_audit,metric/the_pile_github_val_loss,1.9084534416544412,1.8445278685313347,1.8445278685313347,-47.9741195385495,0.5903897849462366
M1_Q_proxy,C1_domain,A12_A13_est_10b,63,provided_estimates_extrapolation_audit,metric/the_pile_stackexchange_val_loss,0.36135028880628156,0.30201900630632406,0.0826069015682178,-2.6525348143068013,0.5126069581657311
M1_Q_proxy,C1_domain,A12_A13_est_10b,63,provided_estimates_extrapolation_audit,metric/the_pile_gutenberg_pg_19_val_loss,1.4292053265507576,1.4029191758328396,-1.4029191758328396,-43.66348715494505,0.5168970814132104
M1_Q_proxy,C1_domain,A12_A13_est_10b,63,provided_estimates_extrapolation_audit,metric/the_pile_pile_cc_val_loss,1.4253662495993755,1.4016110946314444,-1.4016110946314444,-44.96110020642442,0.16690668202764977
M1_Q_proxy,C1_domain,A12_A13_est_10b,63,provided_estimates_extrapolation_audit,metric/the_pile_ubuntu_irc_val_loss,0.42768123815049747,0.34508279421110993,-0.09626420440450861,-0.9050275495930404,0.480270737327189
M1_Q_proxy,C1_domain,A12_A13_est_10b,63,provided_estimates_extrapolation_audit,metric/the_pile_hackernews_val_loss,1.404552900899141,1.3760618300148726,-1.3760618300148726,-65.9345436329311,0.1807315668202765
M1_Q_proxy,C1_domain,A12_A13_est_10b,63,provided_estimates_extrapolation_audit,metric/the_pile_pubmed_abstracts_val_loss,0.6980304463972032,0.632545537828948,-0.6072189081914305,-9.556931744489939,0.3258928571428572
M1_Q_proxy,C1_domain,A12_A13_est_10b,63,provided_estimates_extrapolation_audit,metric/the_pile_uspto_backgrounds_val_loss,0.4043338735648375,0.3503165028473409,-0.3413981465119106,-2.256490994153009,0.36235553904705914
M1_Q_proxy,C1_domain,A14_A15_est_70b,63,provided_estimates_extrapolation_audit,metric/the_pile_arxiv_val_loss,0.8276595313516009,0.6551893939744117,0.6365489012582654,-10.964773855247829,0.6268721198156683
M1_Q_proxy,C1_domain,A14_A15_est_70b,63,provided_estimates_extrapolation_audit,metric/the_pile_freelaw_val_loss,0.4789223355654494,0.3908266646335569,-0.1403557192713579,-2.3876176812047887,0.672571044546851
M1_Q_proxy,C1_domain,A14_A15_est_70b,63,provided_estimates_extrapolation_audit,metric/the_pile_pubmed_central_val_loss,0.8443338642393481,0.7298074099018498,0.7280177321418844,-16.098565929890448,0.5998943932411674
M1_Q_proxy,C1_domain,A14_A15_est_70b,63,provided_estimates_extrapolation_audit,metric/the_pile_wikipedia_en_val_loss,0.677481441687652,0.6098289816463077,-0.6001134504483325,-9.57827100625361,0.31955645161290325
M1_Q_proxy,C1_domain,A14_A15_est_70b,63,provided_estimates_extrapolation_audit,metric/the_pile_dm_mathematics_val_loss,0.8258098950173193,0.5746213042916055,0.5422993845065008,-5.530426876806751,0.6131432411674348
M1_Q_proxy,C1_domain,A14_A15_est_70b,63,provided_estimates_extrapolation_audit,metric/the_pile_github_val_loss,2.674222362789739,2.621825176224769,2.621825176224769,-151.03857358844735,0.4933755760368664
M1_Q_proxy,C1_domain,A14_A15_est_70b,63,provided_estimates_extrapolation_audit,metric/the_pile_stackexchange_val_loss,0.6121289512943631,0.5126807479345483,0.4787745621591221,-14.562129195738821,0.4051027878410455
M1_Q_proxy,C1_domain,A14_A15_est_70b,63,provided_estimates_extrapolation_audit,metric/the_pile_gutenberg_pg_19_val_loss,1.3569820983408722,1.3260639935493994,-1.3260639935493994,-48.7870410397655,0.4409562211981567
M1_Q_proxy,C1_domain,A14_A15_est_70b,63,provided_estimates_extrapolation_audit,metric/the_pile_pile_cc_val_loss,1.3310509512686968,1.3049224446978487,-1.3049224446978487,-45.35241323690107,0.10805491551459294
M1_Q_proxy,C1_domain,A14_A15_est_70b,63,provided_estimates_extrapolation_audit,metric/the_pile_ubuntu_irc_val_loss,0.5527936182453164,0.40808445925697273,0.33826374062426745,-3.645791524249945,0.3686680187959746
M1_Q_proxy,C1_domain,A14_A15_est_70b,63,provided_estimates_extrapolation_audit,metric/the_pile_hackernews_val_loss,1.331446401597574,1.2993321927887889,-1.2993321927887889,-67.14837808213353,0.09639016897081412
M1_Q_proxy,C1_domain,A14_A15_est_70b,63,provided_estimates_extrapolation_audit,metric/the_pile_pubmed_abstracts_val_loss,0.5046715713064304,0.420980311523138,-0.35562719359640577,-5.889628601189456,0.21865399385560677
M1_Q_proxy,C1_domain,A14_A15_est_70b,63,provided_estimates_extrapolation_audit,metric/the_pile_uspto_backgrounds_val_loss,0.21693965959764558,0.17360420558003162,-0.05327612683326722,-0.19967013019488422,0.32489259064155374
M1_Q_proxy,C2_mixture_conditioned,A4_A5_train_1m,512,base_fit,metric/the_pile_arxiv_val_loss,0.7129392778743538,0.5594345099145699,1.8561541192951836e-16,0.5056008885738776,0.789059728373445
M1_Q_proxy,C2_mixture_conditioned,A4_A5_train_1m,512,base_fit,metric/the_pile_freelaw_val_loss,0.4894662354664851,0.4242939748996435,3.885780586188048e-16,0.6098882422160785,0.8220947452821552
M1_Q_proxy,C2_mixture_conditioned,A4_A5_train_1m,512,base_fit,metric/the_pile_pubmed_central_val_loss,0.5744430396598831,0.49182468756963404,1.0859368959614812e-15,0.5456676009027523,0.8018468510030785
M1_Q_proxy,C2_mixture_conditioned,A4_A5_train_1m,512,base_fit,metric/the_pile_wikipedia_en_val_loss,0.2957174124383381,0.24422929484401118,1.3149203947904198e-15,0.687359679258568,0.8686310703985992
M1_Q_proxy,C2_mixture_conditioned,A4_A5_train_1m,512,base_fit,metric/the_pile_dm_mathematics_val_loss,1.1766483607382658,1.0865452652051055,2.896988204881268e-16,0.4111320453625159,0.7516281070827753
M1_Q_proxy,C2_mixture_conditioned,A4_A5_train_1m,512,base_fit,metric/the_pile_github_val_loss,0.6959256489513821,0.5596196669978348,-3.677613769070831e-16,0.5654624972769378,0.8305741343942047
M1_Q_proxy,C2_mixture_conditioned,A4_A5_train_1m,512,base_fit,metric/the_pile_stackexchange_val_loss,0.5127183743709756,0.4134013979606629,7.112366251504909e-16,0.5629640560356344,0.8247158099300762
M1_Q_proxy,C2_mixture_conditioned,A4_A5_train_1m,512,base_fit,metric/the_pile_gutenberg_pg_19_val_loss,0.24885592641566506,0.19211376055171425,7.424616477180734e-16,0.672859270564943,0.8745165746844278
M1_Q_proxy,C2_mixture_conditioned,A4_A5_train_1m,512,base_fit,metric/the_pile_pile_cc_val_loss,0.1598271586897805,0.12909648887642897,-3.7643499428696714e-16,0.7512019960612765,0.8901779634588756
M1_Q_proxy,C2_mixture_conditioned,A4_A5_train_1m,512,base_fit,metric/the_pile_ubuntu_irc_val_loss,0.6814269452482322,0.6074614858408743,-6.123573870198129e-16,0.560297721066626,0.7929011133713278
M1_Q_proxy,C2_mixture_conditioned,A4_A5_train_1m,512,base_fit,metric/the_pile_hackernews_val_loss,0.20050799934613364,0.15952099362464967,-9.367506770274758e-17,0.6569601810656746,0.8392391330781291
M1_Q_proxy,C2_mixture_conditioned,A4_A5_train_1m,512,base_fit,metric/the_pile_pubmed_abstracts_val_loss,0.30365431862681264,0.22848509143568102,-2.3245294578089215e-16,0.7302380590031246,0.9169177223881622
M1_Q_proxy,C2_mixture_conditioned,A4_A5_train_1m,512,base_fit,metric/the_pile_uspto_backgrounds_val_loss,0.3894668348855635,0.34975842685101977,3.3480163086352377e-16,0.4617355315983718,0.7332288877158649
M1_Q_proxy,C2_mixture_conditioned,A6_A7_test_1m,256,paired_calibration_member,metric/the_pile_arxiv_val_loss,0.5736311333570985,0.4860573601898528,-0.1712517179251723,0.45856656355955183,0.7384341382467382
M1_Q_proxy,C2_mixture_conditioned,A6_A7_test_1m,256,paired_calibration_member,metric/the_pile_freelaw_val_loss,0.49110567979978326,0.427759062974401,-0.027266339222801323,0.5559666055115307,0.7530799382009612
M1_Q_proxy,C2_mixture_conditioned,A6_A7_test_1m,256,paired_calibration_member,metric/the_pile_pubmed_central_val_loss,0.5424961976475002,0.47139151330734497,-0.054492728448836215,0.5790840873508252,0.8257560368505377
M1_Q_proxy,C2_mixture_conditioned,A6_A7_test_1m,256,paired_calibration_member,metric/the_pile_wikipedia_en_val_loss,0.30045234148304006,0.25063067338898165,0.01001872815045846,0.6976048619583599,0.8737196726939801
M1_Q_proxy,C2_mixture_conditioned,A6_A7_test_1m,256,paired_calibration_member,metric/the_pile_dm_mathematics_val_loss,1.170797592803984,1.0723260871602585,-0.05633192486923063,0.4170165747520388,0.7547314888990615
M1_Q_proxy,C2_mixture_conditioned,A6_A7_test_1m,256,paired_calibration_member,metric/the_pile_github_val_loss,0.6134796534420465,0.501554844420788,-0.1486462337119047,0.5565815614469155,0.8334530212863354
M1_Q_proxy,C2_mixture_conditioned,A6_A7_test_1m,256,paired_calibration_member,metric/the_pile_stackexchange_val_loss,0.4484426122880001,0.37212658010106164,-0.0995804494821797,0.543944111351764,0.8116538395513847
M1_Q_proxy,C2_mixture_conditioned,A6_A7_test_1m,256,paired_calibration_member,metric/the_pile_gutenberg_pg_19_val_loss,0.2682221943953394,0.21241969268952213,-0.01962566762268988,0.6425868068304508,0.8826304646372166
M1_Q_proxy,C2_mixture_conditioned,A6_A7_test_1m,256,paired_calibration_member,metric/the_pile_pile_cc_val_loss,0.16174236465340197,0.12733843005741957,-0.0009833735431051364,0.7453154339497474,0.894631208514534
M1_Q_proxy,C2_mixture_conditioned,A6_A7_test_1m,256,paired_calibration_member,metric/the_pile_ubuntu_irc_val_loss,0.6532527739280094,0.5781902573797912,-0.04056351752540177,0.5710470608816293,0.7628576333257037
M1_Q_proxy,C2_mixture_conditioned,A6_A7_test_1m,256,paired_calibration_member,metric/the_pile_hackernews_val_loss,0.20055834251962895,0.16559370130954038,-0.01585289392306259,0.6443297516574786,0.8355852311741816
M1_Q_proxy,C2_mixture_conditioned,A6_A7_test_1m,256,paired_calibration_member,metric/the_pile_pubmed_abstracts_val_loss,0.2759729995457446,0.21400494687357022,-0.011135254110340043,0.765839889833836,0.9211890592812999
M1_Q_proxy,C2_mixture_conditioned,A6_A7_test_1m,256,paired_calibration_member,metric/the_pile_uspto_backgrounds_val_loss,0.37872606525722036,0.33690870412794754,-0.02121058263381359,0.4487280004538734,0.6958006694895856
M1_Q_proxy,C2_mixture_conditioned,A8_A9_test_60m,256,paired_calibration_member,metric/the_pile_arxiv_val_loss,0.4525074511953715,0.37569834571481736,-0.17125171792517227,0.3695498166505514,0.6949409189745936
M1_Q_proxy,C2_mixture_conditioned,A8_A9_test_60m,256,paired_calibration_member,metric/the_pile_freelaw_val_loss,0.4448095097129233,0.38269448633271014,-0.027266339222801243,0.5231878842918507,0.7206018253604942
M1_Q_proxy,C2_mixture_conditioned,A8_A9_test_60m,256,paired_calibration_member,metric/the_pile_pubmed_central_val_loss,0.3953975909902741,0.3337033202258388,-0.054492728448836146,0.5167637024766976,0.7667572671091782
M1_Q_proxy,C2_mixture_conditioned,A8_A9_test_60m,256,paired_calibration_member,metric/the_pile_wikipedia_en_val_loss,0.2829579908384653,0.2351771488032904,0.010018728150458381,0.6806340335360905,0.8679489013504232
M1_Q_proxy,C2_mixture_conditioned,A8_A9_test_60m,256,paired_calibration_member,metric/the_pile_dm_mathematics_val_loss,0.6467022906013158,0.5824444476706184,-0.056331924869230686,0.29139674992548703,0.6497074559395741
M1_Q_proxy,C2_mixture_conditioned,A8_A9_test_60m,256,paired_calibration_member,metric/the_pile_github_val_loss,0.48670934688895223,0.40222951796349815,-0.14864623371190483,0.4968714128670765,0.8121902895399403
M1_Q_proxy,C2_mixture_conditioned,A8_A9_test_60m,256,paired_calibration_member,metric/the_pile_stackexchange_val_loss,0.39050954028056334,0.3233424616633931,-0.09958044948217971,0.5072466108927725,0.7882989528496223
M1_Q_proxy,C2_mixture_conditioned,A8_A9_test_60m,256,paired_calibration_member,metric/the_pile_gutenberg_pg_19_val_loss,0.2314187060683465,0.18363923149038158,-0.019625667622689927,0.6384734431716227,0.867792257953765
M1_Q_proxy,C2_mixture_conditioned,A8_A9_test_60m,256,paired_calibration_member,metric/the_pile_pile_cc_val_loss,0.16388908448629327,0.1294982436413699,-0.0009833735431049213,0.7272789431683513,0.8938444151979857
M1_Q_proxy,C2_mixture_conditioned,A8_A9_test_60m,256,paired_calibration_member,metric/the_pile_ubuntu_irc_val_loss,0.48890758484736174,0.41634220426655244,-0.040563517525401646,0.5158065021266751,0.6992926012817577
M1_Q_proxy,C2_mixture_conditioned,A8_A9_test_60m,256,paired_calibration_member,metric/the_pile_hackernews_val_loss,0.1920089000648132,0.15945036538789656,-0.01585289392306243,0.6114493387034199,0.8175369077592125
M1_Q_proxy,C2_mixture_conditioned,A8_A9_test_60m,256,paired_calibration_member,metric/the_pile_pubmed_abstracts_val_loss,0.27586975694362686,0.21384451113232572,-0.011135254110340163,0.7456612728780436,0.9138740272373539
M1_Q_proxy,C2_mixture_conditioned,A8_A9_test_60m,256,paired_calibration_member,metric/the_pile_uspto_backgrounds_val_loss,0.34172139250843786,0.3000209340654388,-0.021210582633813323,0.3750400772359834,0.6254885271229114
M1_Q_proxy,C2_mixture_conditioned,A10_A11_test_1b,64,external_retrospective_evaluation,metric/the_pile_arxiv_val_loss,0.5874740027214951,0.5569922487934681,-0.5569922487934681,-30.353465890979507,0.7064560439560439
M1_Q_proxy,C2_mixture_conditioned,A10_A11_test_1b,64,external_retrospective_evaluation,metric/the_pile_freelaw_val_loss,1.101822334270009,1.0909610580987894,-1.0817072890428046,-62.2451408757654,0.666620879120879
M1_Q_proxy,C2_mixture_conditioned,A10_A11_test_1b,64,external_retrospective_evaluation,metric/the_pile_pubmed_central_val_loss,0.601689704771959,0.5866202887112096,-0.5818935646762308,-130.83929436884193,0.5430860805860805
M1_Q_proxy,C2_mixture_conditioned,A10_A11_test_1b,64,external_retrospective_evaluation,metric/the_pile_wikipedia_en_val_loss,1.0425248201481252,1.0346662380930944,-1.0346662380930944,-42.41649181139178,0.7475274725274724
M1_Q_proxy,C2_mixture_conditioned,A10_A11_test_1b,64,external_retrospective_evaluation,metric/the_pile_dm_mathematics_val_loss,0.35933830233377856,0.30813955274690197,-0.18124521379735337,-0.4611791588962766,0.1861263736263736
M1_Q_proxy,C2_mixture_conditioned,A10_A11_test_1b,64,external_retrospective_evaluation,metric/the_pile_github_val_loss,0.2697573009976218,0.23850241197458988,-0.18663231179031275,-4.050771408101769,0.5696886446886447
M1_Q_proxy,C2_mixture_conditioned,A10_A11_test_1b,64,external_retrospective_evaluation,metric/the_pile_stackexchange_val_loss,0.7643827509438725,0.7527860066502665,-0.7527860066502665,-34.00556609787031,0.6499999999999999
M1_Q_proxy,C2_mixture_conditioned,A10_A11_test_1b,64,external_retrospective_evaluation,metric/the_pile_gutenberg_pg_19_val_loss,1.0484807460956524,1.0266308925996632,-1.0266308925996632,-17.772965252606415,0.5220238095238094
M1_Q_proxy,C2_mixture_conditioned,A10_A11_test_1b,64,external_retrospective_evaluation,metric/the_pile_pile_cc_val_loss,0.9022184421720877,0.8971933707551945,-0.8971933707551945,-79.16881878736031,0.8551739926739926
M1_Q_proxy,C2_mixture_conditioned,A10_A11_test_1b,64,external_retrospective_evaluation,metric/the_pile_ubuntu_irc_val_loss,0.7836752361196885,0.7189262393836948,-0.6950579913594581,-2.435322043375538,0.5190018315018314
M1_Q_proxy,C2_mixture_conditioned,A10_A11_test_1b,64,external_retrospective_evaluation,metric/the_pile_hackernews_val_loss,0.669957991895287,0.646196145486903,-0.646196145486903,-10.579332148521951,0.5197344322344322
M1_Q_proxy,C2_mixture_conditioned,A10_A11_test_1b,64,external_retrospective_evaluation,metric/the_pile_pubmed_abstracts_val_loss,0.7659408041373199,0.756497136631612,-0.7407325911121376,-44.87146513953481,0.6388278388278388
M1_Q_proxy,C2_mixture_conditioned,A10_A11_test_1b,64,external_retrospective_evaluation,metric/the_pile_uspto_backgrounds_val_loss,0.5079487379859958,0.48793934235907,-0.48793934235907,-12.077623116974653,0.3201007326007326
M1_Q_proxy,C2_mixture_conditioned,A12_A13_est_10b,63,provided_estimates_extrapolation_audit,metric/the_pile_arxiv_val_loss,0.35063316447562304,0.30555644650371017,0.1653786774993367,-0.3150253784597037,0.5943260368663595
M1_Q_proxy,C2_mixture_conditioned,A12_A13_est_10b,63,provided_estimates_extrapolation_audit,metric/the_pile_freelaw_val_loss,0.5275200849104549,0.4583755671823883,-0.4501605340477283,-1.9323866890628891,0.6435771889400922
M1_Q_proxy,C2_mixture_conditioned,A12_A13_est_10b,63,provided_estimates_extrapolation_audit,metric/the_pile_pubmed_central_val_loss,0.4133193645802803,0.351886294024047,0.32945888871818807,-1.734704375324136,0.5068644393241168
M1_Q_proxy,C2_mixture_conditioned,A12_A13_est_10b,63,provided_estimates_extrapolation_audit,metric/the_pile_wikipedia_en_val_loss,0.8734753573206758,0.8297121590117177,-0.8297121590117177,-13.371275165914255,0.3518709647462454
M1_Q_proxy,C2_mixture_conditioned,A12_A13_est_10b,63,provided_estimates_extrapolation_audit,metric/the_pile_dm_mathematics_val_loss,0.7621874056850578,0.6292644321801243,0.4363187681789223,-2.2402384946667078,-0.26300883256528423
M1_Q_proxy,C2_mixture_conditioned,A12_A13_est_10b,63,provided_estimates_extrapolation_audit,metric/the_pile_github_val_loss,1.9620825591580577,1.9227539965849196,1.9227539965849196,-50.76521865876022,0.46947004608294934
M1_Q_proxy,C2_mixture_conditioned,A12_A13_est_10b,63,provided_estimates_extrapolation_audit,metric/the_pile_stackexchange_val_loss,0.30846852786823364,0.2610082047259728,0.0974019692343386,-1.6617010351468116,0.4529384233527889
M1_Q_proxy,C2_mixture_conditioned,A12_A13_est_10b,63,provided_estimates_extrapolation_audit,metric/the_pile_gutenberg_pg_19_val_loss,1.442569094516003,1.4259018645137516,-1.4259018645137516,-44.50264300238147,0.41258640552995396
M1_Q_proxy,C2_mixture_conditioned,A12_A13_est_10b,63,provided_estimates_extrapolation_audit,metric/the_pile_pile_cc_val_loss,1.4336182880609991,1.4091394967404895,-1.4091394967404895,-45.49481657679486,0.10613479262672812
M1_Q_proxy,C2_mixture_conditioned,A12_A13_est_10b,63,provided_estimates_extrapolation_audit,metric/the_pile_ubuntu_irc_val_loss,0.40954033678369717,0.3112964054650664,-0.031611172734041085,-0.746844429819193,0.35824692780337947
M1_Q_proxy,C2_mixture_conditioned,A12_A13_est_10b,63,provided_estimates_extrapolation_audit,metric/the_pile_hackernews_val_loss,1.4129645289120665,1.3919661000765464,-1.3919661000765464,-66.73866346739055,0.06038786482334869
M1_Q_proxy,C2_mixture_conditioned,A12_A13_est_10b,63,provided_estimates_extrapolation_audit,metric/the_pile_pubmed_abstracts_val_loss,0.6760489348707255,0.6113179975221446,-0.597014347788321,-8.902509041317863,0.29454685099846395
M1_Q_proxy,C2_mixture_conditioned,A12_A13_est_10b,63,provided_estimates_extrapolation_audit,metric/the_pile_uspto_backgrounds_val_loss,0.4286267611260849,0.3692161652392357,-0.35030209179290117,-2.659554284672872,0.01293698321165562
M1_Q_proxy,C2_mixture_conditioned,A14_A15_est_70b,63,provided_estimates_extrapolation_audit,metric/the_pile_arxiv_val_loss,0.6348721790587383,0.5607205719038014,0.5430313122014324,-6.040015984370422,0.48406298003072196
M1_Q_proxy,C2_mixture_conditioned,A14_A15_est_70b,63,provided_estimates_extrapolation_audit,metric/the_pile_freelaw_val_loss,0.33037396840097477,0.2795151990233055,-0.1907346356959213,-0.6120401248493608,0.5859735023041475
M1_Q_proxy,C2_mixture_conditioned,A14_A15_est_70b,63,provided_estimates_extrapolation_audit,metric/the_pile_pubmed_central_val_loss,0.8074058938508872,0.7575804884282595,0.7575804884282595,-14.635619806469048,0.2280625960061444
M1_Q_proxy,C2_mixture_conditioned,A14_A15_est_70b,63,provided_estimates_extrapolation_audit,metric/the_pile_wikipedia_en_val_loss,0.6612763794978984,0.6009520098199299,-0.6006594600799016,-9.078268010854329,0.27035330261136714
M1_Q_proxy,C2_mixture_conditioned,A14_A15_est_70b,63,provided_estimates_extrapolation_audit,metric/the_pile_dm_mathematics_val_loss,1.0816329919474463,0.948901671719327,0.8094753341594484,-10.20317854631151,-0.38287250384024585
M1_Q_proxy,C2_mixture_conditioned,A14_A15_est_70b,63,provided_estimates_extrapolation_audit,metric/the_pile_github_val_loss,2.7490992043867912,2.7165784911523514,2.7165784911523514,-159.67177010903868,0.26056067588325654
M1_Q_proxy,C2_mixture_conditioned,A14_A15_est_70b,63,provided_estimates_extrapolation_audit,metric/the_pile_stackexchange_val_loss,0.5840624054289671,0.5275440477623317,0.4966954504968718,-13.167775978043464,0.3246966769708297
M1_Q_proxy,C2_mixture_conditioned,A14_A15_est_70b,63,provided_estimates_extrapolation_audit,metric/the_pile_gutenberg_pg_19_val_loss,1.3713388790095373,1.3539023385199351,-1.3539023385199351,-49.84610114137887,0.2861943164362519
M1_Q_proxy,C2_mixture_conditioned,A14_A15_est_70b,63,provided_estimates_extrapolation_audit,metric/the_pile_pile_cc_val_loss,1.3410641756191963,1.3140414062735923,-1.3140414062735923,-46.05243590217758,0.04205069124423964
M1_Q_proxy,C2_mixture_conditioned,A14_A15_est_70b,63,provided_estimates_extrapolation_audit,metric/the_pile_ubuntu_irc_val_loss,0.6039046680730746,0.5097832055758248,0.4165763098811578,-4.544602919200612,0.19422276094381682
M1_Q_proxy,C2_mixture_conditioned,A14_A15_est_70b,63,provided_estimates_extrapolation_audit,metric/the_pile_hackernews_val_loss,1.3407368566162412,1.3185966297147076,-1.3185966297147076,-68.10273619847759,-0.06048387096774193
M1_Q_proxy,C2_mixture_conditioned,A14_A15_est_70b,63,provided_estimates_extrapolation_audit,metric/the_pile_pubmed_abstracts_val_loss,0.471543047305258,0.38209200947329397,-0.3432666696943266,-5.0147948647928535,0.17549923195084488
M1_Q_proxy,C2_mixture_conditioned,A14_A15_est_70b,63,provided_estimates_extrapolation_audit,metric/the_pile_uspto_backgrounds_val_loss,0.24778287451462436,0.19297962491729576,-0.0640612487905982,-0.565043851750979,-0.13174759382620332
B1_Q_mapped,C0_none,A4_A5_train_1m,507,base_fit,metric/the_pile_arxiv_val_loss,0.9207602846133861,0.7290738452511162,-5.570823224154631e-16,0.15481119760820228,0.46951245045077683
B1_Q_mapped,C0_none,A4_A5_train_1m,507,base_fit,metric/the_pile_freelaw_val_loss,0.7735843810600365,0.6655527542826419,-4.905127367180179e-16,0.011403263157714227,0.11274017000157045
B1_Q_mapped,C0_none,A4_A5_train_1m,507,base_fit,metric/the_pile_pubmed_central_val_loss,0.8433675368828599,0.7350451057317953,-5.395640103898197e-16,0.004746368742441942,0.05273146299810016
B1_Q_mapped,C0_none,A4_A5_train_1m,507,base_fit,metric/the_pile_wikipedia_en_val_loss,0.5162688757703064,0.42843138418851884,-3.5562173412056295e-16,0.03913477775224916,0.18600702895492502
B1_Q_mapped,C0_none,A4_A5_train_1m,507,base_fit,metric/the_pile_dm_mathematics_val_loss,1.524615255922849,1.4341687468714237,-9.109522253334617e-17,0.006998049298497455,0.1334032797130068
B1_Q_mapped,C0_none,A4_A5_train_1m,507,base_fit,metric/the_pile_github_val_loss,0.8866393715454318,0.7117472821614899,-4.905127367180179e-16,0.2590645416555868,0.5204191920967621
B1_Q_mapped,C0_none,A4_A5_train_1m,507,base_fit,metric/the_pile_stackexchange_val_loss,0.6933631177554402,0.5600757820541482,-3.994175141846717e-16,0.15732689651258658,0.3586930159127616
B1_Q_mapped,C0_none,A4_A5_train_1m,507,base_fit,metric/the_pile_gutenberg_pg_19_val_loss,0.41543864727861174,0.3308221777342661,-1.6817579544617755e-16,0.0753666763144395,0.319803164284911
B1_Q_mapped,C0_none,A4_A5_train_1m,507,base_fit,metric/the_pile_pile_cc_val_loss,0.31733249592372387,0.2606813208609816,-3.994175141846717e-16,0.004896478847433161,0.08019825373866753
B1_Q_mapped,C0_none,A4_A5_train_1m,507,base_fit,metric/the_pile_ubuntu_irc_val_loss,1.0213231594012222,0.9189572297293997,-6.499293761513737e-16,0.0014156601611390318,0.038988192140901906
B1_Q_mapped,C0_none,A4_A5_train_1m,507,base_fit,metric/the_pile_hackernews_val_loss,0.33819602045381875,0.27832356878093467,-4.817535807051961e-16,0.003490968334949218,0.01594304132236502
B1_Q_mapped,C0_none,A4_A5_train_1m,507,base_fit,metric/the_pile_pubmed_abstracts_val_loss,0.5795195682305923,0.47009049781468837,-5.2554936076930484e-17,0.010216319599744228,0.06493364996663278
B1_Q_mapped,C0_none,A4_A5_train_1m,507,base_fit,metric/the_pile_uspto_backgrounds_val_loss,0.5263909989660118,0.4538202339309703,-5.237975295667405e-16,0.0020751903719028464,0.03810054843067056
B1_Q_mapped,C0_none,A6_A7_test_1m,256,external_retrospective_evaluation,metric/the_pile_arxiv_val_loss,0.7375153939283228,0.6160602476049792,-0.17806403093778908,0.10500249831211128,0.4474861577923422
B1_Q_mapped,C0_none,A6_A7_test_1m,256,external_retrospective_evaluation,metric/the_pile_freelaw_val_loss,0.73855678769932,0.6260235593519059,0.025190021780695668,-0.004230730966470642,0.05787697749239893
B1_Q_mapped,C0_none,A6_A7_test_1m,256,external_retrospective_evaluation,metric/the_pile_pubmed_central_val_loss,0.8389298556336362,0.7508977706149889,-0.09487002032332423,-0.006591474702601019,0.0776076433532286
B1_Q_mapped,C0_none,A6_A7_test_1m,256,external_retrospective_evaluation,metric/the_pile_wikipedia_en_val_loss,0.5412597893299652,0.45614424076888044,0.01932762410022064,0.018624646609941564,0.10165638171004629
B1_Q_mapped,C0_none,A6_A7_test_1m,256,external_retrospective_evaluation,metric/the_pile_dm_mathematics_val_loss,1.5472848630626357,1.4631908758392305,-0.12042347121281413,-0.018200063204991013,0.021872535678493423
B1_Q_mapped,C0_none,A6_A7_test_1m,256,external_retrospective_evaluation,metric/the_pile_github_val_loss,0.7994830457999577,0.657253378961197,-0.14283511134268212,0.24693591145965244,0.5489205712853736
B1_Q_mapped,C0_none,A6_A7_test_1m,256,external_retrospective_evaluation,metric/the_pile_stackexchange_val_loss,0.6280939240647219,0.5057795256403761,-0.08568240626658846,0.10534930289513711,0.32359221860070225
B1_Q_mapped,C0_none,A6_A7_test_1m,256,external_retrospective_evaluation,metric/the_pile_gutenberg_pg_19_val_loss,0.42661630371278275,0.3460911470936232,-0.019831636001776346,0.0958175896480099,0.4095763646871618
B1_Q_mapped,C0_none,A6_A7_test_1m,256,external_retrospective_evaluation,metric/the_pile_pile_cc_val_loss,0.31818487786339006,0.2606649099280717,0.008968316512887153,0.014369527699564677,0.18704578251235576
B1_Q_mapped,C0_none,A6_A7_test_1m,256,external_retrospective_evaluation,metric/the_pile_ubuntu_irc_val_loss,0.9993663433518319,0.9112402682024374,-0.05032447933927704,-0.003914116622667718,-0.007209900738704482
B1_Q_mapped,C0_none,A6_A7_test_1m,256,external_retrospective_evaluation,metric/the_pile_hackernews_val_loss,0.33879742820548686,0.2871580117505427,-0.008107570133387733,-0.014953824668645366,-0.1530326466167591
B1_Q_mapped,C0_none,A6_A7_test_1m,256,external_retrospective_evaluation,metric/the_pile_pubmed_abstracts_val_loss,0.5663781409620198,0.4710639317990838,-0.029262802320423824,0.013737107951104055,0.12080218642869477
B1_Q_mapped,C0_none,A6_A7_test_1m,256,external_retrospective_evaluation,metric/the_pile_uspto_backgrounds_val_loss,0.5073417707634676,0.4277282932618699,-0.021873389028247873,0.010725571445595272,0.1582592972214421
B1_Q_mapped,C0_none,A8_A9_test_60m,256,external_retrospective_evaluation,metric/the_pile_arxiv_val_loss,1.8600913808036523,1.7789169082719134,-1.7716634668111189,-9.652900392696075,0.4066701524020784
B1_Q_mapped,C0_none,A8_A9_test_60m,256,external_retrospective_evaluation,metric/the_pile_freelaw_val_loss,1.468228308089073,1.3217546077041464,-1.3178565744930844,-4.195009444764401,0.047828535971794775
B1_Q_mapped,C0_none,A8_A9_test_60m,256,external_retrospective_evaluation,metric/the_pile_pubmed_central_val_loss,1.8477160403278134,1.7587007262416958,-1.7587007262416958,-9.552660547579555,0.07495221116151825
B1_Q_mapped,C0_none,A8_A9_test_60m,256,external_retrospective_evaluation,metric/the_pile_wikipedia_en_val_loss,1.42210208297717,1.33346784417252,-1.332983294171321,-7.066892177639284,0.10117607929476453
B1_Q_mapped,C0_none,A8_A9_test_60m,256,external_retrospective_evaluation,metric/the_pile_dm_mathematics_val_loss,1.6213822850415456,1.4329447259703558,-1.4214595636655192,-3.4541535939774173,0.03014639746370812
B1_Q_mapped,C0_none,A8_A9_test_60m,256,external_retrospective_evaluation,metric/the_pile_github_val_loss,2.6578647717262514,2.591775121633007,-2.582439796984507,-14.003942207075893,0.5407611523690273
B1_Q_mapped,C0_none,A8_A9_test_60m,256,external_retrospective_evaluation,metric/the_pile_stackexchange_val_loss,1.789516250659437,1.7152483174944262,-1.7088395414775197,-9.347551976247663,0.32163596081098433
B1_Q_mapped,C0_none,A8_A9_test_60m,256,external_retrospective_evaluation,metric/the_pile_gutenberg_pg_19_val_loss,1.05387621127409,0.9963293065551988,-0.9886914594224201,-6.497603781218501,0.3967269339510054
B1_Q_mapped,C0_none,A8_A9_test_60m,256,external_retrospective_evaluation,metric/the_pile_pile_cc_val_loss,1.1009176355080075,1.05593454974633,-1.05593454974633,-11.306321881077599,0.18745312759873398
B1_Q_mapped,C0_none,A8_A9_test_60m,256,external_retrospective_evaluation,metric/the_pile_ubuntu_irc_val_loss,2.0975372079322914,1.9781910413317543,-1.9767758783303255,-7.912196433655984,0.060014913336445326
B1_Q_mapped,C0_none,A8_A9_test_60m,256,external_retrospective_evaluation,metric/the_pile_hackernews_val_loss,1.032068491044919,0.9844515837200281,-0.9844515837200281,-10.225920738636722,-0.1384783747684299
B1_Q_mapped,C0_none,A8_A9_test_60m,256,external_retrospective_evaluation,metric/the_pile_pubmed_abstracts_val_loss,1.4747322584860587,1.374253745275011,-1.3715261879739193,-6.268263595299312,0.1239143138549712
B1_Q_mapped,C0_none,A8_A9_test_60m,256,external_retrospective_evaluation,metric/the_pile_uspto_backgrounds_val_loss,1.4626421620752466,1.3982865844222274,-1.3982865844222274,-10.449433777298562,0.15273814999013258
B1_Q_mapped,C0_none,A10_A11_test_1b,64,external_retrospective_evaluation,metric/the_pile_arxiv_val_loss,3.141574232526224,3.1373440512109,-3.1373440512109,-895.6086053334109,0.5228937728937729
B1_Q_mapped,C0_none,A10_A11_test_1b,64,external_retrospective_evaluation,metric/the_pile_freelaw_val_loss,3.285168750458857,3.282054217132388,-3.282054217132388,-561.2369547329781,0.05086996336996336
B1_Q_mapped,C0_none,A10_A11_test_1b,64,external_retrospective_evaluation,metric/the_pile_pubmed_central_val_loss,3.403759412761854,3.4033372462969065,-3.4033372462969065,-4218.076689207861,0.22005494505494505
B1_Q_mapped,C0_none,A10_A11_test_1b,64,external_retrospective_evaluation,metric/the_pile_wikipedia_en_val_loss,3.3246019218058267,3.3207202171751575,-3.3207202171751575,-440.53102418291013,0.115018315018315
B1_Q_mapped,C0_none,A10_A11_test_1b,64,external_retrospective_evaluation,metric/the_pile_dm_mathematics_val_loss,2.387042540268784,2.3692713745308236,-2.3692713745308236,-63.47877283479728,0.27797619047619043
B1_Q_mapped,C0_none,A10_A11_test_1b,64,external_retrospective_evaluation,metric/the_pile_github_val_loss,4.331795527014041,4.327708329239501,-4.327708329239501,-1301.4084189271784,0.698168498168498
B1_Q_mapped,C0_none,A10_A11_test_1b,64,external_retrospective_evaluation,metric/the_pile_stackexchange_val_loss,3.447237791688784,3.4443806179125533,-3.4443806179125533,-710.9636704503991,0.44088827838827827
B1_Q_mapped,C0_none,A10_A11_test_1b,64,external_retrospective_evaluation,metric/the_pile_gutenberg_pg_19_val_loss,2.608761769536097,2.598470877863682,-2.598470877863682,-115.21998092580088,0.3451465201465201
B1_Q_mapped,C0_none,A10_A11_test_1b,64,external_retrospective_evaluation,metric/the_pile_pile_cc_val_loss,2.736404402588689,2.7345459464804023,-2.7345459464804023,-736.4670914568849,0.1542124542124542
B1_Q_mapped,C0_none,A10_A11_test_1b,64,external_retrospective_evaluation,metric/the_pile_ubuntu_irc_val_loss,3.931981475041711,3.9093113553360856,-3.9093113553360856,-85.4804887477558,0.11167582417582418
B1_Q_mapped,C0_none,A10_A11_test_1b,64,external_retrospective_evaluation,metric/the_pile_hackernews_val_loss,2.264190643195659,2.2557891788275084,-2.2557891788275084,-131.2556852409857,0.2059065934065934
B1_Q_mapped,C0_none,A10_A11_test_1b,64,external_retrospective_evaluation,metric/the_pile_pubmed_abstracts_val_loss,2.9657459496269314,2.963548349559525,-2.963548349559525,-686.7333593676136,0.06025641025641026
B1_Q_mapped,C0_none,A10_A11_test_1b,64,external_retrospective_evaluation,metric/the_pile_uspto_backgrounds_val_loss,2.8050070961746325,2.8015392947101314,-2.8015392947101314,-397.80167579710417,0.08305860805860804
B1_Q_mapped,C0_none,A12_A13_est_10b,63,provided_estimates_extrapolation_audit,metric/the_pile_arxiv_val_loss,3.2957271942791886,3.274241418662101,-3.274241418662101,-115.17981026056583,0.3912824329668003
B1_Q_mapped,C0_none,A12_A13_est_10b,63,provided_estimates_extrapolation_audit,metric/the_pile_freelaw_val_loss,3.540242962161063,3.527464859307472,-3.527464859307472,-131.07158085705007,0.25636656033114924
B1_Q_mapped,C0_none,A12_A13_est_10b,63,provided_estimates_extrapolation_audit,metric/the_pile_pubmed_central_val_loss,3.4555618201240303,3.4460617488266747,-3.4460617488266747,-190.1508410433844,-0.025634255821895643
B1_Q_mapped,C0_none,A12_A13_est_10b,63,provided_estimates_extrapolation_audit,metric/the_pile_wikipedia_en_val_loss,3.87850221047942,3.8705171720012954,-3.8705171720012954,-282.34925643930967,-0.036196053958043296
B1_Q_mapped,C0_none,A12_A13_est_10b,63,provided_estimates_extrapolation_audit,metric/the_pile_dm_mathematics_val_loss,2.5938175568143347,2.5598175964892986,-2.5598175964892986,-36.52600151757074,0.1767755562998702
B1_Q_mapped,C0_none,A12_A13_est_10b,63,provided_estimates_extrapolation_audit,metric/the_pile_github_val_loss,3.569586133451292,3.5402976492138873,-3.5402976492138873,-170.33229401836428,0.433190120855405
B1_Q_mapped,C0_none,A12_A13_est_10b,63,provided_estimates_extrapolation_audit,metric/the_pile_stackexchange_val_loss,3.5249892391795243,3.5126791506763984,-3.5126791506763984,-346.5786906718836,0.2868166816888217
B1_Q_mapped,C0_none,A12_A13_est_10b,63,provided_estimates_extrapolation_audit,metric/the_pile_gutenberg_pg_19_val_loss,3.6226762366884837,3.616527478753586,-3.616527478753586,-285.9606982930607,0.26793557840807214
B1_Q_mapped,C0_none,A12_A13_est_10b,63,provided_estimates_extrapolation_audit,metric/the_pile_pile_cc_val_loss,3.795720891342555,3.7900892278381404,-3.7900892278381404,-324.93125898485795,0.22950819678742146
B1_Q_mapped,C0_none,A12_A13_est_10b,63,provided_estimates_extrapolation_audit,metric/the_pile_ubuntu_irc_val_loss,4.3049529074977055,4.293579365345534,-4.293579365345534,-192.01793863963994,-0.011040971608681643
B1_Q_mapped,C0_none,A12_A13_est_10b,63,provided_estimates_extrapolation_audit,metric/the_pile_hackernews_val_loss,3.584913437676129,3.580621013060522,-3.580621013060522,-435.04514126129385,-0.21061853449169873
B1_Q_mapped,C0_none,A12_A13_est_10b,63,provided_estimates_extrapolation_audit,metric/the_pile_pubmed_abstracts_val_loss,3.6187257606876493,3.6121196806148226,-3.6121196806148226,-282.72677779143885,0.10448119437519823
B1_Q_mapped,C0_none,A12_A13_est_10b,63,provided_estimates_extrapolation_audit,metric/the_pile_uspto_backgrounds_val_loss,3.4592644400800094,3.4521133682976264,-3.4521133682976264,-237.36207293594936,0.1707050705193439
B1_Q_mapped,C0_none,A14_A15_est_70b,63,provided_estimates_extrapolation_audit,metric/the_pile_arxiv_val_loss,3.6542125767893676,3.637663640884322,-3.637663640884322,-232.2322859746803,0.4017713559950479
B1_Q_mapped,C0_none,A14_A15_est_70b,63,provided_estimates_extrapolation_audit,metric/the_pile_freelaw_val_loss,3.9058531531976763,3.8975585101011228,-3.8975585101011228,-224.31807382827918,0.24316539862511682
B1_Q_mapped,C0_none,A14_A15_est_70b,63,provided_estimates_extrapolation_audit,metric/the_pile_pubmed_central_val_loss,3.819651267996375,3.8138617488266746,-3.8138617488266746,-348.92800337041126,0.012049060320778661
B1_Q_mapped,C0_none,A14_A15_est_70b,63,provided_estimates_extrapolation_audit,metric/the_pile_wikipedia_en_val_loss,4.290324409039104,4.284079076763201,-4.284079076763201,-423.2287989338355,-0.07344646330992571
B1_Q_mapped,C0_none,A14_A15_est_70b,63,provided_estimates_extrapolation_audit,metric/the_pile_dm_mathematics_val_loss,2.8700764909449674,2.8516033107750127,-2.8516033107750127,-77.88026280064892,0.1576698749944124
B1_Q_mapped,C0_none,A14_A15_est_70b,63,provided_estimates_extrapolation_audit,metric/the_pile_github_val_loss,3.9492464316267957,3.9224659031821414,-3.9224659031821414,-330.579156824798,0.38751410135253284
B1_Q_mapped,C0_none,A14_A15_est_70b,63,provided_estimates_extrapolation_audit,metric/the_pile_stackexchange_val_loss,3.8988122954769384,3.8879458173430645,-3.8879458173430645,-630.3175023559678,0.2441524152591066
B1_Q_mapped,C0_none,A14_A15_est_70b,63,provided_estimates_extrapolation_audit,metric/the_pile_gutenberg_pg_19_val_loss,4.004832355303933,4.000140177166284,-4.000140177166284,-432.6474142298471,0.24678971756622753
B1_Q_mapped,C0_none,A14_A15_est_70b,63,provided_estimates_extrapolation_audit,metric/the_pile_pile_cc_val_loss,4.203905978323363,4.1995146246635375,-4.1995146246635375,-461.3692867825991,0.22501980180737047
B1_Q_mapped,C0_none,A14_A15_est_70b,63,provided_estimates_extrapolation_audit,metric/the_pile_ubuntu_irc_val_loss,4.7817550539765845,4.774631746297917,-4.774631746297917,-346.6228590390348,-0.03031503150533343
B1_Q_mapped,C0_none,A14_A15_est_70b,63,provided_estimates_extrapolation_audit,metric/the_pile_hackernews_val_loss,3.971356627946076,3.9679162511557604,-3.9679162511557604,-605.297705370783,-0.19648129041014767
B1_Q_mapped,C0_none,A14_A15_est_70b,63,provided_estimates_extrapolation_audit,metric/the_pile_pubmed_abstracts_val_loss,4.003244613700344,3.9984625377576806,-3.9984625377576806,-432.5132588201404,0.13174759382620335
B1_Q_mapped,C0_none,A14_A15_est_70b,63,provided_estimates_extrapolation_audit,metric/the_pile_uspto_backgrounds_val_loss,3.8231931014580014,3.8181562254404833,-3.8181562254404833,-371.59446993908836,0.17982814075176418
B1_Q_mapped,C1_global,A4_A5_train_1m,507,base_fit,metric/the_pile_arxiv_val_loss,0.9207602846133861,0.7290738452511162,-5.570823224154631e-16,0.15481119760820228,0.46951245045077683
B1_Q_mapped,C1_global,A4_A5_train_1m,507,base_fit,metric/the_pile_freelaw_val_loss,0.7735843810600365,0.6655527542826419,-4.905127367180179e-16,0.011403263157714227,0.11274017000157045
B1_Q_mapped,C1_global,A4_A5_train_1m,507,base_fit,metric/the_pile_pubmed_central_val_loss,0.8433675368828599,0.7350451057317953,-5.395640103898197e-16,0.004746368742441942,0.05273146299810016
B1_Q_mapped,C1_global,A4_A5_train_1m,507,base_fit,metric/the_pile_wikipedia_en_val_loss,0.5162688757703064,0.42843138418851884,-3.5562173412056295e-16,0.03913477775224916,0.18600702895492502
B1_Q_mapped,C1_global,A4_A5_train_1m,507,base_fit,metric/the_pile_dm_mathematics_val_loss,1.524615255922849,1.4341687468714237,-9.109522253334617e-17,0.006998049298497455,0.1334032797130068
B1_Q_mapped,C1_global,A4_A5_train_1m,507,base_fit,metric/the_pile_github_val_loss,0.8866393715454318,0.7117472821614899,-4.905127367180179e-16,0.2590645416555868,0.5204191920967621
B1_Q_mapped,C1_global,A4_A5_train_1m,507,base_fit,metric/the_pile_stackexchange_val_loss,0.6933631177554402,0.5600757820541482,-3.994175141846717e-16,0.15732689651258658,0.3586930159127616
B1_Q_mapped,C1_global,A4_A5_train_1m,507,base_fit,metric/the_pile_gutenberg_pg_19_val_loss,0.41543864727861174,0.3308221777342661,-1.6817579544617755e-16,0.0753666763144395,0.319803164284911
B1_Q_mapped,C1_global,A4_A5_train_1m,507,base_fit,metric/the_pile_pile_cc_val_loss,0.31733249592372387,0.2606813208609816,-3.994175141846717e-16,0.004896478847433161,0.08019825373866753
B1_Q_mapped,C1_global,A4_A5_train_1m,507,base_fit,metric/the_pile_ubuntu_irc_val_loss,1.0213231594012222,0.9189572297293997,-6.499293761513737e-16,0.0014156601611390318,0.038988192140901906
B1_Q_mapped,C1_global,A4_A5_train_1m,507,base_fit,metric/the_pile_hackernews_val_loss,0.33819602045381875,0.27832356878093467,-4.817535807051961e-16,0.003490968334949218,0.01594304132236502
B1_Q_mapped,C1_global,A4_A5_train_1m,507,base_fit,metric/the_pile_pubmed_abstracts_val_loss,0.5795195682305923,0.47009049781468837,-5.2554936076930484e-17,0.010216319599744228,0.06493364996663278
B1_Q_mapped,C1_global,A4_A5_train_1m,507,base_fit,metric/the_pile_uspto_backgrounds_val_loss,0.5263909989660118,0.4538202339309703,-5.237975295667405e-16,0.0020751903719028464,0.03810054843067056
B1_Q_mapped,C1_global,A6_A7_test_1m,256,paired_calibration_member,metric/the_pile_arxiv_val_loss,0.7375153939283228,0.6160602476049792,-0.17806403093778908,0.10500249831211128,0.4474861577923422
B1_Q_mapped,C1_global,A6_A7_test_1m,256,paired_calibration_member,metric/the_pile_freelaw_val_loss,0.73855678769932,0.6260235593519059,0.025190021780695668,-0.004230730966470642,0.05787697749239893
B1_Q_mapped,C1_global,A6_A7_test_1m,256,paired_calibration_member,metric/the_pile_pubmed_central_val_loss,0.8389298556336362,0.7508977706149889,-0.09487002032332423,-0.006591474702601019,0.0776076433532286
B1_Q_mapped,C1_global,A6_A7_test_1m,256,paired_calibration_member,metric/the_pile_wikipedia_en_val_loss,0.5412597893299652,0.45614424076888044,0.01932762410022064,0.018624646609941564,0.10165638171004629
B1_Q_mapped,C1_global,A6_A7_test_1m,256,paired_calibration_member,metric/the_pile_dm_mathematics_val_loss,1.5472848630626357,1.4631908758392305,-0.12042347121281413,-0.018200063204991013,0.021872535678493423
B1_Q_mapped,C1_global,A6_A7_test_1m,256,paired_calibration_member,metric/the_pile_github_val_loss,0.7994830457999577,0.657253378961197,-0.14283511134268212,0.24693591145965244,0.5489205712853736
B1_Q_mapped,C1_global,A6_A7_test_1m,256,paired_calibration_member,metric/the_pile_stackexchange_val_loss,0.6280939240647219,0.5057795256403761,-0.08568240626658846,0.10534930289513711,0.32359221860070225
B1_Q_mapped,C1_global,A6_A7_test_1m,256,paired_calibration_member,metric/the_pile_gutenberg_pg_19_val_loss,0.42661630371278275,0.3460911470936232,-0.019831636001776346,0.0958175896480099,0.4095763646871618
B1_Q_mapped,C1_global,A6_A7_test_1m,256,paired_calibration_member,metric/the_pile_pile_cc_val_loss,0.31818487786339006,0.2606649099280717,0.008968316512887153,0.014369527699564677,0.18704578251235576
B1_Q_mapped,C1_global,A6_A7_test_1m,256,paired_calibration_member,metric/the_pile_ubuntu_irc_val_loss,0.9993663433518319,0.9112402682024374,-0.05032447933927704,-0.003914116622667718,-0.007209900738704482
B1_Q_mapped,C1_global,A6_A7_test_1m,256,paired_calibration_member,metric/the_pile_hackernews_val_loss,0.33879742820548686,0.2871580117505427,-0.008107570133387733,-0.014953824668645366,-0.1530326466167591
B1_Q_mapped,C1_global,A6_A7_test_1m,256,paired_calibration_member,metric/the_pile_pubmed_abstracts_val_loss,0.5663781409620198,0.4710639317990838,-0.029262802320423824,0.013737107951104055,0.12080218642869477
B1_Q_mapped,C1_global,A6_A7_test_1m,256,paired_calibration_member,metric/the_pile_uspto_backgrounds_val_loss,0.5073417707634676,0.4277282932618699,-0.021873389028247873,0.010725571445595272,0.1582592972214421
B1_Q_mapped,C1_global,A8_A9_test_60m,256,paired_calibration_member,metric/the_pile_arxiv_val_loss,0.6470511742636643,0.5565876326151926,-0.31229267812284867,-0.28907018880895885,0.4066701524020784
B1_Q_mapped,C1_global,A8_A9_test_60m,256,paired_calibration_member,metric/the_pile_freelaw_val_loss,0.6625516482197723,0.5533113583445555,0.14151421419518587,-0.057885422004103626,0.047828535971794775
B1_Q_mapped,C1_global,A8_A9_test_60m,256,paired_calibration_member,metric/the_pile_pubmed_central_val_loss,0.6408000723450046,0.5494843073770159,-0.29932993755342585,-0.2692191449898198,0.07495221116151825
B1_Q_mapped,C1_global,A8_A9_test_60m,256,paired_calibration_member,metric/the_pile_wikipedia_en_val_loss,0.5113742960283115,0.42512335507477406,0.12638749451694914,-0.04309171611139195,0.10117607929476453
B1_Q_mapped,C1_global,A8_A9_test_60m,256,paired_calibration_member,metric/the_pile_dm_mathematics_val_loss,0.7808780212639499,0.7188526557883892,0.0379112250227508,-0.033143719733898624,0.03014639746370812
B1_Q_mapped,C1_global,A8_A9_test_60m,256,paired_calibration_member,metric/the_pile_github_val_loss,1.287064037695696,1.185563645154789,-1.1230690082962373,-2.518357226703994,0.5407611523690273
B1_Q_mapped,C1_global,A8_A9_test_60m,256,paired_calibration_member,metric/the_pile_stackexchange_val_loss,0.5869160855482944,0.4754330008108835,-0.2494687527892497,-0.11305941632587135,0.32163596081098433
B1_Q_mapped,C1_global,A8_A9_test_60m,256,paired_calibration_member,metric/the_pile_gutenberg_pg_19_val_loss,0.5955529344674121,0.47916759211587456,0.4706793292658499,-1.394330075406732,0.3967269339510054
B1_Q_mapped,C1_global,A8_A9_test_60m,256,paired_calibration_member,metric/the_pile_pile_cc_val_loss,0.5096887930062571,0.42498369962374416,0.40343623894194003,-1.6377205430206705,0.18745312759873398
B1_Q_mapped,C1_global,A8_A9_test_60m,256,paired_calibration_member,metric/the_pile_ubuntu_irc_val_loss,0.8716234808099579,0.6719938596513467,-0.5174050896420552,-0.5389455204149856,0.060014913336445326
B1_Q_mapped,C1_global,A8_A9_test_60m,256,paired_calibration_member,metric/the_pile_hackernews_val_loss,0.5670702785074627,0.48053178001801067,0.47491920496824197,-2.3890556788636887,-0.1384783747684299
B1_Q_mapped,C1_global,A8_A9_test_60m,256,paired_calibration_member,metric/the_pile_pubmed_abstracts_val_loss,0.5490608561860733,0.4482698501270152,0.08784460071435046,-0.007500510554983242,0.1239143138549712
B1_Q_mapped,C1_global,A8_A9_test_60m,256,paired_calibration_member,metric/the_pile_uspto_backgrounds_val_loss,0.43341435384143473,0.3708835784175877,0.06108420426604267,-0.005343359082286447,0.15273814999013258
B1_Q_mapped,C1_global,A10_A11_test_1b,64,external_retrospective_evaluation,metric/the_pile_arxiv_val_loss,0.6945643741121942,0.6751730940888819,-0.6751730940888819,-42.82614361087299,0.5228937728937729
B1_Q_mapped,C1_global,A10_A11_test_1b,64,external_retrospective_evaluation,metric/the_pile_freelaw_val_loss,0.8322634167378422,0.8198832600103703,-0.8198832600103703,-35.084910425598935,0.05086996336996336
B1_Q_mapped,C1_global,A10_A11_test_1b,64,external_retrospective_evaluation,metric/the_pile_pubmed_central_val_loss,0.942691737426577,0.9411662891748888,-0.9411662891748888,-322.6227991441848,0.22005494505494505
B1_Q_mapped,C1_global,A10_A11_test_1b,64,external_retrospective_evaluation,metric/the_pile_wikipedia_en_val_loss,0.8734426195560664,0.8585492600531397,-0.8585492600531397,-29.475488827539877,0.115018315018315
B1_Q_mapped,C1_global,A10_A11_test_1b,64,external_retrospective_evaluation,metric/the_pile_dm_mathematics_val_loss,0.3052139828502152,0.2398647714569598,0.09289958259119464,-0.054157002868316706,0.27797619047619043
B1_Q_mapped,C1_global,A10_A11_test_1b,64,external_retrospective_evaluation,metric/the_pile_github_val_loss,1.874999411108415,1.8655373721174828,-1.8655373721174828,-243.0133398290636,0.698168498168498
B1_Q_mapped,C1_global,A10_A11_test_1b,64,external_retrospective_evaluation,metric/the_pile_stackexchange_val_loss,0.9921826289277403,0.9822096607905352,-0.9822096607905352,-57.97916058698642,0.44088827838827827
B1_Q_mapped,C1_global,A10_A11_test_1b,64,external_retrospective_evaluation,metric/the_pile_gutenberg_pg_19_val_loss,0.2686349483623451,0.20190851980397254,-0.1362999207416639,-0.23235826206513122,0.3451465201465201
B1_Q_mapped,C1_global,A10_A11_test_1b,64,external_retrospective_evaluation,metric/the_pile_pile_cc_val_loss,0.29044045159436693,0.27552626856313833,-0.2723749893583842,-7.3079962334135935,0.1542124542124542
B1_Q_mapped,C1_global,A10_A11_test_1b,64,external_retrospective_evaluation,metric/the_pile_ubuntu_irc_val_loss,1.5073083225586916,1.4471403982140676,-1.4471403982140676,-11.70864953817131,0.11167582417582418
B1_Q_mapped,C1_global,A10_A11_test_1b,64,external_retrospective_evaluation,metric/the_pile_hackernews_val_loss,0.28384483055270066,0.25477926472153023,0.20638177829450943,-1.0785015163206215,0.2059065934065934
B1_Q_mapped,C1_global,A10_A11_test_1b,64,external_retrospective_evaluation,metric/the_pile_pubmed_abstracts_val_loss,0.5142076498837781,0.5013773924375071,-0.5013773924375071,-19.674226296967248,0.06025641025641026
B1_Q_mapped,C1_global,A10_A11_test_1b,64,external_retrospective_evaluation,metric/the_pile_uspto_backgrounds_val_loss,0.36689679521961577,0.3393683375881132,-0.3393683375881132,-5.823023743530223,0.08305860805860804
B1_Q_mapped,C1_global,A12_A13_est_10b,63,provided_estimates_extrapolation_audit,metric/the_pile_arxiv_val_loss,0.3758134499197425,0.312264131949381,0.008653190833924613,-0.5106810785524889,0.3912824329668003
B1_Q_mapped,C1_global,A12_A13_est_10b,63,provided_estimates_extrapolation_audit,metric/the_pile_freelaw_val_loss,0.3874616169050605,0.30658492352005134,-0.24457024981144762,-0.581978631526,0.25636656033114924
B1_Q_mapped,C1_global,A12_A13_est_10b,63,provided_estimates_extrapolation_audit,metric/the_pile_pubmed_central_val_loss,0.3036271254843527,0.23897996355082696,-0.16316713933065033,-0.4757745460129179,-0.025634255821895643
B1_Q_mapped,C1_global,A12_A13_est_10b,63,provided_estimates_extrapolation_audit,metric/the_pile_wikipedia_en_val_loss,0.6381038268981744,0.5876225625052717,-0.5876225625052717,-6.669670194863173,-0.036196053958043296
B1_Q_mapped,C1_global,A12_A13_est_10b,63,provided_estimates_extrapolation_audit,metric/the_pile_dm_mathematics_val_loss,0.8355020990283394,0.7230770130067254,0.7230770130067254,-2.8935748799606125,0.1767755562998702
B1_Q_mapped,C1_global,A12_A13_est_10b,63,provided_estimates_extrapolation_audit,metric/the_pile_github_val_loss,0.5239217918300092,0.4249544968054283,-0.25740303971786294,-2.6909352252968146,0.433190120855405
B1_Q_mapped,C1_global,A12_A13_est_10b,63,provided_estimates_extrapolation_audit,metric/the_pile_stackexchange_val_loss,0.3734103052946624,0.31465410631530705,-0.22978454118037364,-2.900409005435198,0.2868166816888217
B1_Q_mapped,C1_global,A12_A13_est_10b,63,provided_estimates_extrapolation_audit,metric/the_pile_gutenberg_pg_19_val_loss,0.39474422445008456,0.3397814579132165,-0.33363286925756147,-2.4071789575203653,0.26793557840807214
B1_Q_mapped,C1_global,A12_A13_est_10b,63,provided_estimates_extrapolation_audit,metric/the_pile_pile_cc_val_loss,0.5476925331559793,0.5071946183421162,-0.5071946183421162,-5.785957166942068,0.22950819678742146
B1_Q_mapped,C1_global,A12_A13_est_10b,63,provided_estimates_extrapolation_audit,metric/the_pile_ubuntu_irc_val_loss,1.0579600393958977,1.0106847558495107,-1.0106847558495107,-10.65733806872828,-0.011040971608681643
B1_Q_mapped,C1_global,A12_A13_est_10b,63,provided_estimates_extrapolation_audit,metric/the_pile_hackernews_val_loss,0.34554092064438,0.30389970639706304,-0.297726403564498,-3.0511010530346674,-0.21061853449169873
B1_Q_mapped,C1_global,A12_A13_est_10b,63,provided_estimates_extrapolation_audit,metric/the_pile_pubmed_abstracts_val_loss,0.39516666285587787,0.3405409107963255,-0.32922507111879873,-2.3833706738510885,0.10448119437519823
B1_Q_mapped,C1_global,A12_A13_est_10b,63,provided_estimates_extrapolation_audit,metric/the_pile_uspto_backgrounds_val_loss,0.2793899553549415,0.21696186302110132,-0.1692187588016012,-0.5548596923446145,0.1707050705193439
B1_Q_mapped,C1_global,A14_A15_est_70b,63,provided_estimates_extrapolation_audit,metric/the_pile_arxiv_val_loss,0.4852563882529154,0.40182319802396993,0.33882291862631736,-3.112856678722376,0.4017713559950479
B1_Q_mapped,C1_global,A14_A15_est_70b,63,provided_estimates_extrapolation_audit,metric/the_pile_freelaw_val_loss,0.26637595924958657,0.20917862776648558,0.07892804940951666,-0.047983055522835105,0.24316539862511682
B1_Q_mapped,C1_global,A14_A15_est_70b,63,provided_estimates_extrapolation_audit,metric/the_pile_pubmed_central_val_loss,0.265784121032555,0.21768232526878523,0.1626248106839647,-0.6942961848493752,0.012049060320778661
B1_Q_mapped,C1_global,A14_A15_est_70b,63,provided_estimates_extrapolation_audit,metric/the_pile_wikipedia_en_val_loss,0.3849196740961234,0.31933952405617716,-0.30759251725256137,-2.414759341952035,-0.07344646330992571
B1_Q_mapped,C1_global,A14_A15_est_70b,63,provided_estimates_extrapolation_audit,metric/the_pile_dm_mathematics_val_loss,1.1709226896503355,1.1248832487356264,1.1248832487356264,-12.12918746567311,0.1576698749944124
B1_Q_mapped,C1_global,A14_A15_est_70b,63,provided_estimates_extrapolation_audit,metric/the_pile_github_val_loss,0.46230601056080683,0.3739622479026882,0.0540206563284982,-3.543785629964405,0.38751410135253284
B1_Q_mapped,C1_global,A14_A15_est_70b,63,provided_estimates_extrapolation_audit,metric/the_pile_stackexchange_val_loss,0.3040626576715794,0.2328589631891744,0.08854074216757465,-2.8398065930128595,0.2441524152591066
B1_Q_mapped,C1_global,A14_A15_est_70b,63,provided_estimates_extrapolation_audit,metric/the_pile_gutenberg_pg_19_val_loss,0.1952440799039455,0.1594020623199997,-0.023653617655644766,-0.030679950016028856,0.24678971756622753
B1_Q_mapped,C1_global,A14_A15_est_70b,63,provided_estimates_extrapolation_audit,metric/the_pile_pile_cc_val_loss,0.294353375495893,0.24174899195876642,-0.22302806515289808,-1.266840849747568,0.22501980180737047
B1_Q_mapped,C1_global,A14_A15_est_70b,63,provided_estimates_extrapolation_audit,metric/the_pile_ubuntu_irc_val_loss,0.8397075816416175,0.7981451867872763,-0.7981451867872763,-9.71987755624602,-0.03031503150533343
B1_Q_mapped,C1_global,A14_A15_est_70b,63,provided_estimates_extrapolation_audit,metric/the_pile_hackernews_val_loss,0.16549181348496803,0.13942851599707096,0.008570308354878924,-0.052837093895330645,-0.19648129041014767
B1_Q_mapped,C1_global,A14_A15_est_70b,63,provided_estimates_extrapolation_audit,metric/the_pile_pubmed_abstracts_val_loss,0.19684439257733322,0.14749266219477897,-0.021975978247040843,-0.048151895935853783,0.13174759382620335
B1_Q_mapped,C1_global,A14_A15_est_70b,63,provided_estimates_extrapolation_audit,metric/the_pile_uspto_backgrounds_val_loss,0.25210518410556837,0.2116655124338465,0.1583303340701567,-0.6201211426053996,0.17982814075176418
B1_Q_mapped,C1_domain,A4_A5_train_1m,507,base_fit,metric/the_pile_arxiv_val_loss,0.9207602846133861,0.7290738452511162,-5.570823224154631e-16,0.15481119760820228,0.46951245045077683
B1_Q_mapped,C1_domain,A4_A5_train_1m,507,base_fit,metric/the_pile_freelaw_val_loss,0.7735843810600365,0.6655527542826419,-4.905127367180179e-16,0.011403263157714227,0.11274017000157045
B1_Q_mapped,C1_domain,A4_A5_train_1m,507,base_fit,metric/the_pile_pubmed_central_val_loss,0.8433675368828599,0.7350451057317953,-5.395640103898197e-16,0.004746368742441942,0.05273146299810016
B1_Q_mapped,C1_domain,A4_A5_train_1m,507,base_fit,metric/the_pile_wikipedia_en_val_loss,0.5162688757703064,0.42843138418851884,-3.5562173412056295e-16,0.03913477775224916,0.18600702895492502
B1_Q_mapped,C1_domain,A4_A5_train_1m,507,base_fit,metric/the_pile_dm_mathematics_val_loss,1.524615255922849,1.4341687468714237,-9.109522253334617e-17,0.006998049298497455,0.1334032797130068
B1_Q_mapped,C1_domain,A4_A5_train_1m,507,base_fit,metric/the_pile_github_val_loss,0.8866393715454318,0.7117472821614899,-4.905127367180179e-16,0.2590645416555868,0.5204191920967621
B1_Q_mapped,C1_domain,A4_A5_train_1m,507,base_fit,metric/the_pile_stackexchange_val_loss,0.6933631177554402,0.5600757820541482,-3.994175141846717e-16,0.15732689651258658,0.3586930159127616
B1_Q_mapped,C1_domain,A4_A5_train_1m,507,base_fit,metric/the_pile_gutenberg_pg_19_val_loss,0.41543864727861174,0.3308221777342661,-1.6817579544617755e-16,0.0753666763144395,0.319803164284911
B1_Q_mapped,C1_domain,A4_A5_train_1m,507,base_fit,metric/the_pile_pile_cc_val_loss,0.31733249592372387,0.2606813208609816,-3.994175141846717e-16,0.004896478847433161,0.08019825373866753
B1_Q_mapped,C1_domain,A4_A5_train_1m,507,base_fit,metric/the_pile_ubuntu_irc_val_loss,1.0213231594012222,0.9189572297293997,-6.499293761513737e-16,0.0014156601611390318,0.038988192140901906
B1_Q_mapped,C1_domain,A4_A5_train_1m,507,base_fit,metric/the_pile_hackernews_val_loss,0.33819602045381875,0.27832356878093467,-4.817535807051961e-16,0.003490968334949218,0.01594304132236502
B1_Q_mapped,C1_domain,A4_A5_train_1m,507,base_fit,metric/the_pile_pubmed_abstracts_val_loss,0.5795195682305923,0.47009049781468837,-5.2554936076930484e-17,0.010216319599744228,0.06493364996663278
B1_Q_mapped,C1_domain,A4_A5_train_1m,507,base_fit,metric/the_pile_uspto_backgrounds_val_loss,0.5263909989660118,0.4538202339309703,-5.237975295667405e-16,0.0020751903719028464,0.03810054843067056
B1_Q_mapped,C1_domain,A6_A7_test_1m,256,paired_calibration_member,metric/the_pile_arxiv_val_loss,0.7375153939283228,0.6160602476049792,-0.17806403093778908,0.10500249831211128,0.4474861577923422
B1_Q_mapped,C1_domain,A6_A7_test_1m,256,paired_calibration_member,metric/the_pile_freelaw_val_loss,0.73855678769932,0.6260235593519059,0.025190021780695668,-0.004230730966470642,0.05787697749239893
B1_Q_mapped,C1_domain,A6_A7_test_1m,256,paired_calibration_member,metric/the_pile_pubmed_central_val_loss,0.8389298556336362,0.7508977706149889,-0.09487002032332423,-0.006591474702601019,0.0776076433532286
B1_Q_mapped,C1_domain,A6_A7_test_1m,256,paired_calibration_member,metric/the_pile_wikipedia_en_val_loss,0.5412597893299652,0.45614424076888044,0.01932762410022064,0.018624646609941564,0.10165638171004629
B1_Q_mapped,C1_domain,A6_A7_test_1m,256,paired_calibration_member,metric/the_pile_dm_mathematics_val_loss,1.5472848630626357,1.4631908758392305,-0.12042347121281413,-0.018200063204991013,0.021872535678493423
B1_Q_mapped,C1_domain,A6_A7_test_1m,256,paired_calibration_member,metric/the_pile_github_val_loss,0.7994830457999577,0.657253378961197,-0.14283511134268212,0.24693591145965244,0.5489205712853736
B1_Q_mapped,C1_domain,A6_A7_test_1m,256,paired_calibration_member,metric/the_pile_stackexchange_val_loss,0.6280939240647219,0.5057795256403761,-0.08568240626658846,0.10534930289513711,0.32359221860070225
B1_Q_mapped,C1_domain,A6_A7_test_1m,256,paired_calibration_member,metric/the_pile_gutenberg_pg_19_val_loss,0.42661630371278275,0.3460911470936232,-0.019831636001776346,0.0958175896480099,0.4095763646871618
B1_Q_mapped,C1_domain,A6_A7_test_1m,256,paired_calibration_member,metric/the_pile_pile_cc_val_loss,0.31818487786339006,0.2606649099280717,0.008968316512887153,0.014369527699564677,0.18704578251235576
B1_Q_mapped,C1_domain,A6_A7_test_1m,256,paired_calibration_member,metric/the_pile_ubuntu_irc_val_loss,0.9993663433518319,0.9112402682024374,-0.05032447933927704,-0.003914116622667718,-0.007209900738704482
B1_Q_mapped,C1_domain,A6_A7_test_1m,256,paired_calibration_member,metric/the_pile_hackernews_val_loss,0.33879742820548686,0.2871580117505427,-0.008107570133387733,-0.014953824668645366,-0.1530326466167591
B1_Q_mapped,C1_domain,A6_A7_test_1m,256,paired_calibration_member,metric/the_pile_pubmed_abstracts_val_loss,0.5663781409620198,0.4710639317990838,-0.029262802320423824,0.013737107951104055,0.12080218642869477
B1_Q_mapped,C1_domain,A6_A7_test_1m,256,paired_calibration_member,metric/the_pile_uspto_backgrounds_val_loss,0.5073417707634676,0.4277282932618699,-0.021873389028247873,0.010725571445595272,0.1582592972214421
B1_Q_mapped,C1_domain,A8_A9_test_60m,256,paired_calibration_member,metric/the_pile_arxiv_val_loss,0.5940162492900843,0.49363509085824336,-0.1780640309377891,-0.08641550744976367,0.4066701524020784
B1_Q_mapped,C1_domain,A8_A9_test_60m,256,paired_calibration_member,metric/the_pile_freelaw_val_loss,0.6477522295884189,0.5387764253407078,0.025190021780695643,-0.01115326397773475,0.047828535971794775
B1_Q_mapped,C1_domain,A8_A9_test_60m,256,paired_calibration_member,metric/the_pile_pubmed_central_val_loss,0.5744794530335905,0.5008845847983412,-0.09487002032332426,-0.020094745773199252,0.07495221116151825
B1_Q_mapped,C1_domain,A8_A9_test_60m,256,paired_calibration_member,metric/the_pile_wikipedia_en_val_loss,0.49588650810597656,0.4185018143558774,0.019327624100220653,0.019134878507788722,0.10117607929476453
B1_Q_mapped,C1_domain,A8_A9_test_60m,256,paired_calibration_member,metric/the_pile_dm_mathematics_val_loss,0.7891989834821885,0.7316042747481644,-0.12042347121281417,-0.0552791946700848,0.03014639746370812
B1_Q_mapped,C1_domain,A8_A9_test_60m,256,paired_calibration_member,metric/the_pile_github_val_loss,0.6447105620092873,0.5039295286163733,-0.14283511134268212,0.11718604199238092,0.5407611523690273
B1_Q_mapped,C1_domain,A8_A9_test_60m,256,paired_calibration_member,metric/the_pile_stackexchange_val_loss,0.5381238775604943,0.4315309606128094,-0.08568240626658849,0.0643124535897156,0.32163596081098433
B1_Q_mapped,C1_domain,A8_A9_test_60m,256,paired_calibration_member,metric/the_pile_gutenberg_pg_19_val_loss,0.365427914288307,0.2950518242763157,-0.01983163600177634,0.09853945921384077,0.3967269339510054
B1_Q_mapped,C1_domain,A8_A9_test_60m,256,paired_calibration_member,metric/the_pile_pile_cc_val_loss,0.3116124155511659,0.25721108777576124,0.008968316512887178,0.014065375563977134,0.18745312759873398
B1_Q_mapped,C1_domain,A8_A9_test_60m,256,paired_calibration_member,metric/the_pile_ubuntu_irc_val_loss,0.7032439254856974,0.6228125091823138,-0.050324479339277015,-0.0017915917946229598,0.060014913336445326
B1_Q_mapped,C1_domain,A8_A9_test_60m,256,paired_calibration_member,metric/the_pile_hackernews_val_loss,0.3099777124445113,0.2605258405511083,-0.008107570133387719,-0.012665165206674933,-0.1384783747684299
B1_Q_mapped,C1_domain,A8_A9_test_60m,256,paired_calibration_member,metric/the_pile_pubmed_abstracts_val_loss,0.5427775433091944,0.45450812276745917,-0.029262802320423824,0.015426707373774717,0.1239143138549712
B1_Q_mapped,C1_domain,A8_A9_test_60m,256,paired_calibration_member,metric/the_pile_uspto_backgrounds_val_loss,0.42964539710388366,0.36125756746808757,-0.02187338902824786,0.012065481528796718,0.15273814999013258
B1_Q_mapped,C1_domain,A10_A11_test_1b,64,external_retrospective_evaluation,metric/the_pile_arxiv_val_loss,0.4773902718353706,0.448709826991497,-0.448709826991497,-19.704053443324657,0.5228937728937729
B1_Q_mapped,C1_domain,A10_A11_test_1b,64,external_retrospective_evaluation,metric/the_pile_freelaw_val_loss,1.0261542363307452,1.0161391056074065,-1.0161391056074065,-53.856653007907404,0.05086996336996336
B1_Q_mapped,C1_domain,A10_A11_test_1b,64,external_retrospective_evaluation,metric/the_pile_pubmed_central_val_loss,0.5986177806815228,0.5962126461380736,-0.5962126461380736,-129.49652105025413,0.22005494505494505
B1_Q_mapped,C1_domain,A10_A11_test_1b,64,external_retrospective_evaluation,metric/the_pile_wikipedia_en_val_loss,1.0515129756608619,1.0391748458579964,-1.0391748458579964,-43.16835187234152,0.115018315018315
B1_Q_mapped,C1_domain,A10_A11_test_1b,64,external_retrospective_evaluation,metric/the_pile_dm_mathematics_val_loss,0.3389435998719131,0.30726695219441497,-0.17423409830586617,-0.3000238540997615,0.27797619047619043
B1_Q_mapped,C1_domain,A10_A11_test_1b,64,external_retrospective_evaluation,metric/the_pile_github_val_loss,0.2832436653998445,0.23679967841027708,-0.2117400979957241,-4.568416473441655,0.698168498168498
B1_Q_mapped,C1_domain,A10_A11_test_1b,64,external_retrospective_evaluation,metric/the_pile_stackexchange_val_loss,0.7196906685749354,0.7058782522773551,-0.7058782522773551,-30.031808913295702,0.44088827838827827
B1_Q_mapped,C1_domain,A10_A11_test_1b,64,external_retrospective_evaluation,metric/the_pile_gutenberg_pg_19_val_loss,0.9912716931249848,0.963863321484648,-0.963863321484648,-15.780209017190735,0.3451465201465201
B1_Q_mapped,C1_domain,A10_A11_test_1b,64,external_retrospective_evaluation,metric/the_pile_pile_cc_val_loss,0.9433045895351101,0.9378997961102469,-0.9378997961102469,-86.63669263971019,0.1542124542124542
B1_Q_mapped,C1_domain,A10_A11_test_1b,64,external_retrospective_evaluation,metric/the_pile_ubuntu_irc_val_loss,0.7824229254321855,0.6591074169893196,-0.6591074169893196,-2.424351547057897,0.11167582417582418
B1_Q_mapped,C1_domain,A10_A11_test_1b,64,external_retrospective_evaluation,metric/the_pile_hackernews_val_loss,0.6389939572528517,0.6085547041853936,-0.6085547041853936,-9.53372241800019,0.2059065934065934
B1_Q_mapped,C1_domain,A10_A11_test_1b,64,external_retrospective_evaluation,metric/the_pile_pubmed_abstracts_val_loss,0.708214508506094,0.6989546283607857,-0.6989546283607857,-38.217674526111225,0.06025641025641026
B1_Q_mapped,C1_domain,A10_A11_test_1b,64,external_retrospective_evaluation,metric/the_pile_uspto_backgrounds_val_loss,0.4991988755039382,0.4793298733850116,-0.4793298733850116,-11.630956596556157,0.08305860805860804
B1_Q_mapped,C1_domain,A12_A13_est_10b,63,provided_estimates_extrapolation_audit,metric/the_pile_arxiv_val_loss,0.48747907540114244,0.39005423929352784,0.3106042136304371,-1.5417925899424474,0.3912824329668003
B1_Q_mapped,C1_domain,A12_A13_est_10b,63,provided_estimates_extrapolation_audit,metric/the_pile_freelaw_val_loss,0.5887237081177537,0.5157604728080798,-0.5062447106074967,-2.652298717358994,0.25636656033114924
B1_Q_mapped,C1_domain,A12_A13_est_10b,63,provided_estimates_extrapolation_audit,metric/the_pile_pubmed_central_val_loss,0.39196807639495634,0.33546801279632843,0.29677105138510285,-1.4594628931907438,-0.025634255821895643
B1_Q_mapped,C1_domain,A12_A13_est_10b,63,provided_estimates_extrapolation_audit,metric/the_pile_wikipedia_en_val_loss,0.8649951927360578,0.8284566769117478,-0.8284566769117478,-13.093581732607191,-0.036196053958043296
B1_Q_mapped,C1_domain,A12_A13_est_10b,63,provided_estimates_extrapolation_audit,metric/the_pile_dm_mathematics_val_loss,0.5566310263524591,0.45204669376211065,0.3668987718106439,-0.7281771587950481,0.1767755562998702
B1_Q_mapped,C1_domain,A12_A13_est_10b,63,provided_estimates_extrapolation_audit,metric/the_pile_github_val_loss,2.0004042504621933,1.9476599924444813,1.9476599924444813,-52.80703180536944,0.433190120855405
B1_Q_mapped,C1_domain,A12_A13_est_10b,63,provided_estimates_extrapolation_audit,metric/the_pile_stackexchange_val_loss,0.3253616108171994,0.24393320393870907,0.1386573368371994,-1.9612165698330442,0.2868166816888217
B1_Q_mapped,C1_domain,A12_A13_est_10b,63,provided_estimates_extrapolation_audit,metric/the_pile_gutenberg_pg_19_val_loss,1.4524554835709245,1.4370507369148737,-1.4370507369148737,-45.12846860768315,0.26793557840807214
B1_Q_mapped,C1_domain,A12_A13_est_10b,63,provided_estimates_extrapolation_audit,metric/the_pile_pile_cc_val_loss,1.4097947329267602,1.3945610273446003,-1.3945610273446003,-43.96237476678321,0.22950819678742146
B1_Q_mapped,C1_domain,A12_A13_est_10b,63,provided_estimates_extrapolation_audit,metric/the_pile_ubuntu_irc_val_loss,0.3152742310826201,0.24977420269178868,0.04002588578348611,-0.035232299269286615,-0.011040971608681643
B1_Q_mapped,C1_domain,A12_A13_est_10b,63,provided_estimates_extrapolation_audit,metric/the_pile_hackernews_val_loss,1.3953735012405672,1.384308380204369,-1.384308380204369,-65.06250645819657,-0.21061853449169873
B1_Q_mapped,C1_domain,A12_A13_est_10b,63,provided_estimates_extrapolation_audit,metric/the_pile_pubmed_abstracts_val_loss,0.6316763902975704,0.5926613856831701,-0.5926613856831701,-7.645264234346234,0.10448119437519823
B1_Q_mapped,C1_domain,A12_A13_est_10b,63,provided_estimates_extrapolation_audit,metric/the_pile_uspto_backgrounds_val_loss,0.4195732283114942,0.3608171072551102,-0.3558341398641331,-2.5065914330433556,0.1707050705193439
B1_Q_mapped,C1_domain,A14_A15_est_70b,63,provided_estimates_extrapolation_audit,metric/the_pile_arxiv_val_loss,0.7855504805171345,0.7103397374905873,0.7045684958092384,-9.778274753271075,0.4017713559950479
B1_Q_mapped,C1_domain,A14_A15_est_70b,63,provided_estimates_extrapolation_audit,metric/the_pile_freelaw_val_loss,0.3484042706356634,0.2816250222569732,-0.2380315548716646,-0.7927971248996297,0.24316539862511682
B1_Q_mapped,C1_domain,A14_A15_est_70b,63,provided_estimates_extrapolation_audit,metric/the_pile_pubmed_central_val_loss,0.7498097041253495,0.7197362172751149,0.7197362172751149,-12.48445457536238,0.012049060320778661
B1_Q_mapped,C1_domain,A14_A15_est_70b,63,provided_estimates_extrapolation_audit,metric/the_pile_wikipedia_en_val_loss,0.6424336277641104,0.5993087411724086,-0.5993087411724086,-8.512100155621404,-0.07344646330992571
B1_Q_mapped,C1_domain,A14_A15_est_70b,63,provided_estimates_extrapolation_audit,metric/the_pile_dm_mathematics_val_loss,0.7658822041987355,0.6934536241569108,0.6934536241569108,-4.617012148403826,0.1576698749944124
B1_Q_mapped,C1_domain,A14_A15_est_70b,63,provided_estimates_extrapolation_audit,metric/the_pile_github_val_loss,2.7633676743541393,2.7249573001379153,2.7249573001379153,-161.34394675065386,0.38751410135253284
B1_Q_mapped,C1_domain,A14_A15_est_70b,63,provided_estimates_extrapolation_audit,metric/the_pile_stackexchange_val_loss,0.6088122983651778,0.5449792153869211,0.5348249974281036,-14.393947793353748,0.2441524152591066
B1_Q_mapped,C1_domain,A14_A15_est_70b,63,provided_estimates_extrapolation_audit,metric/the_pile_gutenberg_pg_19_val_loss,1.3739332967609645,1.3601955546314337,-1.3601955546314337,-50.03867325393301,0.24678971756622753
B1_Q_mapped,C1_domain,A14_A15_est_70b,63,provided_estimates_extrapolation_audit,metric/the_pile_pile_cc_val_loss,1.3120118520297266,1.2978723774110046,-1.2978723774110046,-44.03586471530921,0.22501980180737047
B1_Q_mapped,C1_domain,A14_A15_est_70b,63,provided_estimates_extrapolation_audit,metric/the_pile_ubuntu_irc_val_loss,0.5415481712768597,0.4771776392446527,0.4745538308122622,-3.4586960071337804,-0.03031503150533343
B1_Q_mapped,C1_domain,A14_A15_est_70b,63,provided_estimates_extrapolation_audit,metric/the_pile_hackernews_val_loss,1.317981888811041,1.3075787429782857,-1.3075787429782857,-65.77701971676557,-0.19648129041014767
B1_Q_mapped,C1_domain,A14_A15_est_70b,63,provided_estimates_extrapolation_audit,metric/the_pile_pubmed_abstracts_val_loss,0.3931835345044355,0.34433322407900274,-0.34106967108814545,-3.1818531071677025,0.13174759382620335
B1_Q_mapped,C1_domain,A14_A15_est_70b,63,provided_estimates_extrapolation_audit,metric/the_pile_uspto_backgrounds_val_loss,0.20754146666666234,0.16040493226796754,-0.06771212018548982,-0.09797815609312477,0.17982814075176418
B1_Q_mapped,C2_mixture_conditioned,A4_A5_train_1m,507,base_fit,metric/the_pile_arxiv_val_loss,0.9207602846133861,0.7290738452511162,-5.570823224154631e-16,0.15481119760820228,0.46951245045077683
B1_Q_mapped,C2_mixture_conditioned,A4_A5_train_1m,507,base_fit,metric/the_pile_freelaw_val_loss,0.7735843810600365,0.6655527542826419,-4.905127367180179e-16,0.011403263157714227,0.11274017000157045
B1_Q_mapped,C2_mixture_conditioned,A4_A5_train_1m,507,base_fit,metric/the_pile_pubmed_central_val_loss,0.8433675368828599,0.7350451057317953,-5.395640103898197e-16,0.004746368742441942,0.05273146299810016
B1_Q_mapped,C2_mixture_conditioned,A4_A5_train_1m,507,base_fit,metric/the_pile_wikipedia_en_val_loss,0.5162688757703064,0.42843138418851884,-3.5562173412056295e-16,0.03913477775224916,0.18600702895492502
B1_Q_mapped,C2_mixture_conditioned,A4_A5_train_1m,507,base_fit,metric/the_pile_dm_mathematics_val_loss,1.524615255922849,1.4341687468714237,-9.109522253334617e-17,0.006998049298497455,0.1334032797130068
B1_Q_mapped,C2_mixture_conditioned,A4_A5_train_1m,507,base_fit,metric/the_pile_github_val_loss,0.8866393715454318,0.7117472821614899,-4.905127367180179e-16,0.2590645416555868,0.5204191920967621
B1_Q_mapped,C2_mixture_conditioned,A4_A5_train_1m,507,base_fit,metric/the_pile_stackexchange_val_loss,0.6933631177554402,0.5600757820541482,-3.994175141846717e-16,0.15732689651258658,0.3586930159127616
B1_Q_mapped,C2_mixture_conditioned,A4_A5_train_1m,507,base_fit,metric/the_pile_gutenberg_pg_19_val_loss,0.41543864727861174,0.3308221777342661,-1.6817579544617755e-16,0.0753666763144395,0.319803164284911
B1_Q_mapped,C2_mixture_conditioned,A4_A5_train_1m,507,base_fit,metric/the_pile_pile_cc_val_loss,0.31733249592372387,0.2606813208609816,-3.994175141846717e-16,0.004896478847433161,0.08019825373866753
B1_Q_mapped,C2_mixture_conditioned,A4_A5_train_1m,507,base_fit,metric/the_pile_ubuntu_irc_val_loss,1.0213231594012222,0.9189572297293997,-6.499293761513737e-16,0.0014156601611390318,0.038988192140901906
B1_Q_mapped,C2_mixture_conditioned,A4_A5_train_1m,507,base_fit,metric/the_pile_hackernews_val_loss,0.33819602045381875,0.27832356878093467,-4.817535807051961e-16,0.003490968334949218,0.01594304132236502
B1_Q_mapped,C2_mixture_conditioned,A4_A5_train_1m,507,base_fit,metric/the_pile_pubmed_abstracts_val_loss,0.5795195682305923,0.47009049781468837,-5.2554936076930484e-17,0.010216319599744228,0.06493364996663278
B1_Q_mapped,C2_mixture_conditioned,A4_A5_train_1m,507,base_fit,metric/the_pile_uspto_backgrounds_val_loss,0.5263909989660118,0.4538202339309703,-5.237975295667405e-16,0.0020751903719028464,0.03810054843067056
B1_Q_mapped,C2_mixture_conditioned,A6_A7_test_1m,256,paired_calibration_member,metric/the_pile_arxiv_val_loss,0.7375153939283228,0.6160602476049792,-0.17806403093778908,0.10500249831211128,0.4474861577923422
B1_Q_mapped,C2_mixture_conditioned,A6_A7_test_1m,256,paired_calibration_member,metric/the_pile_freelaw_val_loss,0.73855678769932,0.6260235593519059,0.025190021780695668,-0.004230730966470642,0.05787697749239893
B1_Q_mapped,C2_mixture_conditioned,A6_A7_test_1m,256,paired_calibration_member,metric/the_pile_pubmed_central_val_loss,0.8389298556336362,0.7508977706149889,-0.09487002032332423,-0.006591474702601019,0.0776076433532286
B1_Q_mapped,C2_mixture_conditioned,A6_A7_test_1m,256,paired_calibration_member,metric/the_pile_wikipedia_en_val_loss,0.5412597893299652,0.45614424076888044,0.01932762410022064,0.018624646609941564,0.10165638171004629
B1_Q_mapped,C2_mixture_conditioned,A6_A7_test_1m,256,paired_calibration_member,metric/the_pile_dm_mathematics_val_loss,1.5472848630626357,1.4631908758392305,-0.12042347121281413,-0.018200063204991013,0.021872535678493423
B1_Q_mapped,C2_mixture_conditioned,A6_A7_test_1m,256,paired_calibration_member,metric/the_pile_github_val_loss,0.7994830457999577,0.657253378961197,-0.14283511134268212,0.24693591145965244,0.5489205712853736
B1_Q_mapped,C2_mixture_conditioned,A6_A7_test_1m,256,paired_calibration_member,metric/the_pile_stackexchange_val_loss,0.6280939240647219,0.5057795256403761,-0.08568240626658846,0.10534930289513711,0.32359221860070225
B1_Q_mapped,C2_mixture_conditioned,A6_A7_test_1m,256,paired_calibration_member,metric/the_pile_gutenberg_pg_19_val_loss,0.42661630371278275,0.3460911470936232,-0.019831636001776346,0.0958175896480099,0.4095763646871618
B1_Q_mapped,C2_mixture_conditioned,A6_A7_test_1m,256,paired_calibration_member,metric/the_pile_pile_cc_val_loss,0.31818487786339006,0.2606649099280717,0.008968316512887153,0.014369527699564677,0.18704578251235576
B1_Q_mapped,C2_mixture_conditioned,A6_A7_test_1m,256,paired_calibration_member,metric/the_pile_ubuntu_irc_val_loss,0.9993663433518319,0.9112402682024374,-0.05032447933927704,-0.003914116622667718,-0.007209900738704482
B1_Q_mapped,C2_mixture_conditioned,A6_A7_test_1m,256,paired_calibration_member,metric/the_pile_hackernews_val_loss,0.33879742820548686,0.2871580117505427,-0.008107570133387733,-0.014953824668645366,-0.1530326466167591
B1_Q_mapped,C2_mixture_conditioned,A6_A7_test_1m,256,paired_calibration_member,metric/the_pile_pubmed_abstracts_val_loss,0.5663781409620198,0.4710639317990838,-0.029262802320423824,0.013737107951104055,0.12080218642869477
B1_Q_mapped,C2_mixture_conditioned,A6_A7_test_1m,256,paired_calibration_member,metric/the_pile_uspto_backgrounds_val_loss,0.5073417707634676,0.4277282932618699,-0.021873389028247873,0.010725571445595272,0.1582592972214421
B1_Q_mapped,C2_mixture_conditioned,A8_A9_test_60m,256,paired_calibration_member,metric/the_pile_arxiv_val_loss,0.6524144579792776,0.5405082227422706,-0.17806403093778908,-0.3105284671873694,0.14046263447013044
B1_Q_mapped,C2_mixture_conditioned,A8_A9_test_60m,256,paired_calibration_member,metric/the_pile_freelaw_val_loss,0.707330080469413,0.5829324880830331,0.025190021780695765,-0.20571151967371804,-0.49064145113298224
B1_Q_mapped,C2_mixture_conditioned,A8_A9_test_60m,256,paired_calibration_member,metric/the_pile_pubmed_central_val_loss,0.74774280982754,0.6419563012557055,-0.09487002032332417,-0.7282079611804195,-0.812758211261158
B1_Q_mapped,C2_mixture_conditioned,A8_A9_test_60m,256,paired_calibration_member,metric/the_pile_wikipedia_en_val_loss,0.5308560166251106,0.44657246061430134,0.019327624100220535,-0.12408252151908927,-0.1530892366674296
B1_Q_mapped,C2_mixture_conditioned,A8_A9_test_60m,256,paired_calibration_member,metric/the_pile_dm_mathematics_val_loss,1.1878894991739815,1.0259631572250298,-0.12042347121281421,-1.3908175104973832,-0.6246094644083313
B1_Q_mapped,C2_mixture_conditioned,A8_A9_test_60m,256,paired_calibration_member,metric/the_pile_github_val_loss,0.7211193544510244,0.587883973240235,-0.14283511134268226,-0.10447000209696133,0.3130371652552071
B1_Q_mapped,C2_mixture_conditioned,A8_A9_test_60m,256,paired_calibration_member,metric/the_pile_stackexchange_val_loss,0.5904069440967098,0.4684093949175427,-0.08568240626658848,-0.12633929826378165,0.13339007782101164
B1_Q_mapped,C2_mixture_conditioned,A8_A9_test_60m,256,paired_calibration_member,metric/the_pile_gutenberg_pg_19_val_loss,0.4044417175501735,0.3270118929604555,-0.019831636001776377,-0.104218896887454,0.09832699130235752
B1_Q_mapped,C2_mixture_conditioned,A8_A9_test_60m,256,paired_calibration_member,metric/the_pile_pile_cc_val_loss,0.31908644339299375,0.2633195904265962,0.008968316512887403,-0.03379712333702645,-0.13838406958113983
B1_Q_mapped,C2_mixture_conditioned,A8_A9_test_60m,256,paired_calibration_member,metric/the_pile_ubuntu_irc_val_loss,0.894619685216434,0.7721038271402074,-0.05032447933927696,-0.6212213098589399,-0.5830617704280154
B1_Q_mapped,C2_mixture_conditioned,A8_A9_test_60m,256,paired_calibration_member,metric/the_pile_hackernews_val_loss,0.33299444571423575,0.27926218802482866,-0.008107570133387566,-0.16863506225052727,-0.5310454337376973
B1_Q_mapped,C2_mixture_conditioned,A8_A9_test_60m,256,paired_calibration_member,metric/the_pile_pubmed_abstracts_val_loss,0.565722220260363,0.47107374825720416,-0.029262802320423956,-0.06957386716769687,-0.2004148546578164
B1_Q_mapped,C2_mixture_conditioned,A8_A9_test_60m,256,paired_calibration_member,metric/the_pile_uspto_backgrounds_val_loss,0.47290899339186176,0.39205397226604355,-0.0218733890282476,-0.19691408960994927,-0.6298058766308079
B1_Q_mapped,C2_mixture_conditioned,A10_A11_test_1b,64,external_retrospective_evaluation,metric/the_pile_arxiv_val_loss,0.5261701688891275,0.4884386096280158,-0.4826740300973146,-24.151314908728942,-0.1948260073260073
B1_Q_mapped,C2_mixture_conditioned,A10_A11_test_1b,64,external_retrospective_evaluation,metric/the_pile_freelaw_val_loss,1.0202600289219619,0.9998425443878021,-0.9998425443878021,-53.22827208754814,-0.5748626373626373
B1_Q_mapped,C2_mixture_conditioned,A10_A11_test_1b,64,external_retrospective_evaluation,metric/the_pile_pubmed_central_val_loss,0.6591367807523213,0.6137595089222032,-0.6137595089222032,-157.21614623605467,-0.659065934065934
B1_Q_mapped,C2_mixture_conditioned,A10_A11_test_1b,64,external_retrospective_evaluation,metric/the_pile_wikipedia_en_val_loss,1.0626545053423309,1.0460555151323931,-1.0460555151323931,-44.10930097312782,-0.2643772893772893
B1_Q_mapped,C2_mixture_conditioned,A10_A11_test_1b,64,external_retrospective_evaluation,metric/the_pile_dm_mathematics_val_loss,0.7392633216009727,0.5904484410899844,0.03523724546077685,-5.184360026616473,-0.5734432234432234
B1_Q_mapped,C2_mixture_conditioned,A10_A11_test_1b,64,external_retrospective_evaluation,metric/the_pile_github_val_loss,0.20983823860036424,0.16756478834400607,-0.09439243983026945,-2.056191489728687,0.3046245421245421
B1_Q_mapped,C2_mixture_conditioned,A10_A11_test_1b,64,external_retrospective_evaluation,metric/the_pile_stackexchange_val_loss,0.6870144083039619,0.6685099873240659,-0.6685099873240659,-27.277892525862267,0.09583333333333333
B1_Q_mapped,C2_mixture_conditioned,A10_A11_test_1b,64,external_retrospective_evaluation,metric/the_pile_gutenberg_pg_19_val_loss,0.9908285356401901,0.9492665992642528,-0.9492665992642528,-15.76520886527478,-0.2595238095238095
B1_Q_mapped,C2_mixture_conditioned,A10_A11_test_1b,64,external_retrospective_evaluation,metric/the_pile_pile_cc_val_loss,0.9439688022145731,0.9380086336858878,-0.9380086336858878,-86.76015201155765,-0.26630036630036624
B1_Q_mapped,C2_mixture_conditioned,A10_A11_test_1b,64,external_retrospective_evaluation,metric/the_pile_ubuntu_irc_val_loss,0.9420298274596824,0.5973431388053075,-0.5608175531482554,-3.9639170710412417,-0.5412087912087912
B1_Q_mapped,C2_mixture_conditioned,A10_A11_test_1b,64,external_retrospective_evaluation,metric/the_pile_hackernews_val_loss,0.6275735819100694,0.5916770987433173,-0.5916770987433173,-9.160560687548545,-0.22967032967032966
B1_Q_mapped,C2_mixture_conditioned,A10_A11_test_1b,64,external_retrospective_evaluation,metric/the_pile_pubmed_abstracts_val_loss,0.7081620863009914,0.6964276673257659,-0.6964276673257659,-38.21186893793219,-0.17174908424908422
B1_Q_mapped,C2_mixture_conditioned,A10_A11_test_1b,64,external_retrospective_evaluation,metric/the_pile_uspto_backgrounds_val_loss,0.49573445617729267,0.4660096920207196,-0.4660096920207196,-11.456248320099467,-0.5061813186813185
B1_Q_mapped,C2_mixture_conditioned,A12_A13_est_10b,63,provided_estimates_extrapolation_audit,metric/the_pile_arxiv_val_loss,0.5953652183470997,0.4781985884496941,0.23339827205030977,-2.791360405885981,-0.30539554531490015
B1_Q_mapped,C2_mixture_conditioned,A12_A13_est_10b,63,provided_estimates_extrapolation_audit,metric/the_pile_freelaw_val_loss,0.7293263065188546,0.5639536045091526,-0.5478363696480352,-4.605146878202381,-0.6309523809523809
B1_Q_mapped,C2_mixture_conditioned,A12_A13_est_10b,63,provided_estimates_extrapolation_audit,metric/the_pile_pubmed_central_val_loss,0.7239604160282477,0.6390322650217755,0.3211773738514189,-7.390126739511368,-0.45199692780337947
B1_Q_mapped,C2_mixture_conditioned,A12_A13_est_10b,63,provided_estimates_extrapolation_audit,metric/the_pile_wikipedia_en_val_loss,0.8789238111736422,0.8289074497357939,-0.8289074497357939,-13.55112096839321,-0.37558505159271816
B1_Q_mapped,C2_mixture_conditioned,A12_A13_est_10b,63,provided_estimates_extrapolation_audit,metric/the_pile_dm_mathematics_val_loss,1.3761936670562045,1.1266599794947099,0.5874730078293322,-9.563614661706607,-0.5553475422427036
B1_Q_mapped,C2_mixture_conditioned,A12_A13_est_10b,63,provided_estimates_extrapolation_audit,metric/the_pile_github_val_loss,2.112741408426668,2.0258861204980665,2.0258861204980665,-59.02002703185336,-0.10258256528417821
B1_Q_mapped,C2_mixture_conditioned,A12_A13_est_10b,63,provided_estimates_extrapolation_audit,metric/the_pile_stackexchange_val_loss,0.39084128131141554,0.2871636666273199,0.1534524045033202,-3.2730542694868667,-0.1457390761802837
B1_Q_mapped,C2_mixture_conditioned,A12_A13_est_10b,63,provided_estimates_extrapolation_audit,metric/the_pile_gutenberg_pg_19_val_loss,1.4930848325438915,1.4600334255957854,-1.4600334255957854,-47.74525462621609,-0.37485599078341014
B1_Q_mapped,C2_mixture_conditioned,A12_A13_est_10b,63,provided_estimates_extrapolation_audit,metric/the_pile_pile_cc_val_loss,1.4192533608112539,1.4020894294536452,-1.4020894294536452,-44.56772392717809,-0.04257872503840246
B1_Q_mapped,C2_mixture_conditioned,A12_A13_est_10b,63,provided_estimates_extrapolation_audit,metric/the_pile_ubuntu_irc_val_loss,0.5615902392974004,0.454706111186198,0.10467891745395365,-2.2847321789502897,-0.28581029185867896
B1_Q_mapped,C2_mixture_conditioned,A12_A13_est_10b,63,provided_estimates_extrapolation_audit,metric/the_pile_hackernews_val_loss,1.4182136067886295,1.4002126502660435,-1.4002126502660435,-67.24288839975058,-0.42113095238095244
B1_Q_mapped,C2_mixture_conditioned,A12_A13_est_10b,63,provided_estimates_extrapolation_audit,metric/the_pile_pubmed_abstracts_val_loss,0.6358256108604697,0.5824568252800605,-0.5824568252800605,-7.759211565325373,-0.16772273425499232
B1_Q_mapped,C2_mixture_conditioned,A12_A13_est_10b,63,provided_estimates_extrapolation_audit,metric/the_pile_uspto_backgrounds_val_loss,0.4803442415676494,0.3768824521501195,-0.36473808514512385,-3.5959448223114006,-0.42572035477761727
B1_Q_mapped,C2_mixture_conditioned,A14_A15_est_70b,63,provided_estimates_extrapolation_audit,metric/the_pile_arxiv_val_loss,0.8291623014304533,0.7096253623086757,0.6110509067524055,-11.00826185185567,-0.34423003072196623
B1_Q_mapped,C2_mixture_conditioned,A14_A15_est_70b,63,provided_estimates_extrapolation_audit,metric/the_pile_freelaw_val_loss,0.5546994720674867,0.39114099255136875,-0.288410471296228,-3.5444330798049695,-0.6185195852534563
B1_Q_mapped,C2_mixture_conditioned,A14_A15_est_70b,63,provided_estimates_extrapolation_audit,metric/the_pile_pubmed_central_val_loss,1.0203289342827178,0.9204779765403512,0.7492989735614903,-23.969605214295676,-0.3638152841781874
B1_Q_mapped,C2_mixture_conditioned,A14_A15_est_70b,63,provided_estimates_extrapolation_audit,metric/the_pile_wikipedia_en_val_loss,0.6629935589910124,0.5998547508039774,-0.5998547508039774,-9.130677761918497,-0.40029761904761907
B1_Q_mapped,C2_mixture_conditioned,A14_A15_est_70b,63,provided_estimates_extrapolation_audit,metric/the_pile_dm_mathematics_val_loss,1.6702128100419598,1.4321692235216172,0.9606295738098584,-25.713145318041192,-0.5606278801843319
B1_Q_mapped,C2_mixture_conditioned,A14_A15_est_70b,63,provided_estimates_extrapolation_audit,metric/the_pile_github_val_loss,2.8897290688038177,2.8197106150654974,2.8197106150654974,-176.53051274131326,-0.23655913978494625
B1_Q_mapped,C2_mixture_conditioned,A14_A15_est_70b,63,provided_estimates_extrapolation_audit,metric/the_pile_stackexchange_val_loss,0.6609001913055759,0.5570556715117152,0.5527458857658532,-17.140737156702848,-0.2313295810648179
B1_Q_mapped,C2_mixture_conditioned,A14_A15_est_70b,63,provided_estimates_extrapolation_audit,metric/the_pile_gutenberg_pg_19_val_loss,1.4231431379744632,1.3880338996019694,-1.3880338996019694,-53.76022770109297,-0.396889400921659
B1_Q_mapped,C2_mixture_conditioned,A14_A15_est_70b,63,provided_estimates_extrapolation_audit,metric/the_pile_pile_cc_val_loss,1.3236189194111563,1.306991338986748,-1.306991338986748,-44.83623335635578,-0.03701036866359447
B1_Q_mapped,C2_mixture_conditioned,A14_A15_est_70b,63,provided_estimates_extrapolation_audit,metric/the_pile_ubuntu_irc_val_loss,0.7952416664077773,0.6777076213040609,0.5528664000691526,-8.614615686494252,-0.24601869743872
B1_Q_mapped,C2_mixture_conditioned,A14_A15_est_70b,63,provided_estimates_extrapolation_audit,metric/the_pile_hackernews_val_loss,1.345746872163353,1.326843179904204,-1.326843179904204,-68.62014216882514,-0.3632872503840246
B1_Q_mapped,C2_mixture_conditioned,A14_A15_est_70b,63,provided_estimates_extrapolation_audit,metric/the_pile_pubmed_abstracts_val_loss,0.4064588052582968,0.34686964861978525,-0.32870914718606625,-3.469008711986336,-0.1469374039938556
B1_Q_mapped,C2_mixture_conditioned,A14_A15_est_70b,63,provided_estimates_extrapolation_audit,metric/the_pile_uspto_backgrounds_val_loss,0.31486521069893314,0.2311302897014956,-0.07849724214282076,-1.5271632279951675,-0.39229052167889733
M1_Q_mapped,C0_none,A4_A5_train_1m,507,base_fit,metric/the_pile_arxiv_val_loss,0.6917814835744279,0.5440503059129461,2.7591341440388504e-16,0.5229120534792289,0.8034478491250407
M1_Q_mapped,C0_none,A4_A5_train_1m,507,base_fit,metric/the_pile_freelaw_val_loss,0.4737860242890134,0.4098515324789349,-1.323508473537366e-15,0.6291756202676155,0.8334095130898124
M1_Q_mapped,C0_none,A4_A5_train_1m,507,base_fit,metric/the_pile_pubmed_central_val_loss,0.5636193571703952,0.4811266763601028,-6.656958569744528e-17,0.5554999529080171,0.8026011857155039
M1_Q_mapped,C0_none,A4_A5_train_1m,507,base_fit,metric/the_pile_wikipedia_en_val_loss,0.281022315222767,0.23094355853518553,-3.5562173412056295e-16,0.7152968958036385,0.8721312658847223
M1_Q_mapped,C0_none,A4_A5_train_1m,507,base_fit,metric/the_pile_dm_mathematics_val_loss,1.1609506025828211,1.0669043270792071,-1.5416114582566276e-16,0.42421935503342856,0.7573079620982078
M1_Q_mapped,C0_none,A4_A5_train_1m,507,base_fit,metric/the_pile_github_val_loss,0.6392065815229852,0.5077691354889852,-1.1492012688822133e-15,0.6149041573609311,0.8432692975262697
M1_Q_mapped,C0_none,A4_A5_train_1m,507,base_fit,metric/the_pile_stackexchange_val_loss,0.4736739721761966,0.3801738872990679,5.605859848205919e-17,0.6067246716431646,0.8340804903889201
M1_Q_mapped,C0_none,A4_A5_train_1m,507,base_fit,metric/the_pile_gutenberg_pg_19_val_loss,0.23713898639698522,0.18340585751754335,-4.9051273671801786e-17,0.698725989435133,0.8865385398053347
M1_Q_mapped,C0_none,A4_A5_train_1m,507,base_fit,metric/the_pile_pile_cc_val_loss,0.15139942707870627,0.12388961609396121,-1.6922689416771617e-15,0.7734898690140666,0.8948765399928068
M1_Q_mapped,C0_none,A4_A5_train_1m,507,base_fit,metric/the_pile_ubuntu_irc_val_loss,0.6669090899391,0.5870262541127581,-2.1722706911797935e-16,0.57421371850442,0.7998788797119191
M1_Q_mapped,C0_none,A4_A5_train_1m,507,base_fit,metric/the_pile_hackernews_val_loss,0.1907449590476894,0.15409404959279802,3.7664370855133516e-16,0.6830064744606575,0.8488052515782746
M1_Q_mapped,C0_none,A4_A5_train_1m,507,base_fit,metric/the_pile_pubmed_abstracts_val_loss,0.29207607943807257,0.22456307353600638,8.338716524206304e-16,0.7485821781603159,0.9193628376732162
M1_Q_mapped,C0_none,A4_A5_train_1m,507,base_fit,metric/the_pile_uspto_backgrounds_val_loss,0.28348870692619865,0.24626942963417656,-1.092266754798872e-15,0.7105640737532032,0.8560483442504879
M1_Q_mapped,C0_none,A6_A7_test_1m,256,external_retrospective_evaluation,metric/the_pile_arxiv_val_loss,0.5756487682753315,0.477307641995251,-0.16327992438750744,0.4547510935778577,0.7458521686884869
M1_Q_mapped,C0_none,A6_A7_test_1m,256,external_retrospective_evaluation,metric/the_pile_freelaw_val_loss,0.48084626985580703,0.4165506933813792,-0.03159822368223007,0.5743249239377579,0.7704888132295717
M1_Q_mapped,C0_none,A6_A7_test_1m,256,external_retrospective_evaluation,metric/the_pile_pubmed_central_val_loss,0.5309192395650736,0.4583600118101122,-0.04674712795473421,0.5968572307499419,0.8330031185626
M1_Q_mapped,C0_none,A6_A7_test_1m,256,external_retrospective_evaluation,metric/the_pile_wikipedia_en_val_loss,0.2925794045945529,0.24520656653517814,0.014918499692881913,0.7132449189410461,0.8725266079194324
M1_Q_mapped,C0_none,A6_A7_test_1m,256,external_retrospective_evaluation,metric/the_pile_dm_mathematics_val_loss,1.165055615993998,1.053276732323968,-0.04549960270192703,0.4227208378348566,0.7524176012817576
M1_Q_mapped,C0_none,A6_A7_test_1m,256,external_retrospective_evaluation,metric/the_pile_github_val_loss,0.582755943812991,0.4747112226740126,-0.12518246694610657,0.5998831466000801,0.8515363927672236
M1_Q_mapped,C0_none,A6_A7_test_1m,256,external_retrospective_evaluation,metric/the_pile_stackexchange_val_loss,0.43391421336656394,0.3465245282770141,-0.08418764654333524,0.5730155367432369,0.819646944380865
M1_Q_mapped,C0_none,A6_A7_test_1m,256,external_retrospective_evaluation,metric/the_pile_gutenberg_pg_19_val_loss,0.25239255086665463,0.19661087238981922,-0.017506308780499462,0.6835287787787592,0.8939531357289995
M1_Q_mapped,C0_none,A6_A7_test_1m,256,external_retrospective_evaluation,metric/the_pile_pile_cc_val_loss,0.15378009810110868,0.12415448573522452,0.0003957072751846792,0.7697734962281859,0.8973520828564888
M1_Q_mapped,C0_none,A6_A7_test_1m,256,external_retrospective_evaluation,metric/the_pile_ubuntu_irc_val_loss,0.6485863967344176,0.568117822890136,-0.03443480285520663,0.5771534475103447,0.7615300984206911
M1_Q_mapped,C0_none,A6_A7_test_1m,256,external_retrospective_evaluation,metric/the_pile_hackernews_val_loss,0.1911765570843624,0.15595488018414325,-0.015550112103812859,0.6768267939268904,0.8436598764019224
M1_Q_mapped,C0_none,A6_A7_test_1m,256,external_retrospective_evaluation,metric/the_pile_pubmed_abstracts_val_loss,0.2634955822357696,0.20329069722840476,-0.006510224383726289,0.7865351353537783,0.9251573586633094
M1_Q_mapped,C0_none,A6_A7_test_1m,256,external_retrospective_evaluation,metric/the_pile_uspto_backgrounds_val_loss,0.28283183136721807,0.2462006211727952,-0.01968463064999277,0.6925516874058448,0.8077012760357059
M1_Q_mapped,C0_none,A8_A9_test_60m,256,external_retrospective_evaluation,metric/the_pile_arxiv_val_loss,1.8212600844482492,1.7569738484068695,-1.7568793602608368,-9.212762786310178,0.7576290341039138
M1_Q_mapped,C0_none,A8_A9_test_60m,256,external_retrospective_evaluation,metric/the_pile_freelaw_val_loss,1.440105026942237,1.3750801365932097,-1.3746448199560102,-3.9978991421413523,0.7640628576333256
M1_Q_mapped,C0_none,A8_A9_test_60m,256,external_retrospective_evaluation,metric/the_pile_pubmed_central_val_loss,1.7559428777308301,1.710577833873106,-1.710577833873106,-8.53042521654565,0.8522266250858318
M1_Q_mapped,C0_none,A8_A9_test_60m,256,external_retrospective_evaluation,metric/the_pile_wikipedia_en_val_loss,1.365389491808498,1.3373924185786596,-1.3373924185786596,-6.436315707723995,0.8725537880521859
M1_Q_mapped,C0_none,A8_A9_test_60m,256,external_retrospective_evaluation,metric/the_pile_dm_mathematics_val_loss,1.56106586278541,1.4208308445728646,-1.346535695154632,-3.1289231059903626,0.7356352998397802
M1_Q_mapped,C0_none,A8_A9_test_60m,256,external_retrospective_evaluation,metric/the_pile_github_val_loss,2.6147736743449963,2.565678701208164,-2.5647871525879316,-13.521377932265763,0.8567084859235522
M1_Q_mapped,C0_none,A8_A9_test_60m,256,external_retrospective_evaluation,metric/the_pile_stackexchange_val_loss,1.7499661178452102,1.7078521904943953,-1.7073447817542666,-8.895223402727487,0.8208571755550468
M1_Q_mapped,C0_none,A8_A9_test_60m,256,external_retrospective_evaluation,metric/the_pile_gutenberg_pg_19_val_loss,1.007645822794551,0.9863661322011432,-0.9863661322011432,-5.854236742878499,0.8976839665827419
M1_Q_mapped,C0_none,A8_A9_test_60m,256,external_retrospective_evaluation,metric/the_pile_pile_cc_val_loss,1.0758980031942058,1.0645071589840325,-1.0645071589840325,-10.753326906402387,0.8870450904097045
M1_Q_mapped,C0_none,A8_A9_test_60m,256,external_retrospective_evaluation,metric/the_pile_ubuntu_irc_val_loss,2.0320956095047897,1.9608862018462552,-1.9608862018462552,-7.36476372787005,0.7589637216754405
M1_Q_mapped,C0_none,A8_A9_test_60m,256,external_retrospective_evaluation,metric/the_pile_hackernews_val_loss,1.007809797177501,0.9918941256904532,-0.9918941256904532,-9.704393972582562,0.8379155699244677
M1_Q_mapped,C0_none,A8_A9_test_60m,256,external_retrospective_evaluation,metric/the_pile_pubmed_abstracts_val_loss,1.3740337942082599,1.348773610037222,-1.348773610037222,-5.30956091464664,0.9223134584573128
M1_Q_mapped,C0_none,A8_A9_test_60m,256,external_retrospective_evaluation,metric/the_pile_uspto_backgrounds_val_loss,1.417674297881802,1.3960978260439723,-1.3960978260439723,-9.756246951881954,0.7858634699015792
M1_Q_mapped,C0_none,A10_A11_test_1b,64,external_retrospective_evaluation,metric/the_pile_arxiv_val_loss,3.2021946901178806,3.186351392730012,-3.186351392730012,-930.5447370089546,0.8437271062271062
M1_Q_mapped,C0_none,A10_A11_test_1b,64,external_retrospective_evaluation,metric/the_pile_freelaw_val_loss,3.368330745994477,3.362666219457932,-3.362666219457932,-590.0626009291955,0.7173076923076922
M1_Q_mapped,C0_none,A10_A11_test_1b,64,external_retrospective_evaluation,metric/the_pile_pubmed_central_val_loss,3.379520279739572,3.3615241717665656,-3.3615241717665656,-4158.200174163627,0.7800366300366298
M1_Q_mapped,C0_none,A10_A11_test_1b,64,external_retrospective_evaluation,metric/the_pile_wikipedia_en_val_loss,3.307547868021558,3.3048723152997517,-3.3048723152997517,-436.01284056891075,0.7994047619047617
M1_Q_mapped,C0_none,A10_A11_test_1b,64,external_retrospective_evaluation,metric/the_pile_dm_mathematics_val_loss,2.680398794287365,2.6232502017731703,-2.6232502017731703,-80.3008850886323,0.6736721611721611
M1_Q_mapped,C0_none,A10_A11_test_1b,64,external_retrospective_evaluation,metric/the_pile_github_val_loss,4.438145912321656,4.428272084300586,-4.428272084300586,-1366.144597482241,0.7051739926739925
M1_Q_mapped,C0_none,A10_A11_test_1b,64,external_retrospective_evaluation,metric/the_pile_stackexchange_val_loss,3.539558119187978,3.5347445012365153,-3.5347445012365153,-749.6084418611833,0.7335164835164835
M1_Q_mapped,C0_none,A10_A11_test_1b,64,external_retrospective_evaluation,metric/the_pile_gutenberg_pg_19_val_loss,2.677303823115724,2.6712045926166486,-2.6712045926166486,-121.40728723748943,0.6333333333333333
M1_Q_mapped,C0_none,A10_A11_test_1b,64,external_retrospective_evaluation,metric/the_pile_pile_cc_val_loss,2.683260125076105,2.6808831378579714,-2.6808831378579714,-708.1002490159682,0.8795787545787543
M1_Q_mapped,C0_none,A10_A11_test_1b,64,external_retrospective_evaluation,metric/the_pile_ubuntu_irc_val_loss,4.111814428878455,4.053774410322882,-4.052158291650357,-93.57192337623492,0.6568223443223442
M1_Q_mapped,C0_none,A10_A11_test_1b,64,external_retrospective_evaluation,metric/the_pile_hackernews_val_loss,2.3210840037235085,2.3149156104594617,-2.3149156104594617,-137.98568902456552,0.574679487179487
M1_Q_mapped,C0_none,A10_A11_test_1b,64,external_retrospective_evaluation,metric/the_pile_pubmed_abstracts_val_loss,3.0223014451713883,3.0133806945928976,-3.0133806945928976,-713.2130093472872,0.6417124542124542
M1_Q_mapped,C0_none,A10_A11_test_1b,64,external_retrospective_evaluation,metric/the_pile_uspto_backgrounds_val_loss,2.868357890715245,2.8658884886909473,-2.8658884886909473,-416.0188846038957,0.6593406593406592
M1_Q_mapped,C0_none,A12_A13_est_10b,63,provided_estimates_extrapolation_audit,metric/the_pile_arxiv_val_loss,3.380896040923645,3.334468188911472,-3.334468188911472,-121.26208155219602,0.6932603686635945
M1_Q_mapped,C0_none,A12_A13_est_10b,63,provided_estimates_extrapolation_audit,metric/the_pile_freelaw_val_loss,3.447715149181613,3.4092160107648968,-3.4092160107648968,-124.25815035873323,0.7170218894009217
M1_Q_mapped,C0_none,A12_A13_est_10b,63,provided_estimates_extrapolation_audit,metric/the_pile_pubmed_central_val_loss,3.4661589670111637,3.4346805204480377,-3.4346805204480377,-191.32504059437036,0.6750192012288787
M1_Q_mapped,C0_none,A12_A13_est_10b,63,provided_estimates_extrapolation_audit,metric/the_pile_wikipedia_en_val_loss,3.875618477612898,3.8609001303611836,-3.8609001303611836,-281.9280630229235,0.3939466674201995
M1_Q_mapped,C0_none,A12_A13_est_10b,63,provided_estimates_extrapolation_audit,metric/the_pile_dm_mathematics_val_loss,2.8185117903895405,2.746986822149989,-2.7296231741294865,-43.309122824333436,0.6514496927803379
M1_Q_mapped,C0_none,A12_A13_est_10b,63,provided_estimates_extrapolation_audit,metric/the_pile_github_val_loss,3.661027246261229,3.619103957491942,-3.619103957491942,-179.22267026930243,0.624375960061444
M1_Q_mapped,C0_none,A12_A13_est_10b,63,provided_estimates_extrapolation_audit,metric/the_pile_stackexchange_val_loss,3.5697728251419547,3.547259950097935,-3.547259950097935,-355.4664902570449,0.5248478884773162
M1_Q_mapped,C0_none,A12_A13_est_10b,63,provided_estimates_extrapolation_audit,metric/the_pile_gutenberg_pg_19_val_loss,3.5840828500431967,3.570588112716989,-3.570588112716989,-279.87912044056634,0.5072964669738863
M1_Q_mapped,C0_none,A12_A13_est_10b,63,provided_estimates_extrapolation_audit,metric/the_pile_pile_cc_val_loss,3.8019600867085437,3.791681540107614,-3.791681540107614,-326.00363505058334,0.17098694316436255
M1_Q_mapped,C0_none,A12_A13_est_10b,63,provided_estimates_extrapolation_audit,metric/the_pile_ubuntu_irc_val_loss,4.462313658002635,4.437830682630151,-4.437830682630151,-206.3867714889753,0.49889592933947774
M1_Q_mapped,C0_none,A12_A13_est_10b,63,provided_estimates_extrapolation_audit,metric/the_pile_hackernews_val_loss,3.5805403553270194,3.5669156893755307,-3.5669156893755307,-433.98196453773977,0.18682795698924734
M1_Q_mapped,C0_none,A12_A13_est_10b,63,provided_estimates_extrapolation_audit,metric/the_pile_pubmed_abstracts_val_loss,3.648332394737335,3.6274304015269743,-3.6274304015269743,-287.38839548180886,0.324404761904762
M1_Q_mapped,C0_none,A12_A13_est_10b,63,provided_estimates_extrapolation_audit,metric/the_pile_uspto_backgrounds_val_loss,3.44136544902737,3.4309010168073955,-3.4309010168073955,-234.90177946264018,0.40951912348287234
M1_Q_mapped,C0_none,A14_A15_est_70b,63,provided_estimates_extrapolation_audit,metric/the_pile_arxiv_val_loss,3.746826607719302,3.697890411133694,-3.697890411133694,-244.20439169786718,0.6573060675883257
M1_Q_mapped,C0_none,A14_A15_est_70b,63,provided_estimates_extrapolation_audit,metric/the_pile_freelaw_val_loss,3.81938164897573,3.779309661558548,-3.779309661558548,-214.45189666688134,0.6622503840245776
M1_Q_mapped,C0_none,A14_A15_est_70b,63,provided_estimates_extrapolation_audit,metric/the_pile_pubmed_central_val_loss,3.835814842163383,3.8024805204480376,-3.8024805204480376,-351.8958421794694,0.5883736559139785
M1_Q_mapped,C0_none,A14_A15_est_70b,63,provided_estimates_extrapolation_audit,metric/the_pile_wikipedia_en_val_loss,4.288942392652469,4.274462035123087,-4.274462035123087,-422.95553441269425,0.31638824884792627
M1_Q_mapped,C0_none,A14_A15_est_70b,63,provided_estimates_extrapolation_audit,metric/the_pile_dm_mathematics_val_loss,3.1078769091904865,3.034369361832528,-3.0214088884152006,-91.49303401531195,0.6242799539170507
M1_Q_mapped,C0_none,A14_A15_est_70b,63,provided_estimates_extrapolation_audit,metric/the_pile_github_val_loss,4.04480686206151,4.001272211460195,-4.001272211460195,-346.8198249056519,0.5304819508448542
M1_Q_mapped,C0_none,A14_A15_est_70b,63,provided_estimates_extrapolation_audit,metric/the_pile_stackexchange_val_loss,3.9460447899761952,3.922526616764602,-3.922526616764602,-645.7064561092274,0.4242082398567744
M1_Q_mapped,C0_none,A14_A15_est_70b,63,provided_estimates_extrapolation_audit,metric/the_pile_gutenberg_pg_19_val_loss,3.967820637315654,3.9542008111296876,-3.9542008111296876,-424.66911748335986,0.42852342549923195
M1_Q_mapped,C0_none,A14_A15_est_70b,63,provided_estimates_extrapolation_audit,metric/the_pile_pile_cc_val_loss,4.2107251676908,4.201106936933011,-4.201106936933011,-462.8705291893192,0.11251920122887865
M1_Q_mapped,C0_none,A14_A15_est_70b,63,provided_estimates_extrapolation_audit,metric/the_pile_ubuntu_irc_val_loss,4.943468489314156,4.918883063582531,-4.918883063582531,-370.5328477941786,0.3929578648260219
M1_Q_mapped,C0_none,A14_A15_est_70b,63,provided_estimates_extrapolation_audit,metric/the_pile_hackernews_val_loss,3.967339569503378,3.9542109274707693,-3.9542109274707693,-604.0717759146005,0.1009504608294931
M1_Q_mapped,C0_none,A14_A15_est_70b,63,provided_estimates_extrapolation_audit,metric/the_pile_pubmed_abstracts_val_loss,4.034202274989372,4.013773258669832,-4.013773258669832,-439.2440232223762,0.21764592933947774
M1_Q_mapped,C0_none,A14_A15_est_70b,63,provided_estimates_extrapolation_audit,metric/the_pile_uspto_backgrounds_val_loss,3.807437099586492,3.7969438739502532,-3.7969438739502532,-368.52975300628844,0.35333509359000537
M1_Q_mapped,C1_global,A4_A5_train_1m,507,base_fit,metric/the_pile_arxiv_val_loss,0.6917814835744279,0.5440503059129461,2.7591341440388504e-16,0.5229120534792289,0.8034478491250407
M1_Q_mapped,C1_global,A4_A5_train_1m,507,base_fit,metric/the_pile_freelaw_val_loss,0.4737860242890134,0.4098515324789349,-1.323508473537366e-15,0.6291756202676155,0.8334095130898124
M1_Q_mapped,C1_global,A4_A5_train_1m,507,base_fit,metric/the_pile_pubmed_central_val_loss,0.5636193571703952,0.4811266763601028,-6.656958569744528e-17,0.5554999529080171,0.8026011857155039
M1_Q_mapped,C1_global,A4_A5_train_1m,507,base_fit,metric/the_pile_wikipedia_en_val_loss,0.281022315222767,0.23094355853518553,-3.5562173412056295e-16,0.7152968958036385,0.8721312658847223
M1_Q_mapped,C1_global,A4_A5_train_1m,507,base_fit,metric/the_pile_dm_mathematics_val_loss,1.1609506025828211,1.0669043270792071,-1.5416114582566276e-16,0.42421935503342856,0.7573079620982078
M1_Q_mapped,C1_global,A4_A5_train_1m,507,base_fit,metric/the_pile_github_val_loss,0.6392065815229852,0.5077691354889852,-1.1492012688822133e-15,0.6149041573609311,0.8432692975262697
M1_Q_mapped,C1_global,A4_A5_train_1m,507,base_fit,metric/the_pile_stackexchange_val_loss,0.4736739721761966,0.3801738872990679,5.605859848205919e-17,0.6067246716431646,0.8340804903889201
M1_Q_mapped,C1_global,A4_A5_train_1m,507,base_fit,metric/the_pile_gutenberg_pg_19_val_loss,0.23713898639698522,0.18340585751754335,-4.9051273671801786e-17,0.698725989435133,0.8865385398053347
M1_Q_mapped,C1_global,A4_A5_train_1m,507,base_fit,metric/the_pile_pile_cc_val_loss,0.15139942707870627,0.12388961609396121,-1.6922689416771617e-15,0.7734898690140666,0.8948765399928068
M1_Q_mapped,C1_global,A4_A5_train_1m,507,base_fit,metric/the_pile_ubuntu_irc_val_loss,0.6669090899391,0.5870262541127581,-2.1722706911797935e-16,0.57421371850442,0.7998788797119191
M1_Q_mapped,C1_global,A4_A5_train_1m,507,base_fit,metric/the_pile_hackernews_val_loss,0.1907449590476894,0.15409404959279802,3.7664370855133516e-16,0.6830064744606575,0.8488052515782746
M1_Q_mapped,C1_global,A4_A5_train_1m,507,base_fit,metric/the_pile_pubmed_abstracts_val_loss,0.29207607943807257,0.22456307353600638,8.338716524206304e-16,0.7485821781603159,0.9193628376732162
M1_Q_mapped,C1_global,A4_A5_train_1m,507,base_fit,metric/the_pile_uspto_backgrounds_val_loss,0.28348870692619865,0.24626942963417656,-1.092266754798872e-15,0.7105640737532032,0.8560483442504879
M1_Q_mapped,C1_global,A6_A7_test_1m,256,paired_calibration_member,metric/the_pile_arxiv_val_loss,0.5756487682753315,0.477307641995251,-0.16327992438750744,0.4547510935778577,0.7458521686884869
M1_Q_mapped,C1_global,A6_A7_test_1m,256,paired_calibration_member,metric/the_pile_freelaw_val_loss,0.48084626985580703,0.4165506933813792,-0.03159822368223007,0.5743249239377579,0.7704888132295717
M1_Q_mapped,C1_global,A6_A7_test_1m,256,paired_calibration_member,metric/the_pile_pubmed_central_val_loss,0.5309192395650736,0.4583600118101122,-0.04674712795473421,0.5968572307499419,0.8330031185626
M1_Q_mapped,C1_global,A6_A7_test_1m,256,paired_calibration_member,metric/the_pile_wikipedia_en_val_loss,0.2925794045945529,0.24520656653517814,0.014918499692881913,0.7132449189410461,0.8725266079194324
M1_Q_mapped,C1_global,A6_A7_test_1m,256,paired_calibration_member,metric/the_pile_dm_mathematics_val_loss,1.165055615993998,1.053276732323968,-0.04549960270192703,0.4227208378348566,0.7524176012817576
M1_Q_mapped,C1_global,A6_A7_test_1m,256,paired_calibration_member,metric/the_pile_github_val_loss,0.582755943812991,0.4747112226740126,-0.12518246694610657,0.5998831466000801,0.8515363927672236
M1_Q_mapped,C1_global,A6_A7_test_1m,256,paired_calibration_member,metric/the_pile_stackexchange_val_loss,0.43391421336656394,0.3465245282770141,-0.08418764654333524,0.5730155367432369,0.819646944380865
M1_Q_mapped,C1_global,A6_A7_test_1m,256,paired_calibration_member,metric/the_pile_gutenberg_pg_19_val_loss,0.25239255086665463,0.19661087238981922,-0.017506308780499462,0.6835287787787592,0.8939531357289995
M1_Q_mapped,C1_global,A6_A7_test_1m,256,paired_calibration_member,metric/the_pile_pile_cc_val_loss,0.15378009810110868,0.12415448573522452,0.0003957072751846792,0.7697734962281859,0.8973520828564888
M1_Q_mapped,C1_global,A6_A7_test_1m,256,paired_calibration_member,metric/the_pile_ubuntu_irc_val_loss,0.6485863967344176,0.568117822890136,-0.03443480285520663,0.5771534475103447,0.7615300984206911
M1_Q_mapped,C1_global,A6_A7_test_1m,256,paired_calibration_member,metric/the_pile_hackernews_val_loss,0.1911765570843624,0.15595488018414325,-0.015550112103812859,0.6768267939268904,0.8436598764019224
M1_Q_mapped,C1_global,A6_A7_test_1m,256,paired_calibration_member,metric/the_pile_pubmed_abstracts_val_loss,0.2634955822357696,0.20329069722840476,-0.006510224383726289,0.7865351353537783,0.9251573586633094
M1_Q_mapped,C1_global,A6_A7_test_1m,256,paired_calibration_member,metric/the_pile_uspto_backgrounds_val_loss,0.28283183136721807,0.2462006211727952,-0.01968463064999277,0.6925516874058448,0.8077012760357059
M1_Q_mapped,C1_global,A8_A9_test_60m,256,paired_calibration_member,metric/the_pile_arxiv_val_loss,0.564689789931662,0.46370578772017035,-0.29750857157256694,0.018208706716304146,0.7576290341039138
M1_Q_mapped,C1_global,A8_A9_test_60m,256,paired_calibration_member,metric/the_pile_freelaw_val_loss,0.4375301102438895,0.36206914372819965,0.08472596873226011,0.5386664419269682,0.7640628576333256
M1_Q_mapped,C1_global,A8_A9_test_60m,256,paired_calibration_member,metric/the_pile_pubmed_central_val_loss,0.46942927440256454,0.39675288301250006,-0.25120704518483583,0.3188671140345214,0.8522266250858318
M1_Q_mapped,C1_global,A8_A9_test_60m,256,paired_calibration_member,metric/the_pile_wikipedia_en_val_loss,0.3009131200928071,0.24702622962014043,0.12197837010961043,0.6388172879567093,0.8725537880521859
M1_Q_mapped,C1_global,A8_A9_test_60m,256,paired_calibration_member,metric/the_pile_dm_mathematics_val_loss,0.7978095060608975,0.6142929398928243,0.11283509353363803,-0.07843197234062482,0.7356352998397802
M1_Q_mapped,C1_global,A8_A9_test_60m,256,paired_calibration_member,metric/the_pile_github_val_loss,1.2169032695923991,1.1204846185253448,-1.1054163638996617,-2.1452251286876223,0.8567084859235522
M1_Q_mapped,C1_global,A8_A9_test_60m,256,paired_calibration_member,metric/the_pile_stackexchange_val_loss,0.45699705804283514,0.37714688443098826,-0.2479739930659965,0.3251719411597682,0.8208571755550468
M1_Q_mapped,C1_global,A8_A9_test_60m,256,paired_calibration_member,metric/the_pile_gutenberg_pg_19_val_loss,0.5159121654897947,0.4730046564871268,0.4730046564871268,-0.7967796524504824,0.8976839665827419
M1_Q_mapped,C1_global,A8_A9_test_60m,256,paired_calibration_member,metric/the_pile_pile_cc_val_loss,0.4246154823039643,0.39486362970423755,0.39486362970423755,-0.830670838168118,0.8870450904097045
M1_Q_mapped,C1_global,A8_A9_test_60m,256,paired_calibration_member,metric/the_pile_ubuntu_irc_val_loss,0.7320215701826241,0.621295568521514,-0.5015154131579849,-0.08545834075702974,0.7589637216754405
M1_Q_mapped,C1_global,A8_A9_test_60m,256,paired_calibration_member,metric/the_pile_hackernews_val_loss,0.5003609308841984,0.46747666299781687,0.46747666299781687,-1.6385888118220242,0.8379155699244677
M1_Q_mapped,C1_global,A8_A9_test_60m,256,paired_calibration_member,metric/the_pile_pubmed_abstracts_val_loss,0.28462317618050426,0.2198513710972791,0.110597178651048,0.729264734143737,0.9223134584573128
M1_Q_mapped,C1_global,A8_A9_test_60m,256,paired_calibration_member,metric/the_pile_uspto_backgrounds_val_loss,0.254390925136376,0.21285231340232383,0.06327296264429776,0.6536532932605137,0.7858634699015792
M1_Q_mapped,C1_global,A10_A11_test_1b,64,external_retrospective_evaluation,metric/the_pile_arxiv_val_loss,0.7909822619907759,0.7383363736988174,-0.724180435607994,-55.83838629110086,0.8437271062271062
M1_Q_mapped,C1_global,A10_A11_test_1b,64,external_retrospective_evaluation,metric/the_pile_freelaw_val_loss,0.9214226111929499,0.9016872334677646,-0.9004952623359144,-43.23049016266573,0.7173076923076922
M1_Q_mapped,C1_global,A10_A11_test_1b,64,external_retrospective_evaluation,metric/the_pile_pubmed_central_val_loss,0.9644422058846349,0.9271188343165004,-0.8993532146445473,-337.7288005163183,0.7800366300366298
M1_Q_mapped,C1_global,A10_A11_test_1b,64,external_retrospective_evaluation,metric/the_pile_wikipedia_en_val_loss,0.8531339038473443,0.8427013581777336,-0.8427013581777336,-28.074772428875285,0.7994047619047617
M1_Q_mapped,C1_global,A10_A11_test_1b,64,external_retrospective_evaluation,metric/the_pile_dm_mathematics_val_loss,0.5736223482148942,0.4400809928777638,-0.16107924465115198,-2.7234761107611094,0.6736721611721611
M1_Q_mapped,C1_global,A10_A11_test_1b,64,external_retrospective_evaluation,metric/the_pile_github_val_loss,1.9882402090176137,1.9661011271785678,-1.9661011271785678,-273.3778210142125,0.7051739926739925
M1_Q_mapped,C1_global,A10_A11_test_1b,64,external_retrospective_evaluation,metric/the_pile_stackexchange_val_loss,1.088332209218347,1.0725735441144977,-1.0725735441144977,-69.96403697855509,0.7335164835164835
M1_Q_mapped,C1_global,A10_A11_test_1b,64,external_retrospective_evaluation,metric/the_pile_gutenberg_pg_19_val_loss,0.27625503872671536,0.22719526188948783,-0.20903363549463047,-0.3032639224003135,0.6333333333333333
M1_Q_mapped,C1_global,A10_A11_test_1b,64,external_retrospective_evaluation,metric/the_pile_pile_cc_val_loss,0.2461412561406718,0.22945094650326664,-0.2187121807359532,-4.9669295393188015,0.8795787545787543
M1_Q_mapped,C1_global,A10_A11_test_1b,64,external_retrospective_evaluation,metric/the_pile_ubuntu_irc_val_loss,1.736401681899339,1.6699989772791362,-1.5899873345283386,-15.865359575740513,0.6568223443223442
M1_Q_mapped,C1_global,A10_A11_test_1b,64,external_retrospective_evaluation,metric/the_pile_hackernews_val_loss,0.22423381973502493,0.1918284483774787,0.1472553466625563,-0.2971511869653414,0.574679487179487
M1_Q_mapped,C1_global,A10_A11_test_1b,64,external_retrospective_evaluation,metric/the_pile_pubmed_abstracts_val_loss,0.5980593529262845,0.5790029448942167,-0.5512097374708793,-26.966670921018945,0.6417124542124542
M1_Q_mapped,C1_global,A10_A11_test_1b,64,external_retrospective_evaluation,metric/the_pile_uspto_backgrounds_val_loss,0.420889540037805,0.4037175315689296,-0.4037175315689296,-7.978945005308461,0.6593406593406592
M1_Q_mapped,C1_global,A12_A13_est_10b,63,provided_estimates_extrapolation_audit,metric/the_pile_arxiv_val_loss,0.5607492940382105,0.436116339281775,-0.051573579415446505,-2.3633001200374486,0.6932603686635945
M1_Q_mapped,C1_global,A12_A13_est_10b,63,provided_estimates_extrapolation_audit,metric/the_pile_freelaw_val_loss,0.5290964356893787,0.4234558257455117,-0.12632140126887242,-1.949938159322259,0.7170218894009217
M1_Q_mapped,C1_global,A12_A13_est_10b,63,provided_estimates_extrapolation_audit,metric/the_pile_pubmed_central_val_loss,0.4901700417306486,0.40382219700839833,-0.15178591095201352,-2.8462048246332463,0.6750192012288787
M1_Q_mapped,C1_global,A12_A13_est_10b,63,provided_estimates_extrapolation_audit,metric/the_pile_wikipedia_en_val_loss,0.6692975045091069,0.5981079887901745,-0.5780055208651592,-7.437861687039188,0.3939466674201995
M1_Q_mapped,C1_global,A12_A13_est_10b,63,provided_estimates_extrapolation_audit,metric/the_pile_dm_mathematics_val_loss,0.8940219913473472,0.6080993449494091,0.5532714353665391,-3.4581003937210975,0.6514496927803379
M1_Q_mapped,C1_global,A12_A13_est_10b,63,provided_estimates_extrapolation_audit,metric/the_pile_github_val_loss,0.6467176883409674,0.5150005880323585,-0.33620934799591723,-4.623840267562846,0.624375960061444
M1_Q_mapped,C1_global,A12_A13_est_10b,63,provided_estimates_extrapolation_audit,metric/the_pile_stackexchange_val_loss,0.4797018895780313,0.38766808389734825,-0.2643653406019104,-5.436954068231667,0.5248478884773162
M1_Q_mapped,C1_global,A12_A13_est_10b,63,provided_estimates_extrapolation_audit,metric/the_pile_gutenberg_pg_19_val_loss,0.4234595105714892,0.3597796435964007,-0.2876935032209647,-2.9209125699285066,0.5072964669738863
M1_Q_mapped,C1_global,A12_A13_est_10b,63,provided_estimates_extrapolation_audit,metric/the_pile_pile_cc_val_loss,0.5804444332519281,0.510118200675023,-0.5087869306115893,-6.62182152060952,0.17098694316436255
M1_Q_mapped,C1_global,A12_A13_est_10b,63,provided_estimates_extrapolation_audit,metric/the_pile_ubuntu_irc_val_loss,1.245704358076081,1.1701076656329934,-1.1549360731341258,-15.161841036244386,0.49889592933947774
M1_Q_mapped,C1_global,A12_A13_est_10b,63,provided_estimates_extrapolation_audit,metric/the_pile_hackernews_val_loss,0.4219593284049265,0.36605725736362393,-0.28402107987950703,-5.041089770854827,0.18682795698924734
M1_Q_mapped,C1_global,A12_A13_est_10b,63,provided_estimates_extrapolation_audit,metric/the_pile_pubmed_abstracts_val_loss,0.5203680010897134,0.4320443084539815,-0.34453579203094964,-4.866919742311814,0.324404761904762
M1_Q_mapped,C1_global,A12_A13_est_10b,63,provided_estimates_extrapolation_audit,metric/the_pile_uspto_backgrounds_val_loss,0.3063009357389407,0.24878492814920286,-0.14800640731137144,-0.8688148471329431,0.40951912348287234
M1_Q_mapped,C1_global,A14_A15_est_70b,63,provided_estimates_extrapolation_audit,metric/the_pile_arxiv_val_loss,0.6647796247248305,0.47521433437900173,0.2785961483769463,-6.718918455156062,0.6573060675883257
M1_Q_mapped,C1_global,A14_A15_est_70b,63,provided_estimates_extrapolation_audit,metric/the_pile_freelaw_val_loss,0.5859807092974948,0.4018866509000599,0.19717689795209192,-4.071434790875714,0.6622503840245776
M1_Q_mapped,C1_global,A14_A15_est_70b,63,provided_estimates_extrapolation_audit,metric/the_pile_pubmed_central_val_loss,0.5337560272300188,0.39658664929352977,0.1740060390626016,-5.833085506165619,0.5883736559139785
M1_Q_mapped,C1_global,A14_A15_est_70b,63,provided_estimates_extrapolation_audit,metric/the_pile_wikipedia_en_val_loss,0.46129225210200736,0.38579092609343374,-0.29797547561244886,-3.9042455135099114,0.31638824884792627
M1_Q_mapped,C1_global,A14_A15_est_70b,63,provided_estimates_extrapolation_audit,metric/the_pile_dm_mathematics_val_loss,1.2008998998709794,0.9550776710954395,0.9550776710954395,-12.810042762787386,0.6242799539170507
M1_Q_mapped,C1_global,A14_A15_est_70b,63,provided_estimates_extrapolation_audit,metric/the_pile_github_val_loss,0.5923660774545382,0.4612205581740432,-0.02478565194955613,-6.460004928109095,0.5304819508448542
M1_Q_mapped,C1_global,A14_A15_est_70b,63,provided_estimates_extrapolation_audit,metric/the_pile_stackexchange_val_loss,0.43355057455004803,0.36257927298814485,0.053959942746037874,-6.806614031607838,0.4242082398567744
M1_Q_mapped,C1_global,A14_A15_est_70b,63,provided_estimates_extrapolation_audit,metric/the_pile_gutenberg_pg_19_val_loss,0.3292312405441266,0.2557156218262588,0.022285748380951917,-1.9306918460907538,0.42852342549923195
M1_Q_mapped,C1_global,A14_A15_est_70b,63,provided_estimates_extrapolation_audit,metric/the_pile_pile_cc_val_loss,0.3624379343162305,0.2975651709272297,-0.22462037742237098,-2.4367685258895815,0.11251920122887865
M1_Q_mapped,C1_global,A14_A15_est_70b,63,provided_estimates_extrapolation_audit,metric/the_pile_ubuntu_irc_val_loss,1.0632879584241695,0.9866906531556591,-0.9423965040718919,-16.18840060782684,0.3929578648260219
M1_Q_mapped,C1_global,A14_A15_est_70b,63,provided_estimates_extrapolation_audit,metric/the_pile_hackernews_val_loss,0.3232574896282915,0.2524606765000424,0.022275632039869927,-3.017032445320151,0.1009504608294931
M1_Q_mapped,C1_global,A14_A15_est_70b,63,provided_estimates_extrapolation_audit,metric/the_pile_pubmed_abstracts_val_loss,0.40718855761253686,0.32641936623021883,-0.03728669915919182,-3.4850703507700214,0.21764592933947774
M1_Q_mapped,C1_global,A14_A15_est_70b,63,provided_estimates_extrapolation_audit,metric/the_pile_uspto_backgrounds_val_loss,0.3347089202837012,0.2638347811992334,0.17954268556038647,-1.8557389875256334,0.35333509359000537
M1_Q_mapped,C1_domain,A4_A5_train_1m,507,base_fit,metric/the_pile_arxiv_val_loss,0.6917814835744279,0.5440503059129461,2.7591341440388504e-16,0.5229120534792289,0.8034478491250407
M1_Q_mapped,C1_domain,A4_A5_train_1m,507,base_fit,metric/the_pile_freelaw_val_loss,0.4737860242890134,0.4098515324789349,-1.323508473537366e-15,0.6291756202676155,0.8334095130898124
M1_Q_mapped,C1_domain,A4_A5_train_1m,507,base_fit,metric/the_pile_pubmed_central_val_loss,0.5636193571703952,0.4811266763601028,-6.656958569744528e-17,0.5554999529080171,0.8026011857155039
M1_Q_mapped,C1_domain,A4_A5_train_1m,507,base_fit,metric/the_pile_wikipedia_en_val_loss,0.281022315222767,0.23094355853518553,-3.5562173412056295e-16,0.7152968958036385,0.8721312658847223
M1_Q_mapped,C1_domain,A4_A5_train_1m,507,base_fit,metric/the_pile_dm_mathematics_val_loss,1.1609506025828211,1.0669043270792071,-1.5416114582566276e-16,0.42421935503342856,0.7573079620982078
M1_Q_mapped,C1_domain,A4_A5_train_1m,507,base_fit,metric/the_pile_github_val_loss,0.6392065815229852,0.5077691354889852,-1.1492012688822133e-15,0.6149041573609311,0.8432692975262697
M1_Q_mapped,C1_domain,A4_A5_train_1m,507,base_fit,metric/the_pile_stackexchange_val_loss,0.4736739721761966,0.3801738872990679,5.605859848205919e-17,0.6067246716431646,0.8340804903889201
M1_Q_mapped,C1_domain,A4_A5_train_1m,507,base_fit,metric/the_pile_gutenberg_pg_19_val_loss,0.23713898639698522,0.18340585751754335,-4.9051273671801786e-17,0.698725989435133,0.8865385398053347
M1_Q_mapped,C1_domain,A4_A5_train_1m,507,base_fit,metric/the_pile_pile_cc_val_loss,0.15139942707870627,0.12388961609396121,-1.6922689416771617e-15,0.7734898690140666,0.8948765399928068
M1_Q_mapped,C1_domain,A4_A5_train_1m,507,base_fit,metric/the_pile_ubuntu_irc_val_loss,0.6669090899391,0.5870262541127581,-2.1722706911797935e-16,0.57421371850442,0.7998788797119191
M1_Q_mapped,C1_domain,A4_A5_train_1m,507,base_fit,metric/the_pile_hackernews_val_loss,0.1907449590476894,0.15409404959279802,3.7664370855133516e-16,0.6830064744606575,0.8488052515782746
M1_Q_mapped,C1_domain,A4_A5_train_1m,507,base_fit,metric/the_pile_pubmed_abstracts_val_loss,0.29207607943807257,0.22456307353600638,8.338716524206304e-16,0.7485821781603159,0.9193628376732162
M1_Q_mapped,C1_domain,A4_A5_train_1m,507,base_fit,metric/the_pile_uspto_backgrounds_val_loss,0.28348870692619865,0.24626942963417656,-1.092266754798872e-15,0.7105640737532032,0.8560483442504879
M1_Q_mapped,C1_domain,A6_A7_test_1m,256,paired_calibration_member,metric/the_pile_arxiv_val_loss,0.5756487682753315,0.477307641995251,-0.16327992438750744,0.4547510935778577,0.7458521686884869
M1_Q_mapped,C1_domain,A6_A7_test_1m,256,paired_calibration_member,metric/the_pile_freelaw_val_loss,0.48084626985580703,0.4165506933813792,-0.03159822368223007,0.5743249239377579,0.7704888132295717
M1_Q_mapped,C1_domain,A6_A7_test_1m,256,paired_calibration_member,metric/the_pile_pubmed_central_val_loss,0.5309192395650736,0.4583600118101122,-0.04674712795473421,0.5968572307499419,0.8330031185626
M1_Q_mapped,C1_domain,A6_A7_test_1m,256,paired_calibration_member,metric/the_pile_wikipedia_en_val_loss,0.2925794045945529,0.24520656653517814,0.014918499692881913,0.7132449189410461,0.8725266079194324
M1_Q_mapped,C1_domain,A6_A7_test_1m,256,paired_calibration_member,metric/the_pile_dm_mathematics_val_loss,1.165055615993998,1.053276732323968,-0.04549960270192703,0.4227208378348566,0.7524176012817576
M1_Q_mapped,C1_domain,A6_A7_test_1m,256,paired_calibration_member,metric/the_pile_github_val_loss,0.582755943812991,0.4747112226740126,-0.12518246694610657,0.5998831466000801,0.8515363927672236
M1_Q_mapped,C1_domain,A6_A7_test_1m,256,paired_calibration_member,metric/the_pile_stackexchange_val_loss,0.43391421336656394,0.3465245282770141,-0.08418764654333524,0.5730155367432369,0.819646944380865
M1_Q_mapped,C1_domain,A6_A7_test_1m,256,paired_calibration_member,metric/the_pile_gutenberg_pg_19_val_loss,0.25239255086665463,0.19661087238981922,-0.017506308780499462,0.6835287787787592,0.8939531357289995
M1_Q_mapped,C1_domain,A6_A7_test_1m,256,paired_calibration_member,metric/the_pile_pile_cc_val_loss,0.15378009810110868,0.12415448573522452,0.0003957072751846792,0.7697734962281859,0.8973520828564888
M1_Q_mapped,C1_domain,A6_A7_test_1m,256,paired_calibration_member,metric/the_pile_ubuntu_irc_val_loss,0.6485863967344176,0.568117822890136,-0.03443480285520663,0.5771534475103447,0.7615300984206911
M1_Q_mapped,C1_domain,A6_A7_test_1m,256,paired_calibration_member,metric/the_pile_hackernews_val_loss,0.1911765570843624,0.15595488018414325,-0.015550112103812859,0.6768267939268904,0.8436598764019224
M1_Q_mapped,C1_domain,A6_A7_test_1m,256,paired_calibration_member,metric/the_pile_pubmed_abstracts_val_loss,0.2634955822357696,0.20329069722840476,-0.006510224383726289,0.7865351353537783,0.9251573586633094
M1_Q_mapped,C1_domain,A6_A7_test_1m,256,paired_calibration_member,metric/the_pile_uspto_backgrounds_val_loss,0.28283183136721807,0.2462006211727952,-0.01968463064999277,0.6925516874058448,0.8077012760357059
M1_Q_mapped,C1_domain,A8_A9_test_60m,256,paired_calibration_member,metric/the_pile_arxiv_val_loss,0.5069748932658357,0.40079485193519604,-0.1632799243875074,0.20864343330882662,0.7576290341039138
M1_Q_mapped,C1_domain,A8_A9_test_60m,256,paired_calibration_member,metric/the_pile_freelaw_val_loss,0.4304097528312787,0.3610402942346125,-0.03159822368223009,0.5535597298073185,0.7640628576333256
M1_Q_mapped,C1_domain,A8_A9_test_60m,256,paired_calibration_member,metric/the_pile_pubmed_central_val_loss,0.39930459312113903,0.3246864907986474,-0.0467471279547342,0.5071666125359601,0.8522266250858318
M1_Q_mapped,C1_domain,A8_A9_test_60m,256,paired_calibration_member,metric/the_pile_wikipedia_en_val_loss,0.2754860154390374,0.22978093350343673,0.01491849969288194,0.6972781127679979,0.8725537880521859
M1_Q_mapped,C1_domain,A8_A9_test_60m,256,paired_calibration_member,metric/the_pile_dm_mathematics_val_loss,0.7910995281722911,0.6114254510914586,-0.04549960270192706,-0.06036794986585403,0.7356352998397802
M1_Q_mapped,C1_domain,A8_A9_test_60m,256,paired_calibration_member,metric/the_pile_github_val_loss,0.5240027480827125,0.43184310598623116,-0.12518246694610657,0.41681445613203794,0.8567084859235522
M1_Q_mapped,C1_domain,A8_A9_test_60m,256,paired_calibration_member,metric/the_pile_stackexchange_val_loss,0.39299207327020874,0.30891508531137857,-0.0841876465433353,0.5009616692863497,0.8208571755550468
M1_Q_mapped,C1_domain,A8_A9_test_60m,256,paired_calibration_member,metric/the_pile_gutenberg_pg_19_val_loss,0.2067327460490539,0.16143758913487813,-0.017506308780499445,0.7114893628307797,0.8976839665827419
M1_Q_mapped,C1_domain,A8_A9_test_60m,256,paired_calibration_member,metric/the_pile_pile_cc_val_loss,0.15614473520830155,0.12663499406813675,0.0003957072751847139,0.7524440871548341,0.8870450904097045
M1_Q_mapped,C1_domain,A8_A9_test_60m,256,paired_calibration_member,metric/the_pile_ubuntu_irc_val_loss,0.5343441075049741,0.41855462332511667,-0.0344348028552066,0.4216277435435818,0.7589637216754405
M1_Q_mapped,C1_domain,A8_A9_test_60m,256,paired_calibration_member,metric/the_pile_hackernews_val_loss,0.1790766224111015,0.14464858382033471,-0.015550112103812849,0.662026443395815,0.8379155699244677
M1_Q_mapped,C1_domain,A8_A9_test_60m,256,paired_calibration_member,metric/the_pile_pubmed_abstracts_val_loss,0.26233756786825824,0.20313388119718473,-0.006510224383726292,0.7700013511383244,0.9223134584573128
M1_Q_mapped,C1_domain,A8_A9_test_60m,256,paired_calibration_member,metric/the_pile_uspto_backgrounds_val_loss,0.2471816329620411,0.20143728450688803,-0.019684630649992773,0.6730056663134572,0.7858634699015792
M1_Q_mapped,C1_domain,A10_A11_test_1b,64,external_retrospective_evaluation,metric/the_pile_arxiv_val_loss,0.5907097555457151,0.537488972910911,-0.4977171685106091,-30.69980108083499,0.8437271062271062
M1_Q_mapped,C1_domain,A10_A11_test_1b,64,external_retrospective_evaluation,metric/the_pile_freelaw_val_loss,1.1139977126010454,1.0967511079329506,-1.0967511079329506,-63.65060891406338,0.7173076923076922
M1_Q_mapped,C1_domain,A10_A11_test_1b,64,external_retrospective_evaluation,metric/the_pile_pubmed_central_val_loss,0.6547300579620399,0.6049578658736401,-0.5543995716077321,-155.1076793153628,0.7800366300366298
M1_Q_mapped,C1_domain,A10_A11_test_1b,64,external_retrospective_evaluation,metric/the_pile_wikipedia_en_val_loss,1.0319350333717527,1.0233269439825903,-1.0233269439825903,-41.538937161576186,0.7994047619047617
M1_Q_mapped,C1_domain,A10_A11_test_1b,64,external_retrospective_evaluation,metric/the_pile_dm_mathematics_val_loss,0.6974685547899224,0.6211377105542303,-0.4282129255482128,-4.504852800216545,0.6736721611721611
M1_Q_mapped,C1_domain,A10_A11_test_1b,64,external_retrospective_evaluation,metric/the_pile_github_val_loss,0.430208301983701,0.37886982702529876,-0.3123038530568091,-11.846028222138058,0.7051739926739925
M1_Q_mapped,C1_domain,A10_A11_test_1b,64,external_retrospective_evaluation,metric/the_pile_stackexchange_val_loss,0.8173460274539178,0.7962421356013176,-0.7962421356013176,-39.02462404276401,0.7335164835164835
M1_Q_mapped,C1_domain,A10_A11_test_1b,64,external_retrospective_evaluation,metric/the_pile_gutenberg_pg_19_val_loss,1.0522144273817973,1.0365970362376147,-1.0365970362376147,-17.906905851854894,0.6333333333333333
M1_Q_mapped,C1_domain,A10_A11_test_1b,64,external_retrospective_evaluation,metric/the_pile_pile_cc_val_loss,0.891417719149535,0.8842369874878159,-0.8842369874878159,-77.26085879251855,0.8795787545787543
M1_Q_mapped,C1_domain,A10_A11_test_1b,64,external_retrospective_evaluation,metric/the_pile_ubuntu_irc_val_loss,1.06309071189852,0.9637738094540287,-0.8019543533035908,-5.32172874232219,0.6568223443223442
M1_Q_mapped,C1_domain,A10_A11_test_1b,64,external_retrospective_evaluation,metric/the_pile_hackernews_val_loss,0.6887632161480404,0.6676811358173467,-0.6676811358173467,-11.238501852197698,0.574679487179487
M1_Q_mapped,C1_domain,A10_A11_test_1b,64,external_retrospective_evaluation,metric/the_pile_pubmed_abstracts_val_loss,0.7839162879189804,0.7704058921948929,-0.7487869733941579,-47.04979899582531,0.6417124542124542
M1_Q_mapped,C1_domain,A10_A11_test_1b,64,external_retrospective_evaluation,metric/the_pile_uspto_backgrounds_val_loss,0.5565492681774921,0.543679067365828,-0.543679067365828,-14.699878015847112,0.6593406593406592
M1_Q_mapped,C1_domain,A12_A13_est_10b,63,provided_estimates_extrapolation_audit,metric/the_pile_arxiv_val_loss,0.6119385596811733,0.44028077177996605,0.25037744338106604,-3.0053806161427037,0.6932603686635945
M1_Q_mapped,C1_domain,A12_A13_est_10b,63,provided_estimates_extrapolation_audit,metric/the_pile_freelaw_val_loss,0.6438375034278252,0.5694826087299657,-0.3879958620649216,-3.368132277586053,0.7170218894009217
M1_Q_mapped,C1_domain,A12_A13_est_10b,63,provided_estimates_extrapolation_audit,metric/the_pile_pubmed_central_val_loss,0.5587356571494997,0.4246957631780431,0.30815227976373954,-3.997486793292331,0.6750192012288787
M1_Q_mapped,C1_domain,A12_A13_est_10b,63,provided_estimates_extrapolation_audit,metric/the_pile_wikipedia_en_val_loss,0.8856450280351033,0.8233419726011293,-0.8188396352716355,-13.77451959796453,0.3939466674201995
M1_Q_mapped,C1_domain,A12_A13_est_10b,63,provided_estimates_extrapolation_audit,metric/the_pile_dm_mathematics_val_loss,0.7293913675170822,0.4079064081502747,0.1970931941704574,-1.9673903417405345,0.6514496927803379
M1_Q_mapped,C1_domain,A12_A13_est_10b,63,provided_estimates_extrapolation_audit,metric/the_pile_github_val_loss,1.9487999218892822,1.8688536841664272,1.8688536841664272,-50.06672482456298,0.624375960061444
M1_Q_mapped,C1_domain,A12_A13_est_10b,63,provided_estimates_extrapolation_audit,metric/the_pile_stackexchange_val_loss,0.41359012946829793,0.3429165489894575,0.10407653741566264,-3.7849552765500656,0.5248478884773162
M1_Q_mapped,C1_domain,A12_A13_est_10b,63,provided_estimates_extrapolation_audit,metric/the_pile_gutenberg_pg_19_val_loss,1.4253916133767357,1.3911113708782774,-1.3911113708782774,-43.42544372528974,0.5072964669738863
M1_Q_mapped,C1_domain,A12_A13_est_10b,63,provided_estimates_extrapolation_audit,metric/the_pile_pile_cc_val_loss,1.4238313618710325,1.3961533396140733,-1.3961533396140733,-44.86216823593574,0.17098694316436255
M1_Q_mapped,C1_domain,A12_A13_est_10b,63,provided_estimates_extrapolation_audit,metric/the_pile_ubuntu_irc_val_loss,0.4782937959819917,0.37490462787573015,-0.10422543150112923,-1.3825957261417372,0.49889592933947774
M1_Q_mapped,C1_domain,A12_A13_est_10b,63,provided_estimates_extrapolation_audit,metric/the_pile_hackernews_val_loss,1.405679351613403,1.370603056519378,-1.370603056519378,-66.04194962554405,0.18682795698924734
M1_Q_mapped,C1_domain,A12_A13_est_10b,63,provided_estimates_extrapolation_audit,metric/the_pile_pubmed_abstracts_val_loss,0.7222935877921545,0.6432679114663237,-0.6079721065953211,-10.303592709055449,0.324404761904762
M1_Q_mapped,C1_domain,A12_A13_est_10b,63,provided_estimates_extrapolation_audit,metric/the_pile_uspto_backgrounds_val_loss,0.4288194350584876,0.36280391845577825,-0.3346217883739032,-2.662845069361649,0.40951912348287234
M1_Q_mapped,C1_domain,A14_A15_est_70b,63,provided_estimates_extrapolation_audit,metric/the_pile_arxiv_val_loss,0.8828886650400968,0.6612785544536405,0.6443417255598674,-12.614852331468345,0.6573060675883257
M1_Q_mapped,C1_domain,A14_A15_est_70b,63,provided_estimates_extrapolation_audit,metric/the_pile_freelaw_val_loss,0.5646614554919669,0.4483271171211331,-0.11978270632908948,-3.7091279853693484,0.6622503840245776
M1_Q_mapped,C1_domain,A14_A15_est_70b,63,provided_estimates_extrapolation_audit,metric/the_pile_pubmed_central_val_loss,0.8883412150257267,0.7408018036995899,0.7311174456537519,-17.927397142370154,0.5883736559139785
M1_Q_mapped,C1_domain,A14_A15_est_70b,63,provided_estimates_extrapolation_audit,metric/the_pile_wikipedia_en_val_loss,0.6868314627913928,0.6144553477203051,-0.589691699532296,-9.872270417747522,0.31638824884792627
M1_Q_mapped,C1_domain,A14_A15_est_70b,63,provided_estimates_extrapolation_audit,metric/the_pile_dm_mathematics_val_loss,0.896768915778096,0.5680023265957943,0.5236480465167244,-6.700917989231794,0.6242799539170507
M1_Q_mapped,C1_domain,A14_A15_est_70b,63,provided_estimates_extrapolation_audit,metric/the_pile_github_val_loss,2.7115306217885937,2.646150991859861,2.646150991859861,-155.31036627462825,0.5304819508448542
M1_Q_mapped,C1_domain,A14_A15_est_70b,63,provided_estimates_extrapolation_audit,metric/the_pile_stackexchange_val_loss,0.6597716899888585,0.5482378746646067,0.5002441980065668,-17.078838649249597,0.4242082398567744
M1_Q_mapped,C1_domain,A14_A15_est_70b,63,provided_estimates_extrapolation_audit,metric/the_pile_gutenberg_pg_19_val_loss,1.3546829460907648,1.3142561885948374,-1.3142561885948374,-48.61847431323349,0.42852342549923195
M1_Q_mapped,C1_domain,A14_A15_est_70b,63,provided_estimates_extrapolation_audit,metric/the_pile_pile_cc_val_loss,1.33023134153591,1.2994646896804773,-1.2994646896804773,-45.29534676272842,0.11251920122887865
M1_Q_mapped,C1_domain,A14_A15_est_70b,63,provided_estimates_extrapolation_audit,metric/the_pile_ubuntu_irc_val_loss,0.5929332695047534,0.42047780425704767,0.3303025135276469,-4.344970524935417,0.3929578648260219
M1_Q_mapped,C1_domain,A14_A15_est_70b,63,provided_estimates_extrapolation_audit,metric/the_pile_hackernews_val_loss,1.333457020669107,1.2938734192932946,-1.2938734192932946,-67.35435541005577,0.1009504608294931
M1_Q_mapped,C1_domain,A14_A15_est_70b,63,provided_estimates_extrapolation_audit,metric/the_pile_pubmed_abstracts_val_loss,0.5398325734139012,0.45218671251566517,-0.35638039200029636,-6.883086668133015,0.21764592933947774
M1_Q_mapped,C1_domain,A14_A15_est_70b,63,provided_estimates_extrapolation_audit,metric/the_pile_uspto_backgrounds_val_loss,0.286280830423481,0.22747070580451695,-0.04649976869526003,-1.089144470062784,0.35333509359000537
M1_Q_mapped,C2_mixture_conditioned,A4_A5_train_1m,507,base_fit,metric/the_pile_arxiv_val_loss,0.6917814835744279,0.5440503059129461,2.7591341440388504e-16,0.5229120534792289,0.8034478491250407
M1_Q_mapped,C2_mixture_conditioned,A4_A5_train_1m,507,base_fit,metric/the_pile_freelaw_val_loss,0.4737860242890134,0.4098515324789349,-1.323508473537366e-15,0.6291756202676155,0.8334095130898124
M1_Q_mapped,C2_mixture_conditioned,A4_A5_train_1m,507,base_fit,metric/the_pile_pubmed_central_val_loss,0.5636193571703952,0.4811266763601028,-6.656958569744528e-17,0.5554999529080171,0.8026011857155039
M1_Q_mapped,C2_mixture_conditioned,A4_A5_train_1m,507,base_fit,metric/the_pile_wikipedia_en_val_loss,0.281022315222767,0.23094355853518553,-3.5562173412056295e-16,0.7152968958036385,0.8721312658847223
M1_Q_mapped,C2_mixture_conditioned,A4_A5_train_1m,507,base_fit,metric/the_pile_dm_mathematics_val_loss,1.1609506025828211,1.0669043270792071,-1.5416114582566276e-16,0.42421935503342856,0.7573079620982078
M1_Q_mapped,C2_mixture_conditioned,A4_A5_train_1m,507,base_fit,metric/the_pile_github_val_loss,0.6392065815229852,0.5077691354889852,-1.1492012688822133e-15,0.6149041573609311,0.8432692975262697
M1_Q_mapped,C2_mixture_conditioned,A4_A5_train_1m,507,base_fit,metric/the_pile_stackexchange_val_loss,0.4736739721761966,0.3801738872990679,5.605859848205919e-17,0.6067246716431646,0.8340804903889201
M1_Q_mapped,C2_mixture_conditioned,A4_A5_train_1m,507,base_fit,metric/the_pile_gutenberg_pg_19_val_loss,0.23713898639698522,0.18340585751754335,-4.9051273671801786e-17,0.698725989435133,0.8865385398053347
M1_Q_mapped,C2_mixture_conditioned,A4_A5_train_1m,507,base_fit,metric/the_pile_pile_cc_val_loss,0.15139942707870627,0.12388961609396121,-1.6922689416771617e-15,0.7734898690140666,0.8948765399928068
M1_Q_mapped,C2_mixture_conditioned,A4_A5_train_1m,507,base_fit,metric/the_pile_ubuntu_irc_val_loss,0.6669090899391,0.5870262541127581,-2.1722706911797935e-16,0.57421371850442,0.7998788797119191
M1_Q_mapped,C2_mixture_conditioned,A4_A5_train_1m,507,base_fit,metric/the_pile_hackernews_val_loss,0.1907449590476894,0.15409404959279802,3.7664370855133516e-16,0.6830064744606575,0.8488052515782746
M1_Q_mapped,C2_mixture_conditioned,A4_A5_train_1m,507,base_fit,metric/the_pile_pubmed_abstracts_val_loss,0.29207607943807257,0.22456307353600638,8.338716524206304e-16,0.7485821781603159,0.9193628376732162
M1_Q_mapped,C2_mixture_conditioned,A4_A5_train_1m,507,base_fit,metric/the_pile_uspto_backgrounds_val_loss,0.28348870692619865,0.24626942963417656,-1.092266754798872e-15,0.7105640737532032,0.8560483442504879
M1_Q_mapped,C2_mixture_conditioned,A6_A7_test_1m,256,paired_calibration_member,metric/the_pile_arxiv_val_loss,0.5756487682753315,0.477307641995251,-0.16327992438750744,0.4547510935778577,0.7458521686884869
M1_Q_mapped,C2_mixture_conditioned,A6_A7_test_1m,256,paired_calibration_member,metric/the_pile_freelaw_val_loss,0.48084626985580703,0.4165506933813792,-0.03159822368223007,0.5743249239377579,0.7704888132295717
M1_Q_mapped,C2_mixture_conditioned,A6_A7_test_1m,256,paired_calibration_member,metric/the_pile_pubmed_central_val_loss,0.5309192395650736,0.4583600118101122,-0.04674712795473421,0.5968572307499419,0.8330031185626
M1_Q_mapped,C2_mixture_conditioned,A6_A7_test_1m,256,paired_calibration_member,metric/the_pile_wikipedia_en_val_loss,0.2925794045945529,0.24520656653517814,0.014918499692881913,0.7132449189410461,0.8725266079194324
M1_Q_mapped,C2_mixture_conditioned,A6_A7_test_1m,256,paired_calibration_member,metric/the_pile_dm_mathematics_val_loss,1.165055615993998,1.053276732323968,-0.04549960270192703,0.4227208378348566,0.7524176012817576
M1_Q_mapped,C2_mixture_conditioned,A6_A7_test_1m,256,paired_calibration_member,metric/the_pile_github_val_loss,0.582755943812991,0.4747112226740126,-0.12518246694610657,0.5998831466000801,0.8515363927672236
M1_Q_mapped,C2_mixture_conditioned,A6_A7_test_1m,256,paired_calibration_member,metric/the_pile_stackexchange_val_loss,0.43391421336656394,0.3465245282770141,-0.08418764654333524,0.5730155367432369,0.819646944380865
M1_Q_mapped,C2_mixture_conditioned,A6_A7_test_1m,256,paired_calibration_member,metric/the_pile_gutenberg_pg_19_val_loss,0.25239255086665463,0.19661087238981922,-0.017506308780499462,0.6835287787787592,0.8939531357289995
M1_Q_mapped,C2_mixture_conditioned,A6_A7_test_1m,256,paired_calibration_member,metric/the_pile_pile_cc_val_loss,0.15378009810110868,0.12415448573522452,0.0003957072751846792,0.7697734962281859,0.8973520828564888
M1_Q_mapped,C2_mixture_conditioned,A6_A7_test_1m,256,paired_calibration_member,metric/the_pile_ubuntu_irc_val_loss,0.6485863967344176,0.568117822890136,-0.03443480285520663,0.5771534475103447,0.7615300984206911
M1_Q_mapped,C2_mixture_conditioned,A6_A7_test_1m,256,paired_calibration_member,metric/the_pile_hackernews_val_loss,0.1911765570843624,0.15595488018414325,-0.015550112103812859,0.6768267939268904,0.8436598764019224
M1_Q_mapped,C2_mixture_conditioned,A6_A7_test_1m,256,paired_calibration_member,metric/the_pile_pubmed_abstracts_val_loss,0.2634955822357696,0.20329069722840476,-0.006510224383726289,0.7865351353537783,0.9251573586633094
M1_Q_mapped,C2_mixture_conditioned,A6_A7_test_1m,256,paired_calibration_member,metric/the_pile_uspto_backgrounds_val_loss,0.28283183136721807,0.2462006211727952,-0.01968463064999277,0.6925516874058448,0.8077012760357059
M1_Q_mapped,C2_mixture_conditioned,A8_A9_test_60m,256,paired_calibration_member,metric/the_pile_arxiv_val_loss,0.4597618136981146,0.37196317539572765,-0.16327992438750738,0.3491736913518909,0.7140256637674524
M1_Q_mapped,C2_mixture_conditioned,A8_A9_test_60m,256,paired_calibration_member,metric/the_pile_freelaw_val_loss,0.4338661483959463,0.37174945135914467,-0.031598223682229996,0.5463606829906226,0.7441369592584114
M1_Q_mapped,C2_mixture_conditioned,A8_A9_test_60m,256,paired_calibration_member,metric/the_pile_pubmed_central_val_loss,0.38132647568417194,0.31664132420836394,-0.04674712795473414,0.5505458142089747,0.7881358720531012
M1_Q_mapped,C2_mixture_conditioned,A8_A9_test_60m,256,paired_calibration_member,metric/the_pile_wikipedia_en_val_loss,0.2752163368786951,0.22943898238527222,0.014918499692881814,0.6978705032332115,0.8677185854886701
M1_Q_mapped,C2_mixture_conditioned,A8_A9_test_60m,256,paired_calibration_member,metric/the_pile_dm_mathematics_val_loss,0.6412720856306319,0.555413473656116,-0.045499602701927086,0.30324673456654616,0.6726267452506293
M1_Q_mapped,C2_mixture_conditioned,A8_A9_test_60m,256,paired_calibration_member,metric/the_pile_github_val_loss,0.4712480436685536,0.3803150997745599,-0.1251824669461067,0.5283294709967181,0.8359450102998396
M1_Q_mapped,C2_mixture_conditioned,A8_A9_test_60m,256,paired_calibration_member,metric/the_pile_stackexchange_val_loss,0.38053424370726874,0.2994880874398035,-0.08418764654333527,0.5320991737082592,0.7997875658045318
M1_Q_mapped,C2_mixture_conditioned,A8_A9_test_60m,256,paired_calibration_member,metric/the_pile_gutenberg_pg_19_val_loss,0.2143180867081109,0.16668843403729286,-0.01750630878049948,0.6899291569601287,0.8846196211947812
M1_Q_mapped,C2_mixture_conditioned,A8_A9_test_60m,256,paired_calibration_member,metric/the_pile_pile_cc_val_loss,0.15610543236714142,0.12595981986124188,0.0003957072751849134,0.7525686949578899,0.8965989070725565
M1_Q_mapped,C2_mixture_conditioned,A8_A9_test_60m,256,paired_calibration_member,metric/the_pile_ubuntu_irc_val_loss,0.4843766329592207,0.40616912256694016,-0.03443480285520658,0.5247394445569749,0.7146236266880291
M1_Q_mapped,C2_mixture_conditioned,A8_A9_test_60m,256,paired_calibration_member,metric/the_pile_hackernews_val_loss,0.1821319414710496,0.14910574719890324,-0.015550112103812687,0.6503953768440711,0.8286993591210802
M1_Q_mapped,C2_mixture_conditioned,A8_A9_test_60m,256,paired_calibration_member,metric/the_pile_pubmed_abstracts_val_loss,0.26350921053947224,0.20407775449135432,-0.006510224383726398,0.767942339948429,0.9180697814145111
M1_Q_mapped,C2_mixture_conditioned,A8_A9_test_60m,256,paired_calibration_member,metric/the_pile_uspto_backgrounds_val_loss,0.2506463346360737,0.21255536476507766,-0.0196846306499925,0.6637745766312995,0.7829287308308536
M1_Q_mapped,C2_mixture_conditioned,A10_A11_test_1b,64,external_retrospective_evaluation,metric/the_pile_arxiv_val_loss,0.5795900211138527,0.5316813716164266,-0.5316813716164266,-29.517577036483974,0.7442765567765567
M1_Q_mapped,C2_mixture_conditioned,A10_A11_test_1b,64,external_retrospective_evaluation,metric/the_pile_freelaw_val_loss,1.103214516473716,1.092670070505557,-1.0804545467133462,-62.405065725439975,0.6935897435897435
M1_Q_mapped,C2_mixture_conditioned,A10_A11_test_1b,64,external_retrospective_evaluation,metric/the_pile_pubmed_central_val_loss,0.6034025996690696,0.5841688492479604,-0.5719464343918619,-131.5910050781529,0.6247252747252746
M1_Q_mapped,C2_mixture_conditioned,A10_A11_test_1b,64,external_retrospective_evaluation,metric/the_pile_wikipedia_en_val_loss,1.0379699742183495,1.0302076132569868,-1.0302076132569868,-42.03794268672033,0.7735805860805859
M1_Q_mapped,C2_mixture_conditioned,A10_A11_test_1b,64,external_retrospective_evaluation,metric/the_pile_dm_mathematics_val_loss,0.3580734085744081,0.29756860342221797,-0.21874158178156977,-0.4509103763457847,0.43438644688644684
M1_Q_mapped,C2_mixture_conditioned,A10_A11_test_1b,64,external_retrospective_evaluation,metric/the_pile_github_val_loss,0.2891130923911908,0.254354728582582,-0.19495619489135438,-4.8015870881467535,0.6568681318681318
M1_Q_mapped,C2_mixture_conditioned,A10_A11_test_1b,64,external_retrospective_evaluation,metric/the_pile_stackexchange_val_loss,0.7732408551484772,0.7588738706480284,-0.7588738706480284,-34.8215961851295,0.670650183150183
M1_Q_mapped,C2_mixture_conditioned,A10_A11_test_1b,64,external_retrospective_evaluation,metric/the_pile_gutenberg_pg_19_val_loss,1.0411863268857686,1.0220003140172196,-1.0220003140172196,-17.512661891941967,0.57257326007326
M1_Q_mapped,C2_mixture_conditioned,A10_A11_test_1b,64,external_retrospective_evaluation,metric/the_pile_pile_cc_val_loss,0.8905313335423417,0.8843458250634568,-0.8843458250634568,-77.1052980301542,0.8819139194139194
M1_Q_mapped,C2_mixture_conditioned,A10_A11_test_1b,64,external_retrospective_evaluation,metric/the_pile_ubuntu_irc_val_loss,0.8142334462724347,0.7473900730902876,-0.7036644894625266,-2.7084556120447525,0.5513278388278388
M1_Q_mapped,C2_mixture_conditioned,A10_A11_test_1b,64,external_retrospective_evaluation,metric/the_pile_hackernews_val_loss,0.6740249766222498,0.6508035303752704,-0.6508035303752704,-10.720343694506823,0.5400641025641024
M1_Q_mapped,C2_mixture_conditioned,A10_A11_test_1b,64,external_retrospective_evaluation,metric/the_pile_pubmed_abstracts_val_loss,0.7787062724655477,0.7669409566439627,-0.7462600123591379,-46.41323026657338,0.6473443223443223
M1_Q_mapped,C2_mixture_conditioned,A10_A11_test_1b,64,external_retrospective_evaluation,metric/the_pile_uspto_backgrounds_val_loss,0.541114862203665,0.530358886001536,-0.530358886001536,-13.841164224536616,0.6782967032967032
M1_Q_mapped,C2_mixture_conditioned,A12_A13_est_10b,63,provided_estimates_extrapolation_audit,metric/the_pile_arxiv_val_loss,0.3559641874510856,0.31165654614623417,0.1731715018009386,-0.35531662571005507,0.6589381720430109
M1_Q_mapped,C2_mixture_conditioned,A12_A13_est_10b,63,provided_estimates_extrapolation_audit,metric/the_pile_freelaw_val_loss,0.5519235204121254,0.48164728759325276,-0.42958752110545984,-2.209970522004147,0.6638824884792627
M1_Q_mapped,C2_mixture_conditioned,A12_A13_est_10b,63,provided_estimates_extrapolation_audit,metric/the_pile_pubmed_central_val_loss,0.41140520896616795,0.35890936766310744,0.3325586022300556,-1.7094332223961337,0.6136232718894009
M1_Q_mapped,C2_mixture_conditioned,A12_A13_est_10b,63,provided_estimates_extrapolation_audit,metric/the_pile_wikipedia_en_val_loss,0.8735820905002496,0.8192904080956815,-0.8192904080956815,-13.374787538864652,0.351462928838968
M1_Q_mapped,C2_mixture_conditioned,A12_A13_est_10b,63,provided_estimates_extrapolation_audit,metric/the_pile_dm_mathematics_val_loss,0.6966543286658202,0.564864395994598,0.4176674301891457,-1.7069991574794168,-0.07603686635944701
M1_Q_mapped,C2_mixture_conditioned,A12_A13_est_10b,63,provided_estimates_extrapolation_audit,metric/the_pile_github_val_loss,1.9991029748290283,1.9470798122200126,1.9470798122200126,-52.73705094439033,0.5020161290322581
M1_Q_mapped,C2_mixture_conditioned,A12_A13_est_10b,63,provided_estimates_extrapolation_audit,metric/the_pile_stackexchange_val_loss,0.3601769571348442,0.3016318945995432,0.1188716050817834,-2.6288532121532118,0.4550025802288601
M1_Q_mapped,C2_mixture_conditioned,A12_A13_est_10b,63,provided_estimates_extrapolation_audit,metric/the_pile_gutenberg_pg_19_val_loss,1.4337490140290827,1.414094059559189,-1.414094059559189,-43.94792426009611,0.47542242703533033
M1_Q_mapped,C2_mixture_conditioned,A12_A13_est_10b,63,provided_estimates_extrapolation_audit,metric/the_pile_pile_cc_val_loss,1.4317278914986415,1.4036817417231184,-1.4036817417231184,-45.37227950673195,0.11419930875576037
M1_Q_mapped,C2_mixture_conditioned,A12_A13_est_10b,63,provided_estimates_extrapolation_audit,metric/the_pile_ubuntu_irc_val_loss,0.41697796019769295,0.3143826167417198,-0.039572399830661686,-0.810869125149559,0.4389880952380953
M1_Q_mapped,C2_mixture_conditioned,A12_A13_est_10b,63,provided_estimates_extrapolation_audit,metric/the_pile_hackernews_val_loss,1.4116174959937506,1.3865073265810524,-1.3865073265810524,-66.60956933456114,0.08525345622119816
M1_Q_mapped,C2_mixture_conditioned,A12_A13_est_10b,63,provided_estimates_extrapolation_audit,metric/the_pile_pubmed_abstracts_val_loss,0.6973728114710699,0.6220403711595204,-0.5977675461922113,-9.537049125767222,0.3043394777265745
M1_Q_mapped,C2_mixture_conditioned,A12_A13_est_10b,63,provided_estimates_extrapolation_audit,metric/the_pile_uspto_backgrounds_val_loss,0.40837408797299085,0.3507606292690105,-0.343525733654894,-2.3218956336148495,0.3786527776383656
M1_Q_mapped,C2_mixture_conditioned,A14_A15_est_70b,63,provided_estimates_extrapolation_audit,metric/the_pile_arxiv_val_loss,0.6389865750904099,0.5623286830120635,0.5508241365030342,-6.131559675865237,0.6036386328725039
M1_Q_mapped,C2_mixture_conditioned,A14_A15_est_70b,63,provided_estimates_extrapolation_audit,metric/the_pile_freelaw_val_loss,0.3841170052618997,0.3271787077975701,-0.17016162275365287,-1.1791708252489705,0.6063268049155146
M1_Q_mapped,C2_mixture_conditioned,A14_A15_est_70b,63,provided_estimates_extrapolation_audit,metric/the_pile_pubmed_central_val_loss,0.8038190088527756,0.7606802019401273,0.7606802019401273,-14.497006510853286,0.41844278033794163
M1_Q_mapped,C2_mixture_conditioned,A14_A15_est_70b,63,provided_estimates_extrapolation_audit,metric/the_pile_wikipedia_en_val_loss,0.6659201399636397,0.5969018995979714,-0.5902377091638652,-9.220312675888941,0.2644009216589862
M1_Q_mapped,C2_mixture_conditioned,A14_A15_est_70b,63,provided_estimates_extrapolation_audit,metric/the_pile_dm_mathematics_val_loss,1.0158431435837665,0.8770977192811837,0.7908239961696716,-8.881769365620876,-0.28014592933947774
M1_Q_mapped,C2_mixture_conditioned,A14_A15_est_70b,63,provided_estimates_extrapolation_audit,metric/the_pile_github_val_loss,2.7834510958223198,2.740904306787444,2.740904306787444,-163.7122670255818,0.34216589861751157
M1_Q_mapped,C2_mixture_conditioned,A14_A15_est_70b,63,provided_estimates_extrapolation_audit,metric/the_pile_stackexchange_val_loss,0.6281475338789645,0.566321682926201,0.5181650863443166,-15.387265641589625,0.3378496765997486
M1_Q_mapped,C2_mixture_conditioned,A14_A15_est_70b,63,provided_estimates_extrapolation_audit,metric/the_pile_gutenberg_pg_19_val_loss,1.3626419972026442,1.342094533565373,-1.342094533565373,-49.20322527959427,0.3635752688172043
M1_Q_mapped,C2_mixture_conditioned,A14_A15_est_70b,63,provided_estimates_extrapolation_audit,metric/the_pile_pile_cc_val_loss,1.3397790920221568,1.3085836512562206,-1.3085836512562206,-45.96230249386592,0.05083525345622121
M1_Q_mapped,C2_mixture_conditioned,A14_A15_est_70b,63,provided_estimates_extrapolation_audit,metric/the_pile_ubuntu_irc_val_loss,0.6021582827356305,0.5105683864965127,0.4086150827845371,-4.512581267534074,0.2884299206947413
M1_Q_mapped,C2_mixture_conditioned,A14_A15_est_70b,63,provided_estimates_extrapolation_audit,metric/the_pile_hackernews_val_loss,1.3395858930474644,1.313137856219213,-1.313137856219213,-67.98414380961033,-0.030049923195084486
M1_Q_mapped,C2_mixture_conditioned,A14_A15_est_70b,63,provided_estimates_extrapolation_audit,metric/the_pile_pubmed_abstracts_val_loss,0.5028026427897465,0.4106213737362261,-0.3440198680982171,-5.8386949559799115,0.1886040706605223
M1_Q_mapped,C2_mixture_conditioned,A14_A15_est_70b,63,provided_estimates_extrapolation_audit,metric/the_pile_uspto_backgrounds_val_loss,0.22593594437403616,0.17506499835153835,-0.05728489065259099,-0.3012315793713536,0.3022345967315636
