axis,N0_B,D_B,lambda_Q,t_QA,delta_QB,gain,observed_joint_row,N_required_B,required_status,N_required_ratio,required_in_B1,N_scale_equivalent_B,scale_status,N_scale_ratio,scale_is_expansion,scale_in_B1,quality_cost_ceiling_FLOPs,quality_cost_ceiling_per_token
Q_A_topsis_0_1,0.1,100.0,0.0,0.0,0.0,0.0,False,0.1,FINITE,1.0,True,0.1,FINITE,1.0,False,True,0.0,0.0
Q_A_topsis_0_1,0.1,100.0,0.0,0.00028942908885096127,0.0020831760116546104,0.0,False,0.1,FINITE,1.0,True,0.1,FINITE,1.0,False,True,0.0,0.0
Q_A_topsis_0_1,0.1,100.0,0.0,0.0005788581777019225,0.004166352023309221,0.0,False,0.1,FINITE,1.0,True,0.1,FINITE,1.0,False,True,0.0,0.0
Q_A_topsis_0_1,0.1,100.0,0.0,0.0008682872665528839,0.006249528034963832,0.0,False,0.1,FINITE,1.0,True,0.1,FINITE,1.0,False,True,0.0,0.0
Q_A_topsis_0_1,0.1,100.0,0.0,0.001157716355403845,0.008332704046618442,0.0,False,0.1,FINITE,1.0,True,0.1,FINITE,1.0,False,True,0.0,0.0
Q_A_topsis_0_1,0.1,100.0,0.0,0.0014471454442548063,0.010415880058273052,0.0,False,0.1,FINITE,1.0,True,0.1,FINITE,1.0,False,True,0.0,0.0
Q_A_topsis_0_1,0.1,100.0,0.0,0.0017365745331057677,0.012499056069927664,0.0,False,0.1,FINITE,1.0,True,0.1,FINITE,1.0,False,True,0.0,0.0
Q_A_topsis_0_1,0.1,100.0,0.0,0.002026003621956729,0.014582232081582274,0.0,False,0.1,FINITE,1.0,True,0.1,FINITE,1.0,False,True,0.0,0.0
Q_A_topsis_0_1,0.1,100.0,0.0,0.00231543271080769,0.016665408093236883,0.0,False,0.1,FINITE,1.0,True,0.1,FINITE,1.0,False,True,0.0,0.0
Q_A_topsis_0_1,0.1,100.0,0.0,0.0026048617996586513,0.018748584104891493,0.0,False,0.1,FINITE,1.0,True,0.1,FINITE,1.0,False,True,0.0,0.0
Q_A_topsis_0_1,0.1,100.0,0.0,0.0028942908885096126,0.020831760116546104,0.0,False,0.1,FINITE,1.0,True,0.1,FINITE,1.0,False,True,0.0,0.0
Q_A_topsis_0_1,0.1,100.0,0.0,0.0031837199773605738,0.022914936128200714,0.0,False,0.1,FINITE,1.0,True,0.1,FINITE,1.0,False,True,0.0,0.0
Q_A_topsis_0_1,0.1,100.0,0.0,0.0034731490662115354,0.024998112139855328,0.0,False,0.1,FINITE,1.0,True,0.1,FINITE,1.0,False,True,0.0,0.0
Q_A_topsis_0_1,0.1,100.0,0.0,0.0037625781550624966,0.02708128815150994,0.0,False,0.1,FINITE,1.0,True,0.1,FINITE,1.0,False,True,0.0,0.0
Q_A_topsis_0_1,0.1,100.0,0.0,0.004052007243913458,0.02916446416316455,0.0,False,0.1,FINITE,1.0,True,0.1,FINITE,1.0,False,True,0.0,0.0
Q_A_topsis_0_1,0.1,100.0,0.0,0.004341436332764419,0.03124764017481916,0.0,False,0.1,FINITE,1.0,True,0.1,FINITE,1.0,False,True,0.0,0.0
Q_A_topsis_0_1,0.1,100.0,0.0,0.00463086542161538,0.033330816186473766,0.0,False,0.1,FINITE,1.0,True,0.1,FINITE,1.0,False,True,0.0,0.0
Q_A_topsis_0_1,0.1,100.0,0.0,0.0049202945104663415,0.03541399219812838,0.0,False,0.1,FINITE,1.0,True,0.1,FINITE,1.0,False,True,0.0,0.0
Q_A_topsis_0_1,0.1,100.0,0.0,0.005209723599317303,0.03749716820978299,0.0,False,0.1,FINITE,1.0,True,0.1,FINITE,1.0,False,True,0.0,0.0
Q_A_topsis_0_1,0.1,100.0,0.0,0.005499152688168264,0.0395803442214376,0.0,False,0.1,FINITE,1.0,True,0.1,FINITE,1.0,False,True,0.0,0.0
Q_A_topsis_0_1,0.1,100.0,0.0,0.005788581777019225,0.04166352023309221,0.0,False,0.1,FINITE,1.0,True,0.1,FINITE,1.0,False,True,0.0,0.0
Q_A_topsis_0_1,0.1,100.0,0.0,0.006078010865870186,0.04374669624474682,0.0,False,0.1,FINITE,1.0,True,0.1,FINITE,1.0,False,True,0.0,0.0
Q_A_topsis_0_1,0.1,100.0,0.0,0.0063674399547211475,0.04582987225640143,0.0,False,0.1,FINITE,1.0,True,0.1,FINITE,1.0,False,True,0.0,0.0
Q_A_topsis_0_1,0.1,100.0,0.0,0.006656869043572109,0.047913048268056035,0.0,False,0.1,FINITE,1.0,True,0.1,FINITE,1.0,False,True,0.0,0.0
Q_A_topsis_0_1,0.1,100.0,0.0,0.006946298132423071,0.049996224279710656,0.0,False,0.1,FINITE,1.0,True,0.1,FINITE,1.0,False,True,0.0,0.0
Q_A_topsis_0_1,0.1,100.0,0.0,0.007235727221274032,0.05207940029136526,0.0,False,0.1,FINITE,1.0,True,0.1,FINITE,1.0,False,True,0.0,0.0
Q_A_topsis_0_1,0.1,100.0,0.0,0.007525156310124993,0.05416257630301988,0.0,False,0.1,FINITE,1.0,True,0.1,FINITE,1.0,False,True,0.0,0.0
Q_A_topsis_0_1,0.1,100.0,0.0,0.007814585398975954,0.05624575231467448,0.0,False,0.1,FINITE,1.0,True,0.1,FINITE,1.0,False,True,0.0,0.0
Q_A_topsis_0_1,0.1,100.0,0.0,0.008104014487826916,0.0583289283263291,0.0,False,0.1,FINITE,1.0,True,0.1,FINITE,1.0,False,True,0.0,0.0
Q_A_topsis_0_1,0.1,100.0,0.0,0.008393443576677876,0.0604121043379837,0.0,False,0.1,FINITE,1.0,True,0.1,FINITE,1.0,False,True,0.0,0.0
Q_A_topsis_0_1,0.1,100.0,0.0,0.008682872665528838,0.06249528034963832,0.0,False,0.1,FINITE,1.0,True,0.1,FINITE,1.0,False,True,0.0,0.0
Q_A_topsis_0_1,0.1,100.0,0.0,0.008972301754379798,0.06457845636129292,0.0,False,0.1,FINITE,1.0,True,0.1,FINITE,1.0,False,True,0.0,0.0
Q_A_topsis_0_1,0.1,100.0,0.0,0.00926173084323076,0.06666163237294753,0.0,False,0.1,FINITE,1.0,True,0.1,FINITE,1.0,False,True,0.0,0.0
Q_A_topsis_0_1,0.1,100.0,0.0,0.009551159932081723,0.06874480838460215,0.0,False,0.1,FINITE,1.0,True,0.1,FINITE,1.0,False,True,0.0,0.0
Q_A_topsis_0_1,0.1,100.0,0.0,0.009840589020932683,0.07082798439625676,0.0,False,0.1,FINITE,1.0,True,0.1,FINITE,1.0,False,True,0.0,0.0
Q_A_topsis_0_1,0.1,100.0,0.0,0.010130018109783645,0.07291116040791137,0.0,False,0.1,FINITE,1.0,True,0.1,FINITE,1.0,False,True,0.0,0.0
Q_A_topsis_0_1,0.1,100.0,0.0,0.010419447198634605,0.07499433641956597,0.0,False,0.1,FINITE,1.0,True,0.1,FINITE,1.0,False,True,0.0,0.0
Q_A_topsis_0_1,0.1,100.0,0.0,0.010708876287485567,0.07707751243122059,0.0,False,0.1,FINITE,1.0,True,0.1,FINITE,1.0,False,True,0.0,0.0
Q_A_topsis_0_1,0.1,100.0,0.0,0.010998305376336528,0.0791606884428752,0.0,False,0.1,FINITE,1.0,True,0.1,FINITE,1.0,False,True,0.0,0.0
Q_A_topsis_0_1,0.1,100.0,0.0,0.01128773446518749,0.08124386445452982,0.0,False,0.1,FINITE,1.0,True,0.1,FINITE,1.0,False,True,0.0,0.0
Q_A_topsis_0_1,0.1,100.0,0.0,0.01157716355403845,0.08332704046618442,0.0,False,0.1,FINITE,1.0,True,0.1,FINITE,1.0,False,True,0.0,0.0
Q_A_topsis_0_1,0.1,100.0,0.0,0.011866592642889412,0.08541021647783903,0.0,False,0.1,FINITE,1.0,True,0.1,FINITE,1.0,False,True,0.0,0.0
Q_A_topsis_0_1,0.1,100.0,0.0,0.012156021731740373,0.08749339248949364,0.0,False,0.1,FINITE,1.0,True,0.1,FINITE,1.0,False,True,0.0,0.0
Q_A_topsis_0_1,0.1,100.0,0.0,0.012445450820591335,0.08957656850114826,0.0,False,0.1,FINITE,1.0,True,0.1,FINITE,1.0,False,True,0.0,0.0
Q_A_topsis_0_1,0.1,100.0,0.0,0.012734879909442295,0.09165974451280286,0.0,False,0.1,FINITE,1.0,True,0.1,FINITE,1.0,False,True,0.0,0.0
Q_A_topsis_0_1,0.1,100.0,0.0,0.013024308998293257,0.09374292052445747,0.0,False,0.1,FINITE,1.0,True,0.1,FINITE,1.0,False,True,0.0,0.0
Q_A_topsis_0_1,0.1,100.0,0.0,0.013313738087144217,0.09582609653611207,0.0,False,0.1,FINITE,1.0,True,0.1,FINITE,1.0,False,True,0.0,0.0
Q_A_topsis_0_1,0.1,100.0,0.0,0.01360316717599518,0.0979092725477667,0.0,False,0.1,FINITE,1.0,True,0.1,FINITE,1.0,False,True,0.0,0.0
Q_A_topsis_0_1,0.1,100.0,0.0,0.013892596264846142,0.09999244855942131,0.0,False,0.1,FINITE,1.0,True,0.1,FINITE,1.0,False,True,0.0,0.0
Q_A_topsis_0_1,0.1,100.0,0.0,0.014182025353697102,0.10207562457107591,0.0,False,0.1,FINITE,1.0,True,0.1,FINITE,1.0,False,True,0.0,0.0
Q_A_topsis_0_1,0.1,100.0,0.0,0.014471454442548062,0.10415880058273051,0.0,False,0.1,FINITE,1.0,True,0.1,FINITE,1.0,False,True,0.0,0.0
Q_A_topsis_0_1,1.0,100.0,0.0,0.0,0.0,0.0,False,1.0,FINITE,1.0,True,1.0,FINITE,1.0,False,True,0.0,0.0
Q_A_topsis_0_1,1.0,100.0,0.0,0.00028942908885096127,0.0020831760116546104,0.0,False,1.0,FINITE,1.0,True,1.0,FINITE,1.0,False,True,0.0,0.0
Q_A_topsis_0_1,1.0,100.0,0.0,0.0005788581777019225,0.004166352023309221,0.0,False,1.0,FINITE,1.0,True,1.0,FINITE,1.0,False,True,0.0,0.0
Q_A_topsis_0_1,1.0,100.0,0.0,0.0008682872665528839,0.006249528034963832,0.0,False,1.0,FINITE,1.0,True,1.0,FINITE,1.0,False,True,0.0,0.0
Q_A_topsis_0_1,1.0,100.0,0.0,0.001157716355403845,0.008332704046618442,0.0,False,1.0,FINITE,1.0,True,1.0,FINITE,1.0,False,True,0.0,0.0
Q_A_topsis_0_1,1.0,100.0,0.0,0.0014471454442548063,0.010415880058273052,0.0,False,1.0,FINITE,1.0,True,1.0,FINITE,1.0,False,True,0.0,0.0
Q_A_topsis_0_1,1.0,100.0,0.0,0.0017365745331057677,0.012499056069927664,0.0,False,1.0,FINITE,1.0,True,1.0,FINITE,1.0,False,True,0.0,0.0
Q_A_topsis_0_1,1.0,100.0,0.0,0.002026003621956729,0.014582232081582274,0.0,False,1.0,FINITE,1.0,True,1.0,FINITE,1.0,False,True,0.0,0.0
Q_A_topsis_0_1,1.0,100.0,0.0,0.00231543271080769,0.016665408093236883,0.0,False,1.0,FINITE,1.0,True,1.0,FINITE,1.0,False,True,0.0,0.0
Q_A_topsis_0_1,1.0,100.0,0.0,0.0026048617996586513,0.018748584104891493,0.0,False,1.0,FINITE,1.0,True,1.0,FINITE,1.0,False,True,0.0,0.0
Q_A_topsis_0_1,1.0,100.0,0.0,0.0028942908885096126,0.020831760116546104,0.0,False,1.0,FINITE,1.0,True,1.0,FINITE,1.0,False,True,0.0,0.0
Q_A_topsis_0_1,1.0,100.0,0.0,0.0031837199773605738,0.022914936128200714,0.0,False,1.0,FINITE,1.0,True,1.0,FINITE,1.0,False,True,0.0,0.0
Q_A_topsis_0_1,1.0,100.0,0.0,0.0034731490662115354,0.024998112139855328,0.0,False,1.0,FINITE,1.0,True,1.0,FINITE,1.0,False,True,0.0,0.0
Q_A_topsis_0_1,1.0,100.0,0.0,0.0037625781550624966,0.02708128815150994,0.0,False,1.0,FINITE,1.0,True,1.0,FINITE,1.0,False,True,0.0,0.0
Q_A_topsis_0_1,1.0,100.0,0.0,0.004052007243913458,0.02916446416316455,0.0,False,1.0,FINITE,1.0,True,1.0,FINITE,1.0,False,True,0.0,0.0
Q_A_topsis_0_1,1.0,100.0,0.0,0.004341436332764419,0.03124764017481916,0.0,False,1.0,FINITE,1.0,True,1.0,FINITE,1.0,False,True,0.0,0.0
Q_A_topsis_0_1,1.0,100.0,0.0,0.00463086542161538,0.033330816186473766,0.0,False,1.0,FINITE,1.0,True,1.0,FINITE,1.0,False,True,0.0,0.0
Q_A_topsis_0_1,1.0,100.0,0.0,0.0049202945104663415,0.03541399219812838,0.0,False,1.0,FINITE,1.0,True,1.0,FINITE,1.0,False,True,0.0,0.0
Q_A_topsis_0_1,1.0,100.0,0.0,0.005209723599317303,0.03749716820978299,0.0,False,1.0,FINITE,1.0,True,1.0,FINITE,1.0,False,True,0.0,0.0
Q_A_topsis_0_1,1.0,100.0,0.0,0.005499152688168264,0.0395803442214376,0.0,False,1.0,FINITE,1.0,True,1.0,FINITE,1.0,False,True,0.0,0.0
Q_A_topsis_0_1,1.0,100.0,0.0,0.005788581777019225,0.04166352023309221,0.0,False,1.0,FINITE,1.0,True,1.0,FINITE,1.0,False,True,0.0,0.0
Q_A_topsis_0_1,1.0,100.0,0.0,0.006078010865870186,0.04374669624474682,0.0,False,1.0,FINITE,1.0,True,1.0,FINITE,1.0,False,True,0.0,0.0
Q_A_topsis_0_1,1.0,100.0,0.0,0.0063674399547211475,0.04582987225640143,0.0,False,1.0,FINITE,1.0,True,1.0,FINITE,1.0,False,True,0.0,0.0
Q_A_topsis_0_1,1.0,100.0,0.0,0.006656869043572109,0.047913048268056035,0.0,False,1.0,FINITE,1.0,True,1.0,FINITE,1.0,False,True,0.0,0.0
Q_A_topsis_0_1,1.0,100.0,0.0,0.006946298132423071,0.049996224279710656,0.0,False,1.0,FINITE,1.0,True,1.0,FINITE,1.0,False,True,0.0,0.0
Q_A_topsis_0_1,1.0,100.0,0.0,0.007235727221274032,0.05207940029136526,0.0,False,1.0,FINITE,1.0,True,1.0,FINITE,1.0,False,True,0.0,0.0
Q_A_topsis_0_1,1.0,100.0,0.0,0.007525156310124993,0.05416257630301988,0.0,False,1.0,FINITE,1.0,True,1.0,FINITE,1.0,False,True,0.0,0.0
Q_A_topsis_0_1,1.0,100.0,0.0,0.007814585398975954,0.05624575231467448,0.0,False,1.0,FINITE,1.0,True,1.0,FINITE,1.0,False,True,0.0,0.0
Q_A_topsis_0_1,1.0,100.0,0.0,0.008104014487826916,0.0583289283263291,0.0,False,1.0,FINITE,1.0,True,1.0,FINITE,1.0,False,True,0.0,0.0
Q_A_topsis_0_1,1.0,100.0,0.0,0.008393443576677876,0.0604121043379837,0.0,False,1.0,FINITE,1.0,True,1.0,FINITE,1.0,False,True,0.0,0.0
Q_A_topsis_0_1,1.0,100.0,0.0,0.008682872665528838,0.06249528034963832,0.0,False,1.0,FINITE,1.0,True,1.0,FINITE,1.0,False,True,0.0,0.0
Q_A_topsis_0_1,1.0,100.0,0.0,0.008972301754379798,0.06457845636129292,0.0,False,1.0,FINITE,1.0,True,1.0,FINITE,1.0,False,True,0.0,0.0
Q_A_topsis_0_1,1.0,100.0,0.0,0.00926173084323076,0.06666163237294753,0.0,False,1.0,FINITE,1.0,True,1.0,FINITE,1.0,False,True,0.0,0.0
Q_A_topsis_0_1,1.0,100.0,0.0,0.009551159932081723,0.06874480838460215,0.0,False,1.0,FINITE,1.0,True,1.0,FINITE,1.0,False,True,0.0,0.0
Q_A_topsis_0_1,1.0,100.0,0.0,0.009840589020932683,0.07082798439625676,0.0,False,1.0,FINITE,1.0,True,1.0,FINITE,1.0,False,True,0.0,0.0
Q_A_topsis_0_1,1.0,100.0,0.0,0.010130018109783645,0.07291116040791137,0.0,False,1.0,FINITE,1.0,True,1.0,FINITE,1.0,False,True,0.0,0.0
Q_A_topsis_0_1,1.0,100.0,0.0,0.010419447198634605,0.07499433641956597,0.0,False,1.0,FINITE,1.0,True,1.0,FINITE,1.0,False,True,0.0,0.0
Q_A_topsis_0_1,1.0,100.0,0.0,0.010708876287485567,0.07707751243122059,0.0,False,1.0,FINITE,1.0,True,1.0,FINITE,1.0,False,True,0.0,0.0
Q_A_topsis_0_1,1.0,100.0,0.0,0.010998305376336528,0.0791606884428752,0.0,False,1.0,FINITE,1.0,True,1.0,FINITE,1.0,False,True,0.0,0.0
Q_A_topsis_0_1,1.0,100.0,0.0,0.01128773446518749,0.08124386445452982,0.0,False,1.0,FINITE,1.0,True,1.0,FINITE,1.0,False,True,0.0,0.0
Q_A_topsis_0_1,1.0,100.0,0.0,0.01157716355403845,0.08332704046618442,0.0,False,1.0,FINITE,1.0,True,1.0,FINITE,1.0,False,True,0.0,0.0
Q_A_topsis_0_1,1.0,100.0,0.0,0.011866592642889412,0.08541021647783903,0.0,False,1.0,FINITE,1.0,True,1.0,FINITE,1.0,False,True,0.0,0.0
Q_A_topsis_0_1,1.0,100.0,0.0,0.012156021731740373,0.08749339248949364,0.0,False,1.0,FINITE,1.0,True,1.0,FINITE,1.0,False,True,0.0,0.0
Q_A_topsis_0_1,1.0,100.0,0.0,0.012445450820591335,0.08957656850114826,0.0,False,1.0,FINITE,1.0,True,1.0,FINITE,1.0,False,True,0.0,0.0
Q_A_topsis_0_1,1.0,100.0,0.0,0.012734879909442295,0.09165974451280286,0.0,False,1.0,FINITE,1.0,True,1.0,FINITE,1.0,False,True,0.0,0.0
Q_A_topsis_0_1,1.0,100.0,0.0,0.013024308998293257,0.09374292052445747,0.0,False,1.0,FINITE,1.0,True,1.0,FINITE,1.0,False,True,0.0,0.0
Q_A_topsis_0_1,1.0,100.0,0.0,0.013313738087144217,0.09582609653611207,0.0,False,1.0,FINITE,1.0,True,1.0,FINITE,1.0,False,True,0.0,0.0
Q_A_topsis_0_1,1.0,100.0,0.0,0.01360316717599518,0.0979092725477667,0.0,False,1.0,FINITE,1.0,True,1.0,FINITE,1.0,False,True,0.0,0.0
Q_A_topsis_0_1,1.0,100.0,0.0,0.013892596264846142,0.09999244855942131,0.0,False,1.0,FINITE,1.0,True,1.0,FINITE,1.0,False,True,0.0,0.0
Q_A_topsis_0_1,1.0,100.0,0.0,0.014182025353697102,0.10207562457107591,0.0,False,1.0,FINITE,1.0,True,1.0,FINITE,1.0,False,True,0.0,0.0
Q_A_topsis_0_1,1.0,100.0,0.0,0.014471454442548062,0.10415880058273051,0.0,False,1.0,FINITE,1.0,True,1.0,FINITE,1.0,False,True,0.0,0.0
Q_A_topsis_0_1,10.0,100.0,0.0,0.0,0.0,0.0,False,10.0,FINITE,1.0,True,10.0,FINITE,1.0,False,True,0.0,0.0
Q_A_topsis_0_1,10.0,100.0,0.0,0.00028942908885096127,0.0020831760116546104,0.0,False,10.0,FINITE,1.0,True,10.0,FINITE,1.0,False,True,0.0,0.0
Q_A_topsis_0_1,10.0,100.0,0.0,0.0005788581777019225,0.004166352023309221,0.0,False,10.0,FINITE,1.0,True,10.0,FINITE,1.0,False,True,0.0,0.0
Q_A_topsis_0_1,10.0,100.0,0.0,0.0008682872665528839,0.006249528034963832,0.0,False,10.0,FINITE,1.0,True,10.0,FINITE,1.0,False,True,0.0,0.0
Q_A_topsis_0_1,10.0,100.0,0.0,0.001157716355403845,0.008332704046618442,0.0,False,10.0,FINITE,1.0,True,10.0,FINITE,1.0,False,True,0.0,0.0
Q_A_topsis_0_1,10.0,100.0,0.0,0.0014471454442548063,0.010415880058273052,0.0,False,10.0,FINITE,1.0,True,10.0,FINITE,1.0,False,True,0.0,0.0
Q_A_topsis_0_1,10.0,100.0,0.0,0.0017365745331057677,0.012499056069927664,0.0,False,10.0,FINITE,1.0,True,10.0,FINITE,1.0,False,True,0.0,0.0
Q_A_topsis_0_1,10.0,100.0,0.0,0.002026003621956729,0.014582232081582274,0.0,False,10.0,FINITE,1.0,True,10.0,FINITE,1.0,False,True,0.0,0.0
Q_A_topsis_0_1,10.0,100.0,0.0,0.00231543271080769,0.016665408093236883,0.0,False,10.0,FINITE,1.0,True,10.0,FINITE,1.0,False,True,0.0,0.0
Q_A_topsis_0_1,10.0,100.0,0.0,0.0026048617996586513,0.018748584104891493,0.0,False,10.0,FINITE,1.0,True,10.0,FINITE,1.0,False,True,0.0,0.0
Q_A_topsis_0_1,10.0,100.0,0.0,0.0028942908885096126,0.020831760116546104,0.0,False,10.0,FINITE,1.0,True,10.0,FINITE,1.0,False,True,0.0,0.0
Q_A_topsis_0_1,10.0,100.0,0.0,0.0031837199773605738,0.022914936128200714,0.0,False,10.0,FINITE,1.0,True,10.0,FINITE,1.0,False,True,0.0,0.0
Q_A_topsis_0_1,10.0,100.0,0.0,0.0034731490662115354,0.024998112139855328,0.0,False,10.0,FINITE,1.0,True,10.0,FINITE,1.0,False,True,0.0,0.0
Q_A_topsis_0_1,10.0,100.0,0.0,0.0037625781550624966,0.02708128815150994,0.0,False,10.0,FINITE,1.0,True,10.0,FINITE,1.0,False,True,0.0,0.0
Q_A_topsis_0_1,10.0,100.0,0.0,0.004052007243913458,0.02916446416316455,0.0,False,10.0,FINITE,1.0,True,10.0,FINITE,1.0,False,True,0.0,0.0
Q_A_topsis_0_1,10.0,100.0,0.0,0.004341436332764419,0.03124764017481916,0.0,False,10.0,FINITE,1.0,True,10.0,FINITE,1.0,False,True,0.0,0.0
Q_A_topsis_0_1,10.0,100.0,0.0,0.00463086542161538,0.033330816186473766,0.0,False,10.0,FINITE,1.0,True,10.0,FINITE,1.0,False,True,0.0,0.0
Q_A_topsis_0_1,10.0,100.0,0.0,0.0049202945104663415,0.03541399219812838,0.0,False,10.0,FINITE,1.0,True,10.0,FINITE,1.0,False,True,0.0,0.0
Q_A_topsis_0_1,10.0,100.0,0.0,0.005209723599317303,0.03749716820978299,0.0,False,10.0,FINITE,1.0,True,10.0,FINITE,1.0,False,True,0.0,0.0
Q_A_topsis_0_1,10.0,100.0,0.0,0.005499152688168264,0.0395803442214376,0.0,False,10.0,FINITE,1.0,True,10.0,FINITE,1.0,False,True,0.0,0.0
Q_A_topsis_0_1,10.0,100.0,0.0,0.005788581777019225,0.04166352023309221,0.0,False,10.0,FINITE,1.0,True,10.0,FINITE,1.0,False,True,0.0,0.0
Q_A_topsis_0_1,10.0,100.0,0.0,0.006078010865870186,0.04374669624474682,0.0,False,10.0,FINITE,1.0,True,10.0,FINITE,1.0,False,True,0.0,0.0
Q_A_topsis_0_1,10.0,100.0,0.0,0.0063674399547211475,0.04582987225640143,0.0,False,10.0,FINITE,1.0,True,10.0,FINITE,1.0,False,True,0.0,0.0
Q_A_topsis_0_1,10.0,100.0,0.0,0.006656869043572109,0.047913048268056035,0.0,False,10.0,FINITE,1.0,True,10.0,FINITE,1.0,False,True,0.0,0.0
Q_A_topsis_0_1,10.0,100.0,0.0,0.006946298132423071,0.049996224279710656,0.0,False,10.0,FINITE,1.0,True,10.0,FINITE,1.0,False,True,0.0,0.0
Q_A_topsis_0_1,10.0,100.0,0.0,0.007235727221274032,0.05207940029136526,0.0,False,10.0,FINITE,1.0,True,10.0,FINITE,1.0,False,True,0.0,0.0
Q_A_topsis_0_1,10.0,100.0,0.0,0.007525156310124993,0.05416257630301988,0.0,False,10.0,FINITE,1.0,True,10.0,FINITE,1.0,False,True,0.0,0.0
Q_A_topsis_0_1,10.0,100.0,0.0,0.007814585398975954,0.05624575231467448,0.0,False,10.0,FINITE,1.0,True,10.0,FINITE,1.0,False,True,0.0,0.0
Q_A_topsis_0_1,10.0,100.0,0.0,0.008104014487826916,0.0583289283263291,0.0,False,10.0,FINITE,1.0,True,10.0,FINITE,1.0,False,True,0.0,0.0
Q_A_topsis_0_1,10.0,100.0,0.0,0.008393443576677876,0.0604121043379837,0.0,False,10.0,FINITE,1.0,True,10.0,FINITE,1.0,False,True,0.0,0.0
Q_A_topsis_0_1,10.0,100.0,0.0,0.008682872665528838,0.06249528034963832,0.0,False,10.0,FINITE,1.0,True,10.0,FINITE,1.0,False,True,0.0,0.0
Q_A_topsis_0_1,10.0,100.0,0.0,0.008972301754379798,0.06457845636129292,0.0,False,10.0,FINITE,1.0,True,10.0,FINITE,1.0,False,True,0.0,0.0
Q_A_topsis_0_1,10.0,100.0,0.0,0.00926173084323076,0.06666163237294753,0.0,False,10.0,FINITE,1.0,True,10.0,FINITE,1.0,False,True,0.0,0.0
Q_A_topsis_0_1,10.0,100.0,0.0,0.009551159932081723,0.06874480838460215,0.0,False,10.0,FINITE,1.0,True,10.0,FINITE,1.0,False,True,0.0,0.0
Q_A_topsis_0_1,10.0,100.0,0.0,0.009840589020932683,0.07082798439625676,0.0,False,10.0,FINITE,1.0,True,10.0,FINITE,1.0,False,True,0.0,0.0
Q_A_topsis_0_1,10.0,100.0,0.0,0.010130018109783645,0.07291116040791137,0.0,False,10.0,FINITE,1.0,True,10.0,FINITE,1.0,False,True,0.0,0.0
Q_A_topsis_0_1,10.0,100.0,0.0,0.010419447198634605,0.07499433641956597,0.0,False,10.0,FINITE,1.0,True,10.0,FINITE,1.0,False,True,0.0,0.0
Q_A_topsis_0_1,10.0,100.0,0.0,0.010708876287485567,0.07707751243122059,0.0,False,10.0,FINITE,1.0,True,10.0,FINITE,1.0,False,True,0.0,0.0
Q_A_topsis_0_1,10.0,100.0,0.0,0.010998305376336528,0.0791606884428752,0.0,False,10.0,FINITE,1.0,True,10.0,FINITE,1.0,False,True,0.0,0.0
Q_A_topsis_0_1,10.0,100.0,0.0,0.01128773446518749,0.08124386445452982,0.0,False,10.0,FINITE,1.0,True,10.0,FINITE,1.0,False,True,0.0,0.0
Q_A_topsis_0_1,10.0,100.0,0.0,0.01157716355403845,0.08332704046618442,0.0,False,10.0,FINITE,1.0,True,10.0,FINITE,1.0,False,True,0.0,0.0
Q_A_topsis_0_1,10.0,100.0,0.0,0.011866592642889412,0.08541021647783903,0.0,False,10.0,FINITE,1.0,True,10.0,FINITE,1.0,False,True,0.0,0.0
Q_A_topsis_0_1,10.0,100.0,0.0,0.012156021731740373,0.08749339248949364,0.0,False,10.0,FINITE,1.0,True,10.0,FINITE,1.0,False,True,0.0,0.0
Q_A_topsis_0_1,10.0,100.0,0.0,0.012445450820591335,0.08957656850114826,0.0,False,10.0,FINITE,1.0,True,10.0,FINITE,1.0,False,True,0.0,0.0
Q_A_topsis_0_1,10.0,100.0,0.0,0.012734879909442295,0.09165974451280286,0.0,False,10.0,FINITE,1.0,True,10.0,FINITE,1.0,False,True,0.0,0.0
Q_A_topsis_0_1,10.0,100.0,0.0,0.013024308998293257,0.09374292052445747,0.0,False,10.0,FINITE,1.0,True,10.0,FINITE,1.0,False,True,0.0,0.0
Q_A_topsis_0_1,10.0,100.0,0.0,0.013313738087144217,0.09582609653611207,0.0,False,10.0,FINITE,1.0,True,10.0,FINITE,1.0,False,True,0.0,0.0
Q_A_topsis_0_1,10.0,100.0,0.0,0.01360316717599518,0.0979092725477667,0.0,False,10.0,FINITE,1.0,True,10.0,FINITE,1.0,False,True,0.0,0.0
Q_A_topsis_0_1,10.0,100.0,0.0,0.013892596264846142,0.09999244855942131,0.0,False,10.0,FINITE,1.0,True,10.0,FINITE,1.0,False,True,0.0,0.0
Q_A_topsis_0_1,10.0,100.0,0.0,0.014182025353697102,0.10207562457107591,0.0,False,10.0,FINITE,1.0,True,10.0,FINITE,1.0,False,True,0.0,0.0
Q_A_topsis_0_1,10.0,100.0,0.0,0.014471454442548062,0.10415880058273051,0.0,False,10.0,FINITE,1.0,True,10.0,FINITE,1.0,False,True,0.0,0.0
Q_A_topsis_0_1,0.1,100.0,0.5,0.0,0.0,0.0,False,0.1,FINITE,1.0,True,0.1,FINITE,1.0,False,True,0.0,0.0
Q_A_topsis_0_1,0.1,100.0,0.5,0.00028942908885096127,0.0020831760116546104,0.00037704994826703284,False,0.09985692044030231,FINITE,0.9985692044030231,True,0.10014335440342174,FINITE,1.0014335440342175,True,True,8.584773581861715e+16,858477.3581861715
Q_A_topsis_0_1,0.1,100.0,0.5,0.0005788581777019225,0.004166352023309221,0.0007540998965340657,False,0.09971411506401658,FINITE,0.9971411506401657,True,0.10028698431279286,FINITE,1.0028698431279286,True,True,1.715309615900579e+17,1715309.6159005787
Q_A_topsis_0_1,0.1,100.0,0.5,0.0008682872665528839,0.006249528034963832,0.0011311498448010986,False,0.09957158321273689,FINITE,0.9957158321273688,True,0.1004308903922579,FINITE,1.004308903922579,True,True,2.5705007235787e+17,2570500.7235787003
Q_A_topsis_0_1,0.1,100.0,0.5,0.001157716355403845,0.008332704046618442,0.0015081997930681313,False,0.09942932422995772,FINITE,0.9942932422995772,True,0.10057507330788762,FINITE,1.0057507330788762,True,True,3.424054620253719e+17,3424054.6202537194
Q_A_topsis_0_1,0.1,100.0,0.5,0.0014471454442548063,0.010415880058273052,0.0018852497413351641,False,0.09928733746106705,FINITE,0.9928733746106705,True,0.10071953372768508,FINITE,1.0071953372768507,True,True,4.2759752335977395e+17,4275975.23359774
Q_A_topsis_0_1,0.1,100.0,0.5,0.0017365745331057677,0.012499056069927664,0.002262299689602197,False,0.09914562225334035,FINITE,0.9914562225334035,True,0.1008642723215923,FINITE,1.008642723215923,True,True,5.126266479957925e+17,5126266.479957925
Q_A_topsis_0_1,0.1,100.0,0.5,0.002026003621956729,0.014582232081582274,0.00263934963786923,False,0.09900417795593379,FINITE,0.9900417795593378,True,0.10100928976149721,FINITE,1.0100928976149721,True,True,5.974932264397298e+17,5974932.264397298
Q_A_topsis_0_1,0.1,100.0,0.5,0.00231543271080769,0.016665408093236883,0.0030163995861362627,False,0.09886300391987825,FINITE,0.9886300391987825,True,0.10115458672123971,FINITE,1.0115458672123971,True,True,6.821976480730546e+17,6821976.480730546
Q_A_topsis_0_1,0.1,100.0,0.5,0.0026048617996586513,0.018748584104891493,0.0033934495344032957,False,0.09872209949807316,FINITE,0.9872209949807316,True,0.10130016387661855,FINITE,1.0130016387661855,True,True,7.667403011561075e+17,7667403.011561074
Q_A_topsis_0_1,0.1,100.0,0.5,0.0028942908885096126,0.020831760116546104,0.0037704994826703283,False,0.09858146404527969,FINITE,0.9858146404527969,True,0.10144602190539806,FINITE,1.0144602190539804,True,True,8.511215728321892e+17,8511215.728321891
Q_A_topsis_0_1,0.1,100.0,0.5,0.0031837199773605738,0.022914936128200714,0.004147549430937361,False,0.09844109691811491,FINITE,0.984410969181149,True,0.10159216148731487,FINITE,1.0159216148731487,True,True,9.353418491310578e+17,9353418.491310578
Q_A_topsis_0_1,0.1,100.0,0.5,0.0034731490662115354,0.024998112139855328,0.004524599379204394,False,0.09830099747504553,FINITE,0.9830099747504553,True,0.10173858330408417,FINITE,1.0173858330408416,True,True,1.0194015149726843e+18,10194015.149726843
Q_A_topsis_0_1,0.1,100.0,0.5,0.0037625781550624966,0.02708128815150994,0.004901649327471428,False,0.0981611650763814,FINITE,0.981611650763814,True,0.10188528803940722,FINITE,1.0188528803940722,True,True,1.1033009541711658e+18,11033009.541711658
Q_A_topsis_0_1,0.1,100.0,0.5,0.004052007243913458,0.02916446416316455,0.00527869927573846,False,0.09802159908426962,FINITE,0.9802159908426962,True,0.10203227637897722,FINITE,1.020322763789772,True,True,1.1870405494382316e+18,11870405.494382313
Q_A_topsis_0_1,0.1,100.0,0.5,0.004341436332764419,0.03124764017481916,0.005655749224005493,False,0.09788229886268837,FINITE,0.9788229886268837,True,0.10217954901048691,FINITE,1.0217954901048691,True,True,1.2706206823869804e+18,12706206.823869804
Q_A_topsis_0_1,0.1,100.0,0.5,0.00463086542161538,0.033330816186473766,0.006032799172272525,False,0.09774326377744055,FINITE,0.9774326377744055,True,0.10232710662363469,FINITE,1.023271066236347,True,True,1.3540417335356713e+18,13540417.335356714
Q_A_topsis_0_1,0.1,100.0,0.5,0.0049202945104663415,0.03541399219812838,0.006409849120539559,False,0.09760449319614792,FINITE,0.9760449319614791,True,0.10247494991013216,FINITE,1.0247494991013215,True,True,1.4373040823112527e+18,14373040.823112527
Q_A_topsis_0_1,0.1,100.0,0.5,0.005209723599317303,0.03749716820978299,0.006786899068806591,False,0.09746598648824475,FINITE,0.9746598648824475,True,0.10262307956371021,FINITE,1.026230795637102,True,True,1.5204081070531505e+18,15204081.070531506
Q_A_topsis_0_1,0.1,100.0,0.5,0.005499152688168264,0.0395803442214376,0.007163949017073624,False,0.09732774302497209,FINITE,0.9732774302497208,True,0.10277149628012666,FINITE,1.0277149628012665,True,True,1.6033541850167503e+18,16033541.850167504
Q_A_topsis_0_1,0.1,100.0,0.5,0.005788581777019225,0.04166352023309221,0.0075409989653406565,False,0.09718976217937131,FINITE,0.9718976217937131,True,0.10292020075717272,FINITE,1.0292020075717272,True,True,1.6861426923772183e+18,16861426.923772182
Q_A_topsis_0_1,0.1,100.0,0.5,0.006078010865870186,0.04374669624474682,0.00791804891360769,False,0.09705204332627845,FINITE,0.9705204332627845,True,0.10306919369467986,FINITE,1.0306919369467986,True,True,1.7687740042329313e+18,17687740.042329315
Q_A_topsis_0_1,0.1,100.0,0.5,0.0063674399547211475,0.04582987225640143,0.008295098861874722,False,0.09691458584231803,FINITE,0.9691458584231802,True,0.10321847579452735,FINITE,1.0321847579452734,True,True,1.8512484946091837e+18,18512484.94609184
Q_A_topsis_0_1,0.1,100.0,0.5,0.006656869043572109,0.047913048268056035,0.008672148810141755,False,0.09677738910589705,FINITE,0.9677738910589704,True,0.10336804776064851,FINITE,1.033680477606485,True,True,1.9335665364617754e+18,19335665.364617754
Q_A_topsis_0_1,0.1,100.0,0.5,0.006946298132423071,0.049996224279710656,0.009049198758408789,False,0.09664045249719927,FINITE,0.9664045249719927,True,0.10351791029903845,FINITE,1.0351791029903845,True,True,2.0157285016804413e+18,20157285.016804416
Q_A_topsis_0_1,0.1,100.0,0.5,0.007235727221274032,0.05207940029136526,0.009426248706675822,False,0.09650377539817884,FINITE,0.9650377539817884,True,0.10366806411776051,FINITE,1.036680641177605,True,True,2.097734761092701e+18,20977347.61092701
Q_A_topsis_0_1,0.1,100.0,0.5,0.007525156310124993,0.05416257630301988,0.009803298654942855,False,0.09636735719255503,FINITE,0.9636735719255503,True,0.10381850992695381,FINITE,1.038185099269538,True,True,2.1795856844669865e+18,21795856.844669864
Q_A_topsis_0_1,0.1,100.0,0.5,0.007814585398975954,0.05624575231467448,0.010180348603209887,False,0.09623119726580563,FINITE,0.9623119726580562,True,0.10396924843884014,FINITE,1.0396924843884014,True,True,2.2612816405166241e+18,22612816.405166242
Q_A_topsis_0_1,0.1,100.0,0.5,0.008104014487826916,0.0583289283263291,0.01055739855147692,False,0.0960952950051617,FINITE,0.960952950051617,True,0.10412028036773116,FINITE,1.0412028036773116,True,True,2.342822996902982e+18,23428229.969029825
Q_A_topsis_0_1,0.1,100.0,0.5,0.008393443576677876,0.0604121043379837,0.010934448499743952,False,0.09595964979960128,FINITE,0.9595964979960128,True,0.10427160643003539,FINITE,1.0427160643003537,True,True,2.424210120239234e+18,24242101.20239234
Q_A_topsis_0_1,0.1,100.0,0.5,0.008682872665528838,0.06249528034963832,0.011311498448010986,False,0.0958242610398439,FINITE,0.9582426103984389,True,0.10442322734426593,FINITE,1.0442322734426592,True,True,2.505443376093663e+18,25054433.760936633
Q_A_topsis_0_1,0.1,100.0,0.5,0.008972301754379798,0.06457845636129292,0.011688548396278017,False,0.09568912811834455,FINITE,0.9568912811834455,True,0.10457514383104687,FINITE,1.0457514383104687,True,True,2.5865231289932703e+18,25865231.289932705
Q_A_topsis_0_1,0.1,100.0,0.5,0.00926173084323076,0.06666163237294753,0.01206559834454505,False,0.09555425042928813,FINITE,0.9555425042928812,True,0.10472735661312134,FINITE,1.0472735661312134,True,True,2.667449742427128e+18,26674497.424271278
Q_A_topsis_0_1,0.1,100.0,0.5,0.009551159932081723,0.06874480838460215,0.012442648292812086,False,0.0954196273685834,FINITE,0.954196273685834,True,0.10487986641535818,FINITE,1.0487986641535818,True,True,2.7482235788499594e+18,27482235.788499594
Q_A_topsis_0_1,0.1,100.0,0.5,0.009840589020932683,0.07082798439625676,0.012819698241079118,False,0.09528525833385759,FINITE,0.9528525833385759,True,0.10503267396475977,FINITE,1.0503267396475975,True,True,2.828844999685448e+18,28288449.99685448
Q_A_topsis_0_1,0.1,100.0,0.5,0.010130018109783645,0.07291116040791137,0.013196748189346151,False,0.09515114272445042,FINITE,0.9515114272445042,True,0.10518577999046894,FINITE,1.0518577999046892,True,True,2.909314365329749e+18,29093143.653297488
Q_A_topsis_0_1,0.1,100.0,0.5,0.010419447198634605,0.07499433641956597,0.013573798137613183,False,0.09501727994140861,FINITE,0.9501727994140861,True,0.10533918522377649,FINITE,1.0533918522377648,True,True,2.989632035154835e+18,29896320.35154835
Q_A_topsis_0_1,0.1,100.0,0.5,0.010708876287485567,0.07707751243122059,0.013950848085880216,False,0.09488366938748005,FINITE,0.9488366938748005,True,0.10549289039812879,FINITE,1.0549289039812877,True,True,3.0697983675119724e+18,30697983.67511972
Q_A_topsis_0_1,0.1,100.0,0.5,0.010998305376336528,0.0791606884428752,0.014327898034147248,False,0.09475031046710818,FINITE,0.9475031046710817,True,0.10564689624913479,FINITE,1.0564689624913477,True,True,3.149813719735098e+18,31498137.19735098
Q_A_topsis_0_1,0.1,100.0,0.5,0.01128773446518749,0.08124386445452982,0.014704947982414281,False,0.09461720258642664,FINITE,0.9461720258642664,True,0.10580120351457388,FINITE,1.0580120351457387,True,True,3.2296784481440184e+18,32296784.481440187
Q_A_topsis_0_1,0.1,100.0,0.5,0.01157716355403845,0.08332704046618442,0.015081997930681313,False,0.0944843451532532,FINITE,0.9448434515325319,True,0.10595581293440308,FINITE,1.0595581293440308,True,True,3.309392908048084e+18,33093929.08048084
Q_A_topsis_0_1,0.1,100.0,0.5,0.011866592642889412,0.08541021647783903,0.015459047878948348,False,0.09435173757708465,FINITE,0.9435173757708465,True,0.10611072525076481,FINITE,1.0611072525076481,True,True,3.3889574537492137e+18,33889574.53749214
Q_A_topsis_0_1,0.1,100.0,0.5,0.012156021731740373,0.08749339248949364,0.01583609782721538,False,0.09421937926909082,FINITE,0.9421937926909082,True,0.10626594120799411,FINITE,1.062659412079941,True,True,3.4683724385455084e+18,34683724.38545509
Q_A_topsis_0_1,0.1,100.0,0.5,0.012445450820591335,0.08957656850114826,0.01621314777548241,False,0.09408726964210946,FINITE,0.9408726964210946,True,0.10642146155262655,FINITE,1.0642146155262655,True,True,3.547638214734325e+18,35476382.14734325
Q_A_topsis_0_1,0.1,100.0,0.5,0.012734879909442295,0.09165974451280286,0.016590197723749443,False,0.09395540811064032,FINITE,0.9395540811064031,True,0.10657728703340563,FINITE,1.0657728703340563,True,True,3.626755133615811e+18,36267551.33615811
Q_A_topsis_0_1,0.1,100.0,0.5,0.013024308998293257,0.09374292052445747,0.01696724767201648,False,0.09382379409084005,FINITE,0.9382379409084004,True,0.1067334184012905,FINITE,1.067334184012905,True,True,3.705723545495976e+18,37057235.45495976
Q_A_topsis_0_1,0.1,100.0,0.5,0.013313738087144217,0.09582609653611207,0.01734429762028351,False,0.09369242700051629,FINITE,0.9369242700051629,True,0.10688985640946363,FINITE,1.0688985640946362,True,True,3.784543799690229e+18,37845437.996902294
Q_A_topsis_0_1,0.1,100.0,0.5,0.01360316717599518,0.0979092725477667,0.017721347568550545,False,0.09356130625912262,FINITE,0.9356130625912262,True,0.10704660181333829,FINITE,1.070466018133383,True,True,3.8632162445264297e+18,38632162.445264295
Q_A_topsis_0_1,0.1,100.0,0.5,0.013892596264846142,0.09999244855942131,0.018098397516817577,False,0.09343043128775301,FINITE,0.93430431287753,True,0.10720365537056659,FINITE,1.0720365537056658,True,True,3.941741227348197e+18,39417412.27348197
Q_A_topsis_0_1,0.1,100.0,0.5,0.014182025353697102,0.10207562457107591,0.01847544746508461,False,0.09329980150913608,FINITE,0.9329980150913608,True,0.10736101784104708,FINITE,1.0736101784104708,True,True,4.0201190945183544e+18,40201190.94518354
Q_A_topsis_0_1,0.1,100.0,0.5,0.014471454442548062,0.10415880058273051,0.01885249741335164,False,0.09316941634763029,FINITE,0.9316941634763029,True,0.1075186899869326,FINITE,1.075186899869326,True,True,4.0983501914218296e+18,40983501.91421829
Q_A_topsis_0_1,1.0,100.0,0.5,0.0,0.0,0.0,False,1.0,FINITE,1.0,True,1.0,FINITE,1.0,False,True,0.0,0.0
Q_A_topsis_0_1,1.0,100.0,0.5,0.00028942908885096127,0.0020831760116546104,0.00037704994826703284,False,0.9968734903867059,FINITE,0.9968734903867059,True,1.0031396630712814,FINITE,1.0031396630712814,True,True,1.875905767976449e+18,18759057.67976449
Q_A_topsis_0_1,1.0,100.0,0.5,0.0005788581777019225,0.004166352023309221,0.0007540998965340657,False,0.9937600652176946,FINITE,0.9937600652176946,True,1.0062925490524004,FINITE,1.0062925490524004,True,True,3.7439608693832673e+18,37439608.69383267
Q_A_topsis_0_1,1.0,100.0,0.5,0.0008682872665528839,0.006249528034963832,0.0011311498448010986,False,0.9906596559141806,FINITE,0.9906596559141806,True,1.0094587278366056,FINITE,1.0094587278366056,True,True,5.604206451491644e+18,56042064.51491644
Q_A_topsis_0_1,1.0,100.0,0.5,0.001157716355403845,0.008332704046618442,0.0015081997930681313,False,0.9875721943290993,FINITE,0.9875721943290993,True,1.012638269761826,FINITE,1.012638269761826,True,True,7.456683402540443e+18,74566834.02540442
Q_A_topsis_0_1,1.0,100.0,0.5,0.0014471454442548063,0.010415880058273052,0.0018852497413351641,False,0.9844976127439359,FINITE,0.9844976127439359,True,1.0158312456139775,FINITE,1.0158312456139775,True,True,9.301432353638472e+18,93014323.53638473
Q_A_topsis_0_1,1.0,100.0,0.5,0.0017365745331057677,0.012499056069927664,0.002262299689602197,False,0.9814358438655767,FINITE,0.9814358438655767,True,1.0190377266303037,FINITE,1.0190377266303037,True,True,1.1138493680653984e+19,111384936.80653982
Q_A_topsis_0_1,1.0,100.0,0.5,0.002026003621956729,0.014582232081582274,0.00263934963786923,False,0.9783868208231954,FINITE,0.9783868208231954,True,1.0222577845027383,FINITE,1.0222577845027383,True,True,1.2967907506082765e+19,129679075.06082766
Q_A_topsis_0_1,1.0,100.0,0.5,0.00231543271080769,0.016665408093236883,0.0030163995861362627,False,0.9753504771651573,FINITE,0.9753504771651573,True,1.0254914913813005,FINITE,1.0254914913813005,True,True,1.4789713700905605e+19,147897137.00905603
Q_A_topsis_0_1,1.0,100.0,0.5,0.0026048617996586513,0.018748584104891493,0.0033934495344032957,False,0.9723267468559511,FINITE,0.9723267468559511,True,1.028738919877518,FINITE,1.028738919877518,True,True,1.6603951886429336e+19,166039518.86429337
Q_A_topsis_0_1,1.0,100.0,0.5,0.0028942908885096126,0.020831760116546104,0.0037704994826703283,False,0.9693155642731515,FINITE,0.9693155642731515,True,1.0320001430678807,FINITE,1.0320001430678807,True,True,1.8410661436109124e+19,184106614.36109123
Q_A_topsis_0_1,1.0,100.0,0.5,0.0031837199773605738,0.022914936128200714,0.004147549430937361,False,0.9663168642044009,FINITE,0.9663168642044009,True,1.0352752344973222,FINITE,1.0352752344973222,True,True,2.020988147735947e+19,202098814.7735947
Q_A_topsis_0_1,1.0,100.0,0.5,0.0034731490662115354,0.024998112139855328,0.004524599379204394,False,0.9633305818444192,FINITE,0.9633305818444192,True,1.0385642681827307,FINITE,1.0385642681827307,True,True,2.2001650893348467e+19,220016508.93348467
Q_A_topsis_0_1,1.0,100.0,0.5,0.0037625781550624966,0.02708128815150994,0.004901649327471428,False,0.9603566527920384,FINITE,0.9603566527920384,True,1.0418673186164937,FINITE,1.0418673186164937,True,True,2.378600832477695e+19,237860083.24776953
Q_A_topsis_0_1,1.0,100.0,0.5,0.004052007243913458,0.02916446416316455,0.00527869927573846,False,0.9573950130472613,FINITE,0.9573950130472613,True,1.0451844607700687,FINITE,1.0451844607700687,True,True,2.5562992171643236e+19,255629921.7164324
Q_A_topsis_0_1,1.0,100.0,0.5,0.004341436332764419,0.03124764017481916,0.005655749224005493,False,0.9544455990083456,FINITE,0.9544455990083456,True,1.0485157700975865,FINITE,1.0485157700975865,True,True,2.7332640594992652e+19,273326405.9499265
Q_A_topsis_0_1,1.0,100.0,0.5,0.00463086542161538,0.033330816186473766,0.006032799172272525,False,0.9515083474689094,FINITE,0.9515083474689094,True,1.051861322539489,FINITE,1.051861322539489,True,True,2.9094991518654333e+19,290949915.18654335
Q_A_topsis_0_1,1.0,100.0,0.5,0.0049202945104663415,0.03541399219812838,0.006409849120539559,False,0.9485831956150665,FINITE,0.9485831956150665,True,1.05522119452619,FINITE,1.05522119452619,True,True,3.0850082630960075e+19,308500826.3096007
Q_A_topsis_0_1,1.0,100.0,0.5,0.005209723599317303,0.03749716820978299,0.006786899068806591,False,0.9456700810225793,FINITE,0.9456700810225793,True,1.0585954629817758,FINITE,1.0585954629817758,True,True,3.2597951386452406e+19,325979513.86452407
Q_A_topsis_0_1,1.0,100.0,0.5,0.005499152688168264,0.0395803442214376,0.007163949017073624,False,0.9427689416540382,FINITE,0.9427689416540382,True,1.0619842053277346,FINITE,1.0619842053277346,True,True,3.4338635007577055e+19,343386350.07577056
Q_A_topsis_0_1,1.0,100.0,0.5,0.005788581777019225,0.04166352023309221,0.0075409989653406565,False,0.9398797158560651,FINITE,0.9398797158560651,True,1.0653874994867172,FINITE,1.0653874994867172,True,True,3.6072170486360932e+19,360721704.8636093
Q_A_topsis_0_1,1.0,100.0,0.5,0.006078010865870186,0.04374669624474682,0.00791804891360769,False,0.9370023423565363,FINITE,0.9370023423565363,True,1.068805423886331,FINITE,1.068805423886331,True,True,3.779859458607819e+19,377985945.8607819
Q_A_topsis_0_1,1.0,100.0,0.5,0.0063674399547211475,0.04582987225640143,0.008295098861874722,False,0.9341367602618345,FINITE,0.9341367602618345,True,1.0722380574629686,FINITE,1.0722380574629686,True,True,3.951794384289933e+19,395179438.4289933
Q_A_topsis_0_1,1.0,100.0,0.5,0.006656869043572109,0.047913048268056035,0.008672148810141755,False,0.9312829090541173,FINITE,0.9312829090541173,True,1.075685479665667,FINITE,1.075685479665667,True,True,4.123025456752964e+19,412302545.6752964
Q_A_topsis_0_1,1.0,100.0,0.5,0.006946298132423071,0.049996224279710656,0.009049198758408789,False,0.9284407285886122,FINITE,0.9284407285886122,True,1.0791477704600019,FINITE,1.0791477704600019,True,True,4.293556284683271e+19,429355628.4683271
Q_A_topsis_0_1,1.0,100.0,0.5,0.007235727221274032,0.05207940029136526,0.009426248706675822,False,0.9256101590909303,FINITE,0.9256101590909303,True,1.082625010332016,FINITE,1.082625010332016,True,True,4.463390454544185e+19,446339045.4544185
Q_A_topsis_0_1,1.0,100.0,0.5,0.007525156310124993,0.05416257630301988,0.009803298654942855,False,0.9227911411544073,FINITE,0.9227911411544073,True,1.0861172802921806,FINITE,1.0861172802921806,True,True,4.632531530735562e+19,463253153.0735562
Q_A_topsis_0_1,1.0,100.0,0.5,0.007814585398975954,0.05624575231467448,0.010180348603209887,False,0.9199836157374615,FINITE,0.9199836157374615,True,1.0896246618793914,FINITE,1.0896246618793914,True,True,4.8009830557523124e+19,480098305.57523125
Q_A_topsis_0_1,1.0,100.0,0.5,0.008104014487826916,0.0583289283263291,0.01055739855147692,False,0.9171875241609753,FINITE,0.9171875241609753,True,1.093147237165001,FINITE,1.093147237165001,True,True,4.968748550341484e+19,496874855.0341484
Q_A_topsis_0_1,1.0,100.0,0.5,0.008393443576677876,0.0604121043379837,0.010934448499743952,False,0.9144028081056984,FINITE,0.9144028081056984,True,1.0966850887568853,FINITE,1.0966850887568853,True,True,5.135831513658095e+19,513583151.36580956
Q_A_topsis_0_1,1.0,100.0,0.5,0.008682872665528838,0.06249528034963832,0.011311498448010986,False,0.9116294096096723,FINITE,0.9116294096096723,True,1.1002382998035454,FINITE,1.1002382998035454,True,True,5.3022354234196615e+19,530223542.3419661
Q_A_topsis_0_1,1.0,100.0,0.5,0.008972301754379798,0.06457845636129292,0.011688548396278017,False,0.9088672710656749,FINITE,0.9088672710656749,True,1.103806953998247,FINITE,1.103806953998247,True,True,5.467963736059507e+19,546796373.6059507
Q_A_topsis_0_1,1.0,100.0,0.5,0.00926173084323076,0.06666163237294753,0.01206559834454505,False,0.9061163352186874,FINITE,0.9061163352186874,True,1.1073911355831931,FINITE,1.1073911355831931,True,True,5.633019886878756e+19,563301988.6878756
Q_A_topsis_0_1,1.0,100.0,0.5,0.009551159932081723,0.06874480838460215,0.012442648292812086,False,0.9033765451633812,FINITE,0.9033765451633812,True,1.1109909293537361,FINITE,1.1109909293537361,True,True,5.79740729019713e+19,579740729.0197129
Q_A_topsis_0_1,1.0,100.0,0.5,0.009840589020932683,0.07082798439625676,0.012819698241079118,False,0.9006478443416228,FINITE,0.9006478443416228,True,1.1146064206626252,FINITE,1.1146064206626252,True,True,5.9611293395026305e+19,596112933.9502631
Q_A_topsis_0_1,1.0,100.0,0.5,0.010130018109783645,0.07291116040791137,0.013196748189346151,False,0.8979301765400063,FINITE,0.8979301765400063,True,1.118237695424294,FINITE,1.118237695424294,True,True,6.1241894075996226e+19,612418940.7599623
Q_A_topsis_0_1,1.0,100.0,0.5,0.010419447198634605,0.07499433641956597,0.013573798137613183,False,0.8952234858873954,FINITE,0.8952234858873954,True,1.1218848401191805,FINITE,1.1218848401191805,True,True,6.286590846756275e+19,628659084.6756275
Q_A_topsis_0_1,1.0,100.0,0.5,0.010708876287485567,0.07707751243122059,0.013950848085880216,False,0.8925277168524963,FINITE,0.8925277168524963,True,1.1255479417980905,FINITE,1.1255479417980905,True,True,6.448336988850221e+19,644833698.885022
Q_A_topsis_0_1,1.0,100.0,0.5,0.010998305376336528,0.0791606884428752,0.014327898034147248,False,0.8898428142414418,FINITE,0.8898428142414418,True,1.1292270880865962,FINITE,1.1292270880865962,True,True,6.609431145513488e+19,660943114.5513489
Q_A_topsis_0_1,1.0,100.0,0.5,0.01128773446518749,0.08124386445452982,0.014704947982414281,False,0.8871687231953997,FINITE,0.8871687231953997,True,1.132922367189477,FINITE,1.132922367189477,True,True,6.7698766082760155e+19,676987660.8276016
Q_A_topsis_0_1,1.0,100.0,0.5,0.01157716355403845,0.08332704046618442,0.015081997930681313,False,0.8845053891881988,FINITE,0.8845053891881988,True,1.1366338678951944,FINITE,1.1366338678951944,True,True,6.929676648708075e+19,692967664.8708074
Q_A_topsis_0_1,1.0,100.0,0.5,0.011866592642889412,0.08541021647783903,0.015459047878948348,False,0.8818527580239743,FINITE,0.8818527580239743,True,1.1403616795804117,FINITE,1.1403616795804117,True,True,7.088834518561539e+19,708883451.856154
Q_A_topsis_0_1,1.0,100.0,0.5,0.012156021731740373,0.08749339248949364,0.01583609782721538,False,0.8792107758348334,FINITE,0.8792107758348334,True,1.1441058922145508,FINITE,1.1441058922145508,True,True,7.247353449909994e+19,724735344.9909995
Q_A_topsis_0_1,1.0,100.0,0.5,0.012445450820591335,0.08957656850114826,0.01621314777548241,False,0.8765793890785386,FINITE,0.8765793890785386,True,1.1478665963643913,FINITE,1.1478665963643913,True,True,7.405236655287683e+19,740523665.5287683
Q_A_topsis_0_1,1.0,100.0,0.5,0.012734879909442295,0.09165974451280286,0.016590197723749443,False,0.8739585445362078,FINITE,0.8739585445362078,True,1.1516438831987081,FINITE,1.1516438831987081,True,True,7.562487327827532e+19,756248732.7827532
Q_A_topsis_0_1,1.0,100.0,0.5,0.013024308998293257,0.09374292052445747,0.01696724767201648,False,0.8713481893100387,FINITE,0.8713481893100387,True,1.1554378444929514,FINITE,1.1554378444929514,True,True,7.71910864139768e+19,771910864.139768
Q_A_topsis_0_1,1.0,100.0,0.5,0.013313738087144217,0.09582609653611207,0.01734429762028351,False,0.8687482708210454,FINITE,0.8687482708210454,True,1.1592485726339707,FINITE,1.1592485726339707,True,True,7.875103750737273e+19,787510375.0737274
Q_A_topsis_0_1,1.0,100.0,0.5,0.01360316717599518,0.0979092725477667,0.017721347568550545,False,0.8661587368068171,FINITE,0.8661587368068171,True,1.1630761606247761,FINITE,1.1630761606247761,True,True,8.030475791590975e+19,803047579.1590974
Q_A_topsis_0_1,1.0,100.0,0.5,0.013892596264846142,0.09999244855942131,0.018098397516817577,False,0.8635795353192928,FINITE,0.8635795353192928,True,1.1669207020893462,FINITE,1.1669207020893462,True,True,8.185227880842435e+19,818522788.0842434
Q_A_topsis_0_1,1.0,100.0,0.5,0.014182025353697102,0.10207562457107591,0.01847544746508461,False,0.861010614722553,FINITE,0.861010614722553,True,1.1707822912774777,FINITE,1.1707822912774777,True,True,8.339363116646818e+19,833936311.6646818
Q_A_topsis_0_1,1.0,100.0,0.5,0.014471454442548062,0.10415880058273051,0.01885249741335164,False,0.8584519236906342,FINITE,0.8584519236906342,True,1.1746610230696768,FINITE,1.1746610230696768,True,True,8.49288457856195e+19,849288457.856195
Q_A_topsis_0_1,10.0,100.0,0.5,0.0,0.0,0.0,False,10.0,FINITE,1.0,True,10.0,FINITE,1.0,False,True,0.0,0.0
Q_A_topsis_0_1,10.0,100.0,0.5,0.00028942908885096127,0.0020831760116546104,0.00037704994826703284,False,9.93177303108909,FINITE,0.9931773031089091,True,10.068856471715975,FINITE,1.0068856471715975,True,True,4.093618134654591e+19,409361813.4654591
Q_A_topsis_0_1,10.0,100.0,0.5,0.0005788581777019225,0.004166352023309221,0.0007540998965340657,False,9.864168366450917,FINITE,0.9864168366450917,True,10.138349745124978,FINITE,1.013834974512498,True,True,8.14989801294498e+19,814989801.2944981
Q_A_topsis_0_1,10.0,100.0,0.5,0.0008682872665528839,0.006249528034963832,0.0011311498448010986,False,9.797178906300413,FINITE,0.9797178906300413,True,10.208487221108964,FINITE,1.0208487221108964,True,True,1.2169265621975214e+20,1216926562.1975214
Q_A_topsis_0_1,10.0,100.0,0.5,0.001157716355403845,0.008332704046618442,0.0015081997930681313,False,9.73079764802084,FINITE,0.9730797648020839,True,10.279276404213,FINITE,1.0279276404213,True,True,1.6152141118749626e+20,1615214111.8749626
Q_A_topsis_0_1,10.0,100.0,0.5,0.0014471454442548063,0.010415880058273052,0.0018852497413351641,False,9.665017684613693,FINITE,0.9665017684613693,True,10.350724904345581,FINITE,1.035072490434558,True,True,2.0098938923178446e+20,2009893892.3178444
Q_A_topsis_0_1,10.0,100.0,0.5,0.0017365745331057677,0.012499056069927664,0.002262299689602197,False,9.599832203176812,FINITE,0.9599832203176811,True,10.422840438511058,FINITE,1.0422840438511058,True,True,2.4010067809391306e+20,2401006780.939131
Q_A_topsis_0_1,10.0,100.0,0.5,0.002026003621956729,0.014582232081582274,0.00263934963786923,False,9.53523448341013,FINITE,0.9535234483410131,True,10.495630832574646,FINITE,1.0495630832574645,True,True,2.7885930995392165e+20,2788593099.5392165
Q_A_topsis_0_1,10.0,100.0,0.5,0.00231543271080769,0.016665408093236883,0.0030163995861362627,False,9.47121789614855,FINITE,0.947121789614855,True,10.569104023060836,FINITE,1.0569104023060836,True,True,3.172692623108699e+20,3172692623.1086984
Q_A_topsis_0_1,10.0,100.0,0.5,0.0026048617996586513,0.018748584104891493,0.0033934495344032957,False,9.407775901921273,FINITE,0.9407775901921273,True,10.643268058985866,FINITE,1.0643268058985866,True,True,3.553344588472363e+20,3553344588.4723635
Q_A_topsis_0_1,10.0,100.0,0.5,0.0028942908885096126,0.020831760116546104,0.0037704994826703283,False,9.344902049537225,FINITE,0.9344902049537225,True,10.718131103724959,FINITE,1.071813110372496,True,True,3.930587702776648e+20,3930587702.7766485
Q_A_topsis_0_1,10.0,100.0,0.5,0.0031837199773605738,0.022914936128200714,0.004147549430937361,False,9.282589974695885,FINITE,0.9282589974695885,True,10.793701436915159,FINITE,1.079370143691516,True,True,4.304460151824692e+20,4304460151.824692
Q_A_topsis_0_1,10.0,100.0,0.5,0.0034731490662115354,0.024998112139855328,0.004524599379204394,False,9.220833398623066,FINITE,0.9220833398623066,True,10.869987456394444,FINITE,1.0869987456394443,True,True,4.674999608261604e+20,4674999608.261604
Q_A_topsis_0_1,10.0,100.0,0.5,0.0037625781550624966,0.02708128815150994,0.004901649327471428,False,9.159626126731158,FINITE,0.9159626126731159,True,10.94699768017796,FINITE,1.094699768017796,True,True,5.04224323961305e+20,5042243239.61305
Q_A_topsis_0_1,10.0,100.0,0.5,0.004052007243913458,0.02916446416316455,0.00527869927573846,False,9.098962047303345,FINITE,0.9098962047303345,True,11.024740748472066,FINITE,1.1024740748472066,True,True,5.4062277161799274e+20,5406227716.179927
Q_A_topsis_0_1,10.0,100.0,0.5,0.004341436332764419,0.03124764017481916,0.005655749224005493,False,9.03883513020127,FINITE,0.903883513020127,True,11.103225425727219,FINITE,1.110322542572722,True,True,5.7669892187923756e+20,5766989218.792375
Q_A_topsis_0_1,10.0,100.0,0.5,0.00463086542161538,0.033330816186473766,0.006032799172272525,False,8.979239425595713,FINITE,0.8979239425595713,True,11.182460602730291,FINITE,1.118246060273029,True,True,6.124563446425721e+20,6124563446.425721
Q_A_topsis_0_1,10.0,100.0,0.5,0.0049202945104663415,0.03541399219812838,0.006409849120539559,False,8.920169062719811,FINITE,0.8920169062719812,True,11.262455298737358,FINITE,1.1262455298737357,True,True,6.478985623681133e+20,6478985623.681133
Q_A_topsis_0_1,10.0,100.0,0.5,0.005209723599317303,0.03749716820978299,0.006786899068806591,False,8.861618248644385,FINITE,0.8861618248644385,True,11.343218663647793,FINITE,1.1343218663647794,True,True,6.830290508133689e+20,6830290508.13369
Q_A_topsis_0_1,10.0,100.0,0.5,0.005499152688168264,0.0395803442214376,0.007163949017073624,False,8.803581267074911,FINITE,0.8803581267074911,True,11.424759980220498,FINITE,1.1424759980220498,True,True,7.178512397550535e+20,7178512397.550534
Q_A_topsis_0_1,10.0,100.0,0.5,0.005788581777019225,0.04166352023309221,0.0075409989653406565,False,8.746052477169727,FINITE,0.8746052477169727,True,11.507088666333303,FINITE,1.1507088666333303,True,True,7.523685136981641e+20,7523685136.981641
Q_A_topsis_0_1,10.0,100.0,0.5,0.006078010865870186,0.04374669624474682,0.00791804891360769,False,8.68902631237901,FINITE,0.868902631237901,True,11.590214277286403,FINITE,1.1590214277286404,True,True,7.865842125725941e+20,7865842125.725941
Q_A_topsis_0_1,10.0,100.0,0.5,0.0063674399547211475,0.04582987225640143,0.008295098861874722,False,8.632497279304209,FINITE,0.8632497279304209,True,11.674146508150868,FINITE,1.1674146508150867,True,True,8.205016324174747e+20,8205016324.1747465
Q_A_topsis_0_1,10.0,100.0,0.5,0.006656869043572109,0.047913048268056035,0.008672148810141755,False,8.576459956577398,FINITE,0.8576459956577398,True,11.758895196163161,FINITE,1.1758895196163162,True,True,8.541240260535609e+20,8541240260.535609
Q_A_topsis_0_1,10.0,100.0,0.5,0.006946298132423071,0.049996224279710656,0.009049198758408789,False,8.520908993760276,FINITE,0.8520908993760277,True,11.844470323166647,FINITE,1.1844470323166647,True,True,8.874546037438343e+20,8874546037.438343
Q_A_topsis_0_1,10.0,100.0,0.5,0.007235727221274032,0.05207940029136526,0.009426248706675822,False,8.46583911026236,FINITE,0.846583911026236,True,11.9308820181013,FINITE,1.19308820181013,True,True,9.20496533842584e+20,9204965338.42584
Q_A_topsis_0_1,10.0,100.0,0.5,0.007525156310124993,0.05416257630301988,0.009803298654942855,False,8.411245094278007,FINITE,0.8411245094278007,True,12.018140559542509,FINITE,1.201814055954251,True,False,9.53252943433196e+20,9532529434.331959
Q_A_topsis_0_1,10.0,100.0,0.5,0.007814585398975954,0.05624575231467448,0.010180348603209887,False,8.357121801741926,FINITE,0.8357121801741926,True,12.10625637829013,FINITE,1.210625637829013,True,False,9.857269189548447e+20,9857269189.548447
Q_A_topsis_0_1,10.0,100.0,0.5,0.008104014487826916,0.0583289283263291,0.01055739855147692,False,8.303464155302743,FINITE,0.8303464155302743,True,12.19524006000896,FINITE,1.219524006000896,True,False,1.0179215068183542e+21,10179215068.183542
Q_A_topsis_0_1,10.0,100.0,0.5,0.008393443576677876,0.0604121043379837,0.010934448499743952,False,8.250267143314417,FINITE,0.8250267143314417,True,12.285102347921713,FINITE,1.2285102347921713,True,False,1.0498397140113498e+21,10498397140.113497
Q_A_topsis_0_1,10.0,100.0,0.5,0.008682872665528838,0.06249528034963832,0.011311498448010986,False,8.197525818844943,FINITE,0.8197525818844943,True,12.375854145555673,FINITE,1.2375854145555674,True,False,1.0814845086930343e+21,10814845086.930344
Q_A_topsis_0_1,10.0,100.0,0.5,0.008972301754379798,0.06457845636129292,0.011688548396278017,False,8.14523529870224,FINITE,0.8145235298702239,True,12.467506519544372,FINITE,1.2467506519544371,True,False,1.1128588207786563e+21,11128588207.786564
Q_A_topsis_0_1,10.0,100.0,0.5,0.00926173084323076,0.06666163237294753,0.01206559834454505,False,8.093390762476668,FINITE,0.8093390762476668,True,12.560070702485291,FINITE,1.256007070248529,True,False,1.1439655425139992e+21,11439655425.139992
Q_A_topsis_0_1,10.0,100.0,0.5,0.009551159932081723,0.06874480838460215,0.012442648292812086,False,8.041987451600091,FINITE,0.8041987451600091,True,12.653558095855113,FINITE,1.2653558095855113,True,False,1.1748075290399451e+21,11748075290.399452
Q_A_topsis_0_1,10.0,100.0,0.5,0.009840589020932683,0.07082798439625676,0.012819698241079118,False,7.991020668420916,FINITE,0.7991020668420916,True,12.747980272983586,FINITE,1.2747980272983586,True,False,1.2053875989474504e+21,12053875989.474506
Q_A_topsis_0_1,10.0,100.0,0.5,0.010130018109783645,0.07291116040791137,0.013196748189346151,False,7.940485775295011,FINITE,0.7940485775295011,True,12.843348982087583,FINITE,1.2843348982087583,True,False,1.2357085348229934e+21,12357085348.229933
Q_A_topsis_0_1,10.0,100.0,0.5,0.010419447198634605,0.07499433641956597,0.013573798137613183,False,7.890378193692072,FINITE,0.7890378193692072,True,12.939676149366498,FINITE,1.29396761493665,True,False,1.2657730837847566e+21,12657730837.847567
Q_A_topsis_0_1,10.0,100.0,0.5,0.010708876287485567,0.07707751243122059,0.013950848085880216,False,7.84069340331718,FINITE,0.7840693403317179,True,13.03697388216051,FINITE,1.303697388216051,True,False,1.2955839580096923e+21,12955839580.096922
Q_A_topsis_0_1,10.0,100.0,0.5,0.010998305376336528,0.0791606884428752,0.014327898034147248,False,7.7914269412472885,FINITE,0.7791426941247288,True,13.135254472173187,FINITE,1.3135254472173188,True,False,1.3251438352516267e+21,13251438352.51627
Q_A_topsis_0_1,10.0,100.0,0.5,0.01128773446518749,0.08124386445452982,0.014704947982414281,False,7.742574401082299,FINITE,0.7742574401082299,True,13.234530398759738,FINITE,1.3234530398759738,True,False,1.3544553593506206e+21,13544553593.506205
Q_A_topsis_0_1,10.0,100.0,0.5,0.01157716355403845,0.08332704046618442,0.015081997930681313,False,7.694131432110499,FINITE,0.7694131432110499,True,13.334814332282619,FINITE,1.3334814332282618,True,False,1.3835211407337005e+21,13835211407.337006
Q_A_topsis_0_1,10.0,100.0,0.5,0.011866592642889412,0.08541021647783903,0.015459047878948348,False,7.646093738488062,FINITE,0.7646093738488062,True,13.436119137535965,FINITE,1.3436119137535965,True,False,1.4123437569071626e+21,14123437569.071627
Q_A_topsis_0_1,10.0,100.0,0.5,0.012156021731740373,0.08749339248949364,0.01583609782721538,False,7.598457078432308,FINITE,0.7598457078432308,True,13.538457877240397,FINITE,1.3538457877240397,True,False,1.440925752940615e+21,14409257529.406149
Q_A_topsis_0_1,10.0,100.0,0.5,0.012445450820591335,0.08957656850114826,0.01621314777548241,False,7.551217263428593,FINITE,0.7551217263428593,True,13.641843815609908,FINITE,1.3641843815609909,True,False,1.469269641942844e+21,14692696419.428442
Q_A_topsis_0_1,10.0,100.0,0.5,0.012734879909442295,0.09165974451280286,0.016590197723749443,False,7.504370157450413,FINITE,0.7504370157450413,True,13.746290421992494,FINITE,1.3746290421992495,True,False,1.497377905529752e+21,14973779055.29752
Q_A_topsis_0_1,10.0,100.0,0.5,0.013024308998293257,0.09374292052445747,0.01696724767201648,False,7.457911676192551,FINITE,0.7457911676192551,True,13.851811374586212,FINITE,1.3851811374586211,True,False,1.5252529942844694e+21,15252529942.844694
Q_A_topsis_0_1,10.0,100.0,0.5,0.013313738087144217,0.09582609653611207,0.01734429762028351,False,7.411837786317033,FINITE,0.7411837786317033,True,13.958420564232442,FINITE,1.3958420564232443,True,False,1.5528973282097803e+21,15528973282.097801
Q_A_topsis_0_1,10.0,100.0,0.5,0.01360316717599518,0.0979092725477667,0.017721347568550545,False,7.366144504711628,FINITE,0.7366144504711628,True,14.066132098288278,FINITE,1.4066132098288278,True,False,1.580313297173023e+21,15803132971.73023
Q_A_topsis_0_1,10.0,100.0,0.5,0.013892596264846142,0.09999244855942131,0.018098397516817577,False,7.320827897760673,FINITE,0.7320827897760673,True,14.174960304579626,FINITE,1.4174960304579627,True,False,1.6075032613435962e+21,16075032613.435959
Q_A_topsis_0_1,10.0,100.0,0.5,0.014182025353697102,0.10207562457107591,0.01847544746508461,False,7.275884080627973,FINITE,0.7275884080627973,True,14.284919735437283,FINITE,1.4284919735437283,True,False,1.634469551623216e+21,16344695516.23216
Q_A_topsis_0_1,10.0,100.0,0.5,0.014471454442548062,0.10415880058273051,0.01885249741335164,False,7.2313092165515505,FINITE,0.723130921655155,True,14.39602517181762,FINITE,1.439602517181762,True,False,1.6612144700690695e+21,16612144700.690699
Q_A_topsis_0_1,0.1,100.0,1.0,0.0,0.0,0.0,False,0.1,FINITE,1.0,True,0.1,FINITE,1.0,False,True,0.0,0.0
Q_A_topsis_0_1,0.1,100.0,1.0,0.00028942908885096127,0.0020831760116546104,0.0007540998965340657,False,0.09971411506401658,FINITE,0.9971411506401657,True,0.10028698431279286,FINITE,1.0028698431279286,True,True,1.715309615900579e+17,1715309.6159005787
Q_A_topsis_0_1,0.1,100.0,1.0,0.0005788581777019225,0.004166352023309221,0.0015081997930681313,False,0.09942932422995772,FINITE,0.9942932422995772,True,0.10057507330788762,FINITE,1.0057507330788762,True,True,3.424054620253719e+17,3424054.6202537194
Q_A_topsis_0_1,0.1,100.0,1.0,0.0008682872665528839,0.006249528034963832,0.002262299689602197,False,0.09914562225334035,FINITE,0.9914562225334035,True,0.1008642723215923,FINITE,1.008642723215923,True,True,5.126266479957925e+17,5126266.479957925
Q_A_topsis_0_1,0.1,100.0,1.0,0.001157716355403845,0.008332704046618442,0.0030163995861362627,False,0.09886300391987825,FINITE,0.9886300391987825,True,0.10115458672123971,FINITE,1.0115458672123971,True,True,6.821976480730546e+17,6821976.480730546
Q_A_topsis_0_1,0.1,100.0,1.0,0.0014471454442548063,0.010415880058273052,0.0037704994826703283,False,0.09858146404527969,FINITE,0.9858146404527969,True,0.10144602190539806,FINITE,1.0144602190539804,True,True,8.511215728321892e+17,8511215.728321891
Q_A_topsis_0_1,0.1,100.0,1.0,0.0017365745331057677,0.012499056069927664,0.004524599379204394,False,0.09830099747504553,FINITE,0.9830099747504553,True,0.10173858330408417,FINITE,1.0173858330408416,True,True,1.0194015149726843e+18,10194015.149726843
Q_A_topsis_0_1,0.1,100.0,1.0,0.002026003621956729,0.014582232081582274,0.00527869927573846,False,0.09802159908426962,FINITE,0.9802159908426962,True,0.10203227637897722,FINITE,1.020322763789772,True,True,1.1870405494382316e+18,11870405.494382313
Q_A_topsis_0_1,0.1,100.0,1.0,0.00231543271080769,0.016665408093236883,0.006032799172272525,False,0.09774326377744055,FINITE,0.9774326377744055,True,0.10232710662363469,FINITE,1.023271066236347,True,True,1.3540417335356713e+18,13540417.335356714
Q_A_topsis_0_1,0.1,100.0,1.0,0.0026048617996586513,0.018748584104891493,0.006786899068806591,False,0.09746598648824475,FINITE,0.9746598648824475,True,0.10262307956371021,FINITE,1.026230795637102,True,True,1.5204081070531505e+18,15204081.070531506
Q_A_topsis_0_1,0.1,100.0,1.0,0.0028942908885096126,0.020831760116546104,0.0075409989653406565,False,0.09718976217937131,FINITE,0.9718976217937131,True,0.10292020075717272,FINITE,1.0292020075717272,True,True,1.6861426923772183e+18,16861426.923772182
Q_A_topsis_0_1,0.1,100.0,1.0,0.0031837199773605738,0.022914936128200714,0.008295098861874722,False,0.09691458584231803,FINITE,0.9691458584231802,True,0.10321847579452735,FINITE,1.0321847579452734,True,True,1.8512484946091837e+18,18512484.94609184
Q_A_topsis_0_1,0.1,100.0,1.0,0.0034731490662115354,0.024998112139855328,0.009049198758408789,False,0.09664045249719927,FINITE,0.9664045249719927,True,0.10351791029903845,FINITE,1.0351791029903845,True,True,2.0157285016804413e+18,20157285.016804416
Q_A_topsis_0_1,0.1,100.0,1.0,0.0037625781550624966,0.02708128815150994,0.009803298654942855,False,0.09636735719255503,FINITE,0.9636735719255503,True,0.10381850992695381,FINITE,1.038185099269538,True,True,2.1795856844669865e+18,21795856.844669864
Q_A_topsis_0_1,0.1,100.0,1.0,0.004052007243913458,0.02916446416316455,0.01055739855147692,False,0.0960952950051617,FINITE,0.960952950051617,True,0.10412028036773116,FINITE,1.0412028036773116,True,True,2.342822996902982e+18,23428229.969029825
Q_A_topsis_0_1,0.1,100.0,1.0,0.004341436332764419,0.03124764017481916,0.011311498448010986,False,0.0958242610398439,FINITE,0.9582426103984389,True,0.10442322734426593,FINITE,1.0442322734426592,True,True,2.505443376093663e+18,25054433.760936633
Q_A_topsis_0_1,0.1,100.0,1.0,0.00463086542161538,0.033330816186473766,0.01206559834454505,False,0.09555425042928813,FINITE,0.9555425042928812,True,0.10472735661312134,FINITE,1.0472735661312134,True,True,2.667449742427128e+18,26674497.424271278
Q_A_topsis_0_1,0.1,100.0,1.0,0.0049202945104663415,0.03541399219812838,0.012819698241079118,False,0.09528525833385759,FINITE,0.9528525833385759,True,0.10503267396475977,FINITE,1.0503267396475975,True,True,2.828844999685448e+18,28288449.99685448
Q_A_topsis_0_1,0.1,100.0,1.0,0.005209723599317303,0.03749716820978299,0.013573798137613183,False,0.09501727994140861,FINITE,0.9501727994140861,True,0.10533918522377649,FINITE,1.0533918522377648,True,True,2.989632035154835e+18,29896320.35154835
Q_A_topsis_0_1,0.1,100.0,1.0,0.005499152688168264,0.0395803442214376,0.014327898034147248,False,0.09475031046710818,FINITE,0.9475031046710817,True,0.10564689624913479,FINITE,1.0564689624913477,True,True,3.149813719735098e+18,31498137.19735098
Q_A_topsis_0_1,0.1,100.0,1.0,0.005788581777019225,0.04166352023309221,0.015081997930681313,False,0.0944843451532532,FINITE,0.9448434515325319,True,0.10595581293440308,FINITE,1.0595581293440308,True,True,3.309392908048084e+18,33093929.08048084
Q_A_topsis_0_1,0.1,100.0,1.0,0.006078010865870186,0.04374669624474682,0.01583609782721538,False,0.09421937926909082,FINITE,0.9421937926909082,True,0.10626594120799411,FINITE,1.062659412079941,True,True,3.4683724385455084e+18,34683724.38545509
Q_A_topsis_0_1,0.1,100.0,1.0,0.0063674399547211475,0.04582987225640143,0.016590197723749443,False,0.09395540811064032,FINITE,0.9395540811064031,True,0.10657728703340563,FINITE,1.0657728703340563,True,True,3.626755133615811e+18,36267551.33615811
Q_A_topsis_0_1,0.1,100.0,1.0,0.006656869043572109,0.047913048268056035,0.01734429762028351,False,0.09369242700051629,FINITE,0.9369242700051629,True,0.10688985640946363,FINITE,1.0688985640946362,True,True,3.784543799690229e+18,37845437.996902294
Q_A_topsis_0_1,0.1,100.0,1.0,0.006946298132423071,0.049996224279710656,0.018098397516817577,False,0.09343043128775301,FINITE,0.93430431287753,True,0.10720365537056659,FINITE,1.0720365537056658,True,True,3.941741227348197e+18,39417412.27348197
Q_A_topsis_0_1,0.1,100.0,1.0,0.007235727221274032,0.05207940029136526,0.018852497413351644,False,0.09316941634763029,FINITE,0.9316941634763029,True,0.1075186899869326,FINITE,1.075186899869326,True,True,4.0983501914218296e+18,40983501.91421829
Q_A_topsis_0_1,0.1,100.0,1.0,0.007525156310124993,0.05416257630301988,0.01960659730988571,False,0.09290937758150081,FINITE,0.9290937758150081,True,0.10783496636484777,FINITE,1.0783496636484775,True,True,4.254373451099519e+18,42543734.51099519
Q_A_topsis_0_1,0.1,100.0,1.0,0.007814585398975954,0.05624575231467448,0.020360697206419774,False,0.09265031041661832,FINITE,0.9265031041661832,True,0.10815249064691691,FINITE,1.081524906469169,True,True,4.4098137500290094e+18,44098137.500290096
Q_A_topsis_0_1,0.1,100.0,1.0,0.008104014487826916,0.0583289283263291,0.02111479710295384,False,0.09239221030596738,FINITE,0.9239221030596737,True,0.10847126901231621,FINITE,1.084712690123162,True,True,4.5646738164195763e+18,45646738.16419576
Q_A_topsis_0_1,0.1,100.0,1.0,0.008393443576677876,0.0604121043379837,0.021868896999487904,False,0.0921350727280946,FINITE,0.9213507272809459,True,0.10879130767704791,FINITE,1.087913076770479,True,True,4.718956363143246e+18,47189563.63143245
Q_A_topsis_0_1,0.1,100.0,1.0,0.008682872665528838,0.06249528034963832,0.02262299689602197,False,0.09187889318694048,FINITE,0.9187889318694048,True,0.1091126128941966,FINITE,1.091126128941966,True,True,4.872664087835715e+18,48726640.87835715
Q_A_topsis_0_1,0.1,100.0,1.0,0.008972301754379798,0.06457845636129292,0.023377096792556035,False,0.09162366721167348,FINITE,0.9162366721167348,True,0.10943519095418872,FINITE,1.094351909541887,True,True,5.025799672995918e+18,50257996.729959175
Q_A_topsis_0_1,0.1,100.0,1.0,0.00926173084323076,0.06666163237294753,0.0241311966890901,False,0.09136939035652426,FINITE,0.9136939035652426,True,0.1097590481850525,FINITE,1.0975904818505249,True,True,5.178365786085445e+18,51783657.860854454
Q_A_topsis_0_1,0.1,100.0,1.0,0.009551159932081723,0.06874480838460215,0.024885296585624172,False,0.09111605820062212,FINITE,0.9111605820062211,True,0.11008419095268132,FINITE,1.1008419095268132,True,True,5.330365079626735e+18,53303650.79626734
Q_A_topsis_0_1,0.1,100.0,1.0,0.009840589020932683,0.07082798439625676,0.025639396482158235,False,0.09086366634783201,FINITE,0.9086366634783201,True,0.1104106256610985,FINITE,1.104106256610985,True,True,5.481800191300798e+18,54818001.91300798
Q_A_topsis_0_1,0.1,100.0,1.0,0.010130018109783645,0.07291116040791137,0.026393496378692302,False,0.09061221042659295,FINITE,0.9061221042659295,True,0.11073835875272457,FINITE,1.1073835875272457,True,True,5.632673744044231e+18,56326737.44044231
Q_A_topsis_0_1,0.1,100.0,1.0,0.010419447198634605,0.07499433641956597,0.027147596275226366,False,0.09036168608975792,FINITE,0.9036168608975792,True,0.11106739670864632,FINITE,1.1106739670864632,True,True,5.782988346145251e+18,57829883.461452514
Q_A_topsis_0_1,0.1,100.0,1.0,0.010708876287485567,0.07707751243122059,0.027901696171760432,False,0.09011208901443458,FINITE,0.9011208901443458,True,0.11139774604888823,FINITE,1.1139774604888824,True,True,5.932746591339252e+18,59327465.91339252
Q_A_topsis_0_1,0.1,100.0,1.0,0.010998305376336528,0.0791606884428752,0.028655796068294496,False,0.08986341490182721,FINITE,0.8986341490182721,True,0.11172941333268621,FINITE,1.117294133326862,True,True,6.081951058903676e+18,60819510.589036755
Q_A_topsis_0_1,0.1,100.0,1.0,0.01128773446518749,0.08124386445452982,0.029409895964828563,False,0.08961565947708,FINITE,0.8961565947708,True,0.1120624051587632,FINITE,1.120624051587632,True,True,6.230604313752003e+18,62306043.13752003
Q_A_topsis_0_1,0.1,100.0,1.0,0.01157716355403845,0.08332704046618442,0.030163995861362626,False,0.0893688184891217,FINITE,0.893688184891217,True,0.11239672816560725,FINITE,1.1239672816560724,True,True,6.378708906526981e+18,63787089.065269805
Q_A_topsis_0_1,0.1,100.0,1.0,0.011866592642889412,0.08541021647783903,0.030918095757896696,False,0.0891228877105107,FINITE,0.891228877105107,True,0.11273238903175192,FINITE,1.1273238903175191,True,True,6.52626737369358e+18,65262673.73693581
Q_A_topsis_0_1,0.1,100.0,1.0,0.012156021731740373,0.08749339248949364,0.03167219565443076,False,0.08887786293728207,FINITE,0.8887786293728207,True,0.1130693944760584,FINITE,1.130693944760584,True,True,6.673282237630759e+18,66732822.37630759
Q_A_topsis_0_1,0.1,100.0,1.0,0.012445450820591335,0.08957656850114826,0.03242629555096482,False,0.0886337399887952,FINITE,0.886337399887952,True,0.11340775125800084,FINITE,1.1340775125800084,True,True,6.819756006722883e+18,68197560.06722882
Q_A_topsis_0_1,0.1,100.0,1.0,0.012734879909442295,0.09165974451280286,0.03318039544749889,False,0.08839051470758294,FINITE,0.8839051470758293,True,0.11374746617795291,FINITE,1.137474661779529,True,True,6.965691175450239e+18,69656911.75450239
Q_A_topsis_0_1,0.1,100.0,1.0,0.013024308998293257,0.09374292052445747,0.03393449534403296,False,0.08814818295920135,FINITE,0.8814818295920135,True,0.11408854607747751,FINITE,1.140885460774775,True,True,7.111090224479194e+18,71110902.24479194
Q_A_topsis_0_1,0.1,100.0,1.0,0.013313738087144217,0.09582609653611207,0.03468859524056702,False,0.08790674063208116,FINITE,0.8790674063208116,True,0.11443099783961873,FINITE,1.1443099783961872,True,True,7.255955620751306e+18,72559556.20751306
Q_A_topsis_0_1,0.1,100.0,1.0,0.01360316717599518,0.0979092725477667,0.03544269513710109,False,0.08766618363738006,FINITE,0.8766618363738006,True,0.11477482838919548,FINITE,1.1477482838919546,True,True,7.400289817571967e+18,74002898.17571968
Q_A_topsis_0_1,0.1,100.0,1.0,0.013892596264846142,0.09999244855942131,0.036196795033635154,False,0.08742650790883585,FINITE,0.8742650790883585,True,0.11512004469309833,FINITE,1.1512004469309833,True,True,7.54409525469849e+18,75440952.54698491
Q_A_topsis_0_1,0.1,100.0,1.0,0.014182025353697102,0.10207562457107591,0.03695089493016922,False,0.08718770940262105,FINITE,0.8718770940262105,True,0.11546665376058848,FINITE,1.1546665376058847,True,True,7.687374358427374e+18,76873743.58427374
Q_A_topsis_0_1,0.1,100.0,1.0,0.014471454442548062,0.10415880058273051,0.03770499482670328,False,0.08694978409719843,FINITE,0.8694978409719842,True,0.11581466264359891,FINITE,1.158146626435989,True,True,7.830129541680944e+18,78301295.41680944
Q_A_topsis_0_1,1.0,100.0,1.0,0.0,0.0,0.0,False,1.0,FINITE,1.0,True,1.0,FINITE,1.0,False,True,0.0,0.0
Q_A_topsis_0_1,1.0,100.0,1.0,0.00028942908885096127,0.0020831760116546104,0.0007540998965340657,False,0.9937600652176946,FINITE,0.9937600652176946,True,1.0062925490524004,FINITE,1.0062925490524004,True,True,3.7439608693832673e+18,37439608.69383267
Q_A_topsis_0_1,1.0,100.0,1.0,0.0005788581777019225,0.004166352023309221,0.0015081997930681313,False,0.9875721943290993,FINITE,0.9875721943290993,True,1.012638269761826,FINITE,1.012638269761826,True,True,7.456683402540443e+18,74566834.02540442
Q_A_topsis_0_1,1.0,100.0,1.0,0.0008682872665528839,0.006249528034963832,0.002262299689602197,False,0.9814358438655767,FINITE,0.9814358438655767,True,1.0190377266303037,FINITE,1.0190377266303037,True,True,1.1138493680653984e+19,111384936.80653982
Q_A_topsis_0_1,1.0,100.0,1.0,0.001157716355403845,0.008332704046618442,0.0030163995861362627,False,0.9753504771651573,FINITE,0.9753504771651573,True,1.0254914913813005,FINITE,1.0254914913813005,True,True,1.4789713700905605e+19,147897137.00905603
Q_A_topsis_0_1,1.0,100.0,1.0,0.0014471454442548063,0.010415880058273052,0.0037704994826703283,False,0.9693155642731515,FINITE,0.9693155642731515,True,1.0320001430678807,FINITE,1.0320001430678807,True,True,1.8410661436109124e+19,184106614.36109123
Q_A_topsis_0_1,1.0,100.0,1.0,0.0017365745331057677,0.012499056069927664,0.004524599379204394,False,0.9633305818444192,FINITE,0.9633305818444192,True,1.0385642681827307,FINITE,1.0385642681827307,True,True,2.2001650893348467e+19,220016508.93348467
Q_A_topsis_0_1,1.0,100.0,1.0,0.002026003621956729,0.014582232081582274,0.00527869927573846,False,0.9573950130472613,FINITE,0.9573950130472613,True,1.0451844607700687,FINITE,1.0451844607700687,True,True,2.5562992171643236e+19,255629921.7164324
Q_A_topsis_0_1,1.0,100.0,1.0,0.00231543271080769,0.016665408093236883,0.006032799172272525,False,0.9515083474689094,FINITE,0.9515083474689094,True,1.051861322539489,FINITE,1.051861322539489,True,True,2.9094991518654333e+19,290949915.18654335
Q_A_topsis_0_1,1.0,100.0,1.0,0.0026048617996586513,0.018748584104891493,0.006786899068806591,False,0.9456700810225793,FINITE,0.9456700810225793,True,1.0585954629817758,FINITE,1.0585954629817758,True,True,3.2597951386452406e+19,325979513.86452407
Q_A_topsis_0_1,1.0,100.0,1.0,0.0028942908885096126,0.020831760116546104,0.0075409989653406565,False,0.9398797158560651,FINITE,0.9398797158560651,True,1.0653874994867172,FINITE,1.0653874994867172,True,True,3.6072170486360932e+19,360721704.8636093
Q_A_topsis_0_1,1.0,100.0,1.0,0.0031837199773605738,0.022914936128200714,0.008295098861874722,False,0.9341367602618345,FINITE,0.9341367602618345,True,1.0722380574629686,FINITE,1.0722380574629686,True,True,3.951794384289933e+19,395179438.4289933
Q_A_topsis_0_1,1.0,100.0,1.0,0.0034731490662115354,0.024998112139855328,0.009049198758408789,False,0.9284407285886122,FINITE,0.9284407285886122,True,1.0791477704600019,FINITE,1.0791477704600019,True,True,4.293556284683271e+19,429355628.4683271
Q_A_topsis_0_1,1.0,100.0,1.0,0.0037625781550624966,0.02708128815150994,0.009803298654942855,False,0.9227911411544073,FINITE,0.9227911411544073,True,1.0861172802921806,FINITE,1.0861172802921806,True,True,4.632531530735562e+19,463253153.0735562
Q_A_topsis_0_1,1.0,100.0,1.0,0.004052007243913458,0.02916446416316455,0.01055739855147692,False,0.9171875241609753,FINITE,0.9171875241609753,True,1.093147237165001,FINITE,1.093147237165001,True,True,4.968748550341484e+19,496874855.0341484
Q_A_topsis_0_1,1.0,100.0,1.0,0.004341436332764419,0.03124764017481916,0.011311498448010986,False,0.9116294096096723,FINITE,0.9116294096096723,True,1.1002382998035454,FINITE,1.1002382998035454,True,True,5.3022354234196615e+19,530223542.3419661
Q_A_topsis_0_1,1.0,100.0,1.0,0.00463086542161538,0.033330816186473766,0.01206559834454505,False,0.9061163352186874,FINITE,0.9061163352186874,True,1.1073911355831931,FINITE,1.1073911355831931,True,True,5.633019886878756e+19,563301988.6878756
Q_A_topsis_0_1,1.0,100.0,1.0,0.0049202945104663415,0.03541399219812838,0.012819698241079118,False,0.9006478443416228,FINITE,0.9006478443416228,True,1.1146064206626252,FINITE,1.1146064206626252,True,True,5.9611293395026305e+19,596112933.9502631
Q_A_topsis_0_1,1.0,100.0,1.0,0.005209723599317303,0.03749716820978299,0.013573798137613183,False,0.8952234858873954,FINITE,0.8952234858873954,True,1.1218848401191805,FINITE,1.1218848401191805,True,True,6.286590846756275e+19,628659084.6756275
Q_A_topsis_0_1,1.0,100.0,1.0,0.005499152688168264,0.0395803442214376,0.014327898034147248,False,0.8898428142414418,FINITE,0.8898428142414418,True,1.1292270880865962,FINITE,1.1292270880865962,True,True,6.609431145513488e+19,660943114.5513489
Q_A_topsis_0_1,1.0,100.0,1.0,0.005788581777019225,0.04166352023309221,0.015081997930681313,False,0.8845053891881988,FINITE,0.8845053891881988,True,1.1366338678951944,FINITE,1.1366338678951944,True,True,6.929676648708075e+19,692967664.8708074
Q_A_topsis_0_1,1.0,100.0,1.0,0.006078010865870186,0.04374669624474682,0.01583609782721538,False,0.8792107758348334,FINITE,0.8792107758348334,True,1.1441058922145508,FINITE,1.1441058922145508,True,True,7.247353449909994e+19,724735344.9909995
Q_A_topsis_0_1,1.0,100.0,1.0,0.0063674399547211475,0.04582987225640143,0.016590197723749443,False,0.8739585445362078,FINITE,0.8739585445362078,True,1.1516438831987081,FINITE,1.1516438831987081,True,True,7.562487327827532e+19,756248732.7827532
Q_A_topsis_0_1,1.0,100.0,1.0,0.006656869043572109,0.047913048268056035,0.01734429762028351,False,0.8687482708210454,FINITE,0.8687482708210454,True,1.1592485726339707,FINITE,1.1592485726339707,True,True,7.875103750737273e+19,787510375.0737274
Q_A_topsis_0_1,1.0,100.0,1.0,0.006946298132423071,0.049996224279710656,0.018098397516817577,False,0.8635795353192928,FINITE,0.8635795353192928,True,1.1669207020893462,FINITE,1.1669207020893462,True,True,8.185227880842435e+19,818522788.0842434
Q_A_topsis_0_1,1.0,100.0,1.0,0.007235727221274032,0.05207940029136526,0.018852497413351644,False,0.8584519236906342,FINITE,0.8584519236906342,True,1.1746610230696768,FINITE,1.1746610230696768,True,True,8.49288457856195e+19,849288457.856195
Q_A_topsis_0_1,1.0,100.0,1.0,0.007525156310124993,0.05416257630301988,0.01960659730988571,False,0.8533650265541609,FINITE,0.8533650265541609,True,1.1824702971715237,FINITE,1.1824702971715237,True,True,8.798098406750346e+19,879809840.6750345
Q_A_topsis_0_1,1.0,100.0,1.0,0.007814585398975954,0.05624575231467448,0.020360697206419774,False,0.8483184394191564,FINITE,0.8483184394191564,True,1.19034929624185,FINITE,1.19034929624185,True,True,9.100893634850616e+19,910089363.4850615
Q_A_topsis_0_1,1.0,100.0,1.0,0.008104014487826916,0.0583289283263291,0.02111479710295384,False,0.8433117626169845,FINITE,0.8433117626169845,True,1.198298802539573,FINITE,1.198298802539573,True,True,9.401294242980931e+19,940129424.2980931
Q_A_topsis_0_1,1.0,100.0,1.0,0.008393443576677876,0.0604121043379837,0.021868896999487904,False,0.8383446012340664,FINITE,0.8383446012340664,True,1.2063196089000259,FINITE,1.2063196089000259,True,True,9.699323925956015e+19,969932392.5956016
Q_A_topsis_0_1,1.0,100.0,1.0,0.008682872665528838,0.06249528034963832,0.02262299689602197,False,0.8334165650459158,FINITE,0.8334165650459158,True,1.2144125189024064,FINITE,1.2144125189024064,True,True,9.995006097245055e+19,999500609.7245054
Q_A_topsis_0_1,1.0,100.0,1.0,0.008972301754379798,0.06457845636129292,0.023377096792556035,False,0.8285272684522188,FINITE,0.8285272684522188,True,1.2225783470402616,FINITE,1.2225783470402616,True,True,1.0288363892866872e+20,1028836389.2866871
Q_A_topsis_0_1,1.0,100.0,1.0,0.00926173084323076,0.06666163237294753,0.0241311966890901,False,0.8236763304129461,FINITE,0.8236763304129461,True,1.2308179188950774,FINITE,1.2308179188950774,True,True,1.0579420175223236e+20,1057942017.5223235
Q_A_topsis_0_1,1.0,100.0,1.0,0.009551159932081723,0.06874480838460215,0.024885296585624172,False,0.8188633743854643,FINITE,0.8188633743854643,True,1.2391320713130287,FINITE,1.2391320713130287,True,True,1.0868197536872143e+20,1086819753.6872141
Q_A_topsis_0_1,1.0,100.0,1.0,0.009840589020932683,0.07082798439625676,0.025639396482158235,False,0.8140880282626457,FINITE,0.8140880282626457,True,1.2475216525849673,FINITE,1.2475216525849673,True,True,1.1154718304241258e+20,1115471830.4241257
Q_A_topsis_0_1,1.0,100.0,1.0,0.010130018109783645,0.07291116040791137,0.026393496378692302,False,0.8093499243119451,FINITE,0.8093499243119451,True,1.2559875226297017,FINITE,1.2559875226297017,True,True,1.1439004541283295e+20,1143900454.1283295
Q_A_topsis_0_1,1.0,100.0,1.0,0.010419447198634605,0.07499433641956597,0.027147596275226366,False,0.8046486991154341,FINITE,0.8046486991154341,True,1.2645305531806472,FINITE,1.2645305531806472,True,True,1.1721078053073953e+20,1172107805.3073952
Q_A_topsis_0_1,1.0,100.0,1.0,0.010708876287485567,0.07707751243122059,0.027901696171760432,False,0.7999839935107725,FINITE,0.7999839935107725,True,1.273151627975907,FINITE,1.273151627975907,True,True,1.2000960389353647e+20,1200096038.9353647
Q_A_topsis_0_1,1.0,100.0,1.0,0.010998305376336528,0.0791606884428752,0.028655796068294496,False,0.7953554525331062,FINITE,0.7953554525331062,True,1.281851642951866,FINITE,1.281851642951866,True,True,1.2278672848013625e+20,1227867284.8013625
Q_A_topsis_0_1,1.0,100.0,1.0,0.01128773446518749,0.08124386445452982,0.029409895964828563,False,0.7907627253578632,FINITE,0.7907627253578632,True,1.2906315064403577,FINITE,1.2906315064403577,True,True,1.2554236478528209e+20,1255423647.8528209
Q_A_topsis_0_1,1.0,100.0,1.0,0.01157716355403845,0.08332704046618442,0.030163995861362626,False,0.7862054652444482,FINITE,0.7862054652444482,True,1.2994921393694923,FINITE,1.2994921393694923,True,True,1.2827672085333105e+20,1282767208.5333107
Q_A_topsis_0_1,1.0,100.0,1.0,0.011866592642889412,0.08541021647783903,0.030918095757896696,False,0.7816833294808061,FINITE,0.7816833294808061,True,1.3084344754682096,FINITE,1.3084344754682096,True,True,1.3099000231151636e+20,1309900023.1151633
Q_A_topsis_0_1,1.0,100.0,1.0,0.012156021731740373,0.08749339248949364,0.03167219565443076,False,0.7771959793288441,FINITE,0.7771959793288441,True,1.3174594614746495,FINITE,1.3174594614746495,True,True,1.3368241240269352e+20,1336824124.0269353
Q_A_topsis_0_1,1.0,100.0,1.0,0.012445450820591335,0.08957656850114826,0.03242629555096482,False,0.7727430799707038,FINITE,0.7727430799707038,True,1.3265680573484018,FINITE,1.3265680573484018,True,True,1.3635415201757772e+20,1363541520.1757772
Q_A_topsis_0_1,1.0,100.0,1.0,0.012734879909442295,0.09165974451280286,0.03318039544749889,False,0.768324300455857,FINITE,0.768324300455857,True,1.3357612364867362,FINITE,1.3357612364867362,True,True,1.3900541972648583e+20,1390054197.2648582
Q_A_topsis_0_1,1.0,100.0,1.0,0.013024308998293257,0.09374292052445747,0.03393449534403296,False,0.7639393136490175,FINITE,0.7639393136490175,True,1.345039985944881,FINITE,1.345039985944881,True,True,1.4163641181058952e+20,1416364118.1058953
Q_A_topsis_0_1,1.0,100.0,1.0,0.013313738087144217,0.09582609653611207,0.03468859524056702,False,0.759587796178859,FINITE,0.759587796178859,True,1.3544053066604478,FINITE,1.3544053066604478,True,True,1.4424732229268464e+20,1442473222.9268463
Q_A_topsis_0_1,1.0,100.0,1.0,0.01360316717599518,0.0979092725477667,0.03544269513710109,False,0.7552694283875119,FINITE,0.7552694283875119,True,1.363858213682084,FINITE,1.363858213682084,True,True,1.4683834296749287e+20,1468383429.6749287
Q_A_topsis_0_1,1.0,100.0,1.0,0.013892596264846142,0.09999244855942131,0.036196795033635154,False,0.7509838942808421,FINITE,0.7509838942808421,True,1.3733997364024388,FINITE,1.3733997364024388,True,True,1.4940966343149473e+20,1494096634.3149474
Q_A_topsis_0_1,1.0,100.0,1.0,0.014182025353697102,0.10207562457107591,0.03695089493016922,False,0.7467308814794843,FINITE,0.7467308814794843,True,1.3830309187955476,FINITE,1.3830309187955476,True,True,1.5196147111230944e+20,1519614711.1230943
Q_A_topsis_0_1,1.0,100.0,1.0,0.014471454442548062,0.10415880058273051,0.03770499482670328,False,0.7425100811706248,FINITE,0.7425100811706248,True,1.3927528196587176,FINITE,1.3927528196587176,True,True,1.5449395129762513e+20,1544939512.9762514
Q_A_topsis_0_1,10.0,100.0,1.0,0.0,0.0,0.0,False,10.0,FINITE,1.0,True,10.0,FINITE,1.0,False,True,0.0,0.0
Q_A_topsis_0_1,10.0,100.0,1.0,0.00028942908885096127,0.0020831760116546104,0.0007540998965340657,False,9.864168366450917,FINITE,0.9864168366450917,True,10.138349745124978,FINITE,1.013834974512498,True,True,8.14989801294498e+19,814989801.2944981
Q_A_topsis_0_1,10.0,100.0,1.0,0.0005788581777019225,0.004166352023309221,0.0015081997930681313,False,9.73079764802084,FINITE,0.9730797648020839,True,10.279276404213,FINITE,1.0279276404213,True,True,1.6152141118749626e+20,1615214111.8749626
Q_A_topsis_0_1,10.0,100.0,1.0,0.0008682872665528839,0.006249528034963832,0.002262299689602197,False,9.599832203176812,FINITE,0.9599832203176811,True,10.422840438511058,FINITE,1.0422840438511058,True,True,2.4010067809391306e+20,2401006780.939131
Q_A_topsis_0_1,10.0,100.0,1.0,0.001157716355403845,0.008332704046618442,0.0030163995861362627,False,9.47121789614855,FINITE,0.947121789614855,True,10.569104023060836,FINITE,1.0569104023060836,True,True,3.172692623108699e+20,3172692623.1086984
Q_A_topsis_0_1,10.0,100.0,1.0,0.0014471454442548063,0.010415880058273052,0.0037704994826703283,False,9.344902049537225,FINITE,0.9344902049537225,True,10.718131103724959,FINITE,1.071813110372496,True,True,3.930587702776648e+20,3930587702.7766485
Q_A_topsis_0_1,10.0,100.0,1.0,0.0017365745331057677,0.012499056069927664,0.004524599379204394,False,9.220833398623066,FINITE,0.9220833398623066,True,10.869987456394444,FINITE,1.0869987456394443,True,True,4.674999608261604e+20,4674999608.261604
Q_A_topsis_0_1,10.0,100.0,1.0,0.002026003621956729,0.014582232081582274,0.00527869927573846,False,9.098962047303345,FINITE,0.9098962047303345,True,11.024740748472066,FINITE,1.1024740748472066,True,True,5.4062277161799274e+20,5406227716.179927
Q_A_topsis_0_1,10.0,100.0,1.0,0.00231543271080769,0.016665408093236883,0.006032799172272525,False,8.979239425595713,FINITE,0.8979239425595713,True,11.182460602730291,FINITE,1.118246060273029,True,True,6.124563446425721e+20,6124563446.425721
Q_A_topsis_0_1,10.0,100.0,1.0,0.0026048617996586513,0.018748584104891493,0.006786899068806591,False,8.861618248644385,FINITE,0.8861618248644385,True,11.343218663647793,FINITE,1.1343218663647794,True,True,6.830290508133689e+20,6830290508.13369
Q_A_topsis_0_1,10.0,100.0,1.0,0.0028942908885096126,0.020831760116546104,0.0075409989653406565,False,8.746052477169727,FINITE,0.8746052477169727,True,11.507088666333303,FINITE,1.1507088666333303,True,True,7.523685136981641e+20,7523685136.981641
Q_A_topsis_0_1,10.0,100.0,1.0,0.0031837199773605738,0.022914936128200714,0.008295098861874722,False,8.632497279304209,FINITE,0.8632497279304209,True,11.674146508150868,FINITE,1.1674146508150867,True,True,8.205016324174747e+20,8205016324.1747465
Q_A_topsis_0_1,10.0,100.0,1.0,0.0034731490662115354,0.024998112139855328,0.009049198758408789,False,8.520908993760276,FINITE,0.8520908993760277,True,11.844470323166647,FINITE,1.1844470323166647,True,True,8.874546037438343e+20,8874546037.438343
Q_A_topsis_0_1,10.0,100.0,1.0,0.0037625781550624966,0.02708128815150994,0.009803298654942855,False,8.411245094278007,FINITE,0.8411245094278007,True,12.018140559542509,FINITE,1.201814055954251,True,False,9.53252943433196e+20,9532529434.331959
Q_A_topsis_0_1,10.0,100.0,1.0,0.004052007243913458,0.02916446416316455,0.01055739855147692,False,8.303464155302743,FINITE,0.8303464155302743,True,12.19524006000896,FINITE,1.219524006000896,True,False,1.0179215068183542e+21,10179215068.183542
Q_A_topsis_0_1,10.0,100.0,1.0,0.004341436332764419,0.03124764017481916,0.011311498448010986,False,8.197525818844943,FINITE,0.8197525818844943,True,12.375854145555673,FINITE,1.2375854145555674,True,False,1.0814845086930343e+21,10814845086.930344
Q_A_topsis_0_1,10.0,100.0,1.0,0.00463086542161538,0.033330816186473766,0.01206559834454505,False,8.093390762476668,FINITE,0.8093390762476668,True,12.560070702485291,FINITE,1.256007070248529,True,False,1.1439655425139992e+21,11439655425.139992
Q_A_topsis_0_1,10.0,100.0,1.0,0.0049202945104663415,0.03541399219812838,0.012819698241079118,False,7.991020668420916,FINITE,0.7991020668420916,True,12.747980272983586,FINITE,1.2747980272983586,True,False,1.2053875989474504e+21,12053875989.474506
Q_A_topsis_0_1,10.0,100.0,1.0,0.005209723599317303,0.03749716820978299,0.013573798137613183,False,7.890378193692072,FINITE,0.7890378193692072,True,12.939676149366498,FINITE,1.29396761493665,True,False,1.2657730837847566e+21,12657730837.847567
Q_A_topsis_0_1,10.0,100.0,1.0,0.005499152688168264,0.0395803442214376,0.014327898034147248,False,7.7914269412472885,FINITE,0.7791426941247288,True,13.135254472173187,FINITE,1.3135254472173188,True,False,1.3251438352516267e+21,13251438352.51627
Q_A_topsis_0_1,10.0,100.0,1.0,0.005788581777019225,0.04166352023309221,0.015081997930681313,False,7.694131432110499,FINITE,0.7694131432110499,True,13.334814332282619,FINITE,1.3334814332282618,True,False,1.3835211407337005e+21,13835211407.337006
Q_A_topsis_0_1,10.0,100.0,1.0,0.006078010865870186,0.04374669624474682,0.01583609782721538,False,7.598457078432308,FINITE,0.7598457078432308,True,13.538457877240397,FINITE,1.3538457877240397,True,False,1.440925752940615e+21,14409257529.406149
Q_A_topsis_0_1,10.0,100.0,1.0,0.0063674399547211475,0.04582987225640143,0.016590197723749443,False,7.504370157450413,FINITE,0.7504370157450413,True,13.746290421992494,FINITE,1.3746290421992495,True,False,1.497377905529752e+21,14973779055.29752
Q_A_topsis_0_1,10.0,100.0,1.0,0.006656869043572109,0.047913048268056035,0.01734429762028351,False,7.411837786317033,FINITE,0.7411837786317033,True,13.958420564232442,FINITE,1.3958420564232443,True,False,1.5528973282097803e+21,15528973282.097801
Q_A_topsis_0_1,10.0,100.0,1.0,0.006946298132423071,0.049996224279710656,0.018098397516817577,False,7.320827897760673,FINITE,0.7320827897760673,True,14.174960304579626,FINITE,1.4174960304579627,True,False,1.6075032613435962e+21,16075032613.435959
Q_A_topsis_0_1,10.0,100.0,1.0,0.007235727221274032,0.05207940029136526,0.018852497413351644,False,7.231309216551547,FINITE,0.7231309216551547,True,14.396025171817625,FINITE,1.4396025171817626,True,False,1.661214470069072e+21,16612144700.69072
Q_A_topsis_0_1,10.0,100.0,1.0,0.007525156310124993,0.05416257630301988,0.01960659730988571,False,7.143251236740616,FINITE,0.7143251236740615,True,14.6217343534339,FINITE,1.4621734353433902,True,False,1.7140492579556305e+21,17140492579.556305
Q_A_topsis_0_1,10.0,100.0,1.0,0.007814585398975954,0.05624575231467448,0.020360697206419774,False,7.056624199643902,FINITE,0.7056624199643902,True,14.852210831714713,FINITE,1.4852210831714712,True,False,1.7660254802136589e+21,17660254802.136593
Q_A_topsis_0_1,10.0,100.0,1.0,0.008104014487826916,0.0583289283263291,0.02111479710295384,False,6.971399072544691,FINITE,0.6971399072544691,True,15.087581525662868,FINITE,1.5087581525662868,True,False,1.8171605564731855e+21,18171605564.731857
Q_A_topsis_0_1,10.0,100.0,1.0,0.008393443576677876,0.0604121043379837,0.021868896999487904,False,6.887547528087298,FINITE,0.6887547528087298,True,15.327977439020513,FINITE,1.5327977439020513,True,False,1.8674714831476212e+21,18674714831.47621
Q_A_topsis_0_1,10.0,100.0,1.0,0.008682872665528838,0.06249528034963832,0.02262299689602197,False,6.805041924337295,FINITE,0.6805041924337295,True,15.573533814693965,FINITE,1.5573533814693965,True,False,1.916974845397623e+21,19169748453.976234
Q_A_topsis_0_1,10.0,100.0,1.0,0.008972301754379798,0.06457845636129292,0.023377096792556035,False,6.723855285483998,FINITE,0.6723855285483997,True,15.824390295894387,FINITE,1.5824390295894388,True,False,1.9656868287096013e+21,19656868287.096012
Q_A_topsis_0_1,10.0,100.0,1.0,0.00926173084323076,0.06666163237294753,0.0241311966890901,False,6.6439612831620325,FINITE,0.6643961283162032,True,16.080691094324663,FINITE,1.6080691094324664,True,False,2.0136232301027805e+21,20136232301.0278
Q_A_topsis_0_1,10.0,100.0,1.0,0.009551159932081723,0.06874480838460215,0.024885296585624172,False,6.565334218369653,FINITE,0.6565334218369653,True,16.34258516576148,FINITE,1.634258516576148,True,False,2.060799468978208e+21,20607994689.78208
Q_A_topsis_0_1,10.0,100.0,1.0,0.009840589020932683,0.07082798439625676,0.025639396482158235,False,6.487949003962515,FINITE,0.6487949003962515,True,16.610226393400783,FINITE,1.6610226393400782,True,False,2.1072305976224907e+21,21072305976.22491
Q_A_topsis_0_1,10.0,100.0,1.0,0.010130018109783645,0.07291116040791137,0.026393496378692302,False,6.411781147702315,FINITE,0.6411781147702315,True,16.883773779355025,FINITE,1.6883773779355025,True,False,2.152931311378611e+21,21529313113.78611
Q_A_topsis_0_1,10.0,100.0,1.0,0.010419447198634605,0.07499433641956597,0.027147596275226366,False,6.33680673584056,FINITE,0.633680673584056,True,17.16339164471293,FINITE,1.716339164471293,True,False,2.1979159584956636e+21,21979159584.956642
Q_A_topsis_0_1,10.0,100.0,1.0,0.010708876287485567,0.07707751243122059,0.027901696171760432,False,6.263002417218568,FINITE,0.6263002417218568,True,17.449249838594938,FINITE,1.7449249838594938,True,False,2.242198549668859e+21,22421985496.68859
Q_A_topsis_0_1,10.0,100.0,1.0,0.010998305376336528,0.0791606884428752,0.028655796068294496,False,6.190345387865489,FINITE,0.6190345387865489,True,17.741523956662565,FINITE,1.7741523956662566,True,False,2.2857927672807067e+21,22857927672.807064
Q_A_topsis_0_1,10.0,100.0,1.0,0.01128773446518749,0.08124386445452982,0.029409895964828563,False,6.118813376076759,FINITE,0.6118813376076759,True,18.040395569565817,FINITE,1.8040395569565817,True,False,2.3287119743539442e+21,23287119743.539444
Q_A_topsis_0_1,10.0,100.0,1.0,0.01157716355403845,0.08332704046618442,0.030163995861362626,False,6.048384627956355,FINITE,0.6048384627956355,True,18.346052461840195,FINITE,1.8346052461840194,True,False,2.370969223226187e+21,23709692232.26187
Q_A_topsis_0_1,10.0,100.0,1.0,0.011866592642889412,0.08541021647783903,0.030918095757896696,False,5.979037893406502,FINITE,0.5979037893406501,True,18.658688881795037,FINITE,1.8658688881795036,True,False,2.4125772639560993e+21,24125772639.560993
Q_A_topsis_0_1,10.0,100.0,1.0,0.012156021731740373,0.08749339248949364,0.03167219565443076,False,5.910752412549431,FINITE,0.591075241254943,True,18.97850580296545,FINITE,1.897850580296545,True,False,2.453548552470342e+21,24535485524.70342
Q_A_topsis_0_1,10.0,100.0,1.0,0.012445450820591335,0.08957656850114826,0.03242629555096482,False,5.843507902566163,FINITE,0.5843507902566163,True,19.305711197734183,FINITE,1.9305711197734183,True,False,2.4938952584603023e+21,24938952584.603024
Q_A_topsis_0_1,10.0,100.0,1.0,0.012734879909442295,0.09165974451280286,0.03318039544749889,False,5.777284544938,FINITE,0.5777284544938001,True,19.640520323764726,FINITE,1.9640520323764725,True,False,2.5336292730371996e+21,25336292730.371998
Q_A_topsis_0_1,10.0,100.0,1.0,0.013024308998293257,0.09374292052445747,0.03393449534403296,False,5.712062973076904,FINITE,0.5712062973076903,True,19.98315602392536,FINITE,1.9983156023925361,True,False,2.5727622161538577e+21,25727622161.538578
Q_A_topsis_0_1,10.0,100.0,1.0,0.013313738087144217,0.09582609653611207,0.03468859524056702,False,5.647824260331414,FINITE,0.5647824260331414,True,20.333849040423342,FINITE,2.033384904042334,True,False,2.6113054438011516e+21,26113054438.011517
Q_A_topsis_0_1,10.0,100.0,1.0,0.01360316717599518,0.0979092725477667,0.03544269513710109,False,5.584549908355384,FINITE,0.5584549908355384,True,20.69283834391241,FINITE,2.069283834391241,True,False,2.64927005498677e+21,26492700549.8677
Q_A_topsis_0_1,10.0,100.0,1.0,0.013892596264846142,0.09999244855942131,0.036196795033635154,False,5.522221835827203,FINITE,0.5522221835827203,True,21.060371478381555,FINITE,2.1060371478381557,True,False,2.686666898503678e+21,26866668985.03678
Q_A_topsis_0_1,10.0,100.0,1.0,0.014182025353697102,0.10207562457107591,0.03695089493016922,False,5.46082236750761,FINITE,0.5460822367507611,True,21.436704922682527,FINITE,2.1436704922682526,True,False,2.723506579495434e+21,27235065794.954338
Q_A_topsis_0_1,10.0,100.0,1.0,0.014471454442548062,0.10415880058273051,0.03770499482670328,False,5.400334223624786,FINITE,0.5400334223624786,True,21.8221044696053,FINITE,2.18221044696053,True,False,2.759799465825128e+21,27597994658.25128
quality_score_soft_proxy_0_1,0.1,100.0,0.0,0.0,0.0,0.0,False,0.1,FINITE,1.0,True,0.1,FINITE,1.0,False,True,0.0,0.0
quality_score_soft_proxy_0_1,0.1,100.0,0.0,0.002115089703110428,0.003945698199303614,0.0,False,0.1,FINITE,1.0,True,0.1,FINITE,1.0,False,True,0.0,0.0
quality_score_soft_proxy_0_1,0.1,100.0,0.0,0.004230179406220856,0.007891396398607227,0.0,False,0.1,FINITE,1.0,True,0.1,FINITE,1.0,False,True,0.0,0.0
quality_score_soft_proxy_0_1,0.1,100.0,0.0,0.006345269109331284,0.011837094597910842,0.0,False,0.1,FINITE,1.0,True,0.1,FINITE,1.0,False,True,0.0,0.0
quality_score_soft_proxy_0_1,0.1,100.0,0.0,0.008460358812441712,0.015782792797214455,0.0,False,0.1,FINITE,1.0,True,0.1,FINITE,1.0,False,True,0.0,0.0
quality_score_soft_proxy_0_1,0.1,100.0,0.0,0.01057544851555214,0.01972849099651807,0.0,False,0.1,FINITE,1.0,True,0.1,FINITE,1.0,False,True,0.0,0.0
quality_score_soft_proxy_0_1,0.1,100.0,0.0,0.012690538218662568,0.023674189195821684,0.0,False,0.1,FINITE,1.0,True,0.1,FINITE,1.0,False,True,0.0,0.0
quality_score_soft_proxy_0_1,0.1,100.0,0.0,0.014805627921772996,0.027619887395125296,0.0,False,0.1,FINITE,1.0,True,0.1,FINITE,1.0,False,True,0.0,0.0
quality_score_soft_proxy_0_1,0.1,100.0,0.0,0.016920717624883425,0.03156558559442891,0.0,False,0.1,FINITE,1.0,True,0.1,FINITE,1.0,False,True,0.0,0.0
quality_score_soft_proxy_0_1,0.1,100.0,0.0,0.019035807327993853,0.03551128379373253,0.0,False,0.1,FINITE,1.0,True,0.1,FINITE,1.0,False,True,0.0,0.0
quality_score_soft_proxy_0_1,0.1,100.0,0.0,0.02115089703110428,0.03945698199303614,0.0,False,0.1,FINITE,1.0,True,0.1,FINITE,1.0,False,True,0.0,0.0
quality_score_soft_proxy_0_1,0.1,100.0,0.0,0.02326598673421471,0.043402680192339754,0.0,False,0.1,FINITE,1.0,True,0.1,FINITE,1.0,False,True,0.0,0.0
quality_score_soft_proxy_0_1,0.1,100.0,0.0,0.025381076437325137,0.04734837839164337,0.0,False,0.1,FINITE,1.0,True,0.1,FINITE,1.0,False,True,0.0,0.0
quality_score_soft_proxy_0_1,0.1,100.0,0.0,0.027496166140435565,0.05129407659094698,0.0,False,0.1,FINITE,1.0,True,0.1,FINITE,1.0,False,True,0.0,0.0
quality_score_soft_proxy_0_1,0.1,100.0,0.0,0.029611255843545993,0.05523977479025059,0.0,False,0.1,FINITE,1.0,True,0.1,FINITE,1.0,False,True,0.0,0.0
quality_score_soft_proxy_0_1,0.1,100.0,0.0,0.03172634554665642,0.059185472989554205,0.0,False,0.1,FINITE,1.0,True,0.1,FINITE,1.0,False,True,0.0,0.0
quality_score_soft_proxy_0_1,0.1,100.0,0.0,0.03384143524976685,0.06313117118885782,0.0,False,0.1,FINITE,1.0,True,0.1,FINITE,1.0,False,True,0.0,0.0
quality_score_soft_proxy_0_1,0.1,100.0,0.0,0.03595652495287728,0.06707686938816144,0.0,False,0.1,FINITE,1.0,True,0.1,FINITE,1.0,False,True,0.0,0.0
quality_score_soft_proxy_0_1,0.1,100.0,0.0,0.038071614655987705,0.07102256758746506,0.0,False,0.1,FINITE,1.0,True,0.1,FINITE,1.0,False,True,0.0,0.0
quality_score_soft_proxy_0_1,0.1,100.0,0.0,0.04018670435909813,0.07496826578676866,0.0,False,0.1,FINITE,1.0,True,0.1,FINITE,1.0,False,True,0.0,0.0
quality_score_soft_proxy_0_1,0.1,100.0,0.0,0.04230179406220856,0.07891396398607228,0.0,False,0.1,FINITE,1.0,True,0.1,FINITE,1.0,False,True,0.0,0.0
quality_score_soft_proxy_0_1,0.1,100.0,0.0,0.04441688376531899,0.0828596621853759,0.0,False,0.1,FINITE,1.0,True,0.1,FINITE,1.0,False,True,0.0,0.0
quality_score_soft_proxy_0_1,0.1,100.0,0.0,0.04653197346842942,0.08680536038467951,0.0,False,0.1,FINITE,1.0,True,0.1,FINITE,1.0,False,True,0.0,0.0
quality_score_soft_proxy_0_1,0.1,100.0,0.0,0.04864706317153984,0.09075105858398311,0.0,False,0.1,FINITE,1.0,True,0.1,FINITE,1.0,False,True,0.0,0.0
quality_score_soft_proxy_0_1,0.1,100.0,0.0,0.050762152874650274,0.09469675678328673,0.0,False,0.1,FINITE,1.0,True,0.1,FINITE,1.0,False,True,0.0,0.0
quality_score_soft_proxy_0_1,0.1,100.0,0.0,0.052877242577760705,0.09864245498259036,0.0,False,0.1,FINITE,1.0,True,0.1,FINITE,1.0,False,True,0.0,0.0
quality_score_soft_proxy_0_1,0.1,100.0,0.0,0.05499233228087113,0.10258815318189396,0.0,False,0.1,FINITE,1.0,True,0.1,FINITE,1.0,False,True,0.0,0.0
quality_score_soft_proxy_0_1,0.1,100.0,0.0,0.057107421983981554,0.10653385138119757,0.0,False,0.1,FINITE,1.0,True,0.1,FINITE,1.0,False,True,0.0,0.0
quality_score_soft_proxy_0_1,0.1,100.0,0.0,0.059222511687091986,0.11047954958050119,0.0,False,0.1,FINITE,1.0,True,0.1,FINITE,1.0,False,True,0.0,0.0
quality_score_soft_proxy_0_1,0.1,100.0,0.0,0.06133760139020242,0.11442524777980481,0.0,False,0.1,FINITE,1.0,True,0.1,FINITE,1.0,False,True,0.0,0.0
quality_score_soft_proxy_0_1,0.1,100.0,0.0,0.06345269109331284,0.11837094597910841,0.0,False,0.1,FINITE,1.0,True,0.1,FINITE,1.0,False,True,0.0,0.0
quality_score_soft_proxy_0_1,0.1,100.0,0.0,0.06556778079642327,0.12231664417841202,0.0,False,0.1,FINITE,1.0,True,0.1,FINITE,1.0,False,True,0.0,0.0
quality_score_soft_proxy_0_1,0.1,100.0,0.0,0.0676828704995337,0.12626234237771564,0.0,False,0.1,FINITE,1.0,True,0.1,FINITE,1.0,False,True,0.0,0.0
quality_score_soft_proxy_0_1,0.1,100.0,0.0,0.06979796020264413,0.13020804057701926,0.0,False,0.1,FINITE,1.0,True,0.1,FINITE,1.0,False,True,0.0,0.0
quality_score_soft_proxy_0_1,0.1,100.0,0.0,0.07191304990575456,0.1341537387763229,0.0,False,0.1,FINITE,1.0,True,0.1,FINITE,1.0,False,True,0.0,0.0
quality_score_soft_proxy_0_1,0.1,100.0,0.0,0.07402813960886498,0.1380994369756265,0.0,False,0.1,FINITE,1.0,True,0.1,FINITE,1.0,False,True,0.0,0.0
quality_score_soft_proxy_0_1,0.1,100.0,0.0,0.07614322931197541,0.14204513517493011,0.0,False,0.1,FINITE,1.0,True,0.1,FINITE,1.0,False,True,0.0,0.0
quality_score_soft_proxy_0_1,0.1,100.0,0.0,0.07825831901508584,0.1459908333742337,0.0,False,0.1,FINITE,1.0,True,0.1,FINITE,1.0,False,True,0.0,0.0
quality_score_soft_proxy_0_1,0.1,100.0,0.0,0.08037340871819626,0.1499365315735373,0.0,False,0.1,FINITE,1.0,True,0.1,FINITE,1.0,False,True,0.0,0.0
quality_score_soft_proxy_0_1,0.1,100.0,0.0,0.08248849842130669,0.15388222977284094,0.0,False,0.1,FINITE,1.0,True,0.1,FINITE,1.0,False,True,0.0,0.0
quality_score_soft_proxy_0_1,0.1,100.0,0.0,0.08460358812441712,0.15782792797214457,0.0,False,0.1,FINITE,1.0,True,0.1,FINITE,1.0,False,True,0.0,0.0
quality_score_soft_proxy_0_1,0.1,100.0,0.0,0.08671867782752755,0.16177362617144816,0.0,False,0.1,FINITE,1.0,True,0.1,FINITE,1.0,False,True,0.0,0.0
quality_score_soft_proxy_0_1,0.1,100.0,0.0,0.08883376753063799,0.1657193243707518,0.0,False,0.1,FINITE,1.0,True,0.1,FINITE,1.0,False,True,0.0,0.0
quality_score_soft_proxy_0_1,0.1,100.0,0.0,0.0909488572337484,0.1696650225700554,0.0,False,0.1,FINITE,1.0,True,0.1,FINITE,1.0,False,True,0.0,0.0
quality_score_soft_proxy_0_1,0.1,100.0,0.0,0.09306394693685884,0.17361072076935902,0.0,False,0.1,FINITE,1.0,True,0.1,FINITE,1.0,False,True,0.0,0.0
quality_score_soft_proxy_0_1,0.1,100.0,0.0,0.09517903663996927,0.17755641896866264,0.0,False,0.1,FINITE,1.0,True,0.1,FINITE,1.0,False,True,0.0,0.0
quality_score_soft_proxy_0_1,0.1,100.0,0.0,0.09729412634307968,0.18150211716796621,0.0,False,0.1,FINITE,1.0,True,0.1,FINITE,1.0,False,True,0.0,0.0
quality_score_soft_proxy_0_1,0.1,100.0,0.0,0.09940921604619012,0.18544781536726984,0.0,False,0.1,FINITE,1.0,True,0.1,FINITE,1.0,False,True,0.0,0.0
quality_score_soft_proxy_0_1,0.1,100.0,0.0,0.10152430574930055,0.18939351356657347,0.0,False,0.1,FINITE,1.0,True,0.1,FINITE,1.0,False,True,0.0,0.0
quality_score_soft_proxy_0_1,0.1,100.0,0.0,0.10363939545241098,0.1933392117658771,0.0,False,0.1,FINITE,1.0,True,0.1,FINITE,1.0,False,True,0.0,0.0
quality_score_soft_proxy_0_1,0.1,100.0,0.0,0.10575448515552141,0.19728490996518072,0.0,False,0.1,FINITE,1.0,True,0.1,FINITE,1.0,False,True,0.0,0.0
quality_score_soft_proxy_0_1,1.0,100.0,0.0,0.0,0.0,0.0,False,1.0,FINITE,1.0,True,1.0,FINITE,1.0,False,True,0.0,0.0
quality_score_soft_proxy_0_1,1.0,100.0,0.0,0.002115089703110428,0.003945698199303614,0.0,False,1.0,FINITE,1.0,True,1.0,FINITE,1.0,False,True,0.0,0.0
quality_score_soft_proxy_0_1,1.0,100.0,0.0,0.004230179406220856,0.007891396398607227,0.0,False,1.0,FINITE,1.0,True,1.0,FINITE,1.0,False,True,0.0,0.0
quality_score_soft_proxy_0_1,1.0,100.0,0.0,0.006345269109331284,0.011837094597910842,0.0,False,1.0,FINITE,1.0,True,1.0,FINITE,1.0,False,True,0.0,0.0
quality_score_soft_proxy_0_1,1.0,100.0,0.0,0.008460358812441712,0.015782792797214455,0.0,False,1.0,FINITE,1.0,True,1.0,FINITE,1.0,False,True,0.0,0.0
quality_score_soft_proxy_0_1,1.0,100.0,0.0,0.01057544851555214,0.01972849099651807,0.0,False,1.0,FINITE,1.0,True,1.0,FINITE,1.0,False,True,0.0,0.0
quality_score_soft_proxy_0_1,1.0,100.0,0.0,0.012690538218662568,0.023674189195821684,0.0,False,1.0,FINITE,1.0,True,1.0,FINITE,1.0,False,True,0.0,0.0
quality_score_soft_proxy_0_1,1.0,100.0,0.0,0.014805627921772996,0.027619887395125296,0.0,False,1.0,FINITE,1.0,True,1.0,FINITE,1.0,False,True,0.0,0.0
quality_score_soft_proxy_0_1,1.0,100.0,0.0,0.016920717624883425,0.03156558559442891,0.0,False,1.0,FINITE,1.0,True,1.0,FINITE,1.0,False,True,0.0,0.0
quality_score_soft_proxy_0_1,1.0,100.0,0.0,0.019035807327993853,0.03551128379373253,0.0,False,1.0,FINITE,1.0,True,1.0,FINITE,1.0,False,True,0.0,0.0
quality_score_soft_proxy_0_1,1.0,100.0,0.0,0.02115089703110428,0.03945698199303614,0.0,False,1.0,FINITE,1.0,True,1.0,FINITE,1.0,False,True,0.0,0.0
quality_score_soft_proxy_0_1,1.0,100.0,0.0,0.02326598673421471,0.043402680192339754,0.0,False,1.0,FINITE,1.0,True,1.0,FINITE,1.0,False,True,0.0,0.0
quality_score_soft_proxy_0_1,1.0,100.0,0.0,0.025381076437325137,0.04734837839164337,0.0,False,1.0,FINITE,1.0,True,1.0,FINITE,1.0,False,True,0.0,0.0
quality_score_soft_proxy_0_1,1.0,100.0,0.0,0.027496166140435565,0.05129407659094698,0.0,False,1.0,FINITE,1.0,True,1.0,FINITE,1.0,False,True,0.0,0.0
quality_score_soft_proxy_0_1,1.0,100.0,0.0,0.029611255843545993,0.05523977479025059,0.0,False,1.0,FINITE,1.0,True,1.0,FINITE,1.0,False,True,0.0,0.0
quality_score_soft_proxy_0_1,1.0,100.0,0.0,0.03172634554665642,0.059185472989554205,0.0,False,1.0,FINITE,1.0,True,1.0,FINITE,1.0,False,True,0.0,0.0
quality_score_soft_proxy_0_1,1.0,100.0,0.0,0.03384143524976685,0.06313117118885782,0.0,False,1.0,FINITE,1.0,True,1.0,FINITE,1.0,False,True,0.0,0.0
quality_score_soft_proxy_0_1,1.0,100.0,0.0,0.03595652495287728,0.06707686938816144,0.0,False,1.0,FINITE,1.0,True,1.0,FINITE,1.0,False,True,0.0,0.0
quality_score_soft_proxy_0_1,1.0,100.0,0.0,0.038071614655987705,0.07102256758746506,0.0,False,1.0,FINITE,1.0,True,1.0,FINITE,1.0,False,True,0.0,0.0
quality_score_soft_proxy_0_1,1.0,100.0,0.0,0.04018670435909813,0.07496826578676866,0.0,False,1.0,FINITE,1.0,True,1.0,FINITE,1.0,False,True,0.0,0.0
quality_score_soft_proxy_0_1,1.0,100.0,0.0,0.04230179406220856,0.07891396398607228,0.0,False,1.0,FINITE,1.0,True,1.0,FINITE,1.0,False,True,0.0,0.0
quality_score_soft_proxy_0_1,1.0,100.0,0.0,0.04441688376531899,0.0828596621853759,0.0,False,1.0,FINITE,1.0,True,1.0,FINITE,1.0,False,True,0.0,0.0
quality_score_soft_proxy_0_1,1.0,100.0,0.0,0.04653197346842942,0.08680536038467951,0.0,False,1.0,FINITE,1.0,True,1.0,FINITE,1.0,False,True,0.0,0.0
quality_score_soft_proxy_0_1,1.0,100.0,0.0,0.04864706317153984,0.09075105858398311,0.0,False,1.0,FINITE,1.0,True,1.0,FINITE,1.0,False,True,0.0,0.0
quality_score_soft_proxy_0_1,1.0,100.0,0.0,0.050762152874650274,0.09469675678328673,0.0,False,1.0,FINITE,1.0,True,1.0,FINITE,1.0,False,True,0.0,0.0
quality_score_soft_proxy_0_1,1.0,100.0,0.0,0.052877242577760705,0.09864245498259036,0.0,False,1.0,FINITE,1.0,True,1.0,FINITE,1.0,False,True,0.0,0.0
quality_score_soft_proxy_0_1,1.0,100.0,0.0,0.05499233228087113,0.10258815318189396,0.0,False,1.0,FINITE,1.0,True,1.0,FINITE,1.0,False,True,0.0,0.0
quality_score_soft_proxy_0_1,1.0,100.0,0.0,0.057107421983981554,0.10653385138119757,0.0,False,1.0,FINITE,1.0,True,1.0,FINITE,1.0,False,True,0.0,0.0
quality_score_soft_proxy_0_1,1.0,100.0,0.0,0.059222511687091986,0.11047954958050119,0.0,False,1.0,FINITE,1.0,True,1.0,FINITE,1.0,False,True,0.0,0.0
quality_score_soft_proxy_0_1,1.0,100.0,0.0,0.06133760139020242,0.11442524777980481,0.0,False,1.0,FINITE,1.0,True,1.0,FINITE,1.0,False,True,0.0,0.0
quality_score_soft_proxy_0_1,1.0,100.0,0.0,0.06345269109331284,0.11837094597910841,0.0,False,1.0,FINITE,1.0,True,1.0,FINITE,1.0,False,True,0.0,0.0
quality_score_soft_proxy_0_1,1.0,100.0,0.0,0.06556778079642327,0.12231664417841202,0.0,False,1.0,FINITE,1.0,True,1.0,FINITE,1.0,False,True,0.0,0.0
quality_score_soft_proxy_0_1,1.0,100.0,0.0,0.0676828704995337,0.12626234237771564,0.0,False,1.0,FINITE,1.0,True,1.0,FINITE,1.0,False,True,0.0,0.0
quality_score_soft_proxy_0_1,1.0,100.0,0.0,0.06979796020264413,0.13020804057701926,0.0,False,1.0,FINITE,1.0,True,1.0,FINITE,1.0,False,True,0.0,0.0
quality_score_soft_proxy_0_1,1.0,100.0,0.0,0.07191304990575456,0.1341537387763229,0.0,False,1.0,FINITE,1.0,True,1.0,FINITE,1.0,False,True,0.0,0.0
quality_score_soft_proxy_0_1,1.0,100.0,0.0,0.07402813960886498,0.1380994369756265,0.0,False,1.0,FINITE,1.0,True,1.0,FINITE,1.0,False,True,0.0,0.0
quality_score_soft_proxy_0_1,1.0,100.0,0.0,0.07614322931197541,0.14204513517493011,0.0,False,1.0,FINITE,1.0,True,1.0,FINITE,1.0,False,True,0.0,0.0
quality_score_soft_proxy_0_1,1.0,100.0,0.0,0.07825831901508584,0.1459908333742337,0.0,False,1.0,FINITE,1.0,True,1.0,FINITE,1.0,False,True,0.0,0.0
quality_score_soft_proxy_0_1,1.0,100.0,0.0,0.08037340871819626,0.1499365315735373,0.0,False,1.0,FINITE,1.0,True,1.0,FINITE,1.0,False,True,0.0,0.0
quality_score_soft_proxy_0_1,1.0,100.0,0.0,0.08248849842130669,0.15388222977284094,0.0,False,1.0,FINITE,1.0,True,1.0,FINITE,1.0,False,True,0.0,0.0
quality_score_soft_proxy_0_1,1.0,100.0,0.0,0.08460358812441712,0.15782792797214457,0.0,False,1.0,FINITE,1.0,True,1.0,FINITE,1.0,False,True,0.0,0.0
quality_score_soft_proxy_0_1,1.0,100.0,0.0,0.08671867782752755,0.16177362617144816,0.0,False,1.0,FINITE,1.0,True,1.0,FINITE,1.0,False,True,0.0,0.0
quality_score_soft_proxy_0_1,1.0,100.0,0.0,0.08883376753063799,0.1657193243707518,0.0,False,1.0,FINITE,1.0,True,1.0,FINITE,1.0,False,True,0.0,0.0
quality_score_soft_proxy_0_1,1.0,100.0,0.0,0.0909488572337484,0.1696650225700554,0.0,False,1.0,FINITE,1.0,True,1.0,FINITE,1.0,False,True,0.0,0.0
quality_score_soft_proxy_0_1,1.0,100.0,0.0,0.09306394693685884,0.17361072076935902,0.0,False,1.0,FINITE,1.0,True,1.0,FINITE,1.0,False,True,0.0,0.0
quality_score_soft_proxy_0_1,1.0,100.0,0.0,0.09517903663996927,0.17755641896866264,0.0,False,1.0,FINITE,1.0,True,1.0,FINITE,1.0,False,True,0.0,0.0
quality_score_soft_proxy_0_1,1.0,100.0,0.0,0.09729412634307968,0.18150211716796621,0.0,False,1.0,FINITE,1.0,True,1.0,FINITE,1.0,False,True,0.0,0.0
quality_score_soft_proxy_0_1,1.0,100.0,0.0,0.09940921604619012,0.18544781536726984,0.0,False,1.0,FINITE,1.0,True,1.0,FINITE,1.0,False,True,0.0,0.0
quality_score_soft_proxy_0_1,1.0,100.0,0.0,0.10152430574930055,0.18939351356657347,0.0,False,1.0,FINITE,1.0,True,1.0,FINITE,1.0,False,True,0.0,0.0
quality_score_soft_proxy_0_1,1.0,100.0,0.0,0.10363939545241098,0.1933392117658771,0.0,False,1.0,FINITE,1.0,True,1.0,FINITE,1.0,False,True,0.0,0.0
quality_score_soft_proxy_0_1,1.0,100.0,0.0,0.10575448515552141,0.19728490996518072,0.0,False,1.0,FINITE,1.0,True,1.0,FINITE,1.0,False,True,0.0,0.0
quality_score_soft_proxy_0_1,10.0,100.0,0.0,0.0,0.0,0.0,False,10.0,FINITE,1.0,True,10.0,FINITE,1.0,False,True,0.0,0.0
quality_score_soft_proxy_0_1,10.0,100.0,0.0,0.002115089703110428,0.003945698199303614,0.0,False,10.0,FINITE,1.0,True,10.0,FINITE,1.0,False,True,0.0,0.0
quality_score_soft_proxy_0_1,10.0,100.0,0.0,0.004230179406220856,0.007891396398607227,0.0,False,10.0,FINITE,1.0,True,10.0,FINITE,1.0,False,True,0.0,0.0
quality_score_soft_proxy_0_1,10.0,100.0,0.0,0.006345269109331284,0.011837094597910842,0.0,False,10.0,FINITE,1.0,True,10.0,FINITE,1.0,False,True,0.0,0.0
quality_score_soft_proxy_0_1,10.0,100.0,0.0,0.008460358812441712,0.015782792797214455,0.0,False,10.0,FINITE,1.0,True,10.0,FINITE,1.0,False,True,0.0,0.0
quality_score_soft_proxy_0_1,10.0,100.0,0.0,0.01057544851555214,0.01972849099651807,0.0,False,10.0,FINITE,1.0,True,10.0,FINITE,1.0,False,True,0.0,0.0
quality_score_soft_proxy_0_1,10.0,100.0,0.0,0.012690538218662568,0.023674189195821684,0.0,False,10.0,FINITE,1.0,True,10.0,FINITE,1.0,False,True,0.0,0.0
quality_score_soft_proxy_0_1,10.0,100.0,0.0,0.014805627921772996,0.027619887395125296,0.0,False,10.0,FINITE,1.0,True,10.0,FINITE,1.0,False,True,0.0,0.0
quality_score_soft_proxy_0_1,10.0,100.0,0.0,0.016920717624883425,0.03156558559442891,0.0,False,10.0,FINITE,1.0,True,10.0,FINITE,1.0,False,True,0.0,0.0
quality_score_soft_proxy_0_1,10.0,100.0,0.0,0.019035807327993853,0.03551128379373253,0.0,False,10.0,FINITE,1.0,True,10.0,FINITE,1.0,False,True,0.0,0.0
quality_score_soft_proxy_0_1,10.0,100.0,0.0,0.02115089703110428,0.03945698199303614,0.0,False,10.0,FINITE,1.0,True,10.0,FINITE,1.0,False,True,0.0,0.0
quality_score_soft_proxy_0_1,10.0,100.0,0.0,0.02326598673421471,0.043402680192339754,0.0,False,10.0,FINITE,1.0,True,10.0,FINITE,1.0,False,True,0.0,0.0
quality_score_soft_proxy_0_1,10.0,100.0,0.0,0.025381076437325137,0.04734837839164337,0.0,False,10.0,FINITE,1.0,True,10.0,FINITE,1.0,False,True,0.0,0.0
quality_score_soft_proxy_0_1,10.0,100.0,0.0,0.027496166140435565,0.05129407659094698,0.0,False,10.0,FINITE,1.0,True,10.0,FINITE,1.0,False,True,0.0,0.0
quality_score_soft_proxy_0_1,10.0,100.0,0.0,0.029611255843545993,0.05523977479025059,0.0,False,10.0,FINITE,1.0,True,10.0,FINITE,1.0,False,True,0.0,0.0
quality_score_soft_proxy_0_1,10.0,100.0,0.0,0.03172634554665642,0.059185472989554205,0.0,False,10.0,FINITE,1.0,True,10.0,FINITE,1.0,False,True,0.0,0.0
quality_score_soft_proxy_0_1,10.0,100.0,0.0,0.03384143524976685,0.06313117118885782,0.0,False,10.0,FINITE,1.0,True,10.0,FINITE,1.0,False,True,0.0,0.0
quality_score_soft_proxy_0_1,10.0,100.0,0.0,0.03595652495287728,0.06707686938816144,0.0,False,10.0,FINITE,1.0,True,10.0,FINITE,1.0,False,True,0.0,0.0
quality_score_soft_proxy_0_1,10.0,100.0,0.0,0.038071614655987705,0.07102256758746506,0.0,False,10.0,FINITE,1.0,True,10.0,FINITE,1.0,False,True,0.0,0.0
quality_score_soft_proxy_0_1,10.0,100.0,0.0,0.04018670435909813,0.07496826578676866,0.0,False,10.0,FINITE,1.0,True,10.0,FINITE,1.0,False,True,0.0,0.0
quality_score_soft_proxy_0_1,10.0,100.0,0.0,0.04230179406220856,0.07891396398607228,0.0,False,10.0,FINITE,1.0,True,10.0,FINITE,1.0,False,True,0.0,0.0
quality_score_soft_proxy_0_1,10.0,100.0,0.0,0.04441688376531899,0.0828596621853759,0.0,False,10.0,FINITE,1.0,True,10.0,FINITE,1.0,False,True,0.0,0.0
quality_score_soft_proxy_0_1,10.0,100.0,0.0,0.04653197346842942,0.08680536038467951,0.0,False,10.0,FINITE,1.0,True,10.0,FINITE,1.0,False,True,0.0,0.0
quality_score_soft_proxy_0_1,10.0,100.0,0.0,0.04864706317153984,0.09075105858398311,0.0,False,10.0,FINITE,1.0,True,10.0,FINITE,1.0,False,True,0.0,0.0
quality_score_soft_proxy_0_1,10.0,100.0,0.0,0.050762152874650274,0.09469675678328673,0.0,False,10.0,FINITE,1.0,True,10.0,FINITE,1.0,False,True,0.0,0.0
quality_score_soft_proxy_0_1,10.0,100.0,0.0,0.052877242577760705,0.09864245498259036,0.0,False,10.0,FINITE,1.0,True,10.0,FINITE,1.0,False,True,0.0,0.0
quality_score_soft_proxy_0_1,10.0,100.0,0.0,0.05499233228087113,0.10258815318189396,0.0,False,10.0,FINITE,1.0,True,10.0,FINITE,1.0,False,True,0.0,0.0
quality_score_soft_proxy_0_1,10.0,100.0,0.0,0.057107421983981554,0.10653385138119757,0.0,False,10.0,FINITE,1.0,True,10.0,FINITE,1.0,False,True,0.0,0.0
quality_score_soft_proxy_0_1,10.0,100.0,0.0,0.059222511687091986,0.11047954958050119,0.0,False,10.0,FINITE,1.0,True,10.0,FINITE,1.0,False,True,0.0,0.0
quality_score_soft_proxy_0_1,10.0,100.0,0.0,0.06133760139020242,0.11442524777980481,0.0,False,10.0,FINITE,1.0,True,10.0,FINITE,1.0,False,True,0.0,0.0
quality_score_soft_proxy_0_1,10.0,100.0,0.0,0.06345269109331284,0.11837094597910841,0.0,False,10.0,FINITE,1.0,True,10.0,FINITE,1.0,False,True,0.0,0.0
quality_score_soft_proxy_0_1,10.0,100.0,0.0,0.06556778079642327,0.12231664417841202,0.0,False,10.0,FINITE,1.0,True,10.0,FINITE,1.0,False,True,0.0,0.0
quality_score_soft_proxy_0_1,10.0,100.0,0.0,0.0676828704995337,0.12626234237771564,0.0,False,10.0,FINITE,1.0,True,10.0,FINITE,1.0,False,True,0.0,0.0
quality_score_soft_proxy_0_1,10.0,100.0,0.0,0.06979796020264413,0.13020804057701926,0.0,False,10.0,FINITE,1.0,True,10.0,FINITE,1.0,False,True,0.0,0.0
quality_score_soft_proxy_0_1,10.0,100.0,0.0,0.07191304990575456,0.1341537387763229,0.0,False,10.0,FINITE,1.0,True,10.0,FINITE,1.0,False,True,0.0,0.0
quality_score_soft_proxy_0_1,10.0,100.0,0.0,0.07402813960886498,0.1380994369756265,0.0,False,10.0,FINITE,1.0,True,10.0,FINITE,1.0,False,True,0.0,0.0
quality_score_soft_proxy_0_1,10.0,100.0,0.0,0.07614322931197541,0.14204513517493011,0.0,False,10.0,FINITE,1.0,True,10.0,FINITE,1.0,False,True,0.0,0.0
quality_score_soft_proxy_0_1,10.0,100.0,0.0,0.07825831901508584,0.1459908333742337,0.0,False,10.0,FINITE,1.0,True,10.0,FINITE,1.0,False,True,0.0,0.0
quality_score_soft_proxy_0_1,10.0,100.0,0.0,0.08037340871819626,0.1499365315735373,0.0,False,10.0,FINITE,1.0,True,10.0,FINITE,1.0,False,True,0.0,0.0
quality_score_soft_proxy_0_1,10.0,100.0,0.0,0.08248849842130669,0.15388222977284094,0.0,False,10.0,FINITE,1.0,True,10.0,FINITE,1.0,False,True,0.0,0.0
quality_score_soft_proxy_0_1,10.0,100.0,0.0,0.08460358812441712,0.15782792797214457,0.0,False,10.0,FINITE,1.0,True,10.0,FINITE,1.0,False,True,0.0,0.0
quality_score_soft_proxy_0_1,10.0,100.0,0.0,0.08671867782752755,0.16177362617144816,0.0,False,10.0,FINITE,1.0,True,10.0,FINITE,1.0,False,True,0.0,0.0
quality_score_soft_proxy_0_1,10.0,100.0,0.0,0.08883376753063799,0.1657193243707518,0.0,False,10.0,FINITE,1.0,True,10.0,FINITE,1.0,False,True,0.0,0.0
quality_score_soft_proxy_0_1,10.0,100.0,0.0,0.0909488572337484,0.1696650225700554,0.0,False,10.0,FINITE,1.0,True,10.0,FINITE,1.0,False,True,0.0,0.0
quality_score_soft_proxy_0_1,10.0,100.0,0.0,0.09306394693685884,0.17361072076935902,0.0,False,10.0,FINITE,1.0,True,10.0,FINITE,1.0,False,True,0.0,0.0
quality_score_soft_proxy_0_1,10.0,100.0,0.0,0.09517903663996927,0.17755641896866264,0.0,False,10.0,FINITE,1.0,True,10.0,FINITE,1.0,False,True,0.0,0.0
quality_score_soft_proxy_0_1,10.0,100.0,0.0,0.09729412634307968,0.18150211716796621,0.0,False,10.0,FINITE,1.0,True,10.0,FINITE,1.0,False,True,0.0,0.0
quality_score_soft_proxy_0_1,10.0,100.0,0.0,0.09940921604619012,0.18544781536726984,0.0,False,10.0,FINITE,1.0,True,10.0,FINITE,1.0,False,True,0.0,0.0
quality_score_soft_proxy_0_1,10.0,100.0,0.0,0.10152430574930055,0.18939351356657347,0.0,False,10.0,FINITE,1.0,True,10.0,FINITE,1.0,False,True,0.0,0.0
quality_score_soft_proxy_0_1,10.0,100.0,0.0,0.10363939545241098,0.1933392117658771,0.0,False,10.0,FINITE,1.0,True,10.0,FINITE,1.0,False,True,0.0,0.0
quality_score_soft_proxy_0_1,10.0,100.0,0.0,0.10575448515552141,0.19728490996518072,0.0,False,10.0,FINITE,1.0,True,10.0,FINITE,1.0,False,True,0.0,0.0
quality_score_soft_proxy_0_1,0.1,100.0,0.5,0.0,0.0,0.0,False,0.1,FINITE,1.0,True,0.1,FINITE,1.0,False,True,0.0,0.0
quality_score_soft_proxy_0_1,0.1,100.0,0.5,0.002115089703110428,0.003945698199303614,0.0007141620744485687,False,0.0997292283081846,FINITE,0.997292283081846,True,0.10027175770397753,FINITE,1.0027175770397752,True,True,1.6246301508923978e+17,1624630.1508923976
quality_score_soft_proxy_0_1,0.1,100.0,0.5,0.004230179406220856,0.007891396398607227,0.0014283241488971374,False,0.09945943814744831,FINITE,0.9945943814744831,True,0.10054450592582086,FINITE,1.0054450592582085,True,True,3.243371115310145e+17,3243371.115310145
quality_score_soft_proxy_0_1,0.1,100.0,0.5,0.006345269109331284,0.011837094597910842,0.002142486223345706,False,0.0991906250611723,FINITE,0.9919062506117229,True,0.10081824919601262,FINITE,1.008182491960126,True,True,4.8562496329662694e+17,4856249.63296627
quality_score_soft_proxy_0_1,0.1,100.0,0.5,0.008460358812441712,0.015782792797214455,0.0028566482977942747,False,0.0989227846170451,FINITE,0.9892278461704509,True,0.10109299206997391,FINITE,1.010929920699739,True,True,6.463292297729462e+17,6463292.297729461
quality_score_soft_proxy_0_1,0.1,100.0,0.5,0.01057544851555214,0.01972849099651807,0.003570810372242843,False,0.09865591240690887,FINITE,0.9865591240690886,True,0.10136873912822451,FINITE,1.013687391282245,True,True,8.064525558546836e+17,8064525.5585468365
quality_score_soft_proxy_0_1,0.1,100.0,0.5,0.012690538218662568,0.023674189195821684,0.004284972446691412,False,0.0983900040466048,FINITE,0.9839000404660481,True,0.10164549497654506,FINITE,1.0164549497654505,True,True,9.659975720371195e+17,9659975.720371194
quality_score_soft_proxy_0_1,0.1,100.0,0.5,0.014805627921772996,0.027619887395125296,0.004999134521139981,False,0.09812505517582155,FINITE,0.9812505517582155,True,0.10192326424613958,FINITE,1.0192326424613958,True,True,1.1249668945070707e+18,11249668.945070706
quality_score_soft_proxy_0_1,0.1,100.0,0.5,0.016920717624883425,0.03156558559442891,0.0057132965955885495,False,0.09786106145794292,FINITE,0.9786106145794291,True,0.10220205159379961,FINITE,1.022020515937996,True,True,1.2833631252342518e+18,12833631.25234252
quality_score_soft_proxy_0_1,0.1,100.0,0.5,0.019035807327993853,0.03551128379373253,0.006427458670037118,False,0.09759801857989808,FINITE,0.9759801857989808,True,0.10248186170206981,FINITE,1.024818617020698,True,True,1.4411888520611538e+18,14411888.520611538
quality_score_soft_proxy_0_1,0.1,100.0,0.5,0.02115089703110428,0.03945698199303614,0.007141620744485686,False,0.09733592225201253,FINITE,0.9733592225201252,True,0.10276269927941421,FINITE,1.0276269927941422,True,True,1.598446648792487e+18,15984466.48792487
quality_score_soft_proxy_0_1,0.1,100.0,0.5,0.02326598673421471,0.043402680192339754,0.007855782818934256,False,0.09707476820785936,FINITE,0.9707476820785935,True,0.10304456906038396,FINITE,1.0304456906038395,True,True,1.755139075284387e+18,17551390.75284387
quality_score_soft_proxy_0_1,0.1,100.0,0.5,0.025381076437325137,0.04734837839164337,0.008569944893382824,False,0.09681455220411274,FINITE,0.9681455220411274,True,0.10332747580578684,FINITE,1.0332747580578683,True,True,1.9112686775323602e+18,19112686.7753236
quality_score_soft_proxy_0_1,0.1,100.0,0.5,0.027496166140435565,0.05129407659094698,0.009284106967831393,False,0.09655527002040148,FINITE,0.9655527002040148,True,0.10361142430285684,FINITE,1.0361142430285684,True,True,2.0668379877591122e+18,20668379.877591126
quality_score_soft_proxy_0_1,0.1,100.0,0.5,0.029611255843545993,0.05523977479025059,0.009998269042279961,False,0.09629691745916448,FINITE,0.9629691745916448,True,0.10389641936542615,FINITE,1.0389641936542615,True,True,2.2218495245013153e+18,22218495.245013155
quality_score_soft_proxy_0_1,0.1,100.0,0.5,0.03172634554665642,0.059185472989554205,0.01071243111672853,False,0.0960394903455066,FINITE,0.960394903455066,True,0.10418246583409796,FINITE,1.0418246583409796,True,True,2.376305792696043e+18,23763057.92696043
quality_score_soft_proxy_0_1,0.1,100.0,0.5,0.03384143524976685,0.06313117118885782,0.011426593191177099,False,0.09578298452705576,FINITE,0.9578298452705576,True,0.1044695685764203,FINITE,1.044695685764203,True,True,2.5302092837665464e+18,25302092.837665465
quality_score_soft_proxy_0_1,0.1,100.0,0.5,0.03595652495287728,0.06707686938816144,0.012140755265625669,False,0.09552739587382128,FINITE,0.9552739587382127,True,0.1047577324870617,FINITE,1.047577324870617,True,True,2.6835624757072353e+18,26835624.757072352
quality_score_soft_proxy_0_1,0.1,100.0,0.5,0.038071614655987705,0.07102256758746506,0.012854917340074237,False,0.09527272027805299,FINITE,0.9527272027805298,True,0.10504696248798788,FINITE,1.0504696248798788,True,True,2.83636783316821e+18,28363678.3316821
quality_score_soft_proxy_0_1,0.1,100.0,0.5,0.04018670435909813,0.07496826578676866,0.013569079414522803,False,0.09501895365410136,FINITE,0.9501895365410136,True,0.10533726352863947,FINITE,1.0533726352863946,True,True,2.9886278075391877e+18,29886278.075391874
quality_score_soft_proxy_0_1,0.1,100.0,0.5,0.04230179406220856,0.07891396398607228,0.014283241488971372,False,0.09476609193827877,FINITE,0.9476609193827876,True,0.10562864058611181,FINITE,1.056286405861118,True,True,3.140344837032741e+18,31403448.37032741
quality_score_soft_proxy_0_1,0.1,100.0,0.5,0.04441688376531899,0.0828596621853759,0.014997403563419944,False,0.09451413108872182,FINITE,0.9451413108872182,True,0.10592109866533515,FINITE,1.0592109866533514,True,True,3.29152134676691e+18,32915213.467669096
quality_score_soft_proxy_0_1,0.1,100.0,0.5,0.04653197346842942,0.08680536038467951,0.015711565637868512,False,0.09426306708525424,FINITE,0.9426306708525424,True,0.1062146427992572,FINITE,1.0621464279925719,True,True,3.4421597488474593e+18,34421597.48847459
quality_score_soft_proxy_0_1,0.1,100.0,0.5,0.04864706317153984,0.09075105858398311,0.016425727712317078,False,0.0940128959292513,FINITE,0.940128959292513,True,0.10650927804902639,FINITE,1.065092780490264,True,True,3.592262442449223e+18,35922624.42449223
quality_score_soft_proxy_0_1,0.1,100.0,0.5,0.050762152874650274,0.09469675678328673,0.017139889786765648,False,0.09376361364350494,FINITE,0.9376361364350494,True,0.10680500950417612,FINITE,1.068050095041761,True,True,3.74183181389704e+18,37418318.1389704
quality_score_soft_proxy_0_1,0.1,100.0,0.5,0.052877242577760705,0.09864245498259036,0.017854051861214217,False,0.09351521627208971,FINITE,0.9351521627208971,True,0.10710184228281179,FINITE,1.0710184228281179,True,True,3.8908702367461775e+18,38908702.36746177
quality_score_soft_proxy_0_1,0.1,100.0,0.5,0.05499233228087113,0.10258815318189396,0.018568213935662787,False,0.09326769988023006,FINITE,0.9326769988023006,True,0.10739978153179781,FINITE,1.073997815317978,True,True,4.039380071861965e+18,40393800.718619645
quality_score_soft_proxy_0_1,0.1,100.0,0.5,0.057107421983981554,0.10653385138119757,0.019282376010111353,False,0.09302106055416809,FINITE,0.9302106055416809,True,0.10769883242694671,FINITE,1.0769883242694671,True,True,4.18736366749915e+18,41873636.674991496
quality_score_soft_proxy_0_1,0.1,100.0,0.5,0.059222511687091986,0.11047954958050119,0.019996538084559923,False,0.0927752944010329,FINITE,0.9277529440103289,True,0.10799900017320946,FINITE,1.0799900017320945,True,True,4.334823359380266e+18,43348233.59380266
quality_score_soft_proxy_0_1,0.1,100.0,0.5,0.06133760139020242,0.11442524777980481,0.020710700159008492,False,0.09253039754870984,FINITE,0.9253039754870984,True,0.10830029000486756,FINITE,1.0830029000486756,True,True,4.4817614707740984e+18,44817614.707740985
quality_score_soft_proxy_0_1,0.1,100.0,0.5,0.06345269109331284,0.11837094597910841,0.02142486223345706,False,0.09228636614571196,FINITE,0.9228636614571196,True,0.10860270718572622,FINITE,1.0860270718572622,True,True,4.628180312572824e+18,46281803.12572824
quality_score_soft_proxy_0_1,0.1,100.0,0.5,0.06556778079642327,0.12231664417841202,0.02213902430790563,False,0.09204319636105157,FINITE,0.9204319636105157,True,0.10890625700930864,FINITE,1.0890625700930863,True,True,4.77408218336906e+18,47740821.833690606
quality_score_soft_proxy_0_1,0.1,100.0,0.5,0.0676828704995337,0.12626234237771564,0.022853186382354198,False,0.09180088438411263,FINITE,0.9180088438411262,True,0.10921094479905306,FINITE,1.0921094479905307,True,True,4.919469369532425e+18,49194693.69532426
quality_score_soft_proxy_0_1,0.1,100.0,0.5,0.06979796020264413,0.13020804057701926,0.023567348456802768,False,0.09155942642452457,FINITE,0.9155942642452456,True,0.10951677590850978,FINITE,1.0951677590850977,True,True,5.064344145285263e+18,50643441.45285263
quality_score_soft_proxy_0_1,0.1,100.0,0.5,0.07191304990575456,0.1341537387763229,0.024281510531251337,False,0.09131881871203656,FINITE,0.9131881871203656,True,0.10982375572154071,FINITE,1.098237557215407,True,True,5.208708772778064e+18,52087087.72778065
quality_score_soft_proxy_0_1,0.1,100.0,0.5,0.07402813960886498,0.1380994369756265,0.024995672605699903,False,0.09107905749639317,FINITE,0.9107905749639317,True,0.11013188965251969,FINITE,1.1013188965251968,True,True,5.352565502164102e+18,53525655.02164103
quality_score_soft_proxy_0_1,0.1,100.0,0.5,0.07614322931197541,0.14204513517493011,0.025709834680148473,False,0.09084013904721003,FINITE,0.9084013904721002,True,0.11044118314653519,FINITE,1.1044118314653517,True,True,5.495916571673987e+18,54959165.71673986
quality_score_soft_proxy_0_1,0.1,100.0,0.5,0.07825831901508584,0.1459908333742337,0.026423996754597043,False,0.09060205965385139,FINITE,0.9060205965385139,True,0.11075164167959382,FINITE,1.1075164167959382,True,True,5.63876420768917e+18,56387642.076891705
quality_score_soft_proxy_0_1,0.1,100.0,0.5,0.08037340871819626,0.1499365315735373,0.027138158829045606,False,0.09036481562530811,FINITE,0.903648156253081,True,0.11106327075882556,FINITE,1.1106327075882556,True,True,5.781110624815137e+18,57811106.24815136
quality_score_soft_proxy_0_1,0.1,100.0,0.5,0.08248849842130669,0.15388222977284094,0.027852320903494175,False,0.0901284032900761,FINITE,0.901284032900761,True,0.1113760759226908,FINITE,1.1137607592269079,True,True,5.922958025954345e+18,59229580.25954345
quality_score_soft_proxy_0_1,0.1,100.0,0.5,0.08460358812441712,0.15782792797214457,0.028566482977942745,False,0.08989281899603617,FINITE,0.8989281899603616,True,0.11169006274118852,FINITE,1.1169006274118851,True,True,6.064308602378301e+18,60643086.02378301
quality_score_soft_proxy_0_1,0.1,100.0,0.5,0.08671867782752755,0.16177362617144816,0.029280645052391318,False,0.08965805911033495,FINITE,0.8965805911033494,True,0.11200523681606674,FINITE,1.1200523681606673,True,True,6.205164533799035e+18,62051645.33799034
quality_score_soft_proxy_0_1,0.1,100.0,0.5,0.08883376753063799,0.1657193243707518,0.029994807126839888,False,0.08942412001926556,FINITE,0.8942412001926555,True,0.11232160378103363,FINITE,1.1232160378103362,True,True,6.345527988440668e+18,63455279.88440669
quality_score_soft_proxy_0_1,0.1,100.0,0.5,0.0909488572337484,0.1696650225700554,0.03070896920128845,False,0.08919099812815044,FINITE,0.8919099812815043,True,0.11263916930197121,FINITE,1.126391693019712,True,True,6.485401123109737e+18,64854011.23109738
quality_score_soft_proxy_0_1,0.1,100.0,0.5,0.09306394693685884,0.17361072076935902,0.031423131275737023,False,0.08895868986122399,FINITE,0.8895868986122398,True,0.11295793907715007,FINITE,1.1295793907715006,True,True,6.62478608326561e+18,66247860.8326561
quality_score_soft_proxy_0_1,0.1,100.0,0.5,0.09517903663996927,0.17755641896866264,0.03213729335018559,False,0.08872719166151655,FINITE,0.8872719166151655,True,0.11327791883744562,FINITE,1.132779188374456,True,True,6.763685003090076e+18,67636850.03090075
quality_score_soft_proxy_0_1,0.1,100.0,0.5,0.09729412634307968,0.18150211716796621,0.032851455424634156,False,0.08849649999073919,FINITE,0.8849649999073919,True,0.11359911434655673,FINITE,1.1359911434655672,True,True,6.902100005556488e+18,69021000.05556488
quality_score_soft_proxy_0_1,0.1,100.0,0.5,0.09940921604619012,0.18544781536726984,0.033565617499082726,False,0.08826661132916906,FINITE,0.8826661132916905,True,0.11392153140122516,FINITE,1.1392153140122514,True,True,7.040033202498566e+18,70400332.02498566
quality_score_soft_proxy_0_1,0.1,100.0,0.5,0.10152430574930055,0.18939351356657347,0.034279779573531295,False,0.08803752217553557,FINITE,0.8803752217553557,True,0.11424517583145748,FINITE,1.1424517583145748,True,True,7.177486694678664e+18,71774866.94678664
quality_score_soft_proxy_0_1,0.1,100.0,0.5,0.10363939545241098,0.1933392117658771,0.034993941647979865,False,0.08780922904690776,FINITE,0.8780922904690776,True,0.11457005350074778,FINITE,1.1457005350074778,True,True,7.314462571855349e+18,73144625.71855348
quality_score_soft_proxy_0_1,0.1,100.0,0.5,0.10575448515552141,0.19728490996518072,0.035708103722428435,False,0.087581728478582,FINITE,0.87581728478582,True,0.11489617030630328,FINITE,1.1489617030630328,True,True,7.4509629128508e+18,74509629.128508
quality_score_soft_proxy_0_1,1.0,100.0,0.5,0.0,0.0,0.0,False,1.0,FINITE,1.0,True,1.0,FINITE,1.0,False,True,0.0,0.0
quality_score_soft_proxy_0_1,1.0,100.0,0.5,0.002115089703110428,0.003945698199303614,0.0007141620744485687,False,0.9940892274117282,FINITE,0.9940892274117282,True,1.0059579613799425,FINITE,1.0059579613799425,True,True,3.546463552963064e+18,35464635.52963064
quality_score_soft_proxy_0_1,1.0,100.0,0.5,0.004230179406220856,0.007891396398607227,0.0014283241488971374,False,0.988225175979206,FINITE,0.988225175979206,True,1.0119635848267292,FINITE,1.0119635848267292,True,True,7.064894412476397e+18,70648944.12476397
quality_score_soft_proxy_0_1,1.0,100.0,0.5,0.006345269109331284,0.011837094597910842,0.002142486223345706,False,0.9824073836274184,FINITE,0.9824073836274184,True,1.0180173493343976,FINITE,1.0180173493343976,True,True,1.055556982354895e+19,105555698.23548949
quality_score_soft_proxy_0_1,1.0,100.0,0.5,0.008460358812441712,0.015782792797214455,0.0028566482977942747,False,0.9766353937651544,FINITE,0.9766353937651544,True,1.0241197396967483,FINITE,1.0241197396967483,True,True,1.4018763740907358e+19,140187637.4090736
quality_score_soft_proxy_0_1,1.0,100.0,0.5,0.01057544851555214,0.01972849099651807,0.003570810372242843,False,0.9709087552091211,FINITE,0.9709087552091211,True,1.0302712465895598,FINITE,1.0302712465895598,True,True,1.7454746874527326e+19,174547468.74527326
quality_score_soft_proxy_0_1,1.0,100.0,0.5,0.012690538218662568,0.023674189195821684,0.004284972446691412,False,0.9652270221092641,FINITE,0.9652270221092641,True,1.0364723666541322,FINITE,1.0364723666541322,True,True,2.0863786734441513e+19,208637867.34441513
quality_score_soft_proxy_0_1,1.0,100.0,0.5,0.014805627921772996,0.027619887395125296,0.004999134521139981,False,0.9595897538752586,FINITE,0.9595897538752586,True,1.0427236025821978,FINITE,1.0427236025821978,True,True,2.4246147674844852e+19,242461476.74844852
quality_score_soft_proxy_0_1,1.0,100.0,0.5,0.016920717624883425,0.03156558559442891,0.0057132965955885495,False,0.9539965151041608,FINITE,0.9539965151041608,True,1.0490254632022158,FINITE,1.0490254632022158,True,True,2.76020909375035e+19,276020909.375035
quality_score_soft_proxy_0_1,1.0,100.0,0.5,0.019035807327993853,0.03551128379373253,0.006427458670037118,False,0.9484468755091948,FINITE,0.9484468755091948,True,1.0553784635670749,FINITE,1.0553784635670749,True,True,3.0931874694483108e+19,309318746.9448311
quality_score_soft_proxy_0_1,1.0,100.0,0.5,0.02115089703110428,0.03945698199303614,0.007141620744485686,False,0.9429404098496557,FINITE,0.9429404098496557,True,1.0617831250432361,FINITE,1.0617831250432361,True,True,3.4235754090206605e+19,342357540.90206605
quality_score_soft_proxy_0_1,1.0,100.0,0.5,0.02326598673421471,0.043402680192339754,0.007855782818934256,False,0.9374766978619099,FINITE,0.9374766978619099,True,1.0682399754013376,FINITE,1.0682399754013376,True,True,3.751398128285406e+19,375139812.82854056
quality_score_soft_proxy_0_1,1.0,100.0,0.5,0.025381076437325137,0.04734837839164337,0.008569944893382824,False,0.9320553241914702,FINITE,0.9320553241914702,True,1.0747495489082934,FINITE,1.0747495489082934,True,True,4.076680548511788e+19,407668054.8511788
quality_score_soft_proxy_0_1,1.0,100.0,0.5,0.027496166140435565,0.05129407659094698,0.009284106967831393,False,0.926675878326134,FINITE,0.926675878326134,True,1.081312386420903,FINITE,1.081312386420903,True,True,4.399447300431962e+19,439944730.0431962
quality_score_soft_proxy_0_1,1.0,100.0,0.5,0.029611255843545993,0.05523977479025059,0.009998269042279961,False,0.9213379545301579,FINITE,0.9213379545301579,True,1.0879290354810154,FINITE,1.0879290354810154,True,True,4.719722728190527e+19,471972272.81905276
quality_score_soft_proxy_0_1,1.0,100.0,0.5,0.03172634554665642,0.059185472989554205,0.01071243111672853,False,0.9160411517794526,FINITE,0.9160411517794526,True,1.0946000504122644,FINITE,1.0946000504122644,True,True,5.0375308932328464e+19,503753089.3232847
quality_score_soft_proxy_0_1,1.0,100.0,0.5,0.03384143524976685,0.06313117118885782,0.011426593191177099,False,0.9107850736977868,FINITE,0.9107850736977868,True,1.1013259924184104,FINITE,1.1013259924184104,True,True,5.3528955781327905e+19,535289557.81327903
quality_score_soft_proxy_0_1,1.0,100.0,0.5,0.03595652495287728,0.06707686938816144,0.012140755265625669,False,0.9055693284939736,FINITE,0.9055693284939736,True,1.1081074296833158,FINITE,1.1081074296833158,True,True,5.665840290361581e+19,566584029.0361581
quality_score_soft_proxy_0_1,1.0,100.0,0.5,0.038071614655987705,0.07102256758746506,0.012854917340074237,False,0.9003935289000269,FINITE,0.9003935289000269,True,1.1149449374725868,FINITE,1.1149449374725868,True,True,5.976388265998387e+19,597638826.5998387
quality_score_soft_proxy_0_1,1.0,100.0,0.5,0.04018670435909813,0.07496826578676866,0.013569079414522803,False,0.895257292110269,FINITE,0.895257292110269,True,1.1218390982369124,FINITE,1.1218390982369124,True,True,6.2845624733838565e+19,628456247.3383857
quality_score_soft_proxy_0_1,1.0,100.0,0.5,0.04230179406220856,0.07891396398607228,0.014283241488971372,False,0.8901602397213791,FINITE,0.8901602397213791,True,1.1287905017171298,FINITE,1.1287905017171298,True,True,6.590385616717252e+19,659038561.6717252
quality_score_soft_proxy_0_1,1.0,100.0,0.5,0.04441688376531899,0.0828596621853759,0.014997403563419944,False,0.8851019976733558,FINITE,0.8851019976733558,True,1.1357997450510546,FINITE,1.1357997450510546,True,True,6.893880139598649e+19,689388013.959865
quality_score_soft_proxy_0_1,1.0,100.0,0.5,0.04653197346842942,0.08680536038467951,0.015711565637868512,False,0.8800821961913864,FINITE,0.8800821961913864,True,1.142867432882105,FINITE,1.142867432882105,True,True,7.195068228516817e+19,719506822.8516817
quality_score_soft_proxy_0_1,1.0,100.0,0.5,0.04864706317153984,0.09075105858398311,0.016425727712317078,False,0.8751004697286043,FINITE,0.8751004697286043,True,1.1499941774697509,FINITE,1.1499941774697509,True,True,7.493971816283739e+19,749397181.628374
quality_score_soft_proxy_0_1,1.0,100.0,0.5,0.050762152874650274,0.09469675678328673,0.017139889786765648,False,0.8701564569097198,FINITE,0.8701564569097198,True,1.1571805988018327,FINITE,1.1571805988018327,True,True,7.790612585416814e+19,779061258.5416814
quality_score_soft_proxy_0_1,1.0,100.0,0.5,0.052877242577760705,0.09864245498259036,0.017854051861214217,False,0.8652498004755084,FINITE,0.8652498004755084,True,1.1644273247087742,FINITE,1.1644273247087742,True,True,8.085011971469499e+19,808501197.1469498
quality_score_soft_proxy_0_1,1.0,100.0,0.5,0.05499233228087113,0.10258815318189396,0.018568213935662787,False,0.8603801472281414,FINITE,0.8603801472281414,True,1.171734990979735,FINITE,1.171734990979735,True,True,8.377191166311517e+19,837719116.6311517
quality_score_soft_proxy_0_1,1.0,100.0,0.5,0.057107421983981554,0.10653385138119757,0.019282376010111353,False,0.8555471479773502,FINITE,0.8555471479773502,True,1.1791042414807287,FINITE,1.1791042414807287,True,True,8.667171121358987e+19,866717112.1358987
quality_score_soft_proxy_0_1,1.0,100.0,0.5,0.059222511687091986,0.11047954958050119,0.019996538084559923,False,0.8507504574874002,FINITE,0.8507504574874002,True,1.1865357282747582,FINITE,1.1865357282747582,True,True,8.954972550755988e+19,895497255.0755988
quality_score_soft_proxy_0_1,1.0,100.0,0.5,0.06133760139020242,0.11442524777980481,0.020710700159008492,False,0.8459897344248684,FINITE,0.8459897344248684,True,1.1940301117439955,FINITE,1.1940301117439955,True,True,9.2406159345079e+19,924061593.4507898
quality_score_soft_proxy_0_1,1.0,100.0,0.5,0.06345269109331284,0.11837094597910841,0.02142486223345706,False,0.8412646413072083,FINITE,0.8412646413072083,True,1.2015880607140503,FINITE,1.2015880607140503,True,True,9.524121521567498e+19,952412152.1567498
quality_score_soft_proxy_0_1,1.0,100.0,0.5,0.06556778079642327,0.12231664417841202,0.02213902430790563,False,0.8365748444520892,FINITE,0.8365748444520892,True,1.2092102525803672,FINITE,1.2092102525803672,True,True,9.80550933287465e+19,980550933.2874649
quality_score_soft_proxy_0_1,1.0,100.0,0.5,0.0676828704995337,0.12626234237771564,0.022853186382354198,False,0.8319200139274957,FINITE,0.8319200139274957,True,1.216897373436793,FINITE,1.216897373436793,True,True,1.0084799164350258e+20,1008479916.4350258
quality_score_soft_proxy_0_1,1.0,100.0,0.5,0.06979796020264413,0.13020804057701926,0.023567348456802768,False,0.8272998235025747,FINITE,0.8272998235025747,True,1.2246501182063536,FINITE,1.2246501182063536,True,True,1.0362010589845519e+20,1036201058.9845518
quality_score_soft_proxy_0_1,1.0,100.0,0.5,0.07191304990575456,0.1341537387763229,0.024281510531251337,False,0.8227139505992217,FINITE,0.8227139505992217,True,1.2324691907742866,FINITE,1.2324691907742866,True,True,1.0637162964046697e+20,1063716296.4046698
quality_score_soft_proxy_0_1,1.0,100.0,0.5,0.07402813960886498,0.1380994369756265,0.024995672605699903,False,0.8181620762443862,FINITE,0.8181620762443862,True,1.2403553041233712,FINITE,1.2403553041233712,True,True,1.091027542533683e+20,1091027542.5336828
quality_score_soft_proxy_0_1,1.0,100.0,0.5,0.07614322931197541,0.14204513517493011,0.025709834680148473,False,0.8136438850230897,FINITE,0.8136438850230897,True,1.2483091804716038,FINITE,1.2483091804716038,True,True,1.1181366898614618e+20,1118136689.8614616
quality_score_soft_proxy_0_1,1.0,100.0,0.5,0.07825831901508584,0.1459908333742337,0.026423996754597043,False,0.8091590650321433,FINITE,0.8091590650321433,True,1.2563315514122568,FINITE,1.2563315514122568,True,True,1.1450456098071401e+20,1145045609.80714
quality_score_soft_proxy_0_1,1.0,100.0,0.5,0.08037340871819626,0.1499365315735373,0.027138158829045606,False,0.8047073078345531,FINITE,0.8047073078345531,True,1.2644231580563794,FINITE,1.2644231580563794,True,True,1.1717561529926812e+20,1171756152.9926813
quality_score_soft_proxy_0_1,1.0,100.0,0.5,0.08248849842130669,0.15388222977284094,0.027852320903494175,False,0.8002883084145984,FINITE,0.8002883084145984,True,1.2725847511777766,FINITE,1.2725847511777766,True,True,1.1982701495124096e+20,1198270149.5124094
quality_score_soft_proxy_0_1,1.0,100.0,0.5,0.08460358812441712,0.15782792797214457,0.028566482977942745,False,0.7959017651335808,FINITE,0.7959017651335808,True,1.2808170913605257,FINITE,1.2808170913605257,True,True,1.2245894091985153e+20,1224589409.1985152
quality_score_soft_proxy_0_1,1.0,100.0,0.5,0.08671867782752755,0.16177362617144816,0.029280645052391318,False,0.7915473796862207,FINITE,0.7915473796862207,True,1.289120949149067,FINITE,1.289120949149067,True,True,1.250715721882676e+20,1250715721.882676
quality_score_soft_proxy_0_1,1.0,100.0,0.5,0.08883376753063799,0.1657193243707518,0.029994807126839888,False,0.787224857057701,FINITE,0.787224857057701,True,1.297497105200935,FINITE,1.297497105200935,True,True,1.2766508576537942e+20,1276650857.6537943
quality_score_soft_proxy_0_1,1.0,100.0,0.5,0.0909488572337484,0.1696650225700554,0.03070896920128845,False,0.7829339054813386,FINITE,0.7829339054813386,True,1.3059463504421722,FINITE,1.3059463504421722,True,True,1.3023965671119685e+20,1302396567.1119685
quality_score_soft_proxy_0_1,1.0,100.0,0.5,0.09306394693685884,0.17361072076935902,0.031423131275737023,False,0.7786742363968835,FINITE,0.7786742363968835,True,1.31446948622548,FINITE,1.31446948622548,True,True,1.327954581618699e+20,1327954581.618699
quality_score_soft_proxy_0_1,1.0,100.0,0.5,0.09517903663996927,0.17755641896866264,0.03213729335018559,False,0.7744455644094249,FINITE,0.7744455644094249,True,1.3230673244911637,FINITE,1.3230673244911637,True,True,1.3533266135434505e+20,1353326613.5434506
quality_score_soft_proxy_0_1,1.0,100.0,0.5,0.09729412634307968,0.18150211716796621,0.032851455424634156,False,0.7702476072488997,FINITE,0.7702476072488997,True,1.3317406879309273,FINITE,1.3317406879309273,True,True,1.3785143565066017e+20,1378514356.5066016
quality_score_soft_proxy_0_1,1.0,100.0,0.5,0.09940921604619012,0.18544781536726984,0.033565617499082726,False,0.7660800857301916,FINITE,0.7660800857301916,True,1.3404904101545716,FINITE,1.3404904101545716,True,True,1.4035194856188505e+20,1403519485.6188505
quality_score_soft_proxy_0_1,1.0,100.0,0.5,0.10152430574930055,0.18939351356657347,0.034279779573531295,False,0.7619427237138159,FINITE,0.7619427237138159,True,1.349317335859656,FINITE,1.349317335859656,True,True,1.4283436577171048e+20,1428343657.7171047
quality_score_soft_proxy_0_1,1.0,100.0,0.5,0.10363939545241098,0.1933392117658771,0.034993941647979865,False,0.757835248067172,FINITE,0.757835248067172,True,1.3582223210041846,FINITE,1.3582223210041846,True,True,1.4529885115969682e+20,1452988511.5969682
quality_score_soft_proxy_0_1,1.0,100.0,0.5,0.10575448515552141,0.19728490996518072,0.035708103722428435,False,0.7537573886263603,FINITE,0.7537573886263603,True,1.3672062329823775,FINITE,1.3672062329823775,True,True,1.4774556682418382e+20,1477455668.241838
quality_score_soft_proxy_0_1,10.0,100.0,0.5,0.0,0.0,0.0,False,10.0,FINITE,1.0,True,10.0,FINITE,1.0,False,True,0.0,0.0
quality_score_soft_proxy_0_1,10.0,100.0,0.5,0.002115089703110428,0.003945698199303614,0.0007141620744485687,False,9.871299922733566,FINITE,0.9871299922733566,True,10.13095851641752,FINITE,1.013095851641752,True,True,7.72200463598601e+19,772200463.5986011
quality_score_soft_proxy_0_1,10.0,100.0,0.5,0.004230179406220856,0.007891396398607227,0.0014283241488971374,False,9.744809667907925,FINITE,0.9744809667907924,True,10.264225380478807,FINITE,1.0264225380478806,True,True,1.5311419925524523e+20,1531141992.5524526
quality_score_soft_proxy_0_1,10.0,100.0,0.5,0.006345269109331284,0.011837094597910842,0.002142486223345706,False,9.620481871701923,FINITE,0.9620481871701922,True,10.399851832739571,FINITE,1.039985183273957,True,True,2.2771087697884624e+20,2277108769.7884626
quality_score_soft_proxy_0_1,10.0,100.0,0.5,0.008460358812441712,0.015782792797214455,0.0028566482977942747,False,9.498270385624313,FINITE,0.9498270385624312,True,10.537890487542729,FINITE,1.053789048754273,True,True,3.010377686254124e+20,3010377686.2541237
quality_score_soft_proxy_0_1,10.0,100.0,0.5,0.01057544851555214,0.01972849099651807,0.003570810372242843,False,9.378130240237082,FINITE,0.9378130240237083,True,10.678395376244511,FINITE,1.0678395376244512,True,True,3.7312185585775064e+20,3731218558.577506
quality_score_soft_proxy_0_1,10.0,100.0,0.5,0.012690538218662568,0.023674189195821684,0.004284972446691412,False,9.260017610112325,FINITE,0.9260017610112324,True,10.821421992003726,FINITE,1.0821421992003726,True,True,4.439894339326053e+20,4439894339.326053
quality_score_soft_proxy_0_1,10.0,100.0,0.5,0.014805627921772996,0.027619887395125296,0.004999134521139981,False,9.143889779975563,FINITE,0.9143889779975563,True,10.967027336198106,FINITE,1.0967027336198105,True,True,5.136661320146622e+20,5136661320.146623
quality_score_soft_proxy_0_1,10.0,100.0,0.5,0.016920717624883425,0.03156558559442891,0.0057132965955885495,False,9.029705111990616,FINITE,0.9029705111990616,True,11.115269966534512,FINITE,1.1115269966534513,True,True,5.821769328056305e+20,5821769328.056306
quality_score_soft_proxy_0_1,10.0,100.0,0.5,0.019035807327993853,0.03551128379373253,0.006427458670037118,False,8.917423014142686,FINITE,0.8917423014142687,True,11.266210046923057,FINITE,1.1266210046923057,True,True,6.495461915143881e+20,6495461915.143881
quality_score_soft_proxy_0_1,10.0,100.0,0.5,0.02115089703110428,0.03945698199303614,0.007141620744485686,False,8.807003909678434,FINITE,0.8807003909678434,True,11.41990939918814,FINITE,1.1419909399188142,True,True,7.157976541929397e+20,7157976541.929397
quality_score_soft_proxy_0_1,10.0,100.0,0.5,0.02326598673421471,0.043402680192339754,0.007855782818934256,False,8.69840920756348,FINITE,0.8698409207563479,True,11.57643155669309,FINITE,1.157643155669309,True,True,7.809544754619126e+20,7809544754.619125
quality_score_soft_proxy_0_1,10.0,100.0,0.5,0.025381076437325137,0.04734837839164337,0.008569944893382824,False,8.591601273919183,FINITE,0.8591601273919183,True,11.73584181995834,FINITE,1.173584181995834,True,True,8.450392356484902e+20,8450392356.484901
quality_score_soft_proxy_0_1,10.0,100.0,0.5,0.027496166140435565,0.05129407659094698,0.009284106967831393,False,8.486543404402441,FINITE,0.8486543404402441,True,11.898207314357139,FINITE,1.1898207314357139,True,True,9.080739573585352e+20,9080739573.585352
quality_score_soft_proxy_0_1,10.0,100.0,0.5,0.029611255843545993,0.05523977479025059,0.009998269042279961,False,8.383199797493559,FINITE,0.8383199797493559,True,12.063597049976522,FINITE,1.2063597049976522,True,False,9.700801215038648e+20,9700801215.038649
quality_score_soft_proxy_0_1,10.0,100.0,0.5,0.03172634554665642,0.059185472989554205,0.01071243111672853,False,8.281535528658715,FINITE,0.8281535528658714,True,12.23208198373535,FINITE,1.223208198373535,True,False,1.031078682804771e+21,10310786828.04771
quality_score_soft_proxy_0_1,10.0,100.0,0.5,0.03384143524976685,0.06313117118885782,0.011426593191177099,False,8.181516525354898,FINITE,0.8181516525354897,True,12.403735083855942,FINITE,1.2403735083855942,True,False,1.0910900847870614e+21,10910900847.870615
quality_score_soft_proxy_0_1,10.0,100.0,0.5,0.03595652495287728,0.06707686938816144,0.012140755265625669,False,8.083109542846504,FINITE,0.8083109542846504,True,12.57863139678994,FINITE,1.2578631396789939,True,False,1.1501342742920976e+21,11501342742.920975
quality_score_soft_proxy_0_1,10.0,100.0,0.5,0.038071614655987705,0.07102256758746506,0.012854917340074237,False,7.986282140804124,FINITE,0.7986282140804124,True,12.756848116704273,FINITE,1.2756848116704274,True,False,1.2082307155175256e+21,12082307155.175257
quality_score_soft_proxy_0_1,10.0,100.0,0.5,0.04018670435909813,0.07496826578676866,0.013569079414522803,False,7.891002660657028,FINITE,0.7891002660657028,True,12.938464657637908,FINITE,1.293846465763791,True,False,1.265398403605783e+21,12653984036.05783
quality_score_soft_proxy_0_1,10.0,100.0,0.5,0.04230179406220856,0.07891396398607228,0.014283241488971372,False,7.79724020367219,FINITE,0.779724020367219,True,13.123562728445592,FINITE,1.3123562728445592,True,False,1.3216558777966862e+21,13216558777.966862
quality_score_soft_proxy_0_1,10.0,100.0,0.5,0.04441688376531899,0.0828596621853759,0.014997403563419944,False,7.70496460973375,FINITE,0.770496460973375,True,13.312226410650387,FINITE,1.3312226410650387,True,False,1.37702123415975e+21,13770212341.5975
quality_score_soft_proxy_0_1,10.0,100.0,0.5,0.04653197346842942,0.08680536038467951,0.015711565637868512,False,7.614146436797753,FINITE,0.7614146436797753,True,13.50454223933264,FINITE,1.350454223933264,True,False,1.431512137921348e+21,14315121379.21348
quality_score_soft_proxy_0_1,10.0,100.0,0.5,0.04864706317153984,0.09075105858398311,0.016425727712317078,False,7.524756940998062,FINITE,0.7524756940998062,True,13.700599287189526,FINITE,1.3700599287189525,True,False,1.4851458354011628e+21,14851458354.01163
quality_score_soft_proxy_0_1,10.0,100.0,0.5,0.050762152874650274,0.09469675678328673,0.017139889786765648,False,7.436768057380395,FINITE,0.7436768057380395,True,13.900489251905709,FINITE,1.390048925190571,True,False,1.5379391655717626e+21,15379391655.717628
quality_score_soft_proxy_0_1,10.0,100.0,0.5,0.052877242577760705,0.09864245498259036,0.017854051861214217,False,7.3501523812421,FINITE,0.73501523812421,True,14.104306546982627,FINITE,1.4104306546982628,True,False,1.58990857125474e+21,15899085712.547401
quality_score_soft_proxy_0_1,10.0,100.0,0.5,0.05499233228087113,0.10258815318189396,0.018568213935662787,False,7.264883150056473,FINITE,0.7264883150056474,True,14.31214839618148,FINITE,1.4312148396181479,True,False,1.641070109966116e+21,16410701099.661161
quality_score_soft_proxy_0_1,10.0,100.0,0.5,0.057107421983981554,0.10653385138119757,0.019282376010111353,False,7.18093422596092,FINITE,0.718093422596092,True,14.52411493174252,FINITE,1.452411493174252,True,False,1.691439464423448e+21,16914394644.23448
quality_score_soft_proxy_0_1,10.0,100.0,0.5,0.059222511687091986,0.11047954958050119,0.019996538084559923,False,7.0982800787893545,FINITE,0.7098280078789354,True,14.74030929655155,FINITE,1.474030929655155,True,False,1.7410319527263873e+21,17410319527.263874
quality_score_soft_proxy_0_1,10.0,100.0,0.5,0.06133760139020242,0.11442524777980481,0.020710700159008492,False,7.0168957696298255,FINITE,0.7016895769629825,True,14.960837750433042,FINITE,1.4960837750433043,True,False,1.7898625382221045e+21,17898625382.22105
quality_score_soft_proxy_0_1,10.0,100.0,0.5,0.06345269109331284,0.11837094597910841,0.02142486223345706,False,6.936756934889142,FINITE,0.6936756934889142,True,15.185809780758644,FINITE,1.5185809780758643,True,False,1.8379458390665147e+21,18379458390.66515
quality_score_soft_proxy_0_1,10.0,100.0,0.5,0.06556778079642327,0.12231664417841202,0.02213902430790563,False,6.857839770846906,FINITE,0.6857839770846905,True,15.415338217569339,FINITE,1.5415338217569339,True,False,1.8852961374918565e+21,18852961374.918564
quality_score_soft_proxy_0_1,10.0,100.0,0.5,0.0676828704995337,0.12626234237771564,0.022853186382354198,False,6.780121018682227,FINITE,0.6780121018682227,True,15.64953935341949,FINITE,1.564953935341949,True,False,1.931927388790664e+21,19319273887.90664
quality_score_soft_proxy_0_1,10.0,100.0,0.5,0.06979796020264413,0.13020804057701926,0.023567348456802768,False,6.703577949956745,FINITE,0.6703577949956745,True,15.88853306816231,FINITE,1.588853306816231,True,False,1.9778532300259527e+21,19778532300.25953
quality_score_soft_proxy_0_1,10.0,100.0,0.5,0.07191304990575456,0.1341537387763229,0.024281510531251337,False,6.6281883525384755,FINITE,0.6628188352538475,True,16.132442958907088,FINITE,1.6132442958907087,True,False,2.0230869884769146e+21,20230869884.76915
quality_score_soft_proxy_0_1,10.0,100.0,0.5,0.07402813960886498,0.1380994369756265,0.024995672605699903,False,6.553930516951384,FINITE,0.6553930516951384,True,16.381396475390886,FINITE,1.6381396475390886,True,False,2.0676416898291694e+21,20676416898.291695
quality_score_soft_proxy_0_1,10.0,100.0,0.5,0.07614322931197541,0.14204513517493011,0.025709834680148473,False,6.480783223136335,FINITE,0.6480783223136335,True,16.635525061019997,FINITE,1.6635525061019998,True,False,2.1115300661181992e+21,21115300661.18199
quality_score_soft_proxy_0_1,10.0,100.0,0.5,0.07825831901508584,0.1459908333742337,0.026423996754597043,False,6.408725727609387,FINITE,0.6408725727609388,True,16.894964299849956,FINITE,1.6894964299849957,True,False,2.1547645634343676e+21,21547645634.343674
quality_score_soft_proxy_0_1,10.0,100.0,0.5,0.08037340871819626,0.1499365315735373,0.027138158829045606,False,6.337737751004212,FINITE,0.6337737751004212,True,17.159854069787215,FINITE,1.7159854069787215,True,False,2.1973573493974727e+21,21973573493.974728
quality_score_soft_proxy_0_1,10.0,100.0,0.5,0.08248849842130669,0.15388222977284094,0.027852320903494175,False,6.267799465985588,FINITE,0.6267799465985588,True,17.430338702310387,FINITE,1.7430338702310386,True,False,2.239320320408647e+21,22393203204.08647
quality_score_soft_proxy_0_1,10.0,100.0,0.5,0.08460358812441712,0.15782792797214457,0.028566482977942745,False,6.198891485521706,FINITE,0.6198891485521706,True,17.70656714902539,FINITE,1.770656714902539,True,False,2.2806651086869766e+21,22806651086.869762
quality_score_soft_proxy_0_1,10.0,100.0,0.5,0.08671867782752755,0.16177362617144816,0.029280645052391318,False,6.1309948515032495,FINITE,0.613099485150325,True,17.98869315538528,FINITE,1.798869315538528,True,False,2.3214030890980504e+21,23214030890.980503
quality_score_soft_proxy_0_1,10.0,100.0,0.5,0.08883376753063799,0.1657193243707518,0.029994807126839888,False,6.064091023697775,FINITE,0.6064091023697775,True,18.27687544192379,FINITE,1.8276875441923788,True,False,2.361545385781335e+21,23615453857.81335
quality_score_soft_proxy_0_1,10.0,100.0,0.5,0.0909488572337484,0.1696650225700554,0.03070896920128845,False,5.998161869028346,FINITE,0.5998161869028346,True,18.571277893370382,FINITE,1.8571277893370381,True,False,2.4011028785829925e+21,24011028785.829926
quality_score_soft_proxy_0_1,10.0,100.0,0.5,0.09306394693685884,0.17361072076935902,0.031423131275737023,False,5.933189651165686,FINITE,0.5933189651165687,True,18.872069756034932,FINITE,1.8872069756034933,True,False,2.440086209300588e+21,24400862093.005882
quality_score_soft_proxy_0_1,10.0,100.0,0.5,0.09517903663996927,0.17755641896866264,0.03213729335018559,False,5.869157020423568,FINITE,0.5869157020423568,True,19.179425843871527,FINITE,1.9179425843871527,True,False,2.478505787745859e+21,24785057877.45859
quality_score_soft_proxy_0_1,10.0,100.0,0.5,0.09729412634307968,0.18150211716796621,0.032851455424634156,False,5.8060470039476195,FINITE,0.580604700394762,True,19.493526753653153,FINITE,1.9493526753653154,True,False,2.5163717976314285e+21,25163717976.31428
quality_score_soft_proxy_0_1,10.0,100.0,0.5,0.09940921604619012,0.18544781536726984,0.033565617499082726,False,5.743842996187853,FINITE,0.5743842996187853,True,19.814559089713676,FINITE,1.9814559089713675,True,False,2.553694202287288e+21,25536942022.872883
quality_score_soft_proxy_0_1,10.0,100.0,0.5,0.10152430574930055,0.18939351356657347,0.034279779573531295,False,5.682528749645822,FINITE,0.5682528749645822,True,20.142715698738677,FINITE,2.0142715698738676,True,False,2.590482750212507e+21,25904827502.125065
quality_score_soft_proxy_0_1,10.0,100.0,0.5,0.10363939545241098,0.1933392117658771,0.034993941647979865,False,5.622088365887445,FINITE,0.5622088365887445,True,20.478195915113773,FINITE,2.0478195915113773,True,False,2.626746980467533e+21,26267469804.67533
quality_score_soft_proxy_0_1,10.0,100.0,0.5,0.10575448515552141,0.19728490996518072,0.035708103722428435,False,5.562506286813032,FINITE,0.5562506286813031,True,20.821205817368067,FINITE,2.082120581736807,True,False,2.662496227912181e+21,26624962279.12181
quality_score_soft_proxy_0_1,0.1,100.0,1.0,0.0,0.0,0.0,False,0.1,FINITE,1.0,True,0.1,FINITE,1.0,False,True,0.0,0.0
quality_score_soft_proxy_0_1,0.1,100.0,1.0,0.002115089703110428,0.003945698199303614,0.0014283241488971374,False,0.09945943814744831,FINITE,0.9945943814744831,True,0.10054450592582086,FINITE,1.0054450592582085,True,True,3.243371115310145e+17,3243371.115310145
quality_score_soft_proxy_0_1,0.1,100.0,1.0,0.004230179406220856,0.007891396398607227,0.0028566482977942747,False,0.0989227846170451,FINITE,0.9892278461704509,True,0.10109299206997391,FINITE,1.010929920699739,True,True,6.463292297729462e+17,6463292.297729461
quality_score_soft_proxy_0_1,0.1,100.0,1.0,0.006345269109331284,0.011837094597910842,0.004284972446691412,False,0.0983900040466048,FINITE,0.9839000404660481,True,0.10164549497654506,FINITE,1.0164549497654505,True,True,9.659975720371195e+17,9659975.720371194
quality_score_soft_proxy_0_1,0.1,100.0,1.0,0.008460358812441712,0.015782792797214455,0.0057132965955885495,False,0.09786106145794292,FINITE,0.9786106145794291,True,0.10220205159379961,FINITE,1.022020515937996,True,True,1.2833631252342518e+18,12833631.25234252
quality_score_soft_proxy_0_1,0.1,100.0,1.0,0.01057544851555214,0.01972849099651807,0.007141620744485686,False,0.09733592225201253,FINITE,0.9733592225201252,True,0.10276269927941421,FINITE,1.0276269927941422,True,True,1.598446648792487e+18,15984466.48792487
quality_score_soft_proxy_0_1,0.1,100.0,1.0,0.012690538218662568,0.023674189195821684,0.008569944893382824,False,0.09681455220411274,FINITE,0.9681455220411274,True,0.10332747580578684,FINITE,1.0332747580578683,True,True,1.9112686775323602e+18,19112686.7753236
quality_score_soft_proxy_0_1,0.1,100.0,1.0,0.014805627921772996,0.027619887395125296,0.009998269042279961,False,0.09629691745916448,FINITE,0.9629691745916448,True,0.10389641936542615,FINITE,1.0389641936542615,True,True,2.2218495245013153e+18,22218495.245013155
quality_score_soft_proxy_0_1,0.1,100.0,1.0,0.016920717624883425,0.03156558559442891,0.011426593191177099,False,0.09578298452705576,FINITE,0.9578298452705576,True,0.1044695685764203,FINITE,1.044695685764203,True,True,2.5302092837665464e+18,25302092.837665465
quality_score_soft_proxy_0_1,0.1,100.0,1.0,0.019035807327993853,0.03551128379373253,0.012854917340074237,False,0.09527272027805299,FINITE,0.9527272027805298,True,0.10504696248798788,FINITE,1.0504696248798788,True,True,2.83636783316821e+18,28363678.3316821
quality_score_soft_proxy_0_1,0.1,100.0,1.0,0.02115089703110428,0.03945698199303614,0.014283241488971372,False,0.09476609193827877,FINITE,0.9476609193827876,True,0.10562864058611181,FINITE,1.056286405861118,True,True,3.140344837032741e+18,31403448.37032741
quality_score_soft_proxy_0_1,0.1,100.0,1.0,0.02326598673421471,0.043402680192339754,0.015711565637868512,False,0.09426306708525424,FINITE,0.9426306708525424,True,0.1062146427992572,FINITE,1.0621464279925719,True,True,3.4421597488474593e+18,34421597.48847459
quality_score_soft_proxy_0_1,0.1,100.0,1.0,0.025381076437325137,0.04734837839164337,0.017139889786765648,False,0.09376361364350494,FINITE,0.9376361364350494,True,0.10680500950417612,FINITE,1.068050095041761,True,True,3.74183181389704e+18,37418318.1389704
quality_score_soft_proxy_0_1,0.1,100.0,1.0,0.027496166140435565,0.05129407659094698,0.018568213935662787,False,0.09326769988023006,FINITE,0.9326769988023006,True,0.10739978153179781,FINITE,1.073997815317978,True,True,4.039380071861965e+18,40393800.718619645
quality_score_soft_proxy_0_1,0.1,100.0,1.0,0.029611255843545993,0.05523977479025059,0.019996538084559923,False,0.0927752944010329,FINITE,0.9277529440103289,True,0.10799900017320946,FINITE,1.0799900017320945,True,True,4.334823359380266e+18,43348233.59380266
quality_score_soft_proxy_0_1,0.1,100.0,1.0,0.03172634554665642,0.059185472989554205,0.02142486223345706,False,0.09228636614571196,FINITE,0.9228636614571196,True,0.10860270718572622,FINITE,1.0860270718572622,True,True,4.628180312572824e+18,46281803.12572824
quality_score_soft_proxy_0_1,0.1,100.0,1.0,0.03384143524976685,0.06313117118885782,0.022853186382354198,False,0.09180088438411263,FINITE,0.9180088438411262,True,0.10921094479905306,FINITE,1.0921094479905307,True,True,4.919469369532425e+18,49194693.69532426
quality_score_soft_proxy_0_1,0.1,100.0,1.0,0.03595652495287728,0.06707686938816144,0.024281510531251337,False,0.09131881871203656,FINITE,0.9131881871203656,True,0.10982375572154071,FINITE,1.098237557215407,True,True,5.208708772778064e+18,52087087.72778065
quality_score_soft_proxy_0_1,0.1,100.0,1.0,0.038071614655987705,0.07102256758746506,0.025709834680148473,False,0.09084013904721003,FINITE,0.9084013904721002,True,0.11044118314653519,FINITE,1.1044118314653517,True,True,5.495916571673987e+18,54959165.71673986
quality_score_soft_proxy_0_1,0.1,100.0,1.0,0.04018670435909813,0.07496826578676866,0.027138158829045606,False,0.09036481562530811,FINITE,0.903648156253081,True,0.11106327075882556,FINITE,1.1106327075882556,True,True,5.781110624815137e+18,57811106.24815136
quality_score_soft_proxy_0_1,0.1,100.0,1.0,0.04230179406220856,0.07891396398607228,0.028566482977942745,False,0.08989281899603617,FINITE,0.8989281899603616,True,0.11169006274118852,FINITE,1.1169006274118851,True,True,6.064308602378301e+18,60643086.02378301
quality_score_soft_proxy_0_1,0.1,100.0,1.0,0.04441688376531899,0.0828596621853759,0.029994807126839888,False,0.08942412001926556,FINITE,0.8942412001926555,True,0.11232160378103363,FINITE,1.1232160378103362,True,True,6.345527988440668e+18,63455279.88440669
quality_score_soft_proxy_0_1,0.1,100.0,1.0,0.04653197346842942,0.08680536038467951,0.031423131275737023,False,0.08895868986122399,FINITE,0.8895868986122398,True,0.11295793907715007,FINITE,1.1295793907715006,True,True,6.62478608326561e+18,66247860.8326561
quality_score_soft_proxy_0_1,0.1,100.0,1.0,0.04864706317153984,0.09075105858398311,0.032851455424634156,False,0.08849649999073919,FINITE,0.8849649999073919,True,0.11359911434655673,FINITE,1.1359911434655672,True,True,6.902100005556488e+18,69021000.05556488
quality_score_soft_proxy_0_1,0.1,100.0,1.0,0.050762152874650274,0.09469675678328673,0.034279779573531295,False,0.08803752217553557,FINITE,0.8803752217553557,True,0.11424517583145748,FINITE,1.1424517583145748,True,True,7.177486694678664e+18,71774866.94678664
quality_score_soft_proxy_0_1,0.1,100.0,1.0,0.052877242577760705,0.09864245498259036,0.035708103722428435,False,0.087581728478582,FINITE,0.87581728478582,True,0.11489617030630328,FINITE,1.1489617030630328,True,True,7.4509629128508e+18,74509629.128508
quality_score_soft_proxy_0_1,0.1,100.0,1.0,0.05499233228087113,0.10258815318189396,0.037136427871325574,False,0.08712909125449121,FINITE,0.8712909125449121,True,0.11555214508496382,FINITE,1.155521450849638,True,True,7.722545247305276e+18,77225452.47305277
quality_score_soft_proxy_0_1,0.1,100.0,1.0,0.057107421983981554,0.10653385138119757,0.038564752020222706,False,0.08667958314596867,FINITE,0.8667958314596866,True,0.11621314802800897,FINITE,1.1621314802800897,True,True,7.9922501124188e+18,79922501.124188
quality_score_soft_proxy_0_1,0.1,100.0,1.0,0.059222511687091986,0.11047954958050119,0.039993076169119846,False,0.08623317708031165,FINITE,0.8623317708031165,True,0.11687922755010331,FINITE,1.1687922755010332,True,True,8.260093751813011e+18,82600937.51813011
quality_score_soft_proxy_0_1,0.1,100.0,1.0,0.06133760139020242,0.11442524777980481,0.041421400318016985,False,0.0857898462659561,FINITE,0.8578984626595609,True,0.11755043262751586,FINITE,1.1755043262751586,True,True,8.526092240426348e+18,85260922.40426347
quality_score_soft_proxy_0_1,0.1,100.0,1.0,0.06345269109331284,0.11837094597910841,0.04284972446691412,False,0.08534956418907179,FINITE,0.8534956418907178,True,0.1182268128057454,FINITE,1.1822681280574538,True,True,8.790261486556931e+18,87902614.8655693
quality_score_soft_proxy_0_1,0.1,100.0,1.0,0.06556778079642327,0.12231664417841202,0.04427804861581126,False,0.08491230461020455,FINITE,0.8491230461020455,True,0.11890841820726543,FINITE,1.1890841820726543,True,True,9.052617233877275e+18,90526172.33877274
quality_score_soft_proxy_0_1,0.1,100.0,1.0,0.0676828704995337,0.12626234237771564,0.045706372764708396,False,0.08447804156096468,FINITE,0.8447804156096468,True,0.11959529953938967,FINITE,1.1959529953938968,True,True,9.313175063421194e+18,93131750.63421194
quality_score_soft_proxy_0_1,0.1,100.0,1.0,0.06979796020264413,0.13020804057701926,0.047134696913605535,False,0.08404674934076109,FINITE,0.8404674934076108,True,0.12028750810225983,FINITE,1.202875081022598,True,True,9.57195039554335e+18,95719503.95543349
quality_score_soft_proxy_0_1,0.1,100.0,1.0,0.07191304990575456,0.1341537387763229,0.048563021062502675,False,0.08361840251358066,FINITE,0.8361840251358066,True,0.12098509579695915,FINITE,1.2098509579695915,True,True,9.828958491851608e+18,98289584.91851608
quality_score_soft_proxy_0_1,0.1,100.0,1.0,0.07402813960886498,0.1380994369756265,0.04999134521139981,False,0.08319297590481119,FINITE,0.8319297590481118,True,0.12168811513375369,FINITE,1.2168811513375368,True,True,1.008421445711329e+19,100842144.57113291
quality_score_soft_proxy_0_1,0.1,100.0,1.0,0.07614322931197541,0.14204513517493011,0.051419669360296946,False,0.08277044459810864,FINITE,0.8277044459810864,True,0.12239661924046157,FINITE,1.2239661924046157,True,True,1.0337733241134817e+19,103377332.41134816
quality_score_soft_proxy_0_1,0.1,100.0,1.0,0.07825831901508584,0.1459908333742337,0.052847993509194086,False,0.0823507839323068,FINITE,0.8235078393230679,True,0.12311066187095546,FINITE,1.2311066187095545,True,True,1.0589529640615926e+19,105895296.40615925
quality_score_soft_proxy_0_1,0.1,100.0,1.0,0.08037340871819626,0.1499365315735373,0.05427631765809121,False,0.08193396949836926,FINITE,0.8193396949836925,True,0.12383029741379872,FINITE,1.2383029741379872,True,True,1.0839618300978448e+19,108396183.00978449
quality_score_soft_proxy_0_1,0.1,100.0,1.0,0.08248849842130669,0.15388222977284094,0.05570464180698835,False,0.081519977136383,FINITE,0.8151997713638299,True,0.12455558090101845,FINITE,1.2455558090101844,True,True,1.1088013718170206e+19,110880137.18170206
quality_score_soft_proxy_0_1,0.1,100.0,1.0,0.08460358812441712,0.15782792797214457,0.05713296595588549,False,0.0811087829325931,FINITE,0.811087829325931,True,0.1252865680170167,FINITE,1.252865680170167,True,True,1.1334730240444142e+19,113347302.4044414
quality_score_soft_proxy_0_1,0.1,100.0,1.0,0.08671867782752755,0.16177362617144816,0.058561290104782636,False,0.08070036321647744,FINITE,0.8070036321647744,True,0.12602331510762416,FINITE,1.2602331510762415,True,True,1.1579782070113536e+19,115797820.70113537
quality_score_soft_proxy_0_1,0.1,100.0,1.0,0.08883376753063799,0.1657193243707518,0.059989614253679775,False,0.08029469455786134,FINITE,0.8029469455786133,True,0.12676587918929724,FINITE,1.2676587918929723,True,True,1.18231832652832e+19,118231832.65283199
quality_score_soft_proxy_0_1,0.1,100.0,1.0,0.0909488572337484,0.1696650225700554,0.0614179384025769,False,0.07989175376407112,FINITE,0.7989175376407112,True,0.12751431795846208,FINITE,1.2751431795846206,True,True,1.206494774155733e+19,120649477.4155733
quality_score_soft_proxy_0_1,0.1,100.0,1.0,0.09306394693685884,0.17361072076935902,0.06284626255147405,False,0.07949151787712638,FINITE,0.7949151787712638,True,0.1282686898010076,FINITE,1.282686898010076,True,True,1.2305089273724172e+19,123050892.73724173
quality_score_soft_proxy_0_1,0.1,100.0,1.0,0.09517903663996927,0.17755641896866264,0.06427458670037119,False,0.07909396417096996,FINITE,0.7909396417096995,True,0.1290290538019307,FINITE,1.2902905380193068,True,True,1.2543621497418025e+19,125436214.97418025
quality_score_soft_proxy_0_1,0.1,100.0,1.0,0.09729412634307968,0.18150211716796621,0.06570291084926831,False,0.0786990701487355,FINITE,0.7869907014873551,True,0.12979546975513576,FINITE,1.2979546975513574,True,True,1.2780557910758701e+19,127805579.107587
quality_score_soft_proxy_0_1,0.1,100.0,1.0,0.09940921604619012,0.18544781536726984,0.06713123499816545,False,0.07830681354005131,FINITE,0.7830681354005131,True,0.13056799817339224,FINITE,1.3056799817339222,True,True,1.3015911875969217e+19,130159118.75969216
quality_score_soft_proxy_0_1,0.1,100.0,1.0,0.10152430574930055,0.18939351356657347,0.06855955914706259,False,0.07791717229838102,FINITE,0.7791717229838102,True,0.13134670029845175,FINITE,1.3134670029845175,True,True,1.324969662097139e+19,132496966.2097139
quality_score_soft_proxy_0_1,0.1,100.0,1.0,0.10363939545241098,0.1933392117658771,0.06998788329595973,False,0.07753012459839968,FINITE,0.7753012459839967,True,0.13213163811132939,FINITE,1.3213163811132937,True,True,1.3481925240960195e+19,134819252.40960193
quality_score_soft_proxy_0_1,0.1,100.0,1.0,0.10575448515552141,0.19728490996518072,0.07141620744485687,False,0.07714564883340475,FINITE,0.7714564883340475,True,0.1329228743427502,FINITE,1.329228743427502,True,True,1.3712610699957158e+19,137126106.99957156
quality_score_soft_proxy_0_1,1.0,100.0,1.0,0.0,0.0,0.0,False,1.0,FINITE,1.0,True,1.0,FINITE,1.0,False,True,0.0,0.0
quality_score_soft_proxy_0_1,1.0,100.0,1.0,0.002115089703110428,0.003945698199303614,0.0014283241488971374,False,0.988225175979206,FINITE,0.988225175979206,True,1.0119635848267292,FINITE,1.0119635848267292,True,True,7.064894412476397e+18,70648944.12476397
quality_score_soft_proxy_0_1,1.0,100.0,1.0,0.004230179406220856,0.007891396398607227,0.0028566482977942747,False,0.9766353937651544,FINITE,0.9766353937651544,True,1.0241197396967483,FINITE,1.0241197396967483,True,True,1.4018763740907358e+19,140187637.4090736
quality_score_soft_proxy_0_1,1.0,100.0,1.0,0.006345269109331284,0.011837094597910842,0.004284972446691412,False,0.9652270221092641,FINITE,0.9652270221092641,True,1.0364723666541322,FINITE,1.0364723666541322,True,True,2.0863786734441513e+19,208637867.34441513
quality_score_soft_proxy_0_1,1.0,100.0,1.0,0.008460358812441712,0.015782792797214455,0.0057132965955885495,False,0.9539965151041608,FINITE,0.9539965151041608,True,1.0490254632022158,FINITE,1.0490254632022158,True,True,2.76020909375035e+19,276020909.375035
quality_score_soft_proxy_0_1,1.0,100.0,1.0,0.01057544851555214,0.01972849099651807,0.007141620744485686,False,0.9429404098496557,FINITE,0.9429404098496557,True,1.0617831250432361,FINITE,1.0617831250432361,True,True,3.4235754090206605e+19,342357540.90206605
quality_score_soft_proxy_0_1,1.0,100.0,1.0,0.012690538218662568,0.023674189195821684,0.008569944893382824,False,0.9320553241914702,FINITE,0.9320553241914702,True,1.0747495489082934,FINITE,1.0747495489082934,True,True,4.076680548511788e+19,407668054.8511788
quality_score_soft_proxy_0_1,1.0,100.0,1.0,0.014805627921772996,0.027619887395125296,0.009998269042279961,False,0.9213379545301579,FINITE,0.9213379545301579,True,1.0879290354810154,FINITE,1.0879290354810154,True,True,4.719722728190527e+19,471972272.81905276
quality_score_soft_proxy_0_1,1.0,100.0,1.0,0.016920717624883425,0.03156558559442891,0.011426593191177099,False,0.9107850736977868,FINITE,0.9107850736977868,True,1.1013259924184104,FINITE,1.1013259924184104,True,True,5.3528955781327905e+19,535289557.81327903
quality_score_soft_proxy_0_1,1.0,100.0,1.0,0.019035807327993853,0.03551128379373253,0.012854917340074237,False,0.9003935289000269,FINITE,0.9003935289000269,True,1.1149449374725868,FINITE,1.1149449374725868,True,True,5.976388265998387e+19,597638826.5998387
quality_score_soft_proxy_0_1,1.0,100.0,1.0,0.02115089703110428,0.03945698199303614,0.014283241488971372,False,0.8901602397213791,FINITE,0.8901602397213791,True,1.1287905017171298,FINITE,1.1287905017171298,True,True,6.590385616717252e+19,659038561.6717252
quality_score_soft_proxy_0_1,1.0,100.0,1.0,0.02326598673421471,0.043402680192339754,0.015711565637868512,False,0.8800821961913864,FINITE,0.8800821961913864,True,1.142867432882105,FINITE,1.142867432882105,True,True,7.195068228516817e+19,719506822.8516817
quality_score_soft_proxy_0_1,1.0,100.0,1.0,0.025381076437325137,0.04734837839164337,0.017139889786765648,False,0.8701564569097198,FINITE,0.8701564569097198,True,1.1571805988018327,FINITE,1.1571805988018327,True,True,7.790612585416814e+19,779061258.5416814
quality_score_soft_proxy_0_1,1.0,100.0,1.0,0.027496166140435565,0.05129407659094698,0.018568213935662787,False,0.8603801472281414,FINITE,0.8603801472281414,True,1.171734990979735,FINITE,1.171734990979735,True,True,8.377191166311517e+19,837719116.6311517
quality_score_soft_proxy_0_1,1.0,100.0,1.0,0.029611255843545993,0.05523977479025059,0.019996538084559923,False,0.8507504574874002,FINITE,0.8507504574874002,True,1.1865357282747582,FINITE,1.1865357282747582,True,True,8.954972550755988e+19,895497255.0755988
quality_score_soft_proxy_0_1,1.0,100.0,1.0,0.03172634554665642,0.059185472989554205,0.02142486223345706,False,0.8412646413072083,FINITE,0.8412646413072083,True,1.2015880607140503,FINITE,1.2015880607140503,True,True,9.524121521567498e+19,952412152.1567498
quality_score_soft_proxy_0_1,1.0,100.0,1.0,0.03384143524976685,0.06313117118885782,0.022853186382354198,False,0.8319200139274957,FINITE,0.8319200139274957,True,1.216897373436793,FINITE,1.216897373436793,True,True,1.0084799164350258e+20,1008479916.4350258
quality_score_soft_proxy_0_1,1.0,100.0,1.0,0.03595652495287728,0.06707686938816144,0.024281510531251337,False,0.8227139505992217,FINITE,0.8227139505992217,True,1.2324691907742866,FINITE,1.2324691907742866,True,True,1.0637162964046697e+20,1063716296.4046698
quality_score_soft_proxy_0_1,1.0,100.0,1.0,0.038071614655987705,0.07102256758746506,0.025709834680148473,False,0.8136438850230897,FINITE,0.8136438850230897,True,1.2483091804716038,FINITE,1.2483091804716038,True,True,1.1181366898614618e+20,1118136689.8614616
quality_score_soft_proxy_0_1,1.0,100.0,1.0,0.04018670435909813,0.07496826578676866,0.027138158829045606,False,0.8047073078345531,FINITE,0.8047073078345531,True,1.2644231580563794,FINITE,1.2644231580563794,True,True,1.1717561529926812e+20,1171756152.9926813
quality_score_soft_proxy_0_1,1.0,100.0,1.0,0.04230179406220856,0.07891396398607228,0.028566482977942745,False,0.7959017651335808,FINITE,0.7959017651335808,True,1.2808170913605257,FINITE,1.2808170913605257,True,True,1.2245894091985153e+20,1224589409.1985152
quality_score_soft_proxy_0_1,1.0,100.0,1.0,0.04441688376531899,0.0828596621853759,0.029994807126839888,False,0.787224857057701,FINITE,0.787224857057701,True,1.297497105200935,FINITE,1.297497105200935,True,True,1.2766508576537942e+20,1276650857.6537943
quality_score_soft_proxy_0_1,1.0,100.0,1.0,0.04653197346842942,0.08680536038467951,0.031423131275737023,False,0.7786742363968835,FINITE,0.7786742363968835,True,1.31446948622548,FINITE,1.31446948622548,True,True,1.327954581618699e+20,1327954581.618699
quality_score_soft_proxy_0_1,1.0,100.0,1.0,0.04864706317153984,0.09075105858398311,0.032851455424634156,False,0.7702476072488997,FINITE,0.7702476072488997,True,1.3317406879309273,FINITE,1.3317406879309273,True,True,1.3785143565066017e+20,1378514356.5066016
quality_score_soft_proxy_0_1,1.0,100.0,1.0,0.050762152874650274,0.09469675678328673,0.034279779573531295,False,0.7619427237138159,FINITE,0.7619427237138159,True,1.349317335859656,FINITE,1.349317335859656,True,True,1.4283436577171048e+20,1428343657.7171047
quality_score_soft_proxy_0_1,1.0,100.0,1.0,0.052877242577760705,0.09864245498259036,0.035708103722428435,False,0.7537573886263603,FINITE,0.7537573886263603,True,1.3672062329823775,FINITE,1.3672062329823775,True,True,1.4774556682418382e+20,1477455668.241838
quality_score_soft_proxy_0_1,1.0,100.0,1.0,0.05499233228087113,0.10258815318189396,0.037136427871325574,False,0.7456894523249155,FINITE,0.7456894523249155,True,1.3854143652744073,FINITE,1.3854143652744073,True,True,1.5258632860505073e+20,1525863286.0505073
quality_score_soft_proxy_0_1,1.0,100.0,1.0,0.057107421983981554,0.10653385138119757,0.038564752020222706,False,0.7377368114559595,FINITE,0.7377368114559595,True,1.4039489074933371,FINITE,1.4039489074933371,True,True,1.573579131264243e+20,1573579131.2642431
quality_score_soft_proxy_0_1,1.0,100.0,1.0,0.059222511687091986,0.11047954958050119,0.039993076169119846,False,0.7298974078128041,FINITE,0.7298974078128041,True,1.4228172291663583,FINITE,1.4228172291663583,True,True,1.6206155531231756e+20,1620615553.1231754
quality_score_soft_proxy_0_1,1.0,100.0,1.0,0.06133760139020242,0.11442524777980481,0.041421400318016985,False,0.7221692272075332,FINITE,0.7221692272075332,True,1.4420269007958142,FINITE,1.4420269007958142,True,True,1.666984636754801e+20,1666984636.7548008
quality_score_soft_proxy_0_1,1.0,100.0,1.0,0.06345269109331284,0.11837094597910841,0.04284972446691412,False,0.7145502983750683,FINITE,0.7145502983750683,True,1.4615857002920052,FINITE,1.4615857002920052,True,True,1.71269820974959e+20,1712698209.74959
quality_score_soft_proxy_0_1,1.0,100.0,1.0,0.06556778079642327,0.12231664417841202,0.04427804861581126,False,0.7070386919083398,FINITE,0.7070386919083398,True,1.481501619642647,FINITE,1.481501619642647,True,True,1.7577678485499612e+20,1757767848.5499613
quality_score_soft_proxy_0_1,1.0,100.0,1.0,0.0676828704995337,0.12626234237771564,0.045706372764708396,False,0.6996325192235748,FINITE,0.6996325192235748,True,1.501782871828823,FINITE,1.501782871828823,True,True,1.8022048846585512e+20,1802204884.658551
quality_score_soft_proxy_0_1,1.0,100.0,1.0,0.06979796020264413,0.13020804057701926,0.047134696913605535,False,0.6923299315547408,FINITE,0.6923299315547408,True,1.5224378979977515,FINITE,1.5224378979977515,True,True,1.8460204106715555e+20,1846020410.6715555
quality_score_soft_proxy_0_1,1.0,100.0,1.0,0.07191304990575456,0.1341537387763229,0.048563021062502675,False,0.6851291189762252,FINITE,0.6851291189762252,True,1.5434753749031451,FINITE,1.5434753749031451,True,True,1.8892252861426486e+20,1889225286.142649
quality_score_soft_proxy_0_1,1.0,100.0,1.0,0.07402813960886498,0.1380994369756265,0.04999134521139981,False,0.6780283094528677,FINITE,0.6780283094528677,True,1.5649042226244643,FINITE,1.5649042226244643,True,True,1.9318301432827937e+20,1931830143.2827935
quality_score_soft_proxy_0_1,1.0,100.0,1.0,0.07614322931197541,0.14204513517493011,0.051419669360296946,False,0.6710257679164732,FINITE,0.6710257679164732,True,1.5867336125768716,FINITE,1.5867336125768716,True,True,1.973845392501161e+20,1973845392.5011609
quality_score_soft_proxy_0_1,1.0,100.0,1.0,0.07825831901508584,0.1459908333742337,0.052847993509194086,False,0.6641197953679923,FINITE,0.6641197953679923,True,1.6089729758243025,FINITE,1.6089729758243025,True,True,2.0152812277920465e+20,2015281227.7920465
quality_score_soft_proxy_0_1,1.0,100.0,1.0,0.08037340871819626,0.1499365315735373,0.05427631765809121,False,0.6573087280045554,FINITE,0.6573087280045554,True,1.6316320117085992,FINITE,1.6316320117085992,True,True,2.0561476319726676e+20,2056147631.9726672
quality_score_soft_proxy_0_1,1.0,100.0,1.0,0.08248849842130669,0.15388222977284094,0.05570464180698835,False,0.6505909363705994,FINITE,0.6505909363705994,True,1.6547206968083228,FINITE,1.6547206968083228,True,True,2.0964543817764035e+20,2096454381.776404
quality_score_soft_proxy_0_1,1.0,100.0,1.0,0.08460358812441712,0.15782792797214457,0.05713296595588549,False,0.6439648245323331,FINITE,0.6439648245323331,True,1.6782492942414824,FINITE,1.6782492942414824,True,True,2.1362110528060018e+20,2136211052.8060017
quality_score_soft_proxy_0_1,1.0,100.0,1.0,0.08671867782752755,0.16177362617144816,0.058561290104782636,False,0.6374288292748256,FINITE,0.6374288292748256,True,1.7022283633271236,FINITE,1.7022283633271236,True,True,2.1754270243510465e+20,2175427024.3510466
quality_score_soft_proxy_0_1,1.0,100.0,1.0,0.08883376753063799,0.1657193243707518,0.059989614253679775,False,0.6309814193210191,FINITE,0.6309814193210191,True,1.7266687696214442,FINITE,1.7266687696214442,True,True,2.214111484073885e+20,2214111484.073885
quality_score_soft_proxy_0_1,1.0,100.0,1.0,0.0909488572337484,0.1696650225700554,0.0614179384025769,False,0.6246210945720003,FINITE,0.6246210945720003,True,1.751581695344843,FINITE,1.751581695344843,True,True,2.252273432567998e+20,2252273432.567998
quality_score_soft_proxy_0_1,1.0,100.0,1.0,0.09306394693685884,0.17361072076935902,0.06284626255147405,False,0.6183463853678716,FINITE,0.6183463853678716,True,1.7769786502171616,FINITE,1.7769786502171616,True,True,2.2899216877927704e+20,2289921687.792771
quality_score_soft_proxy_0_1,1.0,100.0,1.0,0.09517903663996927,0.17755641896866264,0.06427458670037119,False,0.6121558517686035,FINITE,0.6121558517686035,True,1.8028714827191743,FINITE,1.8028714827191743,True,True,2.3270648893883787e+20,2327064889.388379
quality_score_soft_proxy_0_1,1.0,100.0,1.0,0.09729412634307968,0.18150211716796621,0.06570291084926831,False,0.6060480828542602,FINITE,0.6060480828542602,True,1.8292723917993128,FINITE,1.8292723917993128,True,True,2.363711502874439e+20,2363711502.8744392
quality_score_soft_proxy_0_1,1.0,100.0,1.0,0.09940921604619012,0.18544781536726984,0.06713123499816545,False,0.6000216960440089,FINITE,0.6000216960440089,True,1.8561939390455429,FINITE,1.8561939390455429,True,True,2.3998698237359466e+20,2399869823.7359467
quality_score_soft_proxy_0_1,1.0,100.0,1.0,0.10152430574930055,0.18939351356657347,0.06855955914706259,False,0.5940753364333512,FINITE,0.5940753364333512,True,1.8836490613433008,FINITE,1.8836490613433008,True,True,2.435547981399893e+20,2435547981.399893
quality_score_soft_proxy_0_1,1.0,100.0,1.0,0.10363939545241098,0.1933392117658771,0.06998788329595973,False,0.5882076761490301,FINITE,0.5882076761490301,True,1.9116510840414715,FINITE,1.9116510840414715,True,True,2.470753943105819e+20,2470753943.105819
quality_score_soft_proxy_0_1,1.0,100.0,1.0,0.10575448515552141,0.19728490996518072,0.07141620744485687,False,0.5824174137210778,FINITE,0.5824174137210778,True,1.9402137346494477,FINITE,1.9402137346494477,True,True,2.505495517673533e+20,2505495517.673533
quality_score_soft_proxy_0_1,10.0,100.0,1.0,0.0,0.0,0.0,False,10.0,FINITE,1.0,True,10.0,FINITE,1.0,False,True,0.0,0.0
quality_score_soft_proxy_0_1,10.0,100.0,1.0,0.002115089703110428,0.003945698199303614,0.0014283241488971374,False,9.744809667907925,FINITE,0.9744809667907924,True,10.264225380478807,FINITE,1.0264225380478806,True,True,1.5311419925524523e+20,1531141992.5524526
quality_score_soft_proxy_0_1,10.0,100.0,1.0,0.004230179406220856,0.007891396398607227,0.0028566482977942747,False,9.498270385624313,FINITE,0.9498270385624312,True,10.537890487542729,FINITE,1.053789048754273,True,True,3.010377686254124e+20,3010377686.2541237
quality_score_soft_proxy_0_1,10.0,100.0,1.0,0.006345269109331284,0.011837094597910842,0.004284972446691412,False,9.260017610112325,FINITE,0.9260017610112324,True,10.821421992003726,FINITE,1.0821421992003726,True,True,4.439894339326053e+20,4439894339.326053
quality_score_soft_proxy_0_1,10.0,100.0,1.0,0.008460358812441712,0.015782792797214455,0.0057132965955885495,False,9.029705111990616,FINITE,0.9029705111990616,True,11.115269966534512,FINITE,1.1115269966534513,True,True,5.821769328056305e+20,5821769328.056306
quality_score_soft_proxy_0_1,10.0,100.0,1.0,0.01057544851555214,0.01972849099651807,0.007141620744485686,False,8.807003909678434,FINITE,0.8807003909678434,True,11.41990939918814,FINITE,1.1419909399188142,True,True,7.157976541929397e+20,7157976541.929397
quality_score_soft_proxy_0_1,10.0,100.0,1.0,0.012690538218662568,0.023674189195821684,0.008569944893382824,False,8.591601273919183,FINITE,0.8591601273919183,True,11.73584181995834,FINITE,1.173584181995834,True,True,8.450392356484902e+20,8450392356.484901
quality_score_soft_proxy_0_1,10.0,100.0,1.0,0.014805627921772996,0.027619887395125296,0.009998269042279961,False,8.383199797493559,FINITE,0.8383199797493559,True,12.063597049976522,FINITE,1.2063597049976522,True,False,9.700801215038648e+20,9700801215.038649
quality_score_soft_proxy_0_1,10.0,100.0,1.0,0.016920717624883425,0.03156558559442891,0.011426593191177099,False,8.181516525354898,FINITE,0.8181516525354897,True,12.403735083855942,FINITE,1.2403735083855942,True,False,1.0910900847870614e+21,10910900847.870615
quality_score_soft_proxy_0_1,10.0,100.0,1.0,0.019035807327993853,0.03551128379373253,0.012854917340074237,False,7.986282140804124,FINITE,0.7986282140804124,True,12.756848116704273,FINITE,1.2756848116704274,True,False,1.2082307155175256e+21,12082307155.175257
quality_score_soft_proxy_0_1,10.0,100.0,1.0,0.02115089703110428,0.03945698199303614,0.014283241488971372,False,7.79724020367219,FINITE,0.779724020367219,True,13.123562728445592,FINITE,1.3123562728445592,True,False,1.3216558777966862e+21,13216558777.966862
quality_score_soft_proxy_0_1,10.0,100.0,1.0,0.02326598673421471,0.043402680192339754,0.015711565637868512,False,7.614146436797753,FINITE,0.7614146436797753,True,13.50454223933264,FINITE,1.350454223933264,True,False,1.431512137921348e+21,14315121379.21348
quality_score_soft_proxy_0_1,10.0,100.0,1.0,0.025381076437325137,0.04734837839164337,0.017139889786765648,False,7.436768057380395,FINITE,0.7436768057380395,True,13.900489251905709,FINITE,1.390048925190571,True,False,1.5379391655717626e+21,15379391655.717628
quality_score_soft_proxy_0_1,10.0,100.0,1.0,0.027496166140435565,0.05129407659094698,0.018568213935662787,False,7.264883150056473,FINITE,0.7264883150056474,True,14.31214839618148,FINITE,1.4312148396181479,True,False,1.641070109966116e+21,16410701099.661161
quality_score_soft_proxy_0_1,10.0,100.0,1.0,0.029611255843545993,0.05523977479025059,0.019996538084559923,False,7.0982800787893545,FINITE,0.7098280078789354,True,14.74030929655155,FINITE,1.474030929655155,True,False,1.7410319527263873e+21,17410319527.263874
quality_score_soft_proxy_0_1,10.0,100.0,1.0,0.03172634554665642,0.059185472989554205,0.02142486223345706,False,6.936756934889142,FINITE,0.6936756934889142,True,15.185809780758644,FINITE,1.5185809780758643,True,False,1.8379458390665147e+21,18379458390.66515
quality_score_soft_proxy_0_1,10.0,100.0,1.0,0.03384143524976685,0.06313117118885782,0.022853186382354198,False,6.780121018682227,FINITE,0.6780121018682227,True,15.64953935341949,FINITE,1.564953935341949,True,False,1.931927388790664e+21,19319273887.90664
quality_score_soft_proxy_0_1,10.0,100.0,1.0,0.03595652495287728,0.06707686938816144,0.024281510531251337,False,6.6281883525384755,FINITE,0.6628188352538475,True,16.132442958907088,FINITE,1.6132442958907087,True,False,2.0230869884769146e+21,20230869884.76915
quality_score_soft_proxy_0_1,10.0,100.0,1.0,0.038071614655987705,0.07102256758746506,0.025709834680148473,False,6.480783223136335,FINITE,0.6480783223136335,True,16.635525061019997,FINITE,1.6635525061019998,True,False,2.1115300661181992e+21,21115300661.18199
quality_score_soft_proxy_0_1,10.0,100.0,1.0,0.04018670435909813,0.07496826578676866,0.027138158829045606,False,6.337737751004212,FINITE,0.6337737751004212,True,17.159854069787215,FINITE,1.7159854069787215,True,False,2.1973573493974727e+21,21973573493.974728
quality_score_soft_proxy_0_1,10.0,100.0,1.0,0.04230179406220856,0.07891396398607228,0.028566482977942745,False,6.198891485521706,FINITE,0.6198891485521706,True,17.70656714902539,FINITE,1.770656714902539,True,False,2.2806651086869766e+21,22806651086.869762
quality_score_soft_proxy_0_1,10.0,100.0,1.0,0.04441688376531899,0.0828596621853759,0.029994807126839888,False,6.064091023697775,FINITE,0.6064091023697775,True,18.27687544192379,FINITE,1.8276875441923788,True,False,2.361545385781335e+21,23615453857.81335
quality_score_soft_proxy_0_1,10.0,100.0,1.0,0.04653197346842942,0.08680536038467951,0.031423131275737023,False,5.933189651165686,FINITE,0.5933189651165687,True,18.872069756034932,FINITE,1.8872069756034933,True,False,2.440086209300588e+21,24400862093.005882
quality_score_soft_proxy_0_1,10.0,100.0,1.0,0.04864706317153984,0.09075105858398311,0.032851455424634156,False,5.8060470039476195,FINITE,0.580604700394762,True,19.493526753653153,FINITE,1.9493526753653154,True,False,2.5163717976314285e+21,25163717976.31428
quality_score_soft_proxy_0_1,10.0,100.0,1.0,0.050762152874650274,0.09469675678328673,0.034279779573531295,False,5.682528749645822,FINITE,0.5682528749645822,True,20.142715698738677,FINITE,2.0142715698738676,True,False,2.590482750212507e+21,25904827502.125065
quality_score_soft_proxy_0_1,10.0,100.0,1.0,0.052877242577760705,0.09864245498259036,0.035708103722428435,False,5.562506286813032,FINITE,0.5562506286813031,True,20.821205817368067,FINITE,2.082120581736807,True,False,2.662496227912181e+21,26624962279.12181
quality_score_soft_proxy_0_1,10.0,100.0,1.0,0.05499233228087113,0.10258815318189396,0.037136427871325574,False,5.445856461343399,FINITE,0.5445856461343399,True,21.530674335252705,FINITE,2.1530674335252704,True,False,2.7324861231939605e+21,27324861231.939606
quality_score_soft_proxy_0_1,10.0,100.0,1.0,0.057107421983981554,0.10653385138119757,0.038564752020222706,False,5.332461298806582,FINITE,0.5332461298806581,True,22.272915263270395,FINITE,2.2272915263270394,True,False,2.800523220716051e+21,28005232207.16051
quality_score_soft_proxy_0_1,10.0,100.0,1.0,0.059222511687091986,0.11047954958050119,0.039993076169119846,False,5.222207751723029,FINITE,0.5222207751723029,True,23.0498490103173,FINITE,2.30498490103173,True,False,2.866675348966183e+21,28666753489.66183
quality_score_soft_proxy_0_1,10.0,100.0,1.0,0.06133760139020242,0.11442524777980481,0.041421400318016985,False,5.114987460847924,FINITE,0.5114987460847924,True,23.863532912248846,FINITE,2.386353291224885,True,False,2.931007523491245e+21,29310075234.912453
quality_score_soft_proxy_0_1,10.0,100.0,1.0,0.06345269109331284,0.11837094597910841,0.04284972446691412,False,5.010696529595634,FINITE,0.5010696529595634,True,24.71617277639584,FINITE,2.471617277639584,True,False,2.9935820822426194e+21,29935820822.426193
quality_score_soft_proxy_0_1,10.0,100.0,1.0,0.06556778079642327,0.12231664417841202,0.04427804861581126,False,4.909235310795808,FINITE,0.49092353107958087,True,25.610135553302698,FINITE,2.5610135553302698,True,False,3.054458813522515e+21,30544588135.225147
quality_score_soft_proxy_0_1,10.0,100.0,1.0,0.0676828704995337,0.12626234237771564,0.045706372764708396,False,4.810508205027286,FINITE,0.4810508205027286,True,26.547963261149807,FINITE,2.6547963261149805,True,False,3.113695076983628e+21,31136950769.83628
quality_score_soft_proxy_0_1,10.0,100.0,1.0,0.06979796020264413,0.13020804057701926,0.047134696913605535,False,4.714423469826908,FINITE,0.47144234698269083,True,27.532388304043863,FINITE,2.753238830404386,True,False,3.1713459181038553e+21,31713459181.03855
quality_score_soft_proxy_0_1,10.0,100.0,1.0,0.07191304990575456,0.1341537387763229,0.048563021062502675,False,4.620893039117369,FINITE,0.46208930391173686,True,28.56635034327701,FINITE,2.856635034327701,True,False,3.2274641765295787e+21,32274641765.29579
quality_score_soft_proxy_0_1,10.0,100.0,1.0,0.07402813960886498,0.1380994369756265,0.04999134521139981,False,4.529832352242003,FINITE,0.45298323522420036,True,29.653014901107536,FINITE,2.9653014901107535,True,False,3.282100588654798e+21,32821005886.54798
quality_score_soft_proxy_0_1,10.0,100.0,1.0,0.07614322931197541,0.14204513517493011,0.051419669360296946,False,4.441160192034844,FINITE,0.4441160192034844,True,30.795793899997935,FINITE,3.0795793899997936,True,False,3.3353038847790935e+21,33353038847.790936
quality_score_soft_proxy_0_1,10.0,100.0,1.0,0.07825831901508584,0.1459908333742337,0.052847993509194086,False,4.354798531391886,FINITE,0.4354798531391886,True,31.998368367025122,FINITE,3.199836836702512,True,False,3.3871208811648684e+21,33871208811.648685
quality_score_soft_proxy_0_1,10.0,100.0,1.0,0.08037340871819626,0.1499365315735373,0.05427631765809121,False,4.270672387844379,FINITE,0.4270672387844379,True,33.264713563898674,FINITE,3.3264713563898676,True,False,3.4375965672933724e+21,34375965672.93372
quality_score_soft_proxy_0_1,10.0,100.0,1.0,0.08248849842130669,0.15388222977284094,0.05570464180698835,False,4.18870968566726,FINITE,0.418870968566726,True,34.59912683832559,FINITE,3.4599126838325587,True,False,3.486774188599644e+21,34867741885.99644
quality_score_soft_proxy_0_1,10.0,100.0,1.0,0.08460358812441712,0.15782792797214457,0.05713296595588549,False,4.108841125086058,FINITE,0.4108841125086058,True,36.00625853310413,FINITE,3.600625853310413,True,False,3.5346953249483653e+21,35346953249.48366
quality_score_soft_proxy_0_1,10.0,100.0,1.0,0.08671867782752755,0.16177362617144816,0.058561290104782636,False,4.031000058173437,FINITE,0.40310000581734373,True,37.49114633620546,FINITE,3.749114633620546,True,False,3.5813999650959377e+21,35813999650.95937
quality_score_soft_proxy_0_1,10.0,100.0,1.0,0.08883376753063799,0.1657193243707518,0.059989614253679775,False,3.955122371052654,FINITE,0.3955122371052654,True,39.05925350927007,FINITE,3.9059253509270073,True,False,3.6269265773684075e+21,36269265773.68407
quality_score_soft_proxy_0_1,10.0,100.0,1.0,0.0909488572337484,0.1696650225700554,0.0614179384025769,False,3.8811463720492863,FINITE,0.3881146372049286,True,40.716511494661525,FINITE,4.0716511494661525,True,False,3.671312176770428e+21,36713121767.70428
quality_score_soft_proxy_0_1,10.0,100.0,1.0,0.09306394693685884,0.17361072076935902,0.06284626255147405,False,3.8090126854552557,FINITE,0.3809012685455256,True,42.46936747397619,FINITE,4.246936747397619,True,False,3.7145923887268464e+21,37145923887.26846
quality_score_soft_proxy_0_1,10.0,100.0,1.0,0.09517903663996927,0.17755641896866264,0.06427458670037119,False,3.7386641505900244,FINITE,0.3738664150590024,True,44.32483753548423,FINITE,4.432483753548423,True,False,3.756801509645986e+21,37568015096.45986
quality_score_soft_proxy_0_1,10.0,100.0,1.0,0.09729412634307968,0.18150211716796621,0.06570291084926831,False,3.670045725863419,FINITE,0.3670045725863419,True,46.2905662065045,FINITE,4.62905662065045,True,False,3.7979725644819485e+21,37979725644.81948
quality_score_soft_proxy_0_1,10.0,100.0,1.0,0.09940921604619012,0.18544781536726984,0.06713123499816545,False,3.603104397562818,FINITE,0.3603104397562818,True,48.37489322173773,FINITE,4.837489322173773,True,False,3.838137361462309e+21,38381373614.623085
quality_score_soft_proxy_0_1,10.0,100.0,1.0,0.10152430574930055,0.18939351356657347,0.06855955914706259,False,3.537789093104328,FINITE,0.35377890931043277,True,50.586928533167665,FINITE,5.058692853316766,True,False,3.8773265441374035e+21,38773265441.37404
quality_score_soft_proxy_0_1,10.0,100.0,1.0,0.10363939545241098,0.1933392117658771,0.06998788329595973,False,3.474050598503512,FINITE,0.3474050598503512,True,52.936636724968665,FINITE,5.293663672496867,True,False,3.915569640897893e+21,39155696408.97893
quality_score_soft_proxy_0_1,10.0,100.0,1.0,0.10575448515552141,0.19728490996518072,0.07141620744485687,False,3.411841479835955,FINITE,0.3411841479835955,True,55.43493218238831,FINITE,5.543493218238831,True,False,3.952895112098427e+21,39528951120.984276
