dataset,role,scale,loss_observed,index,mixture_sum_raw,mapped_share_direct_near_direct,quality_score_mapped_0_1,quality_score_proxy_0_1,proxy_low_share,proxy_middle_share,proxy_high_share,loss_mean_13_domains,p_arxiv,p_freelaw,p_nih_exporter,p_pubmed_central,p_wikipedia_en,p_dm_mathematics,p_github,p_philpapers,p_stackexchange,p_enron_emails,p_gutenberg_pg_19,p_pile_cc,p_ubuntu_irc,p_europarl,p_hackernews,p_pubmed_abstracts,p_uspto_backgrounds,metric/the_pile_arxiv_val_loss,metric/the_pile_freelaw_val_loss,metric/the_pile_pubmed_central_val_loss,metric/the_pile_wikipedia_en_val_loss,metric/the_pile_dm_mathematics_val_loss,metric/the_pile_github_val_loss,metric/the_pile_stackexchange_val_loss,metric/the_pile_gutenberg_pg_19_val_loss,metric/the_pile_pile_cc_val_loss,metric/the_pile_ubuntu_irc_val_loss,metric/the_pile_hackernews_val_loss,metric/the_pile_pubmed_abstracts_val_loss,metric/the_pile_uspto_backgrounds_val_loss,quality_score_soft_proxy_0_1,quality_score_soft_low_0_1,quality_score_soft_high_0_1,quality_score_soft_range_width
A4_A5_train_1m,train,1m,True,1,1.0,0.996,0.142703137353471,0.142150802261559,0.7174223172564484,0.2808537609639851,0.0017239217795664,5.904635429382324,0.0,0.0,0.0,0.0,0.0,0.0,0.0,0.004,0.0,0.0,0.209,0.787,0.0,0.0,0.0,0.0,0.0,7.0255866050720215,5.360580921173096,6.536046981811523,5.639575004577637,5.820674896240234,6.632823467254639,6.107803821563721,4.726566791534424,5.169477939605713,7.224245071411133,5.206871032714844,5.892633438110352,5.417374610900879,0.1425518704598448,0.14214402071048987,0.14416292480405712,0.002018904093567253
A4_A5_train_1m,train,1m,True,2,0.998,0.782565130260521,0.2958903810585427,0.2729049271938661,0.5692138138544084,0.3157625179034509,0.1150236682421405,5.133344430189866,0.0250501002004008,0.002004008016032,0.0501002004008016,0.0,0.0470941883767535,0.0,0.3046092184368737,0.0090180360721442,0.003006012024048,0.001002004008016,0.1032064128256513,0.2995991983967935,0.0240480961923847,0.0400801603206412,0.0901803607214428,0.001002004008016,0.0,4.738541603088379,5.466145038604736,5.808464050292969,5.42556619644165,4.61490535736084,4.141744136810303,4.922904014587402,4.954422473907471,5.343518733978272,5.278083324432373,4.80118989944458,5.653641700744629,5.584351062774658,0.28635696164752195,0.2526601381902808,0.3419343062191599,0.08927416802887905
A4_A5_train_1m,train,1m,True,3,1.0,0.948,0.0543345049067537,0.0519245218862034,0.8984733718698399,0.0992042124879135,0.0023224156422466,5.542253035765428,0.679,0.0,0.0,0.044,0.0,0.001,0.0,0.003,0.0,0.001,0.0,0.269,0.0,0.0,0.0,0.003,0.0,3.730258703231812,5.793972492218018,4.72146463394165,5.933119773864746,4.077418327331543,6.540956497192383,6.079324245452881,5.561453819274902,5.506680965423584,7.476072311401367,5.495143413543701,5.626057624816895,5.50736665725708,0.05800499546044819,0.05191943572290154,0.0779069106516025,0.025987474928700967
A4_A5_train_1m,train,1m,True,4,1.001,0.6683316683316685,0.3730902261912603,0.2549591153048965,0.5995297313842708,0.2910223066216655,0.1094479619940637,5.290134576650766,0.0079920079920079,0.0249750249750249,0.0,0.0069930069930069,0.0149850149850149,0.0,0.3146853146853147,0.0,0.2157842157842158,0.0,0.1088911088911089,0.0059940059940059,0.0,0.0089910089910089,0.0,0.0539460539460539,0.2367632367632367,4.887355327606201,5.040224075317383,5.371085166931152,5.858128547668457,5.298433780670166,4.150362968444824,4.455072402954102,5.095427989959717,5.828740119934082,7.491352558135986,5.551083087921143,5.268948078155518,4.475535392761231,0.2932399378274669,0.25042111909058445,0.41771944188007293,0.16729832278948847
A4_A5_train_1m,train,1m,True,5,1.001,0.8001998001998003,0.2326247247729975,0.1911459037428844,0.6487150499759398,0.3202780925623516,0.0310068574617086,4.9657532618596,0.1928071928071928,0.0029970029970029,0.0,0.0599400599400599,0.0099900099900099,0.0609390609390609,0.0309690309690309,0.0,0.4165834165834166,0.0,0.1278721278721279,0.0219780219780219,0.0,0.0079920079920079,0.0009990009990009,0.0,0.0669330669330669,4.034541130065918,5.597909927368164,4.6931257247924805,5.8146257400512695,2.008139610290528,4.485220432281494,4.24920654296875,5.003798007965088,5.760408401489258,7.100966453552246,5.329304218292236,5.664215087890625,4.813331127166748,0.2114137383681532,0.18711212933016252,0.28757482971345727,0.10046270038329475
A4_A5_train_1m,train,1m,True,6,0.999,0.8548548548548549,0.2076328248313185,0.2329167376163809,0.6588818132240936,0.2164028983190512,0.1247152884568553,5.358781594496507,0.5065065065065065,0.005005005005005,0.0,0.011011011011011,0.1381381381381381,0.0,0.2102102102102102,0.0,0.0,0.002002002002002,0.0,0.0,0.026026026026026,0.0990990990990991,0.0,0.001001001001001,0.001001001001001,3.848159790039064,5.519326210021973,5.222227573394775,5.401707172393799,5.442045211791992,4.315804481506348,5.147463321685791,5.998071670532227,5.9236016273498535,5.313143730163574,5.817320823669434,6.0437750816345215,5.67151403427124,0.218883756868692,0.1828988434063814,0.2511788612672131,0.06828001786083171
A4_A5_train_1m,train,1m,True,7,1.0,0.2329999999999999,0.223954812983283,0.0604743109180212,0.8854689924009098,0.108113393362138,0.0064176142369521,5.058426526876596,0.0,0.0,0.009,0.319,0.016,0.004,0.0,0.001,0.028,0.019,0.004,0.185,0.008,0.0,0.004,0.001,0.402,5.365633010864258,5.7348151206970215,4.126685619354248,5.565597534179688,2.9376449584960938,5.73452091217041,5.128252029418945,5.392933368682861,5.41911506652832,5.869746685028076,5.159833908081055,5.069451332092285,4.25531530380249,0.15168760958004074,0.06047261553025388,0.441549021425105,0.3810764058948511
A4_A5_train_1m,train,1m,True,8,0.999,0.3963963963963964,0.1784835024004329,0.0725762350399701,0.8557901170710266,0.1432672957780065,0.0009425871509668,5.898907331319956,0.0,0.5675675675675675,0.014014014014014,0.0,0.0,0.0,0.0,0.022022022022022,0.0,0.0,0.003003003003003,0.3933933933933934,0.0,0.0,0.0,0.0,0.0,7.175310134887695,3.980865478515625,6.568063259124756,5.785682678222656,5.779679298400879,6.64463996887207,6.25684118270874,5.178667545318604,5.321898460388184,7.332483768463135,5.339742183685303,5.812262058258057,5.509659290313721,0.18270561700233598,0.07253889917322333,0.3771695865371085,0.3046306873638852
A4_A5_train_1m,train,1m,True,9,1.0,0.003,0.50765,0.0061284562823355,0.9908721335233872,0.0059988203885545,0.0031290460880582,6.21538573044997,0.0,0.0,0.0,0.828,0.003,0.0,0.0,0.0,0.0,0.0,0.0,0.0,0.0,0.0,0.0,0.169,0.0,5.732336521148682,6.613649368286133,3.839976310729981,6.18618631362915,5.692158222198486,7.759432315826416,6.9663615226745605,6.6692962646484375,6.354576110839844,8.405691146850586,6.47177791595459,4.594342708587647,5.514229774475098,0.1239006324474274,0.006128456282335515,0.50765,0.5015215437176646
A4_A5_train_1m,train,1m,True,10,1.0,0.6930000000000001,0.4668008188436066,0.3249111123218863,0.5034942804968701,0.3431892143624874,0.1533165051406425,5.393702800457294,0.006,0.0,0.0,0.307,0.59,0.0,0.005,0.0,0.036,0.0,0.014,0.042,0.0,0.0,0.0,0.0,0.0,4.920166969299316,5.735522270202637,4.18813419342041,4.815326690673828,5.443886756896973,5.298417091369629,5.052807331085205,5.244697570800781,5.520979404449463,7.628385543823242,5.575355052947998,5.24343204498291,5.451025485992432,0.36117596496249127,0.32491111232188624,0.4793415174586194,0.15443040513673317
A4_A5_train_1m,train,1m,True,11,1.0,0.027,0.1467438276533537,0.006890186587003,0.9883399153539344,0.0095397961181247,0.0021202885279407,6.063049664864173,0.0,0.924,0.0,0.0,0.003,0.0,0.004,0.0,0.001,0.0,0.019,0.0,0.0,0.0,0.0,0.049,0.0,7.649549961090088,3.8723204135894775,6.194097995758057,6.082755088806152,6.095431327819824,6.030669212341309,6.349047660827637,5.227353572845459,6.076876163482666,8.171777725219727,5.95081901550293,5.37153434753418,5.747413158416748,0.1852795014181993,0.006890186587003065,0.4979055333466406,0.49101534675963754
A4_A5_train_1m,train,1m,True,12,0.998,0.1753507014028056,0.0130588571428571,0.0050969520023176,0.9909473102579094,0.0079114754795458,0.0011412142625447,5.737708825331468,0.0,0.5911823647294588,0.0460921843687374,0.1342685370741483,0.002004008016032,0.0,0.0,0.0130260521042084,0.002004008016032,0.0,0.1713426853707415,0.0,0.0,0.0,0.0,0.0400801603206412,0.0,6.068508148193359,4.028927326202393,4.410226821899414,5.977132320404053,5.78095817565918,6.723077297210693,6.378947734832764,4.868281841278076,5.962575435638428,7.836051940917969,5.869334697723389,5.124939918518066,5.561253070831299,0.14368204360563028,0.005074867792924224,0.42092309619238466,0.41584822839946045
A4_A5_train_1m,train,1m,True,13,1.0,0.161,0.1798236514522821,0.0357729729229263,0.9310320788223744,0.0663898965093982,0.0025780246682272,5.631498850308931,0.0,0.006,0.0,0.818,0.0,0.0,0.0,0.0,0.0,0.002,0.0,0.161,0.0,0.001,0.012,0.0,0.0,5.616719722747803,5.331273078918457,3.885855674743652,5.94351863861084,5.511852741241455,6.898706912994385,6.376709938049316,5.554836273193359,5.542590618133545,7.0256781578063965,5.158526420593262,4.978461265563965,5.384755611419678,0.1349544633764942,0.03526824689953451,0.45486995788381746,0.41960171098428295
A4_A5_train_1m,train,1m,True,14,1.001,0.2347652347652347,0.3059662888674391,0.1013485751105576,0.83387258669555,0.1295576763877845,0.0365697369166653,4.817876852475679,0.0,0.0089910089910089,0.0339660339660339,0.1858141858141858,0.0459540459540459,0.0189810189810189,0.0719280719280719,0.0079920079920079,0.0259740259740259,0.0,0.0779220779220779,0.0129870129870129,0.0349650349650349,0.0019980019980019,0.1078921078921078,0.3436563436563435,0.0209790209790209,5.436479568481445,5.218822956085205,4.133479595184326,5.507219314575195,2.3308768272399902,4.662861347198486,4.974141597747803,5.0477824211120605,5.597803115844727,5.373387336730957,4.832281112670898,4.571138381958008,4.946125507354736,0.19139986563652378,0.10032658195479138,0.46030167620764006,0.3599750942528487
A4_A5_train_1m,train,1m,True,15,0.998,0.6503006012024047,0.4047821089431905,0.2709633455866733,0.5375539033430894,0.3829655021404746,0.0794805945164358,4.961122586176946,0.003006012024048,0.0,0.001002004008016,0.0160320641282565,0.1302605210420841,0.0080160320641282,0.1002004008016032,0.001002004008016,0.3797595190380761,0.0,0.033066132264529,0.0040080160320641,0.0,0.003006012024048,0.0270541082164328,0.2144288577154308,0.0791583166332665,4.835928916931152,5.9763712882995605,4.696907997131348,5.286471366882324,2.612511157989502,4.265994071960449,4.273486614227295,5.212732315063477,5.70292329788208,7.151707649230957,4.99690580368042,4.784799575805664,4.6978535652160645,0.31116914374420424,0.26944443430616943,0.440754948601333,0.17131051429516359
A4_A5_train_1m,train,1m,True,16,1.0,0.369,0.2784171384627257,0.1307167744144179,0.7807866593800462,0.1769931324110714,0.0422202082088822,4.79795071711907,0.094,0.07,0.022,0.131,0.002,0.222,0.1,0.006,0.133,0.0,0.04,0.0,0.087,0.02,0.0,0.003,0.07,4.263101577758789,4.731163024902344,4.446780204772949,6.137884616851807,1.8533507585525515,4.429530620574951,4.592880725860596,5.278256893157959,5.888399600982666,5.00335693359375,5.570482730865479,5.373453140258789,4.804718494415283,0.1998884001855535,0.120612081619978,0.42306307409274585,0.30245099247276785
A4_A5_train_1m,train,1m,True,17,0.999,0.7117117117117118,0.0913499734976825,0.0738398247148474,0.8630776586992492,0.1261650331718062,0.0107573081289444,5.027804338015043,0.5335335335335335,0.1791791791791791,0.003003003003003,0.0,0.001001001001001,0.005005005005005,0.013013013013013,0.0,0.1311311311311311,0.001001001001001,0.005005005005005,0.028028028028028,0.043043043043043,0.0,0.001001001001001,0.0,0.056056056056056,3.779206991195679,4.426825046539307,5.9820075035095215,6.0802001953125,2.6709392070770264,4.874502658843994,4.626718521118164,5.488972187042236,5.748971939086914,5.351980686187744,5.358956336975098,6.06849479675293,4.903680324554443,0.12008554784070669,0.07383982471484742,0.2113643955524046,0.1375245708375572
A4_A5_train_1m,train,1m,True,18,0.999,0.5785785785785785,0.2420883927519447,0.1575915573554436,0.7040229395822928,0.2767710061245272,0.01920605429318,4.846522661355825,0.0,0.005005005005005,0.025025025025025,0.2402402402402402,0.018018018018018,0.012012012012012,0.028028028028028,0.019019019019019,0.1031031031031031,0.0,0.0,0.4294294294294294,0.084084084084084,0.001001001001001,0.002002002002002,0.033033033033033,0.0,5.161006927490234,5.229340553283691,4.228277683258057,5.453532695770264,2.4409642219543457,4.761942863464356,4.659525871276856,5.3418684005737305,5.253754138946533,5.025073528289795,5.077229022979736,5.035791397094727,5.336487293243408,0.20700511132081018,0.15705408148860667,0.3540017427533772,0.19694766126477053
A4_A5_train_1m,train,1m,True,19,0.999,0.6706706706706707,0.1904926870196313,0.1544932178977873,0.7187470174865276,0.2535195292313701,0.0277334532821022,4.862268686294556,0.1561561561561561,0.1781781781781781,0.039039039039039,0.004004004004004,0.067067067067067,0.009009009009009,0.0,0.001001001001001,0.061061061061061,0.002002002002002,0.0,0.3863863863863864,0.023023023023023,0.027027027027027,0.043043043043043,0.0,0.003003003003003,4.140886306762695,4.335186004638672,5.162656307220459,5.283300876617432,2.4845540523529053,5.453387260437012,4.819840431213379,5.22469425201416,5.247750759124756,5.317441940307617,4.833442211151123,5.59989070892334,5.306461811065674,0.19736561244655404,0.14085027693748065,0.2949418921953481,0.15409161525786746
A4_A5_train_1m,train,1m,True,20,1.0,0.441,0.1645448674894495,0.0844703540094759,0.8511444332900021,0.1287704254010437,0.020085141308954,5.18797335257897,0.001,0.0,0.016,0.396,0.04,0.0,0.022,0.0,0.0,0.0,0.151,0.227,0.022,0.006,0.014,0.104,0.001,5.3710455894470215,5.678719520568848,4.048504829406738,5.386486530303955,5.511875629425049,5.1697998046875,5.506645202636719,4.875679969787598,5.347065448760986,5.458584308624268,4.99979829788208,4.78153657913208,5.3079118728637695,0.14876208308531091,0.08144199786912504,0.35634063656284726,0.2748986386937222
A4_A5_train_1m,train,1m,True,21,1.001,0.813186813186813,0.0508297082828794,0.0604937814292828,0.9007339772630284,0.077544482615377,0.0217215401215943,5.312407071773823,0.7382617382617381,0.0019980019980019,0.0,0.0319680319680319,0.0609390609390609,0.0,0.0139860139860139,0.0019980019980019,0.0,0.0,0.0,0.0,0.0619380619380619,0.0,0.0429570429570429,0.0,0.0459540459540459,3.7148549556732178,5.775569438934326,4.841148376464844,5.580223083496094,5.613797664642334,5.322590827941895,5.57145357131958,5.821041584014893,5.878022193908691,5.166763305664063,5.064894676208496,5.783607482910156,4.927324771881104,0.08236628586403756,0.060490394041136375,0.13616976277948406,0.07567936873834769
A4_A5_train_1m,train,1m,True,22,1.0,0.5800000000000001,0.15794671252471,0.1292808557777847,0.8143338768883898,0.1127705346676509,0.0728955884439592,5.267660049291758,0.004,0.118,0.011,0.004,0.0,0.026,0.181,0.02,0.0,0.0,0.395,0.0,0.0,0.072,0.0,0.0,0.169,5.313518524169922,4.5764875411987305,5.541999340057373,6.369202136993408,2.23321795463562,4.412414073944092,5.349352836608887,4.759934902191162,6.061858177185059,7.594740867614746,5.767696857452393,5.863641262054443,4.635516166687012,0.163694909071962,0.09290667433822863,0.3048220932643318,0.21191541892610316
A4_A5_train_1m,train,1m,True,23,1.0,0.059,0.479791807958341,0.0601408362673224,0.8986454471509809,0.0824274331633933,0.0189271196856257,5.236186431004451,0.002,0.024,0.0,0.4,0.006,0.0,0.049,0.0,0.002,0.0,0.0,0.0,0.148,0.004,0.0,0.12,0.245,5.221972465515137,5.052719593048096,4.056276798248291,6.020731449127197,5.561578273773193,4.91853141784668,5.417336463928223,6.032251834869385,5.977203845977783,4.856312274932861,5.783515453338623,4.762035846710205,4.409957885742188,0.171441116644276,0.05812193217375513,0.5060063666695421,0.447884434495787
A4_A5_train_1m,train,1m,True,24,0.999,0.018018018018018,0.251284212189718,0.0165450963917718,0.9736950692456824,0.0195196687250911,0.0067852620292262,6.004401573768029,0.0,0.6946946946946947,0.0,0.0,0.0,0.0,0.009009009009009,0.0,0.0,0.006006006006006,0.009009009009009,0.0,0.0,0.016016016016016,0.0,0.0,0.2652652652652653,7.729341983795166,3.967174530029297,6.752795219421387,6.444605350494385,5.99164342880249,5.654896259307861,6.138266563415527,5.350730895996094,6.081203937530518,7.689416885375977,5.8698577880859375,5.93467378616333,4.452613830566406,0.1754887962785877,0.008461396317428461,0.503030796616031,0.4945694002986025
A4_A5_train_1m,train,1m,True,25,0.999,0.5525525525525526,0.385,0.2184838255865424,0.5852987239208278,0.3924349009852593,0.0222663750939127,5.220030491168682,0.0,0.2962962962962963,0.0,0.1131131131131131,0.0,0.0,0.0,0.009009009009009,0.5525525525525526,0.0,0.0,0.0,0.021021021021021,0.001001001001001,0.0,0.007007007007007,0.0,5.003495216369629,4.26286506652832,4.548320293426514,6.2719340324401855,5.054658889770508,4.913228511810303,4.174592971801758,5.677281379699707,5.843257427215576,5.450659275054932,5.52943229675293,5.509744644165039,5.620926380157471,0.291138825911393,0.21796332056822684,0.4398794294294294,0.22191610886120258
A4_A5_train_1m,train,1m,True,26,0.999,0.4364364364364363,0.0705132304329648,0.036863379692412,0.9421686635709122,0.0419359134733512,0.0158954229557363,5.404111513724694,0.3773773773773773,0.003003003003003,0.002002002002002,0.5145145145145145,0.052052052052052,0.0,0.001001001001001,0.0,0.005005005005005,0.0,0.0,0.001001001001001,0.02002002002002,0.0,0.0,0.014014014014014,0.01001001001001,3.882284879684448,5.688676834106445,4.025252342224121,5.573357582092285,5.430081844329834,6.123146057128906,5.667730808258057,6.119208812713623,5.942705631256104,5.740989685058594,5.928955554962158,4.998274326324463,5.132785320281982,0.10362114750527848,0.03686337969241193,0.31686758605482745,0.2800042063624155
A4_A5_train_1m,train,1m,True,27,1.0,0.26,0.2585851179507644,0.0824756549686938,0.8705593039854214,0.0939300820917697,0.0355106139228089,4.946193236571092,0.0,0.258,0.0,0.234,0.101,0.011,0.029,0.008,0.001,0.001,0.125,0.004,0.003,0.0,0.066,0.158,0.001,5.64911413192749,4.26276159286499,4.184984683990479,5.313239574432373,2.4710938930511475,5.107607364654541,5.51455545425415,4.910590171813965,5.607277870178223,6.157212257385254,4.921019554138184,4.804058074951172,5.396997451782227,0.18705501707015926,0.08246209186655558,0.4428931306671989,0.3604310388006433
A4_A5_train_1m,train,1m,True,28,0.999,0.4584584584584584,0.3112946907801896,0.1446521325104597,0.7293705397242927,0.2519546555304952,0.018674804745212,5.129373101087717,0.013013013013013,0.3193193193193193,0.0,0.0,0.003003003003003,0.1531531531531531,0.014014014014014,0.055055055055055,0.3343343343343343,0.0,0.065065065065065,0.029029029029029,0.0,0.0,0.0,0.0,0.014014014014014,4.687304496765137,4.21182918548584,6.05892276763916,5.891059398651123,1.8401778936386108,4.645040035247803,4.333330154418945,5.055291175842285,5.706452369689941,7.238473415374756,5.458417892456055,6.303548336029053,5.252003192901611,0.2268982965836247,0.14455879284359266,0.4176292476249517,0.27307045478135905
A4_A5_train_1m,train,1m,True,29,1.001,0.3136863136863136,0.0091318976235361,0.0109253654743768,0.9812216620063224,0.0157059450386014,0.0030723929550761,6.132923419658955,0.0019980019980019,0.0,0.0,0.0009990009990009,0.0,0.0,0.0,0.0,0.0,0.0,0.3006993006993007,0.0109890109890109,0.0,0.0119880119880119,0.0,0.0009990009990009,0.6723276723276723,5.658636569976807,6.026126384735107,5.763899326324463,6.317204475402832,5.946868896484375,8.14659309387207,7.142147064208984,4.7790937423706055,5.957272052764893,8.297920227050781,5.942418098449707,5.617604732513428,4.1322197914123535,0.08887592037598657,0.00487470385529412,0.35127169415963055,0.34639699030433646
A4_A5_train_1m,train,1m,True,30,1.001,0.5714285714285714,0.2594763130370657,0.1502355909061186,0.780488233183536,0.1385523518206907,0.0809594149957732,5.525556601010836,0.0,0.0009990009990009,0.0,0.0019980019980019,0.1508491508491508,0.0,0.1418581418581418,0.0,0.0,0.0,0.2787212787212788,0.0,0.0039960039960039,0.0,0.0,0.0,0.4215784215784216,6.861634254455566,5.755373954772949,5.65870475769043,5.272236347198486,5.643309116363525,4.5067949295043945,5.427286148071289,4.814216136932373,5.754676342010498,6.341269493103027,5.69641637802124,5.775506496429443,4.324811458587647,0.20134562316862983,0.1502355909061186,0.3658364645926088,0.21560087368649022
A4_A5_train_1m,train,1m,True,31,1.0,0.827,0.2061314472918848,0.17299816438937,0.7336904335913532,0.1866228040385534,0.0796867623700932,5.268221598405105,0.082,0.013,0.0,0.006,0.308,0.001,0.003,0.0,0.0,0.0,0.372,0.062,0.0,0.0,0.01,0.142,0.001,4.4081878662109375,5.024968147277832,4.978406429290772,5.005675315856934,3.812377452850342,5.920037746429443,5.920503616333008,4.698957443237305,5.51257848739624,7.735177040100098,5.13293981552124,4.934744834899902,5.402326583862305,0.19427754695677246,0.17299816438936996,0.25829415691038876,0.0852959925210188
A4_A5_train_1m,train,1m,True,32,0.999,0.028028028028028,0.1798236514522821,0.0083992365014778,0.9835329840164376,0.0161355589641687,0.0003314570193934,6.351518722680899,0.0,0.9449449449449449,0.0,0.0,0.0,0.0,0.0,0.0,0.0,0.0,0.0,0.028028028028028,0.0,0.001001001001001,0.0,0.007007007007007,0.019019019019019,8.051161766052246,3.874768495559693,6.909854412078857,6.266665935516357,6.403696537017822,7.658684730529785,7.126642227172852,5.534601211547852,5.833001613616943,7.933407306671143,5.835553646087647,5.917235374450684,5.224470138549805,0.187807037500555,0.007894005246831324,0.4984616739145784,0.4905676686677471
A4_A5_train_1m,train,1m,True,33,1.0,0.999,0.2322472116576517,0.2320195838103695,0.6523317681465962,0.2312972960860684,0.1163709357673353,5.77667471078726,0.0,0.0,0.0,0.0,0.0,0.0,0.385,0.0,0.0,0.0,0.4,0.214,0.0,0.0,0.0,0.001,0.0,6.746493816375732,5.766384124755859,6.5935959815979,5.976674556732178,5.557881832122803,4.100144386291504,5.102885246276856,4.755634784698486,5.5495219230651855,7.391046047210693,5.420259475708008,6.314382076263428,5.821866989135742,0.2321377103662021,0.2320195838103695,0.23252261444599404,0.0005030306356245406
A4_A5_train_1m,train,1m,True,34,1.001,0.8381618381618381,0.4795598201644824,0.4572701321608549,0.3449915879154713,0.3954765598473477,0.2595318522371809,5.556892028221717,0.0,0.0189810189810189,0.0019980019980019,0.0169830169830169,0.0,0.0,0.7712287712287712,0.0009990009990009,0.0429570429570429,0.0009990009990009,0.0239760239760239,0.0,0.0209790209790209,0.1008991008991009,0.0,0.0,0.0,5.771609783172607,5.322272777557373,5.388720512390137,6.635139465332031,5.31644344329834,3.774742603302002,4.6902689933776855,5.525582313537598,6.194097995758057,5.430849552154541,5.701431751251221,6.310952663421631,6.177484512329102,0.44562108157749936,0.40634203650616896,0.4841058832347656,0.07776384672859665
A4_A5_train_1m,train,1m,True,35,1.0,0.7909999999999999,0.4386496839443742,0.3500397985993933,0.4055695514822053,0.4887812998368024,0.1056491486809921,5.203048513485835,0.0,0.0,0.0,0.003,0.346,0.194,0.0,0.0,0.445,0.0,0.0,0.0,0.012,0.0,0.0,0.0,0.0,5.152310848236084,6.016092777252197,5.6132493019104,5.003716468811035,1.8262804746627808,4.939427852630615,4.213974952697754,5.9329681396484375,5.653165340423584,5.710831165313721,5.641227722167969,6.202215671539307,5.734169960021973,0.3712900050204096,0.3500397985993934,0.45307075,0.10303095140060664
A4_A5_train_1m,train,1m,True,36,0.999,0.7757757757757757,0.0692623944526218,0.0664956940234498,0.874331749584901,0.1183451127832982,0.0073231376318007,5.13854692532466,0.5775775775775776,0.0,0.016016016016016,0.1361361361361361,0.0,0.007007007007007,0.0,0.0,0.1321321321321321,0.0,0.066066066066066,0.0,0.064064064064064,0.001001001001001,0.0,0.0,0.0,3.753798723220825,6.316792964935303,4.444733619689941,6.496055603027344,2.555508136749268,5.468338489532471,4.637434482574463,5.210977077484131,6.027653694152832,5.130958557128906,5.644321918487549,5.471099853515625,5.643436908721924,0.0926129275369985,0.06599046276880333,0.1675595152159978,0.10156905244719447
A4_A5_train_1m,train,1m,True,37,0.9980000000000002,0.3987975951903807,0.4866610568373103,0.201729588091511,0.6941272247445525,0.2082863743278725,0.0975864009275748,4.969163656234741,0.0050100200400801,0.0130260521042084,0.0400801603206412,0.1843687374749498,0.3426853707414829,0.0681362725450901,0.0290581162324649,0.0,0.0130260521042084,0.0,0.0060120240480961,0.003006012024048,0.0,0.002004008016032,0.0240480961923847,0.0771543086172344,0.1923847695390781,5.026422023773193,5.072512626647949,4.223289489746094,4.998081684112549,2.0003106594085693,5.011911392211914,5.214371204376221,5.35777759552002,5.670432090759277,7.577400207519531,5.103034973144531,4.877068042755127,4.46651554107666,0.2726313867878714,0.20071811309473384,0.4992796599411315,0.2985615468463977
A4_A5_train_1m,train,1m,True,38,0.999,0.6576576576576577,0.1774235927252024,0.1510438248913472,0.7161135561232985,0.2656852379707087,0.0182012059059928,5.545954630925105,0.009009009009009,0.015015015015015,0.0,0.0,0.0,0.0,0.0,0.0,0.0,0.0,0.0,0.6486486486486487,0.0,0.066066066066066,0.0,0.008008008008008,0.2532532532532532,5.007805824279785,4.905384063720703,6.044830799102783,5.689024925231934,5.543165683746338,6.600042343139648,6.009766578674316,5.248143672943115,5.204901218414307,6.734470844268799,5.271415710449219,5.445953369140625,4.392505168914795,0.1718015945161288,0.11769856208468084,0.2904740744949529,0.17277551241027206
A4_A5_train_1m,train,1m,True,39,1.0,0.841,0.4346224438932426,0.3685929186763508,0.375352542713878,0.512109077219542,0.1125383800665798,4.993031996947068,0.0,0.042,0.046,0.007,0.37,0.02,0.002,0.006,0.457,0.0,0.008,0.004,0.0,0.0,0.014,0.0,0.024,5.11309814453125,4.777293682098389,5.109024524688721,4.968809604644775,2.236644506454468,4.740827083587647,4.21690845489502,5.307089805603027,5.59416389465332,7.238756656646728,5.03219747543335,5.572150707244873,5.002451419830322,0.39058619122305044,0.36858274634974725,0.44623382531421707,0.07765107896446982
A4_A5_train_1m,train,1m,True,40,1.001,0.1218781218781218,0.1932597761850873,0.0269607037213043,0.9488726477907702,0.0483332969758507,0.002794055233379,5.374926933875451,0.0409590409590409,0.4865134865134864,0.0,0.3596403596403595,0.0,0.0,0.0,0.0,0.0429570429570429,0.0,0.0,0.0379620379620379,0.0,0.0,0.0009990009990009,0.0309690309690309,0.0,4.483772277832031,4.084653377532959,4.152863502502441,6.1054534912109375,5.35400390625,5.705118656158447,5.056640148162842,5.576696872711182,5.732850074768066,7.658815860748291,5.443605422973633,5.044731616973877,5.474844932556152,0.16409640487232838,0.026960703721304307,0.46933270998459586,0.44237200626329154
A4_A5_train_1m,train,1m,True,41,1.0,0.921,0.4408807208454975,0.4160504215615165,0.412788567586069,0.342322021704829,0.2448894107091019,5.1798697618337775,0.034,0.0,0.002,0.005,0.02,0.011,0.783,0.016,0.001,0.0,0.061,0.022,0.011,0.015,0.001,0.01,0.008,4.69763708114624,6.14774751663208,5.504880428314209,5.891500949859619,2.5461370944976807,3.768294095993042,4.877947807312012,5.280606746673584,5.879600524902344,5.807758808135986,5.5165696144104,5.912353515625,5.507272720336914,0.42014654582019284,0.40845240500636293,0.4461554938987033,0.037703088892340364
A4_A5_train_1m,train,1m,True,42,1.001,0.5214785214785214,0.4664663247086978,0.3232659869332464,0.5234421042358168,0.3065838176618731,0.1699740781023097,5.084016616527851,0.0059940059940059,0.0009990009990009,0.0009990009990009,0.0259740259740259,0.1088911088911088,0.0119880119880119,0.3756243756243755,0.0,0.0,0.0,0.0299700299700299,0.0009990009990009,0.0,0.1138861138861138,0.1188811188811188,0.0219780219780219,0.1838161838161837,5.103385925292969,5.81681489944458,4.879493713378906,5.411044597625732,2.4963607788085938,4.072724342346191,5.021194934844971,5.245903015136719,5.814209938049316,7.312902450561523,4.897205829620361,5.433531761169434,4.587443828582764,0.34331629991987694,0.2657847015519609,0.4861735979000398,0.2203888963480789
A4_A5_train_1m,train,1m,True,43,1.001,0.8441558441558442,0.160864989831529,0.1470878264066255,0.7557326933348059,0.1943589605171371,0.049908346148057,5.076522203592154,0.3266733266733267,0.0,0.0329670329670329,0.0,0.1448551448551448,0.0829170829170829,0.0069930069930069,0.0,0.1308691308691308,0.0019980019980019,0.1998001998001998,0.0349650349650349,0.0,0.0189810189810189,0.0039960039960039,0.0,0.0149850149850149,3.9178929328918457,5.826865196228027,5.672890663146973,5.243008136749268,1.9641127586364744,4.958409309387207,4.631067276000977,4.851532936096191,5.635731220245361,7.241580486297607,5.190623760223389,5.716239929199219,5.144834041595459,0.15861719287877604,0.1375076121764112,0.21490940700064112,0.07740179482422993
A4_A5_train_1m,train,1m,True,44,1.0000000000000002,0.2089999999999999,0.3977392636599888,0.1075865863463764,0.819465242062468,0.1458963431823106,0.0346384147552211,5.084354584033672,0.0029999999999999,0.1899999999999999,0.0,0.5059999999999999,0.0,0.0509999999999999,0.0569999999999999,0.0019999999999999,0.1399999999999999,0.0,0.0049999999999999,0.0039999999999999,0.0,0.0419999999999999,0.0,0.0,0.0,4.936156749725342,4.4209465980529785,4.081094264984131,6.294333934783936,2.0349221229553223,4.572906017303467,4.647099018096924,5.561471462249756,5.9413371086120605,7.266517639160156,5.63517951965332,5.1906046867370605,5.514040470123291,0.1998113305693962,0.08638470258838557,0.48467865610493727,0.3982939535165517
A4_A5_train_1m,train,1m,True,45,1.001,0.954045954045954,0.0234585839050127,0.0229022554028945,0.9581658897075724,0.0378637097790656,0.0039704005133617,5.588743741695698,0.903096903096903,0.0239760239760239,0.0169830169830169,0.0,0.0,0.0019980019980019,0.0,0.0009990009990009,0.0449550449550449,0.0019980019980019,0.0009990009990009,0.0049950049950049,0.0,0.0,0.0,0.0,0.0,3.638108968734741,5.1034135818481445,5.953833103179932,6.57130241394043,3.2984423637390137,5.690601825714111,5.021487236022949,5.967015266418457,6.166713714599609,7.760351181030273,5.840293884277344,5.948450565338135,5.693654537200928,0.030239778077446204,0.022900561708821297,0.045709138490796095,0.022808576781974798
A4_A5_train_1m,train,1m,True,46,1.001,0.5104895104895105,0.3991597595483368,0.2180678550955015,0.6532604442673859,0.2573434012742246,0.0893961544583891,4.864920946267935,0.0079920079920079,0.0219780219780219,0.0,0.3506493506493506,0.2777222777222777,0.0019980019980019,0.0519480519480519,0.0079920079920079,0.0519480519480519,0.0,0.0279720279720279,0.0929070929070929,0.0279720279720279,0.0,0.0409590409590409,0.0379620379620379,0.0,4.831500053405762,4.930476188659668,4.141411304473877,5.045565605163574,3.4484519958496094,4.71076250076294,4.8421831130981445,5.125277996063232,5.396003723144531,5.420391082763672,4.930731296539307,5.00034761428833,5.420869827270508,0.27699792324564626,0.21805430554291583,0.4522668702589409,0.23421256471602508
A4_A5_train_1m,train,1m,True,47,1.001,0.5464535464535464,0.50765,0.2889460407832843,0.561557228017014,0.2989934623994032,0.1394493095835827,5.89624966107882,0.0,0.0,0.0189810189810189,0.0,0.5464535464535464,0.0039960039960039,0.0,0.0009990009990009,0.0,0.0,0.0,0.0,0.0169830169830169,0.0029970029970029,0.0319680319680319,0.0,0.3776223776223776,8.440932273864746,6.074766635894775,6.765743732452393,4.974913120269775,2.968883991241455,7.715780258178711,6.937915325164795,5.945170879364014,5.751434326171875,5.861015319824219,5.153534412384033,5.707162380218506,4.353992938995361,0.3420392101402913,0.2874316816844404,0.5076499999999997,0.22021831831555932
A4_A5_train_1m,train,1m,True,48,1.0,0.527,0.3069636753816491,0.1635038431296275,0.6982516075006437,0.2764890987394576,0.0252592937598986,5.411233351780818,0.118,0.0,0.003,0.204,0.04,0.0,0.0,0.0,0.366,0.0,0.003,0.0,0.0,0.0,0.0,0.0,0.266,4.1681437492370605,6.259349346160889,4.611889362335205,5.667662143707275,5.244356632232666,5.20815896987915,4.357894420623779,5.897227764129639,5.876132011413574,7.667821884155273,5.675467014312744,5.309412002563477,4.402518272399902,0.21970084921222247,0.16350384312962746,0.4018883069261291,0.23838446379650163
A4_A5_train_1m,train,1m,True,49,1.0,0.7799999999999999,0.0207920677979376,0.0168814323893998,0.9681044663315432,0.0300282025581137,0.0018673311103429,5.7741538011110745,0.708,0.164,0.012,0.0,0.0,0.0,0.0,0.0,0.0,0.0,0.0,0.072,0.0,0.0,0.0,0.0,0.044,3.730212926864624,4.436660289764404,6.001482009887695,6.172852516174316,5.698367595672607,6.93580961227417,6.398937702178955,5.574679851531982,5.760085105895996,7.840114593505859,5.721960544586182,5.851420879364014,4.941415786743164,0.054386352583336565,0.016881432389399792,0.12790081288239136,0.11101938049299157
A4_A5_train_1m,train,1m,True,50,1.0000000000000002,0.6819999999999999,0.1020463560963576,0.0933279642492873,0.8481114110038415,0.1171212494937419,0.0347673395024164,5.143856727159941,0.5459999999999999,0.0179999999999999,0.0,0.0569999999999999,0.1299999999999999,0.0059999999999999,0.0,0.0139999999999999,0.0,0.0169999999999999,0.0,0.0059999999999999,0.0009999999999999,0.0,0.1099999999999999,0.0169999999999999,0.0779999999999999,3.7966833114624015,5.021888732910156,4.600696086883545,5.298296451568604,2.667093515396118,6.491039276123047,6.010045051574707,5.5225510597229,5.685656547546387,6.783571720123291,4.8601508140563965,5.374444007873535,4.758020877838135,0.13164199100290752,0.09330422882054541,0.23102831485771538,0.13772408603716996
A4_A5_train_1m,train,1m,True,51,0.999,0.8068068068068067,0.4795662078264124,0.3878097105430956,0.4324542028144693,0.3594721732848698,0.2080736239006607,5.70809296461252,0.0,0.0,0.0,0.0,0.0,0.0,0.6726726726726726,0.0,0.1301301301301301,0.0,0.0,0.004004004004004,0.0,0.0,0.0,0.1931931931931931,0.0,5.532787799835205,6.527656078338623,5.950851917266846,6.630948543548584,5.167536735534668,3.798149824142456,4.503209114074707,6.162086009979248,6.187751293182373,7.340127944946289,5.700646877288818,4.946561813354492,5.756894588470459,0.41063095706530756,0.38780971054309554,0.48499180531340164,0.0971820947703061
A4_A5_train_1m,train,1m,True,52,0.999,0.1401401401401401,0.1374256192032186,0.0220666513299518,0.9583530181873928,0.0391606609653107,0.0024863208472964,5.145880625798152,0.064064064064064,0.5815815815815815,0.011011011011011,0.002002002002002,0.0,0.011011011011011,0.0,0.0,0.049049049049049,0.0,0.027027027027027,0.0,0.0,0.0,0.0,0.1491491491491491,0.1051051051051051,4.392882823944092,4.020063877105713,5.173309326171875,6.295225143432617,2.4080824851989746,5.564821720123291,5.0122971534729,5.199732780456543,5.959908962249756,7.7769455909729,5.533198356628418,4.907405376434326,4.65257453918457,0.16368374847196887,0.022066651329951805,0.4557667033918424,0.4337000520618906
A4_A5_train_1m,train,1m,True,53,0.999,0.024024024024024,0.3137078357612987,0.0240705323338137,0.9632375863747612,0.0253837625828494,0.011378651042389,5.5614226047809305,0.0,0.6426426426426426,0.001001001001001,0.004004004004004,0.001001001001001,0.002002002002002,0.014014014014014,0.0,0.0,0.0,0.009009009009009,0.0,0.0,0.027027027027027,0.0,0.016016016016016,0.2832832832832832,7.007149696350098,3.991276979446411,5.402833938598633,6.188725471496582,3.207134962081909,5.462283134460449,5.98594331741333,5.365267276763916,6.085532188415527,7.815812587738037,5.907251834869385,5.463828086853027,4.415454387664795,0.1751819626687893,0.010429288458359262,0.5029907287870582,0.4925614403286989
A4_A5_train_1m,train,1m,True,54,1.001,0.9340659340659342,0.1638864295294749,0.1532786016278734,0.6976311774153074,0.2981804419136384,0.0041883806710542,5.299323155329778,0.0989010989010989,0.0,0.0,0.0,0.0,0.0029970029970029,0.0069930069930069,0.0,0.0009990009990009,0.0,0.0,0.8271728271728273,0.0,0.0,0.0,0.0,0.0629370629370629,4.346701622009277,5.3779706954956055,5.9593939781188965,5.633344650268555,3.2429494857788086,5.463810443878174,5.523324966430664,5.239508152008057,5.1780619621276855,7.30163049697876,5.134288787841797,5.7298102378845215,4.760405540466309,0.16107867860732467,0.1532786016278733,0.18655215945060832,0.03327355782273503
A4_A5_train_1m,train,1m,True,55,1.0,0.238,0.1546277064834746,0.0410555806605247,0.9222511090012402,0.0733866206764699,0.0043622703222897,5.317342171302209,0.108,0.497,0.0,0.0,0.0,0.0,0.0,0.001,0.088,0.002,0.029,0.013,0.0,0.0,0.007,0.255,0.0,4.241799354553223,4.076106548309326,5.621786594390869,6.162235736846924,5.391995906829834,5.376951694488525,4.80318546295166,5.207559585571289,5.744707584381104,7.082707405090332,5.2026472091674805,4.755011558532715,5.45875358581543,0.16517480578309368,0.04105388527275748,0.42363069414306703,0.38257680887030954
A4_A5_train_1m,train,1m,True,56,1.0020000000000002,0.6347305389221555,0.1412165767793761,0.1033529865976942,0.8008001907434839,0.1916936453176429,0.0075061639388728,4.808996420640212,0.0528942115768462,0.0089820359281437,0.0199600798403193,0.0089820359281437,0.0,0.0079840319361277,0.0079840319361277,0.0129740518962075,0.0888223552894211,0.0,0.2035928143712574,0.2814371257485029,0.0429141716566866,0.0019960079840319,0.0219560878243512,0.0489021956087824,0.1906187624750498,4.411746025085449,5.112115859985352,4.897669792175293,5.797713279724121,2.632209300994873,5.026473045349121,4.733946800231934,4.797581195831299,5.312499046325684,5.271421432495117,4.892145156860352,5.140616416931152,4.490816116333008,0.14644391871333368,0.10232355337637863,0.27506351580008276,0.17273996242370412
A4_A5_train_1m,train,1m,True,57,1.001,0.998001998001998,0.1552099829804811,0.155914158838662,0.6905497482401611,0.3070721858423541,0.002378065917485,5.887269716996413,0.0,0.0,0.0,0.0,0.0,0.0,0.0,0.0,0.0,0.0,0.1388611388611388,0.8591408591408592,0.0,0.0019980019980019,0.0,0.0,0.0,6.986747741699219,5.346676349639893,6.521917343139648,5.615074157714844,5.778436183929443,6.708127975463867,6.087891101837158,4.775575160980225,5.14619779586792,7.10297155380249,5.194708824157715,5.865085124969482,5.405097007751465,0.15551597080820703,0.15490571523548152,0.15591415883866191,0.0010084436031803923
A4_A5_train_1m,train,1m,True,58,1.0,1.0,0.2567498911403679,0.2567498911403679,0.5585521668628055,0.3693958839936532,0.0720519491435412,5.4202854083134575,0.019,0.0,0.0,0.0,0.108,0.0,0.143,0.0,0.0,0.0,0.005,0.725,0.0,0.0,0.0,0.0,0.0,4.8471198081970215,5.378610610961914,5.90403413772583,5.149438858032227,5.416506290435791,4.455813407897949,5.100099563598633,5.167911052703857,5.20856237411499,7.295760154724121,5.22182035446167,5.887460231781006,5.430573463439941,0.25674989114036784,0.25674989114036784,0.25674989114036784,0.0
A4_A5_train_1m,train,1m,True,59,0.999,0.2922922922922923,0.0228567921108849,0.0099500239337637,0.9829916818729828,0.014116588386507,0.0028917297405102,5.7707441953512335,0.2782782782782783,0.0,0.035035035035035,0.5735735735735735,0.0,0.0,0.0,0.0,0.014014014014014,0.0,0.0,0.0,0.0,0.0,0.0,0.0990990990990991,0.0,3.965298414230346,6.612681865692139,3.9468679428100586,6.555839538574219,5.376868724822998,5.957604885101318,5.43524169921875,6.635313034057617,6.283211708068848,7.90532922744751,6.110487937927246,4.728593826293945,5.506335735321045,0.09416292681505475,0.009950023933763728,0.3659486819783567,0.355998658044593
A4_A5_train_1m,train,1m,True,60,1.0,0.8089999999999999,0.1907710079688483,0.1743312081962439,0.6802161570206948,0.2909052695661224,0.0288785734131827,5.324331246889555,0.311,0.0,0.0,0.087,0.003,0.0,0.008,0.0,0.382,0.0,0.105,0.0,0.0,0.038,0.0,0.066,0.0,3.908792018890381,6.167742729187012,4.469869136810303,6.070940971374512,5.220755577087402,4.680066108703613,4.287607192993164,5.089911460876465,5.978978157043457,7.068933010101318,5.550899982452393,5.132067680358887,5.589742183685303,0.1848314330874084,0.15515161930735508,0.2512948954467983,0.0961432761394432
A4_A5_train_1m,train,1m,True,61,0.999,0.3353353353353352,0.355522174964669,0.140940858460071,0.7341368927936875,0.2498444974924828,0.0160186097138296,5.112476293857281,0.022022022022022,0.2742742742742743,0.0,0.0,0.003003003003003,0.001001001001001,0.01001001001001,0.0,0.2872872872872872,0.0,0.002002002002002,0.011011011011011,0.0,0.0,0.1091091091091091,0.2802802802802803,0.0,4.552950382232666,4.252624988555908,5.622159957885742,5.93869686126709,3.5106608867645264,4.733158111572266,4.370215892791748,5.459442615509033,5.723842620849609,7.355634689331055,4.793247699737549,4.70800256729126,5.441554546356201,0.23791545211408907,0.14094085846007096,0.4566361647779421,0.3156953063178711
A4_A5_train_1m,train,1m,True,62,1.0,0.424,0.3114565870230347,0.1680160956922088,0.717329405741684,0.2293089971322146,0.0533615971261015,4.98912211564871,0.11,0.005,0.0,0.301,0.011,0.003,0.083,0.009,0.219,0.008,0.0,0.001,0.003,0.063,0.0,0.0,0.184,4.182930946350098,5.533852577209473,4.20123291015625,5.881320476531982,3.036623239517212,4.398690700531006,4.46083402633667,6.00164794921875,5.90737771987915,5.824794769287109,5.685764789581299,5.2286224365234375,4.514894962310791,0.21643889565269525,0.1362030977286191,0.4244639928977668,0.2882608951691477
A4_A5_train_1m,train,1m,True,63,1.0,0.372,0.3044891977461021,0.1197605516964503,0.7740662522513436,0.2123463921044119,0.0135873556442444,5.187093367943397,0.029,0.034,0.011,0.0,0.0,0.0,0.0,0.0,0.262,0.0,0.013,0.068,0.001,0.007,0.0,0.546,0.029,4.488585948944092,4.885903358459473,5.504492282867432,6.050186634063721,5.163731098175049,5.030057430267334,4.398993968963623,5.353765964508057,5.584300518035889,6.357541561126709,5.351061820983887,4.4324951171875,4.8310980796813965,0.19427586251439447,0.11622746953270767,0.43207418156155003,0.31584671202884235
A4_A5_train_1m,train,1m,True,64,1.001,0.6473526473526472,0.0350949047459763,0.0346122637205518,0.9481128694887612,0.0345497335813736,0.017337396929865,5.274854494975164,0.6003996003996003,0.0049950049950049,0.0119880119880119,0.2947052947052946,0.0,0.0009990009990009,0.0359640359640359,0.0,0.0,0.0,0.0,0.0109890109890109,0.0099900099900099,0.0169830169830169,0.0,0.0009990009990009,0.0119880119880119,3.7678377628326416,5.612824440002441,4.211578369140625,6.416480541229248,3.821753978729248,5.0211992263793945,5.538304328918457,6.066100120544434,6.019536018371582,5.850015640258789,5.862129211425781,5.237085342407227,5.148263454437256,0.07139357593385341,0.026040493093517986,0.20174020806732496,0.17569971497380696
A4_A5_train_1m,train,1m,True,65,1.0,0.948,0.1514982158569719,0.146252341639387,0.7098300929094241,0.287835130902378,0.0023347761881979,5.458681143247164,0.091,0.026,0.0,0.0,0.001,0.0,0.0,0.0,0.003,0.0,0.067,0.786,0.0,0.0,0.014,0.002,0.01,4.367419719696045,4.768552303314209,5.992532730102539,5.539706707000732,5.5456085205078125,6.113979339599609,5.528487205505371,4.915516376495361,5.18274450302124,7.270689487457275,4.866237163543701,5.7557573318481445,5.115623474121094,0.1541447183674611,0.1462523416393869,0.17001810863240932,0.023765766993022408
A4_A5_train_1m,train,1m,True,66,1.001,0.6243756243756242,0.1957102604517901,0.1526042206958167,0.7132235991095743,0.2683443603892175,0.018432040501208,5.32672276863685,0.0,0.0,0.0,0.0179820179820179,0.0,0.0,0.0019980019980019,0.0,0.0469530469530469,0.0,0.0019980019980019,0.5734265734265733,0.0,0.0569430569430569,0.0019980019980019,0.1088911088911088,0.1898101898101898,5.594398498535156,5.503512859344482,4.692560195922852,5.6902289390563965,5.406549453735352,5.350276947021484,4.91867733001709,5.266021728515625,5.253047466278076,7.127767086029053,5.073119640350342,4.9237961769104,4.447439670562744,0.1790871293133144,0.12386357800517396,0.31288243035201657,0.18901885234684263
A4_A5_train_1m,train,1m,True,67,1.001,0.6103896103896104,0.4504638846134468,0.2779783937111461,0.5854489088720376,0.2731453948336323,0.1414056962943299,5.0674561720628,0.0029970029970029,0.0839160839160839,0.0069930069930069,0.0119880119880119,0.4645354645354645,0.0449550449550449,0.0779220779220779,0.0,0.0,0.0,0.0649350649350649,0.0,0.0,0.0,0.0099900099900099,0.0029970029970029,0.2287712287712287,5.390546798706055,4.57432746887207,5.041927814483643,4.916013240814209,2.080146312713623,4.720692157745361,5.42894172668457,5.018121719360352,5.65629768371582,7.789737224578857,5.236750602722168,5.5527873039245605,4.470640182495117,0.3292992454437847,0.27797839371114613,0.47274418930950624,0.1947657955983601
A4_A5_train_1m,train,1m,True,68,1.0,0.67,0.1708854565776889,0.1196918500162654,0.7670780268486422,0.2264602462701848,0.006461726881173,5.173592264835651,0.0,0.003,0.019,0.0,0.0,0.221,0.005,0.0,0.082,0.021,0.138,0.445,0.0,0.0,0.0,0.066,0.0,5.465458393096924,5.229877948760986,6.007363319396973,5.731409072875977,1.8064392805099487,5.076081275939941,4.749902248382568,4.843120098114014,5.298006057739258,7.309943675994873,5.241468906402588,5.101186275482178,5.396442890167236,0.1555293243877962,0.11969185001626541,0.2820177559070516,0.16232590589078616
A4_A5_train_1m,train,1m,True,69,1.0,0.891,0.1796270136441151,0.1935471936400745,0.6261429743334425,0.3606196640529663,0.0132373616135913,5.631533072544978,0.001,0.0,0.001,0.0,0.0,0.0,0.0,0.002,0.0,0.0,0.0,0.89,0.049,0.044,0.013,0.0,0.0,5.909402370452881,5.473536491394043,6.408538818359375,5.650169372558594,5.787696361541748,6.486886978149414,5.945801734924316,5.227286815643311,5.097600936889648,5.073175430297852,4.861169338226318,5.861124038696289,5.427541255950928,0.192235374722059,0.1713358578353001,0.21538151915690654,0.04404566132160645
A4_A5_train_1m,train,1m,True,70,1.0,0.001,0.1798236514522821,0.0098754929877665,0.9826187696357211,0.0150114747530241,0.0023697556112544,6.022816988138052,0.0,0.0,0.0,0.853,0.0,0.0,0.0,0.0,0.0,0.0,0.0,0.001,0.0,0.0,0.029,0.117,0.0,5.791354656219482,6.508427619934082,3.8435235023498535,6.47025728225708,5.707548141479492,7.632749080657959,6.859847068786621,6.065375328063965,6.09637451171875,7.978414535522461,5.197091102600098,4.642446041107178,5.503211975097656,0.12778899419932038,0.009875492987766505,0.5073221736514524,0.49744668066368586
A4_A5_train_1m,train,1m,True,71,1.0,0.51,0.496315551055742,0.2703990005528429,0.612352944528429,0.234496109837456,0.1531509456341148,5.365188855391282,0.0,0.021,0.0,0.099,0.002,0.0,0.502,0.003,0.001,0.0,0.0,0.005,0.0,0.004,0.077,0.019,0.267,5.805180549621582,5.130552768707275,4.548441410064697,6.210517883300781,5.367944240570068,3.9631152153015137,4.977492809295654,5.732695579528809,5.959261417388916,7.276486873626709,4.988574504852295,5.318973064422607,4.468218803405762,0.3284194013812517,0.2683750102959737,0.5018694310384284,0.2334944207424547
A4_A5_train_1m,train,1m,True,72,1.0,0.3589999999999999,0.3080909752185864,0.1353073294306939,0.7940450729867865,0.1412951951650392,0.0646597318481743,4.787480858656076,0.038,0.024,0.0,0.363,0.006,0.138,0.185,0.003,0.021,0.0,0.072,0.037,0.041,0.02,0.026,0.016,0.01,4.5284104347229,5.021412372589111,4.184553623199463,5.882453441619873,1.8943628072738647,4.313271522521973,4.894092082977295,5.143965721130371,5.676901817321777,5.29446268081665,5.078130722045898,5.139644622802734,5.18558931350708,0.20364562496729427,0.12520772279955586,0.4360083101034726,0.3108005873039167
A4_A5_train_1m,train,1m,True,73,1.001,0.2887112887112887,0.5007957429884787,0.1511103061845186,0.7756048343542143,0.1465697189225343,0.0778254467232514,5.179639073518606,0.0009990009990009,0.3586413586413586,0.0,0.0,0.1748251748251748,0.1078921078921079,0.1078921078921079,0.0,0.0049950049950049,0.0,0.0,0.0,0.0,0.0,0.0219780219780219,0.2207792207792208,0.0019980019980019,5.847026348114014,4.17090368270874,5.992398738861084,5.216383934020996,1.94123923778534,4.58021354675293,5.256517887115479,5.497099876403809,5.770963668823242,7.71484375,5.143347263336182,4.813568115234375,5.390801906585693,0.25780049334996047,0.1511103061845185,0.5056710986250451,0.35456079244052663
A4_A5_train_1m,train,1m,True,74,0.999,0.9549549549549547,0.1256981089706083,0.1212963894667838,0.7798185072511825,0.1977702065640668,0.0224112861847504,5.226524077928984,0.6266266266266266,0.0,0.0,0.019019019019019,0.05005005005005,0.02002002002002,0.0,0.0,0.2032032032032032,0.0,0.0,0.075075075075075,0.0,0.0,0.006006006006006,0.0,0.0,3.7244694232940674,6.008955001831055,5.015145301818848,5.551737308502197,2.213706970214844,5.282707214355469,4.475081920623779,5.738177299499512,5.699779510498047,7.424002647399902,5.224193096160889,5.95237922668457,5.634478092193604,0.12624698621248998,0.12129638946678375,0.1429031491070673,0.02160675964028355
A4_A5_train_1m,train,1m,True,75,1.0,0.361,0.1176061128152928,0.0879209165750517,0.8489354934477524,0.1262871799543917,0.0247773265978558,4.9586097827324505,0.0,0.327,0.003,0.084,0.001,0.007,0.004,0.0,0.081,0.011,0.23,0.045,0.012,0.078,0.0,0.0,0.117,5.42728853225708,4.204982280731201,4.609395503997803,5.887691497802734,2.625043630599976,5.196339130401611,4.854483604431152,4.809972286224365,5.567836761474609,5.589648246765137,5.45860481262207,5.546303749084473,4.684337139129639,0.16120909147907064,0.048552286750490295,0.36684415672632076,0.3182918699758305
A4_A5_train_1m,train,1m,True,76,0.999,0.5845845845845845,0.0048555043689495,0.0041142130165026,0.9931934511124828,0.0053846717420289,0.0014218771454881,5.651923748163076,0.5615615615615616,0.3783783783783783,0.0,0.0,0.0,0.025025025025025,0.0,0.0,0.0,0.0,0.022022022022022,0.001001001001001,0.0,0.0,0.0,0.011011011011011,0.001001001001001,3.808625459671021,4.172271728515625,6.025245189666748,6.417995452880859,2.156200408935547,7.242442607879639,6.76452112197876,5.294261932373047,6.112255573272705,8.157010078430176,5.967411994934082,5.75397253036499,5.602794647216797,0.07873206642152687,0.004114213016502566,0.21372408864010659,0.20960987562360403
A4_A5_train_1m,train,1m,True,77,1.0,0.063,0.3728975133489468,0.0299160952858043,0.9443587787732052,0.0514502518819812,0.0041909693448136,5.3520875710707445,0.001,0.353,0.0,0.354,0.0,0.0,0.0,0.0,0.061,0.0,0.001,0.0,0.0,0.002,0.01,0.18,0.038,5.121078968048096,4.186187267303467,4.063381195068359,6.302750587463379,5.443887233734131,5.611749172210693,4.944844722747803,5.630401611328125,5.942869663238525,7.535934925079346,5.224102020263672,4.7171125411987305,4.852838516235352,0.16421268850857879,0.028906643239020657,0.49916059334098367,0.470253950101963
A4_A5_train_1m,train,1m,True,78,1.0,0.509,0.0114340155121736,0.0089381500540832,0.9857302337361392,0.0106632324195551,0.0036065338443056,5.554785545055683,0.471,0.401,0.0,0.079,0.007,0.0,0.0,0.0,0.0,0.0,0.031,0.0,0.003,0.002,0.0,0.005,0.001,3.858219623565674,4.156088352203369,4.626086711883545,5.930944919586182,5.597759246826172,6.932406902313232,6.61055326461792,5.215539455413818,5.969718933105469,6.255069255828857,5.891017913818359,5.587634086608887,5.581173419952393,0.09383179237338146,0.007928698007299588,0.2550760638956964,0.24714736588839684
A4_A5_train_1m,train,1m,True,79,1.0,0.8260000000000001,0.081524408139745,0.0966957758005109,0.8171151637306457,0.1723781209376866,0.0105067153316676,5.4707560906043415,0.659,0.0,0.0,0.001,0.0,0.025,0.0,0.0,0.167,0.0,0.0,0.0,0.14,0.008,0.0,0.0,0.0,3.727626800537109,6.723914623260498,5.971821308135986,6.803301334381104,2.1735620498657227,5.423378944396973,4.563905715942383,6.460148811340332,6.243809223175049,4.812319278717041,5.670177459716797,6.643232345581055,5.9026312828063965,0.11381415505886502,0.0926579676133764,0.1556702611234294,0.06301229351005301
A4_A5_train_1m,train,1m,True,80,1.0,0.807,0.3660827522411642,0.3090588275220419,0.5105608393719571,0.3607606662120021,0.1286784944160408,5.09033621274508,0.001,0.013,0.0,0.0,0.261,0.058,0.203,0.047,0.0,0.006,0.0,0.342,0.064,0.001,0.0,0.0,0.004,5.894128799438477,5.03297233581543,6.359255313873291,5.048344135284424,2.041743755340576,4.311027050018311,5.089498043060303,5.29957389831543,5.273863315582275,5.126842975616455,5.253196716308594,6.036647319793701,5.4072771072387695,0.3304254991148668,0.3084744182735882,0.3934052310586196,0.0849308127850314
A4_A5_train_1m,train,1m,True,81,1.0,0.277,0.387656678700361,0.1106371695649817,0.7912795635455112,0.1961665337790144,0.0125539026754745,5.297927673046406,0.0,0.469,0.017,0.041,0.006,0.0,0.0,0.005,0.271,0.0,0.0,0.0,0.0,0.001,0.003,0.0,0.187,5.168089389801025,4.097475051879883,4.738083839416504,5.92235803604126,5.249316215515137,5.1383233070373535,4.431123733520508,5.588058471679688,5.878551006317139,7.334853172302246,5.261707782745361,5.541432857513428,4.52368688583374,0.2283209881925253,0.1101239666027535,0.47441185000000013,0.3642878833972466
A4_A5_train_1m,train,1m,True,82,1.0,0.612,0.5033684121850677,0.3202315665322629,0.5119379482166159,0.3356609705022423,0.1524010812811417,5.424900385049673,0.0,0.0,0.0,0.04,0.599,0.0,0.0,0.0,0.008,0.01,0.0,0.005,0.052,0.0,0.0,0.0,0.286,5.904451847076416,5.769182205200195,4.696850299835205,4.823879241943359,5.727783679962158,6.077179908752441,5.540137767791748,5.70606803894043,5.532410144805908,5.203817844390869,5.678569316864014,5.487232685089111,4.3761420249938965,0.3662752990795308,0.3202315665322629,0.5050296682572615,0.18479810172499855
A4_A5_train_1m,train,1m,True,83,0.999,0.990990990990991,0.3844068157859197,0.3822129648818592,0.2743646395376898,0.6868447911609019,0.0387905693014082,5.750808275662935,0.0,0.0,0.0,0.0,0.0,0.0,0.0,0.0,0.988988988988989,0.0,0.001001001001001,0.001001001001001,0.0,0.0,0.007007007007007,0.002002002002002,0.0,5.075393199920654,6.445424556732178,6.454787254333496,6.536040306091309,4.9015793800354,4.821788311004639,3.950912952423096,5.879345417022705,6.042532920837402,7.179432392120361,5.175995826721191,6.364803791046143,5.93247127532959,0.3832542314800397,0.38221296488185924,0.3855171147428033,0.0033041498609440723
A4_A5_train_1m,train,1m,True,84,1.001,0.7452547452547454,0.2451810120470706,0.2050776140251277,0.6078583221036098,0.3741281277425253,0.018013550153865,4.950157734063955,0.1538461538461538,0.0,0.0,0.0,0.0069930069930069,0.1098901098901099,0.0029970029970029,0.0,0.3546453546453547,0.0,0.0019980019980019,0.2247752247752248,0.1208791208791209,0.0,0.0,0.0239760239760239,0.0,4.098197937011719,5.798776626586914,5.6239447593688965,5.720683574676514,1.895457983016968,4.750450134277344,4.273987293243408,5.4761643409729,5.420907020568848,4.870192050933838,5.3629679679870605,5.512203216552734,5.548117637634277,0.23284878826174985,0.20507761402512756,0.31204374124586876,0.1069661272207412
A4_A5_train_1m,train,1m,True,85,1.001,0.7562437562437563,0.4790002951931809,0.3960801820835772,0.4400259345999287,0.3277877666329881,0.2321862987670833,5.716571239324717,0.0,0.0,0.0,0.0,0.0,0.1548451548451548,0.7232767232767233,0.0039960039960039,0.0019980019980019,0.0009990009990009,0.0309690309690309,0.0,0.0279720279720279,0.0549450549450549,0.0,0.0,0.0009990009990009,6.351230144500732,6.526603221893311,7.105541706085205,6.905886173248291,1.893263339996338,3.81841492652893,4.982966423034668,5.532324314117432,6.387294769287109,5.368585109710693,5.784358501434326,7.367510318756103,6.291447162628174,0.40456774226013464,0.36834120821982214,0.4859838396216162,0.11764263140179404
A4_A5_train_1m,train,1m,True,86,0.998,0.188376753507014,0.4816917475689417,0.104195887538203,0.8455875479230113,0.1004331290775711,0.0539793229994174,5.235661506652832,0.0,0.0150300601202404,0.0290581162324649,0.002004008016032,0.0,0.0120240480961923,0.1783567134268537,0.0100200400801603,0.0,0.0100200400801603,0.001002004008016,0.0090180360721442,0.0440881763527054,0.0,0.0080160320641282,0.002004008016032,0.6793587174348698,6.849578857421875,5.184517860412598,5.479054927825928,6.430743217468262,2.4588747024536133,4.374997615814209,5.2870683670043945,5.779410362243652,5.877424240112305,5.402123928070068,5.332662105560303,5.454739093780518,4.152404308319092,0.20183237484202007,0.10417889968482347,0.5027600686803215,0.39858116899549806
A4_A5_train_1m,train,1m,True,87,1.001,0.6523476523476525,0.3230137850044158,0.2586022157112148,0.5753866899580611,0.3320221886614489,0.0925911213804903,5.10342132128202,0.1788211788211788,0.0009990009990009,0.0029970029970029,0.0129870129870129,0.0519480519480519,0.0,0.1868131868131868,0.0049950049950049,0.2337662337662338,0.0069930069930069,0.0,0.0009990009990009,0.0129870129870129,0.0509490509490509,0.0979020979020979,0.1558441558441558,0.0009990009990009,4.096127033233643,5.953245162963867,4.78422212600708,5.5802741050720215,5.238745212554932,4.159611225128174,4.383962154388428,5.635195255279541,5.742480754852295,5.472236633300781,4.863551616668701,4.93787145614624,5.496954441070557,0.2832297748127169,0.23287843535974728,0.3872029986092738,0.15432456324952654
A4_A5_train_1m,train,1m,True,88,1.0,0.782,0.0051217050797479,0.0090979155301328,0.9844258245814814,0.0129525197767713,0.0026216556417471,5.470787085019625,0.716,0.147,0.0,0.004,0.001,0.001,0.0,0.0,0.0,0.015,0.065,0.0,0.004,0.002,0.0,0.045,0.0,3.728371381759644,4.478529453277588,5.153957366943359,6.22296667098999,3.768261671066284,6.995357513427734,6.569522380828857,5.117288589477539,6.034572124481201,6.247410297393799,5.808062553405762,5.353774070739746,5.642158031463623,0.044413590057767946,0.008088463483349215,0.11467287337236286,0.10658440988901365
A4_A5_train_1m,train,1m,True,89,0.999,0.4854854854854854,0.3325746112378406,0.1868750277219374,0.7014614670433541,0.2233270104694168,0.075211522487229,4.961350642717802,0.064064064064064,0.1791791791791791,0.002002002002002,0.0,0.1081081081081081,0.001001001001001,0.1561561561561561,0.0,0.0,0.0,0.0,0.1571571571571571,0.1101101101101101,0.0,0.025025025025025,0.0,0.1971971971971972,4.470522403717041,4.399294853210449,6.020051956176758,5.3122968673706055,3.697586297988892,4.418660640716553,5.100358963012695,5.380251884460449,5.405994892120361,4.954042434692383,4.990312576293945,5.808455467224121,4.539729118347168,0.2597330865526155,0.18687502772193743,0.4226534398902429,0.23577841216830547
A4_A5_train_1m,train,1m,True,90,0.999,0.923923923923924,0.1037583046117717,0.0961466225733155,0.8392924788219135,0.1291217972095419,0.0315857239685445,5.33156681060791,0.5765765765765766,0.04004004004004,0.0,0.021021021021021,0.0,0.0,0.0960960960960961,0.0,0.019019019019019,0.0,0.022022022022022,0.2102102102102102,0.0,0.0,0.0,0.014014014014014,0.001001001001001,3.786684989929199,4.832275390625,4.898463726043701,5.967018127441406,5.4691572189331055,4.576488971710205,4.967837810516357,5.2604265213012695,5.560996055603027,7.50966739654541,5.474143981933594,5.560803890228272,5.446404457092285,0.10788384271554577,0.09614662257331544,0.13448479995662188,0.03833817738330644
A4_A5_train_1m,train,1m,True,91,0.999,0.4204204204204204,0.2199608651590479,0.1139189530104227,0.7989910210953274,0.1741800517884995,0.026828927116173,5.31988525390625,0.1691691691691691,0.0,0.011011011011011,0.009009009009009,0.0,0.0,0.063063063063063,0.0,0.1551551551551551,0.0,0.031031031031031,0.002002002002002,0.0,0.0,0.1071071071071071,0.4524524524524524,0.0,4.081962585449219,6.165113925933838,4.666009902954102,6.321020603179932,5.397693157196045,4.508846282958984,4.535510063171387,5.260051250457764,5.899391174316406,7.509303569793701,4.841768741607666,4.521153450012207,5.45068359375,0.18222500778126324,0.11391895301042268,0.38669961297977984,0.2727806599693572
A4_A5_train_1m,train,1m,True,92,0.999,0.3383383383383384,0.4732821652235443,0.164641067388855,0.7683429250107107,0.134032015200869,0.0976250597884205,5.012554086171663,0.018018018018018,0.091091091091091,0.0,0.2502502502502503,0.0,0.2172172172172172,0.3203203203203204,0.0,0.0,0.0,0.0,0.0,0.008008008008008,0.0,0.002002002002002,0.008008008008008,0.0850850850850851,4.762213706970215,4.70991849899292,4.313742637634277,6.514005184173584,1.86767327785492,4.142496109008789,5.136071681976318,5.97714900970459,6.119912147521973,5.979384422302246,5.572013854980469,5.282341003417969,4.786281585693359,0.2453042598576356,0.164641067388855,0.4960220438894474,0.3313809765005924
A4_A5_train_1m,train,1m,True,93,0.999,0.5205205205205204,0.4700036987417421,0.2465741529705972,0.6504101317446762,0.2060314305694528,0.1435584376858708,5.421647585355318,0.007007007007007,0.2762762762762762,0.0,0.012012012012012,0.0,0.0,0.4754754754754754,0.0,0.001001001001001,0.0,0.0,0.037037037037037,0.0,0.001001001001001,0.0,0.0,0.1901901901901901,5.143677711486816,4.339475154876709,5.236588001251221,6.161417007446289,5.597896575927734,3.9871559143066406,5.010427951812744,5.631441593170166,5.834495544433594,7.437880516052246,5.613288879394531,5.881497859954834,4.606175899505615,0.32206136234261507,0.24606892171595074,0.48805432767337914,0.2419854059574284
A4_A5_train_1m,train,1m,True,94,1.0,0.6920000000000001,0.3312495483127508,0.2506318556981132,0.6404202577202177,0.2178957731633379,0.1416839691164443,5.098412843850943,0.0,0.0,0.0,0.053,0.001,0.059,0.432,0.0,0.028,0.0,0.223,0.008,0.005,0.038,0.0,0.149,0.004,5.694072246551514,6.133814334869385,4.615987300872803,6.168385982513428,2.0505261421203613,4.017833232879639,4.839486122131348,4.945175647735596,5.907817363739014,5.837466239929199,5.617880344390869,5.0019378662109375,5.448984146118164,0.27390688435078525,0.23145226680922434,0.3855808874324235,0.15412862062319918
A4_A5_train_1m,train,1m,True,95,0.999,0.6386386386386386,0.3240242620374612,0.2238126694404364,0.6444616123030661,0.2634514365129948,0.0920869511839391,5.005955879504864,0.002002002002002,0.074074074074074,0.0,0.0,0.3393393393393393,0.021021021021021,0.013013013013013,0.0,0.002002002002002,0.003003003003003,0.1321321321321321,0.1501501501501501,0.036036036036036,0.006006006006006,0.033033033033033,0.003003003003003,0.1851851851851851,5.569729328155518,4.584021091461182,6.243238925933838,4.967664241790772,2.2835559844970703,5.304216384887695,5.502353191375732,4.858355522155762,5.313263893127441,5.328341960906982,4.928449630737305,5.668693542480469,4.525542736053467,0.2693003641427087,0.2207812819125577,0.3903795086885886,0.16959822677603092
A4_A5_train_1m,train,1m,True,96,0.999,0.6596596596596597,0.0827880995059574,0.0567719395695524,0.9194648308790724,0.0475264591027499,0.0330087100181774,5.560164378239558,0.5535535535535535,0.0,0.0,0.0,0.0,0.0,0.103103103103103,0.0,0.0,0.0,0.0,0.003003003003003,0.004004004004004,0.0,0.0,0.2692692692692692,0.067067067067067,3.788387298583984,6.463272571563721,5.5177435874938965,6.595051288604736,5.5673346519470215,4.598535537719727,5.365974426269531,6.356646537780762,6.224036693572998,6.342473030090332,5.989168643951416,4.7269287109375,4.746583938598633,0.0970302879630358,0.05677193956955233,0.22738574331774355,0.17061380374819124
A4_A5_train_1m,train,1m,True,97,1.002,0.6007984031936128,0.1707904276677996,0.1752065661900916,0.6741692339801661,0.3012483996594844,0.0245823663603494,5.086579616253193,0.0459081836327345,0.0089820359281437,0.0049900199600798,0.0009980039920159,0.0019960079840319,0.0,0.0009980039920159,0.0,0.1017964071856287,0.0,0.1087824351297405,0.3413173652694611,0.1287425149700599,0.0718562874251497,0.0688622754491018,0.1147704590818363,0.0,4.4722580909729,5.114863395690918,5.396151065826416,5.663141250610352,5.443495750427246,5.210506439208984,4.678391456604004,4.9017510414123535,5.275353908538818,4.774731159210205,4.762261390686035,5.003898620605469,5.428731441497803,0.19961167568900398,0.13893882798229662,0.3052653068423306,0.166326478860034
A4_A5_train_1m,train,1m,True,98,1.001,0.7052947052947053,0.3447125967161674,0.2516271099835238,0.5805109045943551,0.3357239708442419,0.0837651245614028,4.968219261903029,0.0129870129870129,0.0139860139860139,0.0,0.0119880119880119,0.3036963036963037,0.0129870129870129,0.0,0.0,0.1598401598401598,0.0,0.0779220779220779,0.1508491508491508,0.0,0.0,0.0429570429570429,0.0,0.2127872127872127,4.703857898712158,4.996525287628174,5.025149822235107,4.98667573928833,2.4121172428131104,5.254591941833496,4.561776638031006,4.946125030517578,5.38848876953125,7.343323230743408,4.859120845794678,5.643271446228027,4.465826511383057,0.2872483688778287,0.25162710998352383,0.3927311121694445,0.14110400218592067
A4_A5_train_1m,train,1m,True,99,1.001,0.8311688311688311,0.4186267629537637,0.351559249639665,0.4211391164963038,0.4546032677280621,0.124257615775634,5.034334586216853,0.0679320679320679,0.0,0.0189810189810189,0.0,0.4385614385614385,0.0089910089910089,0.0,0.0139860139860139,0.3246753246753247,0.0,0.0,0.0,0.0169830169830169,0.0,0.0,0.0239760239760239,0.0859140859140858,4.316067218780518,5.8995361328125,5.775418758392334,4.928976058959961,2.5044517517089844,5.036896705627441,4.336770057678223,5.846222400665283,5.598352909088135,5.519062519073486,5.637336254119873,5.334986686706543,4.7122721672058105,0.37145974280392224,0.3515355379226403,0.4336566601174138,0.08212112219477347
A4_A5_train_1m,train,1m,True,100,0.999,0.7657657657657657,0.1017122238079851,0.0863968676863337,0.8391277459889608,0.1489507726494109,0.0119214813616283,5.14715836598323,0.2322322322322322,0.0,0.021021021021021,0.0,0.008008008008008,0.0,0.021021021021021,0.029029029029029,0.045045045045045,0.009009009009009,0.2132132132132131,0.2462462462462462,0.028028028028028,0.002002002002002,0.001001001001001,0.0,0.1441441441441441,4.033085823059082,5.65837287902832,5.962646484375,5.657662868499756,4.278047561645508,5.04075288772583,4.91111421585083,4.845234394073486,5.411741256713867,5.641843318939209,5.191307067871094,5.69864559173584,4.58260440826416,0.11341314001849039,0.08533718971632909,0.1967967479610696,0.11145955824474052
A4_A5_train_1m,train,1m,True,101,1.001,0.3396603396603396,0.1765468965525835,0.0627656616288731,0.8770228370384263,0.1204230026654009,0.0025541602961727,5.508998687450703,0.0089910089910089,0.1298701298701298,0.0,0.0,0.0,0.0,0.0019980019980019,0.0,0.0,0.0,0.0009990009990009,0.3276723276723276,0.0,0.0,0.0,0.5124875124875125,0.0179820179820179,5.055220127105713,4.412162780761719,5.744296550750732,5.791740417480469,5.67209529876709,6.085699558258057,5.968747615814209,5.32794713973999,5.350471019744873,7.473081111907959,5.378655910491943,4.457281589508057,4.89958381652832,0.14970593914457622,0.06276566162887308,0.39518740742045777,0.3324217457915847
A4_A5_train_1m,train,1m,True,102,1.0,0.3269999999999999,0.2397076811682257,0.088859227575414,0.853664441743355,0.1149526613624619,0.031382896894183,5.058160011584942,0.01,0.058,0.008,0.202,0.0,0.0,0.101,0.001,0.0,0.0,0.062,0.154,0.025,0.0,0.021,0.007,0.351,4.907496929168701,4.704751968383789,4.288097858428955,5.937844276428223,5.494296550750732,4.615201950073242,5.237546920776367,5.060665130615234,5.454193592071533,5.559998035430908,5.014458656311035,5.1603546142578125,4.321173667907715,0.17267010548315245,0.0888575321876467,0.4200328617420098,0.33117532955436313
A4_A5_train_1m,train,1m,True,103,1.001,0.0499500499500499,0.3504660221790825,0.0245198610750956,0.9549882373829977,0.040983803083814,0.0040279595331886,5.707575486256526,0.0039960039960039,0.0,0.0,0.9350649350649352,0.0,0.0,0.0,0.0,0.0449550449550449,0.0149850149850149,0.0,0.0009990009990009,0.0,0.0,0.0,0.0,0.0,4.916298866271973,6.377434730529785,3.861647844314575,6.383059024810791,5.341269493103027,5.686931133270264,5.057974338531494,6.234428405761719,6.106884479522705,7.844186782836914,5.89720344543457,4.970556735992432,5.52060604095459,0.13688072908050194,0.02451986107509555,0.4997986524564976,0.47527879138140205
A4_A5_train_1m,train,1m,True,104,1.0,0.97,0.4294096433533844,0.4166523718819085,0.3027715818657178,0.561152092504747,0.136076325629535,5.525642706797673,0.0,0.008,0.02,0.002,0.019,0.0,0.359,0.0,0.59,0.0,0.0,0.002,0.0,0.0,0.0,0.0,0.0,5.158628463745117,5.502949237823486,5.701315879821777,5.912553787231445,4.967542171478272,3.866597890853882,4.135025024414063,5.986878395080566,5.980845928192139,7.123626708984375,5.58851957321167,6.0373053550720215,5.8715667724609375,0.42109594662027006,0.41665237188190857,0.4317568540527829,0.015104482170874345
A4_A5_train_1m,train,1m,True,105,1.001,0.4155844155844155,0.1782539554079273,0.1226713143856064,0.7716641341932411,0.2113291028423045,0.0170067629644541,5.0328695223881645,0.0089910089910089,0.2037962037962037,0.0329670329670329,0.1278721278721278,0.0,0.0,0.0,0.0009990009990009,0.1138861138861138,0.0,0.1268731268731268,0.1658341658341658,0.0429570429570429,0.0449550449550449,0.0919080919080918,0.0359640359640359,0.0029970029970029,4.802148818969727,4.330720901489258,4.396409034729004,5.879358768463135,5.368127822875977,5.338217735290527,4.66876220703125,4.892885684967041,5.378981113433838,5.142445087432861,4.773851871490479,5.132817268371582,5.322577476501465,0.19155296477291142,0.09997963961997314,0.3707581373123849,0.27077849769241175
A4_A5_train_1m,train,1m,True,106,0.999,0.4884884884884884,0.467246073802005,0.2738460613450499,0.5864952018941076,0.2793174735216848,0.1341873245842075,5.289851610477154,0.028028028028028,0.1551551551551551,0.0,0.0,0.4394394394394394,0.001001001001001,0.0,0.0,0.013013013013013,0.0,0.008008008008008,0.0,0.0,0.0850850850850851,0.004004004004004,0.2662662662662662,0.0,4.613417148590088,4.373932838439941,5.722264766693115,4.892271995544434,3.798540353775024,5.997874736785889,5.424940586090088,5.258536338806152,5.670160293579102,7.575159549713135,5.337752342224121,4.692935466766357,5.410284519195557,0.31788551920085356,0.2309014047001009,0.48791314716254097,0.2570117424624401
A4_A5_train_1m,train,1m,True,107,1.001,0.5494505494505495,0.3049604392947821,0.2193496986492989,0.6021052710367457,0.3570900606279109,0.0408046683353435,4.989442605238694,0.0089910089910089,0.0,0.0,0.0429570429570429,0.0029970029970029,0.0429570429570429,0.0,0.0419580419580419,0.4025974025974027,0.0089910089910089,0.0749250749250749,0.0599400599400599,0.0,0.0919080919080919,0.0109890109890109,0.1958041958041958,0.0149850149850149,4.668123245239258,5.888238906860352,4.48575496673584,5.836918830871582,2.059765338897705,4.998200416564941,4.2567667961120605,5.080246925354004,5.634112358093262,7.0532732009887695,5.038467884063721,4.809791088104248,5.053093910217285,0.2419562577451091,0.1728901577519239,0.3962821095026272,0.2233919517507033
A4_A5_train_1m,train,1m,True,108,1.001,0.7382617382617382,0.2007009854069927,0.1571159578199333,0.6921666736129545,0.3014347371342243,0.0063985892528211,5.295009301258967,0.0,0.0,0.0,0.0,0.0019980019980019,0.0039960039960039,0.0,0.0,0.0719280719280719,0.0,0.0,0.6643356643356643,0.0,0.0059940059940059,0.0289710289710289,0.0139860139860139,0.2087912087912087,5.729280948638916,5.476287841796875,6.23392915725708,5.5872063636779785,3.022134065628052,5.441208362579346,4.802149772644043,5.426651477813721,5.1738152503967285,7.248427391052246,4.839317321777344,5.4186530113220215,4.436059951782227,0.18617912613528698,0.15409062701039183,0.28104128692883845,0.12695065991844662
A4_A5_train_1m,train,1m,True,109,1.001,0.3556443556443556,0.20515398600089,0.0799039037708654,0.8605255320196189,0.1191411284190309,0.0203333395613499,5.334094707782452,0.0049950049950049,0.5484515484515484,0.0129870129870129,0.0009990009990009,0.0099900099900099,0.0,0.0499500499500499,0.0,0.0,0.0039960039960039,0.0529470529470529,0.2377622377622377,0.0009990009990009,0.0079920079920079,0.0,0.0689310689310689,0.0,5.290669918060303,4.022796154022217,5.575185298919678,5.584018230438232,5.612283706665039,4.911389350891113,5.414863109588623,4.995716571807861,5.371796131134033,6.640830993652344,5.271357536315918,5.168564319610596,5.483759880065918,0.19140561311676524,0.0758701293581435,0.4000690000163003,0.3241988706581568
A4_A5_train_1m,train,1m,True,110,1.0,0.076,0.1775183318854818,0.0177218878440873,0.966410388284529,0.0317354477427671,0.0018541639727037,5.449594552700336,0.001,0.317,0.0,0.583,0.0,0.021,0.0,0.0,0.0,0.0,0.0,0.075,0.0,0.001,0.0,0.0,0.002,5.620189189910889,4.206385612487793,4.013694286346436,6.043658256530762,2.2797086238861084,7.220981121063232,6.694394588470459,5.523043155670166,5.66209602355957,7.519245624542236,5.647872924804688,5.093865394592285,5.319594383239746,0.14795627724153038,0.01721716182069548,0.4825599932232967,0.4653428314026012
A4_A5_train_1m,train,1m,True,111,0.999,0.7967967967967967,0.4866974514538563,0.3887376399654538,0.4432911211429918,0.3359424777831087,0.2207664010738995,5.312416535157424,0.0,0.0,0.0,0.009009009009009,0.055055055055055,0.008008008008008,0.6786786786786787,0.0,0.051051051051051,0.0,0.006006006006006,0.006006006006006,0.0,0.0,0.0,0.1861861861861861,0.0,5.645575046539307,6.266800880432129,4.981578350067139,5.664093971252441,2.6602232456207275,3.8116331100463854,4.6597185134887695,5.680289268493652,5.973916053771973,7.404519081115723,5.653552055358887,4.944972515106201,5.714542865753174,0.41260103076060306,0.3887376399654537,0.4909550764337031,0.10221743646824943
A4_A5_train_1m,train,1m,True,112,0.999,0.3553553553553553,0.1141683734269648,0.0424892104680585,0.917885061852778,0.0792514553583267,0.0028634827888951,5.569669283353365,0.1481481481481481,0.005005005005005,0.0,0.018018018018018,0.008008008008008,0.0,0.0,0.002002002002002,0.0,0.0,0.0,0.1991991991991992,0.0,0.0,0.0,0.0,0.6196196196196196,4.195310115814209,5.30781364440918,4.813328742980957,5.682437419891357,5.553337097167969,6.86305046081543,6.224489688873291,5.556777000427246,5.511932373046875,7.572812557220459,5.530946731567383,5.453011512756348,4.140453338623047,0.11957710425304371,0.042485816298354295,0.3678241967633359,0.3253383804649816
A4_A5_train_1m,train,1m,True,113,1.0,0.981,0.3830612607766333,0.3818223569878524,0.2766783270454337,0.6829986319334277,0.0403230410211385,5.79182611978971,0.005,0.0,0.0,0.0,0.0,0.0,0.0,0.0,0.976,0.0,0.0,0.0,0.0,0.008,0.011,0.0,0.0,4.742549896240234,6.48699951171875,6.664533615112305,6.565987586975098,4.897328853607178,4.830458641052246,3.9565861225128174,5.968825340270996,6.072268962860107,6.925679683685303,5.12975025177002,7.0306010246276855,6.022170066833496,0.38149139703092344,0.3777845488007179,0.38542844682187727,0.00764389802115939
A4_A5_train_1m,train,1m,True,114,0.999,0.7777777777777777,0.476674208580618,0.3805939207110195,0.446697041955251,0.3454180746674586,0.2078848833772902,5.115278867574839,0.0,0.003003003003003,0.005005005005005,0.1241241241241241,0.014014014014014,0.032032032032032,0.6536536536536536,0.002002002002002,0.096096096096096,0.004004004004004,0.014014014014014,0.0,0.009009009009009,0.013013013013013,0.0,0.03003003003003,0.0,5.359449863433838,5.824941158294678,4.566592216491699,5.988992691040039,2.171967029571533,3.815255641937256,4.55690860748291,5.58425760269165,6.020347595214844,5.785991191864014,5.633687496185303,5.374818801879883,5.815415382385254,0.4024171326824154,0.3740225202309112,0.483557717784925,0.10953519755401381
A4_A5_train_1m,train,1m,True,115,0.999,0.5275275275275274,0.2644866311948091,0.1587599765584953,0.7159823895408722,0.2505152678012641,0.0335023426578633,5.0793792467850905,0.109109109109109,0.3363363363363363,0.0,0.011011011011011,0.05005005005005,0.09009009009009,0.0,0.0,0.2912912912912912,0.0,0.07007007007007,0.007007007007007,0.0,0.035035035035035,0.0,0.0,0.0,4.233831405639648,4.199690341949463,5.273865222930908,5.527332782745361,1.949958562850952,5.094605445861816,4.397753715515137,5.044366359710693,5.7486491203308105,7.166435241699219,5.49281120300293,6.174264907836914,5.728365898132324,0.22496891153279402,0.14107688264586932,0.3793746292689333,0.23829774662306397
A4_A5_train_1m,train,1m,True,116,1.0,0.93,0.4977188177258147,0.4633770602783669,0.3508300337194878,0.3715858120042905,0.2775841542762216,5.581812601823073,0.0,0.0,0.006,0.051,0.016,0.004,0.908,0.005,0.0,0.001,0.0,0.006,0.0,0.0,0.0,0.003,0.0,6.042614459991455,6.339552879333496,4.961252212524414,6.061741828918457,3.0340983867645264,3.721018075942993,4.971028804779053,6.1284003257751465,6.190062046051025,7.434755802154541,5.801159381866455,5.864423751831055,6.013455867767334,0.47160065413119906,0.4633685833395304,0.4984140004850077,0.03504541714547732
A4_A5_train_1m,train,1m,True,117,1.0,0.266,0.3219009889869903,0.0888688630931261,0.8301082426170527,0.1620457885796427,0.0078459688033047,5.493302418635442,0.0,0.6960000000000001,0.016,0.0,0.002,0.0,0.0,0.005,0.181,0.0,0.0,0.083,0.0,0.0,0.006,0.0,0.011,5.479312419891357,3.9554905891418457,6.383959770202637,5.87429141998291,5.252535343170166,5.255712032318115,4.56742000579834,5.388412952423096,5.606517314910889,7.349263668060303,5.10959529876709,5.930854320526123,5.259566307067871,0.22355147923520194,0.08886038615428972,0.45824076307053946,0.36938037691624975
A4_A5_train_1m,train,1m,True,118,1.001,0.8581418581418583,0.2965372672914587,0.259677096711964,0.5331778823135449,0.4142900419489823,0.0525320757374729,5.253312000861535,0.0,0.0,0.0,0.1038961038961039,0.0189810189810189,0.0,0.1008991008991009,0.0109890109890109,0.4245754245754246,0.0,0.1438561438561438,0.1698301698301698,0.0,0.0,0.0259740259740259,0.0009990009990009,0.0,5.058100700378418,5.774044036865234,4.586391925811768,5.578293323516846,5.144877910614014,4.26485538482666,4.246398448944092,4.941940307617188,5.494592666625977,7.1207146644592285,4.911623477935791,5.593939304351807,5.57728385925293,0.27615302921828583,0.2596584660771587,0.32648532727608676,0.06682686119892806
A4_A5_train_1m,train,1m,True,119,1.001,0.5334665334665335,0.0982565091941791,0.0553881358011834,0.916374703951368,0.0564743204948974,0.0271509755537347,5.23164596924415,0.3506493506493506,0.4475524475524476,0.0,0.0089910089910089,0.0799200799200799,0.0009990009990009,0.0199800199800199,0.0,0.0,0.0,0.0829170829170829,0.0,0.0089910089910089,0.0,0.0,0.0,0.0,3.962941884994507,4.112522602081299,5.3032708168029785,5.439176082611084,3.788871288299561,5.263002872467041,5.697843074798584,5.013818740844727,5.803979396820068,6.005463600158691,5.747857093811035,6.167215824127197,5.705434322357178,0.14118515089406397,0.05538813580118337,0.2892522736360555,0.23386413783487212
A4_A5_train_1m,train,1m,True,120,1.0,0.926,0.4987531687804041,0.4705936822585913,0.3361414741398054,0.3865296872032068,0.2773288386569877,5.474159240722656,0.0,0.0,0.0,0.005,0.021,0.008,0.903,0.0,0.0,0.0,0.002,0.0,0.048,0.0,0.0,0.011,0.002,6.376014709472656,6.526675701141357,5.621170520782471,6.055512428283691,2.656043529510498,3.717090606689453,4.946269035339356,5.999734878540039,6.20585298538208,5.371146202087402,5.764069080352783,5.989230632781982,5.935259819030762,0.479039796111043,0.4705936822585912,0.49941153429065416,0.02881785203206294
A4_A5_train_1m,train,1m,True,121,1.001,0.5914085914085914,0.0915893870654162,0.0607659243656045,0.8858665584795462,0.1067350343096977,0.0073984072107557,4.878322711357703,0.1318681318681318,0.2957042957042957,0.0019980019980019,0.0009990009990009,0.0029970029970029,0.0309690309690309,0.0129870129870129,0.0,0.0399600399600399,0.0029970029970029,0.2397602397602397,0.1638361638361638,0.0179820179820179,0.0009990009990009,0.0059940059940059,0.0419580419580419,0.0089910089910089,4.239254474639893,4.234015941619873,5.490855693817139,5.73520565032959,2.1392645835876465,5.122607707977295,4.996569633483887,4.78140926361084,5.4395294189453125,5.570527076721191,5.092272758483887,5.352879524230957,5.223803520202637,0.12847070871256286,0.06026170256401416,0.26158817896376213,0.20132647639974796
A4_A5_train_1m,train,1m,True,122,1.0000000000000002,0.8299999999999998,0.3355147512321858,0.2992153064840595,0.5336706107108051,0.3342281656102704,0.1321012236789242,5.401022837712215,0.0,0.0199999999999999,0.0,0.0,0.0019999999999999,0.0,0.4019999999999999,0.0,0.0,0.0,0.0,0.4259999999999999,0.0049999999999999,0.0379999999999999,0.0009999999999999,0.0,0.1059999999999999,6.236365795135498,5.00108814239502,6.307534217834473,5.729959011077881,5.410891056060791,4.035253524780273,4.993117332458496,5.389898777008057,5.357866287231445,5.915676116943359,5.166863441467285,5.9212260246276855,4.747557163238525,0.30869648379846104,0.28003571759517043,0.36477774352271386,0.08474202592754343
A4_A5_train_1m,train,1m,True,123,1.001,0.4515484515484517,0.3394116310475039,0.1622001323238499,0.6983990657889904,0.2788016037743197,0.02279933043669,5.233468826000507,0.0179820179820179,0.0739260739260739,0.0,0.4605394605394606,0.0,0.0,0.0159840159840159,0.0,0.3416583416583417,0.0,0.0,0.0759240759240759,0.0,0.0129870129870129,0.0,0.0,0.0009990009990009,4.538226127624512,4.69615364074707,4.094334602355957,5.995516300201416,5.170372009277344,4.643681526184082,4.337979793548584,5.673089504241943,5.660676002502441,7.137072563171387,5.501818656921387,5.178438663482666,5.407735347747803,0.227942098871455,0.15564524890317694,0.4316822250084632,0.27603697610528627
A4_A5_train_1m,train,1m,True,124,1.001,0.932067932067932,0.0389970259464355,0.0371647500557559,0.9288822777772427,0.0679059443340025,0.0032117778887546,5.488834692881658,0.7132867132867133,0.0119880119880119,0.0309690309690309,0.0209790209790209,0.0039960039960039,0.0,0.0,0.0,0.0,0.0,0.0429570429570429,0.1718281718281718,0.0029970029970029,0.0,0.0,0.0,0.0009990009990009,3.728559255599976,5.145946025848389,4.857710361480713,5.790128231048584,5.4473419189453125,6.728346824645996,6.157440185546875,5.159739971160889,5.518735408782959,6.234559059143066,5.5299506187438965,5.604667663574219,5.451725482940674,0.046546358855339885,0.037164750055755834,0.07083359161640769,0.033668841560651856
A4_A5_train_1m,train,1m,True,125,0.999,0.1671671671671671,0.3955271006238554,0.0923122339731109,0.8325835380786698,0.1502084558964381,0.0172080060248918,4.976043426073515,0.0,0.002002002002002,0.035035035035035,0.4534534534534534,0.0,0.1821821821821821,0.022022022022022,0.052052052052052,0.1431431431431431,0.002002002002002,0.002002002002002,0.0,0.018018018018018,0.012012012012012,0.073073073073073,0.001001001001001,0.002002002002002,5.052676677703857,5.73390007019043,4.065041542053223,6.331191062927246,1.8561370372772217,4.768402099609375,4.597282409667969,5.634617328643799,5.874026775360107,5.402242183685303,4.921910762786865,5.082621574401856,5.3685150146484375,0.18323069591392094,0.08616121050504273,0.4889067325367204,0.4027455220316777
A4_A5_train_1m,train,1m,True,126,1.0,0.682,0.2498236468891836,0.1882530837422317,0.6688474895648128,0.2857988533859113,0.0453536570492759,5.585982726170466,0.0,0.002,0.0,0.004,0.145,0.0,0.0,0.0,0.001,0.0,0.0,0.536,0.0,0.029,0.013,0.0,0.27,6.597900390625,5.284028053283691,5.255824089050293,5.083498001098633,5.579577445983887,6.378727912902832,5.939358234405518,5.267014026641846,5.238536357879639,7.076951026916504,4.945696830749512,5.584359645843506,4.386303424835205,0.21698159944015494,0.17361602906386905,0.33181242717842324,0.1581963981145542
A4_A5_train_1m,train,1m,True,127,0.999,0.8798798798798799,0.4595783807264726,0.4138353084476415,0.4171739337658681,0.3379815155729805,0.2448445506611513,5.2504966259002686,0.059059059059059,0.001001001001001,0.0,0.002002002002002,0.003003003003003,0.062062062062062,0.8028028028028028,0.001001001001001,0.0,0.0,0.007007007007007,0.008008008008008,0.021021021021021,0.008008008008008,0.007007007007007,0.0,0.018018018018018,4.560189723968506,6.032604694366455,5.9205474853515625,6.381864547729492,2.04323959350586,3.75543999671936,4.888918876647949,5.738728046417236,6.107421875,5.489173412322998,5.4299492835998535,6.513606548309326,5.394772052764893,0.4243728759987598,0.4097917613256178,0.46535274940797733,0.05556098808235954
A4_A5_train_1m,train,1m,True,128,1.0,0.289,0.166625719071377,0.0637792993871892,0.8738874423206262,0.1246665165843692,0.0014460410950045,5.531904037182148,0.0,0.029,0.012,0.0,0.0,0.0,0.0,0.0,0.009,0.0,0.032,0.248,0.0,0.0,0.075,0.152,0.443,6.386459827423096,4.800906181335449,6.015259742736816,5.842191219329834,5.629854679107666,6.055182933807373,5.435364246368408,5.076678276062012,5.393741130828857,7.483547210693359,4.796361923217773,4.788577079772949,4.210628032684326,0.15017412057874885,0.06377929938718917,0.409093982811628,0.34531468342443883
A4_A5_train_1m,train,1m,True,129,0.999,0.6716716716716715,0.264179064241448,0.2130261987307652,0.6145179098040584,0.3449117829303524,0.040570307265589,5.114644875893226,0.2282282282282282,0.001001001001001,0.013013013013013,0.1581581581581581,0.0,0.009009009009009,0.056056056056056,0.0,0.3853853853853853,0.0,0.002002002002002,0.0,0.0,0.029029029029029,0.1111111111111111,0.007007007007007,0.0,3.993977546691896,6.077042102813721,4.405641555786133,6.397871494293213,2.5049006938934326,4.368973255157471,4.264232635498047,5.652474403381348,5.966623306274414,7.055220127105713,4.83425760269165,5.353143215179443,5.616025447845459,0.24237129139730373,0.19837449234601787,0.3441174695755871,0.14574297722956922
A4_A5_train_1m,train,1m,True,130,0.999,0.9449449449449449,0.2801064435183988,0.2745853688801241,0.541560785678714,0.3677076908823234,0.0907315234389624,5.506486379183256,0.0,0.0,0.0,0.0,0.0,0.0,0.2962962962962962,0.0,0.0,0.023023023023023,0.0,0.6486486486486486,0.029029029029029,0.0,0.003003003003003,0.0,0.0,6.638150691986084,5.494897842407227,6.387492656707764,5.764348030090332,5.521823406219482,4.154872417449951,5.039986610412598,5.286116123199463,5.234175682067871,5.476996898651123,5.034037113189697,6.02403736114502,5.527388095855713,0.28119099409039655,0.2745853688801241,0.2926338665479163,0.018048497667792207
A4_A5_train_1m,train,1m,True,131,0.999,0.0,,0.0054136854784,0.9911856536905732,0.0068013216620532,0.0020130246473733,5.957377782234778,0.0,0.0,0.0,0.8418418418418419,0.0,0.0,0.0,0.0,0.0,0.001001001001001,0.0,0.0,0.0,0.0,0.005005005005005,0.0,0.1521521521521521,5.80906867980957,6.436429500579834,3.875989198684693,6.489955902099609,4.679980278015137,7.63482141494751,6.98902702331543,6.191816806793213,6.219409465789795,8.104426383972168,5.568717002868652,4.929610252380371,4.516659259796143,0.1236876327774792,0.005413685478399989,0.5076499999999999,0.5022363145215999
A4_A5_train_1m,train,1m,True,132,1.0,0.506,0.3651672541573577,0.1865225494584096,0.6614043645380595,0.3041461720070617,0.0344494634548787,5.082580731465266,0.041,0.315,0.004,0.172,0.02,0.003,0.045,0.0,0.39,0.0,0.0,0.01,0.0,0.0,0.0,0.0,0.0,4.413697719573975,4.24168872833252,4.431280136108398,5.720302581787109,3.178738832473755,4.453651428222656,4.2930755615234375,5.600865364074707,5.780411720275879,7.360507011413574,5.538668155670166,5.4826340675354,5.578028202056885,0.2665260121068551,0.18652254945840957,0.43555373060362296,0.2490311811452134
A4_A5_train_1m,train,1m,True,133,0.998,0.1242484969939879,0.349601908545019,0.0585739310184994,0.8913966277232406,0.1000588825165197,0.0085444897602396,5.319046313946064,0.0110220440881763,0.0,0.0200400801603206,0.0210420841683366,0.0,0.0,0.0,0.001002004008016,0.1122244488977955,0.003006012024048,0.0,0.001002004008016,0.0240480961923847,0.0140280561122244,0.002004008016032,0.1673346693386773,0.6232464929859719,4.70897388458252,6.305519104003906,4.592620372772217,6.36790943145752,5.412957668304443,5.325020790100098,4.7019476890563965,6.064590930938721,5.98814058303833,5.34297513961792,5.468704700469971,4.7456955909729,4.122546195983887,0.15847961158369556,0.051491907255721156,0.48801276218395,0.43652085492822884
A4_A5_train_1m,train,1m,True,134,1.0,0.2099999999999999,0.4540852089680218,0.1228027624147688,0.8004884997071124,0.1534174757562371,0.0460940245366502,4.923890682367178,0.01,0.017,0.0,0.586,0.082,0.014,0.072,0.002,0.046,0.0,0.0,0.0,0.136,0.0,0.0,0.033,0.002,4.7680277824401855,5.153298854827881,4.0198845863342285,5.4663567543029785,2.391764879226685,4.624600887298584,4.869872570037842,5.95463752746582,5.815938472747803,4.912967681884766,5.752771854400635,4.932290554046631,5.348166465759277,0.2165660012460323,0.12279937163923421,0.4964013938832846,0.37360202224405037
A4_A5_train_1m,train,1m,True,135,0.999,0.7857857857857857,0.1389234457027229,0.1455558339843953,0.7413789651154774,0.2261304018002543,0.0324906330842681,4.972090299312885,0.4604604604604604,0.002002002002002,0.0,0.081081081081081,0.009009009009009,0.022022022022022,0.016016016016016,0.005005005005005,0.1971971971971972,0.016016016016016,0.0,0.103103103103103,0.005005005005005,0.063063063063063,0.0,0.02002002002002,0.0,3.8103959560394287,5.658156394958496,4.549788475036621,5.788498401641846,2.204820156097412,4.740639686584473,4.486365795135498,5.678669452667236,5.613746643066406,5.651722431182861,5.528378009796143,5.381089210510254,5.54490327835083,0.15063264924478748,0.11371777951740769,0.21790991479142882,0.10419213527402113
A4_A5_train_1m,train,1m,True,136,0.999,0.4314314314314314,0.2629211787213486,0.1512762571984574,0.7470328344266817,0.2033818167497215,0.0495853488235966,4.926703443894019,0.0,0.018018018018018,0.054054054054054,0.059059059059059,0.0,0.2252252252252252,0.1591591591591591,0.008008008008008,0.0,0.0,0.0850850850850851,0.1871871871871872,0.1621621621621621,0.0,0.039039039039039,0.001001001001001,0.002002002002002,5.917137145996094,5.043018341064453,4.669155120849609,5.9141058921813965,1.8249038457870483,4.396827697753906,5.150026798248291,5.035243988037109,5.439111232757568,4.7838945388793945,4.925390720367432,5.46488618850708,5.483443260192871,0.21587803945730819,0.1512626805196403,0.40206629432322427,0.25080361380358396
A4_A5_train_1m,train,1m,True,137,1.001,0.8071928071928071,0.2045506923344592,0.1748663197045313,0.6780194971963023,0.2942283661983322,0.0277521366053651,4.777031256602361,0.1058941058941058,0.0349650349650349,0.0369630369630369,0.0279720279720279,0.0819180819180819,0.0399600399600399,0.0029970029970029,0.0,0.1158841158841158,0.0049950049950049,0.0739260739260739,0.4265734265734265,0.0299700299700299,0.0,0.0159840159840159,0.0,0.0019980019980019,4.235694408416748,4.751755237579346,4.774657249450684,5.233566761016846,2.0835368633270264,5.060219764709473,4.630792617797852,4.939774990081787,5.222708702087402,5.450379371643066,4.889801025390625,5.506816387176514,5.32170295715332,0.1998870714635463,0.17486631970453112,0.2629904189872554,0.08812409928272427
A4_A5_train_1m,train,1m,True,138,1.0,0.954,0.4570766220248209,0.4386487015152082,0.351790121390401,0.4191223541887817,0.2290875244208173,5.449319784457867,0.008,0.0,0.01,0.028,0.001,0.0,0.738,0.0,0.144,0.0,0.0,0.063,0.002,0.003,0.003,0.0,0.0,4.950296878814697,6.093699932098389,5.077485084533691,6.2149658203125,5.202714920043945,3.748525381088257,4.450253009796143,5.83129358291626,5.840117454528809,6.191337585449219,5.382484436035156,5.952121257781982,5.905861854553223,0.44328910146756473,0.43713452344503273,0.4594029974116792,0.022268473966646496
A4_A5_train_1m,train,1m,True,139,1.0,0.6580000000000001,0.2284840139410729,0.1567489199497705,0.7273842358003457,0.2317336884997678,0.0408820756998866,4.83827004982875,0.157,0.15,0.001,0.0,0.123,0.067,0.003,0.038,0.201,0.013,0.13,0.044,0.015,0.0,0.001,0.057,0.0,4.121966361999512,4.428781986236572,5.719143390655518,5.265981197357178,1.992281556129456,4.938169479370117,4.498353481292725,4.904692649841309,5.502066612243652,5.545866012573242,5.211484432220459,5.255604267120361,5.513119220733643,0.20567838736974883,0.15668449521461414,0.3239587811732261,0.16727428595861193
A4_A5_train_1m,train,1m,True,140,1.001,0.3676323676323676,0.2751110131978941,0.1173399542656843,0.8086891462173538,0.1479417990339235,0.0433690547487225,5.102373728385339,0.0519480519480519,0.0019980019980019,0.0069930069930069,0.5874125874125873,0.0009990009990009,0.0009990009990009,0.1108891108891108,0.0,0.0449550449550449,0.0059940059940059,0.0049950049950049,0.1538461538461538,0.0009990009990009,0.0239760239760239,0.0,0.0019980019980019,0.0019980019980019,4.42227840423584,5.644887447357178,4.015228748321533,5.853856086730957,3.674470186233521,4.481783866882324,4.832248687744141,5.477720737457275,5.550307273864746,6.521210670471191,5.480460166931152,5.056388378143311,5.320017814636231,0.18472378405508066,0.10523863102751875,0.42216114171510943,0.3169225106875907
A4_A5_train_1m,train,1m,True,141,1.0,0.177,0.0264223931298337,0.0457908381416877,0.926597414036496,0.0552234956436327,0.0181790903198714,5.222839227089515,0.034,0.001,0.045,0.017,0.002,0.001,0.0,0.002,0.003,0.0,0.127,0.011,0.026,0.067,0.0,0.107,0.557,4.588603973388672,5.798393249511719,4.679448127746582,6.030707359313965,3.544260740280152,6.425167083740234,5.881264686584473,4.99908971786499,5.80615234375,5.385435581207275,5.740716457366943,4.854948043823242,4.162722587585449,0.12302721773993185,0.01197080379890174,0.42247271358398064,0.4105019097850789
A4_A5_train_1m,train,1m,True,142,0.998,0.4208416833667334,0.0877082182728824,0.0581836409346441,0.8850734280666231,0.113485861997465,0.0014407099359116,5.015156672551082,0.001002004008016,0.0050100200400801,0.0,0.0480961923847695,0.0,0.032064128256513,0.001002004008016,0.0150300601202404,0.003006012024048,0.001002004008016,0.2234468937875751,0.1923847695390781,0.1082164328657314,0.0,0.0,0.0571142284569138,0.312625250501002,5.613559246063232,5.235410213470459,4.577792167663574,5.894211292266846,2.208101749420166,5.987585544586182,5.695223331451416,4.806960105895996,5.38145112991333,4.959554195404053,5.403906345367432,5.082320213317871,4.350961208343506,0.12608424403041057,0.05815815915457481,0.3309209936619343,0.2727628345073595
A4_A5_train_1m,train,1m,True,143,0.9990000000000002,0.6336336336336336,0.486114157221779,0.3192247485217521,0.5177686336555909,0.3260132356453136,0.1562181306990953,4.806556151463435,0.002002002002002,0.013013013013013,0.0,0.038038038038038,0.3673673673673673,0.021021021021021,0.2012012012012011,0.001001001001001,0.053053053053053,0.0,0.007007007007007,0.003003003003003,0.038038038038038,0.0,0.018018018018018,0.069069069069069,0.1681681681681681,5.165351867675781,5.115029335021973,4.660677909851074,5.0248308181762695,2.283207893371582,4.279149532318115,4.764184474945068,5.391175270080566,5.590523719787598,5.425124168395996,5.126635551452637,5.107755184173584,4.551584243774414,0.36299736320168874,0.3192230514368999,0.49400416568707295,0.17478111425017306
A4_A5_train_1m,train,1m,True,144,0.998,0.2655310621242485,0.1868315571950536,0.0611006806951383,0.8946360072213502,0.0885266241670229,0.0168373686116268,4.959281939726609,0.001002004008016,0.1062124248496993,0.0,0.4629258517034068,0.001002004008016,0.001002004008016,0.0450901803607214,0.001002004008016,0.0080160320641282,0.0,0.0811623246492986,0.1292585170340681,0.0360721442885771,0.0040080160320641,0.0,0.0891783567134268,0.034068136272545,5.286879062652588,4.533210754394531,4.033328533172607,5.837502956390381,3.6559574604034415,4.89183235168457,5.22819709777832,5.033760070800781,5.46085262298584,5.364599704742432,5.450253963470459,4.816935062408447,4.877355575561523,0.15376360327695815,0.059076031916245886,0.4224627381329549,0.363386706216709
A4_A5_train_1m,train,1m,True,145,0.999,0.1091091091091091,0.50765,0.0595045888830441,0.9107664469241704,0.0594579283855706,0.0297756246902588,5.952231370485746,0.0,0.0,0.0,0.8878878878878879,0.1091091091091091,0.0,0.0,0.0,0.0,0.0,0.0,0.0,0.0,0.0,0.0,0.003003003003003,0.0,5.4775071144104,6.276673316955566,3.873107433319092,5.354714393615723,5.609218597412109,7.036310195922852,6.692845821380615,6.201164245605469,6.023936748504639,8.148336410522461,6.274499416351318,4.916210174560547,5.494483947753906,0.1647424614466125,0.05950458888304414,0.50765,0.4481454111169559
A4_A5_train_1m,train,1m,True,146,1.001,0.8301698301698301,0.2067467701562477,0.1892205535617161,0.652971786633125,0.3156153196103176,0.0314128937565573,5.150994777679443,0.0309690309690309,0.0009990009990009,0.0,0.0659340659340659,0.0,0.0,0.0979020979020978,0.0069930069930069,0.0,0.0,0.0199800199800199,0.6813186813186813,0.0959040959040958,0.0,0.0,0.0,0.0,4.6838884353637695,5.342663288116455,4.672183036804199,5.688608169555664,5.381775379180908,4.587844371795654,5.138607501983643,5.092923641204834,5.175911903381348,4.963066101074219,5.232637882232666,5.603987216949463,5.398835182189941,0.20891178683267297,0.18920869770320367,0.25784921678305855,0.06864051907985488
A4_A5_train_1m,train,1m,True,147,1.0,0.297,0.4971643082811709,0.1509403163273142,0.7737381997647973,0.150642967815777,0.0756188324194256,5.291426695310152,0.006,0.0,0.006,0.266,0.279,0.11,0.012,0.041,0.0,0.0,0.0,0.0,0.0,0.001,0.0,0.003,0.276,4.996802806854248,5.982933044433594,4.186285018920898,5.060754776000977,1.923478603363037,5.46308708190918,5.867171287536621,6.066047191619873,5.862433910369873,7.728199958801269,6.144623756408691,5.126022815704346,4.380706787109375,0.23139225728450463,0.15036607940546412,0.5045357495595079,0.35416967015404377
A4_A5_train_1m,train,1m,True,148,0.999,0.6426426426426426,0.4001186394065209,0.2920492860762783,0.5059804167760336,0.4039405942953764,0.0900789889285901,4.931557105137752,0.0,0.017017017017017,0.0,0.1151151151151151,0.0,0.052052052052052,0.2452452452452452,0.0,0.3353353353353353,0.002002002002002,0.032032032032032,0.03003003003003,0.1531531531531531,0.009009009009009,0.009009009009009,0.0,0.0,5.128347873687744,5.196589946746826,4.621880531311035,6.275412559509277,2.0527782440185547,4.066642761230469,4.308339595794678,5.341635704040527,5.734682559967041,4.794538021087647,5.1313018798828125,5.692175388336182,5.7659173011779785,0.3311468303633052,0.28750220478446015,0.4385457622612476,0.15104355747678744
A4_A5_train_1m,train,1m,True,149,1.001,0.4085914085914086,0.2071869481788461,0.0878796834880019,0.8675305650395966,0.0891795029448033,0.0432899320156002,5.27410074380728,0.2337662337662338,0.1088911088911089,0.0059940059940059,0.4615384615384616,0.1618381618381618,0.0129870129870129,0.0009990009990009,0.0,0.0,0.0,0.0069930069930069,0.0049950049950049,0.0,0.0009990009990009,0.0009990009990009,0.0,0.0,4.04158878326416,4.543621063232422,4.074098110198975,5.236604690551758,2.353811740875244,6.628946304321289,6.432332515716553,5.392258644104004,5.827014446258545,7.827167987823486,5.588314056396484,5.138169288635254,5.479382038116455,0.16477553193562075,0.0873754616864116,0.38488337842672116,0.2975079167403096
A4_A5_train_1m,train,1m,True,150,1.0,0.0,,0.0506817635476739,0.9220170890287362,0.0546022948471791,0.0233806161240843,5.937332300039438,0.0,0.671,0.0,0.045,0.0,0.0,0.0,0.0,0.0,0.0,0.0,0.0,0.0,0.09,0.011,0.183,0.0,6.429027080535889,3.976616382598877,4.549964904785156,6.426305770874023,6.018906593322754,7.618211269378662,7.00670051574707,5.631851673126221,6.060964107513428,7.69103193283081,5.323686599731445,4.868459224700928,5.583593845367432,0.18628290823552535,0.005256421442410799,0.5076500000000002,0.5023935785575894
A4_A5_train_1m,train,1m,True,151,0.999,0.3673673673673673,0.3587510552863771,0.1649938620754903,0.7062374578287964,0.2575373601914265,0.036225181979777,5.100791674393874,0.056056056056056,0.001001001001001,0.0,0.002002002002002,0.091091091091091,0.0,0.008008008008008,0.0,0.2102102102102102,0.0,0.0,0.002002002002002,0.1571571571571571,0.006006006006006,0.001001001001001,0.1991991991991991,0.2662662662662662,4.342798233032227,5.930690765380859,5.12022066116333,5.416519641876221,5.147745132446289,4.84575080871582,4.473705768585205,5.979284763336182,5.738433837890625,4.767544269561768,5.38859748840332,4.778486251831055,4.380514144897461,0.23764003433102213,0.1619624745476115,0.4529493866767771,0.2909869121291656
A4_A5_train_1m,train,1m,True,152,1.0,0.327,0.507625518188903,0.1912511726587531,0.7014919026080788,0.2145138494663363,0.0839942479255848,5.498166927924523,0.0,0.004,0.001,0.001,0.326,0.004,0.001,0.004,0.0,0.024,0.0,0.0,0.0,0.003,0.099,0.0,0.533,7.471311092376709,5.302067756652832,5.871480464935303,4.98746395111084,2.944221019744873,6.267423629760742,6.161843299865723,5.430422306060791,5.600975036621094,6.836495399475098,4.8429765701293945,5.575243949890137,4.184245586395264,0.2703826902485582,0.18973021303750856,0.5076419944477712,0.31791178141026266
A4_A5_train_1m,train,1m,True,153,1.0,0.196,0.3628165481439719,0.097713293188171,0.8477901199385454,0.1089931737465672,0.0432167063148874,5.385987942035381,0.0,0.136,0.0,0.0,0.127,0.0,0.0,0.011,0.015,0.0,0.05,0.004,0.022,0.04,0.0,0.089,0.506,6.153942584991455,4.437723159790039,6.149198532104492,5.265200138092041,5.674229621887207,5.985934257507324,5.374651908874512,5.092013359069824,5.655169486999512,5.405799865722656,5.64144229888916,4.978597164154053,4.2039408683776855,0.1895757895544556,0.0775056029870585,0.4792626434362185,0.40175704044916
A4_A5_train_1m,train,1m,True,154,1.0,0.45,0.4307276823623543,0.1964145049397027,0.7043710620757254,0.1984288659691437,0.0972000719551309,5.031752347946167,0.056,0.386,0.0,0.07,0.219,0.066,0.131,0.024,0.044,0.0,0.0,0.0,0.0,0.0,0.004,0.0,0.0,4.461211681365967,4.168231964111328,4.714529514312744,5.175956726074219,2.014286756515503,4.437238693237305,4.865920543670654,5.540300369262695,5.772377014160156,7.562745571136475,5.327159404754639,5.722930908203125,5.649891376495361,0.2862931185317743,0.19637381563328818,0.47303495706305954,0.2766611414297714
A4_A5_train_1m,train,1m,True,155,0.999,0.3873873873873874,0.1275616329568662,0.0843308890342649,0.8603059731212077,0.1107262756890543,0.0289677511897377,5.387985853048471,0.0,0.001001001001001,0.008008008008008,0.004004004004004,0.0,0.0,0.059059059059059,0.0,0.0,0.026026026026026,0.2212212212212212,0.1071071071071071,0.048048048048048,0.038038038038038,0.0,0.4724724724724724,0.015015015015015,6.8755950927734375,5.63398551940918,5.020529747009277,5.966170310974121,5.768138885498047,4.81926965713501,5.470675468444824,4.847449779510498,5.481866836547852,5.180844783782959,5.438973903656006,4.5305585861206055,5.009757518768311,0.14492373965194186,0.06513210135769942,0.3604085605148219,0.2952764591571225
A4_A5_train_1m,train,1m,True,156,1.0,0.204,0.419415073409365,0.0889760626085456,0.869737456138133,0.0825729625066424,0.0476895813552243,5.079572989390447,0.008,0.36,0.011,0.411,0.0,0.011,0.154,0.0,0.005,0.0,0.0,0.037,0.002,0.0,0.0,0.0,0.001,4.939929962158203,4.209319591522217,4.161358833312988,6.150814056396484,2.4761979579925537,4.451655864715576,5.166479587554932,5.597262859344482,5.737084865570068,6.8570098876953125,5.629377365112305,5.21195650100708,5.446001529693604,0.20772089853618822,0.08897606260854556,0.4896500749755105,0.4006740123669649
A4_A5_train_1m,train,1m,True,157,1.001,0.7022977022977022,0.3184250385052698,0.2477523390676285,0.6254134477919411,0.2536684262808604,0.1209181259271983,5.245475769042969,0.1158841158841158,0.0139860139860139,0.0,0.0689310689310689,0.0,0.0,0.3646353646353646,0.0,0.0049950049950049,0.0189810189810189,0.0,0.2167832167832167,0.0,0.0379620379620379,0.0019980019980019,0.1558441558441558,0.0,4.281911849975586,5.149453639984131,4.481043815612793,5.973034381866455,5.467796325683594,4.082020282745361,4.907829761505127,5.508662223815918,5.549264907836914,7.112804889678955,5.264102458953857,4.926489353179932,5.486771106719971,0.2719935548105564,0.22859191060719994,0.37475774432487957,0.14616583371767963
A4_A5_train_1m,train,1m,True,158,1.0,0.989,0.3826213236246429,0.3791641192212092,0.4692872280956301,0.3030973053663213,0.2276154665380485,5.923797717461219,0.0,0.0,0.006,0.0,0.0,0.001,0.756,0.0,0.0,0.004,0.233,0.0,0.0,0.0,0.0,0.0,0.0,6.599282264709473,6.368277549743652,6.722207069396973,6.857311248779297,4.264042377471924,3.80597734451294,5.05767822265625,4.973277568817139,6.380459308624268,7.51446533203125,5.724189281463623,6.527297019958496,6.214905738830566,0.3805870799526711,0.3791641192212091,0.38399663906477177,0.004832519843562699
A4_A5_train_1m,train,1m,True,159,0.999,0.8848848848848847,0.1842867890543121,0.1670893412844048,0.7069426786629855,0.2519359601052189,0.0411213612317953,5.11954140663147,0.094094094094094,0.0,0.024024024024024,0.001001001001001,0.1551551551551551,0.004004004004004,0.0,0.0,0.001001001001001,0.0,0.1731731731731731,0.4614614614614614,0.017017017017017,0.001001001001001,0.0,0.068068068068068,0.0,4.34386682510376,5.398307800292969,5.547197341918945,5.081748008728027,2.916553258895874,6.270665645599365,5.743113994598389,4.779232025146484,5.189327239990234,5.593058109283447,5.272754192352295,5.084104061126709,5.334109783172607,0.18066481209854673,0.16658411002975831,0.22151078230631807,0.05492667227655976
A4_A5_train_1m,train,1m,True,160,0.999,0.913913913913914,0.1037332478550672,0.0966520571862982,0.8093768895012218,0.1879421066249596,0.0026810038738183,5.644763946533203,0.001001001001001,0.006006006006006,0.0,0.0,0.006006006006006,0.0,0.0,0.0,0.001001001001001,0.007007007007007,0.4044044044044044,0.5015015015015014,0.002002002002002,0.0,0.0,0.002002002002002,0.069069069069069,6.112586498260498,5.093292236328125,6.396759033203125,5.492629051208496,5.792056560516357,6.333381175994873,5.927436351776123,4.639332294464111,5.234010696411133,6.50685977935791,5.272365570068359,5.7692484855651855,4.811973571777344,0.10736025992710088,0.09665205718629814,0.13850486015182814,0.04185280296553
A4_A5_train_1m,train,1m,True,161,0.999,0.1411411411411411,0.1947462509238852,0.0307181779017414,0.9414045160155692,0.0557546121653785,0.0028408718190521,5.495572090148926,0.008008008008008,0.8208208208208206,0.0,0.006006006006006,0.002002002002002,0.0,0.0,0.001001001001001,0.057057057057057,0.0,0.05005005005005,0.024024024024024,0.0,0.0,0.004004004004004,0.0,0.027027027027027,5.008183002471924,3.919105052947998,5.462716579437256,5.967483997344971,5.548882961273193,5.642186641693115,4.994618892669678,5.061405658721924,5.762360095977783,7.539141178131103,5.255003452301025,6.142903804779053,5.138445854187012,0.18853546498861798,0.030716480816889248,0.4634864077880558,0.4327699269711665
A4_A5_train_1m,train,1m,True,162,1.0,0.732,0.3154132081712904,0.2380007439906241,0.6568704726670124,0.210257566684727,0.1328719606482605,5.367383810190054,0.261,0.042,0.0,0.058,0.0,0.0,0.425,0.0,0.045,0.011,0.001,0.0,0.0,0.008,0.0,0.149,0.0,4.039465427398682,4.975561618804932,4.54142427444458,6.49595832824707,5.226423263549805,4.008477210998535,4.714434146881104,5.884779930114746,6.178708553314209,7.345873832702637,5.717174053192139,4.984606742858887,5.663102149963379,0.2701024012544685,0.23396293580348962,0.36693266838138455,0.13296973257789493
A4_A5_train_1m,train,1m,True,163,0.999,0.4814814814814815,0.0232411872827026,0.0374370619338506,0.9287426881247304,0.0676404998828375,0.0036168119924318,5.3949007254380446,0.2372372372372372,0.0,0.021021021021021,0.006006006006006,0.007007007007007,0.0,0.0,0.001001001001001,0.0,0.006006006006006,0.2042042042042041,0.033033033033033,0.013013013013013,0.0,0.1171171171171171,0.3543543543543543,0.0,4.059173583984375,5.949559211730957,4.831582546234131,5.752471923828125,5.58715295791626,6.755864143371582,6.171730995178223,4.848733425140381,5.594579219818115,5.718000411987305,4.82071590423584,4.601166725158691,5.442978382110596,0.09866632672453551,0.03743536484899847,0.2744161272101901,0.23698076236119164
A4_A5_train_1m,train,1m,True,164,0.999,0.9429429429429428,0.1914269182514938,0.1822680373614353,0.6617420375017851,0.3119798502735585,0.026278112224656,5.122750318967379,0.4864864864864864,0.033033033033033,0.008008008008008,0.005005005005005,0.033033033033033,0.003003003003003,0.0,0.0,0.4194194194194193,0.003003003003003,0.004004004004004,0.0,0.002002002002002,0.001001001001001,0.001001001001001,0.001001001001001,0.0,3.790168285369873,4.963405132293701,5.329071998596191,5.708755970001221,3.01113510131836,4.888415336608887,4.238887310028076,5.651742935180664,5.849619388580322,6.114526748657227,5.410460472106934,5.94463586807251,5.694929599761963,0.19106353287158834,0.18176280610678885,0.20946967666957675,0.027706870562787894
A4_A5_train_1m,train,1m,True,165,0.998,0.5751503006012024,0.1536991571480858,0.1076732870892472,0.8415869241678756,0.101479577485754,0.0569334983463701,5.165469132936918,0.001002004008016,0.0040080160320641,0.001002004008016,0.1362725450901803,0.0511022044088176,0.001002004008016,0.1152304609218436,0.0410821643286573,0.0050100200400801,0.001002004008016,0.3927855711422846,0.0100200400801603,0.0,0.034068136272545,0.002004008016032,0.0,0.2044088176352705,5.559868812561035,5.417712211608887,4.4844183921813965,5.501194477081299,3.5867228507995605,4.58305549621582,5.255977630615234,4.751837730407715,5.733396053314209,6.906590461730957,5.381041049957275,5.446779727935791,4.542503833770752,0.1467973315445633,0.09040856194517902,0.3040750663356724,0.21366650439049337
A4_A5_train_1m,train,1m,True,166,0.999,0.8388388388388389,0.4139456658719052,0.3879826426236035,0.4183057222158131,0.3874232703211666,0.1942710074630203,5.544644575852614,0.0,0.0,0.002002002002002,0.0,0.018018018018018,0.0,0.5955955955955956,0.002002002002002,0.0,0.0,0.0,0.2252252252252252,0.1111111111111111,0.038038038038038,0.008008008008008,0.0,0.0,6.321238994598389,5.907177448272705,6.502015113830566,5.727786064147949,5.463799953460693,3.8892393112182617,4.915318965911865,5.567688465118408,5.525596618652344,4.927867412567139,5.172043323516846,6.308679103851318,5.8519287109375,0.3945554330696406,0.3687804607773339,0.42904716516582236,0.06026670438848847
A4_A5_train_1m,train,1m,True,167,1.0,0.491,0.3991558205373064,0.1989896111104951,0.6858567630992558,0.2303072515804981,0.083835985320246,5.240923624772292,0.0,0.001,0.03,0.059,0.326,0.09,0.0,0.0,0.004,0.0,0.0,0.161,0.0,0.001,0.004,0.0,0.324,5.978550434112549,5.511741638183594,4.541518211364746,4.96489143371582,1.9512968063354488,6.26482629776001,5.724496841430664,5.42319393157959,5.417109489440918,7.51005220413208,5.221035480499268,5.295336723327637,4.327957630157471,0.25813254368362404,0.19848488508710332,0.4543793578838175,0.2558944727967142
A4_A5_train_1m,train,1m,True,168,0.999,0.8788788788788788,0.223476661749441,0.1969684205259661,0.6307279012583722,0.3446073564313233,0.0246647423103044,5.24033796787262,0.2122122122122122,0.0,0.0,0.0,0.02002002002002,0.1071071071071071,0.0,0.0,0.4794794794794794,0.0,0.1661661661661661,0.001001001001001,0.0,0.0,0.0,0.014014014014014,0.0,4.012665748596191,6.112908363342285,5.927966117858887,5.750417232513428,1.9157553911209104,5.078338623046875,4.208890914916992,4.958569049835205,5.870504856109619,7.309064388275146,5.4996771812438965,5.740238666534424,5.739397048950195,0.20939947896842992,0.1969684205259661,0.2578960550710803,0.06092763454511421
A4_A5_train_1m,train,1m,True,169,1.0,0.936,0.3714272889479499,0.3479515817753106,0.3615578861603289,0.5809810641287207,0.0574610497109502,5.386430887075571,0.0,0.0,0.0,0.0,0.0,0.064,0.095,0.0,0.726,0.0,0.0,0.115,0.0,0.0,0.0,0.0,0.0,5.150933742523193,5.9868364334106445,6.51215934753418,6.109904766082764,2.0031700134277344,4.142979145050049,4.054381370544434,5.692847728729248,5.665098190307617,6.893085956573486,5.416072368621826,6.569170475006104,5.826961994171143,0.35439037391130473,0.34795158177531066,0.3801455424552811,0.032193960679970435
A4_A5_train_1m,train,1m,True,170,1.002,0.3193612774451098,0.3963834524454648,0.1435268941774955,0.7572187346193214,0.198508742406366,0.0442725229743125,4.753428780115568,0.0,0.184630738522954,0.0029940119760479,0.0439121756487025,0.1357285429141716,0.1317365269461078,0.0159680638722554,0.0219560878243512,0.1047904191616766,0.0,0.0109780439121756,0.0518962075848303,0.0079840319361277,0.0,0.0738522954091816,0.0768463073852295,0.1367265469061876,5.319530010223389,4.345422267913818,4.571043968200684,5.226029396057129,1.8999370336532595,4.87379789352417,4.678000926971436,5.205012798309326,5.463656902313232,5.744538307189941,4.845749378204346,5.046317100524902,4.575538158416748,0.23383066629515226,0.14348967009478075,0.4721157732360763,0.32862610314129553
A4_A5_train_1m,train,1m,True,171,0.999,0.8618618618618619,0.449395143637862,0.4068447370643556,0.366537321131279,0.4532358836087307,0.1802267952599903,5.758380779853234,0.0,0.0,0.0,0.0,0.7087087087087087,0.0,0.0,0.0,0.0,0.0,0.0,0.1531531531531531,0.1081081081081081,0.0,0.0,0.0,0.03003003003003,7.490321636199951,5.647134304046631,6.636191368103027,4.753479957580566,5.847322940826416,6.379700660705566,6.160522937774658,5.39754581451416,5.286810874938965,4.928765296936035,5.47736930847168,5.880979537963867,4.972805500030518,0.42283918799164827,0.4068447370643556,0.4574423610332324,0.05059762396887679
A4_A5_train_1m,train,1m,True,172,1.001,0.5814185814185814,0.1873010595608559,0.1832744072907725,0.7152160869260527,0.2030190115663492,0.0817649015075979,4.881629925507766,0.0259740259740259,0.0049950049950049,0.0469530469530469,0.0499500499500499,0.1748251748251748,0.0669330669330669,0.0309690309690309,0.0,0.0,0.0,0.3296703296703296,0.0199800199800199,0.0929070929070929,0.1078921078921078,0.0109890109890109,0.0219780219780219,0.0159840159840159,4.734106540679932,5.346645832061768,4.6665940284729,5.225364685058594,2.0210440158843994,5.095024108886719,5.515478610992432,4.767831802368164,5.553642272949219,4.935245990753174,5.136646747589111,5.298391819000244,5.165172576904297,0.19814203412673564,0.12881845271902842,0.32139317349092683,0.1925747207718984
A4_A5_train_1m,train,1m,True,173,1.002,0.0489021956087824,0.0811044388087916,0.038777580989764,0.9267680566859255,0.0689087246486203,0.0043232186654539,5.508442255166861,0.0,0.0,0.0,0.2085828343313373,0.0,0.0,0.0069860279441117,0.0009980039920159,0.0,0.0,0.0399201596806387,0.0019960079840319,0.1726546906187624,0.0,0.0009980039920159,0.5638722554890219,0.0039920159680638,5.91796875,6.265190124511719,4.070536613464356,6.451346397399902,5.953413963317871,5.697680950164795,5.939677715301514,5.309788703918457,5.960843563079834,4.828012466430664,5.52593994140625,4.432091236114502,5.257258892059326,0.15054529430475308,0.038775888986004245,0.4867909855305695,0.44801509654456523
A4_A5_train_1m,train,1m,True,174,0.999,0.4434434434434434,0.4982387759287552,0.229021681410432,0.6777596715976417,0.1864372939838522,0.1358030344185059,5.495788207420936,0.001001001001001,0.0,0.001001001001001,0.3143143143143143,0.024024024024024,0.0,0.4174174174174174,0.022022022022022,0.0,0.0,0.0,0.001001001001001,0.0,0.011011011011011,0.0,0.1911911911911911,0.017017017017017,5.3430681228637695,6.290046215057373,4.149508953094482,5.800314903259277,5.347615718841553,4.054988384246826,5.109678268432617,6.081535339355469,6.12382173538208,7.393328666687012,5.878440856933594,4.774453163146973,5.098446369171143,0.29091222492722957,0.22342680174257415,0.5034766543908292,0.2800498526482551
A4_A5_train_1m,train,1m,True,175,1.0,0.7609999999999999,0.2536137188983118,0.2103653123132853,0.6354950157891535,0.3082793437951222,0.0562256404157242,5.148220539093018,0.001,0.002,0.001,0.0,0.0,0.136,0.18,0.001,0.0,0.0,0.007,0.573,0.09,0.001,0.0,0.004,0.004,6.148601055145264,5.366071224212647,6.305224895477295,5.7830491065979,1.919454574584961,4.346858024597168,5.116862773895264,5.242160320281982,5.2353196144104,5.0237531661987305,5.259045124053955,5.817060947418213,5.363406181335449,0.23574382907306393,0.20985889090212623,0.3143283900816153,0.10446949917948906
A4_A5_train_1m,train,1m,True,176,0.999,0.7847847847847848,0.4868522422436225,0.3863700557901631,0.4544440060999652,0.3183718762197431,0.2271841176802914,5.556494043423579,0.0,0.018018018018018,0.003003003003003,0.001001001001001,0.0,0.1741741741741741,0.7527527527527528,0.0,0.001001001001001,0.0,0.0,0.031031031031031,0.0,0.0,0.019019019019019,0.0,0.0,6.40127420425415,5.277563571929932,6.186155796051025,6.522910118103027,1.8817063570022583,3.7821223735809326,4.944113254547119,5.864415168762207,6.035202026367188,7.353093147277832,5.278953552246094,6.51654577255249,6.190367221832275,0.4099687577883064,0.38637005579016304,0.49132823615515503,0.104958180364992
A4_A5_train_1m,train,1m,True,177,1.0,0.7020000000000001,0.4376480199547914,0.3259784105640804,0.4431464291030975,0.461750320665644,0.0951032502312585,5.095407596001258,0.002,0.0,0.004,0.002,0.314,0.002,0.0,0.006,0.383,0.003,0.001,0.002,0.0,0.0,0.097,0.097,0.087,4.915499687194824,5.871315956115723,5.234466552734375,5.021819114685059,3.258574962615967,4.90120267868042,4.269791126251221,5.432182312011719,5.623535633087158,7.220523357391357,4.793134689331055,5.017323970794678,4.680928707122803,0.3609059641076193,0.3259682382374767,0.4585086100082636,0.13254037177078687
A4_A5_train_1m,train,1m,True,178,1.001,0.993006993006993,0.4838786338682013,0.4805271704451752,0.3232723587770117,0.3924009415556262,0.284326699667362,5.937310732327974,0.0,0.0,0.0,0.0,0.0,0.0,0.944055944055944,0.0,0.0,0.0,0.0,0.0489510489510489,0.0,0.0,0.0,0.0069930069930069,0.0,6.462648391723633,6.360225200653076,6.513645648956299,6.49410343170166,5.323172569274902,3.703275680541992,4.937859058380127,5.987724304199219,6.021246910095215,7.366125106811523,5.686014175415039,6.16884183883667,6.160157203674316,0.48135323027617216,0.48052717044517507,0.48404486719779416,0.0035176967526190928
A4_A5_train_1m,train,1m,True,179,0.998,0.5981963927855712,0.4040893585106324,0.2504185716861407,0.6268167556116234,0.2455293454044722,0.1276538989839046,4.976028167284452,0.001002004008016,0.1122244488977955,0.0110220440881763,0.1523046092184368,0.0,0.0080160320641282,0.406813627254509,0.0040080160320641,0.0991983967935871,0.0,0.0911823647294589,0.0,0.001002004008016,0.003006012024048,0.0310621242484969,0.0190380761523046,0.0601202404809619,5.161398887634277,4.614223957061768,4.464558124542236,6.308033466339111,2.642051219940185,3.9884731769561768,4.592829704284668,5.095785617828369,5.917253494262695,6.637556552886963,5.067088127136231,5.31022834777832,4.888885498046875,0.30457195019684813,0.248894564049623,0.4457003978265003,0.19680583377687727
A4_A5_train_1m,train,1m,True,180,0.999,0.3333333333333333,0.385,0.1315882892503848,0.7514736727901657,0.2338760759188989,0.0146502512909354,5.494938593644362,0.0,0.0,0.006006006006006,0.4224224224224224,0.0,0.0,0.0,0.0,0.3333333333333333,0.0,0.0,0.0,0.001001001001001,0.0,0.0,0.2372372372372372,0.0,4.971569538116455,6.492663860321045,3.99588680267334,6.396565914154053,5.087602615356445,5.322039604187012,4.356528282165527,6.249843597412109,6.049044132232666,6.850006580352783,5.623559951782227,4.620502948760986,5.4183878898620605,0.21044127761394044,0.13158828925038485,0.4667666666666666,0.33517837741628176
A4_A5_train_1m,train,1m,True,181,0.999,0.2562562562562562,0.2892678203383434,0.0972782654862816,0.8373729058499116,0.1306976573276131,0.0319294368224751,5.141839816020085,0.083083083083083,0.027027027027027,0.001001001001001,0.6016016016016015,0.033033033033033,0.0,0.046046046046046,0.001001001001001,0.083083083083083,0.026026026026026,0.0,0.011011011011011,0.001001001001001,0.018018018018018,0.034034034034034,0.034034034034034,0.0,4.26754093170166,4.9755682945251465,3.9868013858795166,5.617481708526611,5.261176109313965,4.712375164031982,4.750477313995361,5.653421401977539,5.739024639129639,6.45658016204834,5.04117488861084,4.909686088562012,5.472609519958496,0.18138985075732778,0.08818240581779319,0.45168820020682254,0.36350579438902936
A4_A5_train_1m,train,1m,True,182,1.001,0.6513486513486513,0.4372453312019306,0.3031009550922297,0.5413816244948005,0.3110348408259392,0.14758353467926,5.295228261214036,0.0569430569430569,0.0,0.0019980019980019,0.2037962037962037,0.5194805194805194,0.0,0.0229770229770229,0.0009990009990009,0.0,0.0029970029970029,0.0,0.0519480519480519,0.0009990009990009,0.0319680319680319,0.0,0.0529470529470529,0.0529470529470529,4.4235687255859375,5.740208148956299,4.245773792266846,4.857836246490479,5.473121166229248,5.152492523193359,5.563847541809082,5.554239273071289,5.512182712554932,6.8778886795043945,5.660655498504639,4.990068435668945,4.7860846519470215,0.3342333575488567,0.2869641637472693,0.4617920139297287,0.1748278501824594
A4_A5_train_1m,train,1m,True,183,1.001,0.9730269730269732,0.2440574282013014,0.2386266747283317,0.5441182888737642,0.4345100727958082,0.0213716383304276,5.253902343603281,0.2347652347652347,0.0,0.0,0.0,0.0009990009990009,0.0229770229770229,0.0,0.0,0.5034965034965035,0.0019980019980019,0.0,0.2337662337662338,0.0,0.0009990009990009,0.0009990009990009,0.0,0.0,3.985816478729248,5.808232307434082,6.08129358291626,5.862228870391846,2.197324514389038,4.896289348602295,4.169800758361816,5.55171012878418,5.516717910766602,7.075581073760986,5.264558792114258,6.282324314117432,5.608852386474609,0.241107930809702,0.23812245292674142,0.2511673177503171,0.01304486482357567
A4_A5_train_1m,train,1m,True,184,0.999,0.950950950950951,0.2934116865182903,0.279905789290189,0.4624134250306088,0.5153615713584045,0.0222250036109868,5.191439298483042,0.0,0.0,0.0,0.019019019019019,0.003003003003003,0.001001001001001,0.0,0.0,0.5225225225225225,0.0,0.001001001001001,0.4244244244244244,0.0,0.0,0.004004004004004,0.0,0.025025025025025,5.022319793701172,5.619339466094971,5.0085225105285645,5.631743431091309,3.486048698425293,5.033946990966797,4.14667272567749,5.346222877502441,5.332048416137695,7.06056022644043,5.011664867401123,5.779965877532959,5.009654998779297,0.28569459619445664,0.279905789290189,0.3039198720644402,0.02401408277425121
A4_A5_train_1m,train,1m,True,185,1.0,0.25,0.1631497421734524,0.0509877948779239,0.9226220638456448,0.0527802825528625,0.0245976536014926,5.2902715022747335,0.168,0.573,0.0,0.001,0.0,0.116,0.079,0.015,0.0,0.0,0.0,0.003,0.0,0.0,0.044,0.0,0.001,4.2155866622924805,4.054882526397705,6.154257774353027,6.403972148895264,1.929595947265625,4.699678421020508,5.36299991607666,5.561429500579834,5.9506516456604,7.042355060577393,5.062666416168213,6.576787948608398,5.758665561676025,0.17648802753854623,0.05096236406141476,0.4215249355433632,0.37056257148194843
A4_A5_train_1m,train,1m,True,186,1.002,0.6846307385229541,0.2434063873800854,0.1827886630208433,0.6454076639949061,0.3436073459685012,0.0109849900365926,4.878201521359957,0.0,0.0009980039920159,0.0,0.0798403193612774,0.0059880239520958,0.028942115768463,0.0,0.0,0.2025948103792415,0.0,0.0,0.4760479041916167,0.0848303393213572,0.0,0.0,0.0189620758483033,0.1017964071856287,5.160106658935547,5.447109222412109,4.5194621086120605,5.556253433227539,2.1462326049804688,5.285140037536621,4.46075439453125,5.362858772277832,5.23853063583374,5.045387268066406,5.262081146240234,5.284095764160156,4.648607730865479,0.21942947209828276,0.18278866302084318,0.3267407003420542,0.14395203732121103
A4_A5_train_1m,train,1m,True,187,1.001,0.9490509490509492,0.171922705864536,0.1861841661030013,0.6476893570513013,0.332252953691395,0.0200576892573037,5.423074575570913,0.0829170829170829,0.0019980019980019,0.0,0.0019980019980019,0.0,0.0,0.0219780219780219,0.0009990009990009,0.0,0.0,0.0,0.8441558441558442,0.0,0.0449550449550449,0.0009990009990009,0.0,0.0,4.388547897338867,5.217326641082764,5.475314140319824,5.642590045928955,5.5239996910095215,5.120628356933594,5.386783123016357,5.2307000160217285,5.185665130615234,7.012022018432617,5.074984550476074,5.84425163269043,5.397156238555908,0.17804908009257425,0.16349249133736796,0.18902769287843052,0.025535201541062563
A4_A5_train_1m,train,1m,True,188,1.0,0.902,0.154908902554202,0.1431195705860021,0.7565991587390148,0.2005625413499661,0.042838299911019,5.185021583850567,0.402,0.008,0.0,0.0,0.157,0.018,0.0,0.003,0.001,0.002,0.021,0.321,0.001,0.005,0.0,0.009,0.052,3.8735406398773193,5.1149091720581055,5.882998466491699,5.133340835571289,2.2842857837677,6.365699768066406,5.9023118019104,5.128350734710693,5.318613052368164,6.572981834411621,5.403576374053955,5.589041233062744,4.835630893707275,0.15335690393959084,0.14059085430574123,0.18947753010389015,0.048886675798148926
A4_A5_train_1m,train,1m,True,189,1.0,0.941,0.3843777290285098,0.3827719880462942,0.2814228430429162,0.6716103378215791,0.0469668191355047,5.652520766625037,0.001,0.0,0.002,0.0,0.0,0.0,0.0,0.0,0.939,0.0,0.0,0.001,0.001,0.04,0.003,0.0,0.013,5.000061988830566,6.441859722137451,6.447460651397705,6.528361797332764,4.907183647155762,4.879688262939453,3.975597381591797,6.004843711853027,5.995355606079102,6.321903705596924,5.300683975219727,6.400521755218506,5.279247760772705,0.3770798395931715,0.3625829471106217,0.3916507930158278,0.029067845905206058
A4_A5_train_1m,train,1m,True,190,0.999,0.7467467467467468,0.2217677919015774,0.2356747452803264,0.6111977267497954,0.3062550559397561,0.0825472173104483,5.019367126318125,0.0,0.019019019019019,0.0,0.023023023023023,0.067067067067067,0.014014014014014,0.1161161161161161,0.003003003003003,0.0,0.0,0.1571571571571571,0.4064064064064064,0.005005005005005,0.1161161161161161,0.055055055055055,0.018018018018018,0.0,6.187487602233887,4.927447319030762,4.9339599609375,5.302696228027344,2.4403412342071533,4.556909084320068,5.216753959655762,4.845869541168213,5.270517349243164,5.7321953773498535,4.828083515167236,5.521242618560791,5.488268852233887,0.22954343657123827,0.1770628284867807,0.2941683911497264,0.11710556266294572
A4_A5_train_1m,train,1m,True,191,0.999,0.008008008008008,0.499644447771249,0.0479834835690364,0.9187297945470658,0.0665734437677952,0.0146967616851387,5.316304060129019,0.0,0.5735735735735735,0.002002002002002,0.002002002002002,0.0,0.062062062062062,0.008008008008008,0.0,0.0,0.0,0.0,0.0,0.0950950950950951,0.045045045045045,0.006006006006006,0.2062062062062062,0.0,7.408135890960693,4.028628349304199,5.36819314956665,6.337637901306152,2.0137481689453125,5.644337177276611,6.003625392913818,5.644314289093018,5.94871711730957,4.960425853729248,5.301340103149414,4.853987216949463,5.598862171173096,0.18887065504844436,0.02524807710994569,0.5075858914736436,0.48233781436369794
A4_A5_train_1m,train,1m,True,192,1.0,0.25,0.0237762171579628,0.009055442875197,0.9828488569887424,0.016191400272121,0.0009597427391365,5.892361090733455,0.0,0.32,0.0,0.0,0.001,0.0,0.002,0.0,0.0,0.002,0.226,0.021,0.0,0.0,0.003,0.02,0.405,7.858880519866943,4.19314432144165,6.513646125793457,5.97399377822876,5.941891193389893,6.222768306732178,6.37809944152832,4.804485321044922,5.760921478271484,7.915955543518066,5.367852210998535,5.371773719787598,4.2972822189331055,0.12004528163850081,0.009055442875197004,0.38668155428949075,0.37762611141429375
A4_A5_train_1m,train,1m,True,193,1.0,0.8190000000000001,0.4258757762965689,0.3496283657388486,0.4222411020103022,0.4562610645016985,0.1214978334879993,5.536613170917217,0.0,0.0,0.0,0.001,0.0,0.0,0.342,0.0,0.462,0.0,0.015,0.0,0.0,0.0,0.0,0.18,0.0,5.196945667266846,6.384931564331055,5.61167573928833,6.494058609008789,5.094228267669678,3.927277088165283,4.215652942657471,5.547835350036621,6.077333450317383,7.277897834777832,5.546002864837647,4.93399715423584,5.668134689331055,0.3710092723445473,0.3496283657388486,0.44067691078689,0.09104854504804138
A4_A5_train_1m,train,1m,True,194,0.999,0.6786786786786786,0.4084631770458116,0.2786995495511347,0.5546993669537514,0.3332021669902276,0.1120984660560208,5.429344837482159,0.0,0.0,0.001001001001001,0.0,0.028028028028028,0.0,0.3103103103103102,0.0,0.2752752752752753,0.0,0.055055055055055,0.01001001001001,0.0,0.0,0.0,0.3203203203203203,0.0,5.297939300537109,6.121017932891846,5.817042827606201,5.69822883605957,5.170876502990723,4.005215167999268,4.36090612411499,5.218968391418457,5.827352046966553,7.333415985107422,5.491926670074463,4.695151329040527,5.5434417724609375,0.31667366852107354,0.2786995495511347,0.4403340180551154,0.16163446850398072
A4_A5_train_1m,train,1m,True,195,1.001,0.2387612387612387,0.1910542419942526,0.0506008427800861,0.9109198763222054,0.0769585617954164,0.0121215618823779,4.924977174172034,0.0179820179820179,0.1258741258741258,0.0089910089910089,0.0409590409590409,0.0,0.0169830169830169,0.0219780219780219,0.0099900099900099,0.0889110889110889,0.0019980019980019,0.1098901098901098,0.0,0.0019980019980019,0.0019980019980019,0.0,0.5384615384615384,0.0139860139860139,4.660756587982178,4.490736961364746,4.352114677429199,6.2443437576293945,2.3281939029693604,4.888209342956543,4.786633014678955,4.985360622406006,5.856900691986084,6.383026123046875,5.610214710235596,4.453181743621826,4.985031127929688,0.14824028824301858,0.04957546223617359,0.432059204631994,0.3824837423958204
A4_A5_train_1m,train,1m,True,196,1.001,0.8481518481518481,0.1973661928590363,0.1755322689075968,0.7278736185317498,0.1931882251213065,0.0789381563469435,4.989451243327214,0.4605394605394605,0.0,0.0,0.0179820179820179,0.2957042957042957,0.0119880119880119,0.0,0.0,0.0389610389610389,0.0,0.0529470529470529,0.0,0.0309690309690309,0.0039960039960039,0.0,0.0859140859140858,0.0009990009990009,3.8209362030029297,5.900977611541748,4.745720863342285,5.057580471038818,2.387385129928589,5.672686576843262,5.011448860168457,5.11757755279541,5.689179420471191,5.437139987945557,5.507824420928955,5.081818103790283,5.432590961456299,0.1918907654971072,0.17351538170123587,0.24448221552179975,0.07096683382056387
A4_A5_train_1m,train,1m,True,197,1.001,0.7772227772227771,0.2400711935579982,0.1956308586191653,0.6221741808906258,0.3643899209804175,0.0134358981289566,4.980419287314782,0.0299700299700299,0.1258741258741258,0.0469530469530469,0.0009990009990009,0.0009990009990009,0.0019980019980019,0.0079920079920079,0.0,0.2397602397602397,0.0049950049950049,0.0,0.4985014985014984,0.0079920079920079,0.0,0.0339660339660339,0.0,0.0,4.526946067810059,4.422922134399414,5.65178108215332,5.661074161529541,3.317152261734009,4.762820720672607,4.399789333343506,5.221259593963623,5.213143348693848,5.79112720489502,4.7984490394592285,5.572168827056885,5.406816959381104,0.23128589035206049,0.19563085861916524,0.29968165693119103,0.1040507983120258
A4_A5_train_1m,train,1m,True,198,0.9980000000000002,0.0911823647294589,0.1929010633791374,0.0527841950091335,0.9002712102790814,0.0938891894235696,0.0058396002973487,5.206969554607685,0.0,0.0430861723446893,0.0,0.6863727454909818,0.0040080160320641,0.0,0.0050100200400801,0.0,0.033066132264529,0.0070140280561122,0.0480961923847695,0.001002004008016,0.1703406813627254,0.0,0.0,0.0,0.002004008016032,5.197286128997803,4.845714569091797,3.970313549041748,5.981581687927246,5.508021354675293,5.342557430267334,5.070844650268555,5.223508358001709,5.844933986663818,4.8067169189453125,5.483545303344727,5.063196182250977,5.352384090423584,0.16260598666664489,0.05278419500913344,0.4789504476628269,0.42616625265369346
A4_A5_train_1m,train,1m,True,199,1.0,0.989,0.3644890206047902,0.3605219774474312,0.3489189022876121,0.5811182405299135,0.0699628571824745,5.577325490804819,0.0,0.0,0.0,0.0,0.0,0.0,0.133,0.0,0.763,0.0,0.093,0.0,0.0,0.0,0.0,0.006,0.005,5.136805534362793,6.235762596130371,6.311363220214844,6.453987121582031,4.918102264404297,4.067522048950195,4.048027992248535,5.118582248687744,6.002788543701172,7.175682067871094,5.467861652374268,6.067764759063721,5.500981330871582,0.3618264557248916,0.3605219774474312,0.36606379137813755,0.005541813930706352
A4_A5_train_1m,train,1m,True,200,1.0000000000000002,0.3749999999999999,0.2185145413902358,0.1062925473930405,0.8064611338386545,0.1744926375366092,0.0190462286247359,4.981486100416917,0.0009999999999999,0.0309999999999999,0.0009999999999999,0.4519999999999999,0.0399999999999999,0.0009999999999999,0.0009999999999999,0.0049999999999999,0.0379999999999999,0.0109999999999999,0.0369999999999999,0.2579999999999999,0.0519999999999999,0.0209999999999999,0.0,0.0,0.0509999999999999,5.14443826675415,4.826246738433838,4.0710978507995605,5.3939080238342285,4.044768333435059,5.501044273376465,5.007711887359619,5.093419551849365,5.329307556152344,5.091700553894043,5.350211143493652,5.107831954956055,4.797633171081543,0.175475911888768,0.0956848239629759,0.3992242030213378,0.3035393790583619
A4_A5_train_1m,train,1m,True,201,0.999,0.1551551551551551,0.4862135166765741,0.0801100446277125,0.8850659573230184,0.0696479960985379,0.0452860465784436,5.27765663770529,0.0,0.1671671671671671,0.0,0.005005005005005,0.0,0.2032032032032032,0.1441441441441441,0.0,0.007007007007007,0.0,0.0,0.004004004004004,0.0,0.0,0.006006006006006,0.4634634634634634,0.0,6.249311923980713,4.444407939910889,4.926215171813965,6.420531272888184,1.847023129463196,4.471962928771973,5.21245002746582,5.799186706542969,6.040916442871094,7.703729152679443,5.422813415527344,4.551976680755615,5.519011497497559,0.18780835683329203,0.08011004462771251,0.5043240191039728,0.4242139744762603
A4_A5_train_1m,train,1m,True,202,1.0,0.679,0.2024651558164446,0.1438505090876691,0.783961084828609,0.1443768121674433,0.0716621030039475,5.150389304527869,0.129,0.001,0.002,0.012,0.0,0.001,0.227,0.0,0.058,0.0,0.263,0.002,0.001,0.0,0.027,0.271,0.006,4.237787246704102,5.899332046508789,4.788266658782959,6.346368312835693,4.013040542602539,4.250637531280518,4.754419326782227,4.861445426940918,5.931478977203369,6.763111591339111,5.089569091796875,4.758458137512207,5.261146068572998,0.18176977383710963,0.14385050908766914,0.3004294907993659,0.15657898171169674
A4_A5_train_1m,train,1m,True,203,0.999,0.947947947947948,0.1809069479071275,0.1719061970997503,0.6585613920272355,0.3390648217460281,0.0023737862267363,5.623192493732159,0.0,0.0,0.0,0.0,0.0,0.0,0.0,0.0,0.005005005005005,0.0,0.0,0.9429429429429428,0.001001001001001,0.0,0.0,0.051051051051051,0.0,5.984907627105713,5.392856121063232,6.150088310241699,5.590419769287109,5.627928256988525,6.264290809631348,5.480181694030762,5.236075401306152,5.08212947845459,6.652924537658691,5.157150268554688,5.177479267120361,5.305070877075195,0.17805165007446092,0.1719061970997503,0.19791459426231198,0.026008397162561675
A4_A5_train_1m,train,1m,True,204,1.001,0.7622377622377621,0.1752111683278219,0.1375349543044728,0.7847628436314087,0.1554044041282364,0.0598327522403545,4.941437867971567,0.1118881118881118,0.0469530469530469,0.0009990009990009,0.0609390609390609,0.0929070929070929,0.0149850149850149,0.1168831168831168,0.0009990009990009,0.0009990009990009,0.0149850149850149,0.2937062937062936,0.1458541458541458,0.0,0.0009990009990009,0.0,0.0,0.0969030969030969,4.317138195037842,4.7527947425842285,4.6941237449646,5.312907695770264,2.3668503761291504,4.553642272949219,5.213816642761231,4.766032695770264,5.485684871673584,7.022183895111084,5.4154052734375,5.601137161254883,4.736974716186523,0.16849863733026094,0.13702903880880926,0.25425256886526243,0.11722353005645317
A4_A5_train_1m,train,1m,True,205,0.998,0.0661322645290581,0.3288659263156424,0.0251044515905763,0.9602089081553722,0.0293732805081026,0.010417811336525,5.35276198387146,0.0,0.7695390781563125,0.0,0.0511022044088176,0.0400801603206412,0.0040080160320641,0.0,0.0,0.003006012024048,0.0,0.0220440881763527,0.001002004008016,0.003006012024048,0.0,0.0,0.0,0.1062124248496993,6.176573753356934,3.9412243366241455,4.775112628936768,5.566081523895264,2.9131174087524414,6.530587196350098,6.002806663513184,5.203178405761719,5.793672561645508,6.488200664520264,5.786585330963135,5.687711238861084,4.7210540771484375,0.18829217283763341,0.02510445159057623,0.4958266043455233,0.47072215275494705
A4_A5_train_1m,train,1m,True,206,1.001,0.2817182817182817,0.4589379432624113,0.1401844818760797,0.7711180870471983,0.1773948621534438,0.0514870507993577,5.266261522586529,0.0,0.5974025974025973,0.0489510489510489,0.0,0.1698301698301698,0.0509490509490509,0.0,0.0,0.1118881118881118,0.0,0.0,0.0,0.0,0.0149850149850149,0.0059940059940059,0.0,0.0,5.589229106903076,4.008102416992188,6.327911376953125,5.216530799865723,2.029496431350708,5.400975227355957,4.7348456382751465,5.492382049560547,5.749972343444824,7.330021858215332,5.225074291229248,5.71218204498291,5.644676208496094,0.261245807391256,0.1326211548522263,0.4939269230769229,0.36130576822469657
A4_A5_train_1m,train,1m,True,207,1.0,0.037,0.0040695088833728,0.0060527169993577,0.989084589652868,0.009725386695548,0.0011900236515837,5.7279043931227465,0.025,0.486,0.0,0.07,0.0,0.0,0.0,0.001,0.0,0.0,0.012,0.0,0.0,0.0,0.013,0.393,0.0,4.953140258789063,4.063806056976318,4.313103675842285,6.307094097137451,5.816768169403076,7.498038291931152,6.859316349029541,5.335052490234375,5.983605861663818,8.01688003540039,5.274675369262695,4.580812931060791,5.460463523864746,0.15312237327035072,0.006051021611590437,0.48901752182868485,0.4829665002170944
A4_A5_train_1m,train,1m,True,208,1.001,0.9250749250749252,0.3284098323669376,0.3418394153564278,0.3623236431618174,0.5916738829635095,0.046002473874673,5.562525419088511,0.0,0.0,0.0,0.0,0.0009990009990009,0.0,0.0,0.0,0.6683316683316683,0.0,0.0,0.2557442557442557,0.0,0.0749250749250749,0.0,0.0,0.0,5.139299392700195,5.814373016357422,6.39250373840332,5.846623420715332,4.93055534362793,4.988345146179199,4.069606781005859,5.514239311218262,5.473201751708984,6.833381652832031,5.332393646240234,6.313594341278076,5.664712905883789,0.3269073642143689,0.304022780237161,0.3418394153564277,0.037816635119266695
A4_A5_train_1m,train,1m,True,209,1.0,0.4459999999999999,0.1735146642901711,0.1066444618964454,0.7900890634908506,0.2065329492254079,0.0033779872837414,5.313656513507549,0.028,0.005,0.001,0.022,0.008,0.0,0.0,0.001,0.0,0.0,0.003,0.407,0.156,0.0,0.0,0.0,0.369,4.757841110229492,5.195563316345215,4.836373805999756,5.557421684265137,5.583342552185059,6.611239910125732,6.043596267700195,5.328853130340576,5.264290809631348,4.787973880767822,5.315428256988525,5.502066135406494,4.293543815612793,0.17229430200942808,0.1066427665086781,0.35862564027341637,0.25198287376473827
A4_A5_train_1m,train,1m,True,210,0.999,0.4954954954954955,0.0096196177430961,0.0076373374007146,0.988444627801264,0.0078360695960425,0.0037193026026933,5.629430532455444,0.4904904904904905,0.2752752752752753,0.0,0.2252252252252252,0.0,0.0,0.005005005005005,0.002002002002002,0.0,0.0,0.0,0.0,0.0,0.002002002002002,0.0,0.0,0.0,3.829089879989624,4.285812377929688,4.312943458557129,6.448561191558838,5.466246604919434,5.784345626831055,6.103146076202393,5.841799736022949,6.23178768157959,7.763936519622803,6.093575477600098,5.4229583740234375,5.59839391708374,0.08546496701957347,0.0066234807217174195,0.2608781889718044,0.254254708250087
A4_A5_train_1m,train,1m,True,211,0.999,0.1831831831831831,0.3542422553374524,0.0708165472316001,0.8757456340840547,0.1068756373686896,0.0173787285472553,4.933682166613066,0.011011011011011,0.1331331331331331,0.021021021021021,0.6286286286286286,0.043043043043043,0.004004004004004,0.002002002002002,0.0,0.094094094094094,0.002002002002002,0.001001001001001,0.032032032032032,0.006006006006006,0.002002002002002,0.0,0.001001001001001,0.019019019019019,4.6909003257751465,4.485211849212647,3.975364208221436,5.520882606506348,2.930327177047729,5.213114738464356,4.770622253417969,5.579472064971924,5.636181354522705,5.735686302185059,5.608154773712158,5.0011982917785645,4.990752220153809,0.1761270734015722,0.06980608472230719,0.4795482810077615,0.4097421962854543
A4_A5_train_1m,train,1m,True,212,1.001,0.8221778221778222,0.0739243136082324,0.0620774792982247,0.8813503505332009,0.1131443403371483,0.0055053091296505,5.075303829633272,0.2757242757242757,0.0,0.0,0.0529470529470529,0.0,0.0839160839160839,0.0009990009990009,0.0,0.0929070929070929,0.0,0.3286713286713286,0.1238761238761238,0.0,0.0009990009990009,0.0,0.0249750249750249,0.0149850149850149,3.971222400665283,5.706650257110596,4.65459680557251,5.965755462646484,1.963699579238892,5.272273540496826,4.756625175476074,4.753420829772949,5.586988925933838,7.376490116119385,5.463526725769043,5.37757682800293,5.130123138427734,0.08131089563347518,0.0615732574966344,0.15105035973983524,0.08947710224320085
A4_A5_train_1m,train,1m,True,213,1.0,0.475,0.3885300743014397,0.1887279582361412,0.6879640451467957,0.246615993234126,0.0654199616190782,5.264764015491192,0.022,0.002,0.0,0.001,0.233,0.0,0.003,0.007,0.125,0.005,0.0,0.092,0.001,0.001,0.006,0.0,0.502,4.595373630523682,5.510548114776611,5.520384788513184,5.080668449401856,5.276336669921875,5.0853376388549805,4.641459465026856,5.52878999710083,5.4773149490356445,6.741512298583984,5.175268650054932,5.591162204742432,4.217775344848633,0.25097200142845355,0.1882113644983785,0.45106803529318384,0.26285667079480535
A4_A5_train_1m,train,1m,True,214,1.0000000000000002,0.841,0.3837211311100259,0.333078490600688,0.4934688700574486,0.3469052786837261,0.159625851258825,4.916725580508892,0.0409999999999999,0.0009999999999999,0.0,0.0099999999999999,0.5649999999999998,0.0059999999999999,0.0499999999999999,0.0,0.0219999999999999,0.0019999999999999,0.1529999999999999,0.0099999999999999,0.0369999999999999,0.0,0.0159999999999999,0.0869999999999999,0.0,4.549870491027832,5.586367607116699,4.9138503074646,4.8503947257995605,2.792950391769409,4.814715385437012,5.0541605949401855,4.869331359863281,5.462575435638428,5.414200305938721,5.078217029571533,5.077177047729492,5.453621864318848,0.35166865560624716,0.33307849060068795,0.4034258212635314,0.07034733066284343
A4_A5_train_1m,train,1m,True,215,1.001,0.897102897102897,0.4439233618361383,0.3987067036537327,0.3516076777539167,0.4993712371847009,0.1490210850613822,5.386073754383967,0.0,0.0079920079920079,0.0,0.0679320679320679,0.1078921078921078,0.0,0.3456543456543456,0.0269730269730269,0.4435564435564435,0.0,0.0,0.0,0.0,0.0,0.0,0.0,0.0,5.093480110168457,5.416059970855713,4.7806172370910645,5.443457126617432,5.03870153427124,3.929661989212036,4.221399307250977,5.906030178070068,5.857247352600098,7.13323974609375,5.606564998626709,5.82649040222168,5.7660088539123535,0.410928679748574,0.3986609739137562,0.4504806482805714,0.05181967436681517
A4_A5_train_1m,train,1m,True,216,1.001,0.7302697302697301,0.168315707645747,0.1251860827998954,0.763540019791193,0.2225477948178227,0.013912185390984,5.281318224393404,0.4125874125874125,0.0,0.0229770229770229,0.0,0.0,0.0049950049950049,0.0019980019980019,0.0029970029970029,0.3116883116883116,0.0,0.0039960039960039,0.0,0.0,0.0,0.0079920079920079,0.0089910089910089,0.2217782217782217,3.814728021621704,6.3347368240356445,5.720529556274414,6.490154266357422,2.781996965408325,4.883570671081543,4.3442158699035645,5.726000785827637,6.063558101654053,7.338719367980957,5.23087215423584,5.468301773071289,4.459752559661865,0.15750935739618419,0.1251810017176757,0.2598444378511895,0.13466343613351378
A4_A5_train_1m,train,1m,True,217,1.0,0.971,0.1678064397840402,0.1685768346092504,0.7470457723399407,0.1687547861016176,0.0841994415584415,5.939222537554228,0.656,0.017,0.0,0.0,0.315,0.0,0.0,0.0,0.0,0.0,0.0,0.0,0.0,0.011,0.0,0.0,0.001,3.745542764663696,5.077492713928223,6.154898643493652,5.062333106994629,5.747181415557861,7.004570960998535,6.610246658325195,5.923146724700928,5.924096584320068,8.02356243133545,6.159089088439941,6.196145057678223,5.581586837768555,0.16967931580984205,0.16302484835194045,0.17766190303030302,0.014637054678362571
A4_A5_train_1m,train,1m,True,218,1.0,0.645,0.1100873141745481,0.1093967233392655,0.8366112510406526,0.1079840512401636,0.0554046977191837,5.080042637311495,0.49,0.0,0.013,0.123,0.015,0.084,0.106,0.001,0.01,0.001,0.0,0.024,0.001,0.069,0.01,0.017,0.036,3.823155403137207,6.222023010253906,4.438408851623535,5.861325740814209,1.971550226211548,4.562396049499512,5.094458103179932,5.904611587524414,5.890111446380615,6.645567417144775,5.346179485321045,5.308969497680664,4.971797466278076,0.12817748862220318,0.07456893233746315,0.2512220676425835,0.17665313530512033
A4_A5_train_1m,train,1m,True,219,1.0,0.364,0.4551176925064112,0.1862017418986844,0.7368532839056176,0.1538899483913958,0.1092567677029865,5.515955741588886,0.033,0.0,0.0,0.51,0.016,0.0,0.315,0.0,0.0,0.0,0.0,0.0,0.0,0.035,0.0,0.088,0.003,4.584572792053223,6.385249614715576,4.058259963989258,5.882463455200195,5.4091410636901855,4.16380500793457,5.171646595001221,6.194613456726074,6.188305377960205,7.460816383361816,5.952318668365479,4.858794212341309,5.397438049316406,0.25022359482855816,0.16853633107997099,0.48852824007233375,0.31999190899236274
A4_A5_train_1m,train,1m,True,220,1.0,0.578,0.4994599514121789,0.2901591243323128,0.5937090441481987,0.2322636630389769,0.1740272928128243,5.317405902422392,0.0,0.255,0.0,0.07,0.001,0.07,0.576,0.0,0.001,0.0,0.0,0.0,0.0,0.0,0.0,0.0,0.027,5.989617824554443,4.390227794647217,4.816200733184815,6.404422283172607,2.0222928524017334,3.9109935760498047,5.061378002166748,5.896002769470215,6.234213829040527,7.551061630249023,5.8396501541137695,5.821027755737305,5.189187526702881,0.35632071863517,0.29015912433231283,0.5029161519162394,0.21275702758392656
A4_A5_train_1m,train,1m,True,221,1.0,0.724,0.3753335885836721,0.2943077024806063,0.4930105613898901,0.4253634722590074,0.0816259663511024,5.251096872182993,0.058,0.02,0.0,0.003,0.029,0.0,0.149,0.025,0.466,0.0,0.006,0.016,0.0,0.043,0.0,0.005,0.18,4.34671688079834,5.10393762588501,5.4170756340026855,5.705030918121338,5.100253105163574,4.153053283691406,4.212343215942383,5.549075603485107,5.79637336730957,7.058890342712402,5.508371353149414,5.748661994934082,4.564476013183594,0.31437162423757714,0.2725620987805763,0.4118529181345786,0.13929081935400228
A4_A5_train_1m,train,1m,True,222,1.001,0.0159840159840159,0.2054706950207468,0.0304696149795529,0.950340904583608,0.0383789608736777,0.011280134542714,6.054345736136804,0.0,0.86013986013986,0.0009990009990009,0.0,0.0,0.0,0.0,0.0,0.0019980019980019,0.0009990009990009,0.0,0.0139860139860139,0.0,0.0439560439560439,0.0109890109890109,0.0,0.0669330669330669,7.176268100738525,3.897209882736206,6.887978553771973,6.327657222747803,6.150622367858887,6.754069805145264,6.236223220825195,5.4883646965026855,5.880116939544678,7.548749923706055,5.255471229553223,6.2059855461120605,4.897777080535889,0.19188094659637106,0.008283855709582986,0.5028199611591726,0.4945361054495896
A4_A5_train_1m,train,1m,True,223,1.001,0.1298701298701298,0.1848671337376317,0.0304458588558885,0.9414209609401712,0.0562663604078803,0.0023126786519484,5.707822616283711,0.0,0.0,0.0109890109890109,0.6173826173826173,0.0019980019980019,0.0,0.0,0.0,0.0,0.0159840159840159,0.0,0.1278721278721278,0.0,0.0,0.0,0.0,0.2257742257742257,5.679417610168457,5.86353874206543,3.946519374847412,5.828444480895996,5.636971473693848,7.003219604492188,6.504044055938721,5.599884033203125,5.591666221618652,7.598355770111084,5.579805374145508,4.963210105895996,4.406617164611816,0.133797222814203,0.03044585885588847,0.46573014723865325,0.4352842883827648
A4_A5_train_1m,train,1m,True,224,1.0,0.212,0.4125590483833085,0.1205990902677481,0.7803625450830002,0.1980767292985033,0.0215607256184964,5.286468689258282,0.0,0.0,0.0,0.0,0.056,0.0,0.0,0.008,0.151,0.0,0.0,0.005,0.163,0.0,0.007,0.44,0.17,5.398396968841553,6.160666465759277,5.817794799804688,5.514094829559326,5.322299003601074,5.385011672973633,4.5829668045043945,5.863615989685059,5.719616413116455,4.758363723754883,5.226824760437012,4.513316631317139,4.461124897003174,0.21315639490101745,0.1205855271656099,0.4874907182572614,0.36690519109165154
A4_A5_train_1m,train,1m,True,225,1.001,0.5104895104895105,0.4030365583572108,0.2565103637616428,0.6045734824857433,0.2778323075052281,0.1175942100090287,5.014853074000432,0.0019980019980019,0.0229770229770229,0.0,0.0319680319680319,0.4005994005994007,0.2247752247752248,0.0,0.0029970029970029,0.0039960039960039,0.0009990009990009,0.1008991008991009,0.0029970029970029,0.1018981018981019,0.0589410589410589,0.0049950049950049,0.0339660339660339,0.0059940059940059,5.47501277923584,4.897958755493164,4.770922660827637,4.9516119956970215,1.82230281829834,6.303162574768066,5.716688632965088,4.951360702514648,5.552104473114014,4.906848430633545,5.217442035675049,5.320284843444824,5.307389259338379,0.2928768548801964,0.22675619638559996,0.4542459353851492,0.22748973899954922
A4_A5_train_1m,train,1m,True,226,0.999,0.2722722722722723,0.3463988599916927,0.1000735214814986,0.809960822964644,0.1799313111077147,0.0101078659276412,5.161886325249305,0.0,0.2412412412412412,0.0,0.4574574574574575,0.0,0.0,0.0,0.013013013013013,0.2262262262262262,0.0,0.006006006006006,0.04004004004004,0.016016016016016,0.0,0.0,0.0,0.0,5.045462131500244,4.310206413269043,4.09850025177002,6.092175006866455,5.172472953796387,5.097616195678711,4.484179973602295,5.426341533660889,5.636017799377441,5.611613750457764,5.494913101196289,5.1902384757995605,5.444784641265869,0.2023189812082429,0.10005145937842093,0.4637457857034439,0.36369432632502297
A4_A5_train_1m,train,1m,True,227,1.001,0.6083916083916084,0.3034480371926968,0.212716449975009,0.651084573049153,0.2723979539516757,0.0765174729991711,4.919211167555589,0.1238761238761238,0.0719280719280719,0.0029970029970029,0.1478521478521478,0.2927072927072927,0.0029970029970029,0.0029970029970029,0.0,0.0,0.0009990009990009,0.0,0.1888111888111888,0.1438561438561438,0.0,0.0059940059940059,0.0059940059940059,0.0089910089910089,4.241272926330566,4.609585285186768,4.409942150115967,5.017391204833984,3.104917526245117,5.773363590240479,5.720613956451416,5.352195739746094,5.312908172607422,4.810103416442871,5.088100910186768,5.351899147033691,5.157451152801514,0.263442798394611,0.2127164499750089,0.38341523941094097,0.17069878943593206
A4_A5_train_1m,train,1m,True,228,1.0,0.803,0.3901397261765442,0.3140616700436508,0.4130657655966959,0.5457451287193064,0.0411891056839975,5.416094890007606,0.0,0.0,0.003,0.0,0.0,0.103,0.036,0.014,0.767,0.0,0.0,0.0,0.0,0.0,0.0,0.0,0.077,5.106696605682373,6.372750759124756,6.319029331207275,6.507830619812012,1.903975009918213,4.308053970336914,4.039121627807617,6.088293552398682,6.058289051055908,7.158002853393555,5.608011722564697,6.136529445648193,4.802649021148682,0.33540885249909497,0.314037934614909,0.41328925011976503,0.09925131550485605
A4_A5_train_1m,train,1m,True,229,1.0,0.609,0.2165846625234278,0.1357183534900713,0.7527440081862794,0.2230752766472988,0.0241807151664218,5.332706378056453,0.0,0.0,0.0,0.0,0.0,0.139,0.07,0.0,0.0,0.0,0.0,0.539,0.0,0.004,0.0,0.248,0.0,6.939610481262207,5.532644748687744,6.019924163818359,5.750133514404297,1.873727321624756,4.708277702331543,5.3641862869262695,5.337197303771973,5.286413669586182,7.149831295013428,5.3167924880981445,4.718199253082275,5.328244686126709,0.17820081856994494,0.13369944939650397,0.3303912094767675,0.1966917600802635
A4_A5_train_1m,train,1m,True,230,0.999,0.3193193193193193,0.0194775835433969,0.0194626280095345,0.966652552996236,0.0277696379884586,0.0055778090153052,5.555266838807326,0.3063063063063063,0.0,0.0,0.6436436436436436,0.0,0.0,0.0,0.0,0.012012012012012,0.005005005005005,0.0,0.001001001001001,0.021021021021021,0.011011011011011,0.0,0.0,0.0,3.938359498977661,6.47410774230957,3.973922729492188,6.498449325561523,5.42323637008667,6.0184760093688965,5.430098533630371,6.320805549621582,6.13651704788208,5.462368011474609,5.9071197509765625,5.082637310028076,5.552371025085449,0.09635017428561657,0.013905084208423433,0.3517671162666102,0.33786203205818677
A4_A5_train_1m,train,1m,True,231,1.0,0.742,0.3552240023598886,0.2767216082145715,0.5500574494671,0.3464418846366567,0.1035006658962432,5.509172256176289,0.0,0.0,0.0,0.0,0.397,0.0,0.0,0.0,0.0,0.0,0.0,0.345,0.049,0.006,0.002,0.201,0.0,7.030079364776611,5.608922004699707,6.158549785614014,4.881078243255615,4.293104648590088,6.523976802825928,6.144949436187744,5.303317070007324,5.201640605926514,5.195467948913574,5.169262409210205,4.778803825378418,5.330087184906006,0.30512679916943286,0.2736932520742207,0.3945499097510374,0.12085665767681669
A4_A5_train_1m,train,1m,True,232,0.999,0.7897897897897899,0.3064439266310254,0.2610512451181531,0.6124005922994458,0.2530963251648021,0.134503082535752,5.255817715938274,0.003003003003003,0.003003003003003,0.0,0.0,0.0,0.1011011011011011,0.4444444444444445,0.0,0.0,0.0,0.2352352352352352,0.1071071071071071,0.004004004004004,0.0,0.0990990990990991,0.0,0.003003003003003,5.502832412719727,5.556247234344482,6.591684341430664,6.0515313148498535,1.972350716590881,4.008067607879639,4.983384609222412,4.878246307373047,5.613946914672852,6.135725975036621,4.881063938140869,6.484925270080566,5.665623664855957,0.28398309735164756,0.26105124511815303,0.3487394976094885,0.0876882524913355
A4_A5_train_1m,train,1m,True,233,0.999,0.2842842842842842,0.0708192969192516,0.0244890085030471,0.9642479739810904,0.0225260350317245,0.0132259909871849,5.338685842660757,0.2402402402402402,0.2002002002002001,0.0,0.4514514514514514,0.0,0.0,0.038038038038038,0.048048048048048,0.0,0.0,0.006006006006006,0.0,0.0,0.0,0.008008008008008,0.0,0.008008008008008,4.034206867218018,4.387032508850098,4.094069004058838,6.309581756591797,5.406502723693848,5.001986503601074,5.529897212982178,5.488137245178223,5.991499423980713,7.470646381378174,5.335002422332764,5.167529106140137,5.186824798583984,0.12190584449837717,0.02440754843014503,0.38346589622128857,0.35905834779114354
A4_A5_train_1m,train,1m,True,234,1.001,0.6223776223776223,0.3345571800386124,0.2110154531672737,0.6836468233604809,0.2106754469444906,0.1056777296950284,5.009716492432815,0.0919080919080918,0.0,0.0,0.0009990009990009,0.0389610389610389,0.0059940059940059,0.3106893106893106,0.0,0.0219780219780219,0.0,0.0239760239760239,0.1348651348651348,0.0039960039960039,0.0,0.0019980019980019,0.3646353646353646,0.0,4.329438209533691,5.88670825958252,5.2311835289001465,5.530064582824707,2.7671453952789307,4.131006717681885,4.827371597290039,5.274241924285889,5.527488708496094,6.252150058746338,5.265810489654541,4.64502477645874,5.458680152893066,0.25549804581774344,0.2110154531672736,0.3999209022617934,0.18890544909451978
A4_A5_train_1m,train,1m,True,235,1.0,0.038,0.1936393657908791,0.0244705488136594,0.9533326289906798,0.0443936443913215,0.0022737266179986,5.199401617050171,0.0,0.175,0.014,0.62,0.0,0.079,0.001,0.0,0.001,0.002,0.0,0.036,0.002,0.0,0.07,0.0,0.0,5.668350696563721,4.389921188354492,3.980043172836304,6.126288414001465,1.9551024436950684,6.383660793304443,6.050153732299805,5.53373908996582,5.661907196044922,6.418753623962402,4.939540863037109,5.045766830444336,5.438992977142334,0.14876922500017553,0.024470548813659357,0.49571759590005343,0.4712470470863941
A4_A5_train_1m,train,1m,True,236,1.001,0.7722277722277724,0.3419654548574175,0.265051168064797,0.6169457295746219,0.2360062047211625,0.1470480657042157,5.195423227090102,0.1908091908091908,0.0449550449550449,0.0,0.0069930069930069,0.0609390609390609,0.1758241758241758,0.4335664335664336,0.0,0.0,0.0,0.0,0.0869130869130869,0.0,0.0,0.0,0.0,0.0,4.166162490844727,4.891219139099121,5.483946323394775,5.569667816162109,1.8942168951034544,4.011224746704102,4.9785261154174805,5.656174182891846,5.74905252456665,7.4641265869140625,5.594460487365723,6.248054504394531,5.833670139312744,0.291963718168891,0.26505116806479695,0.37970379281197175,0.1146526247471748
A4_A5_train_1m,train,1m,True,237,1.0,0.859,0.0069418661600119,0.0418891984156239,0.9358862926613216,0.0444490178461087,0.0196646894925696,5.799081563949585,0.819,0.0,0.0,0.062,0.001,0.0,0.001,0.0,0.0,0.0,0.032,0.006,0.0,0.067,0.009,0.0,0.003,3.6796133518218994,6.322625160217285,4.693508625030518,6.309243679046631,5.684506893157959,6.556742191314697,6.324742317199707,5.371756076812744,6.115052223205566,7.639638900756836,5.40205192565918,5.759052753448486,5.529526233673096,0.03725151649192869,0.008072554848372498,0.07754171303145023,0.06946915818307774
A4_A5_train_1m,train,1m,True,238,0.999,0.037037037037037,0.0031072617722168,0.0066628253217081,0.9889620432544384,0.0087502628477066,0.0022876938978548,5.919422388076782,0.004004004004004,0.003003003003003,0.0,0.9449449449449449,0.0,0.0,0.0,0.0,0.0,0.012012012012012,0.033033033033033,0.0,0.0,0.0,0.0,0.003003003003003,0.0,5.299075126647949,5.596675872802734,3.85369610786438,6.327463626861572,5.622583866119385,7.438841342926025,6.953099250793457,5.327580451965332,6.112815856933594,8.046326637268066,5.947885513305664,4.911129951477051,5.515317440032959,0.120728550737832,0.006662825321708094,0.48896323191748947,0.4823004065957814
A4_A5_train_1m,train,1m,True,239,0.999,0.4664664664664664,0.1013408215793626,0.0498289032578424,0.908157822722951,0.0840265480384133,0.0078156292386357,5.059099765924307,0.3413413413413413,0.024024024024024,0.0,0.017017017017017,0.001001001001001,0.05005005005005,0.004004004004004,0.0,0.1121121121121121,0.0,0.008008008008008,0.0,0.0,0.0,0.001001001001001,0.4164164164164164,0.025025025025025,3.8700473308563232,5.032840251922607,4.521413326263428,6.243908405303955,2.026909351348877,5.09210729598999,4.690558433532715,5.577586650848389,6.068460941314697,7.734513759613037,5.471090793609619,4.5440521240234375,4.894808292388916,0.11364842150211378,0.04982890325784239,0.3181203932492322,0.2682914899913898
A4_A5_train_1m,train,1m,True,240,1.0000000000000002,0.7929999999999998,0.1814469663797785,0.172775870913735,0.670620210271829,0.3132078376288713,0.0161719520992993,5.506106009850135,0.0,0.0,0.0009999999999999,0.0139999999999999,0.0009999999999999,0.0,0.0029999999999999,0.0149999999999999,0.0,0.0089999999999999,0.0,0.7889999999999998,0.0029999999999999,0.0509999999999999,0.0009999999999999,0.1129999999999999,0.0,6.157205581665039,5.3568220138549805,5.031589031219482,5.557225227355957,5.673738956451416,5.984348773956299,5.84912109375,5.373744010925293,5.168059349060059,6.06370210647583,5.109477519989014,4.966803073883057,5.287541389465332,0.18085712392676925,0.14700941290424327,0.24897099433916375,0.10196158143492048
A4_A5_train_1m,train,1m,True,241,1.0,0.916,0.3653279742771551,0.3383042332944556,0.5244099570207058,0.2745716193696774,0.2010184236096168,5.525696662756113,0.0,0.0,0.0,0.0,0.0,0.026,0.666,0.023,0.003,0.0,0.247,0.0,0.009,0.001,0.007,0.0,0.018,6.482175827026367,6.2196855545043945,6.782663345336914,6.732915878295898,2.2444207668304443,3.855712890625,4.974841594696045,4.94049072265625,6.1970391273498535,5.920212745666504,5.343300819396973,6.725865840911865,5.414731502532959,0.34700908061185876,0.33776051335241636,0.3772830244378741,0.039522511085457734
A4_A5_train_1m,train,1m,True,242,1.0,0.01,0.4079288895542498,0.0111957971984136,0.9800172194359862,0.0175739667312,0.0024088138328136,5.40106816475208,0.0,0.0,0.022,0.169,0.0,0.081,0.002,0.0,0.008,0.01,0.0,0.0,0.0,0.0,0.008,0.34,0.36,5.609898090362549,6.276614189147949,4.111865520477295,6.445742607116699,1.9646981954574585,5.802512168884277,5.578797340393066,6.066964149475098,6.149731159210205,8.020036697387695,5.408435344696045,4.5209150314331055,4.257675647735596,0.12753731506859833,0.011195797198413614,0.5066527888955425,0.4954569916971289
A4_A5_train_1m,train,1m,True,243,0.999,0.6216216216216216,0.0585219343190357,0.0424735658112728,0.9198772845263924,0.0752982993246697,0.0048244161489379,5.341662150162917,0.5335335335335335,0.006006006006006,0.001001001001001,0.013013013013013,0.0,0.0,0.0,0.004004004004004,0.088088088088088,0.0,0.0,0.0,0.005005005005005,0.0,0.023023023023023,0.0,0.3263263263263263,3.756375312805176,5.482794761657715,4.947601318359375,6.561128616333008,5.2890825271606445,5.564194202423096,4.758359432220459,5.925838947296143,6.057215213775635,5.932955741882324,5.158548355102539,5.648903846740723,4.358609676361084,0.08776877180620682,0.042466777471864246,0.22846228349561673,0.18599550602375248
A4_A5_train_1m,train,1m,True,244,0.999,0.5735735735735736,0.2947738380235832,0.1745830235033582,0.6678437930534828,0.3151463668863177,0.0170098400601993,4.994082230788011,0.0960960960960961,0.0,0.0,0.2282282282282282,0.0,0.004004004004004,0.0,0.034034034034034,0.4034034034034034,0.0,0.0,0.074074074074074,0.021021021021021,0.0,0.0,0.054054054054054,0.0850850850850851,4.184356212615967,6.016538619995117,4.236485958099365,6.085881233215332,2.979827880859375,5.130877494812012,4.265852451324463,5.7786545753479,5.617089748382568,5.405881404876709,5.514796257019043,5.011908054351807,4.694919109344482,0.22429506716739372,0.1745253226183859,0.38554985904655975,0.21102453642817384
A4_A5_train_1m,train,1m,True,245,0.998,0.8827655310621243,0.2139741124232918,0.1902857064619674,0.6347740264453694,0.3498805341853265,0.0153454393693041,5.183573704499465,0.0,0.0901803607214428,0.0,0.0240480961923847,0.0360721442885771,0.001002004008016,0.002004008016032,0.0,0.0861723446893787,0.0,0.0,0.7585170340681363,0.0,0.002004008016032,0.0,0.0,0.0,5.4499359130859375,4.476955413818359,4.919561386108398,5.268488883972168,3.6801445484161377,5.149721622467041,4.73003625869751,5.148219108581543,5.172192096710205,7.14341402053833,5.175151348114014,5.703052043914795,5.369585514068604,0.20967333574793356,0.18927423146519012,0.24840304914320624,0.059128817678016116
A4_A5_train_1m,train,1m,True,246,1.0,0.771,0.3683491477776593,0.2883049797851639,0.5553147043911902,0.3127606316472915,0.1319246639615182,5.13984856238732,0.193,0.16,0.0,0.026,0.478,0.002,0.017,0.033,0.083,0.0,0.0,0.0,0.0,0.007,0.0,0.001,0.0,4.071963310241699,4.39108419418335,4.888641357421875,4.899617671966553,3.271212577819824,4.918762683868408,4.765859127044678,5.596029758453369,5.6725754737854,7.323268413543701,5.714392185211182,5.752376556396484,5.552248001098633,0.323497008635871,0.2847159498251012,0.4002490429365754,0.11553309311147425
A4_A5_train_1m,train,1m,True,247,0.999,0.7597597597597598,0.3477477555330892,0.2655962671896582,0.6071087324060565,0.2545900008085708,0.1383012667853727,5.323499386127178,0.0,0.1441441441441441,0.0,0.072072072072072,0.2012012012012012,0.0,0.2882882882882883,0.021021021021021,0.002002002002002,0.003003003003003,0.1751751751751752,0.0930930930930931,0.0,0.0,0.0,0.0,0.0,5.9207048416137695,4.469282150268555,4.745197772979736,5.183468341827393,5.410195350646973,4.188157081604004,5.09023904800415,4.875802040100098,5.511965274810791,6.990320682525635,5.448548316955566,5.734634876251221,5.63697624206543,0.30352514549777093,0.2655606284077634,0.3861627091587734,0.12060208075100998
A4_A5_train_1m,train,1m,True,248,1.0,0.774,0.3548468936842324,0.3116123509111984,0.4784923890473381,0.4197905200829269,0.1017170908697348,5.34416048343365,0.0,0.0,0.009,0.011,0.0,0.0,0.293,0.001,0.332,0.008,0.149,0.0,0.165,0.0,0.032,0.0,0.0,5.27329683303833,6.1710205078125,5.348536491394043,6.46696662902832,5.1094160079956055,4.01710844039917,4.315019607543945,5.031914710998535,5.901890754699707,4.810870170593262,5.00031042098999,6.094645023345947,5.933090686798096,0.3378758536619318,0.3116106555234311,0.38938039571159583,0.07776974018816474
A4_A5_train_1m,train,1m,True,249,1.001,0.7902097902097903,0.4186263542810199,0.3620518026168069,0.4266725456824128,0.4225513034015607,0.1507761509160266,5.37323548243596,0.0,0.0,0.0319680319680319,0.0,0.5724275724275725,0.0009990009990009,0.0159840159840159,0.0,0.0,0.0009990009990009,0.0229770229770229,0.1788211788211788,0.1708291708291708,0.0,0.0009990009990009,0.0039960039960039,0.0,7.285429954528809,5.578688621520996,6.033278465270996,4.81958532333374,3.871150016784668,5.269047737121582,5.620214939117432,5.101393699645996,5.267693996429443,4.77155876159668,5.198937892913818,5.543964862823486,5.491117000579834,0.3868227117128324,0.3620518026168068,0.4373026435926939,0.07525084097588708
A4_A5_train_1m,train,1m,True,250,1.001,0.6853146853146855,0.00752420499136,0.0074575998489708,0.9887975753495228,0.007489649603013,0.0037127750474643,5.615814529932463,0.6793206793206794,0.0,0.0,0.1028971028971029,0.0019980019980019,0.2057942057942058,0.0019980019980019,0.0,0.0,0.0,0.0019980019980019,0.0,0.0,0.0009990009990009,0.0019980019980019,0.0,0.0029970029970029,3.7316582202911377,6.584665298461914,4.534979820251465,6.41489839553833,1.850265622138977,6.2364349365234375,6.279245853424072,6.125499248504639,6.389631271362305,7.947708606719971,5.782426834106445,5.6235032081604,5.504671573638916,0.04070409539669456,0.006953378047380507,0.16490644817589684,0.15795307012851634
A4_A5_train_1m,train,1m,True,251,1.0,0.226,0.1798236514522821,0.0432847653705894,0.914457319359434,0.0845158305399531,0.0010268501006128,5.4239313785846415,0.0,0.549,0.0,0.193,0.0,0.032,0.0,0.0,0.0,0.0,0.0,0.226,0.0,0.0,0.0,0.0,0.0,6.010889053344727,4.029273986816406,4.374011516571045,5.900160312652588,2.190986156463623,6.854438781738281,6.40434455871582,5.396583557128906,5.462878227233887,7.517206192016602,5.471147537231445,5.416419506072998,5.482768535614014,0.1718545470647895,0.0432847653705894,0.43356124522821576,0.39027647985762637
A4_A5_train_1m,train,1m,True,252,0.999,0.6006006006006005,0.1920001622270926,0.1215601922345006,0.8257959230709548,0.1052877693890886,0.0689163075399563,5.004812167241023,0.3673673673673673,0.1371371371371371,0.001001001001001,0.014014014014014,0.0,0.004004004004004,0.2252252252252252,0.038038038038038,0.0,0.004004004004004,0.002002002002002,0.006006006006006,0.023023023023023,0.0,0.001001001001001,0.013013013013013,0.1641641641641641,3.935501098632813,4.556900978088379,5.001086711883545,6.363183498382568,2.961945056915283,4.291393756866455,5.1172871589660645,5.668638706207275,5.914740085601807,5.572905540466309,5.527097225189209,5.539941310882568,4.611937046051025,0.17754963891005543,0.12149570301011979,0.3180705178541096,0.1965748148439898
A4_A5_train_1m,train,1m,True,253,1.0,0.8340000000000001,0.3717532136332853,0.3167153224481161,0.5178244877379587,0.3309203796278501,0.151255132634191,5.4878202218275804,0.063,0.0,0.004,0.147,0.5840000000000001,0.0,0.0,0.0,0.0,0.0,0.115,0.072,0.0,0.01,0.005,0.0,0.0,4.43330192565918,5.667866230010986,4.412590503692627,4.813801765441895,5.571433067321777,6.842875957489014,6.354536056518555,4.887708187103272,5.422316074371338,6.843105792999268,5.202342510223389,5.402394771575928,5.487390041351318,0.3332038488726104,0.311668062214198,0.39431208017016,0.08264401795596199
A4_A5_train_1m,train,1m,True,254,1.0,0.209,0.2760307431158053,0.0613358655933573,0.8832789528549394,0.1107703631034064,0.0059506840416541,5.389522057313186,0.0,0.002,0.0,0.755,0.0,0.0,0.0,0.0,0.098,0.0,0.0,0.111,0.0,0.0,0.0,0.031,0.003,5.100135803222656,5.692227840423584,3.910094022750856,6.020572185516357,4.371903896331787,5.65470552444458,4.756463050842285,5.749411582946777,5.6271562576293945,7.525424003601074,5.574367523193359,4.839386463165283,5.241938591003418,0.15491436532722436,0.06133586559335731,0.45924157531120335,0.39790570971784606
A4_A5_train_1m,train,1m,True,255,1.0,0.409,0.4720835347122387,0.1958122100432036,0.7044225272981177,0.1995305253173568,0.0960469473845252,5.556340786126944,0.006,0.0,0.0,0.591,0.372,0.0,0.0,0.0,0.008,0.0,0.017,0.006,0.0,0.0,0.0,0.0,0.0,4.915366172790527,5.912911415100098,3.9943230152130127,4.9683051109313965,5.550404071807861,6.175894737243652,5.597379207611084,5.306157112121582,5.690155029296875,7.813117504119873,5.779268741607666,5.073090553283691,5.456057548522949,0.2656250045402641,0.19581221004320365,0.4931033156973057,0.29729110565410205
A4_A5_train_1m,train,1m,True,256,1.0000000000000002,0.5139999999999999,0.0942561285554095,0.0577665537440257,0.9082725542679044,0.0679217839761391,0.0238056617559561,5.307339998391958,0.0679999999999999,0.0879999999999999,0.0489999999999999,0.0029999999999999,0.0809999999999999,0.0,0.0019999999999999,0.0,0.0,0.0,0.3349999999999999,0.0279999999999999,0.0239999999999999,0.0059999999999999,0.0,0.3159999999999999,0.0,4.470704078674316,4.579008102416992,5.059654712677002,5.352481365203857,5.727835655212402,6.175209999084473,6.141882419586182,4.738722324371338,5.579084396362305,5.462070941925049,5.602275371551514,4.647217750549316,5.459272861480713,0.12009454611901137,0.054738197603674696,0.29516555007748013,0.24042735247380542
A4_A5_train_1m,train,1m,True,257,1.002,0.8802395209580839,0.2894616861379803,0.2583953052081885,0.6348765415798739,0.2134563064238749,0.1516671519962511,5.03038554925185,0.1287425149700599,0.0,0.0219560878243512,0.0359281437125748,0.0359281437125748,0.0139720558882235,0.4700598802395209,0.0009980039920159,0.0009980039920159,0.0039920159680638,0.2445109780439121,0.0,0.0069860279441117,0.0019960079840319,0.0009980039920159,0.0,0.0329341317365269,4.29547643661499,6.063243865966797,4.896960735321045,5.703537940979004,2.433943033218384,3.9979772567749023,4.997973442077637,4.919029235839844,5.912054538726807,5.813540935516357,5.52104377746582,5.731626987457275,5.1086039543151855,0.2720739473162202,0.25738617603199,0.3155920231274434,0.0582058470954534
A4_A5_train_1m,train,1m,True,258,1.001,0.8961038961038962,0.3064571416509618,0.2840238647321465,0.4606877232908072,0.5105768239540927,0.0287354527551002,5.418178778428298,0.1848151848151848,0.0,0.0,0.0169830169830169,0.0009990009990009,0.0019980019980019,0.0,0.0239760239760239,0.7092907092907094,0.0109890109890109,0.0,0.0009990009990009,0.0159840159840159,0.0,0.0239760239760239,0.0099900099900099,0.0,4.105507373809815,6.46873950958252,5.406383514404297,6.554090976715088,3.5123186111450195,5.089306354522705,4.200027942657471,6.235569953918457,6.117283821105957,5.91741418838501,5.118249416351318,5.812543869018555,5.89888858795166,0.29580155238390593,0.28398321607438953,0.32736029576514725,0.043377079690757714
A4_A5_train_1m,train,1m,True,259,0.999,0.3613613613613613,0.2053294456487502,0.0771573406306333,0.8488727951561459,0.1479397284264413,0.0031874764174126,5.371851370884822,0.006006006006006,0.007007007007007,0.0,0.2082082082082081,0.0,0.0,0.0,0.0,0.05005005005005,0.004004004004004,0.0,0.3053053053053052,0.0,0.0,0.0,0.018018018018018,0.4014014014014014,4.91855525970459,5.193100929260254,4.537637710571289,5.86859130859375,5.478234767913818,5.666231155395508,4.943207740783691,5.592072486877441,5.347674369812012,7.564130783081055,5.395420551300049,5.08066987991333,4.248540878295898,0.15352302400885146,0.07715734063063326,0.39840303291211077,0.3212456922814775
A4_A5_train_1m,train,1m,True,260,1.0,1.0,0.1499662079453067,0.1499662079453067,0.7454611310526872,0.2091453220040122,0.0453935469433006,5.783401452578032,0.664,0.0,0.0,0.0,0.143,0.0,0.0,0.0,0.193,0.0,0.0,0.0,0.0,0.0,0.0,0.0,0.0,3.732529163360596,6.29127311706543,6.426647186279297,5.3750481605529785,5.350449085235596,5.335702896118164,4.548331260681152,6.171281814575195,5.976149559020996,7.70934534072876,5.830530643463135,6.5495285987854,5.887402057647705,0.1499662079453067,0.1499662079453067,0.1499662079453067,0.0
A4_A5_train_1m,train,1m,True,261,0.999,0.2022022022022022,0.3820894506936154,0.082917516506271,0.8660727999857402,0.1020193670159773,0.0319078329982823,5.06170626787039,0.002002002002002,0.036036036036036,0.0,0.035035035035035,0.07007007007007,0.001001001001001,0.034034034034034,0.0,0.036036036036036,0.001001001001001,0.0,0.06006006006006,0.001001001001001,0.004004004004004,0.0,0.5245245245245245,0.1951951951951951,5.256964683532715,4.839017868041992,4.380138397216797,5.38814640045166,3.7043297290802,4.907753467559815,5.017024040222168,5.646162986755371,5.576169490814209,6.737270355224609,5.470056056976318,4.462982177734375,4.416165828704834,0.17854905526178114,0.08089659148768512,0.48226138042053074,0.4013647889328456
A4_A5_train_1m,train,1m,True,262,1.0,0.634,0.3545010761565557,0.257140606600887,0.5869759940940067,0.3117667986102125,0.1012572072957808,5.518408151773306,0.001,0.0,0.012,0.002,0.333,0.0,0.0,0.0,0.012,0.0,0.004,0.284,0.0,0.062,0.0,0.0,0.29,5.682465076446533,5.59647798538208,5.580672264099121,4.976203918457031,5.612383842468262,5.92649507522583,5.393319606781006,5.388047218322754,5.303193092346191,6.877479076385498,5.424098014831543,5.596736907958984,4.3817338943481445,0.2812001494169463,0.22584759315059466,0.41055358228325634,0.18470598913266167
A4_A5_train_1m,train,1m,True,263,1.001,0.8631368631368633,0.3825480606772303,0.3313452541760852,0.4996221073051455,0.3380652770375389,0.1623126156573156,5.314384533808782,0.0,0.0009990009990009,0.0,0.1088911088911089,0.6263736263736265,0.0119880119880119,0.0089910089910089,0.0109890109890109,0.0119880119880119,0.0,0.2017982017982018,0.0139860139860139,0.0,0.0,0.0029970029970029,0.0,0.0009990009990009,5.818199157714844,5.651467323303223,4.880544662475586,4.931674480438232,2.510082721710205,5.540261268615723,5.475727558135986,4.856217861175537,5.676167964935303,7.153275012969971,5.377048015594482,5.616656303405762,5.599676609039307,0.34716594019989916,0.3313266235412798,0.39966990452060613,0.06834328097932635
A4_A5_train_1m,train,1m,True,264,1.002,0.3772455089820359,0.1133063779900539,0.0468355029280294,0.9324444250638384,0.0414401440162638,0.0261154309198975,5.524590308849628,0.2924151696606786,0.0,0.0,0.1746506986027944,0.0,0.0,0.0828343313373253,0.0,0.0,0.0059880239520958,0.0019960079840319,0.0,0.0049900199600798,0.0,0.0,0.0189620758483033,0.4181636726546906,3.967181205749512,6.445451736450195,4.641401767730713,6.691281795501709,5.495076656341553,4.836580276489258,5.450801372528076,6.210687160491943,6.248212814331055,6.404336929321289,5.943782806396484,5.181540489196777,4.303339004516602,0.12086222361374074,0.046835502928029384,0.3588856396010382,0.3120501366730088
A4_A5_train_1m,train,1m,True,265,1.0,0.992,0.4403869215757761,0.4368990857304063,0.3137679546144913,0.4986659193102045,0.1875661260753041,5.651582589516273,0.0,0.001,0.0,0.007,0.0,0.0,0.573,0.0,0.383,0.0,0.019,0.017,0.0,0.0,0.0,0.0,0.0,5.2648444175720215,6.103814601898193,5.632362365722656,6.492452144622803,5.060072422027588,3.783788919448853,4.254772663116455,5.530589580535889,6.008159637451172,7.201771259307861,5.559494495391846,6.511021614074707,6.067429542541504,0.4379127693632208,0.43689908573040637,0.44092502620317,0.004025940472763612
A4_A5_train_1m,train,1m,True,266,1.0,0.395,0.220949902046086,0.1122734819465515,0.7967463059200107,0.1819604242668756,0.0212932698131137,5.377012876363901,0.171,0.552,0.0,0.001,0.002,0.001,0.0,0.0,0.222,0.0,0.0,0.0,0.0,0.046,0.0,0.005,0.0,4.12778377532959,4.057761669158936,5.804097652435303,6.14256477355957,3.7214674949646,5.211156368255615,4.503146171569824,5.656606197357178,5.994601249694824,7.224323749542236,5.650054931640625,6.064491271972656,5.743112087249756,0.20702771795998107,0.0890560848705281,0.39440346130820403,0.30534737643767595
A4_A5_train_1m,train,1m,True,267,1.0,0.52,0.1481521072499338,0.0792563906701873,0.8437788633220169,0.1539294920155915,0.0022916446623915,5.555308268620418,0.094,0.0,0.0,0.48,0.0,0.0,0.0,0.0,0.0,0.0,0.0,0.426,0.0,0.0,0.0,0.0,0.0,4.336478233337402,5.67979621887207,4.03806734085083,5.784757137298584,5.386361598968506,6.899745941162109,6.105424880981445,5.423370361328125,5.347273349761963,7.411803245544434,5.37162971496582,5.103710174560547,5.330589294433594,0.13595713746983035,0.0792563906701873,0.3207110957699656,0.2414547050997783
A4_A5_train_1m,train,1m,True,268,0.999,0.6766766766766766,0.2091819620457176,0.145117845897371,0.7199388122925742,0.26988668362011,0.010174504087316,5.118859511155349,0.011011011011011,0.078078078078078,0.0,0.1581581581581581,0.002002002002002,0.0,0.014014014014014,0.005005005005005,0.088088088088088,0.002002002002002,0.008008008008008,0.5535535535535535,0.0,0.001001001001001,0.008008008008008,0.042042042042042,0.029029029029029,4.731829643249512,4.543107986450195,4.3226518630981445,5.546845436096191,5.33523416519165,4.893214702606201,4.706111907958984,5.144959449768066,5.249190330505371,7.17080020904541,4.938847541809082,5.07371187210083,4.888668537139893,0.18828682366424085,0.14460412921846383,0.3056836399828877,0.1610795107644239
A4_A5_train_1m,train,1m,True,269,1.0,0.793,0.1798236514522821,0.1651866813592355,0.6826442372976954,0.3043381626861383,0.0130176000161664,5.7348542763636665,0.0,0.0,0.0,0.0,0.0,0.117,0.0,0.047,0.0,0.0,0.0,0.793,0.0,0.043,0.0,0.0,0.0,6.9411821365356445,5.631473064422607,6.770294666290283,5.67608642578125,1.9089434146881104,7.037700653076172,6.465033531188965,5.328911781311035,5.200010776519775,6.971896648406982,5.261300563812256,5.888731479644775,5.471540451049805,0.17310054586527276,0.1434037791283256,0.2476837056016597,0.10427992647333409
A4_A5_train_1m,train,1m,True,270,1.0,0.5680000000000001,0.2240058653814204,0.1659232484124798,0.7028341910391285,0.2624851210967833,0.0346806878640882,4.772263802014864,0.033,0.101,0.0,0.057,0.042,0.015,0.006,0.0,0.093,0.0,0.022,0.372,0.007,0.069,0.007,0.0,0.176,4.524506092071533,4.5026469230651855,4.63584566116333,5.357487201690674,2.353405237197876,5.0392608642578125,4.712983131408691,5.1139817237854,5.282198905944824,5.499051570892334,4.999844551086426,5.49955415725708,4.51866340637207,0.20185815261928294,0.13109715279844472,0.3465401315366468,0.2154429787382021
A4_A5_train_1m,train,1m,True,271,1.0,0.799,0.382619645584327,0.3161009251757262,0.3993993111425338,0.5689995273634799,0.0316011614939862,5.168233174544114,0.005,0.0,0.0,0.109,0.0,0.027,0.0,0.0,0.794,0.0,0.0,0.0,0.054,0.0,0.0,0.01,0.001,4.692477226257324,6.486805438995361,4.551938533782959,6.478574275970459,2.1587538719177246,4.896401405334473,4.035802364349365,6.117966175079346,5.972049236297607,5.128001689910889,5.603233337402344,5.482088565826416,5.582939147949219,0.33919556595145817,0.31610092517572613,0.40775074682187734,0.09164982164615121
A4_A5_train_1m,train,1m,True,272,1.0,0.192,0.3990924777064797,0.1058046717616659,0.8360013892342846,0.1163878780080989,0.0476107327576164,5.113263203547551,0.039,0.0,0.0,0.011,0.0,0.009,0.153,0.0,0.0,0.004,0.0,0.0,0.142,0.0,0.001,0.459,0.182,4.589865684509277,6.425352573394775,4.682687282562256,6.610602378845215,2.579396724700928,4.46458101272583,5.239255428314209,6.245686054229736,6.139854431152344,4.87097692489624,5.594977855682373,4.548550128936768,4.480635166168213,0.20084625427108216,0.10580467176166587,0.48680695571964416,0.3810022839579783
A4_A5_train_1m,train,1m,True,273,1.0,0.403,0.3822496077139297,0.1608272694925622,0.6955394689599412,0.287266523094993,0.0171940079450657,5.372246265411377,0.0,0.004,0.0,0.0,0.001,0.001,0.0,0.0,0.396,0.0,0.0,0.006,0.0,0.0,0.023,0.569,0.0,5.1858978271484375,5.55700159072876,5.742117404937744,6.194673538208008,3.753403186798096,5.10719633102417,4.257198810577393,5.814620971679688,5.891664981842041,7.404905319213867,5.062765598297119,4.426125526428223,5.441630363464356,0.23153069986467484,0.1608272694925622,0.4571136419087137,0.29628637241615147
A4_A5_train_1m,train,1m,True,274,1.0,0.152,0.0046193643754619,0.0313318799307183,0.9383218627489252,0.0606925146407126,0.000985622610362,5.484065587703999,0.152,0.572,0.002,0.001,0.0,0.115,0.0,0.0,0.0,0.0,0.0,0.0,0.157,0.0,0.001,0.0,0.0,4.287403583526611,4.044621467590332,6.1950201988220215,6.598155498504639,1.9224646091461184,7.245548725128174,6.599061965942383,5.723225116729736,6.097531795501709,4.824789524078369,5.473982334136963,6.403449058532715,5.877598762512207,0.16828611502646512,0.03133187993071831,0.43118934338507026,0.39985746345435197
A4_A5_train_1m,train,1m,True,275,0.999,0.93993993993994,0.0938272041515155,0.0958353219399672,0.8114972923964726,0.1853347713271202,0.003167936276407,5.481735412891094,0.4894894894894894,0.0,0.018018018018018,0.0,0.0,0.0,0.0,0.0,0.024024024024024,0.0,0.0,0.4264264264264263,0.0,0.0,0.042042042042042,0.0,0.0,3.801658153533936,5.618531227111816,5.660206317901611,5.755251407623291,5.502396106719971,5.798132419586182,5.075434684753418,5.36176061630249,5.351004600524902,7.34271240234375,4.852214336395264,5.705507755279541,5.437750339508057,0.10310807373298712,0.09583532193996715,0.11868142612439739,0.02284610418443024
A4_A5_train_1m,train,1m,True,276,1.0,0.983,0.3808469074975859,0.3747777124099215,0.2884861998159198,0.6734721755483171,0.0380416246357629,5.6565719567812405,0.0,0.014,0.0,0.0,0.0,0.0,0.0,0.0,0.97,0.0,0.008,0.005,0.0,0.0,0.002,0.001,0.0,5.085282325744629,5.28519344329834,6.651175498962402,6.429532527923584,4.8524250984191895,4.623196601867676,3.957665205001831,5.599313735961914,5.946060657501221,7.176133155822754,5.254793167114258,6.751420974731445,5.923243045806885,0.37774071370211093,0.3747777124099215,0.3830025600701269,0.00822484766020537
A4_A5_train_1m,train,1m,True,277,1.0,0.801,0.1791611058536151,0.1443832192175135,0.7133829347552884,0.2844676920543962,0.0021493731903154,5.6439738273620605,0.0,0.0,0.0,0.0,0.0,0.001,0.0,0.0,0.0,0.0,0.003,0.798,0.0,0.0,0.0,0.172,0.026,6.986659526824951,5.441298484802246,6.177967548370361,5.6505961418151855,4.043097496032715,6.806832790374756,6.13689661026001,5.1713151931762695,5.128540992736816,6.944980144500732,5.224013328552246,4.799645900726318,4.85981559753418,0.16789933144866062,0.14438321921751346,0.2445303957887457,0.10014717657123223
A4_A5_train_1m,train,1m,True,278,1.0,1.0,0.3856032530730536,0.3856032530730536,0.2719608865760281,0.6848717207018363,0.0431673927221355,5.830113245890691,0.0,0.0,0.0,0.0,0.0,0.0,0.016,0.0,0.978,0.0,0.0,0.006,0.0,0.0,0.0,0.0,0.0,5.099152565002441,6.425971508026123,6.770912170410156,6.491852760314941,4.90823221206665,4.334423542022705,3.953782320022583,6.017767429351807,6.014533042907715,7.171407222747803,5.550961971282959,7.026738166809082,6.025737285614014,0.38560325307305365,0.38560325307305365,0.38560325307305365,0.0
A4_A5_train_1m,train,1m,True,279,1.0,0.944,0.174930265558935,0.1737068784521536,0.6609739663755022,0.3306383103446884,0.0083877232798094,5.660053179814265,0.0,0.0,0.0,0.0,0.0,0.0,0.011,0.031,0.0,0.013,0.046,0.887,0.0,0.012,0.0,0.0,0.0,6.321768760681152,5.287130832672119,6.36138391494751,5.59450101852417,5.711204528808594,5.338346481323242,5.542460441589356,4.930361747741699,5.139086246490479,6.924117088317871,5.167579174041748,5.856855392456055,5.405895709991455,0.17607617594351666,0.16759760915066632,0.1935625706876346,0.025964961536968284
A4_A5_train_1m,train,1m,True,280,0.998,0.4759519038076152,0.1798236514522821,0.1030464850951428,0.7960885087925316,0.2017300122246512,0.0021814789828172,5.640829929938684,0.0,0.0350701402805611,0.0,0.0,0.0,0.0,0.0,0.0,0.0,0.0,0.0,0.4759519038076152,0.0,0.0,0.0861723446893787,0.4028056112224449,0.0,7.054957866668701,4.721939086914063,5.598841190338135,5.734073162078857,5.6665568351745605,6.188711643218994,5.972609519958496,5.230063438415527,5.261516571044922,7.399951457977295,4.725355625152588,4.529276847839356,5.246935844421387,0.16707671495664136,0.10304648509514276,0.3516204252904148,0.24857394019527207
A4_A5_train_1m,train,1m,True,281,1.0,0.598,0.1468152372041394,0.1080191465050602,0.8048616367485693,0.1742384334927412,0.0208999297586895,5.064841105387761,0.311,0.01,0.004,0.257,0.0,0.0,0.038,0.006,0.161,0.0,0.059,0.029,0.088,0.006,0.0,0.0,0.031,3.911596536636353,5.285614967346191,4.275199890136719,6.086732864379883,5.330937385559082,4.643129825592041,4.55265474319458,5.206729412078857,5.70554256439209,5.032463550567627,5.525528430938721,5.319896221160889,4.966907978057861,0.15399461713341422,0.1049806180381056,0.29187081184807534,0.18689019380996974
A4_A5_train_1m,train,1m,True,282,1.0,0.5369999999999999,0.4428315914709182,0.2426154874897807,0.6273372797752678,0.260094465469903,0.1125682547548292,5.228692348186787,0.0,0.0,0.0,0.0,0.437,0.01,0.0,0.042,0.041,0.0,0.059,0.0,0.001,0.0,0.018,0.007,0.385,5.762210369110107,5.675633430480957,6.268558025360107,4.910025596618652,2.4890146255493164,5.673890113830566,5.027294635772705,5.020102024078369,5.587884902954102,6.691391944885254,5.088259220123291,5.485596656799316,4.293138980865479,0.2967122196148497,0.24254428120355517,0.47284251461988314,0.23029823341632796
A4_A5_train_1m,train,1m,True,283,1.001,0.946053946053946,0.0412501806168989,0.0434731011214332,0.932209325369143,0.0486351470188479,0.0191555276120092,5.903104286927444,0.6403596403596404,0.0,0.0,0.0,0.0689310689310689,0.0,0.0,0.0289710289710289,0.0009990009990009,0.0239760239760239,0.2357642357642357,0.0,0.0,0.0,0.0,0.0,0.0009990009990009,3.7649972438812256,5.921511650085449,6.297990798950195,5.481574535369873,5.727222919464111,6.765529632568359,6.343128681182861,4.8458685874938965,5.897332668304443,7.750268936157227,5.769542694091797,6.4720659255981445,5.70332145690918,0.049544753877314884,0.043423983993310246,0.0664106104337693,0.022986626440459047
A4_A5_train_1m,train,1m,True,284,1.002,0.281437125748503,0.4986180384023944,0.1446862998948586,0.7931134072106717,0.1244005857889394,0.0824860070003888,5.360134968390832,0.0009980039920159,0.4600798403193613,0.0029940119760479,0.0,0.0399201596806387,0.0,0.2395209580838323,0.0489021956087824,0.0009980039920159,0.0,0.0,0.0,0.0109780439121756,0.0,0.0009980039920159,0.028942115768463,0.1656686626746507,5.887785911560059,4.138669490814209,6.157571315765381,5.617887020111084,5.505412578582764,4.288033962249756,5.222362995147705,5.603594779968262,5.840646743774414,5.872872352600098,5.511853694915772,5.425504684448242,4.609559059143066,0.26047029444435665,0.1446033917106305,0.5051080706880988,0.3605046789774683
A4_A5_train_1m,train,1m,True,285,0.999,0.897897897897898,0.2332776246864392,0.2206292953170362,0.6631625862039651,0.2324162369579972,0.1044211768380374,5.571967161618746,0.4864864864864864,0.0,0.0,0.007007007007007,0.4064064064064064,0.0,0.0,0.017017017017017,0.0,0.0,0.0,0.005005005005005,0.061061061061061,0.0,0.0,0.017017017017017,0.0,3.825150966644287,6.010076999664307,5.054020404815674,4.967670917510986,5.676633358001709,6.848162651062012,6.345909118652344,5.966483116149902,5.670689582824707,5.155670642852783,5.889621257781982,5.5001630783081055,5.525321006774902,0.23218647330842976,0.22060044487454997,0.2612916209647006,0.04069117609015063
A4_A5_train_1m,train,1m,True,286,1.001,0.0899100899100898,0.4625880046946934,0.0460099289923475,0.9337936094409824,0.0403929231333399,0.0258134674256775,5.467186029140766,0.0,0.0,0.0209790209790209,0.7932067932067931,0.0049950049950049,0.0,0.0749250749250749,0.0,0.0,0.0,0.0009990009990009,0.0089910089910089,0.0019980019980019,0.0,0.0,0.0139860139860139,0.0799200799200799,5.507267475128174,6.151238918304443,3.911465406417847,6.005702972412109,5.45864725112915,4.752716064453125,5.480168342590332,5.983470439910889,5.953480243682861,6.434836387634277,5.871104717254639,4.869123458862305,4.694196701049805,0.15395803410329864,0.0460099289923474,0.5035984719505716,0.4575885429582242
A4_A5_train_1m,train,1m,True,287,1.0000000000000002,0.0789999999999999,0.0200003396695159,0.0059504124456649,0.9892327035441404,0.0096337680203885,0.0011335284354706,5.316890203035795,0.0519999999999999,0.5439999999999999,0.0,0.0009999999999999,0.0,0.0149999999999999,0.0009999999999999,0.0,0.0019999999999999,0.0,0.0239999999999999,0.0,0.0,0.0,0.0069999999999999,0.2429999999999999,0.1109999999999999,4.611307144165039,4.036724090576172,5.346526145935059,6.293333053588867,2.362818717956543,6.439316272735596,6.122737884521484,5.213321208953857,5.968110084533691,8.01711654663086,5.341426849365234,4.747379779815674,4.619454860687256,0.15192928835890662,0.005950412445664807,0.4691256768338915,0.4631752643882267
A4_A5_train_1m,train,1m,True,288,1.001,0.1808191808191808,0.3514014485126219,0.0861796056236565,0.8651215097778397,0.0973977691970074,0.0374807210251527,5.25947904586792,0.0,0.1318681318681319,0.0579420579420579,0.0,0.0949050949050949,0.0019980019980019,0.0129870129870129,0.0009990009990009,0.0,0.0089910089910089,0.0239760239760239,0.0489510489510489,0.0099900099900099,0.0309690309690309,0.0009990009990009,0.5754245754245755,0.0,6.751099109649658,4.442144870758057,5.664076328277588,5.303837776184082,3.264876365661621,5.461584568023682,5.857097148895264,5.183187007904053,5.528340816497803,5.727068901062012,5.392129898071289,4.422640323638916,5.375144481658936,0.1831791706664962,0.07054703608028626,0.4793972649158684,0.4088502288355822
A4_A5_train_1m,train,1m,True,289,1.001,0.4095904095904096,0.4564936960162966,0.2118636950682486,0.6820744359680877,0.2121237379273274,0.1058018261045849,5.4515665127680855,0.0,0.0,0.0009990009990009,0.0149850149850149,0.2267732267732268,0.0,0.1218781218781218,0.0,0.0,0.0059940059940059,0.0,0.0609390609390609,0.0,0.0429570429570429,0.0,0.2317682317682318,0.2937062937062937,6.441267967224121,5.850333213806152,4.673817157745361,5.114235877990723,5.572493553161621,4.521916389465332,5.3454694747924805,5.638404846191406,5.585751056671143,7.424940586090088,5.61648416519165,4.729423522949219,4.3558268547058105,0.26834150270094237,0.19018215759986898,0.4866968684981833,0.29651471089831427
A4_A5_train_1m,train,1m,True,290,1.0,0.027,0.1146249384634145,0.0254484844433014,0.953233971802072,0.0426350875092531,0.0041309406886748,5.292156980587886,0.021,0.007,0.0,0.66,0.0,0.186,0.006,0.001,0.0,0.004,0.0,0.0,0.0,0.0,0.098,0.017,0.0,4.801092624664307,5.397962093353272,3.940246820449829,6.401415824890137,1.8460761308670044,5.687398433685303,5.870301246643066,5.776120662689209,6.01056432723999,7.715623378753662,4.909880638122559,4.909881591796875,5.531476974487305,0.13730483740660698,0.025446789055534085,0.4970383233385123,0.4715915342829782
A4_A5_train_1m,train,1m,True,291,1.001,0.99000999000999,0.1804691021007563,0.179412478495416,0.6439517848526672,0.3532714733038336,0.0027767418434992,5.612547966150137,0.0,0.0,0.0029970029970029,0.0,0.0,0.0029970029970029,0.0019980019980019,0.0,0.0,0.0039960039960039,0.0,0.988011988011988,0.0,0.0,0.0,0.0,0.0,6.935103416442871,5.319091796875,6.454617977142334,5.588466644287109,3.091632604598999,5.896768569946289,5.816188335418701,5.175283908843994,5.126147270202637,7.244731426239014,5.177596092224121,5.761612415313721,5.375883102416992,0.18062849451149077,0.17941247849541592,0.18373764253931,0.004325164043894075
A4_A5_train_1m,train,1m,True,292,1.0,0.955,0.4991260968985831,0.4783823858419163,0.3312949424042511,0.380645343507665,0.2880597140880838,6.091124222828792,0.001,0.0,0.04,0.0,0.0,0.0,0.954,0.002,0.0,0.0,0.0,0.0,0.0,0.003,0.0,0.0,0.0,6.097952365875244,6.816951751708984,6.47890567779541,7.102122783660889,5.309067249298096,3.6931731700897217,5.002552509307861,6.43254280090332,6.635852336883545,7.351905345916748,5.948249340057373,6.076902866363525,6.238436698913574,0.483410919994942,0.4768648169962063,0.4995096725381469,0.022644855541940567
A4_A5_train_1m,train,1m,True,293,0.999,0.6566566566566566,0.2118671160488776,0.2000427006094197,0.6494868870802422,0.3009408246206763,0.0495722882990815,5.161940959783701,0.0,0.0,0.004004004004004,0.0890890890890891,0.029029029029029,0.004004004004004,0.036036036036036,0.0,0.0,0.0,0.0,0.5915915915915916,0.0,0.1171171171171171,0.003003003003003,0.063063063063063,0.063063063063063,5.983487606048584,5.4781365394592285,4.443950176239014,5.348275184631348,2.9628894329071045,5.002928733825684,5.429348468780518,5.271708965301514,5.257330417633057,7.077212810516357,5.058427810668945,5.046542167663574,4.744994163513184,0.20347971096947834,0.14093064381578382,0.31342220032839196,0.17249155651260814
A4_A5_train_1m,train,1m,True,294,0.999,0.007007007007007,0.1798236514522821,0.0058470220426668,0.9906802468908192,0.0069454621330274,0.0023742909761531,6.396356949439416,0.0,0.0,0.0,0.8858858858858859,0.0,0.0,0.0,0.0,0.0,0.0,0.0,0.007007007007007,0.0,0.0,0.0,0.1071071071071071,0.0,5.667810916900635,6.638097763061523,4.1920599937438965,6.600754737854004,5.910044193267822,8.633968353271484,7.542086124420166,6.574149131774902,6.176730632781982,8.715591430664062,6.236529350280762,4.710137844085693,5.554679870605469,0.12314586427082394,0.005847022042666845,0.5053529184786447,0.49950589643597787
A4_A5_train_1m,train,1m,True,295,1.001,0.7242757242757244,0.165216172094489,0.13768120017528,0.7781603314835847,0.1683169366822708,0.0535227318341445,5.254497766494751,0.4285714285714286,0.0039960039960039,0.0339660339660339,0.0909090909090909,0.0019980019980019,0.0,0.1478521478521478,0.0229770229770229,0.1108891108891109,0.0,0.0349650349650349,0.0,0.0669330669330669,0.0099900099900099,0.0,0.0469530469530469,0.0,3.859696626663208,5.635995388031006,4.806569576263428,6.292297840118408,5.327188491821289,4.427361965179443,4.6340508460998535,5.393433570861816,6.100704669952393,5.321639060974121,5.658560752868652,5.188742637634277,5.662229537963867,0.16732058765907326,0.13260002719569405,0.259633491277227,0.12703346408153296
A4_A5_train_1m,train,1m,True,296,0.999,0.1901901901901902,0.004574748907902,0.0100377472186985,0.9848964697662744,0.0101315660300541,0.0049719642036715,5.7086256467379055,0.1851851851851852,0.0,0.0,0.7097097097097097,0.0,0.023023023023023,0.0,0.0,0.0,0.0,0.005005005005005,0.0,0.0,0.011011011011011,0.0,0.0,0.066066066066066,4.071370601654053,6.49279260635376,4.275940895080566,6.656893730163574,2.239941120147705,7.171968936920166,6.81549072265625,5.96037483215332,6.269507884979248,8.243903160095215,6.2285590171813965,5.0635480880737305,4.721841812133789,0.10186651083035467,0.004480203417587491,0.4119700223148162,0.40748981889722874
A4_A5_train_1m,train,1m,True,297,1.0,0.256,0.085805335274682,0.0310395330516344,0.940936756335703,0.0560474212253253,0.0030158224389718,5.428704261779785,0.12,0.0,0.0,0.0,0.0,0.0,0.0,0.02,0.055,0.002,0.081,0.0,0.0,0.0,0.035,0.188,0.499,4.170116424560547,6.01817512512207,5.589763164520264,6.343950271606445,5.527482986450195,5.543972492218018,4.89953088760376,5.0690436363220215,5.950811862945557,7.499566555023193,5.023730278015137,4.7523956298828125,4.184616088867188,0.11897951444570747,0.03100562529628896,0.3996577658303186,0.3686521405340296
A4_A5_train_1m,train,1m,True,298,0.999,0.6846846846846846,0.4981817877470834,0.3513717959664081,0.5024263577654634,0.2924036925362566,0.2051699496982797,5.2843863138785725,0.0,0.002002002002002,0.003003003003003,0.045045045045045,0.023023023023023,0.1171171171171171,0.6546546546546546,0.012012012012012,0.006006006006006,0.0,0.001001001001001,0.0,0.003003003003003,0.006006006006006,0.031031031031031,0.0,0.096096096096096,5.962640285491943,5.971161842346191,5.230474948883057,5.967723369598389,1.9937211275100708,4.095729827880859,4.9942145347595215,6.125209808349609,6.095489978790283,6.316231727600098,5.246907711029053,5.850625514984131,4.846891403198242,0.3846224525066588,0.3483200434203037,0.5011672600790839,0.15284721665878015
A4_A5_train_1m,train,1m,True,299,1.0,0.6910000000000001,0.4760872039256738,0.3720144670768112,0.4529131399839053,0.3501447858785672,0.1969420741375276,5.40080110843365,0.0,0.007,0.014,0.113,0.007,0.002,0.5630000000000001,0.013,0.109,0.0,0.0,0.012,0.0,0.083,0.0,0.001,0.076,5.457973003387451,5.563028335571289,4.935102939605713,6.15519905090332,3.422490119934082,4.064735889434815,4.613382339477539,6.199562072753906,5.989784240722656,7.59198522567749,5.749412536621094,5.597820281982422,4.869938373565674,0.38270582017619575,0.3301001670943161,0.4858401079126406,0.15573994081832448
A4_A5_train_1m,train,1m,True,300,1.0019999999999998,0.913173652694611,0.0099501668834121,0.0098353299255226,0.9849574626270368,0.0104144148948818,0.0046281224780817,6.15841504243704,0.9021956087824352,0.0,0.0,0.0838323353293413,0.0089820359281437,0.0,0.0,0.0,0.0,0.0,0.0,0.0019960079840319,0.0019960079840319,0.0,0.0,0.0,0.0009980039920159,3.697803258895874,6.686537742614746,4.981928825378418,6.17361307144165,5.900940895080566,7.867979526519775,7.011898040771484,6.612242698669434,6.38311243057251,6.897906303405762,6.313082218170166,5.757607460021973,5.77474308013916,0.020086308794762316,0.009835329925522607,0.05316362544742719,0.043328295521904585
A4_A5_train_1m,train,1m,True,301,1.001,0.7272727272727272,0.1264643161568334,0.1288664728688541,0.7791781154528064,0.1839108233566789,0.0369110611905146,5.000038953927847,0.1538461538461538,0.0259740259740259,0.0,0.0029970029970029,0.0019980019980019,0.0009990009990009,0.1058941058941058,0.0059940059940059,0.0849150849150849,0.0009990009990009,0.3606393606393606,0.0199800199800199,0.1618381618381618,0.0009990009990009,0.0379620379620379,0.0309690309690309,0.0039960039960039,4.195000648498535,5.002170085906982,5.394792556762695,6.010684490203857,3.936861515045166,4.482864856719971,4.706777095794678,4.779853820800781,5.6788530349731445,4.798870086669922,4.974260330200195,5.552608966827393,5.486908912658691,0.16178384318681777,0.1283520889028245,0.23042404811406011,0.1020719592112356
A4_A5_train_1m,train,1m,True,302,0.999,0.8398398398398398,0.2987423550208326,0.2933355661583473,0.5363143049988813,0.3407002576855427,0.1229854373155759,5.348329067230225,0.013013013013013,0.0,0.0,0.022022022022022,0.3843843843843844,0.0,0.0,0.0,0.1081081081081081,0.0,0.2602602602602603,0.074074074074074,0.0,0.083083083083083,0.0,0.0,0.055055055055055,4.766294002532959,5.664194107055664,4.97542142868042,4.951831817626953,5.39834451675415,5.397166252136231,4.726350784301758,4.7691521644592285,5.495211124420166,7.327005386352539,5.436885356903076,5.752844333648682,4.867576599121094,0.28593853365413024,0.2514013720226912,0.33220103689937774,0.08079966487668655
A4_A5_train_1m,train,1m,True,303,0.999,0.7527527527527527,0.0046193643754619,0.0052162437085788,0.9915498200124728,0.0064678725578964,0.0019823074296305,5.872115960487952,0.7527527527527527,0.1651651651651651,0.047047047047047,0.03003003003003,0.0,0.0,0.0,0.0,0.0,0.005005005005005,0.0,0.0,0.0,0.0,0.0,0.0,0.0,3.716474294662476,4.453271865844727,4.772238731384277,6.385239601135254,5.577425003051758,7.060389041900635,6.698223114013672,5.934736251831055,6.272529125213623,8.14518928527832,6.075206279754639,5.579810619354248,5.666774272918701,0.046634084797156965,0.005216243708578774,0.12899230431466194,0.12377606060608316
A4_A5_train_1m,train,1m,True,304,0.999,0.3793793793793794,0.1233476010874992,0.0488087754534628,0.926875523040594,0.0486314030118862,0.0244930739475197,5.591289556943453,0.2892892892892892,0.0,0.001001001001001,0.1161161161161161,0.07007007007007,0.0,0.019019019019019,0.0,0.001001001001001,0.0,0.0,0.0,0.0,0.0,0.0,0.0,0.5035035035035035,3.967398643493652,6.217602252960205,4.40013599395752,5.494173049926758,5.598056316375732,5.260269641876221,5.688543796539307,6.234610080718994,6.0839056968688965,8.06196403503418,6.164096355438232,5.299193382263184,4.216814994812012,0.12265027002110723,0.048808775453462794,0.3618535944065687,0.31304481895310593
A4_A5_train_1m,train,1m,True,305,1.0,0.554,0.5048879256775579,0.2865639906499285,0.5694341089729826,0.2880038007541778,0.1425620902728395,6.041809155390813,0.0,0.432,0.0,0.0,0.549,0.0,0.002,0.0,0.0,0.0,0.003,0.0,0.0,0.011,0.0,0.0,0.003,7.8979716300964355,4.07208776473999,6.8863525390625,4.854701519012451,5.972957611083984,6.349359035491943,6.478847026824951,5.298734188079834,5.689943790435791,7.668941974639893,5.832681655883789,6.107909202575684,5.43303108215332,0.3654258223518466,0.28101200439261853,0.5061198108253672,0.22510780643274864
A4_A5_train_1m,train,1m,True,306,0.998,0.7715430861723446,0.4176542552847886,0.3239222093552862,0.5095798182911971,0.332995944707033,0.1574242370017696,5.382696005014273,0.0791583166332665,0.0300601202404809,0.0090180360721442,0.1523046092184368,0.6132264529058116,0.0,0.0,0.0170340681362725,0.0270541082164328,0.0,0.0521042084168336,0.0,0.001002004008016,0.001002004008016,0.0,0.0180360721442885,0.0,4.352685928344727,4.900646686553955,4.70384407043457,4.926121234893799,5.642886638641357,5.876983642578125,5.227600574493408,5.124764442443848,5.743443489074707,6.879477500915527,5.752269268035889,5.263554573059082,5.580770015716553,0.35250574594821144,0.32338759250615245,0.4382144053800471,0.11482681287389462
A4_A5_train_1m,train,1m,True,307,1.0,0.6020000000000001,0.030330811284034,0.0204480639885759,0.9696895669931008,0.0197247380366466,0.0105856949702526,5.53076459811284,0.55,0.0,0.008,0.388,0.021,0.0,0.01,0.0,0.0,0.0,0.021,0.0,0.002,0.0,0.0,0.0,0.0,3.770428895950317,6.310328006744385,4.4546332359313965,5.831175327301025,4.742054462432861,5.683355808258057,5.913021087646484,5.495067596435547,6.138820648193359,6.752243995666504,5.9508056640625,5.242514610290527,5.615490436553955,0.06759604987649062,0.020448063988575942,0.22030384839298847,0.19985578440441254
A4_A5_train_1m,train,1m,True,308,0.999,0.5745745745745745,0.3618415547066366,0.2314638091996436,0.6373414471406617,0.2623894873193891,0.100269065539949,4.991022513462947,0.082082082082082,0.029029029029029,0.006006006006006,0.01001001001001,0.3453453453453453,0.2352352352352352,0.0,0.021021021021021,0.028028028028028,0.0,0.0,0.1191191191191191,0.006006006006006,0.041041041041041,0.0,0.045045045045045,0.032032032032032,4.323264598846436,4.85752010345459,5.185525417327881,4.999040603637695,1.8458552360534668,5.791807651519775,5.1211137771606445,5.61167573928833,5.465645790100098,5.959636211395264,5.562950134277344,5.239932537078857,4.91932487487793,0.26630537847838254,0.2107136889772441,0.4238721745761855,0.21315848559894138
A4_A5_train_1m,train,1m,True,309,0.999,0.981981981981982,0.316097956101954,0.3136425632253834,0.4999446342337992,0.3728256050816348,0.1272297606845659,5.542721051436204,0.0,0.0,0.0,0.0,0.0,0.0,0.4184184184184184,0.0,0.0,0.0,0.0,0.5635635635635635,0.018018018018018,0.0,0.0,0.0,0.0,6.610982418060303,5.555490970611572,6.409465312957764,5.77477502822876,5.440445423126221,4.018028259277344,4.98046875,5.366008281707764,5.291029453277588,5.6088714599609375,5.309119701385498,6.091907024383545,5.598781585693359,0.3157119897888762,0.3136425632253833,0.31954934428029713,0.005906781054913823
A4_A5_train_1m,train,1m,True,310,0.999,0.8188188188188188,0.1808691869221251,0.1489360358901471,0.73851367306355,0.2251005820926052,0.0363857448438444,5.260374949528621,0.1911911911911911,0.0,0.0,0.0,0.0,0.0,0.086086086086086,0.0,0.2412412412412412,0.0,0.2412412412412412,0.059059059059059,0.0,0.0,0.0,0.1811811811811811,0.0,4.072699546813965,5.91874361038208,5.572901248931885,6.050500392913818,4.17102575302124,4.391021251678467,4.430976867675781,4.849851608276367,5.67813777923584,7.408010482788086,5.440144062042236,4.886546611785889,5.514315128326416,0.17033834480476037,0.14893603589014703,0.24007572062292118,0.09113968473277415
A4_A5_train_1m,train,1m,True,311,1.0000000000000002,0.3449999999999998,0.0963745117941149,0.0434097479407166,0.92128558614127,0.0706093318360266,0.0081050820227032,4.919286214388334,0.1049999999999999,0.0759999999999999,0.0009999999999999,0.5049999999999999,0.0059999999999999,0.0039999999999999,0.0069999999999999,0.0,0.0529999999999999,0.0059999999999999,0.1439999999999999,0.0299999999999999,0.0009999999999999,0.0029999999999999,0.0259999999999999,0.0169999999999999,0.0159999999999999,4.212804317474365,4.637292861938477,4.039115905761719,5.7634124755859375,2.895219326019287,5.167902946472168,4.928336143493652,4.936397075653076,5.629270076751709,6.675895690917969,5.0279974937438965,5.007384300231934,5.02969217300415,0.12497867600852809,0.04189556987054094,0.3657599565689691,0.32386438669842815
A4_A5_train_1m,train,1m,True,312,0.999,0.8468468468468469,0.1748415594197544,0.1485203249539552,0.706273193381622,0.2904129633288457,0.0033138432895323,5.421507065112774,0.014014014014014,0.007007007007007,0.002002002002002,0.0,0.0,0.0,0.005005005005005,0.0,0.0,0.0,0.019019019019019,0.8088088088088088,0.0,0.0,0.0,0.003003003003003,0.1411411411411411,4.910178661346436,5.024026870727539,5.790132999420166,5.628664493560791,5.515865325927734,5.605118274688721,5.6359543800354,5.0303802490234375,5.143838405609131,6.910838603973389,5.191896438598633,5.543330192565918,4.5493669509887695,0.1672716082452359,0.1485203249539552,0.22581222149060282,0.07729189653664761
A4_A5_train_1m,train,1m,True,313,1.0,0.976,0.1949528241564029,0.1903848211216603,0.7142207505495282,0.1907888566576227,0.0949903927928489,5.611201561414278,0.504,0.0,0.002,0.022,0.365,0.0,0.004,0.0,0.0,0.0,0.101,0.002,0.0,0.0,0.0,0.0,0.0,3.82012677192688,5.821744441986084,4.935050010681152,4.99295711517334,5.678747653961182,5.78172492980957,5.970918655395508,4.977983474731445,5.741713047027588,8.005423545837402,5.799216747283936,5.807907581329346,5.612106323242188,0.19325489931905784,0.19038482112166033,0.20245755637664925,0.01207273525498892
A4_A5_train_1m,train,1m,True,314,1.0,0.15,0.3977897494377321,0.0638080469531821,0.9041984447177054,0.0639870166582248,0.0318145386240697,5.246305025540865,0.006,0.0,0.0,0.013,0.001,0.017,0.1,0.0,0.007,0.002,0.0,0.036,0.003,0.0,0.0,0.424,0.391,5.12227201461792,6.233768939971924,4.97435188293457,6.209816932678223,2.422243118286133,4.744297981262207,5.258494853973389,6.118273735046387,5.838207721710205,6.622537136077881,5.744905471801758,4.624406337738037,4.288389205932617,0.1643236731852617,0.06380804695318208,0.49117096241565983,0.42736291546247773
A4_A5_train_1m,train,1m,True,315,1.001,0.1628371628371628,0.4642992986043842,0.0803440995794218,0.8790286604499633,0.0812544799412299,0.0397168596088069,5.568589925765991,0.0,0.0,0.0,0.6933066933066934,0.1488511488511488,0.1168831168831169,0.0,0.0079920079920079,0.0,0.0019980019980019,0.0139860139860139,0.0,0.0029970029970029,0.0,0.0,0.0119880119880119,0.0019980019980019,5.638375282287598,6.108890056610107,4.270841121673584,5.2902350425720215,1.9376661777496336,7.73330545425415,7.058855056762695,5.479035377502441,5.9285807609558105,6.6514573097229,5.9558634757995605,4.979504108428955,5.359059810638428,0.17705487394140904,0.08033055002683614,0.5005908947777368,0.4202603447509006
A4_A5_train_1m,train,1m,True,316,0.999,0.8428428428428426,0.383462186523919,0.3407117331375111,0.4796011797070873,0.359374174310803,0.1610246459821096,5.172437704526461,0.1111111111111111,0.029029029029029,0.019019019019019,0.003003003003003,0.5235235235235235,0.0,0.081081081081081,0.013013013013013,0.041041041041041,0.022022022022022,0.084084084084084,0.002002002002002,0.035035035035035,0.007007007007007,0.019019019019019,0.0,0.01001001001001,4.288810253143311,4.901373863220215,5.647543430328369,4.977651119232178,5.395679950714111,4.702988624572754,4.9130859375,4.995433330535889,5.668472766876221,5.500550270080566,5.0993523597717285,5.869931697845459,5.280816555023193,0.359177534840054,0.3371530522519081,0.4029791902433829,0.0658261379914748
A4_A5_train_1m,train,1m,True,317,0.999,0.6936936936936937,0.1798236514522821,0.1256924721792688,0.7502023117399016,0.2482104321616594,0.0015872560984391,5.737836654369648,0.0,0.049049049049049,0.023023023023023,0.0,0.0,0.0,0.0,0.0,0.0,0.0,0.0,0.6936936936936937,0.0,0.0,0.0,0.009009009009009,0.2252252252252252,6.980814456939697,4.626236915588379,6.251501560211182,5.596075534820557,5.703063011169434,6.572055339813232,6.123661994934082,5.20217227935791,5.19871187210083,7.440746307373047,5.154392719268799,5.333632469177246,4.408812046051025,0.1658761172394951,0.12569247217926882,0.2802389293858173,0.15454645720654847
A4_A5_train_1m,train,1m,True,318,1.0,0.768,0.0052485677179731,0.0072050439874323,0.9879032345567684,0.0097834429115988,0.0023133225316329,5.92633593082428,0.74,0.0,0.0,0.007,0.0,0.21,0.0,0.0,0.0,0.003,0.025,0.003,0.0,0.0,0.009,0.003,0.0,3.733649730682373,6.513486385345459,5.627570629119873,6.8175811767578125,1.9081050157547,7.873952388763428,6.900334358215332,5.48898983001709,6.309260845184326,8.303754806518555,5.474623680114746,6.081020355224609,6.010037899017334,0.03092862933327514,0.007205043987432333,0.12180570000740333,0.11460065601997099
A4_A5_train_1m,train,1m,True,319,1.001,0.4235764235764235,0.455392362918454,0.1981799241163346,0.7145847240884745,0.1744707035903817,0.1109445723211438,5.4916139382582445,0.0,0.0009990009990009,0.0,0.5604395604395604,0.0019980019980019,0.0,0.3616383616383616,0.0,0.0019980019980019,0.0,0.0,0.0579420579420579,0.0149850149850149,0.0,0.0,0.0,0.0,5.60081148147583,6.048157691955566,4.41390323638916,6.104030609130859,5.487703800201416,4.25374698638916,5.112531661987305,6.044551849365234,5.829203128814697,6.016635417938232,5.664309978485107,5.215970516204834,5.599424839019775,0.2662904068118161,0.1981799241163346,0.4855148969804439,0.28733497286410936
A4_A5_train_1m,train,1m,True,320,0.999,0.6816816816816815,0.0124802360220305,0.0224299329177716,0.9606025435139284,0.033935047136599,0.0054624093494721,5.526452798109788,0.6116116116116115,0.0,0.0,0.2012012012012012,0.001001001001001,0.0,0.01001001001001,0.046046046046046,0.0,0.006006006006006,0.059059059059059,0.0,0.061061061061061,0.0,0.004004004004004,0.0,0.0,3.76289415359497,6.279441833496094,4.698060035705566,6.3490753173828125,5.6580491065979,5.670038223266602,5.777431964874268,5.276120662689209,6.174344539642334,5.498286247253418,5.45056676864624,5.517578125,5.731999397277832,0.05905044080173691,0.02235186701457378,0.17010184257357625,0.14774997555900246
A4_A5_train_1m,train,1m,True,321,0.999,0.7867867867867866,0.034342229338567,0.0287737866240371,0.9463930383577224,0.0496663500364802,0.003940611605797,5.502916281039898,0.6206206206206205,0.004004004004004,0.04004004004004,0.0,0.0,0.0,0.007007007007007,0.0,0.0,0.0,0.045045045045045,0.1141141141141141,0.0,0.0,0.006006006006006,0.0,0.1631631631631631,3.752189874649048,5.429263114929199,5.809483528137207,6.051548957824707,5.53550386428833,5.556752681732178,5.692269325256348,5.161725997924805,5.643027305603027,7.603492259979248,5.210471153259277,5.55101203918457,4.541171550750732,0.05508272247944358,0.02877378662403714,0.1352576999600737,0.10648391333603656
A4_A5_train_1m,train,1m,True,322,1.001,0.5804195804195804,0.4996444477712489,0.2916796717641454,0.5917574257558398,0.2331258049600296,0.1751167692841306,5.884679794311523,0.0,0.0079920079920079,0.0,0.0,0.0,0.0,0.5804195804195804,0.0,0.0,0.0,0.0,0.0,0.0009990009990009,0.0,0.0,0.1608391608391608,0.2497502497502498,6.786508560180664,5.562966823577881,6.267515659332275,6.987398147583008,5.636358737945557,4.1590657234191895,5.272042751312256,6.652932643890381,6.475032806396484,7.159313678741455,6.057981967926025,4.997416973114014,4.486302852630615,0.3420428662920677,0.29167967176414533,0.5030034207343612,0.21132374897021589
A4_A5_train_1m,train,1m,True,323,1.0,0.285,0.3512914417733475,0.1329050149084389,0.7676025020713575,0.1989849660404071,0.0334125318882353,4.991703968781692,0.0,0.327,0.0,0.048,0.113,0.111,0.006,0.0,0.05,0.0,0.002,0.114,0.172,0.0,0.0,0.0,0.057,5.65355920791626,4.220544338226318,5.073315620422363,5.319648742675781,1.955599069595337,5.297591209411621,4.9796142578125,5.518157958984375,5.507309913635254,5.317929744720459,5.475327014923096,5.704104900360107,4.869449615478516,0.23737117324801071,0.13290501490843884,0.463087810905404,0.3301827959969652
A4_A5_train_1m,train,1m,True,324,1.001,0.8191808191808192,0.2599029556387312,0.213916121353674,0.6320911172927716,0.307985522707109,0.0599233600001196,5.27025844500615,0.0,0.0009990009990009,0.0009990009990009,0.0,0.0,0.1478521478521478,0.1658341658341658,0.0,0.2317682317682318,0.0,0.1978021978021978,0.2237762237762238,0.0,0.0,0.0009990009990009,0.0299700299700299,0.0,5.507189750671387,5.669549942016602,6.310323238372803,5.97039270401001,1.9422094821929927,4.297236442565918,4.438693046569824,4.894289016723633,5.493063449859619,7.544754505157471,5.281293869018555,5.526921272277832,5.637443065643311,0.23276807079449766,0.21391612135367405,0.30470037325050886,0.09078425189683481
A4_A5_train_1m,train,1m,True,325,0.999,0.6136136136136136,0.5038449289911672,0.3354837554134748,0.4842043303029916,0.3606238285670675,0.1551718411299409,5.309898376464844,0.0,0.012012012012012,0.0,0.2342342342342342,0.6026026026026026,0.0,0.005005005005005,0.0,0.001001001001001,0.001001001001001,0.003003003003003,0.002002002002002,0.1241241241241241,0.0,0.015015015015015,0.0,0.0,5.749868869781494,5.094950199127197,4.28746223449707,4.835646629333496,5.740562438964844,5.691969871520996,5.788965702056885,5.406919479370117,5.529664993286133,4.9241156578063965,5.117514133453369,5.339645385742188,5.521393299102783,0.38150467269776156,0.3354837554134747,0.5053151566282136,0.1698314012147389
A4_A5_train_1m,train,1m,True,326,1.0,0.779,0.385,0.3292647216248692,0.3724244044884763,0.5966217477733092,0.0309538477382146,5.264256734114427,0.0,0.032,0.001,0.026,0.0,0.0,0.0,0.0,0.779,0.0,0.0,0.0,0.081,0.0,0.081,0.0,0.0,5.013946056365967,4.9915642738342285,5.051578044891357,6.4047064781188965,4.958841323852539,4.80497932434082,4.0305681228637695,5.677359580993652,5.828921794891357,5.016643524169922,4.817073345184326,6.034075736999512,5.805079936981201,0.3570554010369856,0.3292647216248692,0.4121056500000001,0.0828409283751309
A4_A5_train_1m,train,1m,True,327,1.0,0.249,0.1981299330124793,0.0804531265424258,0.8775531271858237,0.0839874925435005,0.0384593802706755,5.226937073927659,0.09,0.18,0.0,0.298,0.096,0.0,0.0,0.009,0.0,0.0,0.063,0.0,0.016,0.05,0.0,0.198,0.0,4.323055744171143,4.391779899597168,4.088244438171387,5.346304416656494,4.141645908355713,7.005734920501709,6.406777381896973,5.086323261260986,5.742776870727539,5.495193958282471,5.753389835357666,4.718173503875732,5.45078182220459,0.16544289056532652,0.0552015668829297,0.43057950332010736,0.37537793643717765
A4_A5_train_1m,train,1m,True,328,1.0,0.0,,0.002935844322558,0.9941449410666356,0.0058384292216127,1.662971175166297e-05,6.758002519607544,0.0,0.993,0.0,0.0,0.0,0.0,0.0,0.007,0.0,0.0,0.0,0.0,0.0,0.0,0.0,0.0,0.0,8.6060152053833,3.8528454303741455,7.542377948760986,6.587653636932373,6.514107704162598,8.0501070022583,7.5593180656433105,5.605728626251221,6.220458030700684,8.145171165466309,6.149694919586182,6.921910285949707,6.098644733428955,0.18912787146201657,0.0029239766081871,0.50765,0.5047260233918129
A4_A5_train_1m,train,1m,True,329,1.0,0.929,0.3350912438753132,0.3150019611666578,0.484000878073999,0.4019943215186864,0.1140048004073146,5.574751523824839,0.0,0.01,0.043,0.008,0.44,0.0,0.0,0.0,0.0,0.003,0.0,0.489,0.001,0.005,0.001,0.0,0.0,6.628080368041992,5.001009941101074,5.059006690979004,4.83362340927124,5.635282039642334,6.4026970863342285,6.079941272735596,5.212003231048584,5.158493995666504,6.457912445068359,5.133204936981201,5.4915032386779785,5.379011154174805,0.3232623666935697,0.3124783310496988,0.34734291556016605,0.034864584510467256
A4_A5_train_1m,train,1m,True,330,1.001,0.7382617382617382,0.1670501084959723,0.1473372260571591,0.7162716689026648,0.272782210080352,0.0109461210169831,5.108058525965764,0.0029970029970029,0.0349650349650349,0.0,0.0,0.0019980019980019,0.0089910089910089,0.0029970029970029,0.0,0.0029970029970029,0.0009990009990009,0.0629370629370629,0.6643356643356643,0.0419580419580419,0.0309690309690309,0.0,0.0,0.1438561438561438,5.410031795501709,4.715447902679443,6.200572490692139,5.525628566741943,2.6156911849975586,5.654458999633789,5.524296283721924,4.920825481414795,5.149272441864014,5.193253040313721,5.197005271911621,5.723456382751465,4.5748209953308105,0.17068682322387746,0.1317063502078621,0.2561981320464767,0.12449178183861459
A4_A5_train_1m,train,1m,True,331,1.0,0.104,0.3765014862049006,0.0589663597396057,0.9034810215671586,0.0751052373864712,0.0214137410463701,5.055047603753897,0.002,0.025,0.0,0.226,0.053,0.001,0.024,0.0,0.0,0.0,0.024,0.001,0.092,0.0,0.003,0.0,0.549,5.2868475914001465,4.966546535491943,4.244058609008789,5.527960777282715,3.995772123336792,5.161285400390625,5.584593772888184,5.316118240356445,5.786204814910889,5.108733654022217,5.371508121490479,5.184080600738525,4.18190860748291,0.16675450247320361,0.05896635973960572,0.49401055456530973,0.435044194825704
A4_A5_train_1m,train,1m,True,332,1.001,0.2507492507492507,0.482584631079632,0.1420135714726783,0.7704647227506305,0.1750434115533825,0.054491865695987,5.271875674907978,0.0,0.4345654345654346,0.0,0.1198801198801198,0.2047952047952048,0.0,0.0009990009990009,0.0319680319680319,0.0429570429570429,0.0,0.0019980019980019,0.0,0.0,0.0,0.1048951048951049,0.0009990009990009,0.0569430569430569,5.449760437011719,4.090712547302246,4.4819865226745605,5.1425395011901855,5.534639835357666,5.467093467712402,4.992661952972412,5.296735763549805,5.6057562828063965,7.356944561004639,4.821442127227783,5.453291893005371,4.840818881988525,0.25950573515794423,0.1419593732623358,0.501364877523464,0.3594055042611283
A4_A5_train_1m,train,1m,True,333,0.999,0.2012012012012012,0.0269194980200076,0.0154375346355079,0.974730656858136,0.0196636170127119,0.0056057261291519,5.157759996560904,0.1881881881881882,0.012012012012012,0.007007007007007,0.7417417417417418,0.003003003003003,0.01001001001001,0.003003003003003,0.0,0.003003003003003,0.0,0.002002002002002,0.002002002002002,0.019019019019019,0.006006006006006,0.0,0.002002002002002,0.001001001001001,4.103119373321533,5.276515483856201,3.931121826171875,6.081934452056885,2.46307373046875,5.792629718780518,5.694333553314209,5.85350513458252,6.018759727478027,5.621103763580322,5.852148532867432,4.976983070373535,5.385651588439941,0.10860148808367767,0.012406147107629103,0.41092644554756913,0.39852029843994
A4_A5_train_1m,train,1m,True,334,1.0,0.655,0.3495105015722255,0.2312238763876493,0.5623696383532872,0.4128129705181267,0.024817391128586,5.233025404123159,0.061,0.0,0.0,0.328,0.003,0.013,0.0,0.0,0.589,0.0,0.0,0.002,0.0,0.0,0.004,0.0,0.0,4.281890392303467,6.379022121429443,4.210819244384766,6.116713523864746,2.3635730743408203,5.027403354644775,4.152815341949463,6.027300834655762,5.983067512512207,7.260428905487059,5.312611103057861,5.319839954376221,5.593844890594482,0.271736679050458,0.23122387638764935,0.40406862852980774,0.1728447521421584
A4_A5_train_1m,train,1m,True,335,1.001,0.0979020979020978,0.3629456203927092,0.0869814837894721,0.8536883868180877,0.1186602587848803,0.0276513543970319,5.669360142487746,0.0049950049950049,0.8001998001998002,0.0,0.0,0.0009990009990009,0.0,0.0,0.0,0.0909090909090909,0.0,0.0009990009990009,0.0,0.0079920079920079,0.0939060939060938,0.0,0.0,0.0,5.148867130279541,3.931572198867798,6.823868274688721,6.245275974273682,5.451996803283691,5.503257751464844,4.838937282562256,5.5960612297058105,5.980225086212158,5.635643005371094,5.700823783874512,6.875384330749512,5.96976900100708,0.2186600696600573,0.03958463443999115,0.4934831376608246,0.4538985032208334
A4_A5_train_1m,train,1m,True,336,1.0,0.2339999999999999,0.4731861589770967,0.1147449849068944,0.8370542855982871,0.0964014589896369,0.0665442554120759,5.511850173656757,0.0,0.013,0.006,0.746,0.0,0.0,0.214,0.0,0.001,0.0,0.0,0.019,0.0,0.001,0.0,0.0,0.0,5.4331583976745605,5.285181999206543,3.9722976684570312,6.187142848968506,5.374215126037598,4.309431552886963,5.21409273147583,5.938007831573486,5.96904182434082,7.584242820739746,5.778120994567871,5.04981803894043,5.559300422668457,0.20591035500182794,0.11424025888350259,0.4995854612006407,0.3853452023171381
A4_A5_train_1m,train,1m,True,337,1.0,0.967,0.2020087442100215,0.1954931992877137,0.6153082473535406,0.3783971067174915,0.0062946459289679,5.4885938717768745,0.0,0.0,0.026,0.0,0.0,0.0,0.001,0.006,0.103,0.0,0.0,0.863,0.0,0.0,0.0,0.0,0.001,5.557127475738525,5.34993839263916,6.134128093719482,5.603716850280762,5.332057952880859,5.176461696624756,4.657849311828613,5.206705093383789,5.145601749420166,7.100429534912109,5.176236629486084,5.602354049682617,5.309113502502441,0.19974076697168242,0.19548302696111003,0.2120949056510907,0.01661187868998068
A4_A5_train_1m,train,1m,True,338,1.0,0.43,0.4720909046704498,0.2057373260506283,0.6883017582342347,0.2119218314302739,0.0997764103354913,5.302383459531344,0.004,0.335,0.0,0.005,0.3,0.0,0.076,0.0,0.019,0.0,0.001,0.03,0.0,0.0,0.006,0.001,0.223,5.212016582489014,4.180270195007324,5.277101993560791,5.038909912109375,5.45933723449707,4.664722919464111,5.0736083984375,5.365584373474121,5.59337043762207,7.650737285614014,5.232341289520264,5.703909873962402,4.479074478149414,0.2962815128306275,0.20573732605062833,0.4923595890082935,0.2866222629576652
A4_A5_train_1m,train,1m,True,339,1.001,0.3906093906093905,0.0719026075986676,0.0456170128739905,0.9277687050914586,0.0532285640691011,0.0190027308394399,5.181351038125845,0.3196803196803196,0.0019980019980019,0.0,0.0039960039960039,0.0,0.0009990009990009,0.0499500499500499,0.0,0.0,0.0239760239760239,0.0119880119880119,0.0089910089910089,0.0399600399600399,0.0069930069930069,0.0,0.5314685314685315,0.0,3.9496026039123535,5.7863383293151855,4.84451961517334,6.32576847076416,3.7362704277038574,4.875753879547119,5.424466609954834,5.527296543121338,5.888927936553955,5.373881816864014,5.684181213378906,4.48115348815918,5.459402561187744,0.11558698982323504,0.04208746026285889,0.3374429765944843,0.29535551633162543
A4_A5_train_1m,train,1m,True,340,1.0,0.168,0.2373347539225075,0.0583112213616222,0.8918669926560812,0.0996435719645931,0.0084894353793256,4.951281474186824,0.001,0.135,0.002,0.044,0.025,0.011,0.0,0.0,0.008,0.006,0.0,0.134,0.078,0.0,0.001,0.515,0.04,5.473164081573486,4.439022064208984,4.341208934783936,5.529585361480713,2.4606833457946777,6.098437786102295,5.519496917724609,5.445722579956055,5.4284515380859375,5.1383490562438965,5.25050163269043,4.464914321899414,4.777121543884277,0.16554148396064955,0.058311221361622194,0.4622370386589813,0.4039258172973591
A4_A5_train_1m,train,1m,True,341,0.999,0.1131131131131131,0.4986298951361052,0.0862191275069239,0.8650652466335521,0.0974312517190479,0.0375035016473998,5.420316439408523,0.0,0.6896896896896897,0.01001001001001,0.028028028028028,0.0,0.001001001001001,0.1121121121121121,0.029029029029029,0.001001001001001,0.0,0.0,0.0,0.0,0.013013013013013,0.1161161161161161,0.0,0.0,6.331770420074463,3.9969658851623535,5.009159564971924,6.249094486236572,3.7837939262390137,4.591507434844971,5.304413795471191,5.470330715179443,5.891415119171143,7.310839653015137,4.867405891418457,5.867250919342041,5.790165901184082,0.233474548925972,0.07960190573580818,0.5066297078582381,0.42702780212242997
A4_A5_train_1m,train,1m,True,342,0.999,0.7837837837837838,0.1782182647506571,0.1403931658625228,0.7213290362890125,0.2765555956969294,0.0021153680140581,5.323123565086951,0.009009009009009,0.078078078078078,0.001001001001001,0.0,0.0,0.004004004004004,0.001001001001001,0.04004004004004,0.0,0.0,0.0,0.7737737737737738,0.0,0.0,0.0,0.0,0.093093093093093,5.042624473571777,4.510761737823486,6.125006198883057,5.580019950866699,2.965363025665283,6.035893440246582,5.809436321258545,5.157273292541504,5.177488803863525,7.206286430358887,5.2230987548828125,5.695015907287598,4.672338008880615,0.17062274512246173,0.14032528246843767,0.24944674804781214,0.10912146557937447
A4_A5_train_1m,train,1m,True,343,1.001,0.4375624375624375,0.4409815740970145,0.2044294189503437,0.7077196000465624,0.1757019620061875,0.1165784379472499,5.10161095399123,0.0289710289710289,0.2127872127872127,0.0,0.2547452547452547,0.0059940059940059,0.0,0.3666333666333666,0.0009990009990009,0.0169830169830169,0.0,0.0189810189810189,0.0,0.0109890109890109,0.0129870129870129,0.0049950049950049,0.0069930069930069,0.0579420579420579,4.6376237869262695,4.420742988586426,4.332520484924316,5.984163284301758,5.356201171875,4.082864284515381,4.876214504241943,5.370041370391846,5.922765254974365,5.76627254486084,5.358325004577637,5.3211541175842285,4.892053604125977,0.28134702516575155,0.19787284183559747,0.47847840105343853,0.280605559217841
A4_A5_train_1m,train,1m,True,344,1.001,0.9800199800199804,0.4366989572141078,0.428241027574052,0.3804856278685113,0.3825466891148738,0.2369676830166151,5.805060203258808,0.0,0.0,0.0,0.0,0.0,0.0,0.7852147852147854,0.0189810189810189,0.0029970029970029,0.0,0.0,0.1918081918081918,0.0,0.0,0.0009990009990009,0.0,0.0,6.363047122955322,5.942971229553223,6.647375106811523,6.091123104095459,5.343314170837402,3.763386249542236,4.865850925445557,5.674707412719727,5.678370952606201,7.218811511993408,5.420897006988525,6.546675682067871,5.909252166748047,0.4302589367809763,0.42820884738666093,0.43811656046657316,0.009907713079912228
A4_A5_train_1m,train,1m,True,345,1.0,0.665,0.3255695834325761,0.2175222990650532,0.5890028283094695,0.3869497452509549,0.0240474264395757,5.447537899017334,0.104,0.0,0.0,0.002,0.0,0.0,0.007,0.021,0.552,0.0,0.002,0.0,0.0,0.0,0.0,0.0,0.312,4.170180797576904,6.262944221496582,5.430081844329834,6.432811260223389,5.065087795257568,4.574473857879639,4.15115213394165,5.885055541992188,6.019171237945557,7.170801639556885,5.493257999420166,5.799367427825928,4.363606929779053,0.2570370222275207,0.21748669592194037,0.38656652298266314,0.16907982706072278
A4_A5_train_1m,train,1m,True,346,1.0,0.58,0.2101497562906227,0.1437406488115216,0.7284639052386264,0.2555908918997037,0.0159452028616698,4.819319413258479,0.086,0.0,0.001,0.002,0.005,0.022,0.02,0.047,0.12,0.0,0.0,0.349,0.066,0.01,0.021,0.039,0.212,4.26777458190918,5.5845794677734375,5.246147155761719,5.623885154724121,2.217924833297729,4.783702373504639,4.596778869628906,5.388476371765137,5.314389705657959,5.013753414154053,4.917737483978272,5.236594200134277,4.459408760070801,0.18890314894170962,0.13861370535254158,0.3350998586485611,0.19648615329601954
A4_A5_train_1m,train,1m,True,347,0.999,0.9549549549549547,0.385,0.3680411168007733,0.3014588154875035,0.661000135423446,0.0375410490890502,5.474208795107328,0.0,0.0,0.0,0.041041041041041,0.0,0.003003003003003,0.0,0.0,0.9549549549549547,0.001001001001001,0.0,0.0,0.0,0.0,0.0,0.0,0.0,4.963431358337402,6.326282978057861,4.921237468719482,6.496082782745361,3.0842888355255127,4.744198799133301,3.96675705909729,6.053606986999512,6.05001163482666,7.168973445892334,5.572340965270996,5.981061935424805,5.836440086364746,0.3733185195483056,0.3680411168007733,0.3905247747747746,0.022483657974001314
A4_A5_train_1m,train,1m,True,348,1.0,0.297,0.3837135487427885,0.1292876505332381,0.7531936563493699,0.2350373862347843,0.0117689574158459,5.513573683225191,0.0,0.6270000000000001,0.0,0.001,0.0,0.0,0.0,0.0,0.296,0.0,0.001,0.0,0.003,0.0,0.072,0.0,0.0,5.385106086730957,4.009233951568604,6.291867733001709,6.375223159790039,5.193981647491455,5.124342918395996,4.402352809906006,5.465025901794434,5.824027061462402,6.104883670806885,4.87106990814209,6.740646839141846,5.888696193695068,0.2551419493850597,0.1292876505332381,0.4708408739766083,0.3415532234433702
A4_A5_train_1m,train,1m,True,349,1.001,0.4065934065934066,0.4384534757772856,0.2148326567222053,0.6605166312599261,0.2493014240357372,0.0901819447043366,4.789364090332618,0.0289710289710289,0.1038961038961038,0.0,0.2247752247752247,0.2747252747252747,0.0689310689310689,0.0579420579420579,0.0029970029970029,0.0079920079920079,0.0259740259740259,0.0,0.0369630369630369,0.1478521478521478,0.0059940059940059,0.0029970029970029,0.0099900099900099,0.0,4.630802631378174,4.543994903564453,4.317138671875,5.093772888183594,1.999618649482727,4.757461071014404,5.155820369720459,5.444781303405762,5.485052585601807,4.80652379989624,5.233687400817871,5.270007133483887,5.523071765899658,0.28864032195556194,0.2118022448304442,0.4795151494918629,0.2677129046614187
A4_A5_train_1m,train,1m,True,350,1.0019999999999998,0.7005988023952098,0.4074745635147218,0.3343028413014769,0.4291406083528124,0.4731131006914219,0.0977462909557659,4.949371282870953,0.0129740518962075,0.0269461077844311,0.0,0.0,0.060878243512974,0.0049900199600798,0.1586826347305389,0.0,0.4481037924151698,0.0099800399201596,0.0049900199600798,0.0149700598802395,0.0748502994011976,0.0648702594810379,0.0,0.1147704590818363,0.0029940119760479,4.655246257781982,5.0137038230896,5.780323505401611,5.541100978851318,2.809283971786499,4.124724864959717,4.224575519561768,5.585469722747803,5.681963920593262,4.97084903717041,5.471157550811768,5.0753173828125,5.40811014175415,0.3506897401717233,0.30156113319721745,0.4374672091689966,0.13590607597177917
A4_A5_train_1m,train,1m,True,351,1.001,0.7732267732267731,0.1445030191709718,0.1306830288540314,0.7591275749020788,0.220378792487779,0.0204936326101419,5.155112578318669,0.4945054945054944,0.0959040959040958,0.0,0.0,0.0069930069930069,0.0,0.0129870129870129,0.0,0.2577422577422577,0.0159840159840159,0.0,0.0009990009990009,0.0349650349650349,0.0129870129870129,0.0149850149850149,0.0399600399600399,0.0119880119880119,3.790780782699585,4.628424167633057,5.722849369049072,5.982424736022949,5.252315044403076,4.727598667144775,4.406318187713623,5.692853927612305,5.86350679397583,5.27314567565918,5.114730358123779,5.389060974121094,5.172454833984375,0.15992689499571922,0.12412814543335837,0.22685503180652522,0.10272688637316685
A4_A5_train_1m,train,1m,True,352,1.0,0.52,0.5026065177146505,0.2633065082323778,0.6039637533348202,0.2654594768656036,0.130576769799576,6.082065105438232,0.0,0.009,0.03,0.0,0.512,0.0,0.0,0.0,0.0,0.0,0.0,0.008,0.0,0.0,0.0,0.293,0.148,7.950143814086914,5.14754056930542,6.325527191162109,4.840550422668457,5.941060543060303,7.2721266746521,6.897604942321777,5.688073635101318,5.668768405914307,8.267833709716797,5.970269680023193,4.610179424285889,4.4871673583984375,0.3213014590023693,0.26330650823237783,0.5050273892116183,0.24172088097924044
A4_A5_train_1m,train,1m,True,353,1.0,0.2709999999999999,0.4044524837634437,0.1479515069081444,0.7707168605646567,0.1626632650543976,0.0666198743809456,4.982067768390362,0.004,0.001,0.001,0.056,0.002,0.002,0.204,0.001,0.016,0.001,0.043,0.002,0.115,0.013,0.05,0.109,0.38,5.144681453704834,5.961152076721191,4.519139289855957,6.109698295593262,3.578436851501465,4.301670074462891,4.915452003479004,5.251858234405518,5.824366092681885,4.899717807769775,4.993905544281006,4.952677249908447,4.314126014709473,0.22982803378749808,0.14138837321628353,0.47968347309989323,0.33829509988360973
A4_A5_train_1m,train,1m,True,354,1.0,0.403,0.1231533730535285,0.0715165539333015,0.8758832155916174,0.1052004609501619,0.0189163234582205,5.095458324138935,0.048,0.023,0.034,0.106,0.019,0.0,0.01,0.007,0.076,0.011,0.223,0.027,0.007,0.029,0.011,0.073,0.296,4.458122253417969,4.976833820343018,4.676935195922852,5.679875373840332,5.472889423370361,5.1349287033081055,4.837515830993652,4.883006095886231,5.646187782287598,5.993995666503906,5.138983249664307,4.981635093688965,4.360049724578857,0.13522414059420956,0.056867631540568,0.35269785934057196,0.29583022780000395
A4_A5_train_1m,train,1m,True,355,1.001,0.2627372627372627,0.4317232017772177,0.1224793836544056,0.8257455169373563,0.103550198816476,0.0707042842461675,5.431123109964224,0.0109890109890109,0.0,0.0,0.0,0.0,0.2217782217782217,0.2267732267732267,0.0,0.0,0.0,0.0249750249750249,0.0,0.0,0.0029970029970029,0.0239760239760239,0.4505494505494505,0.0379620379620379,4.996130466461182,6.518643856048584,6.005733489990234,6.85475492477417,1.8951210975646973,4.440052032470703,5.306262016296387,5.518677711486816,6.307963848114014,7.880527019500732,5.289988994598389,4.686285972595215,4.904458999633789,0.20469286788997418,0.12096671824963487,0.48770120086654156,0.36673448261690667
A4_A5_train_1m,train,1m,True,356,1.001,0.7052947052947052,0.2939310239061034,0.255447347729466,0.5317891153255192,0.4255270738900297,0.0426838107844512,5.071555045934824,0.1468531468531468,0.0,0.0039960039960039,0.0029970029970029,0.0169830169830169,0.0219780219780219,0.0249750249750249,0.0,0.4705294705294705,0.0009990009990009,0.0219780219780219,0.0239760239760239,0.1348651348651348,0.0459540459540459,0.0,0.0,0.0839160839160839,4.155900001525879,6.154172420501709,5.74293327331543,5.886661052703857,2.259869337081909,4.5971550941467285,4.269538402557373,5.478122234344482,5.801647663116455,5.192636489868164,5.554504871368408,6.036245822906494,4.80082893371582,0.27501097841068123,0.23225314485631565,0.35691513773996875,0.1246619928836531
A4_A5_train_1m,train,1m,True,357,1.0,0.368,0.0622049716157018,0.0281932812408893,0.9485292186060232,0.0465550003061748,0.0049157810878019,5.1868560039080105,0.266,0.31,0.001,0.004,0.007,0.214,0.0,0.004,0.005,0.0,0.0,0.09,0.0,0.006,0.0,0.028,0.065,4.006672859191895,4.204660415649414,5.180553436279297,5.775609493255615,1.8448070287704468,6.286713600158691,5.690652370452881,5.48502779006958,5.663619995117188,7.481463432312012,5.61324405670166,5.389863014221191,4.806240558624268,0.11849564502744701,0.025158143549469377,0.3437262295545783,0.31856808600510894
A4_A5_train_1m,train,1m,True,358,0.999,0.6496496496496496,0.1491979504906025,0.1260582994081368,0.7886104099999467,0.1706625811838328,0.0407270088162204,5.22973895072937,0.4394394394394394,0.002002002002002,0.023023023023023,0.1851851851851851,0.1251251251251251,0.0,0.0,0.0,0.08008008008008,0.0,0.002002002002002,0.003003003003003,0.0,0.016016016016016,0.1111111111111111,0.009009009009009,0.004004004004004,3.81432843208313,5.649089813232422,4.300149917602539,5.308982849121094,5.40263032913208,5.44376802444458,4.75255012512207,5.519522190093994,5.720877170562744,6.727238178253174,4.847256183624268,5.217238426208496,5.282974720001221,0.1625413982173546,0.11797459933379341,0.27478175162002094,0.15680715228622755
A4_A5_train_1m,train,1m,True,359,1.0,0.3969999999999999,0.3247092480402137,0.1356276156501036,0.7870507674880343,0.1546432337237242,0.0583059987882414,5.089330783257117,0.121,0.315,0.001,0.0,0.215,0.0,0.006,0.0,0.042,0.0,0.013,0.0,0.019,0.0,0.009,0.0,0.259,4.214599609375,4.196835041046143,5.950197696685791,5.142274856567383,4.517036437988281,5.242996692657471,4.98239803314209,5.228271484375,5.616855144500732,5.682066440582275,5.189296245574951,5.767305374145508,4.431167125701904,0.22867868145969145,0.1356276156501036,0.43502252147196496,0.29939490582186135
A4_A5_train_1m,train,1m,True,360,1.001,0.7302697302697303,0.2944654506953217,0.2209816431708831,0.6879667259700644,0.1821032617181052,0.1299300123118305,5.347133031258216,0.0139860139860139,0.0,0.0,0.0,0.0,0.0069930069930069,0.4285714285714286,0.0,0.0,0.0149850149850149,0.2877122877122877,0.0,0.0,0.0009990009990009,0.0089910089910089,0.2337662337662338,0.0039960039960039,4.919804096221924,6.168717384338379,5.845561504364014,6.524560928344727,2.7591917514801025,4.053475856781006,5.094067096710205,4.878146648406982,6.165545463562012,7.500072956085205,5.303926467895508,4.858672618865967,5.440986633300781,0.25251370129476125,0.22047742136929283,0.3519677766815983,0.13149035531230546
A4_A5_train_1m,train,1m,True,361,1.0,0.892,0.4901044933076606,0.4383486389179172,0.3825825074651562,0.3581377072338529,0.2592797853009908,5.629197524144099,0.0,0.0,0.0,0.05,0.03,0.0,0.834,0.055,0.001,0.0,0.0,0.027,0.001,0.001,0.0,0.0,0.001,5.992777347564697,6.221197605133057,4.981341361999512,5.839205741882324,5.332820892333984,3.746427536010742,4.92979907989502,5.90895414352417,5.934267520904541,6.76504373550415,5.625277042388916,5.99013090133667,5.912324905395508,0.44980435828950066,0.43775066656732525,0.4919994080304333,0.05424874146310804
A4_A5_train_1m,train,1m,True,362,0.999,0.9369369369369368,0.4956937477126512,0.4727891634081028,0.3339962101128832,0.3864292529580278,0.2795745369290888,5.672273489145132,0.005005005005005,0.0,0.0,0.015015015015015,0.0,0.0,0.927927927927928,0.0,0.002002002002002,0.018018018018018,0.002002002002002,0.0,0.013013013013013,0.0,0.015015015015015,0.0,0.002002002002002,5.378304481506348,6.479230880737305,5.446701526641846,6.847582817077637,5.312169075012207,3.708020210266113,4.846078872680664,5.93846607208252,6.259243011474609,5.84477424621582,5.335977554321289,6.39288330078125,5.950123310089111,0.48031088706282976,0.4727891634081028,0.49644774560464605,0.023658582196543265
A4_A5_train_1m,train,1m,True,363,0.998,0.6002004008016031,0.1552832797289473,0.1160783190087971,0.7836732301142917,0.2004969017538223,0.0158298681318859,5.077806289379414,0.1983967935871743,0.0,0.0,0.1232464929859719,0.0,0.0,0.0,0.0,0.219438877755511,0.0,0.1412825651302605,0.0410821643286573,0.0511022044088176,0.0230460921843687,0.003006012024048,0.1743486973947895,0.0250501002004008,4.022712230682373,5.96339225769043,4.291484355926514,6.104848384857178,5.263378620147705,5.311511039733887,4.464247703552246,4.970148086547852,5.6161627769470215,5.063650131225586,5.17753267288208,4.814941883087158,4.947471618652344,0.15583835076511943,0.10444635654585947,0.29615935326416765,0.19171299671830816
A4_A5_train_1m,train,1m,True,364,0.999,0.6626626626626626,0.5042963283449781,0.3880261195461095,0.4155132529440045,0.3929212550197716,0.1915654920362237,5.59030400789701,0.001001001001001,0.0,0.015015015015015,0.1571571571571571,0.6476476476476476,0.0,0.0,0.015015015015015,0.014014014014014,0.0,0.0,0.0,0.0,0.104104104104104,0.0,0.0,0.046046046046046,5.371683120727539,5.870749950408936,4.363124370574951,4.790213108062744,5.6847357749938965,5.964373588562012,5.396493911743164,5.914193630218506,5.709141731262207,7.527853965759277,5.929113864898682,5.316796779632568,4.83547830581665,0.39487167578918236,0.33545661279009586,0.5054276470113866,0.16997103422129078
A4_A5_train_1m,train,1m,True,365,1.0,0.682,0.2551515830829098,0.2080087587859767,0.6314243245663334,0.3211338332953798,0.0474418421382868,4.976911544799805,0.0,0.0,0.009,0.016,0.023,0.039,0.13,0.047,0.011,0.022,0.0,0.518,0.16,0.001,0.001,0.0,0.023,5.994759559631348,5.48630952835083,5.043025016784668,5.441472053527832,2.1319222450256348,4.455750465393066,4.990046501159668,5.284435749053955,5.232744693756104,4.762848854064941,5.091916561126709,5.717181205749512,5.067437648773193,0.2435847717461017,0.20742434953752295,0.3354460796625445,0.12802173012502158
A4_A5_train_1m,train,1m,True,366,0.999,0.9359359359359358,0.4483687133348246,0.4253753991989036,0.3334132275591971,0.4824227464837984,0.1841640259570043,5.484955695959238,0.003003003003003,0.001001001001001,0.021021021021021,0.004004004004004,0.002002002002002,0.005005005005005,0.5645645645645645,0.002002002002002,0.3443443443443443,0.0,0.0,0.022022022022022,0.0,0.0,0.031031031031031,0.0,0.0,5.15336799621582,6.223825454711914,5.8768181800842285,6.359537124633789,2.8700273036956787,3.983132839202881,4.332627296447754,6.101298809051514,5.990160465240479,7.056301116943359,5.130410194396973,6.156522274017334,6.070394992828369,0.43315508266028435,0.4253720050291993,0.4521665134815424,0.026794508452343102
A4_A5_train_1m,train,1m,True,367,0.999,0.4364364364364363,0.2081645477606432,0.0962724330547278,0.8344933934877089,0.1384683469151268,0.0270382595971644,4.912813470913814,0.0,0.054054054054054,0.0,0.1311311311311311,0.021021021021021,0.1531531531531531,0.05005005005005,0.035035035035035,0.1411411411411411,0.003003003003003,0.2232232232232232,0.001001001001001,0.014014014014014,0.0,0.0,0.1311311311311311,0.042042042042042,5.317757606506348,4.781952381134033,4.649604320526123,5.714897155761719,1.9340494871139529,4.684308052062988,4.646897315979004,4.919957637786865,5.832284927368164,6.005019187927246,5.581579685211182,4.93496036529541,4.863306999206543,0.1632710896712177,0.09621303508490327,0.3769436364601004,0.2807306013751971
A4_A5_train_1m,train,1m,True,368,1.001,0.6373626373626374,0.2660264441555943,0.1922041105079251,0.6753344091632584,0.2649229606576331,0.0597426301791085,4.928864295666035,0.0229770229770229,0.0709290709290709,0.0,0.0189810189810189,0.2077922077922078,0.0029970029970029,0.0,0.0099900099900099,0.1638361638361638,0.0009990009990009,0.2417582417582418,0.0009990009990009,0.0759240759240759,0.0009990009990009,0.0419580419580419,0.0,0.1398601398601399,4.659271240234375,4.669914245605469,5.286872863769531,5.194031715393066,3.0724215507507324,5.338028430938721,4.61183500289917,4.842222690582275,5.644437313079834,5.35631275177002,4.95814323425293,5.803018569946289,4.638726234436035,0.23912934840732597,0.19168295176560285,0.3536481731980709,0.16196522143246805
A4_A5_train_1m,train,1m,True,369,1.0,0.7150000000000001,0.3761891473739974,0.2860850391791655,0.5607927719540955,0.306244377733478,0.1329628503124264,5.482219567665687,0.0,0.0,0.0,0.0,0.0,0.0,0.439,0.001,0.0,0.0,0.0,0.276,0.0,0.0,0.092,0.0,0.192,6.566560745239258,5.743488788604736,6.30492115020752,5.955069541931152,4.317631244659424,3.998850107192993,4.972723484039307,5.430745601654053,5.49594783782959,7.210263729095459,4.828146457672119,5.876527786254883,4.5679779052734375,0.3196274056525792,0.28608334379139816,0.4136554903724082,0.12757214658101002
A4_A5_train_1m,train,1m,True,370,0.9990000000000002,0.5685685685685685,0.0071926408708667,0.0153419747605709,0.97158107327829,0.0261539039222773,0.0022650227994322,5.380783301133376,0.5375375375375374,0.3313313313313312,0.0,0.003003003003003,0.003003003003003,0.007007007007007,0.0,0.034034034034034,0.0,0.0,0.028028028028028,0.0,0.003003003003003,0.0,0.053053053053053,0.0,0.0,3.812534809112549,4.218894958496094,5.676307678222656,6.041620254516602,2.5715861320495605,6.910074234008789,6.340034008026123,5.206722259521484,5.922893524169922,6.069573879241943,5.02904748916626,6.384149551391602,5.766744136810303,0.08814430969512914,0.015284273875598576,0.22310567569034254,0.20782140181474396
A4_A5_train_1m,train,1m,True,371,1.0,0.194,0.0304662471166365,0.0792903668793633,0.8690555149416078,0.1033082363580576,0.0276362487003345,5.210643355663006,0.184,0.0,0.0,0.161,0.008,0.187,0.002,0.011,0.0,0.0,0.0,0.0,0.137,0.091,0.0,0.147,0.072,4.124205112457275,6.396641254425049,4.254331588745117,6.027304649353027,1.8721355199813845,6.205376625061035,6.121490478515625,6.247395992279053,6.07490348815918,4.828339576721191,5.984332084655762,4.847183227539063,4.754724025726318,0.14176719409937238,0.03334164948526833,0.41507635194062753,0.3817347024553592
A4_A5_train_1m,train,1m,True,372,0.999,0.1311311311311311,0.4375434394527597,0.0615645677009902,0.9116629959567012,0.0535448726846169,0.0347921313586818,5.45513941691472,0.017017017017017,0.0,0.0,0.8638638638638638,0.035035035035035,0.002002002002002,0.079079079079079,0.001001001001001,0.0,0.001001001001001,0.0,0.0,0.0,0.0,0.0,0.001001001001001,0.0,4.719839096069336,6.3246684074401855,3.903890371322632,5.672466278076172,3.270504713058472,4.715110778808594,5.474440097808838,6.2374796867370605,6.10888671875,7.894931316375732,6.081647872924805,4.9845499992370605,5.528397083282471,0.16415710195269453,0.06156287061613807,0.4984568474157271,0.436893976799589
A4_A5_train_1m,train,1m,True,373,1.0,0.256,0.183571551409145,0.0766356886347884,0.8626209332698351,0.1214867561907527,0.015892310539412,5.800429747654841,0.0,0.0,0.007,0.0,0.0,0.0,0.003,0.0,0.0,0.0,0.0,0.253,0.0,0.053,0.0,0.415,0.269,7.270273208618164,5.771315574645996,6.061371326446533,5.8983154296875,5.713322639465332,5.982119560241699,6.049992561340332,5.573643684387207,5.444307804107666,7.318734169006348,5.482014656066895,4.511556625366211,4.328619480133057,0.1480948825118378,0.04988520939502228,0.4246859171607411,0.37480070776571883
A4_A5_train_1m,train,1m,True,374,0.999,0.5405405405405406,0.4490574858596142,0.2649343852345324,0.5858116591926413,0.2985079111456523,0.1156804296617062,5.3152457017164965,0.0,0.036036036036036,0.004004004004004,0.0,0.021021021021021,0.0,0.3243243243243243,0.0,0.1701701701701701,0.003003003003003,0.0,0.025025025025025,0.0,0.023023023023023,0.049049049049049,0.013013013013013,0.3313313313313313,5.396677017211914,4.9343743324279785,5.821601390838623,5.756556987762451,5.235057830810547,4.03232479095459,4.4689621925354,5.63562536239624,5.7756876945495605,7.162018775939941,4.987149715423584,5.5035810470581055,4.388576984405518,0.31464906432994855,0.25331406637766374,0.47597837073492655,0.2226643043572628
A4_A5_train_1m,train,1m,True,375,1.0,0.542,0.389939578524245,0.213236317830335,0.6747029188039464,0.2241215267314371,0.1011755544646164,5.317656076871431,0.076,0.002,0.01,0.209,0.0,0.0,0.316,0.0,0.136,0.0,0.01,0.004,0.0,0.0,0.001,0.001,0.235,4.326162815093994,5.871591091156006,4.337588310241699,6.421520709991455,5.288784027099609,4.07393741607666,4.542225360870361,5.58926248550415,6.034818172454834,7.393237113952637,5.470004081726074,5.30029296875,4.480104446411133,0.26788660335467246,0.21323631783033498,0.44385095156014087,0.2306146337298059
A4_A5_train_1m,train,1m,True,376,1.0,0.507,0.1449102658259914,0.0766360107419789,0.8506760845814675,0.1453758093531072,0.0039481060654253,5.38286698781527,0.116,0.004,0.0,0.0,0.008,0.004,0.0,0.016,0.0,0.001,0.0,0.383,0.0,0.003,0.0,0.0,0.465,4.248750686645508,5.245014667510986,5.936185359954834,5.546763896942139,3.0129635334014893,6.643760681152344,6.081342697143555,5.3930840492248535,5.3703155517578125,7.294131278991699,5.411038875579834,5.570199012756348,4.223720550537109,0.1343209995073369,0.07509470646752706,0.3237409547737776,0.24864624830625057
A4_A5_train_1m,train,1m,True,377,0.999,0.4424424424424424,0.1838318110151361,0.0961272923411191,0.823444367824354,0.1608566796690534,0.0156989525065923,5.371554961571326,0.041041041041041,0.001001001001001,0.0,0.0,0.0,0.0,0.028028028028028,0.0,0.0,0.0,0.0,0.3733733733733733,0.003003003003003,0.025025025025025,0.0,0.0,0.5285285285285285,4.541446685791016,5.526328086853027,5.964397430419922,5.782289981842041,5.662398338317871,5.080379962921143,5.427825927734375,5.454686641693115,5.330496788024902,5.914064884185791,5.385919094085693,5.5643815994262695,4.19559907913208,0.15464275766446334,0.08349651097495754,0.3643790895582484,0.28088257858329085
A4_A5_train_1m,train,1m,True,378,1.0,0.986,0.4951208048565796,0.4882317446488694,0.3176742386961341,0.3881880333099928,0.294137727993873,6.05059737425584,0.006,0.0,0.0,0.0,0.0,0.0,0.977,0.001,0.0,0.0,0.003,0.0,0.0,0.0,0.0,0.0,0.013,5.325000286102295,6.777722835540772,6.795569896697998,7.138229846954346,5.296403884887695,3.6937408447265625,4.986702919006348,6.06803560256958,6.644932746887207,7.452576637268066,5.935977458953857,6.962109088897705,5.580763816833496,0.4898808809488492,0.4882300492611021,0.4952962135885875,0.0070661643274854136
A4_A5_train_1m,train,1m,True,379,0.999,0.4974974974974974,0.2881895345794776,0.1765363879752175,0.7007550548430896,0.2454171143633854,0.0538278307935248,4.8844727736253,0.1281281281281281,0.0,0.002002002002002,0.1131131131131131,0.01001001001001,0.054054054054054,0.092092092092092,0.0,0.2152152152152152,0.015015015015015,0.003003003003003,0.049049049049049,0.002002002002002,0.054054054054054,0.004004004004004,0.2392392392392392,0.019019019019019,4.158796787261963,6.040608882904053,4.272172927856445,5.797714710235596,2.02758264541626,4.362143039703369,4.442197322845459,5.622482776641846,5.696370601654053,6.112939357757568,5.253546237945557,4.725054740905762,4.986536026000977,0.21796017999614806,0.1492539002243087,0.39846896765365397,0.24921506742934527
A4_A5_train_1m,train,1m,True,380,1.0,0.298,0.0512625459495589,0.0350442685728345,0.9388952492307666,0.0521209643927977,0.0089837863764356,5.615977342312153,0.0,0.587,0.004,0.0,0.0,0.001,0.029,0.01,0.0,0.001,0.269,0.0,0.078,0.0,0.021,0.0,0.0,7.869221210479736,4.036043167114258,6.938179016113281,6.324679851531982,3.737613439559937,5.169717788696289,5.736361503601074,4.781091690063477,5.83971118927002,5.151564121246338,5.093974590301514,6.404165267944336,5.925382614135742,0.15783799010721594,0.03502731469516177,0.37164653869296854,0.33661922399780675
A4_A5_train_1m,train,1m,True,381,0.998,0.6172344689378757,0.3986746804518221,0.275777813736495,0.5622793506118078,0.3238856713033943,0.1138349780847977,5.012710406230046,0.0430861723446893,0.1342685370741483,0.0440881763527054,0.002004008016032,0.001002004008016,0.0090180360721442,0.3246492985971944,0.0270541082164328,0.188376753507014,0.0,0.001002004008016,0.0591182364729458,0.0,0.0310621242484969,0.0721442885771543,0.002004008016032,0.0611222444889779,4.490478992462158,4.543619632720947,5.464006423950195,5.992561340332031,2.5960805416107178,4.028903007507324,4.429957389831543,5.492092132568359,5.690390586853027,6.991853713989258,4.897631168365479,5.662044525146484,4.885615825653076,0.3203105288778708,0.2600540840823239,0.44038667651134467,0.18033259242902078
A4_A5_train_1m,train,1m,True,382,0.999,0.004004004004004,0.0029239766081871,0.0046635312776885,0.9923726516810236,0.0059276340825755,0.0016997142364008,6.049166532663199,0.0,0.2802802802802803,0.0,0.7127127127127126,0.0,0.0,0.0,0.0,0.0,0.0,0.004004004004004,0.0,0.0,0.0,0.003003003003003,0.0,0.0,5.694290637969971,4.318321228027344,4.304856777191162,6.507816791534424,6.06188440322876,8.01424503326416,7.309361457824707,5.801431655883789,6.156956195831299,8.229827880859375,5.599143981933594,5.140164852142334,5.500864028930664,0.14155445723545332,0.0046635312776885434,0.5056290749814141,0.5009655437037255
A4_A5_train_1m,train,1m,True,383,0.999,0.8618618618618619,0.4985300895959215,0.451873880616968,0.3551179479478251,0.3860163428704135,0.2588657091817612,6.205285732562725,0.0,0.0,0.0,0.0,0.0,0.012012012012012,0.8588588588588588,0.003003003003003,0.0,0.0,0.0,0.003003003003003,0.003003003003003,0.0,0.1201201201201201,0.0,0.0,7.222536563873291,6.986804008483887,7.713242053985596,7.345041751861572,2.569535732269287,4.101850986480713,5.20742654800415,6.612890243530273,6.543424129486084,6.48738431930542,5.224499225616455,7.743064880371094,6.911014080047607,0.46752454639264157,0.45186878936241165,0.49978989703912746,0.04792110767671581
A4_A5_train_1m,train,1m,True,384,1.0,0.5870000000000001,0.3263415918366742,0.2357420531006071,0.6322753038701712,0.2639652860584433,0.1037594100713854,4.9754770535689135,0.021,0.062,0.058,0.043,0.234,0.01,0.144,0.0,0.0,0.001,0.187,0.001,0.176,0.001,0.062,0.0,0.0,4.808149814605713,4.736344337463379,5.1010613441467285,5.205081462860107,2.604358434677124,4.611724853515625,5.283618450164795,4.907650947570801,5.77459192276001,5.316555023193359,4.981657981872559,5.62989616394043,5.720510959625244,0.28853942192135734,0.2352373270772153,0.4012219644081279,0.1659846373309126
A4_A5_train_1m,train,1m,True,385,0.999,0.930930930930931,0.2644632959306869,0.2471933342266064,0.5940002138018677,0.3176129039430518,0.0883868822550804,5.126936912536621,0.083083083083083,0.0,0.0,0.002002002002002,0.004004004004004,0.064064064064064,0.2832832832832833,0.0,0.007007007007007,0.0,0.0,0.5535535535535536,0.0,0.001001001001001,0.001001001001001,0.0,0.001001001001001,4.399730205535889,5.538569927215576,5.584012508392334,5.621068000793457,2.037564754486084,4.156420707702637,4.882552623748779,5.342720985412598,5.34794807434082,7.122502326965332,5.127678871154785,6.003315448760986,5.486095428466797,0.25390979979335654,0.24668810297195987,0.28125997519072937,0.034571872218769506
A4_A5_train_1m,train,1m,True,386,1.0,0.0,,0.0036970734300644,0.9936891600768366,0.0052275329861979,0.0010833069369654,6.058488790805523,0.0,0.0,0.0,0.449,0.0,0.007,0.0,0.0,0.0,0.0,0.0,0.0,0.0,0.0,0.0,0.0,0.544,5.939208984375,6.596523761749268,4.039177894592285,6.599162578582764,2.6582720279693604,8.207418441772461,7.341786861419678,6.6837358474731445,6.478647708892822,8.516152381896973,6.505864143371582,5.019821643829346,4.174582004547119,0.12225436082893879,0.003697073430064409,0.50765,0.5039529265699356
A4_A5_train_1m,train,1m,True,387,0.998,0.0290581162324649,0.485041286307054,0.0219033097023463,0.9631266024284986,0.02994017573831,0.0069332218331913,6.239235474513127,0.0,0.9248496993987976,0.003006012024048,0.001002004008016,0.0270541082164328,0.0,0.0,0.0,0.0,0.0,0.0,0.002004008016032,0.0,0.0,0.0280561122244488,0.0,0.0140280561122244,8.070134162902832,4.019102096557617,6.420123100280762,5.809686183929443,4.56244707107544,7.974233627319336,7.11091423034668,5.966259479522705,5.992082595825195,8.271920204162598,5.226659297943115,6.304665565490723,5.381833553314209,0.20008295427292316,0.021903309702346257,0.5069930333696437,0.48508972366729747
A4_A5_train_1m,train,1m,True,388,1.0,0.8600000000000001,0.3693437474062862,0.3207805330824208,0.3926356830150747,0.5731675678050091,0.0341967491799163,5.574407174037053,0.0,0.0,0.0,0.125,0.003,0.0,0.0,0.0,0.812,0.0,0.026,0.019,0.0,0.005,0.0,0.0,0.01,5.228769302368164,6.301300525665283,4.910231113433838,6.17401647567749,5.23968505859375,5.293924331665039,4.198749542236328,5.486508846282959,5.894749641418457,7.1388139724731445,5.602346897125244,5.676432132720947,5.321765422821045,0.3357413249002107,0.3182569029654617,0.3887066227694062,0.07044971980394449
A4_A5_train_1m,train,1m,True,389,1.0,0.998,0.385,0.3842392387287509,0.2706478738887129,0.6902257747650723,0.0391263513462147,5.805640147282527,0.0,0.0,0.0,0.002,0.0,0.0,0.0,0.0,0.998,0.0,0.0,0.0,0.0,0.0,0.0,0.0,0.0,5.042656898498535,6.5099310874938965,5.960240364074707,6.57192325592041,4.8692779541015625,4.859748363494873,3.9462523460388175,6.093301773071289,6.099499225616455,7.147767066955566,5.585717678070068,6.782031536102295,6.004974365234375,0.38447549184041613,0.38423923872875093,0.3852453,0.0010060612712490813
A4_A5_train_1m,train,1m,True,390,1.002,0.4910179640718562,0.190326198849644,0.110880246038403,0.7898401892215352,0.1985591294801237,0.0116006812983412,5.128426423439612,0.0,0.0938123752495009,0.0,0.2145708582834331,0.0069860279441117,0.0029940119760479,0.0,0.0419161676646706,0.0139720558882235,0.0,0.0,0.4700598802395209,0.0,0.029940119760479,0.0019960079840319,0.0199600798403193,0.1037924151696606,5.505525588989258,4.507210731506348,4.254899978637695,5.512637138366699,3.181547880172729,5.904837131500244,5.296047687530518,5.260948181152344,5.291955471038818,7.098022937774658,5.119080066680908,5.108161926269531,4.628668785095215,0.16724115412751167,0.09569762429391196,0.35183831320760944,0.25614068891369746
A4_A5_train_1m,train,1m,True,391,1.0,0.416,0.183122789576812,0.0788767892592235,0.8449363838708689,0.1523736537398152,0.0026899623893159,5.583163958329421,0.0,0.0,0.0,0.584,0.0,0.0,0.0,0.0,0.011,0.0,0.005,0.4,0.0,0.0,0.0,0.0,0.0,5.475152969360352,5.643072605133057,4.304033279418945,5.833184719085693,5.488089561462402,6.304781436920166,5.394291877746582,5.432677268981934,5.34126615524292,7.565421104431152,5.387373924255371,5.079153537750244,5.332633018493652,0.14786269786545586,0.07887678925922352,0.37264668046395377,0.29376989120473024
A4_A5_train_1m,train,1m,True,392,0.999,0.6046046046046045,0.1521067751963851,0.0935041247389936,0.827098839346498,0.1587940718290165,0.0141070888244853,5.3277291517991285,0.3683683683683683,0.1691691691691691,0.049049049049049,0.1771771771771771,0.0,0.0,0.014014014014014,0.0,0.2162162162162162,0.0,0.006006006006006,0.0,0.0,0.0,0.0,0.0,0.0,3.883453369140625,4.476907730102539,4.675032138824463,6.45372486114502,4.377802848815918,4.858216285705566,4.515951156616211,5.73603630065918,6.042162895202637,7.676949501037598,5.658436298370361,5.367548942565918,5.538256645202637,0.1526872288636552,0.09350412473899357,0.29268692914776423,0.19918280440877068
A4_A5_train_1m,train,1m,True,393,1.0000000000000002,0.5879999999999999,0.2754134602389394,0.1930588314466176,0.6494295638817504,0.3150232093432635,0.0355472267749859,4.8987074081714335,0.0009999999999999,0.1629999999999999,0.0009999999999999,0.1389999999999999,0.0199999999999999,0.0179999999999999,0.0,0.0029999999999999,0.3919999999999999,0.0,0.1729999999999999,0.0019999999999999,0.0019999999999999,0.0579999999999999,0.0,0.0059999999999999,0.0219999999999999,4.947967529296875,4.437201976776123,4.475698947906494,5.667201995849609,2.248340845108032,4.924376010894775,4.300797939300537,4.897421360015869,5.742770671844482,6.065788269042969,5.461146354675293,5.436576843261719,5.077907562255859,0.23417444176694047,0.16377963592659064,0.3710949146204959,0.20731527869390523
A4_A5_train_1m,train,1m,True,394,1.0,0.012,0.0666033138401559,0.0053631717690382,0.9916992214920152,0.0058752134778928,0.0024255650300918,5.782568711500901,0.0,0.0,0.0,0.974,0.0,0.006,0.0,0.0,0.002,0.0,0.01,0.0,0.0,0.0,0.0,0.008,0.0,5.581852912902832,6.466131210327148,3.843778371810913,6.483299255371094,2.659607172012329,7.1820902824401855,6.361581802368164,5.714112281799316,6.240609645843506,8.147217750549316,6.093411922454834,4.856033802032471,5.543666839599609,0.1219670863593907,0.005363171769038228,0.5023574397660819,0.4969942679970437
A4_A5_train_1m,train,1m,True,395,1.0,0.77,0.3805670848751462,0.2938770133627058,0.5388603451997185,0.3345252828751519,0.1266143719251298,5.253134094751799,0.047,0.131,0.002,0.006,0.496,0.091,0.0,0.0,0.001,0.0,0.0,0.226,0.0,0.0,0.0,0.0,0.0,4.54335880279541,4.409323692321777,5.256696224212647,4.847775936126709,1.931439757347107,6.43435525894165,5.973301887512207,5.271473407745361,5.341990947723389,7.515987873077393,5.4347076416015625,5.835057735443115,5.495274066925049,0.32848272843536197,0.29387701336270566,0.4097961553538625,0.11591914199115683
A4_A5_train_1m,train,1m,True,396,1.001,0.8611388611388612,0.0344786154490388,0.0307778471167286,0.941036543304502,0.0563712191575388,0.0025922375379592,5.5238377681145305,0.3966033966033966,0.0,0.0,0.0,0.0,0.0,0.0,0.0,0.0309690309690309,0.0,0.3506493506493506,0.0829170829170829,0.0009990009990009,0.0009990009990009,0.0,0.0,0.1368631368631369,3.8770134449005127,5.838569164276123,6.006426811218262,6.02733850479126,5.521276950836182,6.027424335479736,5.117548942565918,4.750515937805176,5.62230396270752,6.873079299926758,5.544261932373047,5.957640647888184,4.646491050720215,0.046999884168242995,0.030273625315138376,0.10018373278428706,0.06991010746914869
A4_A5_train_1m,train,1m,True,397,1.0,0.533,0.1908760144357615,0.1234151426881355,0.7959641823779227,0.1612413498678838,0.0427944677541936,5.1657520440908575,0.0,0.174,0.0,0.215,0.0,0.0,0.091,0.035,0.13,0.0,0.282,0.03,0.003,0.038,0.001,0.001,0.0,5.1948676109313965,4.431931972503662,4.388439655303955,6.0622382164001465,5.239842414855957,4.488770484924316,4.6543707847595215,4.800220012664795,5.646846771240234,5.885217666625977,5.293975830078125,5.459847450256348,5.608207702636719,0.17782890713447652,0.10417621522739198,0.338809465694261,0.23463325046686903
A4_A5_train_1m,train,1m,True,398,0.998,0.5110220440881763,0.0973578441352758,0.0568143466216758,0.9107459624006438,0.0648793819553605,0.0243746556439955,5.180898207884568,0.4118236472945891,0.064128256513026,0.0180360721442885,0.2104208416833667,0.0811623246492986,0.0,0.001002004008016,0.0210420841683366,0.0150300601202404,0.0,0.0,0.002004008016032,0.0,0.0050100200400801,0.0150300601202404,0.0130260521042084,0.1422845691382765,3.849955320358277,4.718585014343262,4.255825519561768,5.42893123626709,4.183009624481201,5.709102630615234,5.299649715423584,5.686254024505615,5.856544017791748,7.443064212799072,5.208462238311768,5.140261173248291,4.5720319747924805,0.1174248488605676,0.05424998463763582,0.29798166383666375,0.24373167919902794
A4_A5_train_1m,train,1m,True,399,1.001,0.8161838161838162,0.269204220862487,0.2210943300209464,0.6672044779719694,0.2234023840141682,0.1093931380138622,5.519307631712693,0.3696303696303696,0.0,0.0,0.1288711288711288,0.4255744255744255,0.0,0.0,0.0,0.0049950049950049,0.0029970029970029,0.0159840159840159,0.0,0.0,0.0,0.0,0.0519480519480519,0.0,3.8858330249786377,5.880647659301758,4.35484504699707,4.9358625411987305,5.568119525909424,6.185113906860352,5.675236701965332,5.288744926452637,5.755640506744385,7.90507173538208,5.7522406578063965,5.076944351196289,5.486698627471924,0.2428348506288587,0.22109433002094633,0.3130344140306211,0.09194008400967477
A4_A5_train_1m,train,1m,True,400,1.0,0.553,0.3860279821053993,0.2191175921304613,0.6698432572881828,0.2220783011627115,0.1080784415491055,5.013546888644878,0.029,0.001,0.006,0.0,0.058,0.039,0.304,0.0,0.014,0.02,0.0,0.148,0.001,0.0,0.0,0.322,0.058,4.634857177734375,5.6887640953063965,5.495052337646484,5.451740741729736,2.1163175106048584,4.139606952667236,4.879724025726318,5.559777736663818,5.523690700531006,6.83644962310791,5.403911113739014,4.673627853393555,4.772589683532715,0.271646218107997,0.2191175921304613,0.4403930241042858,0.22127543197382452
A4_A5_train_1m,train,1m,True,401,0.999,0.4244244244244243,0.3834217763337094,0.1790491819964188,0.7273954919293,0.1871106521485623,0.0854938559221376,4.867796861208403,0.096096096096096,0.074074074074074,0.0,0.1391391391391391,0.3003003003003002,0.005005005005005,0.015015015015015,0.0,0.0,0.005005005005005,0.0,0.013013013013013,0.032032032032032,0.015015015015015,0.0,0.1521521521521521,0.1531531531531531,4.289231300354004,4.623969078063965,4.258480072021484,5.03345251083374,2.795792579650879,5.296301364898682,5.623981952667236,5.561157703399658,5.587286472320557,5.383425235748291,5.499710559844971,4.80464506149292,4.523925304412842,0.24736888844167754,0.17147071317672186,0.4549245076731657,0.28345379449644387
A4_A5_train_1m,train,1m,True,402,0.998,0.56312625250501,0.0525432775847587,0.0319044887074465,0.9526978235403916,0.0307953755043234,0.0165068009552848,5.215671227528499,0.503006012024048,0.2384769539078156,0.0160320641282565,0.1593186372745491,0.0180360721442885,0.0,0.034068136272545,0.0190380761523046,0.0,0.0,0.002004008016032,0.0060120240480961,0.0040080160320641,0.0,0.0,0.0,0.0,3.8328311443328857,4.335458755493164,4.412631511688232,5.765294551849365,4.325379371643066,5.040577411651611,5.55497407913208,5.57039737701416,5.868358135223389,6.287765502929688,5.781820774078369,5.431005954742432,5.597231388092041,0.09981513335848202,0.031872211786025395,0.25136745691646717,0.21949524513044177
A4_A5_train_1m,train,1m,True,403,0.998,0.5410821643286573,0.0995127470484244,0.0753577344597734,0.8596619902013111,0.1299605506778306,0.0103774591208581,4.9522881141075725,0.346693386773547,0.1452905811623246,0.002004008016032,0.0,0.002004008016032,0.001002004008016,0.0190380761523046,0.0270541082164328,0.0531062124248497,0.0050100200400801,0.002004008016032,0.1182364729458917,0.0981963927855711,0.001002004008016,0.0060120240480961,0.1733466933867735,0.0,3.899319887161255,4.461461067199707,5.589946269989014,5.838519096374512,3.4812123775482178,4.948983192443848,4.847517490386963,5.420548439025879,5.501951694488525,4.923732280731201,5.128950119018555,4.886202812194824,5.4514007568359375,0.13846565536989675,0.07480612975726006,0.2868142118298085,0.21200808207254843
A4_A5_train_1m,train,1m,True,404,1.0,0.647,0.3056747442905825,0.2030589029835522,0.6150705833819389,0.3637410272690175,0.0211883893490435,5.017572696392353,0.092,0.0,0.0,0.304,0.0,0.01,0.001,0.02,0.498,0.0,0.028,0.028,0.002,0.001,0.016,0.0,0.0,4.196807384490967,6.078134536743164,4.219882488250732,6.16157341003418,2.443153381347656,4.781161785125732,4.194149971008301,5.316181659698486,5.716443538665772,6.23772668838501,5.044610023498535,5.321207046508789,5.517413139343262,0.2438488422470244,0.20252026920481495,0.3769720095560069,0.17445174035119196
A4_A5_train_1m,train,1m,True,405,0.999,0.0,,0.0101133830907242,0.9802554119118012,0.0192624099949488,0.0004821780932498,5.418186976359441,0.0,0.1611611611611611,0.0,0.1111111111111111,0.0,0.056056056056056,0.0,0.0,0.0,0.0,0.0,0.0,0.032032032032032,0.0,0.007007007007007,0.0,0.6326326326326326,6.346347332000732,4.436015605926514,4.428888320922852,6.508035659790039,2.040851354598999,7.546984672546387,6.876683235168457,5.799755573272705,6.031073570251465,5.578670501708984,5.369450092315674,5.319435119628906,4.154239654541016,0.1388406857938718,0.010113383090724225,0.5076499999999999,0.4975366169092757
A4_A5_train_1m,train,1m,True,406,1.001,0.3046953046953046,0.5030412173098779,0.1562896942096207,0.7648538256154773,0.1577129603498035,0.0774332140347189,5.359878778457642,0.0,0.1158841158841158,0.0,0.5284715284715285,0.2997002997002996,0.0249750249750249,0.0,0.0259740259740259,0.0019980019980019,0.0,0.0009990009990009,0.0019980019980019,0.0,0.0,0.0,0.0,0.0,5.506587028503418,4.495882987976074,4.03310489654541,5.0403828620910645,2.2177398204803467,6.64434289932251,6.142004489898682,5.582727909088135,5.756886959075928,7.749588966369629,5.930520057678223,5.1238274574279785,5.454827785491943,0.24548008639027846,0.15624565816371744,0.5062457255539586,0.3500000673902412
A4_A5_train_1m,train,1m,True,407,0.998,0.3346693386773546,0.3454145008574225,0.1191997135199562,0.7998382699635774,0.1619240330329324,0.03823769700349,5.137108692756066,0.0691382765531062,0.0,0.0120240480961923,0.62625250501002,0.06312625250501,0.0220440881763527,0.0480961923847695,0.0,0.1533066132264529,0.001002004008016,0.0,0.001002004008016,0.0,0.0,0.002004008016032,0.002004008016032,0.0,4.300411701202393,6.131816387176514,3.986993312835693,5.5231804847717285,2.266143321990967,4.606564044952393,4.599262714385986,6.012321472167969,5.912887573242188,7.43715763092041,5.467930793762207,5.029560565948486,5.508183002471924,0.19761982738878023,0.1191997135199561,0.45335475279196286,0.33415503927200674
A4_A5_train_1m,train,1m,True,408,1.001,0.9670329670329672,0.4993707538771272,0.4840850386447565,0.3180682573598494,0.395693407990788,0.2862383346493624,5.67198214164147,0.0,0.0149850149850149,0.0,0.0119880119880119,0.0909090909090909,0.0,0.8741258741258742,0.0,0.0,0.0,0.0019980019980019,0.0,0.0,0.0,0.0059940059940059,0.0,0.0,6.240303039550781,5.322302341461182,5.451431751251221,5.60344123840332,5.334213733673096,3.7267255783081055,4.966882705688477,5.79078483581543,6.062350273132324,7.397554874420166,5.460861682891846,6.314545631408691,6.064370155334473,0.4889887387900408,0.48408503864475644,0.499643696057002,0.015558657412245547
A4_A5_train_1m,train,1m,True,409,1.0,0.622,0.4414179198176028,0.307403540178949,0.5350210174906248,0.3151508846608521,0.1498280978485229,4.944631301439726,0.031,0.001,0.001,0.001,0.412,0.004,0.125,0.0,0.0,0.002,0.039,0.015,0.097,0.027,0.001,0.241,0.003,4.641107559204102,5.576540470123291,5.288942813873291,4.963302612304688,3.02441954612732,4.514458179473877,5.225789546966553,5.149921894073486,5.521630764007568,4.917622089385986,5.375874042510986,4.765760898590088,5.314836502075195,0.3432014007687743,0.29377593754737,0.46645364612654905,0.17267770857917902
A4_A5_train_1m,train,1m,True,410,1.0,0.951,0.3786751444056582,0.3643761097869455,0.4187291527703157,0.4337894748854773,0.1474813723442068,5.49001851448646,0.0,0.0,0.0,0.001,0.571,0.025,0.006,0.0,0.0,0.023,0.0,0.374,0.0,0.0,0.0,0.0,0.0,6.986260890960693,5.44495964050293,6.025906085968018,4.79151725769043,2.244826316833496,5.53941011428833,5.764404296875,5.231297016143799,5.263172626495361,7.386087894439697,5.337172031402588,5.8797287940979,5.475497722625732,0.3699331075291995,0.3643761097869455,0.384994912329781,0.02061880254283549
A4_A5_train_1m,train,1m,True,411,0.998,0.2414829659318636,0.1239612297158875,0.0587047435294493,0.9077701041307304,0.0670503046796403,0.0251795911896291,5.2178285488715535,0.0541082164328657,0.0420841683366733,0.0040080160320641,0.6082164328657313,0.0470941883767535,0.0,0.0,0.0380761523046092,0.0080160320641282,0.0050100200400801,0.1192384769539078,0.0130260521042084,0.0100200400801603,0.0440881763527054,0.003006012024048,0.0040080160320641,0.0,4.401761531829834,4.797924518585205,3.9859402179718018,5.483858108520508,5.378511905670166,6.016917705535889,5.519956111907959,4.977712154388428,5.664454936981201,5.792605400085449,5.319760799407959,5.01306676864624,5.4793009757995605,0.13659387371909593,0.036387739757509176,0.41499569775704276,0.37860795799953356
A4_A5_train_1m,train,1m,True,412,0.999,0.978978978978979,0.0276924010763482,0.0317307043907285,0.952446236244076,0.0316461187303909,0.015907645025533,5.691750398048987,0.8278278278278278,0.0,0.0,0.005005005005005,0.028028028028028,0.0,0.015015015015015,0.002002002002002,0.0,0.0,0.1011011011011011,0.007007007007007,0.0,0.009009009009009,0.0,0.0,0.005005005005005,3.6853535175323486,6.115226268768311,5.444297790527344,5.728703498840332,5.671219825744629,5.350162029266357,5.759592533111572,5.075437068939209,5.978885173797607,7.644976615905762,5.860694408416748,6.242676734924316,5.435529708862305,0.03132354506899326,0.027180228929206084,0.03778159985252109,0.010601370923315003
A4_A5_train_1m,train,1m,True,413,0.999,0.5325325325325325,0.3681259718831357,0.2471612661270966,0.5520926054931157,0.4014922567595753,0.0464151377473089,5.358504588787373,0.001001001001001,0.0,0.0,0.1431431431431431,0.0,0.0,0.005005005005005,0.0,0.5025025025025025,0.0,0.024024024024024,0.0,0.0,0.0980980980980981,0.0,0.0,0.2262262262262262,4.848710060119629,6.243555545806885,4.42287540435791,6.365662574768066,5.072231769561768,4.650565147399902,4.199918270111084,5.398497104644775,5.96794319152832,7.088466167449951,5.549116134643555,5.3948187828063965,4.458199501037598,0.2714734472859411,0.19764860317174363,0.43334891595778596,0.23570031278604234
A4_A5_train_1m,train,1m,True,414,1.0,0.8639999999999999,0.3325888211177756,0.2934163079002024,0.4675181169836038,0.4781311502323875,0.0543507327840085,5.09181979069343,0.0,0.0,0.0,0.0,0.096,0.105,0.041,0.0,0.426,0.0,0.0,0.301,0.031,0.0,0.0,0.0,0.0,5.222966194152832,5.686601638793945,6.295381546020508,5.278220176696777,1.9096063375473025,4.413527011871338,4.218000888824463,5.42918062210083,5.326428890228272,5.377546310424805,5.287432670593262,6.14227294921875,5.606492042541504,0.30754039965080726,0.2934163079002024,0.3563971414457581,0.06298083354555573
A4_A5_train_1m,train,1m,True,415,0.998,0.8597194388777554,0.4148636224360951,0.3612078802960374,0.4480984331874242,0.3813873730330767,0.170514193779499,5.052486749795767,0.003006012024048,0.0891783567134268,0.0,0.003006012024048,0.6533066132264529,0.032064128256513,0.0070140280561122,0.0,0.0190380761523046,0.0,0.1002004008016032,0.0771543086172344,0.003006012024048,0.0070140280561122,0.0,0.0,0.0060120240480961,5.318968772888184,4.507190704345703,5.479909420013428,4.781275749206543,2.1662721633911133,5.339566707611084,5.228296279907227,4.8837080001831055,5.354743957519531,5.954492092132568,5.455203056335449,5.926078796386719,5.286622047424316,0.3811108314597264,0.3576677178073173,0.4278797475452599,0.0702120297379426
A4_A5_train_1m,train,1m,True,416,1.001,0.918081918081918,0.4671637691474826,0.4424002130430429,0.3456221667829148,0.4239552403480844,0.2304225928690007,5.228025381381695,0.0689310689310689,0.0,0.0,0.0009990009990009,0.5374625374625375,0.0019980019980019,0.3116883116883116,0.0039960039960039,0.0,0.0149850149850149,0.0,0.0,0.0599400599400599,0.0,0.0,0.0,0.0,4.469718933105469,5.861780643463135,6.012916088104248,4.936502456665039,3.286349058151245,4.168359756469727,5.052253723144531,5.765276908874512,5.650725364685059,5.197297096252441,5.637674331665039,6.190370559692383,5.735105037689209,0.4519090742607328,0.44239343826675004,0.47048032352301333,0.028086885256263294
A4_A5_train_1m,train,1m,True,417,0.998,0.819639278557114,0.3050128995274352,0.2675932906939923,0.5010455993169344,0.4627222199781466,0.0362321807049188,4.965925161655132,0.1653306613226453,0.0100200400801603,0.0,0.0,0.0,0.0420841683366733,0.0300601202404809,0.0,0.6022044088176352,0.0060120240480961,0.0090180360721442,0.0130260521042084,0.0581162324649298,0.0110220440881763,0.0,0.0511022044088176,0.002004008016032,4.082001686096191,5.323818683624268,5.540677547454834,6.308666706085205,2.0547196865081787,4.395407676696777,4.121030807495117,5.548937797546387,5.800679683685303,5.055828094482422,5.481340408325195,5.335495471954346,5.5084228515625,0.2852166831142478,0.26203017821171765,0.3415606731597613,0.07953049494804365
A4_A5_train_1m,train,1m,True,418,0.999,1.0,0.0168242049436287,0.0168242049436287,0.9688301635493364,0.0286912630140696,0.0024785734365938,5.894948904330914,0.8918918918918918,0.0,0.0,0.0,0.0,0.0,0.0,0.0,0.006006006006006,0.0,0.045045045045045,0.057057057057057,0.0,0.0,0.0,0.0,0.0,3.665641069412232,6.092653751373291,6.259844779968262,6.269684314727783,5.62197208404541,6.146503925323486,5.623762130737305,5.254085540771484,5.859059810638428,7.83451509475708,5.70969820022583,6.496867656707764,5.800047397613525,0.016824204943628667,0.016824204943628667,0.016824204943628667,0.0
A4_A5_train_1m,train,1m,True,419,1.001,0.6783216783216783,0.3839361320896836,0.2792957432874102,0.4902312351885879,0.4609460430480039,0.0488227217634082,4.907001770459688,0.0009990009990009,0.0729270729270729,0.0089910089910089,0.1178821178821178,0.0,0.0149850149850149,0.0869130869130869,0.0029970029970029,0.5634365634365635,0.0,0.0269730269730269,0.0,0.0169830169830169,0.0,0.0829170829170829,0.0029970029970029,0.0009990009990009,4.949895858764648,4.716553211212158,4.542078971862793,6.281405448913574,2.3596279621124268,4.2162699699401855,4.157595157623291,5.27760648727417,5.787924766540527,5.569899559020996,4.838190078735352,5.515784740447998,5.578190803527832,0.32181794663713736,0.27929066220519055,0.42373220148740737,0.1444415392822168
A4_A5_train_1m,train,1m,True,420,1.0,0.7770000000000001,0.3769847343825074,0.3093245448272819,0.5266561017747229,0.3280387067959906,0.1453051914292866,5.029015962894146,0.0,0.01,0.0,0.013,0.0,0.056,0.479,0.002,0.0,0.0,0.0,0.298,0.003,0.0,0.085,0.04,0.014,5.933719158172607,5.207188606262207,5.056521892547607,5.941254615783691,2.055948495864868,3.950963020324707,4.938376903533936,5.402839183807373,5.424910068511963,6.028848171234131,4.841997623443604,5.405794620513916,5.188845157623291,0.33506279929941146,0.30932115405174737,0.4061230886152083,0.09680193456346092
A4_A5_train_1m,train,1m,True,421,1.0,0.545,0.1335711779552967,0.0755667075572009,0.8739119179176642,0.1010427490502695,0.0250453330320662,5.417145197208111,0.38,0.0,0.0,0.0,0.008,0.0,0.057,0.0,0.1,0.0,0.0,0.0,0.004,0.0,0.0,0.432,0.019,3.856677770614624,6.401585102081299,5.386610507965088,5.996656894683838,5.454947471618652,4.604061603546143,4.695160865783691,6.312888145446777,6.07061767578125,6.26305627822876,5.864835262298584,4.549074172973633,4.9667158126831055,0.12932052435534125,0.07556670755720095,0.3037770419856367,0.22821033442843575
A4_A5_train_1m,train,1m,True,422,1.0000000000000002,0.592,0.1842185017998712,0.1420092364385909,0.7499904870316686,0.2160005530594803,0.0340089599088507,4.96103495817918,0.0409999999999999,0.1899999999999999,0.0039999999999999,0.0,0.0059999999999999,0.0079999999999999,0.0389999999999999,0.0319999999999999,0.2169999999999999,0.0159999999999999,0.2779999999999999,0.0109999999999999,0.0289999999999999,0.0469999999999999,0.0,0.0009999999999999,0.0809999999999999,4.493218898773193,4.394268035888672,6.114992618560791,5.824385643005371,2.56801700592041,4.612361907958984,4.499506950378418,4.800240516662598,5.663136959075928,5.277926921844482,5.426973819732666,5.993569850921631,4.824855327606201,0.1878234200891261,0.11823286093062274,0.31617855306552317,0.19794569213490043
A4_A5_train_1m,train,1m,True,423,1.0,0.776,0.4971716065625972,0.4204378428579519,0.4081523288119442,0.3428196566602079,0.2490280145278479,5.655895123114953,0.0,0.062,0.0,0.095,0.0,0.0,0.77,0.0,0.0,0.0,0.0,0.006,0.0,0.067,0.0,0.0,0.0,5.907586574554443,4.914586544036865,4.771795272827148,6.588400840759277,5.385447502136231,3.793777942657471,5.015642166137695,5.983959674835205,6.19908332824707,7.323113918304443,5.818861961364746,5.859735488891602,5.964645385742188,0.4298886873459429,0.3866211992907004,0.49951876669257533,0.11289756740187495
A4_A5_train_1m,train,1m,True,424,0.998,0.2274549098196392,0.2981908532825674,0.0815122365152855,0.8638498883951349,0.1092757501791591,0.0268743614257059,4.899122439897978,0.0360721442885771,0.0,0.0090180360721442,0.0080160320641282,0.0150300601202404,0.0561122244488977,0.0551102204408817,0.033066132264529,0.0521042084168336,0.0,0.0,0.0691382765531062,0.0240480961923847,0.0130260521042084,0.0,0.2474949899799599,0.3817635270541082,4.495658874511719,5.967477798461914,4.755148410797119,5.688938617706299,2.0322201251983643,4.667466640472412,4.841166973114014,5.716617107391357,5.614279747009277,5.385120868682861,5.579790115356445,4.6818952560424805,4.262811183929443,0.16752957071494368,0.0748815891200813,0.4600074886724875,0.38512589955240617
A4_A5_train_1m,train,1m,True,425,0.998,0.7785571142284569,0.3606846291178878,0.328505663025913,0.491312973388883,0.3603627271704081,0.1483242994407089,4.995036235222449,0.0761523046092184,0.0671342685370741,0.0,0.001002004008016,0.0,0.0110220440881763,0.4018036072144288,0.003006012024048,0.1673346693386773,0.002004008016032,0.0490981963927855,0.0841683366733467,0.033066132264529,0.0801603206412825,0.002004008016032,0.001002004008016,0.0210420841683366,4.398210525512695,4.782915592193604,5.810553073883057,6.155989646911621,2.501916646957397,3.9631097316741934,4.463217735290527,5.223578929901123,5.654775142669678,5.260478496551514,5.2553887367248535,6.22883415222168,5.236502647399902,0.3335075053494703,0.28804156679881177,0.3932290649545074,0.10518749815569561
A4_A5_train_1m,train,1m,True,426,1.001,0.3906093906093905,0.4926115260689621,0.1977570296217319,0.7028057971076587,0.1988743465412185,0.0983198563511226,5.170091940806462,0.0069930069930069,0.0019980019980019,0.0,0.5614385614385614,0.3686313686313686,0.0339660339660339,0.0079920079920079,0.0,0.0,0.0,0.0,0.0069930069930069,0.0029970029970029,0.0039960039960039,0.0,0.0,0.0049950049950049,4.942922115325928,5.705700397491455,4.013508319854736,4.980464458465576,2.11085057258606,5.609896659851074,5.861208438873291,5.901319980621338,5.690310955047607,6.13833475112915,5.957354545593262,5.080233573913574,5.219090461730957,0.26801120965414993,0.1957401424153709,0.5017758308621018,0.30603568844673085
A4_A5_train_1m,train,1m,True,427,0.998,0.0501002004008016,0.0288549057898508,0.0577106091768972,0.9081676815932876,0.0682434184596303,0.023588899947082,5.257874892308162,0.001002004008016,0.0561122244488977,0.0,0.7374749498997996,0.0,0.0190380761523046,0.0,0.0,0.002004008016032,0.0,0.0440881763527054,0.003006012024048,0.001002004008016,0.0851703406813627,0.0511022044088176,0.0,0.0,5.261141777038574,4.745338439941406,3.939899444580078,6.257105350494385,2.24314546585083,6.669626712799072,6.008545398712158,5.19382905960083,5.85286808013916,6.579544544219971,5.028560161590576,5.065147399902344,5.507621765136719,0.14623344067590371,0.014722921813867005,0.4836622698291507,0.4689393480152837
A4_A5_train_1m,train,1m,True,428,1.0000000000000002,0.142,0.4248698045117176,0.071701817273481,0.8831716893310826,0.0902529867908724,0.0265753238780448,4.988566600359404,0.0,0.2759999999999999,0.0179999999999999,0.0679999999999999,0.0929999999999999,0.0299999999999999,0.0,0.0,0.0209999999999999,0.0019999999999999,0.0,0.0279999999999999,0.0019999999999999,0.0069999999999999,0.0249999999999999,0.0009999999999999,0.4289999999999999,5.626219272613525,4.235223770141602,4.537117004394531,5.344070911407471,2.165969133377075,5.821221828460693,5.242068767547607,5.467135429382324,5.57191801071167,6.181768894195557,5.064623355865479,5.33130407333374,4.262725353240967,0.18994146150235833,0.06816873510973818,0.49589521224066335,0.42772647713092515
A4_A5_train_1m,train,1m,True,429,1.0,0.408,0.4980766987696853,0.2049462872500784,0.7123361077327452,0.1654352100343525,0.1222286822329021,6.001700621384841,0.0,0.592,0.0,0.0,0.0,0.0,0.406,0.0,0.0,0.0,0.0,0.002,0.0,0.0,0.0,0.0,0.0,6.94798469543457,4.08446216583252,7.050154685974121,6.57780647277832,5.640525341033936,4.0767927169799805,5.238319396972656,5.73887300491333,6.15858268737793,7.554361343383789,5.806443214416504,7.040665626525879,6.1071367263793945,0.3155305505060052,0.20494628725007838,0.5037440930980316,0.29879780584795324
A4_A5_train_1m,train,1m,True,430,0.999,0.5275275275275275,0.3965906663365339,0.2245765055586675,0.5886540696918028,0.3735388494990595,0.0378070808091377,5.0852461228003865,0.0,0.004004004004004,0.002002002002002,0.013013013013013,0.051051051051051,0.0,0.011011011011011,0.045045045045045,0.4594594594594595,0.0,0.001001001001001,0.005005005005005,0.045045045045045,0.011011011011011,0.0,0.2092092092092092,0.1431431431431431,5.041747093200684,5.565832614898682,4.70695161819458,5.527244567871094,4.928049087524414,4.58638858795166,4.208943843841553,5.821796894073486,5.698617458343506,5.167253494262695,5.554545879364014,4.768353462219238,4.532474994659424,0.27639665366449623,0.2189425929392107,0.44906314430365696,0.23012055136444626
A4_A5_train_1m,train,1m,True,431,1.001,0.3616383616383616,0.3409315420408096,0.1573720101430837,0.7046731555622456,0.2759096685893414,0.019417175848413,4.967501548620371,0.0499500499500499,0.0009990009990009,0.0,0.1428571428571428,0.0249750249750249,0.0079920079920079,0.0,0.0,0.2867132867132867,0.0,0.0,0.0,0.1728271728271728,0.0009990009990009,0.0019980019980019,0.3096903096903097,0.0009990009990009,4.364801406860352,5.99787712097168,4.204079627990723,5.737418174743652,2.599745512008667,5.211972713470459,4.383703708648682,6.073709487915039,5.843025207519531,4.756647109985352,5.371259689331055,4.62899112701416,5.404289245605469,0.23181969518636458,0.1568677883414934,0.4473582100087641,0.2904904216672707
A4_A5_train_1m,train,1m,True,432,1.0,0.876,0.1798236514522821,0.1659503004056351,0.6702482673760024,0.3276028644367249,0.0021488681872727,5.407969749890841,0.0,0.003,0.0,0.0,0.0,0.06,0.0,0.0,0.0,0.0,0.0,0.876,0.045,0.0,0.0,0.0,0.016,6.998869895935059,5.176718711853027,6.476058006286621,5.6456828117370605,2.0012528896331787,6.278384685516357,5.985635757446289,5.213203430175781,5.098790645599365,5.331248760223389,5.204738616943359,5.819367408752441,5.073655128479004,0.17962175471729958,0.1659503004056351,0.22047411867219913,0.05452381826656402
A4_A5_train_1m,train,1m,True,433,1.0,0.456,0.0966594368026677,0.0619150676584783,0.8960342457534902,0.0841013731760626,0.0198643810704469,5.276859686924861,0.265,0.093,0.001,0.0,0.0,0.0,0.036,0.0,0.0,0.006,0.017,0.138,0.002,0.028,0.0,0.412,0.002,4.011447429656982,4.574044704437256,5.513064861297607,5.963185787200928,5.529353141784668,4.995176315307617,5.449742317199707,5.274106502532959,5.517186164855957,6.463050365447998,5.502408981323242,4.568106174468994,5.238303184509277,0.12374154156315903,0.047782739003507525,0.32023830318201646,0.2724555641785089
A4_A5_train_1m,train,1m,True,434,1.0,0.647,0.1255475966718257,0.1035697279915327,0.8342507444377597,0.1243590551414147,0.0413902004208254,4.836559809171236,0.347,0.044,0.001,0.007,0.001,0.018,0.101,0.001,0.067,0.0,0.117,0.014,0.038,0.026,0.006,0.21,0.002,3.921776294708252,4.851618766784668,4.903517723083496,6.082503318786621,2.2904367446899414,4.497546672821045,4.752224445343018,5.030079364776611,5.76362419128418,5.276257038116455,5.233946800231934,4.8485941886901855,5.423151969909668,0.13957932198169082,0.09044515599557833,0.26042974504667127,0.16998458905109293
A4_A5_train_1m,train,1m,True,435,1.0,0.001,0.0029239766081871,0.0046176689876946,0.9931379594588836,0.0044887431068432,0.002373297434273,6.334114698263315,0.0,0.0,0.0,0.999,0.0,0.0,0.0,0.0,0.0,0.0,0.001,0.0,0.0,0.0,0.0,0.0,0.0,5.800971984863281,6.672493934631348,3.839930534362793,6.5865397453308105,5.815310001373291,8.275137901306152,7.356931209564209,6.179332733154297,6.410546779632568,8.495198249816895,6.340561866760254,4.968907356262207,5.60162878036499,0.12262609826445169,0.004617668987694625,0.5071452739766082,0.5025276049889136
A4_A5_train_1m,train,1m,True,436,1.001,0.8131868131868132,0.4419240067819016,0.3604595762874851,0.4586921279721673,0.3616965914806954,0.1796112805471374,5.860291627737192,0.0,0.1608391608391608,0.0,0.0249750249750249,0.7072927072927073,0.0,0.0,0.0,0.0,0.0,0.1058941058941059,0.0,0.0,0.0009990009990009,0.0,0.0,0.0,6.583149433135986,4.347465515136719,4.941177845001221,4.766026020050049,5.852208137512207,7.22591495513916,6.798583030700684,4.877891540527344,5.632714748382568,8.00729751586914,5.772973537445068,5.792938709259033,5.585450172424316,0.39325508802212683,0.3599553544858948,0.45420248903143634,0.09424713454554157
A4_A5_train_1m,train,1m,True,437,1.0,0.8460000000000001,0.2146312321071377,0.182260582884416,0.741909396114052,0.1516600420030637,0.1064305618828841,5.229294428458581,0.442,0.017,0.0,0.117,0.047,0.001,0.309,0.019,0.003,0.0,0.045,0.0,0.0,0.0,0.0,0.0,0.0,3.888458490371704,5.171818733215332,4.5583815574646,5.652670383453369,4.002662181854248,4.154731273651123,5.039878845214844,5.277353286743164,5.995447635650635,7.125418663024902,5.745564937591553,5.649895668029785,5.718545913696289,0.20126263159957963,0.18222837051683774,0.2597561223626385,0.07752775184580077
A4_A5_train_1m,train,1m,True,438,1.001,0.6313686313686313,0.2788420122680454,0.2038427524746146,0.6938323815634644,0.2046497319238419,0.1015178865126936,4.912032475838294,0.2157842157842157,0.0099900099900099,0.0,0.0699300699300699,0.0,0.1438561438561438,0.3136863136863136,0.0129870129870129,0.0,0.0,0.0,0.1018981018981018,0.0639360639360639,0.0219780219780219,0.0219780219780219,0.0219780219780219,0.0019980019980019,4.113150596618652,5.312324523925781,4.663310050964356,6.16813850402832,1.920968770980835,4.139989376068115,4.976232051849365,5.675570011138916,5.660961627960205,5.106928825378418,5.123427391052246,5.465445518493652,5.529974937438965,0.2380661157793859,0.192727854816678,0.36318781393946487,0.17045995912278686
A4_A5_train_1m,train,1m,True,439,0.999,0.5805805805805806,0.3560427972798367,0.2231443529507281,0.6723409975711659,0.2090292989562117,0.1186297034726223,5.155846769993122,0.005005005005005,0.1831831831831832,0.015015015015015,0.0,0.018018018018018,0.1311311311311311,0.3593593593593593,0.03003003003003,0.002002002002002,0.026026026026026,0.102102102102102,0.0940940940940941,0.0,0.02002002002002,0.001001001001001,0.013013013013013,0.0,5.306111812591553,4.42251443862915,5.990163326263428,5.680471897125244,1.9334782361984253,4.094286918640137,5.022796630859375,5.014059543609619,5.628658294677734,7.238528251647949,5.299432277679443,5.691247463226318,5.704258918762207,0.27657359663288955,0.21298881531223512,0.4196298022245297,0.2066409869122946
A4_A5_train_1m,train,1m,True,440,0.999,0.3323323323323323,0.3727423417346425,0.1276731273408647,0.7586872961717239,0.2272791529748226,0.0140335508534533,5.038766714242788,0.011011011011011,0.027027027027027,0.005005005005005,0.1951951951951952,0.0,0.06006006006006,0.001001001001001,0.0,0.3203203203203203,0.004004004004004,0.0,0.0,0.0,0.001001001001001,0.0,0.1131131131131131,0.2622622622622623,4.612732410430908,5.006150245666504,4.207955837249756,6.345605373382568,1.9945387840271,4.888962745666504,4.351675033569336,5.927206516265869,5.980244159698486,7.339488506317139,5.634166240692139,4.838749408721924,4.376492023468018,0.2074188460128087,0.1271678960862182,0.46281582327918047,0.33564792719296227
A4_A5_train_1m,train,1m,True,441,1.0,0.668,0.4083895846063242,0.29095969653637,0.5456493411118374,0.3267819247035854,0.127568734184577,5.302644949692946,0.031,0.0,0.0,0.0,0.492,0.0,0.005,0.0,0.0,0.008,0.027,0.113,0.083,0.001,0.001,0.239,0.0,4.646247386932373,5.609516620635986,5.772938251495361,4.8508501052856445,5.712298393249512,5.682497501373291,5.752960205078125,5.115424156188965,5.329930305480957,5.07405948638916,5.274806976318359,4.723210334777832,5.389644622802734,0.32965726230431114,0.29045497051297814,0.44134404251702464,0.1508890720040465
A4_A5_train_1m,train,1m,True,442,0.999,0.2252252252252252,0.4938564804138951,0.1193428990132829,0.816420651253965,0.1284728994655041,0.0551064492805308,4.949524090840266,0.003003003003003,0.019019019019019,0.0,0.1341341341341341,0.2092092092092092,0.052052052052052,0.0,0.013013013013013,0.013013013013013,0.0,0.0,0.0,0.008008008008008,0.0,0.019019019019019,0.4304304304304304,0.0990990990990991,5.112617015838623,5.000236988067627,4.14233922958374,5.124039173126221,2.0412256717681885,6.045031547546387,5.39846658706665,5.64506196975708,5.680864334106445,5.914718627929688,5.15390682220459,4.498696804046631,4.586608409881592,0.21103839011282466,0.11932083691020524,0.5045433514445709,0.3852225145343656
A4_A5_train_1m,train,1m,True,443,0.999,0.4674674674674675,0.161245464180585,0.0941682672390924,0.8169185096019174,0.1778264463179802,0.0052550440801022,5.054934795086201,0.1611611611611611,0.2712712712712712,0.002002002002002,0.023023023023023,0.002002002002002,0.0,0.0,0.002002002002002,0.092092092092092,0.0,0.0,0.2122122122122122,0.008008008008008,0.0,0.089089089089089,0.007007007007007,0.1301301301301301,4.110231876373291,4.232210159301758,4.8323493003845215,5.727710247039795,5.396133899688721,5.394773960113525,4.70098876953125,5.301606178283691,5.38071346282959,5.7434844970703125,4.770346641540527,5.510488033294678,4.613115310668945,0.17551687908108815,0.09416487306938805,0.3457171489212544,0.25155227585186635
A4_A5_train_1m,train,1m,True,444,1.0,0.997,0.1794721884892393,0.1789425438535962,0.6442871947593544,0.3535405227740991,0.0021722824665467,5.759063757382906,0.002,0.003,0.0,0.0,0.0,0.0,0.0,0.0,0.0,0.0,0.0,0.995,0.0,0.0,0.0,0.0,0.0,5.64333963394165,5.1033806800842285,6.275296688079834,5.596747398376465,5.644503116607666,6.631275653839111,6.01814079284668,5.172857761383057,5.12042760848999,7.311055183410644,5.176417350769043,5.799112319946289,5.375274658203125,0.17950293707955525,0.17894254385359618,0.1804567219237716,0.001514178070175426
A4_A5_train_1m,train,1m,True,445,1.003,0.234297108673978,0.358918975820248,0.0940856787792781,0.8504477887547015,0.1109330649320401,0.038619146313258,4.95904712493603,0.011964107676969,0.3469591226321036,0.0,0.0019940179461615,0.0,0.1894317048853439,0.1166500498504486,0.0,0.032901296111665,0.0,0.0,0.0727816550348953,0.0209371884346959,0.0059820538384845,0.003988035892323,0.0,0.1964107676969092,4.892921447753906,4.199955463409424,5.6462225914001465,6.145896911621094,1.8706234693527224,4.486689567565918,4.910102844238281,5.51133918762207,5.61897087097168,5.484919548034668,5.245795249938965,5.91038703918457,4.543788433074951,0.20326207809249278,0.09106638053366406,0.4728027510645644,0.3817363705309003
A4_A5_train_1m,train,1m,True,446,1.001,0.4235764235764236,0.2276612499825684,0.1184270968771915,0.8187375124783646,0.1256707812888877,0.0555917062327476,5.325273202015803,0.2357642357642357,0.4025974025974027,0.0,0.0,0.1878121878121878,0.1078921078921079,0.0,0.0,0.0,0.0129870129870129,0.0,0.0,0.0039960039960039,0.0279720279720279,0.0169830169830169,0.0,0.0039960039960039,4.067515850067139,4.132992267608643,6.312550067901611,5.214938163757324,1.9270250797271729,6.954474449157715,6.418799877166748,5.46959400177002,5.730238914489746,6.039298057556152,5.189655780792236,6.279129981994629,5.492339134216309,0.20344784889565518,0.10430888643266516,0.3890533666259829,0.2847444801933177
A4_A5_train_1m,train,1m,True,447,1.001,0.3406593406593406,0.2477943963457403,0.0909791796462426,0.8436097600468442,0.1308221206138258,0.0255681193393296,5.274159523156973,0.0,0.0099900099900099,0.0519480519480519,0.0029970029970029,0.0009990009990009,0.0009990009990009,0.0719280719280719,0.0,0.0,0.0,0.0009990009990009,0.2667332667332667,0.0009990009990009,0.0069930069930069,0.0,0.4935064935064934,0.0919080919080918,6.73659610748291,5.128331661224365,4.947035789489746,5.770112037658691,3.9287359714508057,4.737759590148926,5.400656223297119,5.4535651206970215,5.387251853942871,6.591578960418701,5.425288200378418,4.46330451965332,4.593857765197754,0.16831399976892633,0.08744962703511093,0.41912776139250446,0.3316781343573935
A4_A5_train_1m,train,1m,True,448,0.999,0.3923923923923924,0.3842091519180285,0.1540880569513965,0.7523737009631941,0.1870764841708184,0.0605498148659873,5.06376838684082,0.0,0.1771771771771771,0.021021021021021,0.006006006006006,0.2302302302302302,0.054054054054054,0.0,0.0,0.023023023023023,0.003003003003003,0.0,0.1391391391391391,0.0,0.001001001001001,0.0,0.2222222222222222,0.1231231231231231,5.6072998046875,4.329135894775391,4.883429527282715,5.046178340911865,2.0234298706054688,5.772294998168945,5.210831165313721,5.336911678314209,5.428135395050049,7.445510864257812,5.46649694442749,4.721635818481445,4.557698726654053,0.23728537426843324,0.15358282569675008,0.45921275030216924,0.30562992460541916
A4_A5_train_1m,train,1m,True,449,1.001,0.5274725274725275,0.2846452640532309,0.1528504212097201,0.7437305420630516,0.206838073454457,0.0494313844824916,5.247996366941012,0.0,0.0,0.0029970029970029,0.1598401598401598,0.0819180819180819,0.0,0.0889110889110889,0.0,0.0,0.0,0.0,0.3566433566433566,0.0029970029970029,0.0,0.0,0.3066933066933067,0.0,5.782568454742432,5.616300106048584,4.1830573081970215,5.252102375030518,5.502833366394043,4.641533851623535,5.292159080505371,5.355354309082031,5.296535491943359,6.102347373962402,5.2729010581970215,4.61761999130249,5.308640003204346,0.20871116251867283,0.15285042120972003,0.39002112829181396,0.23717070708209392
A4_A5_train_1m,train,1m,True,450,0.999,0.998998998998999,0.4817219768006481,0.4812443966080303,0.2942611081932278,0.4489889903974836,0.2567499014092885,5.777711996665368,0.003003003003003,0.0,0.001001001001001,0.0,0.0850850850850851,0.0,0.7617617617617618,0.0,0.1491491491491491,0.0,0.0,0.0,0.0,0.0,0.0,0.0,0.0,5.197357177734375,6.341883182525635,6.584165573120117,5.618814945220947,5.188608169555664,3.736741304397583,4.452186107635498,6.098877429962158,6.063680171966553,7.332191467285156,5.728965759277344,6.657983303070068,6.108801364898682,0.48138017937533784,0.48124439660803026,0.4817479307778246,0.0005035341697943174
A4_A5_train_1m,train,1m,True,451,1.0,0.595,0.4198110107150308,0.2572578937156743,0.6344370830956398,0.2166100463773716,0.1489528705269885,5.305993015949543,0.09,0.0,0.0,0.001,0.001,0.116,0.48,0.0,0.023,0.0,0.0,0.001,0.001,0.011,0.002,0.003,0.271,4.349031925201416,6.507342338562012,5.742165565490723,6.494049549102783,1.9521421194076536,3.961137533187866,4.806986808776856,6.242775917053223,6.273590087890625,6.7054443359375,5.623368263244629,5.8371195793151855,4.482755184173584,0.2998410126882367,0.2517059074583643,0.45538580137544343,0.20367989391707914
A4_A5_train_1m,train,1m,True,452,0.999,0.3223223223223223,0.0061815713183952,0.0057480483938848,0.991023149930799,0.0064576033506323,0.0025192467185686,5.576637203876789,0.3213213213213213,0.045045045045045,0.0,0.5095095095095096,0.001001001001001,0.1191191191191191,0.0,0.0,0.0,0.004004004004004,0.0,0.0,0.0,0.0,0.0,0.0,0.0,3.954290628433228,4.881842136383057,4.047090530395508,6.285062313079834,1.912229895591736,7.256685733795166,6.815146446228027,6.112508296966553,6.267984390258789,8.077376365661621,6.180108547210693,5.132742404937744,5.573215961456299,0.08684205953816297,0.005748048393884775,0.3460155314960193,0.34026748310213456
A4_A5_train_1m,train,1m,True,453,1.0,0.825,0.5011577688799819,0.4302416253180744,0.3774135169719946,0.3846897154198617,0.2378967676081437,5.505244493484497,0.0,0.071,0.0,0.0,0.218,0.0,0.606,0.0,0.0,0.0,0.001,0.0,0.004,0.0,0.088,0.0,0.012,6.59527063369751,4.748709678649902,6.595398426055908,5.254741191864014,5.387916088104248,3.864640951156616,4.982828140258789,5.502986907958984,5.728396892547607,6.191890716552734,4.9524126052856445,6.401106357574463,5.361879825592041,0.45550048249421676,0.4302416253180744,0.502293909325985,0.07205228400791064
A4_A5_train_1m,train,1m,True,454,0.999,0.4214214214214214,0.3903525526093859,0.174369590556225,0.7352573616173526,0.1807460956528446,0.0839965427298027,5.030335224591768,0.0,0.086086086086086,0.038038038038038,0.01001001001001,0.0,0.003003003003003,0.2722722722722723,0.049049049049049,0.008008008008008,0.0,0.0,0.1411411411411411,0.036036036036036,0.001001001001001,0.003003003003003,0.3503503503503503,0.002002002002002,6.032599925994873,4.640280246734619,4.7777628898620605,5.99724817276001,3.2062413692474365,4.193691730499268,4.975154876708984,5.517831802368164,5.504434585571289,5.372091770172119,5.229854583740234,4.6390228271484375,5.308143138885498,0.2479210654289872,0.1737812021438243,0.45821834299154285,0.28443714084771854
A4_A5_train_1m,train,1m,True,455,1.0,0.482,0.0819486152023499,0.0459088207750733,0.9250217102218738,0.0581389380061054,0.0168393517720206,5.263978536312397,0.0,0.421,0.0,0.04,0.0,0.029,0.051,0.001,0.032,0.0,0.396,0.003,0.0,0.0,0.027,0.0,0.0,5.832964897155762,4.1548357009887695,4.993048667907715,6.249515056610107,2.245844602584839,4.844484329223633,5.09686803817749,4.70815372467041,5.883111476898193,7.567958831787109,5.0753936767578125,5.992115497589111,5.787426471710205,0.13539461282622364,0.04590712538730607,0.3024619325275326,0.25655480714022655
A4_A5_train_1m,train,1m,True,456,1.001,0.0469530469530469,0.1798236514522821,0.0144707839312571,0.9717746208508732,0.0275091904357385,0.0007161887133878,5.485509193860567,0.0,0.6573426573426573,0.0,0.2427572427572427,0.0,0.0009990009990009,0.0,0.0,0.0,0.0,0.0,0.0469530469530469,0.0159840159840159,0.0,0.0,0.0,0.0359640359640359,6.070656776428223,3.978206634521485,4.302952766418457,6.108303070068359,3.9603288173675537,7.304154396057129,6.724170207977295,5.487372875213623,5.644515037536621,5.777092933654785,5.652141571044922,5.34791374206543,4.953810691833496,0.17215819711367367,0.01447078393125704,0.4922575540641929,0.47778677013293586
A4_A5_train_1m,train,1m,True,457,1.001,0.5614385614385614,0.0206612498149277,0.013960712728337,0.9749727056054608,0.0221331633324043,0.0028941310621348,5.417599476300753,0.4935064935064934,0.0059940059940059,0.0559440559440559,0.3146853146853146,0.0,0.0,0.0019980019980019,0.0059940059940059,0.0,0.0,0.0199800199800199,0.0459540459540459,0.0019980019980019,0.0,0.0,0.0509490509490509,0.0029970029970029,3.815529108047485,5.429760456085205,4.109123229980469,6.176830768585205,5.379638671875,6.066825866699219,6.048325061798096,5.404883861541748,5.751405715942383,6.46125602722168,5.58897590637207,4.910610675811768,5.285627841949463,0.06704770277065103,0.013950550563897709,0.23423573665932973,0.22028518609543202
A4_A5_train_1m,train,1m,True,458,0.999,0.7667667667667667,0.4867849173951941,0.3900748462410381,0.4479396238074294,0.3239710599030645,0.2280893162895058,5.454484902895414,0.0,0.1641641641641641,0.0,0.013013013013013,0.008008008008008,0.0,0.7277277277277276,0.0,0.0,0.0,0.0,0.031031031031031,0.014014014014014,0.027027027027027,0.0,0.0,0.015015015015015,6.265764236450195,4.553928375244141,5.385609149932861,6.02976655960083,5.507327556610107,3.8188939094543457,4.976113319396973,5.722446918487549,5.849402904510498,5.604549407958984,5.627470016479492,6.178955554962158,5.388075828552246,0.4202897233474077,0.3764336023655837,0.4916513480727914,0.11521774570720772
A4_A5_train_1m,train,1m,True,459,1.0,0.7130000000000001,0.1328816509101981,0.0976099147275401,0.8074036086766855,0.1899729531915489,0.0026234381317656,5.288934634282039,0.013,0.022,0.003,0.25,0.002,0.001,0.001,0.0,0.001,0.0,0.183,0.513,0.0,0.0,0.009,0.002,0.0,4.887962341308594,4.829727649688721,4.254770755767822,5.566000461578369,4.2292327880859375,6.18474006652832,5.838155269622803,4.7859086990356445,5.268774509429932,7.357034683227539,4.9603190422058105,5.242706298828125,5.350817680358887,0.13302858277026317,0.09760991472754012,0.24044016709897123,0.1428302523714311
A4_A5_train_1m,train,1m,True,460,1.0,0.935,0.2094145103976011,0.195997711864591,0.6316627763675534,0.344679023535711,0.0236582000967355,5.500341011927678,0.003,0.007,0.0,0.0,0.086,0.001,0.0,0.002,0.0,0.0,0.0,0.846,0.0,0.0,0.0,0.0,0.055,5.369075298309326,5.005438804626465,6.175848484039307,5.124509811401367,4.106558322906494,6.441728591918945,5.971763610839844,5.180827617645264,5.142205715179443,7.274403095245361,5.205584526062012,5.710737228393555,4.795752048492432,0.20415934465187588,0.19599432108905646,0.22879981722175702,0.03280549613270056
A4_A5_train_1m,train,1m,True,461,1.001,0.9850149850149852,0.2148833066152407,0.2117291109018229,0.6360309241574882,0.3044799298813779,0.059489145961134,5.305441599625808,0.1348651348651348,0.0009990009990009,0.0119880119880119,0.0,0.0,0.0009990009990009,0.1918081918081918,0.0,0.0,0.0,0.0179820179820179,0.6403596403596404,0.0,0.0,0.0,0.0,0.0009990009990009,4.256266117095947,5.407951354980469,5.910158157348633,5.732260704040527,4.157074928283691,4.331719398498535,5.040685653686523,5.124053001403809,5.284790992736816,7.29680871963501,5.267833709716797,5.760101318359375,5.401036739349365,0.21376139009471745,0.21172911090182292,0.21927041990272447,0.007541309000901553
A4_A5_train_1m,train,1m,True,462,1.0,0.377,0.0915313740337205,0.044174701131095,0.917781222388578,0.0760881529606539,0.006130624650768,5.101687339635996,0.001,0.439,0.029,0.068,0.019,0.012,0.002,0.006,0.0,0.0,0.226,0.129,0.038,0.0,0.005,0.026,0.0,5.732804298400879,4.105599880218506,4.60750150680542,5.552296161651611,2.44948410987854,6.158680438995361,6.044579982757568,4.80322790145874,5.427704811096191,5.451014995574951,5.135637283325195,5.293679237365723,5.559724807739258,0.1479641309797432,0.044164528804491385,0.3507732780107126,0.3066087492062212
A4_A5_train_1m,train,1m,True,463,1.0,0.44,0.3728759430403621,0.1666200466204398,0.6843305849143625,0.2980987369303952,0.0175706781552421,5.435612165010893,0.0,0.0,0.0,0.012,0.0,0.0,0.0,0.003,0.414,0.0,0.0,0.026,0.0,0.0,0.0,0.526,0.019,5.086912155151367,6.213994026184082,4.605612754821777,6.203928470611572,5.1114606857299805,5.180278301239014,4.247862339019775,5.920554161071777,5.800387382507324,7.304583549499512,5.598286151885986,4.454410076141357,4.934688091278076,0.2327366667884535,0.16661496045713797,0.44834941493775937,0.2817344544806214
A4_A5_train_1m,train,1m,True,464,1.001,0.2777222777222777,0.1839055579305002,0.0998136933480752,0.8475272193776258,0.1053181745485982,0.047154606073776,5.392031669616699,0.1328671328671329,0.0,0.0,0.6263736263736265,0.0049950049950049,0.0,0.0699300699300699,0.0,0.0019980019980019,0.0,0.0,0.0679320679320679,0.0,0.0899100899100899,0.0009990009990009,0.0049950049950049,0.0,4.189034938812256,6.110116958618164,3.995311737060547,5.89476203918457,5.378580093383789,4.743282794952393,5.300909996032715,5.86265754699707,5.738576412200928,6.819346904754639,5.551863193511963,5.022156715393066,5.48981237411499,0.15659137229775486,0.054433731204955,0.4177389561485304,0.3633052249435754
A4_A5_train_1m,train,1m,True,465,1.0,1.0,0.4967660606043782,0.4967660606043782,0.3048232147923703,0.3968214492065028,0.2983553360011268,6.246409948055561,0.0,0.0,0.0,0.0,0.0,0.0,0.991,0.0,0.0,0.0,0.0,0.009,0.0,0.0,0.0,0.0,0.0,6.535306930541992,6.696597576141357,7.1350297927856445,6.910853862762451,5.370954513549805,3.687921762466431,4.983170509338379,6.233344554901123,6.380162715911865,7.389928340911865,5.844550609588623,7.443771839141846,6.591736316680908,0.49676606060437817,0.49676606060437817,0.49676606060437817,0.0
A4_A5_train_1m,train,1m,True,466,0.998,0.3426853707414829,0.1269194606027832,0.0465412146598485,0.9229392568543324,0.0610390569716374,0.0160216861740298,4.991350669127244,0.2454909819639278,0.2665330661322645,0.0,0.0300601202404809,0.0,0.1102204408817635,0.0430861723446893,0.001002004008016,0.0541082164328657,0.002004008016032,0.0,0.0,0.003006012024048,0.0,0.0,0.0,0.2444889779559118,4.002506256103516,4.288987159729004,4.814638614654541,6.451815128326416,1.9306299686431885,4.77829122543335,4.885862350463867,5.790686130523682,6.027515888214111,6.050642967224121,5.760786056518555,5.647247314453125,4.457949638366699,0.14079854666416877,0.04653951587451049,0.3771792139540598,0.3306396980795493
A4_A5_train_1m,train,1m,True,467,1.001,0.1398601398601398,0.076993093520624,0.0188966219251127,0.9676794645501506,0.0268478270494732,0.0054727084003761,5.219642088963435,0.0139860139860139,0.6463536463536463,0.0,0.0,0.0179820179820179,0.1058941058941058,0.0009990009990009,0.0529470529470529,0.0019980019980019,0.0009990009990009,0.1048951048951048,0.0,0.0149850149850149,0.0,0.0139860139860139,0.0249750249750249,0.0,4.9350128173828125,3.986933469772339,6.24171781539917,5.696924209594727,1.9275133609771729,6.294578552246094,5.983438491821289,4.929960250854492,5.772108554840088,5.598513603210449,5.1700439453125,5.584389686584473,5.734212398529053,0.16200108375501712,0.018806856139232886,0.44741826482805896,0.4286114086888261
A4_A5_train_1m,train,1m,True,468,1.0,1.0,0.4740664426214013,0.4740664426214013,0.2959784982538231,0.4599101182495511,0.2441113834966257,5.8366319583012505,0.015,0.0,0.0,0.0,0.167,0.0,0.648,0.0,0.17,0.0,0.0,0.0,0.0,0.0,0.0,0.0,0.0,4.904253959655762,6.28438138961792,6.818355560302734,5.42385721206665,5.306197166442871,4.013052940368652,4.503335952758789,6.193831443786621,6.023817539215088,7.807405948638916,5.684819221496582,6.787547588348389,6.125359535217285,0.4740664426214012,0.4740664426214012,0.4740664426214012,0.0
A4_A5_train_1m,train,1m,True,469,1.0,0.7290000000000001,0.1262164164964949,0.0946087651783172,0.8569837990876473,0.0968148714680706,0.0462013294442819,5.090020106388972,0.509,0.06,0.0,0.0,0.001,0.006,0.146,0.015,0.015,0.0,0.0,0.058,0.01,0.0,0.0,0.0,0.18,3.821445941925049,4.784838676452637,5.947858810424805,6.054779052734375,2.702115058898926,4.431759357452393,4.966282844543457,5.72496223449707,5.718807220458984,5.901360988616943,5.620977878570557,5.924731731414795,4.57034158706665,0.1305186858752906,0.09458333436180812,0.22958491762594485,0.13500158326413675
A4_A5_train_1m,train,1m,True,470,0.996,0.716867469879518,0.0589775225829695,0.0724569691148928,0.8750572207459107,0.1049716202783924,0.0199711589756966,5.082184608166035,0.3052208835341365,0.0451807228915662,0.001004016064257,0.038152610441767,0.0,0.0,0.0080321285140562,0.003012048192771,0.0933734939759036,0.001004016064257,0.3102409638554216,0.0,0.0190763052208835,0.0502008032128514,0.001004016064257,0.1244979919678714,0.0,3.950657367706299,4.824036121368408,4.589230060577393,6.334172248840332,4.539058208465576,5.05405330657959,4.768784999847412,4.7996368408203125,5.919779300689697,5.429555416107178,5.34654712677002,4.996601104736328,5.516287803649902,0.09297742570639636,0.047114210748534883,0.1860112963094779,0.13889708556094302
A4_A5_train_1m,train,1m,True,471,1.001,0.3146853146853146,0.3823003672983687,0.1280039386150131,0.7995828763777033,0.1448263700145666,0.0555907536077298,5.141508432535025,0.0409590409590409,0.5354645354645354,0.0,0.0009990009990009,0.0109890109890109,0.0,0.1638361638361638,0.0009990009990009,0.0829170829170829,0.0,0.0119880119880119,0.0039960039960039,0.0129870129870129,0.0,0.0189810189810189,0.0219780219780219,0.0939060939060938,4.541354656219482,4.087581157684326,5.54692268371582,5.860666275024414,5.359763145446777,4.340141296386719,4.717194557189941,5.3252854347229,5.782476902008057,5.844870090484619,5.12675666809082,5.534567356109619,4.772029399871826,0.2457018259611795,0.12800224492093978,0.4682043113875982,0.3402020664666584
A4_A5_train_1m,train,1m,True,472,1.001,0.843156843156843,0.1481025773894191,0.1737318716738727,0.7086255826136673,0.2352850914249196,0.0560893259614128,5.559896487456101,0.0009990009990009,0.0009990009990009,0.0039960039960039,0.0009990009990009,0.1248751248751248,0.0409590409590409,0.0,0.0039960039960039,0.0,0.0009990009990009,0.3816183816183816,0.3356643356643356,0.0,0.0929070929070929,0.0069930069930069,0.0049950049950049,0.0,5.87486457824707,5.489416599273682,5.927030563354492,5.216517448425293,2.195587396621704,7.026896953582764,6.401721000671387,4.732054710388184,5.372062206268311,7.451639175415039,5.11536169052124,5.824573993682861,5.650928020477295,0.16210439481090733,0.12683246934968911,0.20449513018648283,0.07766266083679371
A4_A5_train_1m,train,1m,True,473,1.001,0.0779220779220779,0.4751991758643565,0.0735941623555216,0.8879481092661403,0.0769154567566759,0.0351364339771837,5.452413852398212,0.0049950049950049,0.1078921078921078,0.0,0.2297702297702297,0.0709290709290709,0.0,0.0019980019980019,0.0009990009990009,0.0,0.0009990009990009,0.0,0.0,0.0,0.0589410589410589,0.0159840159840159,0.4275724275724275,0.0799200799200799,5.051814556121826,4.527820110321045,4.058934688568115,5.417558670043945,5.796866416931152,6.337335109710693,6.2695183753967285,5.595459938049316,5.870684623718262,7.574590682983398,5.238816261291504,4.496314525604248,4.645666122436523,0.17123619584075286,0.043843382367625215,0.5051213643530665,0.46127798198544134
A4_A5_train_1m,train,1m,True,474,1.001,0.95004995004995,0.2001449998084887,0.20964450081334,0.6268410843986298,0.3270288295760601,0.0461300860253099,5.464592860295222,0.1418581418581418,0.0029970029970029,0.0029970029970029,0.0,0.1368631368631368,0.0,0.0,0.0,0.0,0.0,0.0039960039960039,0.6673326673326673,0.0009990009990009,0.0379620379620379,0.0,0.0049950049950049,0.0,4.201425075531006,5.22691535949707,5.774718284606934,5.086131095886231,5.420075416564941,6.410722732543945,5.917154788970947,5.152381420135498,5.179822444915772,6.4764556884765625,5.1627197265625,5.654714107513428,5.376471042633057,0.20375007721872943,0.19048407235291148,0.21550488992794462,0.025020817575033133
A4_A5_train_1m,train,1m,True,475,1.001,0.7732267732267731,0.1074215436165621,0.0985599738764212,0.8071480106733028,0.1885840309005518,0.0042679584261453,5.070542518909161,0.3246753246753247,0.0269730269730269,0.0,0.0,0.0069930069930069,0.0729270729270729,0.0009990009990009,0.0259740259740259,0.0019980019980019,0.0,0.0119880119880119,0.4265734265734265,0.0829170829170829,0.0,0.0,0.0,0.0179820179820179,3.9583117961883545,4.846047878265381,6.051933288574219,5.588679790496826,1.9934861660003664,6.042580604553223,5.642630577087402,5.19951057434082,5.292444229125977,5.022175312042236,5.229632377624512,5.962066650390625,5.08755350112915,0.1252054596508579,0.0985159378305178,0.19818264211710168,0.09966670428658388
A4_A5_train_1m,train,1m,True,476,1.001,0.6523476523476525,0.3307009457026947,0.2173379184280923,0.5957454760722554,0.3738332109993048,0.0304213129284399,5.3017718975360575,0.0,0.0,0.0,0.1028971028971029,0.0379620379620379,0.0,0.0,0.0059940059940059,0.5094905094905096,0.0,0.1048951048951049,0.0,0.0,0.0,0.0,0.2387612387612387,0.0,4.970915794372559,6.057160377502441,4.292214393615723,5.56614875793457,5.086600303649902,5.03098201751709,4.191709041595459,5.03373908996582,5.794203281402588,7.235206604003906,5.469729900360107,4.718608379364014,5.47581672668457,0.25829784289579893,0.21732775626365308,0.39221769984401555,0.17488994358036247
A4_A5_train_1m,train,1m,True,477,0.999,0.6306306306306306,0.1894383608625371,0.1483671070941008,0.770065175632475,0.1631354345468482,0.0667993898206767,4.841120279752291,0.3553553553553553,0.049049049049049,0.013013013013013,0.077077077077077,0.003003003003003,0.006006006006006,0.2122122122122121,0.0,0.0,0.0,0.003003003003003,0.057057057057057,0.031031031031031,0.002002002002002,0.1191191191191191,0.051051051051051,0.021021021021021,3.938660144805908,4.828697681427002,4.516269207000732,5.976233005523682,2.704274177551269,4.28218412399292,5.037449836730957,5.469257831573486,5.634452819824219,5.443048000335693,4.855469703674316,5.190944671630859,5.05762243270874,0.19438487040403235,0.14735664458480782,0.306975993336735,0.15961934875192715
A4_A5_train_1m,train,1m,True,478,1.001,0.6853146853146853,0.3864016906759951,0.2913094733995833,0.5405912890203688,0.3361984751600957,0.1232102358195355,5.035210719475379,0.1148851148851148,0.0,0.0339660339660339,0.0159840159840159,0.3426573426573426,0.0649350649350649,0.0569430569430569,0.0,0.1518481518481518,0.0,0.0,0.0189810189810189,0.0,0.0499500499500499,0.0009990009990009,0.0,0.1488511488511488,4.205249309539795,5.919673442840576,4.870547294616699,5.017243385314941,2.0108838081359863,4.52745246887207,4.564979076385498,5.817137718200684,5.672253131866455,7.270777225494385,5.502569675445557,5.505107402801514,4.573865413665772,0.3122325931082744,0.26609838332007213,0.4245567530506818,0.15845836973060967
A4_A5_train_1m,train,1m,True,479,1.0,0.767,0.2697326307408786,0.2121610564042784,0.5962282289313953,0.3832214293286525,0.0205503417399521,4.991526310260479,0.161,0.003,0.011,0.064,0.0,0.043,0.0,0.005,0.496,0.022,0.026,0.084,0.0,0.0,0.002,0.083,0.0,4.072547435760498,5.50978946685791,4.494575023651123,6.036932945251465,2.0628552436828613,4.805734634399414,4.179291725158691,5.265263557434082,5.621752738952637,7.153934001922607,5.152983665466309,5.043935298919678,5.490246295928955,0.23943187506437213,0.21215257946544203,0.32516737777825394,0.11301479831281191
A4_A5_train_1m,train,1m,True,480,1.0,0.858,0.0046193643754619,0.005495385810846,0.9913839152363338,0.0062413979056398,0.002374686858026,6.170672178268433,0.858,0.0,0.0,0.001,0.0,0.0,0.0,0.0,0.0,0.0,0.0,0.0,0.0,0.0,0.005,0.136,0.0,3.6600377559661865,6.757553577423096,5.477313041687012,6.830060958862305,5.784328460693359,7.490915298461914,6.68355131149292,6.521080017089844,6.458038330078125,8.283133506774902,5.623854637145996,4.969480514526367,5.679390907287598,0.02225298983128008,0.005495385810846001,0.07604971463414632,0.07055432882330032
A4_A5_train_1m,train,1m,True,481,1.0,0.234,0.0491250768860065,0.0144793093030305,0.9768909584373224,0.017259464519294,0.0058495770433835,5.745120635399451,0.21,0.0,0.001,0.0,0.0,0.0,0.013,0.0,0.01,0.0,0.0,0.001,0.0,0.0,0.0,0.438,0.327,4.044738292694092,6.329199314117432,5.485617637634277,6.584392070770264,5.706451416015625,5.332832336425781,5.396079063415527,6.500153064727783,6.303020000457764,8.102362632751465,6.106468200683594,4.505738258361816,4.289515972137451,0.10531440657944115,0.014479309303030471,0.40035516799132553,0.38587585868829505
A4_A5_train_1m,train,1m,True,482,0.999,0.1241241241241241,0.385,0.087125417512141,0.8457402483214009,0.1342686683329159,0.019991083345683,5.4759024656735935,0.0,0.0,0.0,0.3453453453453453,0.0,0.0,0.0,0.0,0.1241241241241241,0.0,0.0,0.0,0.0,0.052052052052052,0.052052052052052,0.4194194194194194,0.007007007007007,5.139723300933838,6.368029594421387,3.9849369525909424,6.400641918182373,5.251541614532471,5.514607906341553,4.678421497344971,5.904426097869873,5.996901035308838,7.33901834487915,4.995110511779785,4.488178730010986,5.125194549560547,0.1739040146664659,0.060853392270525095,0.4924261761761761,0.431572783905651
A4_A5_train_1m,train,1m,True,483,1.001,0.4025974025974025,0.2309554488993369,0.100455840973186,0.8179896632502005,0.1631089915532269,0.0189013451965725,5.1057652326730585,0.0,0.0009990009990009,0.0189810189810189,0.0,0.0389610389610389,0.0079920079920079,0.0,0.0029970029970029,0.1888111888111888,0.0019980019980019,0.1748251748251748,0.0,0.0069930069930069,0.0059940059940059,0.0059940059940059,0.0,0.5454545454545454,5.373537540435791,5.715795993804932,6.179722785949707,5.55467414855957,2.593994140625,5.24627685546875,4.536092281341553,4.894637584686279,5.718686580657959,5.649146556854248,5.171841144561768,5.553464412689209,4.18707799911499,0.16986025464927984,0.09742542908142496,0.3962534924140183,0.2988280633325934
A4_A5_train_1m,train,1m,True,484,0.999,0.7927927927927928,0.1663097157714066,0.1511465029008816,0.7590496559192305,0.1796076823597754,0.0613426617209938,5.455598702797523,0.4554554554554554,0.001001001001001,0.056056056056056,0.0,0.2352352352352352,0.0,0.0,0.0,0.004004004004004,0.0,0.05005005005005,0.048048048048048,0.0,0.0,0.1051051051051051,0.002002002002002,0.043043043043043,3.82900071144104,5.681763648986816,5.800894737243652,5.090254306793213,5.686020374298096,6.096860408782959,5.526044845581055,5.048929691314697,5.536782741546631,7.442521572113037,4.823975563049316,5.486518859863281,4.873215675354004,0.1763737783682079,0.15114650290088158,0.23703788277372775,0.08589137987284617
A4_A5_train_1m,train,1m,True,485,1.001,0.7702297702297702,0.2604889328107257,0.2027038627811563,0.6886191601831799,0.2173539540713276,0.0940268857454925,5.068595409393311,0.0199800199800199,0.0029970029970029,0.0009990009990009,0.0,0.0,0.0759240759240759,0.3056943056943057,0.0,0.0259740259740259,0.0,0.2117882117882118,0.2067932067932068,0.0,0.0,0.0059940059940059,0.1208791208791209,0.0229770229770229,4.763914585113525,5.43760871887207,5.825754642486572,5.928656101226807,2.008453369140625,4.13001012802124,4.810462474822998,4.869993686676025,5.517627239227295,7.379522323608398,5.130301475524902,5.043447971343994,5.045987606048584,0.22874266928337084,0.20270386278115635,0.31727918800906024,0.1145753252279039
A4_A5_train_1m,train,1m,True,486,0.999,0.3313313313313313,0.2594859669194427,0.0890437900587394,0.8485678831805216,0.1247766535214775,0.0266554632980007,5.178144821753869,0.0,0.0,0.0,0.1261261261261261,0.0,0.2322322322322322,0.083083083083083,0.0,0.0,0.0,0.001001001001001,0.2472472472472472,0.0,0.001001001001001,0.0,0.0,0.3093093093093093,5.875107765197754,5.763558387756348,4.416950702667236,5.865790367126465,1.8533339500427248,4.654082775115967,5.337526321411133,5.53212833404541,5.486057758331299,7.359074592590332,5.483935356140137,5.332417964935303,4.3559184074401855,0.16395941074238818,0.08853855880409292,0.42542548053086626,0.33688692172677337
A4_A5_train_1m,train,1m,True,487,1.0,0.699,0.0046193643754619,0.0041090526575122,0.9934424901870345,0.0048969143109066,0.0016605955020589,6.174967270631057,0.699,0.301,0.0,0.0,0.0,0.0,0.0,0.0,0.0,0.0,0.0,0.0,0.0,0.0,0.0,0.0,0.0,3.743875741958618,4.265920162200928,6.4127397537231445,6.634077548980713,5.759077072143555,7.325635433197021,6.850773334503174,5.904971599578857,6.362052917480469,8.365721702575684,6.183045387268066,6.643879413604736,5.8228044509887695,0.06033517299540742,0.0041090526575121855,0.15603158569844788,0.1519225330409357
A4_A5_train_1m,train,1m,True,488,1.0,0.987,0.5018019724853804,0.4976162543119501,0.289280354236833,0.4262067829024336,0.2845128628607333,5.847340822219849,0.0,0.0,0.0,0.0,0.266,0.0,0.721,0.0,0.0,0.013,0.0,0.0,0.0,0.0,0.0,0.0,0.0,6.5590667724609375,6.069094657897949,6.40992546081543,5.222023010253906,5.373781204223633,3.8122031688690186,5.013508319854736,5.872705936431885,5.936903953552246,7.501558780670166,5.740854263305664,6.533910274505615,5.969894886016846,0.4992687905775103,0.4976162543119501,0.5018779968430704,0.004261742531120327
A4_A5_train_1m,train,1m,True,489,1.002,0.3453093812375249,0.3871815737883202,0.2055914560539476,0.6691087820850643,0.2505995237219761,0.0802916941929596,5.207778472166795,0.0,0.3712574850299401,0.0069860279441117,0.0009980039920159,0.2155688622754491,0.0508982035928143,0.0009980039920159,0.0059880239520958,0.0029940119760479,0.0049900199600798,0.0,0.1257485029940119,0.0688622754491018,0.0968063872255489,0.0449101796407185,0.0,0.0029940119760479,6.6871337890625,4.132242679595947,5.973181247711182,5.118847370147705,2.033289670944214,6.052632808685303,5.708893775939941,5.279244899749756,5.376922607421875,4.989552974700928,4.915621280670166,5.956429481506348,5.477127552032471,0.27649343485122185,0.1567206011681098,0.4660511222861862,0.30933052111807646
A4_A5_train_1m,train,1m,True,490,0.999,0.013013013013013,0.0426982169443686,0.0094995047362648,0.9814573312803352,0.0180863279667995,0.000456340752865,5.490812044877273,0.012012012012012,0.913913913913914,0.0,0.02002002002002,0.0,0.002002002002002,0.001001001001001,0.0,0.0,0.0,0.0,0.0,0.034034034034034,0.0,0.0,0.0,0.017017017017017,5.1118693351745605,3.885143280029297,5.146463394165039,6.528425216674805,3.3216686248779297,6.577467441558838,6.477502346038818,5.631814002990723,6.051531791687012,5.499813079833984,5.849684715270996,6.042603492736816,5.256569862365723,0.1887192586242952,0.009499504736264807,0.5015995763966735,0.4921000716604087
A4_A5_train_1m,train,1m,True,491,0.999,0.7727727727727729,0.012272207260194,0.0700548809543589,0.892413371914319,0.0750634942626444,0.0325231338230367,5.529909739127526,0.6756756756756758,0.002002002002002,0.002002002002002,0.0,0.0,0.0,0.006006006006006,0.003003003003003,0.003003003003003,0.002002002002002,0.077077077077077,0.011011011011011,0.011011011011011,0.1141141141141141,0.0,0.0,0.093093093093093,3.734356641769409,5.771868705749512,5.851480960845947,6.39591121673584,5.638620853424072,5.588533401489258,5.647956371307373,5.166884422302246,5.929489612579346,5.59520435333252,5.75243616104126,6.042483806610107,4.773600101470947,0.06086996578269448,0.01245342667010614,0.12483552953440413,0.11238210286429799
A4_A5_train_1m,train,1m,True,492,0.998,0.0210420841683366,0.2294857153822678,0.0338002056219458,0.9400323124517832,0.0523349638525419,0.0076327236956748,5.235699919553904,0.0050100200400801,0.0,0.0080160320641282,0.0260521042084168,0.0,0.221442885771543,0.0060120240480961,0.0070140280561122,0.0,0.0,0.0,0.0100200400801603,0.0901803607214428,0.0190380761523046,0.0,0.0601202404809619,0.5470941883767535,5.151930809020996,6.263411521911621,4.65595006942749,6.459784507751465,1.8161355257034304,5.757080554962158,5.871706485748291,6.10343599319458,5.938854694366455,5.009681224822998,5.845457553863525,5.021359920501709,4.169310092926025,0.1397948030625461,0.024179301655196862,0.5017968437104483,0.4776175420552514
A4_A5_train_1m,train,1m,True,493,1.0,0.222,0.0970326582651037,0.0606315857263261,0.9087799213569768,0.0611769858333935,0.0300430928096293,5.376889632298396,0.117,0.012,0.001,0.233,0.041,0.004,0.0,0.018,0.0,0.0,0.064,0.0,0.0,0.071,0.0,0.322,0.117,4.227064609527588,5.188272476196289,4.076076984405518,5.551482200622559,2.9484167098999023,7.568708419799805,6.8913116455078125,5.142312049865723,5.952404499053955,7.216941833496094,5.972531795501709,4.581711769104004,4.582330226898193,0.13056628800002135,0.024765521085696473,0.41649295013485305,0.3917274290491566
A4_A5_train_1m,train,1m,True,494,1.0,0.129,0.3947758831432847,0.0540024128816519,0.9004285891668852,0.0911379959029256,0.0084334149301891,5.393037410882803,0.0,0.662,0.0,0.0,0.0,0.196,0.011,0.0,0.118,0.0,0.0,0.0,0.001,0.0,0.0,0.012,0.0,5.500777244567871,3.981971263885498,6.431028842926025,6.495278358459473,1.858097791671753,4.993000507354736,4.7275261878967285,5.672300815582275,6.008281230926514,7.076150894165039,5.7035346031188965,5.834477424621582,5.827061176300049,0.19891369083737104,0.05400241288165195,0.4930892389254838,0.4390868260438318
A4_A5_train_1m,train,1m,True,495,0.999,0.4444444444444444,0.0739289418094535,0.0460748739384241,0.9170147289348431,0.0738207942534654,0.0091644768116913,4.911649593940148,0.3083083083083082,0.001001001001001,0.002002002002002,0.01001001001001,0.015015015015015,0.035035035035035,0.004004004004004,0.011011011011011,0.039039039039039,0.005005005005005,0.041041041041041,0.037037037037037,0.043043043043043,0.002002002002002,0.007007007007007,0.4394394394394394,0.0,3.919018507003784,5.878604412078857,4.6342549324035645,5.709976673126221,2.102513074874878,5.307299137115479,4.982919692993164,5.215640068054199,5.670264720916748,5.3160552978515625,5.195281028747559,4.532054901123047,5.387562274932861,0.11023976947509498,0.04504574349575771,0.31488508524864595,0.26983934175288826
A4_A5_train_1m,train,1m,True,496,1.002,0.655688622754491,0.4212547655438265,0.2775469641905888,0.5158740456224319,0.4131579803739585,0.0709679740036095,5.179699375079228,0.0,0.0,0.0,0.0,0.2095808383233532,0.1067864271457085,0.0009980039920159,0.0,0.4351297405189621,0.0,0.0,0.0099800399201596,0.0,0.0,0.0,0.0868263473053892,0.1506986027944111,5.151895523071289,6.02614688873291,5.940696239471436,5.143671989440918,1.8989471197128296,4.792460441589356,4.2326531410217285,5.853069305419922,5.697107791900635,7.432145118713379,5.594946384429932,5.0370774269104,4.535274505615234,0.31650163287545546,0.2775469641905887,0.4510016277068802,0.17345466351629146
A4_A5_train_1m,train,1m,True,497,1.0,0.687,0.3102798006707711,0.218775688469303,0.599682306480225,0.3630840101009439,0.037233683418831,4.952001645014836,0.001,0.0,0.0,0.0,0.0,0.09,0.071,0.045,0.377,0.012,0.058,0.18,0.003,0.0,0.009,0.132,0.022,5.061765670776367,5.703281879425049,5.818846225738525,5.903984069824219,1.9470391273498533,4.328785419464111,4.260619640350342,5.073500156402588,5.444851398468018,5.894026756286621,4.99456262588501,4.957064151763916,4.987694263458252,0.2534597820405795,0.21869939601977567,0.37205667306081985,0.15335727704104418
A4_A5_train_1m,train,1m,True,498,0.999,0.9409409409409408,0.1630067748127565,0.1569304703383886,0.6881925405959937,0.3097539781312355,0.0020534812727708,5.3830383374140816,0.0,0.032032032032032,0.0,0.0,0.0,0.008008008008008,0.0,0.0,0.004004004004004,0.015015015015015,0.0940940940940941,0.8428428428428428,0.004004004004004,0.0,0.0,0.0,0.0,6.508379459381104,4.694830417633057,6.410739421844482,5.580142498016357,2.610504150390625,6.017087459564209,5.583698749542236,4.831167697906494,5.113088607788086,6.162825107574463,5.177302837371826,5.8739013671875,5.415830612182617,0.16608819012994627,0.15693047033838856,0.18336107940339447,0.02643060906500591
A4_A5_train_1m,train,1m,True,499,1.002,0.6666666666666667,0.4404680000175157,0.3209563382196324,0.5218306312186708,0.3144260611233936,0.1637433076579355,5.063532792604887,0.0558882235528942,0.0139720558882235,0.0009980039920159,0.1746506986027944,0.1506986027944111,0.0,0.3922155688622755,0.0,0.0459081836327345,0.0,0.0039920159680638,0.0179640718562874,0.0888223552894211,0.0189620758483033,0.0039920159680638,0.028942115768463,0.0029940119760479,4.455725193023682,5.222434520721436,4.422146320343018,5.3455328941345215,5.380457878112793,4.026998996734619,4.693305969238281,5.587850093841553,5.677176475524902,5.033385276794434,5.302206993103027,5.264651775360107,5.414053916931152,0.3549891129297465,0.31138568508146414,0.4628620000116768,0.15147631493021269
A4_A5_train_1m,train,1m,True,500,1.0,0.706,0.1577320942495688,0.1239475044076584,0.769760602253151,0.2125837866783809,0.017655611068468,5.382334030591524,0.0,0.02,0.025,0.001,0.042,0.21,0.0,0.001,0.0,0.0,0.166,0.498,0.0,0.021,0.004,0.012,0.0,6.289610385894775,4.855105876922607,5.773243427276611,5.302640438079834,1.8260366916656487,6.5821380615234375,6.126079082489014,4.80061149597168,5.266865253448486,7.171628952026367,5.0451507568359375,5.469001293182373,5.462230682373047,0.1501120902355174,0.1133465625286631,0.26060795854019553,0.14726139601153243
A4_A5_train_1m,train,1m,True,501,1.001,0.3266733266733266,0.0206968092342258,0.016825369277046,0.9683814180537792,0.0295864253383496,0.0020321566078712,5.51168416096614,0.0,0.1068931068931068,0.0499500499500499,0.0,0.0009990009990009,0.1098901098901098,0.0,0.0,0.0,0.0119880119880119,0.2957042957042957,0.0299700299700299,0.0029970029970029,0.0049950049950049,0.0149850149850149,0.0009990009990009,0.3706293706293705,7.811105728149414,4.517469882965088,6.571171283721924,5.960317134857178,1.928225040435791,6.886194705963135,6.618941307067871,4.759451389312744,5.644507884979248,6.021768093109131,5.137873649597168,5.478035926818848,4.316832065582275,0.10149386415418404,0.014304260269094832,0.3485753812383531,0.33427112096925826
A4_A5_train_1m,train,1m,True,502,0.998,0.4158316633266533,0.0537213962365195,0.024870525224634,0.9613810634219064,0.027496822706919,0.0111221138711745,5.310084141217745,0.003006012024048,0.0050100200400801,0.0,0.0050100200400801,0.0410821643286573,0.2314629258517034,0.0,0.0,0.001002004008016,0.0,0.3707414829659318,0.0,0.002004008016032,0.0,0.0,0.0400801603206412,0.3006012024048096,5.3328857421875,5.35365104675293,5.16062068939209,5.556843280792236,1.8243658542633057,7.1334099769592285,6.43557071685791,4.727897644042969,5.869662284851074,6.336292743682861,5.669229507446289,5.240726947784424,4.389937400817871,0.09046425466820715,0.024870525224633965,0.3188921136654864,0.29402158844085247
A4_A5_train_1m,train,1m,True,503,1.0,0.893,0.0386339454993117,0.0628454862132601,0.8939674784640887,0.0863740706453023,0.0196584508906089,5.27580294242272,0.783,0.0,0.0,0.003,0.027,0.012,0.001,0.004,0.012,0.009,0.003,0.067,0.038,0.039,0.0,0.001,0.001,3.7010653018951416,6.063274383544922,5.514395236968994,5.714780807495117,2.345290422439575,5.831137180328369,5.349463939666748,5.656087398529053,5.711055755615234,5.254309177398682,5.631940841674805,6.166717529296875,5.645920276641846,0.06278153087927503,0.04315438974991027,0.0888186633308854,0.04566427358097513
A4_A5_train_1m,train,1m,True,504,1.0,0.6620000000000001,0.3374239983299791,0.2449039238930281,0.6415351716662856,0.2271218088813726,0.1313430194523418,5.0050808282998895,0.002,0.0,0.009,0.056,0.017,0.005,0.391,0.012,0.021,0.002,0.171,0.06,0.021,0.032,0.001,0.003,0.197,5.387490272521973,5.9061150550842285,4.745382785797119,5.731986045837402,2.909668207168579,4.051894664764404,4.846739292144775,4.976631164550781,5.632889747619629,5.417412757873535,5.32801628112793,5.553572654724121,4.578251838684082,0.27467540179841426,0.2287323464912827,0.39496038689444624,0.16622804040316352
A4_A5_train_1m,train,1m,True,505,0.999,0.6506506506506505,0.2970763610261377,0.200654253431788,0.6945442639256252,0.2096029652851734,0.0958527707892013,5.226062151101919,0.0,0.004004004004004,0.002002002002002,0.003003003003003,0.3653653653653653,0.1391391391391391,0.003003003003003,0.018018018018018,0.0,0.0,0.2512512512512512,0.031031031031031,0.014014014014014,0.007007007007007,0.0,0.029029029029029,0.1331331331331331,7.001653671264648,5.314128398895264,5.336071491241455,4.960175514221191,1.8937835693359373,5.946568965911865,6.087184906005859,4.769885063171387,5.473450660705566,5.616555213928223,5.599493503570557,5.327703952789307,4.612153053283691,0.23733754655592762,0.19708708712192458,0.3706401247917812,0.17355303766985664
A4_A5_train_1m,train,1m,True,506,1.0000000000000002,0.3949999999999999,0.0126663803000686,0.0461707563613889,0.9281597493694966,0.0513389885382285,0.0205012620922746,5.218978533378015,0.1829999999999999,0.2309999999999999,0.0,0.0329999999999999,0.0,0.0049999999999999,0.0,0.0019999999999999,0.0,0.0,0.1919999999999999,0.0199999999999999,0.0009999999999999,0.0769999999999999,0.0,0.1709999999999999,0.0849999999999999,4.141794204711914,4.316600322723389,4.560801982879639,6.119606971740723,2.697582960128784,6.828636169433594,6.544867515563965,4.865564823150635,5.751536846160889,6.706628322601318,5.720535755157471,4.874032974243164,4.718532085418701,0.10901892266934315,0.007303461784684778,0.31213147021852666,0.3048280084338419
A4_A5_train_1m,train,1m,True,507,0.999,0.3353353353353353,0.4474585605181939,0.1661092245474587,0.758866409363929,0.1500487321772241,0.0910848584588466,4.94292347247784,0.033033033033033,0.023023023023023,0.0,0.01001001001001,0.0,0.031031031031031,0.2922922922922922,0.0,0.01001001001001,0.0,0.0,0.0,0.045045045045045,0.008008008008008,0.01001001001001,0.1571571571571571,0.3803803803803804,4.612977981567383,5.10741138458252,4.853340148925781,6.551396369934082,2.17337417602539,4.16841459274292,4.943353652954102,5.9379167556762695,6.05412483215332,5.329365253448486,5.3277268409729,4.882316589355469,4.316286563873291,0.24332593342538109,0.16206737451028702,0.4874656834570519,0.32539830894676486
A4_A5_train_1m,train,1m,True,508,0.999,0.921921921921922,0.3470781409916933,0.3378440617829535,0.4595993778122834,0.405113120809526,0.1352875013781905,5.213699120741624,0.003003003003003,0.0,0.0,0.01001001001001,0.1821821821821821,0.0,0.2732732732732733,0.0,0.037037037037037,0.005005005005005,0.0,0.4264264264264264,0.043043043043043,0.017017017017017,0.003003003003003,0.0,0.0,5.263236999511719,5.590843200683594,5.250551700592041,5.139056205749512,5.282623291015625,4.159837245941162,4.7458930015563965,5.324398040771484,5.267045974731445,5.217076301574707,5.093225479125977,5.914566516876221,5.529734611511231,0.34155989720754515,0.3292551304539636,0.35961528313648583,0.030360152682522235
A4_A5_train_1m,train,1m,True,509,1.0,0.964,0.0286717458013333,0.0293149519768756,0.9584249502739426,0.0245201954983632,0.017054854227694,5.799065553225004,0.87,0.0,0.009,0.0,0.0,0.0,0.047,0.005,0.0,0.0,0.047,0.0,0.0,0.003,0.0,0.019,0.0,3.6722607612609854,6.346999168395996,5.87490701675415,6.652975082397461,5.7027506828308105,4.921449661254883,5.581121921539307,5.320458889007568,6.338923931121826,7.693895816802978,5.983927249908447,5.548282146453857,5.749899864196777,0.03268363531868647,0.027792296967863776,0.045914962952485344,0.018122665984621568
A4_A5_train_1m,train,1m,True,510,1.0,0.32,0.0639115643265942,0.0224400046780774,0.9556852816654436,0.0437494273129576,0.0005652910215985,5.8304275549375095,0.138,0.68,0.0,0.0,0.0,0.0,0.0,0.0,0.0,0.0,0.073,0.109,0.0,0.0,0.0,0.0,0.0,4.32056188583374,3.963856935501098,6.40119743347168,5.99621057510376,5.7004923820495605,7.044955730438232,6.486854076385498,4.977372169494629,5.601739406585693,7.699587345123291,5.54034423828125,6.349664211273193,5.712721824645996,0.14946246922880416,0.02244000467807738,0.3656537005845102,0.3432136959064328
A4_A5_train_1m,train,1m,True,511,0.999,0.6176176176176176,0.1937197979159157,0.1240780373391982,0.7774574392378398,0.1969290468459238,0.0256135139162363,5.1176449335538425,0.1271271271271271,0.002002002002002,0.01001001001001,0.08008008008008,0.092092092092092,0.0,0.0,0.0,0.011011011011011,0.0,0.009009009009009,0.3783783783783784,0.016016016016016,0.0,0.0,0.1941941941941942,0.08008008008008,4.198707103729248,5.367340087890625,4.3105082511901855,5.204094886779785,5.52336311340332,5.792860984802246,5.307072639465332,5.197421073913574,5.254495620727539,5.662216663360596,5.335325241088867,4.736069679260254,4.639908790588379,0.16958944424142347,0.12407803733919816,0.31376117649061047,0.18968313915141233
A4_A5_train_1m,train,1m,True,512,1.0,0.949,0.0295323674042852,0.0285291388233724,0.9570034363425854,0.0289348496680844,0.0140617139893301,6.006154610560491,0.902,0.0,0.0,0.0,0.047,0.0,0.0,0.0,0.0,0.0,0.0,0.0,0.002,0.0,0.0,0.0,0.049,3.6521496772766113,6.433090686798096,6.133265018463135,5.680899143218994,5.625946521759033,7.272746562957764,6.697713851928711,6.421703815460205,6.183892726898193,6.590915203094482,6.298652172088623,6.154739856719971,4.934294700622559,0.03459689080807486,0.02852913882337237,0.053916366666666646,0.025387227843294276
A6_A7_test_1m,test,1m,True,1,0.999,0.4484484484484483,0.1426141914326235,0.0740357707088706,0.8541783815284674,0.1435716955253238,0.0022499229462087,5.373965153327355,0.08008008008008,0.0,0.0,0.4644644644644644,0.0,0.0,0.0,0.0,0.0,0.0,0.015015015015015,0.3533533533533532,0.001001001001001,0.0,0.042042042042042,0.039039039039039,0.005005005005005,4.409877777099609,5.640962600708008,4.020509719848633,5.786686897277832,5.373439788818359,6.537395000457764,6.013463020324707,5.168976306915283,5.318245887756348,6.67406177520752,4.873101711273193,4.895959377288818,5.148867130279541,0.13905285080900398,0.07403577070887059,0.3439502580198351,0.2699144873109645
A6_A7_test_1m,test,1m,True,2,1.001,0.7632367632367631,0.1978471537578317,0.1634669289672052,0.6786163472440214,0.3158334475775464,0.0055502051784319,4.87088759128864,0.0349650349650349,0.0159840159840159,0.0,0.0219780219780219,0.0,0.0399600399600399,0.0,0.0009990009990009,0.0969030969030969,0.0,0.0,0.6313686313686313,0.0659340659340659,0.0,0.0,0.0,0.0919080919080918,4.512282848358154,4.921931266784668,4.903955459594727,5.70341682434082,2.097456693649292,5.441458225250244,4.677060604095459,5.2638750076293945,5.180474281311035,5.07625675201416,5.219114780426025,5.637612342834473,4.686643600463867,0.19169230187239292,0.16346523527313195,0.2711970783925906,0.10773184311945866
A6_A7_test_1m,test,1m,True,3,1.0,0.755,0.3309668393043337,0.2542496494802915,0.6370238496863253,0.2174530016667665,0.1455231486469082,5.0853205277369575,0.014,0.0,0.004,0.022,0.003,0.084,0.477,0.0,0.0,0.0,0.209,0.052,0.0,0.002,0.013,0.093,0.027,4.88704776763916,5.998435020446777,4.854981422424316,5.9705963134765625,2.0013649463653564,3.97126579284668,4.995669364929199,4.931246757507324,5.765591144561768,7.315047264099121,5.19017219543457,5.143716335296631,5.0840325355529785,0.28113909335407705,0.25324019743350784,0.37425421367477196,0.12101401624126412
A6_A7_test_1m,test,1m,True,4,1.001,0.7202797202797204,0.1448426791875159,0.1117228387027084,0.8033337704868578,0.1698867816208674,0.0267794478922747,5.274973685924824,0.2147852147852148,0.0,0.0,0.2377622377622378,0.0119880119880119,0.0,0.0499500499500499,0.0089910089910089,0.1858141858141858,0.0,0.2577422577422578,0.0,0.0,0.0009990009990009,0.0319680319680319,0.0,0.0,4.036879062652588,6.015463829040527,4.318847179412842,5.785333156585693,5.331811428070068,4.567320346832275,4.527230739593506,4.84527587890625,5.847572326660156,7.271598815917969,5.007454872131348,5.406200885772705,5.613669395446777,0.14418291083239884,0.11120337365445931,0.2463272444497491,0.13512387079528979
A6_A7_test_1m,test,1m,True,5,1.001,0.888111888111888,0.0757071413409373,0.0940430104378932,0.8391586685097183,0.1335966421047765,0.0272446893855049,5.359663541500385,0.7312687312687312,0.0,0.0,0.0,0.0039960039960039,0.0269730269730269,0.0349650349650349,0.0009990009990009,0.1128871128871128,0.0039960039960039,0.0,0.0049950049950049,0.0399600399600399,0.0369630369630369,0.0,0.0,0.0029970029970029,3.706779718399048,6.436367034912109,6.248678684234619,6.208548545837402,2.1518425941467285,4.72908878326416,4.668031692504883,6.203099250793457,6.068567752838135,5.248656272888184,5.76575231552124,6.618337154388428,5.621876239776611,0.09494492699482959,0.07538511008498165,0.12403641223985298,0.04865130215487133
A6_A7_test_1m,test,1m,True,6,1.001,0.6543456543456544,0.3435941485494876,0.245645964579397,0.614917189872588,0.27887369109603,0.106209119031382,4.832554211983314,0.0239760239760239,0.0339660339660339,0.0,0.0969030969030969,0.0009990009990009,0.0149850149850149,0.3376623376623377,0.0,0.0889110889110889,0.0009990009990009,0.0859140859140859,0.1168831168831169,0.0049950049950049,0.0,0.1048951048951049,0.0,0.0889110889110889,4.644917011260986,4.910858154296875,4.609317302703857,5.897330284118652,2.381981611251831,4.060787677764893,4.580908298492432,5.043715476989746,5.529768943786621,5.969555377960205,4.829987525939941,5.581846237182617,4.782230854034424,0.2882865795348839,0.24564596457939694,0.40030076653338076,0.15465480195398382
A6_A7_test_1m,test,1m,True,7,0.999,0.995995995995996,0.4961618592448464,0.4945444804607384,0.3086671278544775,0.3935767833695682,0.2977560887759543,6.122660013345572,0.007007007007007,0.0,0.0,0.0,0.0,0.0,0.988988988988989,0.0,0.0,0.002002002002002,0.0,0.0,0.0,0.0,0.0,0.002002002002002,0.0,5.291057109832764,6.862546443939209,6.629345417022705,7.166999340057373,5.400871276855469,3.6935882568359375,4.967393398284912,6.471707820892334,6.680059432983398,7.457357406616211,5.959773540496826,6.580706596374512,6.433174133300781,0.49503546090139194,0.49454448046073834,0.49620785780642856,0.0016633773456902201
A6_A7_test_1m,test,1m,True,8,1.0,0.976,0.3415466817658901,0.3334282137809416,0.3670634508036536,0.5990166708308093,0.0339198783655369,5.555017544673039,0.0,0.0,0.0,0.005,0.0,0.0,0.0,0.0,0.865,0.0,0.111,0.0,0.0,0.0,0.0,0.0,0.019,5.031049728393555,6.165006160736084,5.595306396484375,6.3928656578063965,4.956005573272705,4.905417442321777,3.9965648651123047,5.04524564743042,5.949980735778809,7.211711406707764,5.451015472412109,6.330079078674316,5.1849799156188965,0.33628257854147076,0.3334282137809416,0.3455331614035088,0.012104947622567197
A6_A7_test_1m,test,1m,True,9,1.001,0.4935064935064934,0.1830607040466036,0.0947128552290387,0.8132648283246515,0.1840446328926193,0.002690538782729,5.278190264335046,0.0,0.0,0.0209790209790209,0.0009990009990009,0.0,0.0129870129870129,0.0049950049950049,0.0009990009990009,0.0,0.0,0.0,0.4885114885114884,0.0159840159840159,0.0,0.0,0.0009990009990009,0.4535464535464535,6.489097595214844,5.546778202056885,5.742236614227295,5.761311054229736,2.4351603984832764,5.667964935302734,5.770235538482666,5.381073951721191,5.2308030128479,5.665302753448486,5.306799411773682,5.400765419006348,4.218944549560547,0.15507441092673008,0.09471116153496541,0.34746307472429755,0.25275191318933216
A6_A7_test_1m,test,1m,True,10,1.0,0.2289999999999999,0.0190004923726095,0.0091187280431391,0.984054691311916,0.0136531612898896,0.0022921473981943,5.622174207980816,0.189,0.0,0.0,0.752,0.0,0.0,0.0,0.0,0.0,0.0,0.021,0.019,0.003,0.0,0.004,0.0,0.012,4.128886699676514,6.216910362243652,3.921809911727905,6.253468036651611,5.406350612640381,7.414235115051269,6.661818504333496,5.406179904937744,5.8529953956604,6.284662246704102,5.451416969299316,5.02186918258667,5.067661762237549,0.10018359571107906,0.009118728043139157,0.39574926275332767,0.3866305347101885
A6_A7_test_1m,test,1m,True,11,1.0,0.5750000000000001,0.4393802266625355,0.2593702103096045,0.5931367152468097,0.2949861488871717,0.1118771358660185,5.316068282494178,0.0,0.011,0.0,0.0,0.02,0.0,0.328,0.0,0.204,0.023,0.023,0.0,0.008,0.0,0.0,0.0,0.383,5.405319690704346,5.282281398773193,6.224606037139893,5.827968597412109,5.119053363800049,4.033261775970459,4.447871208190918,5.393258094787598,5.847929954528809,5.875129699707031,5.439520835876465,5.854355335235596,4.358331680297852,0.3108995998667456,0.25937021030960444,0.468394880330958,0.20902467002135355
A6_A7_test_1m,test,1m,True,12,1.0,0.804,0.1864587074998451,0.1536690100230111,0.6959804045040456,0.3007011709458866,0.0033184245500678,5.243096773441021,0.0,0.021,0.0,0.0,0.0,0.008,0.0,0.006,0.026,0.0,0.0,0.778,0.0,0.002,0.012,0.016,0.131,5.896109104156494,4.795616149902344,6.142894744873047,5.619059085845947,2.621875047683716,5.771225929260254,5.079184055328369,5.171623229980469,5.165400981903076,7.085399150848389,4.877265930175781,5.377688884735107,4.556915760040283,0.17747572697785216,0.15264938564962383,0.24941220082987545,0.09676281518025162
A6_A7_test_1m,test,1m,True,13,1.0,0.6480000000000001,0.465270835261858,0.3031147359587775,0.5731859132240927,0.2473987016342595,0.1794153851416478,5.3679552261645975,0.0,0.004,0.0,0.331,0.037,0.001,0.562,0.015,0.0,0.0,0.039,0.01,0.0,0.0,0.0,0.001,0.0,5.580986022949219,5.622203350067139,4.285419464111328,5.707287311553955,4.191052436828613,3.917838335037232,5.036253452301025,5.33380126953125,5.9236674308776855,7.441464900970459,5.681320667266846,5.3566575050354,5.705465793609619,0.34468455533383946,0.3030893051422684,0.4801883012496841,0.1770989961074157
A6_A7_test_1m,test,1m,True,14,1.001,0.6233766233766235,0.4567883807598435,0.2858625985035291,0.558644265393892,0.3109862722051579,0.1303694624009501,5.620352524977464,0.0,0.0,0.0059940059940059,0.0,0.5064935064935066,0.0,0.0019980019980019,0.0,0.0299700299700299,0.0,0.0009990009990009,0.0839160839160839,0.0,0.0,0.0,0.0,0.3706293706293707,5.893779277801514,5.696706295013428,6.312638282775879,4.850355625152588,5.637340545654297,5.507870197296143,5.117123126983643,5.506552696228027,5.459989070892334,7.627058029174805,5.575377464294434,5.583060264587402,4.296731948852539,0.33083385468547477,0.28586259850352896,0.47594405553860364,0.19008145703507467
A6_A7_test_1m,test,1m,True,15,1.0,0.8300000000000001,0.4670276574544762,0.3973181002912651,0.3832595458969799,0.4388447076235102,0.1778957464795098,5.108994245529175,0.017,0.0,0.004,0.0,0.4,0.001,0.229,0.004,0.182,0.017,0.002,0.0,0.031,0.001,0.001,0.0,0.111,4.6905388832092285,5.868082046508789,6.050545692443848,5.010171890258789,3.56638503074646,4.145564079284668,4.472921371459961,5.592903137207031,5.604483604431152,5.456282615661621,5.368185997009277,5.881106853485107,4.70975399017334,0.41722434050773116,0.39680659271680413,0.47393345568721534,0.07712686297041121
A6_A7_test_1m,test,1m,True,16,0.999,0.3803803803803804,0.085142806519352,0.057283912374142,0.9013880374807488,0.0826561002902181,0.0159558622290329,5.430535133068378,0.1741741741741742,0.0,0.0,0.5045045045045046,0.0,0.0,0.0,0.0,0.0810810810810811,0.0,0.1251251251251251,0.0,0.0,0.044044044044044,0.0,0.0,0.071071071071071,4.075926303863525,6.163503170013428,4.04384183883667,6.345938682556152,5.391704082489014,5.797766208648682,4.834705829620361,5.028318881988525,6.041892051696777,7.32139253616333,5.708514213562012,5.105025291442871,4.738427639007568,0.11656929407178675,0.03505373716969778,0.3469365530303842,0.3118828158606864
A6_A7_test_1m,test,1m,True,17,0.999,0.7417417417417417,0.0633231994771371,0.0525226390239991,0.9081488185427036,0.0786570848665944,0.0131940965907019,5.153882228411161,0.2402402402402402,0.001001001001001,0.0,0.0,0.0,0.011011011011011,0.038038038038038,0.0,0.0,0.0,0.3193193193193193,0.1441441441441441,0.0,0.001001001001001,0.022022022022022,0.2232232232232232,0.0,4.057654857635498,5.69425630569458,5.457371234893799,5.922251224517822,2.416212797164917,5.001890659332275,5.432930946350098,4.751383304595947,5.546292781829834,7.437126159667969,5.022347927093506,4.797939777374268,5.46281099319458,0.0825157959967819,0.0520174077693526,0.17807426507763618,0.1260568573082836
A6_A7_test_1m,test,1m,True,18,0.997,0.2808425275827482,0.3069382545921748,0.1475213351874924,0.7835874229403739,0.1377824837442669,0.0786300933153589,5.012001450245197,0.1093279839518555,0.1163490471414242,0.0040120361083249,0.0,0.0,0.160481444332999,0.1715145436308926,0.0,0.0,0.0,0.0,0.0,0.0030090270812437,0.1033099297893681,0.0351053159478435,0.0310932798395185,0.2657973921765296,4.286649703979492,4.585196495056152,5.863691806793213,6.347979545593262,1.8939253091812127,4.367530345916748,5.186124324798584,5.720988750457764,5.991843223571777,5.997579097747803,5.127335548400879,5.344841957092285,4.442332744598389,0.20507435815681882,0.09537812514801726,0.45128160610412116,0.3559034809561039
A6_A7_test_1m,test,1m,True,19,1.0,0.686,0.4945931714100675,0.3486776092467715,0.5073896309921244,0.287865519522208,0.2047448494856675,5.573129892349243,0.007,0.0,0.0,0.001,0.0,0.0,0.679,0.0,0.0,0.0,0.0,0.0,0.0,0.0,0.047,0.09,0.176,5.132803440093994,6.46541166305542,5.671140670776367,6.643282413482666,5.356551170349121,3.8418099880218506,4.938686847686768,5.93950080871582,6.222510814666748,7.362194538116455,5.123873710632324,5.152342319488525,4.600580215454102,0.3857945317931685,0.3486776092467715,0.49869301558730633,0.15001540634053484
A6_A7_test_1m,test,1m,True,20,0.999,0.915915915915916,0.1992008185501992,0.2028705653701605,0.7062307470825686,0.1817973750945417,0.1119718778228897,5.411105082585261,0.5475475475475475,0.015015015015015,0.0,0.011011011011011,0.0,0.0,0.3323323323323323,0.006006006006006,0.036036036036036,0.0,0.0,0.0,0.001001001001001,0.036036036036036,0.01001001001001,0.005005005005005,0.0,3.825753688812256,5.326462268829346,5.204957962036133,6.6664886474609375,4.506697177886963,4.103049755096436,4.76651668548584,6.022952079772949,6.234071731567383,6.519203186035156,5.3815765380859375,5.935938358306885,5.850697994232178,0.20225237348309505,0.18467205769377523,0.22513648545889114,0.04046442776511591
A6_A7_test_1m,test,1m,True,21,0.999,0.2502502502502502,0.3545017323084554,0.1327210991283304,0.8025584030323121,0.1294409956787146,0.0680006012889731,5.185511203912588,0.0,0.1421421421421421,0.014014014014014,0.5095095095095095,0.001001001001001,0.002002002002002,0.1481481481481481,0.0,0.034034034034034,0.0,0.062062062062062,0.005005005005005,0.0,0.081081081081081,0.0,0.0,0.001001001001001,5.27518892288208,4.508422374725342,4.085028171539307,6.083395481109619,3.286208391189575,4.428317070007324,4.935534477233887,5.164412498474121,5.92173433303833,7.462247848510742,5.661258220672607,5.135101318359375,5.464796543121338,0.2055222685562596,0.09179736750196717,0.4693246076847985,0.37752724018283135
A6_A7_test_1m,test,1m,True,22,1.001,0.4405594405594407,0.4620731060044409,0.2483498399644715,0.6253882656599401,0.2525237887511766,0.1220879455888832,5.426152119269738,0.0089910089910089,0.4195804195804196,0.0,0.0,0.0,0.0,0.3426573426573427,0.0049950049950049,0.0839160839160839,0.0,0.0049950049950049,0.0,0.0699300699300699,0.0609390609390609,0.0,0.0039960039960039,0.0,4.998721122741699,4.20258903503418,6.383687496185303,6.474578857421875,5.378572463989258,4.0851731300354,4.659025192260742,5.5563483238220215,5.973258972167969,5.0413737297058105,5.588252544403076,6.2494730949401855,5.948923587799072,0.3235863391061566,0.21758384159710187,0.4875706690788795,0.26998682748177766
A6_A7_test_1m,test,1m,True,23,0.998,0.4478957915831663,0.0518548784615725,0.0482198999470693,0.9158183854120776,0.0719234292817056,0.0122581853062165,5.119761852117685,0.0,0.1062124248496994,0.0,0.1432865731462925,0.0420841683366733,0.0240480961923847,0.001002004008016,0.0100200400801603,0.0,0.001002004008016,0.4038076152304609,0.001002004008016,0.1222444889779559,0.001002004008016,0.003006012024048,0.1412825651302605,0.0,5.974077224731445,4.5561628341674805,4.346107006072998,5.526055335998535,2.2948906421661377,6.382839202880859,6.293262958526611,4.722231864929199,5.720693111419678,4.967207431793213,5.285273551940918,4.910611629486084,5.577491283416748,0.11941247700416922,0.047697174595301164,0.3035012832388003,0.2558041086434992
A6_A7_test_1m,test,1m,True,24,1.0,0.896,0.5011978377141744,0.4530391129630446,0.3458558243872204,0.4022101252994698,0.2519340503133098,5.380604853996863,0.0,0.011,0.008,0.006,0.36,0.0,0.533,0.004,0.0,0.0,0.003,0.0,0.02,0.0,0.0,0.055,0.0,6.354084491729736,5.265047550201416,5.238595962524414,5.074743270874023,5.357925891876221,3.935701847076416,5.056411266326904,5.617358207702637,5.741121768951416,5.715027809143066,5.679369926452637,5.287684440612793,5.624790668487549,0.46608291559076787,0.4530323314119755,0.5018688625919002,0.0488365311799247
A6_A7_test_1m,test,1m,True,25,1.0,0.1659999999999999,0.1749415044453916,0.0361982457897011,0.9352664715412664,0.0570705653380645,0.0076629631206688,4.985298065038828,0.025,0.064,0.002,0.001,0.007,0.038,0.011,0.051,0.002,0.0,0.015,0.106,0.005,0.007,0.0,0.086,0.58,4.673755168914795,4.6624755859375,5.373389720916748,5.723810195922852,2.0910918712615967,5.438327312469482,5.58441686630249,5.27302360534668,5.524257659912109,5.810364246368408,5.538445949554443,4.956873893737793,4.158642768859863,0.1359208693948189,0.032578698849827406,0.45242038973793497,0.4198416908881076
A6_A7_test_1m,test,1m,True,26,1.0,0.969,0.0078780739036018,0.0077770539082294,0.987378005042482,0.0096898820985766,0.0029321128589411,6.030289613283598,0.961,0.0,0.0,0.0,0.0,0.001,0.001,0.03,0.007,0.0,0.0,0.0,0.0,0.0,0.0,0.0,0.0,3.63838243484497,6.644392013549805,6.334427356719971,6.864594459533691,3.5105972290039062,5.90994119644165,5.627216815948486,6.7244133949279785,6.523739337921143,7.771899700164795,6.217837810516357,6.67041015625,5.955913066864014,0.01088567152249794,0.0077261922752112095,0.023371003612590133,0.015644811337378925
A6_A7_test_1m,test,1m,True,27,1.0,0.091,0.3990340662630906,0.1103655753224935,0.8078210869356298,0.1636266754837531,0.028552237580617,5.3554720145005446,0.0,0.181,0.006,0.0,0.002,0.0,0.009,0.0,0.08,0.0,0.0,0.0,0.158,0.086,0.0,0.017,0.461,5.653238296508789,4.409954071044922,6.18015718460083,6.18751859664917,5.538437843322754,5.079224586486816,4.805886268615723,5.790920257568359,5.913768768310547,4.7232184410095215,5.685388565063477,5.39720344543457,4.256219863891602,0.20293088061407233,0.06695913731079764,0.4977659500299413,0.4308068127191437
A6_A7_test_1m,test,1m,True,28,0.9990000000000002,0.5625625625625624,0.3024136935317027,0.1818882664208824,0.7263945710781285,0.1834343250019778,0.0901711039198934,4.822077512741089,0.006006006006006,0.2072072072072071,0.0,0.103103103103103,0.087087087087087,0.016016016016016,0.2202202202202201,0.001001001001001,0.034034034034034,0.001001001001001,0.2032032032032031,0.012012012012012,0.057057057057057,0.0,0.0,0.005005005005005,0.047047047047047,5.023565769195557,4.386865615844727,4.604784965515137,5.422136306762695,2.3743984699249268,4.27716875076294,4.85537576675415,4.8738694190979,5.627602577209473,5.260054111480713,5.496301174163818,5.532416820526123,4.952467918395996,0.24736201303922004,0.18188656933603012,0.39219173750231884,0.21030516816628872
A6_A7_test_1m,test,1m,True,29,1.0,0.966,0.4172061679747451,0.4035201482876867,0.4094199936438705,0.3741197161368855,0.2164602902192439,5.511135798234206,0.0,0.001,0.0,0.0,0.0,0.024,0.717,0.003,0.0,0.0,0.0,0.249,0.0,0.0,0.002,0.0,0.004,6.494710922241211,5.776304721832275,6.525815486907959,6.077332496643066,2.2593801021575928,3.807701826095581,4.918722629547119,5.6172404289245605,5.617587089538574,7.265665531158447,5.297531127929688,6.36092472076416,5.625848293304443,0.4071285757319047,0.4035150621243848,0.42028125826360374,0.016766196139218925
A6_A7_test_1m,test,1m,True,30,0.998,0.3296593186372746,0.2533294210643475,0.0906665740076716,0.8344786822030872,0.1497094875784821,0.0158118302184305,5.3289276269766,0.003006012024048,0.0,0.0,0.0,0.0080160320641282,0.0,0.0200400801603206,0.0,0.1673346693386773,0.0,0.1052104208416833,0.0260521042084168,0.0,0.0,0.0250501002004008,0.4498997995991984,0.1953907815631262,4.947505950927734,5.989390850067139,5.671145439147949,5.765146255493164,5.330224990844727,4.763460636138916,4.558650493621826,5.00350284576416,5.693624019622803,7.610491752624512,5.006138801574707,4.51407527923584,4.422701835632324,0.1699683692800216,0.09066657400767154,0.42381085123263557,0.33314427722496404
A6_A7_test_1m,test,1m,True,31,1.0,0.484,0.4841850276524209,0.2401626042038684,0.6547790938674287,0.2101166038574054,0.1351043022751657,5.541824230780969,0.0,0.0,0.002,0.0,0.0,0.0,0.442,0.0,0.029,0.0,0.0,0.013,0.0,0.0,0.021,0.348,0.145,5.902873992919922,6.302437782287598,5.867735385894775,6.408310413360596,5.382725715637207,4.002618789672852,4.81737232208252,5.91068696975708,5.955560207366943,7.033232688903809,5.218817234039307,4.664252758026123,4.577090740203857,0.3012297055939196,0.2401626042038684,0.4962929533837717,0.2561303491799033
A6_A7_test_1m,test,1m,True,32,1.0,0.242,0.2875401041467411,0.0897379887329422,0.8293092794307964,0.1619054636725226,0.0087852568966808,4.942216506371131,0.061,0.007,0.0,0.367,0.0,0.106,0.0,0.0,0.18,0.008,0.001,0.0,0.086,0.001,0.0,0.001,0.182,4.309329032897949,5.44785737991333,4.134260654449463,6.326297283172607,1.912314891815185,5.23765754699707,4.545831680297852,5.985081672668457,5.943833351135254,5.076182842254639,5.672904014587402,5.153139114379883,4.504125118255615,0.17755958972669772,0.08923326270955036,0.4543834052035114,0.36515014249396105
A6_A7_test_1m,test,1m,True,33,0.999,0.7927927927927927,0.2694721718650911,0.220359925288489,0.6381345315024534,0.2830110864181148,0.0788543820794315,4.850861732776348,0.1481481481481481,0.001001001001001,0.035035035035035,0.037037037037037,0.2582582582582582,0.066066066066066,0.039039039039039,0.022022022022022,0.002002002002002,0.0,0.003003003003003,0.3423423423423423,0.018018018018018,0.0,0.015015015015015,0.002002002002002,0.011011011011011,4.192681312561035,5.420831203460693,4.683298110961914,5.009446144104004,2.001476764678955,4.925670146942139,5.268683910369873,5.240689754486084,5.257004737854004,5.521758079528809,4.991066932678223,5.433222770690918,5.115372657775879,0.24387143057742042,0.22032258942174213,0.3188243344516036,0.09850174502986145
A6_A7_test_1m,test,1m,True,34,1.0,0.7250000000000001,0.3038994796712198,0.2254315976273691,0.6589202537181693,0.2312962973089232,0.1097834489729074,5.470191625448374,0.017,0.012,0.0,0.0,0.43,0.0,0.0,0.0,0.003,0.008,0.275,0.0,0.001,0.0,0.013,0.241,0.0,4.803925037384033,5.030000686645508,5.844715595245361,4.909939289093018,5.708593845367432,6.418883323669434,5.863054275512695,4.739097595214844,5.5822367668151855,6.865334987640381,5.13875675201416,4.741809368133545,5.466143608093262,0.25876656032088446,0.2254315976273691,0.3599308727616343,0.1344992751342652
A6_A7_test_1m,test,1m,True,35,1.0,0.595,0.3245532564769192,0.1993375551271436,0.6612451564250531,0.2788345768956067,0.0599202666793402,4.842583014414861,0.049,0.0,0.009,0.061,0.132,0.146,0.062,0.003,0.154,0.0,0.0,0.198,0.002,0.001,0.02,0.163,0.0,4.398528575897217,5.756601333618164,4.4216413497924805,5.203149318695068,1.8950774669647217,4.4889445304870605,4.529262542724609,5.430629730224609,5.395052433013916,6.22810697555542,4.973849773406982,4.833061218261719,5.399673938751221,0.2443354989282392,0.19882774294044991,0.39870743760376703,0.19987969466331712
A6_A7_test_1m,test,1m,True,36,1.0,0.429,0.2927528916106728,0.1336391996171995,0.8064031030635876,0.1199153946384255,0.0736815022979867,4.996479859718909,0.138,0.049,0.012,0.324,0.049,0.071,0.194,0.0,0.0,0.017,0.031,0.017,0.0,0.005,0.0,0.093,0.0,4.210174083709717,4.825873851776123,4.151459693908691,5.554932117462158,2.008009672164917,4.333016872406006,5.187543869018555,5.286000728607178,5.817778587341309,7.498673439025879,5.657538890838623,4.894928455352783,5.528307914733887,0.2019864050135151,0.13111556950024048,0.41545914050097865,0.28434357100073815
A6_A7_test_1m,test,1m,True,37,1.0,0.686,0.3943348946300605,0.2799278329154561,0.6055846401887222,0.2289750537916434,0.1654403060196343,5.3476937183967,0.0,0.0,0.0,0.005,0.0,0.026,0.537,0.0,0.0,0.0,0.139,0.01,0.0,0.012,0.011,0.26,0.0,6.385950565338135,6.213112831115723,5.082302570343018,6.37013053894043,2.220000743865967,3.944034337997437,5.0823187828063965,5.052714347839356,5.973471641540527,7.401644229888916,5.289828777313232,4.819079399108887,5.685429573059082,0.3127189971224402,0.2738711206347543,0.42991583771622155,0.15604471708146728
A6_A7_test_1m,test,1m,True,38,0.999,0.5835835835835836,0.349703893596446,0.2060033334926456,0.7114456750868761,0.1651019828409566,0.1234523420721672,5.533937160785381,0.1731731731731731,0.001001001001001,0.0,0.035035035035035,0.0,0.0,0.4054054054054054,0.0,0.0,0.0,0.001001001001001,0.004004004004004,0.0,0.0,0.0,0.3803803803803804,0.0,4.1789164543151855,6.107463836669922,4.502473831176758,6.526838302612305,5.362011432647705,4.047596454620361,5.102680683135986,6.084811687469482,6.216047763824463,7.691286563873291,5.868858337402344,4.647796154022217,5.604401588439941,0.2552619104821461,0.20600333349264552,0.41547524521194,0.2094719117192945
A6_A7_test_1m,test,1m,True,39,1.0,0.606,0.231010277135901,0.1560038047615104,0.7032732828368407,0.2814458248032977,0.0152808923598615,5.247154749356783,0.234,0.0,0.0,0.313,0.0,0.0,0.0,0.0,0.351,0.0,0.0,0.021,0.007,0.0,0.074,0.0,0.0,3.964540958404541,6.14521598815918,4.2034831047058105,6.264334678649902,5.232204437255859,5.104424953460693,4.299896717071533,5.7508063316345215,5.762011528015137,5.748526096343994,4.883105754852295,5.2944865226745605,5.559974670410156,0.20228052385329356,0.15600380476151043,0.34000632794435603,0.1840025231828456
A6_A7_test_1m,test,1m,True,40,0.999,0.8378378378378378,0.2936974887842809,0.2534171478682852,0.5557767875617334,0.3816121291399628,0.0626110832983038,4.861885676017175,0.03003003003003,0.091091091091091,0.001001001001001,0.001001001001001,0.0940940940940941,0.022022022022022,0.0850850850850851,0.0,0.2982982982982983,0.007007007007007,0.1051051051051051,0.2252252252252252,0.023023023023023,0.003003003003003,0.0,0.002002002002002,0.012012012012012,4.543789863586426,4.568397045135498,5.745736122131348,5.2967209815979,2.2424657344818115,4.348556995391846,4.356703758239746,4.946931838989258,5.345311164855957,5.452869892120361,5.202138423919678,5.950051784515381,5.204840183258057,0.27750648954190693,0.2519014541043458,0.32839249060304604,0.07649103649870026
A6_A7_test_1m,test,1m,True,41,1.0,0.449,0.3047123110684195,0.1418315966806849,0.7649380789980698,0.1864606486424902,0.0486012723594399,4.824003237944383,0.028,0.001,0.001,0.029,0.065,0.021,0.09,0.0,0.066,0.001,0.015,0.185,0.002,0.004,0.001,0.349,0.142,4.560307502746582,5.607853889465332,4.474624633789063,5.351922035217285,2.2651255130767822,4.509538650512695,4.759253025054932,5.261906623840332,5.417335033416748,6.165627479553223,5.222824573516846,4.60019588470459,4.515527248382568,0.20551153140767783,0.13981269258711768,0.4165309776697203,0.27671828508260266
A6_A7_test_1m,test,1m,True,42,1.001,0.5174825174825174,0.5073514050020946,0.3160805737694932,0.5226858112336036,0.322467229993806,0.1548469587725901,5.514141229482798,0.0,0.1178821178821178,0.0209790209790209,0.0029970029970029,0.5124875124875125,0.0,0.0039960039960039,0.0,0.0009990009990009,0.0249750249750249,0.0,0.0,0.0079920079920079,0.0909090909090909,0.0,0.2167832167832167,0.0,6.970853805541992,4.455740451812744,5.170427322387695,4.854165077209473,5.741754055023193,5.859226703643799,5.996532917022705,5.509097576141357,5.588992118835449,5.636765480041504,5.713404178619385,4.747908115386963,5.438968181610107,0.35288344022589657,0.2701963898247829,0.5074954823087758,0.23729909248399295
A6_A7_test_1m,test,1m,True,43,1.0,0.994,0.4576716340028255,0.4549533203850613,0.2887806144215388,0.5125321303867996,0.1986872551916615,5.512701438023494,0.0,0.0,0.005,0.001,0.762,0.0,0.001,0.0,0.127,0.0,0.0,0.104,0.0,0.0,0.0,0.0,0.0,5.450417995452881,5.629802227020264,5.811933994293213,4.7230305671691895,5.265773296356201,5.143580436706543,4.637545108795166,5.445470333099365,5.39909029006958,7.35949182510376,5.455279350280762,5.830804347991943,5.512898921966553,0.4557496818635953,0.45495332038506137,0.45797150419880867,0.0030181838137472994
A6_A7_test_1m,test,1m,True,44,1.001,0.3386613386613387,0.0320708964065547,0.0541065778005038,0.91334037441578,0.0651060955674325,0.0215535300167875,5.065673901484563,0.1938061938061938,0.2547452547452548,0.0,0.0349650349650349,0.0,0.0029970029970029,0.0,0.0,0.0249750249750249,0.0,0.1198801198801198,0.0,0.0079920079920079,0.0789210789210789,0.0,0.0,0.2817182817182817,4.087366580963135,4.289796829223633,4.767673969268799,6.191572189331055,3.1203999519348145,5.902982234954834,5.214293479919434,4.96617603302002,5.906111717224121,5.676756381988525,5.700459003448486,5.6164093017578125,4.413763046264648,0.12487869584353112,0.0142730554748762,0.3465897441376843,0.33231668866280806
A6_A7_test_1m,test,1m,True,45,1.0,0.325,0.0726569004091944,0.072085720816436,0.8646265331441932,0.1265754920787411,0.0087979747770655,4.894003648024339,0.22,0.031,0.001,0.381,0.0,0.014,0.001,0.0,0.02,0.004,0.004,0.08,0.152,0.022,0.04,0.03,0.0,4.037374973297119,4.9205827713012695,4.121029376983643,6.100428104400635,2.3278164863586426,5.63467264175415,5.154216289520264,5.479522705078125,5.583115100860596,4.771291732788086,4.984516620635986,5.028924942016602,5.478555679321289,0.14614643178383405,0.06098174830181616,0.3662772426329882,0.3052954943311721
A6_A7_test_1m,test,1m,True,46,0.999,0.8908908908908909,0.4263990651236075,0.3842080172331842,0.3394765841423011,0.5526307972490292,0.1078926186086696,5.1635107810680685,0.0,0.0,0.005005005005005,0.0,0.3423423423423423,0.057057057057057,0.0,0.001001001001001,0.5245245245245245,0.0,0.001001001001001,0.023023023023023,0.0,0.001001001001001,0.019019019019019,0.022022022022022,0.004004004004004,5.1423020362854,5.89783239364624,6.085677146911621,4.988371849060059,1.9931128025054927,4.873245716094971,4.156313896179199,5.497895240783691,5.568408012390137,7.116794109344482,4.996557235717773,5.461202144622803,5.347927570343018,0.39579092794653953,0.38370108889368565,0.4352642822422528,0.05156319334856713
A6_A7_test_1m,test,1m,True,47,0.999,0.1381381381381381,0.4888446084884502,0.1065289071354778,0.8393395914959668,0.1082630027371102,0.0523974057669226,5.117653076465313,0.0,0.3743743743743743,0.007007007007007,0.2202202202202202,0.0,0.034034034034034,0.1251251251251251,0.007007007007007,0.013013013013013,0.001001001001001,0.0,0.0,0.0,0.052052052052052,0.053053053053053,0.1131131131131131,0.0,5.554457187652588,4.199073791503906,4.259026050567627,6.330008506774902,2.1537094116210938,4.504724025726318,5.08116340637207,5.622904300689697,5.937417984008789,7.3749260902404785,5.029675483703613,4.9312028884887695,5.551200866699219,0.2167607388535459,0.08024500229989695,0.5050522582296357,0.4248072559297388
A6_A7_test_1m,test,1m,True,48,1.0,0.7650000000000001,0.3775046191754468,0.3104804957048492,0.5569397757153124,0.2651594571596766,0.1779007671250109,5.232946267494788,0.001,0.0,0.0,0.158,0.0,0.024,0.553,0.0,0.013,0.0,0.159,0.039,0.0,0.041,0.0,0.0,0.012,5.422877788543701,6.07810115814209,4.547891139984131,6.2235026359558105,2.2675349712371826,3.910069465637207,4.856460571289063,5.038603782653809,5.840230464935303,7.333708763122559,5.579521179199219,5.6137309074401855,5.316068649291992,0.3248177465603617,0.2897867287457848,0.40808878366921686,0.11830205492343204
A6_A7_test_1m,test,1m,True,49,1.0,0.923,0.3777013736978697,0.3509713963833951,0.3344296131204102,0.6291979809923892,0.0363724058872005,5.485732243611262,0.019,0.062,0.0,0.0,0.004,0.0,0.0,0.0,0.9,0.0,0.0,0.0,0.0,0.0,0.012,0.003,0.0,4.530938625335693,4.784431457519531,6.224462032318115,6.120493412017822,4.895164489746094,4.785058975219727,3.9877002239227295,5.744490623474121,5.922719478607178,7.165298461914063,5.084003925323486,6.253481388092041,5.8162760734558105,0.36428547414533374,0.35097139638339514,0.3877074179231338,0.03673602153973865
A6_A7_test_1m,test,1m,True,50,0.999,0.4724724724724725,0.2247475655833074,0.1355953449712928,0.7697543510896471,0.18930060787812,0.0409450410322327,4.918953253672673,0.006006006006006,0.029029029029029,0.0,0.028028028028028,0.0,0.001001001001001,0.08008008008008,0.001001001001001,0.1701701701701701,0.001001001001001,0.2162162162162162,0.0,0.028028028028028,0.036036036036036,0.022022022022022,0.3513513513513513,0.03003003003003,4.864192485809326,4.938640117645264,4.538155555725098,6.132803916931152,3.897646188735962,4.465434551239014,4.552239894866943,4.869708061218262,5.789952278137207,5.295520305633545,5.049699783325195,4.641398906707764,4.91100025177002,0.1883055661573501,0.11740532271916804,0.3739863873426636,0.25658106462349556
A6_A7_test_1m,test,1m,True,51,1.0,0.578,0.0932730140603157,0.0759823993182889,0.8689030629061765,0.1102290755510691,0.0208678615427543,5.210708599824172,0.0,0.0,0.0,0.273,0.0,0.093,0.031,0.0,0.001,0.0,0.34,0.206,0.0,0.04,0.0,0.016,0.0,5.585969924926758,5.732979774475098,4.257361888885498,5.883388519287109,1.944366693496704,5.102081775665283,5.504023551940918,4.752913475036621,5.504146575927734,7.311326503753662,5.446164608001709,5.193306922912598,5.521181583404541,0.11150561940681658,0.05579335838261637,0.26814010212686246,0.21234674374424609
A6_A7_test_1m,test,1m,True,52,1.0,0.145,0.4842600338263937,0.0740824920574833,0.8952593653886395,0.0613162851077542,0.0434243495036061,5.616335960534903,0.0,0.0,0.0,0.805,0.001,0.0,0.137,0.0,0.0,0.0,0.0,0.007,0.0,0.0,0.0,0.0,0.05,5.456663131713867,6.352063655853272,3.931742429733277,6.198328495025635,5.417650699615479,4.508111000061035,5.360120296478272,6.201375484466553,6.080569744110107,7.749332904815674,5.916177749633789,5.013157367706299,4.827074527740479,0.17513155892736565,0.07408249205748327,0.5042584549048271,0.43017596284734383
A6_A7_test_1m,test,1m,True,53,1.0,0.318,0.1918215395634064,0.0948833506510399,0.827459920260171,0.1553134581775782,0.0172266215622507,4.925976707385137,0.008,0.003,0.0,0.076,0.061,0.126,0.001,0.025,0.004,0.001,0.09,0.154,0.177,0.0,0.0,0.01,0.264,4.981100559234619,5.393165111541748,4.533695697784424,5.378202438354492,1.8951672315597528,6.032883167266846,5.556218147277832,4.98465633392334,5.3892107009887695,4.764752864837647,5.412367820739746,5.318691730499268,4.397585391998291,0.17269576611851323,0.09484096595685801,0.4072165495811632,0.3123755836243052
A6_A7_test_1m,test,1m,True,54,1.001,0.7502497502497503,0.0591076277212201,0.0839576419853019,0.8549534553073415,0.1221778054147134,0.0228687392779451,5.445093961862417,0.6683316683316683,0.0149850149850149,0.0039960039960039,0.0129870129870129,0.0809190809190809,0.0,0.0,0.0,0.0,0.0149850149850149,0.0,0.0009990009990009,0.1518481518481518,0.0009990009990009,0.0499500499500499,0.0,0.0,3.750789165496826,5.148377418518066,5.087695121765137,5.50518798828125,5.617946624755859,6.635690689086914,6.097148895263672,5.66765022277832,5.78861141204834,4.775023460388184,5.007250785827637,5.945215225219727,5.759634494781494,0.1137159037255264,0.08345342018371159,0.1711311972214146,0.087677777037703
A6_A7_test_1m,test,1m,True,55,1.001,0.3506493506493507,0.3936445236213248,0.1410257027690644,0.7387717123900973,0.2404051696816767,0.020823117928226,5.411974118306087,0.0,0.0029970029970029,0.0,0.5934065934065934,0.0209790209790209,0.0,0.0039960039960039,0.0,0.3256743256743257,0.0,0.0,0.0,0.0,0.0,0.0,0.0529470529470529,0.0,4.95686149597168,5.790244102478027,3.97747540473938,5.749536514282227,5.073941230773926,4.808103084564209,4.357378959655762,6.110177993774414,5.954793453216553,7.531993389129639,5.72056770324707,4.846229553222656,5.478360652923584,0.21793706625522266,0.14102570276906426,0.4676740537373475,0.32664835096828326
A6_A7_test_1m,test,1m,True,56,1.0,0.4319999999999999,0.2592176786813075,0.1331212265746711,0.7841900928398992,0.1653773611708594,0.0504325459892413,5.022448970721318,0.185,0.004,0.002,0.384,0.142,0.108,0.002,0.023,0.096,0.0,0.001,0.006,0.0,0.033,0.011,0.0,0.003,4.054827690124512,5.514075756072998,4.123073577880859,5.278889179229736,1.908602595329285,5.201108455657959,4.746886253356934,5.709346771240234,5.779714107513428,7.228853225708008,5.230536937713623,5.1960649490356445,5.319857120513916,0.18771605649852785,0.11642627388409389,0.4003272371903249,0.28390096330623105
A6_A7_test_1m,test,1m,True,57,1.0,0.001,0.4996444477712489,0.0212763738810469,0.9680029572673122,0.0214413377032816,0.010555705029406,6.0019166836371785,0.0,0.0,0.0,0.901,0.0,0.0,0.001,0.0,0.0,0.0,0.0,0.0,0.0,0.032,0.001,0.0,0.065,5.508439064025879,6.54550838470459,3.862565755844116,6.54668664932251,5.697769165039063,6.833997249603272,6.7030029296875,6.482944011688232,6.351560115814209,7.8466949462890625,5.983553886413574,4.926521301269531,4.735673427581787,0.12919022061676036,0.005125141132508851,0.5076419944477714,0.5025168533152625
A6_A7_test_1m,test,1m,True,58,1.0,0.6350000000000001,0.327042529871132,0.2377355229295806,0.5645894555535033,0.3953500430338322,0.0400605014126646,4.8247223909084616,0.0,0.0,0.023,0.061,0.068,0.087,0.007,0.0,0.349,0.009,0.015,0.196,0.087,0.023,0.0,0.068,0.007,5.074713230133057,5.722609519958496,4.514548778533936,5.35609245300293,1.928511023521424,4.672859191894531,4.282087326049805,5.264771461486816,5.372823238372803,4.9586029052734375,5.324706077575684,5.065743446350098,5.183322429656982,0.27223301707343744,0.22612682439156892,0.39296425646816885,0.16683743207659993
A6_A7_test_1m,test,1m,True,59,0.999,0.3213213213213213,0.2192384728470827,0.0796141716616313,0.8479000676381769,0.1449715214003832,0.0071284109614396,4.857201796311599,0.028028028028028,0.065065065065065,0.023023023023023,0.006006006006006,0.002002002002002,0.2392392392392392,0.001001001001001,0.0,0.1361361361361361,0.022022022022022,0.064064064064064,0.09009009009009,0.016016016016016,0.0,0.0,0.0,0.3073073073073072,4.529590129852295,4.649308204650879,5.129200458526611,5.8336181640625,1.842757225036621,5.198232173919678,4.60098123550415,5.062225341796875,5.516508102416992,5.611100196838379,5.2837748527526855,5.542428016662598,4.343899250030518,0.16092223100210368,0.07961417166163126,0.4149772270109244,0.3353630553492931
A6_A7_test_1m,test,1m,True,60,0.999,0.9109109109109108,0.2197487330879597,0.2132958926709459,0.5955912239392451,0.3822257667796178,0.0221830092811369,5.41318128659175,0.3683683683683683,0.013013013013013,0.007007007007007,0.0,0.001001001001001,0.0,0.0,0.0,0.5135135135135135,0.0,0.027027027027027,0.001001001001001,0.0,0.003003003003003,0.064064064064064,0.002002002002002,0.0,3.856484651565552,5.243497371673584,5.939900875091553,6.187796592712402,5.110963344573975,4.988831520080566,4.170336723327637,5.304574012756348,5.906527519226074,7.070225715637207,4.888416767120361,5.985024452209473,5.718777179718018,0.22367314639974342,0.2117801989070065,0.24539759470474803,0.033617395797741534
A6_A7_test_1m,test,1m,True,61,1.0,1.0,0.2557261644694923,0.2557261644694923,0.5506357111654219,0.3872762487301715,0.0620880401044066,5.597858062157264,0.011,0.0,0.0,0.0,0.236,0.0,0.002,0.0,0.0,0.0,0.001,0.75,0.0,0.0,0.0,0.0,0.0,4.997866153717041,5.392568111419678,6.16735315322876,4.952446937561035,5.513026237487793,5.96605396270752,5.783918380737305,5.137550354003906,5.149682521820068,7.292322635650635,5.220918655395508,5.814532279968262,5.383915424346924,0.25572616446949237,0.25572616446949237,0.25572616446949237,0.0
A6_A7_test_1m,test,1m,True,62,0.999,0.9689689689689688,0.2121072715438986,0.2056279778215401,0.6125120784964616,0.3637198873639964,0.0237680341395419,5.30172061920166,0.1401401401401401,0.0,0.0,0.0,0.001001001001001,0.0,0.047047047047047,0.002002002002002,0.1971971971971972,0.0,0.0,0.5835835835835835,0.0,0.0,0.0,0.005005005005005,0.024024024024024,4.143444538116455,5.504488945007324,5.821869373321533,5.618038177490234,5.213557720184326,4.542210102081299,4.445918560028076,5.296351909637451,5.286508560180664,7.162093162536621,5.1743011474609375,5.711424827575684,5.002161026000977,0.20928224989575106,0.20562458365183583,0.2212782671216154,0.015653683469779578
A6_A7_test_1m,test,1m,True,63,1.0,0.004,0.3758881769223021,0.026499540006785,0.9489885226843464,0.0490238746177372,0.0019876026979164,5.682907618009127,0.001,0.834,0.019,0.007,0.0,0.0,0.003,0.003,0.0,0.0,0.0,0.0,0.116,0.003,0.0,0.0,0.014,6.095755577087402,3.9119720458984375,5.397598743438721,6.518179893493652,6.084265232086182,6.148804664611816,6.223282337188721,5.596359729766846,5.98807954788208,4.9399003982543945,5.7842936515808105,5.909262657165527,5.280044555664063,0.20038693849616024,0.024980275773307727,0.5071229527076894,0.4821426769343816
A6_A7_test_1m,test,1m,True,64,1.0,0.2239999999999999,0.4285895511518929,0.1169991267087704,0.8237574999695889,0.118486746643281,0.0577557533871299,4.841868152985206,0.028,0.138,0.0,0.395,0.001,0.087,0.177,0.001,0.018,0.0,0.0,0.0,0.072,0.008,0.006,0.042,0.027,4.6055192947387695,4.539077758789063,4.144272327423096,6.187495708465576,1.9591509103775024,4.348359107971191,4.95119571685791,5.813179016113281,5.95802640914917,5.095205783843994,5.334739685058594,5.0090203285217285,4.999043941497803,0.21383260511989785,0.11295962313386858,0.489940459458024,0.3769808363241554
A6_A7_test_1m,test,1m,True,65,0.999,0.995995995995996,0.15550082300513,0.1548966930406468,0.7088533789188342,0.2724998560810379,0.0186467650001279,5.357793001028208,0.0990990990990991,0.0,0.004004004004004,0.0,0.0,0.0,0.056056056056056,0.0,0.0,0.0,0.1401401401401401,0.7007007007007007,0.0,0.0,0.0,0.0,0.0,4.369573593139648,5.387463092803955,5.991159439086914,5.666648864746094,4.3099894523620605,4.801921367645264,5.270136833190918,4.818259716033936,5.227334976196289,7.350086688995361,5.224934101104736,5.8279314041137695,5.405869483947754,0.1554398241098771,0.1548966930406468,0.15691082971982412,0.002014136679177325
A6_A7_test_1m,test,1m,True,66,1.0,0.1169999999999999,0.1938528034897329,0.057802366858363,0.888809007362112,0.1067772515590497,0.0044137410788381,5.643125313978929,0.0,0.725,0.0,0.0,0.0,0.0,0.0,0.0,0.008,0.0,0.0,0.109,0.144,0.014,0.0,0.0,0.0,6.692475318908691,3.941406726837158,6.957304000854492,6.0848588943481445,4.361010074615479,6.158421516418457,5.590338230133057,5.398261547088623,5.525258541107178,4.8102707862854,5.480914115905762,6.54546594619751,5.814643383026123,0.20697948336451436,0.050736202530877635,0.47093572800829875,0.4201995254774211
A6_A7_test_1m,test,1m,True,67,1.0,0.952,0.0047951457385965,0.004786708233166,0.9925829976926795,0.0052605881483086,0.0021564141590117,5.974604258170495,0.753,0.0,0.009,0.001,0.001,0.0,0.0,0.004,0.0,0.0,0.198,0.0,0.0,0.0,0.0,0.034,0.0,3.717879056930542,6.213749885559082,5.530041217803955,6.293796062469482,5.819919109344482,6.911819934844971,6.694144248962402,4.924736022949219,6.247628688812256,8.19113540649414,6.034304141998291,5.388100624084473,5.702600955963135,0.010543028746454922,0.004779926682096929,0.028932178743143862,0.024152252061046934
A6_A7_test_1m,test,1m,True,68,1.0020000000000002,0.8622754491017963,0.2847050201981627,0.2637917259529984,0.5330031160041276,0.4064103160857476,0.0605865679101245,4.849615793961745,0.1247504990019959,0.0009980039920159,0.0009980039920159,0.0029940119760479,0.0678642714570858,0.0089820359281437,0.0818363273453093,0.0009980039920159,0.3233532934131736,0.0009980039920159,0.0139720558882235,0.2504990019960079,0.0059880239520958,0.0199600798403193,0.0369261477045908,0.0169660678642714,0.0419161676646706,4.1717634201049805,5.60951042175293,5.291990280151367,5.361608982086182,2.5217556953430176,4.3096113204956055,4.298486232757568,5.223647117614746,5.379449367523193,5.549402713775635,4.8739824295043945,5.546958923339844,4.906838417053223,0.2735468952511762,0.253715662224851,0.31541001741637953,0.06169435519152855
A6_A7_test_1m,test,1m,True,69,1.0,0.221,0.1987162252284213,0.0899313263753365,0.863791789025367,0.0925537691985928,0.0436544417760401,4.953273947422321,0.001,0.32,0.001,0.188,0.0,0.11,0.08,0.01,0.006,0.025,0.127,0.007,0.008,0.073,0.003,0.0,0.041,5.494462966918945,4.238104343414307,4.411803722381592,6.187719821929932,1.9439910650253296,4.691841125488281,5.26854419708252,4.963292121887207,5.766238212585449,5.661992073059082,5.326148986816406,5.46556282043457,4.972859859466553,0.17889722539884872,0.05306937279006146,0.4393756357754812,0.38630626298541976
A6_A7_test_1m,test,1m,True,70,1.0,0.988,0.2640802176277717,0.2623666262975913,0.4934200991368132,0.4884265491311911,0.0181533517319957,5.410243327801044,0.0,0.0,0.0,0.0,0.002,0.0,0.002,0.003,0.402,0.0,0.003,0.579,0.0,0.0,0.008,0.0,0.001,5.211884498596191,5.511068820953369,6.192799091339111,5.572514533996582,5.096330642700195,4.728501796722412,4.220319271087647,5.226924896240234,5.257571697235107,7.027320384979248,4.900970458984375,5.9834489822387695,5.403508186340332,0.26370539662898945,0.2623615401342894,0.26700305501623844,0.004641514881949027
A6_A7_test_1m,test,1m,True,71,1.001,0.5934065934065935,0.5057092600657573,0.3021444416253244,0.5539450841312502,0.2878209484868511,0.1582339673818988,5.234482068281907,0.0,0.0,0.0,0.2737262737262738,0.4495504495504496,0.1128871128871129,0.1438561438561438,0.0189810189810189,0.0,0.0,0.0,0.0,0.0009990009990009,0.0,0.0,0.0,0.0,5.623097896575928,5.941628456115723,4.263978004455566,4.947737216949463,1.9186663627624512,4.46342134475708,5.340027809143066,5.962850093841553,5.788139343261719,6.946491718292236,5.930783748626709,5.340132713317871,5.58131217956543,0.3478538280183069,0.3021122614379334,0.5064983521269328,0.20438609068899943
A6_A7_test_1m,test,1m,True,72,1.001,0.3526473526473526,0.1047118867826667,0.0396373105108448,0.9265423927732386,0.0676405934318333,0.0058170137949281,5.297613822496855,0.2507492507492507,0.4705294705294705,0.0,0.0,0.0049950049950049,0.1678321678321678,0.0019980019980019,0.0,0.0739260739260739,0.0029970029970029,0.0,0.0209790209790209,0.0,0.0,0.0,0.0019980019980019,0.0039960039960039,4.010794639587402,4.097648143768311,6.1771111488342285,5.98659086227417,1.8746349811553955,5.29539680480957,4.858174800872803,5.624600887298584,5.851635456085205,7.697279930114746,5.673892498016357,6.208809852600098,5.512409687042236,0.1455091872551203,0.039637310510844626,0.36555494109318787,0.32591763058234324
A6_A7_test_1m,test,1m,True,73,0.9980000000000002,0.0761523046092184,0.2006726949814619,0.0255353238889922,0.954750538661933,0.0394282748981491,0.0058211864399176,5.492023046200092,0.002004008016032,0.0,0.0080160320641282,0.5521042084168336,0.002004008016032,0.0,0.0040080160320641,0.0,0.0,0.0090180360721442,0.0,0.0681362725450901,0.0,0.0070140280561122,0.0050100200400801,0.3426853707414829,0.0,5.263875484466553,6.050549983978272,3.890557050704956,5.882991790771484,4.25218391418457,5.885890960693359,5.954476356506348,5.748420715332031,5.709036350250244,7.543340682983398,5.362732410430908,4.499366760253906,5.352877140045166,0.13264501117352115,0.02199516140027199,0.4842729707601111,0.46227780935983914
A6_A7_test_1m,test,1m,True,74,0.999,0.5795795795795795,0.1786015466174352,0.120080517336403,0.7687123618541679,0.2224142416188578,0.0088733965269741,5.583093661528367,0.0,0.3623623623623623,0.0,0.0,0.0,0.002002002002002,0.0,0.0,0.0,0.0,0.004004004004004,0.5755755755755755,0.0,0.03003003003003,0.001001001001001,0.0,0.025025025025025,7.122435092926025,4.106628894805908,6.557686805725098,5.702586650848389,3.282304048538208,6.549750328063965,6.151535987854004,5.130862712860107,5.228610515594482,6.690323352813721,5.131763935089111,5.90350341796875,5.022225856781006,0.18508216845014724,0.10492357969700915,0.31694023572722213,0.21201665603021297
A6_A7_test_1m,test,1m,True,75,0.999,0.4894894894894894,0.4278387606738444,0.2620333995640937,0.5953791002651869,0.2851750003414387,0.1194458993933743,5.079312672981849,0.045045045045045,0.019019019019019,0.006006006006006,0.089089089089089,0.3943943943943944,0.048048048048048,0.0,0.004004004004004,0.0,0.014014014014014,0.0,0.05005005005005,0.0,0.072072072072072,0.066066066066066,0.1921921921921921,0.0,4.508308410644531,4.950162887573242,4.31964111328125,4.93144416809082,2.0622241497039795,6.461207866668701,6.133817195892334,5.373591423034668,5.48527717590332,6.6920976638793945,4.915063381195068,4.772440910339356,5.425788402557373,0.2998688585937808,0.22564996089014008,0.46858323720671646,0.24293327631657638
A6_A7_test_1m,test,1m,True,76,1.001,0.6243756243756244,0.2409739459831054,0.1618493352720583,0.7049203398378094,0.2664606497802646,0.0286190103819259,4.998651376137366,0.0579420579420579,0.0189810189810189,0.0,0.1018981018981019,0.0249750249750249,0.0009990009990009,0.0249750249750249,0.0189810189810189,0.2247752247752248,0.0,0.0789210789210789,0.2127872127872128,0.0,0.0199800199800199,0.0,0.0009990009990009,0.2137862137862138,4.3404459953308105,4.972414016723633,4.488748550415039,5.496950626373291,3.9420201778411865,4.643370151519775,4.446619033813477,5.009575843811035,5.463978290557861,7.056936264038086,5.262765407562256,5.39540958404541,4.463233947753906,0.2010429226547942,0.15173271905286295,0.34114397226717347,0.18941125321431052
A6_A7_test_1m,test,1m,True,77,1.002,0.9540918163672656,0.3936190878609633,0.3759339796962692,0.4068287889152012,0.4344744627770593,0.1586967483077395,5.560814985862145,0.0009980039920159,0.0009980039920159,0.0,0.0,0.6227544910179641,0.0429141716566866,0.0,0.0009980039920159,0.0,0.0009980039920159,0.0,0.3303393213572854,0.0,0.0,0.0,0.0,0.0,6.08729887008667,5.430667400360107,6.464676856994629,4.760856628417969,2.096327543258667,6.542675495147705,6.151079177856445,5.275223731994629,5.270022392272949,7.435298442840576,5.39333438873291,5.897472381591797,5.485661506652832,0.38066476455874687,0.37593228769250947,0.39885403991525037,0.0229217522227409
A6_A7_test_1m,test,1m,True,78,0.999,0.2202202202202202,0.4388815203800619,0.1098968565901464,0.8402077685639476,0.0997907496918116,0.0600014817442406,5.072209376555223,0.021021021021021,0.001001001001001,0.032032032032032,0.5755755755755755,0.001001001001001,0.0960960960960961,0.1921921921921922,0.0,0.0,0.024024024024024,0.006006006006006,0.0,0.031031031031031,0.0,0.0,0.02002002002002,0.0,4.679737567901611,5.904697895050049,4.026707172393799,6.280040740966797,1.944965124130249,4.344266891479492,5.187541484832764,5.678262710571289,6.044052600860596,5.613381385803223,5.703337669372559,4.954609394073486,5.577121257781982,0.20107030479507057,0.1098968565901464,0.49250579027388747,0.38260893368374105
A6_A7_test_1m,test,1m,True,79,1.0,0.997,0.4578011799411305,0.4564416344944335,0.3619875702741403,0.3631415904628524,0.2748708392630073,5.943764393146221,0.004,0.0,0.0,0.003,0.0,0.0,0.913,0.0,0.0,0.0,0.08,0.0,0.0,0.0,0.0,0.0,0.0,5.487216472625732,6.56054162979126,6.092414855957031,6.9945902824401855,5.376415729522705,3.720126152038574,4.976510047912598,5.301249980926514,6.559677600860596,7.110379695892334,5.808409214019775,6.906893730163574,6.37451171875,0.4567960141619312,0.4564416344944334,0.4579507264013071,0.0015090919068736497
A6_A7_test_1m,test,1m,True,80,1.0,0.168,0.3151874913343367,0.0632850417224209,0.9046601759490338,0.0641095646570904,0.0312302593938757,5.496101251015296,0.06,0.0,0.0,0.475,0.101,0.002,0.001,0.0,0.0,0.0,0.001,0.005,0.0,0.013,0.0,0.313,0.029,4.4173455238342285,6.176206111907959,3.931550741195679,5.359389305114746,3.512350082397461,6.4612555503845215,6.418187618255615,5.903438091278076,5.915242671966553,7.901358604431152,6.049714088439941,4.539394855499268,4.863883018493652,0.15743433941889223,0.05672360341832733,0.47531629854416857,0.41859269512584124
A6_A7_test_1m,test,1m,True,81,0.999,0.1621621621621621,0.3301237080468305,0.0978470969468142,0.8409377152332085,0.1224303756399542,0.0366319091268371,4.923734188079834,0.0,0.074074074074074,0.001001001001001,0.065065065065065,0.055055055055055,0.013013013013013,0.005005005005005,0.0,0.023023023023023,0.0,0.0,0.079079079079079,0.006006006006006,0.073073073073073,0.016016016016016,0.5615615615615616,0.028028028028028,5.590142250061035,4.627452373504639,4.254693508148193,5.429421424865723,2.4187169075012207,5.402462005615234,5.206273555755615,5.481727123260498,5.517183780670166,5.660898208618164,5.116410255432129,4.4454193115234375,4.857743740081787,0.17845588817050603,0.06096521535762265,0.47886195265624265,0.41789673729862
A6_A7_test_1m,test,1m,True,82,1.001,0.5464535464535465,0.3942007219782544,0.2218764355388773,0.6684044914884206,0.219438145945404,0.1121573625661753,5.182465589963472,0.0069930069930069,0.0029970029970029,0.0,0.2007992007992008,0.0009990009990009,0.0,0.3556443556443556,0.0109890109890109,0.0959040959040959,0.0009990009990009,0.0869130869130869,0.0,0.0239760239760239,0.0,0.0,0.2127872127872128,0.0009990009990009,4.863969802856445,5.7310471534729,4.242146968841553,6.1608195304870605,5.210541725158691,4.042956829071045,4.616827964782715,5.159637451171875,5.951138019561768,5.493325233459473,5.592076778411865,4.788120746612549,5.519444465637207,0.2753933816240686,0.22185780490407206,0.4456552396824225,0.22379743477835043
A6_A7_test_1m,test,1m,True,83,1.0,0.292,0.2952516692702076,0.0992869605421932,0.8378642311173335,0.1256976166809464,0.0364381522017199,5.346311752612774,0.0,0.005,0.0,0.647,0.129,0.0,0.0,0.0,0.053,0.0,0.11,0.0,0.0,0.0,0.056,0.0,0.0,5.140109062194824,5.3881449699401855,3.974446296691896,5.264849662780762,5.364297866821289,5.65339469909668,4.94779109954834,4.9671783447265625,5.700021743774414,7.627947330474853,4.931152820587158,5.074429035186768,5.468289852142334,0.18308060863514658,0.09928696054219319,0.4456296874269007,0.34634272688470746
A6_A7_test_1m,test,1m,True,84,1.001,0.7812187812187814,0.2421821285843018,0.1902078574936566,0.6309566733105807,0.3576709383915257,0.0113723882978937,5.065563788780799,0.0019980019980019,0.0,0.0,0.1598401598401598,0.0,0.0549450549450549,0.0,0.0009990009990009,0.2477522477522477,0.0,0.0099900099900099,0.5214785214785216,0.0,0.0,0.0,0.0029970029970029,0.0,4.907864093780518,5.51118278503418,4.385952472686768,5.718171119689941,2.012943744659424,5.317091941833496,4.398135662078857,5.200016975402832,5.279239177703857,7.152113914489746,5.227809906005859,5.360033512115479,5.381773948669434,0.21507122676653714,0.19020616379958336,0.300261513039884,0.11005534924030067
A6_A7_test_1m,test,1m,True,85,1.0,0.519,0.4930640607073902,0.2715513668721244,0.6134425434252143,0.2300121794053227,0.156545277169463,5.603990334730882,0.0,0.0,0.002,0.008,0.0,0.0,0.491,0.0,0.027,0.0,0.0,0.001,0.002,0.026,0.0,0.443,0.0,5.817679405212402,6.577033519744873,4.854757785797119,6.656164169311523,5.290352821350098,3.9678258895874015,4.8284783363342285,6.261226177215576,6.245367527008057,6.266475677490234,5.835623741149902,4.602066040039063,5.648823261260986,0.3201458230299409,0.25842849026393716,0.5000798975071356,0.2416514072431984
A6_A7_test_1m,test,1m,True,86,0.999,0.963963963963964,0.0196695451198693,0.0199458509856017,0.9676844679162468,0.0247393621963022,0.0075761698874506,5.389875118549053,0.8798798798798798,0.0,0.0,0.0,0.0,0.008008008008008,0.017017017017017,0.0,0.0,0.0,0.032032032032032,0.035035035035035,0.002002002002002,0.001001001001001,0.0,0.004004004004004,0.021021021021021,3.661675930023194,6.16478157043457,6.040580749511719,6.233975887298584,2.49015474319458,5.291504859924316,5.689957141876221,5.335516929626465,5.873450756072998,6.434873104095459,5.75508975982666,5.964283466339111,5.132531642913818,0.02375945262522805,0.01944061973095527,0.03725442637681088,0.01781380664585561
A6_A7_test_1m,test,1m,True,87,0.999,0.033033033033033,0.50765,0.0213690726123293,0.9656599127387772,0.0259420292977867,0.0083980579634359,6.255406177960909,0.0,0.955955955955956,0.0,0.0,0.033033033033033,0.0,0.0,0.001001001001001,0.0,0.0,0.0,0.0,0.0,0.0,0.01001001001001,0.0,0.0,6.781906127929688,3.86080002784729,6.866017818450928,5.671886920928955,6.2641472816467285,7.509933948516846,6.952165603637695,5.497596740722656,5.973762512207031,7.958018779754639,5.324968338012695,6.680383682250977,5.978692531585693,0.20118953546446802,0.021367375527477153,0.50765,0.4862826244725229
A6_A7_test_1m,test,1m,True,88,0.999,0.3963963963963963,0.2021557445252933,0.0821499000163259,0.8445385620063375,0.1466230759546729,0.0088383620389895,5.339869609245887,0.008008008008008,0.002002002002002,0.0,0.0,0.03003003003003,0.1481481481481481,0.0,0.0,0.002002002002002,0.0,0.0,0.3563563563563563,0.0,0.0,0.0,0.0,0.4534534534534534,5.061173915863037,5.33543586730957,6.109019756317139,5.419425964355469,1.879228591918945,6.453661918640137,5.85176944732666,5.376400470733643,5.369841575622559,7.458131313323975,5.281885147094727,5.58510684967041,4.237224102020264,0.15145464324532235,0.0821499000163259,0.3865531780100261,0.3044032779937002
A6_A7_test_1m,test,1m,True,89,1.0,0.915,0.3678780298869751,0.3512591663512573,0.4254438263153829,0.4465940146667196,0.1279621590178974,5.183077060259306,0.0,0.029,0.001,0.002,0.467,0.002,0.0,0.0,0.108,0.008,0.018,0.322,0.0,0.018,0.022,0.001,0.002,5.495697021484375,4.7804388999938965,5.523477554321289,4.840480327606201,3.3629491329193115,5.222255706787109,4.665224075317383,5.062694072723389,5.265368461608887,7.060793399810791,4.888465404510498,5.847632884979248,5.364524841308594,0.35756226661398316,0.3421740979302046,0.37975864734658227,0.03758454941637768
A6_A7_test_1m,test,1m,True,90,0.999,0.6386386386386385,0.214504332633077,0.142559677406003,0.7946855500782434,0.1255095450315069,0.0798049048902495,5.137655404897837,0.2942942942942942,0.079079079079079,0.0,0.016016016016016,0.002002002002002,0.0,0.2572572572572572,0.013013013013013,0.012012012012012,0.012012012012012,0.066066066066066,0.007007007007007,0.011011011011011,0.0,0.0,0.2302302302302302,0.0,4.004513740539551,4.699679851531982,4.712939739227295,6.040657043457031,5.343142032623291,4.2117018699646,4.936746597290039,5.1602630615234375,5.838156700134277,5.873058795928955,5.596771717071533,4.830235004425049,5.541654109954834,0.19051606279586017,0.14253761530292533,0.320435850069973,0.17789823476704766
A6_A7_test_1m,test,1m,True,91,0.998,0.8897795591182365,0.0704454321905942,0.0793275602960698,0.8449751799424382,0.1513945195229837,0.0036303005345779,5.181325380618755,0.4458917835671342,0.0080160320641282,0.0,0.0,0.0,0.002004008016032,0.0050100200400801,0.0070140280561122,0.0040080160320641,0.0080160320641282,0.1222444889779559,0.312625250501002,0.0070140280561122,0.0,0.0771543086172344,0.001002004008016,0.0,3.8545081615448,5.1211442947387695,6.015783786773682,5.823311805725098,3.378760814666748,5.493622779846191,5.389951705932617,4.886389255523682,5.346158981323242,5.771413326263428,4.788960933685303,5.968782901763916,5.518441200256348,0.09253417565295197,0.0793156687987041,0.11863431241006756,0.03931864361136346
A6_A7_test_1m,test,1m,True,92,1.0,0.464,0.2987885042147888,0.1434300008712586,0.736966687773179,0.2392066227111245,0.0238266895156963,5.086711131609404,0.094,0.0,0.0,0.0,0.001,0.004,0.037,0.0,0.309,0.001,0.022,0.001,0.016,0.0,0.001,0.02,0.494,4.220845699310303,6.203587055206299,5.751074314117432,6.238379001617432,2.9114015102386475,4.518979549407959,4.350026607513428,5.407455921173096,5.926309585571289,5.664984226226807,5.369826316833496,5.344653129577637,4.219721794128418,0.20713161014885903,0.1434300008712586,0.41073826595566204,0.2673082650844034
A6_A7_test_1m,test,1m,True,93,0.999,0.5905905905905906,0.4404195592221698,0.2842666175291589,0.5906953889517663,0.2500759870381494,0.1592286240100842,5.25266760129195,0.067067067067067,0.0,0.01001001001001,0.036036036036036,0.0,0.2252252252252252,0.5185185185185185,0.026026026026026,0.0,0.0,0.001001001001001,0.004004004004004,0.1041041041041041,0.008008008008008,0.0,0.0,0.0,4.4913177490234375,6.433738708496094,4.999447822570801,6.728973388671875,1.8431023359298704,3.934542179107666,4.9809088706970215,6.020837306976318,6.173837661743164,4.99713134765625,5.73264217376709,5.934658050537109,6.013541221618652,0.32551059450401154,0.28018064328583187,0.4679443342753554,0.18776369098952356
A6_A7_test_1m,test,1m,True,94,1.001,0.7522477522477521,0.2530847822219269,0.1913270605611259,0.7118826268212144,0.193580625235319,0.0945367479434664,5.582974470578707,0.3756243756243755,0.0079920079920079,0.0,0.0,0.3666333666333666,0.0,0.0009990009990009,0.0089910089910089,0.0019980019980019,0.0,0.0,0.0069930069930069,0.0,0.0,0.0,0.1208791208791208,0.1098901098901098,3.8842382431030273,5.2467942237854,5.633842468261719,4.97205114364624,5.682507038116455,6.322555541992188,5.97490930557251,5.806055545806885,5.752017498016357,7.828817367553711,5.934755802154541,4.931248188018799,4.608875751495361,0.2210932097839053,0.19131181731446698,0.3161538871259846,0.1248420698115176
A6_A7_test_1m,test,1m,True,95,1.0,0.545,0.5027726122044996,0.2771505470626103,0.58059412667779,0.2845106525191996,0.1348952208030103,5.189936821277325,0.0,0.0,0.0,0.299,0.525,0.142,0.0,0.0,0.019,0.0,0.0,0.001,0.006,0.0,0.0,0.0,0.008,5.445598125457764,5.956569671630859,4.197303771972656,4.868087768554688,1.86746883392334,5.906708717346191,5.3186869621276855,5.957058429718018,5.669552326202393,5.932260513305664,5.913592338562012,5.256612300872803,5.179678916931152,0.3283987266618782,0.2771505470626102,0.5049918236514523,0.22784127658884212
A6_A7_test_1m,test,1m,True,96,1.0,0.62,0.3861094623977862,0.2492026223548367,0.5283635083955898,0.4448677384991467,0.0267687531052633,5.411290608919584,0.0,0.0,0.0,0.322,0.0,0.0,0.006,0.012,0.614,0.0,0.0,0.0,0.0,0.0,0.046,0.0,0.0,4.910197734832764,6.312012195587158,4.209887027740479,6.351716041564941,5.072776317596436,4.557524681091309,4.126070022583008,5.849058151245117,5.936196804046631,7.17277193069458,4.939549922943115,5.311169147491455,5.597847938537598,0.2937258239443855,0.24918227770162943,0.4322948666866274,0.183112588984998
A6_A7_test_1m,test,1m,True,97,1.001,0.4965034965034964,0.1835902277001076,0.1504686017309401,0.7358303438342643,0.227402108869591,0.0367675472961445,5.608062890859751,0.0,0.3656343656343656,0.0,0.0,0.0,0.0,0.0229770229770229,0.0049950049950049,0.0,0.0,0.0309690309690309,0.4425574425574425,0.0019980019980019,0.1138861138861138,0.0,0.0,0.0169830169830169,7.142473220825195,4.122744083404541,6.536277770996094,5.77000617980957,5.753370761871338,5.176507949829102,5.5800461769104,5.0217814445495605,5.268698692321777,6.096690654754639,5.294918060302734,6.005282878875732,5.136019706726074,0.19882529015664302,0.09297884787928865,0.34675318997697635,0.2537743420976877
A6_A7_test_1m,test,1m,True,98,1.0,0.1,0.5000447253826864,0.08015999312762,0.8710136910317875,0.0976526316811847,0.0313336772870276,5.191432806161734,0.0,0.093,0.004,0.159,0.005,0.0,0.095,0.0,0.0,0.0,0.0,0.0,0.148,0.0,0.003,0.316,0.177,5.818167686462402,4.638286113739014,4.201443672180176,6.041647434234619,5.636472225189209,4.640548706054688,5.363349437713623,5.822348594665527,5.939109802246094,4.884371280670166,5.389618873596191,4.6250834465026855,4.4881792068481445,0.19261616496959855,0.08015999312762,0.5068894725382687,0.42672947941064865
A6_A7_test_1m,test,1m,True,99,1.0,0.474,0.3886279888535205,0.2276421741522651,0.576953145359649,0.3908093609761717,0.0322374936641793,5.267571302560659,0.0,0.328,0.0,0.017,0.0,0.0,0.015,0.01,0.459,0.002,0.0,0.0,0.129,0.037,0.0,0.0,0.003,5.159572601318359,4.231803894042969,5.208954811096191,6.364228248596191,5.07499361038208,4.580493450164795,4.242485523223877,5.693319797515869,5.844789505004883,4.807442665100098,5.527176380157471,6.16259765625,5.580568790435791,0.2999765376220359,0.2089503574090953,0.4512335667165688,0.2422832093074735
A6_A7_test_1m,test,1m,True,100,1.0,0.372,0.208102553862782,0.0890051539360226,0.8357028744529468,0.1505839432220611,0.013713182324992,5.286745548248291,0.173,0.2,0.002,0.01,0.0,0.0,0.0,0.055,0.199,0.0,0.0,0.0,0.0,0.018,0.0,0.328,0.015,4.074522495269775,4.380816459655762,4.6876749992370605,6.301149845123291,5.257030487060547,5.248055934906006,4.518953323364258,5.73680305480957,5.959805965423584,7.211332321166992,5.668274879455566,4.659868240356445,5.023404121398926,0.17027734076124706,0.07982683918776985,0.39621835003695494,0.3163915108491851
A6_A7_test_1m,test,1m,True,101,1.002,0.217564870259481,0.0079612116214765,0.0317997801214675,0.9484303782161896,0.0395396833246854,0.0120299384591248,5.7576320721552925,0.1257485029940119,0.0059880239520958,0.0109780439121756,0.0,0.0,0.0,0.0,0.0,0.0,0.0,0.0868263473053892,0.0049900199600798,0.0,0.0459081836327345,0.0259481037924151,0.0,0.6936127744510977,4.226479530334473,5.384117126464844,6.009222984313965,6.388203144073486,5.950034141540527,6.905793190002441,6.431166172027588,5.067602634429932,5.96929407119751,7.712268352508545,5.139980316162109,5.546153545379639,4.11890172958374,0.11087815915382446,0.008628725155376294,0.39893527358630915,0.3903065484309329
A6_A7_test_1m,test,1m,True,102,1.0,0.208,0.0274731425146638,0.0093034393299576,0.9863825084027305,0.008628104534624,0.0049893870626456,5.30854738675631,0.082,0.031,0.004,0.741,0.0,0.006,0.01,0.0,0.0,0.0,0.116,0.0,0.0,0.0,0.0,0.0,0.01,4.457885265350342,4.922618389129639,3.933091640472412,6.3181915283203125,2.6789140701293945,5.550501346588135,5.9818115234375,5.035756587982178,6.077685356140137,7.922704219818115,6.00526237487793,5.006394386291504,5.120299339294434,0.10496360978932388,0.009303439329957626,0.4077732136430501,0.39846977431309244
A6_A7_test_1m,test,1m,True,103,0.998,0.408817635270541,0.0096927166808547,0.033410389097886,0.9493679725964002,0.0344432766114274,0.0161887507921722,5.351222936923687,0.1643286573146292,0.001002004008016,0.0,0.0,0.0,0.0470941883767535,0.0050100200400801,0.0,0.0,0.0,0.2394789579158316,0.0,0.0,0.0541082164328657,0.0,0.1943887775551102,0.2945891783567134,4.160738468170166,5.81374979019165,5.522393226623535,6.52901029586792,2.0661394596099854,5.84902811050415,6.163114547729492,4.860396862030029,6.212225437164307,7.227148056030273,6.007335186004639,4.794990539550781,4.359628200531006,0.08561307794177717,0.0061005641849021025,0.3040762809677241,0.297975716782822
A6_A7_test_1m,test,1m,True,104,0.999,0.8008008008008006,0.0824186107135099,0.0719194049948967,0.880572929046782,0.095015331916642,0.0244117390365757,5.032535387919499,0.5775775775775774,0.1551551551551551,0.0,0.005005005005005,0.034034034034034,0.008008008008008,0.046046046046046,0.001001001001001,0.005005005005005,0.005005005005005,0.021021021021021,0.1171171171171171,0.005005005005005,0.0,0.02002002002002,0.0,0.0,3.7973055839538574,4.442276954650879,5.406065464019775,5.570090293884277,2.5170094966888428,4.861111164093018,5.220707893371582,5.221468925476074,5.537351131439209,6.017807960510254,5.069978713989258,6.140456199645996,5.621330261230469,0.10590971438612357,0.07191770791004454,0.16712436293374155,0.09520665502369702
A6_A7_test_1m,test,1m,True,105,1.0,0.621,0.3821197629997945,0.2384045599573753,0.616392166315326,0.2904065474545971,0.0932012862300766,5.332005354074331,0.018,0.093,0.0,0.0,0.352,0.0,0.004,0.0,0.059,0.0,0.0,0.188,0.0,0.0,0.0,0.0,0.286,4.683950424194336,4.5112738609313965,5.995569705963135,4.938888549804688,5.473531246185303,5.199122428894043,4.860823154449463,5.321455955505371,5.368151664733887,7.489512920379639,5.423144340515137,5.6737961769104,4.376849174499512,0.289851873471092,0.23840455995737528,0.4296957228228724,0.1912911628654971
A6_A7_test_1m,test,1m,True,106,1.001,0.952047952047952,0.3754781964550978,0.3665744350785904,0.3147717892737988,0.6373075512952215,0.0479206594309797,5.500462238605206,0.0,0.0009990009990009,0.0,0.0,0.0379620379620379,0.0,0.0179820179820179,0.0,0.8191808191808192,0.0,0.0,0.0769230769230769,0.0,0.0019980019980019,0.0449550449550449,0.0,0.0,5.081550598144531,5.805113792419434,6.522989273071289,5.588381767272949,4.90165901184082,4.360226631164551,4.000739097595215,5.553884029388428,5.610994815826416,6.932168960571289,4.854262351989746,6.537801265716553,5.756237506866455,0.37152608779170193,0.36556599147540997,0.3818161051165915,0.016250113641181507
A6_A7_test_1m,test,1m,True,107,1.0020000000000002,0.7275449101796405,0.1798811834083147,0.1339487048856651,0.7407646306972869,0.2505733288340951,0.0086620404686175,5.0212734662569485,0.0399201596806387,0.0,0.0,0.1247504990019959,0.0059880239520958,0.0099800399201596,0.0169660678642714,0.0009980039920159,0.0,0.0029940119760479,0.0019960079840319,0.6626746506986027,0.0,0.0,0.0079840319361277,0.0638722554890219,0.06187624750499,4.54608154296875,5.429609775543213,4.3275065422058105,5.454573631286621,2.529719829559326,5.223532676696777,5.458452701568604,5.20395565032959,5.210868835449219,7.228273868560791,4.955033302307129,4.990832328796387,4.718114376068115,0.16600393659899396,0.13394701288190528,0.2691834657731149,0.13523645289120964
A6_A7_test_1m,test,1m,True,108,1.0,0.495,0.1293453255428054,0.0664480340112902,0.8932797590003869,0.0805444139766456,0.0261758270229674,5.221878198476938,0.001,0.003,0.0,0.263,0.001,0.0,0.082,0.0,0.004,0.0,0.295,0.112,0.002,0.0,0.0,0.086,0.151,5.408057689666748,5.410489559173584,4.1876983642578125,5.80122184753418,5.510451316833496,4.692226886749268,5.270440578460693,4.780368804931641,5.504558563232422,6.403193950653076,5.465170383453369,4.89464282989502,4.555895805358887,0.12645501363380698,0.06644803401129025,0.3203891861436887,0.2539411521323985
A6_A7_test_1m,test,1m,True,109,1.0,0.913,0.1829428183625078,0.1675954052138752,0.669981759563696,0.3248456704448577,0.0051725699914464,5.327835669884315,0.002,0.0,0.0,0.001,0.0,0.079,0.01,0.001,0.0,0.001,0.0,0.901,0.0,0.0,0.0,0.0,0.005,5.58039665222168,5.367237567901611,5.943726539611816,5.63065767288208,1.9543375968933103,5.374813556671143,5.55183219909668,5.215037345886231,5.15457010269165,7.239418983459473,5.191680908203125,5.819060325622559,5.239094257354736,0.1764845199788856,0.16759370982610797,0.2111923431649696,0.04359863333886163
A6_A7_test_1m,test,1m,True,110,1.0,0.509,0.3871058045291231,0.2001584016234536,0.6251666799317912,0.3493498368895103,0.0254834831786984,5.304491354868962,0.001,0.0,0.0,0.0,0.0,0.046,0.016,0.013,0.491,0.002,0.001,0.0,0.0,0.001,0.0,0.429,0.0,5.03787899017334,6.32092809677124,5.737797737121582,6.323809623718262,2.0444905757904053,4.519790172576904,4.189416885375977,5.9589056968688965,6.029458999633789,7.20215368270874,5.638190269470215,4.536550998687744,5.419015884399414,0.25682099080711424,0.19963163555908722,0.4462930045053237,0.2466613689462365
A6_A7_test_1m,test,1m,True,111,0.999,0.9159159159159158,0.1780984567286899,0.1657011424863514,0.6876119161710555,0.2933738826851857,0.0190142011437585,5.349758625030518,0.4984984984984984,0.0,0.0,0.012012012012012,0.0,0.004004004004004,0.001001001001001,0.022022022022022,0.4164164164164163,0.0,0.0,0.0,0.0,0.004004004004004,0.001001001001001,0.041041041041041,0.0,3.7741682529449454,6.42027473449707,4.934450149536133,6.519199848175049,2.863538980484009,4.927071571350098,4.246852874755859,6.157088279724121,6.136208534240723,7.058755874633789,5.536301136016846,5.36957311630249,5.603378772735596,0.1738960251645315,0.16364288160101872,0.20580849640315435,0.042165614802135626
A6_A7_test_1m,test,1m,True,112,0.999,0.1281281281281281,0.3671696577050998,0.077965407112799,0.8492742330596433,0.1455207196551149,0.0052050472852415,5.1627951218531685,0.006006006006006,0.2622622622622622,0.021021021021021,0.0,0.0,0.002002002002002,0.0,0.0,0.1221221221221221,0.001001001001001,0.0,0.0,0.1591591591591591,0.0,0.0,0.0,0.4264264264264263,4.932381629943848,4.284348011016846,6.086533069610596,6.47288179397583,3.414722204208374,5.369571208953857,4.673436641693115,5.771249771118164,5.91808032989502,4.779542922973633,5.516477108001709,5.621950626373291,4.275161266326904,0.19922149731483968,0.07796540711279905,0.4896505167029557,0.41168510959015664
A6_A7_test_1m,test,1m,True,113,0.997,0.6990972918756269,0.2198379192632851,0.1549465972792336,0.7477315380645808,0.1946437293123706,0.0576247326230483,5.112499567178579,0.0511534603811434,0.0962888665997993,0.0010030090270812,0.0100300902708124,0.0180541624874623,0.0,0.1695085255767301,0.0010030090270812,0.033099297893681,0.0,0.1695085255767301,0.2577733199598796,0.0020060180541624,0.0,0.0,0.0020060180541624,0.1885656970912738,4.496362686157227,4.566376209259033,5.113677024841309,5.537201881408691,5.395689487457275,4.360186576843262,4.848523616790772,4.878668785095215,5.383833885192871,6.299064159393311,5.350302696228027,5.67677640914917,4.555830955505371,0.19728837713882902,0.15494489678999857,0.30644135378787307,0.1514964569978745
A6_A7_test_1m,test,1m,True,114,1.0,0.292,0.4571549429485742,0.1619773029435019,0.7271981126529726,0.221649168807051,0.0511527185399763,5.043016635454618,0.001,0.006,0.0,0.532,0.178,0.002,0.0,0.023,0.112,0.0,0.001,0.0,0.144,0.0,0.0,0.0,0.001,5.034984111785889,5.412528991699219,4.04245662689209,5.222403526306152,3.2418053150177,5.4254069328308105,4.699774265289307,5.79433536529541,5.690005302429199,4.794958591461182,5.673043251037598,5.1441650390625,5.3833489418029785,0.24510677237667963,0.16193830902485454,0.4929054433409837,0.3309671343161291
A6_A7_test_1m,test,1m,True,115,1.0,0.71,0.2102614691372359,0.1506252587563214,0.705235746302997,0.2882779898813631,0.0064862638156398,5.322289026700533,0.005,0.0,0.0,0.29,0.001,0.0,0.0,0.0,0.108,0.0,0.0,0.596,0.0,0.0,0.0,0.0,0.0,4.861550331115723,5.505639553070068,4.195528507232666,5.56240177154541,5.250946998596191,5.550697326660156,4.664981842041016,5.297249794006348,5.2405548095703125,7.264562606811523,5.244748592376709,5.232609272003174,5.318285942077637,0.18488195994777237,0.15062525875632138,0.29650414308743744,0.14587888433111607
A6_A7_test_1m,test,1m,True,116,0.998,0.8837675350701402,0.3304542809312766,0.3076467868951459,0.5377752836319256,0.3091558589458568,0.1530688574222174,5.231626620659461,0.2945891783567134,0.033066132264529,0.002004008016032,0.001002004008016,0.5561122244488977,0.0180360721442885,0.0120240480961923,0.0280561122244488,0.0,0.0,0.0080160320641282,0.0130260521042084,0.0,0.0300601202404809,0.0,0.0040080160320641,0.0,3.981693983078003,4.8254008293151855,5.685456275939941,4.852354049682617,2.2457048892974854,5.390290260314941,5.727683544158936,5.290268421173096,5.642068862915039,7.436970233917236,5.614604473114014,5.752138137817383,5.566512107849121,0.31332398792997773,0.2924270959540255,0.35105017613365297,0.058623080179627474
A6_A7_test_1m,test,1m,True,117,1.0,0.894,0.3831705900434238,0.3437432818831599,0.3496822186403244,0.6131489989530314,0.0371687824066441,5.446287631988525,0.0,0.001,0.007,0.089,0.0,0.0,0.009,0.005,0.872,0.0,0.0,0.013,0.0,0.0,0.004,0.0,0.0,4.932566642761231,6.1056952476501465,4.62010669708252,6.317394733428955,5.042623043060303,4.418699264526367,3.996776580810547,5.875491619110107,5.882785320281982,7.07266092300415,5.205085277557373,5.638564109802246,5.693289756774902,0.35635361993098136,0.3437348049443235,0.396365407498821,0.052630602554497474
A6_A7_test_1m,test,1m,True,118,0.999,0.1551551551551551,0.0097717059569908,0.0067725986061932,0.9884044185263192,0.0096459657349746,0.0019496157387059,5.708623335911677,0.0,0.029029029029029,0.0,0.7987987987987988,0.0,0.0,0.0,0.0,0.0,0.003003003003003,0.1491491491491491,0.006006006006006,0.005005005005005,0.0,0.0,0.009009009009009,0.0,5.825222015380859,4.908968448638916,3.9038219451904297,6.207034587860107,5.728129863739014,7.506984710693359,6.937975883483887,4.955162525177002,5.849216938018799,6.194634914398193,5.811098575592041,4.910089492797852,5.473763465881348,0.10857528676304529,0.0067725986061931975,0.43040161603937294,0.4236290174331797
A6_A7_test_1m,test,1m,True,119,0.999,0.7217217217217217,0.4641833011600479,0.3478882323014752,0.4787614229812988,0.3467006894344516,0.1745378875842494,4.819635070287264,0.046046046046046,0.015015015015015,0.0,0.027027027027027,0.5485485485485485,0.1341341341341341,0.1111111111111111,0.0,0.002002002002002,0.0,0.014014014014014,0.0,0.03003003003003,0.005005005005005,0.022022022022022,0.033033033033033,0.012012012012012,4.533124923706055,5.031755447387695,4.796388626098633,4.875053882598877,1.890751957893372,4.5382585525512695,5.171910762786865,5.250219821929932,5.56952428817749,5.396379470825195,5.114506244659424,5.323615074157715,5.163766860961914,0.37769444400561053,0.345362076028243,0.47627913927567006,0.13091706324742708
A6_A7_test_1m,test,1m,True,120,1.002,0.4261477045908183,0.4787105669704115,0.2142439676697099,0.6735521673291043,0.2244077300023714,0.1020401026685242,5.282045437739446,0.0119760479041916,0.4960079840319361,0.0279441117764471,0.0049900199600798,0.3952095808383233,0.0,0.0,0.0,0.0029940119760479,0.0,0.0039920159680638,0.0119760479041916,0.029940119760479,0.0059880239520958,0.0009980039920159,0.0079840319361277,0.0,4.925303936004639,4.03614616394043,5.254326820373535,4.94866943359375,4.691215515136719,6.322628021240234,5.799091815948486,5.256874084472656,5.525004863739014,5.435956954956055,5.389694213867188,5.524143695831299,5.557535171508789,0.3145802234653258,0.21122165615239363,0.495317527042281,0.28409587088988736
A6_A7_test_1m,test,1m,True,121,1.001,0.879120879120879,0.2882207812111599,0.2553395253265396,0.6397951310079154,0.2097306873310894,0.1504741816609949,5.450615240977361,0.1668331668331668,0.0,0.0499500499500499,0.0009990009990009,0.0189810189810189,0.0,0.4815184815184814,0.0029970029970029,0.0,0.0009990009990009,0.2017982017982018,0.0099900099900099,0.0,0.0,0.0069930069930069,0.0589410589410589,0.0,4.21726655960083,6.098246097564697,5.639960289001465,5.803591251373291,5.429922580718994,3.978227376937866,5.004249572753906,4.970276355743408,5.90302848815918,7.537386417388916,5.318126201629639,5.23289155960083,5.724825382232666,0.27042627269904107,0.2553344442443198,0.3147451922735468,0.05941074802922702
A6_A7_test_1m,test,1m,True,122,1.0,0.443,0.4173632674077068,0.1999198511212687,0.7009749845145702,0.198210328728322,0.1008146867571077,4.936770695906419,0.012,0.0,0.046,0.023,0.064,0.064,0.27,0.0,0.0,0.002,0.0,0.097,0.049,0.007,0.0,0.365,0.001,4.886195182800293,5.918745994567871,4.561302185058594,5.4697465896606445,2.0342588424682617,4.197268962860107,5.068046569824219,5.683923244476318,5.568505764007568,5.28455924987793,5.529810905456543,4.606932640075684,5.368722915649414,0.2630376421209211,0.19638676895752605,0.4676529774616142,0.27126620850408817
A6_A7_test_1m,test,1m,True,123,0.999,0.5745745745745745,0.1598236603538632,0.0943219457096289,0.8233682751436248,0.1646195582934922,0.0120121665628827,5.454761578486516,0.3413413413413413,0.0,0.0,0.0,0.0,0.0,0.004004004004004,0.024024024024024,0.2292292292292292,0.0,0.0,0.0,0.003003003003003,0.0,0.0,0.3983983983983983,0.0,3.863117218017578,6.404367446899414,5.393904209136963,6.451970100402832,5.255227088928223,4.88280200958252,4.447564601898193,6.279043674468994,6.080399036407471,6.019537448883057,5.782103061676025,4.57120418548584,5.480660438537598,0.14413709879662298,0.09428121567317782,0.3077978288719894,0.2135166131988116
A6_A7_test_1m,test,1m,True,124,1.0,0.316,0.0627637122333946,0.0240170778167531,0.96469681582024,0.022572212726014,0.0127309714537461,5.221884736647973,0.0,0.016,0.0,0.165,0.0,0.157,0.037,0.0,0.0,0.005,0.276,0.003,0.001,0.0,0.0,0.34,0.0,5.786683082580566,5.114856243133545,4.1961774826049805,6.337358474731445,1.89646065235138,5.076879024505615,5.735607624053955,4.873430252075195,5.98804235458374,7.091471195220947,5.66753625869751,4.616472244262695,5.50352668762207,0.1032053583882464,0.024017077816753156,0.36706593306575275,0.3430488552489996
A6_A7_test_1m,test,1m,True,125,0.999,0.3063063063063063,0.1352453285800617,0.0515519002280699,0.9028251077468396,0.0912459840501806,0.0059289082029796,5.063311173365666,0.002002002002002,0.0,0.0,0.2752752752752753,0.0,0.001001001001001,0.0,0.018018018018018,0.068068068068068,0.003003003003003,0.1541541541541541,0.082082082082082,0.014014014014014,0.009009009009009,0.0,0.024024024024024,0.3493493493493493,5.027461528778076,5.791845798492432,4.1693925857543945,5.974771499633789,3.696765899658203,5.542553424835205,4.865415096282959,4.90947151184082,5.521528244018555,5.545639514923096,5.461862564086914,5.012091636657715,4.304245948791504,0.13063307778249228,0.04697427140891345,0.39358010064614496,0.3466058292372315
A6_A7_test_1m,test,1m,True,126,0.999,0.1811811811811811,0.4443525783922272,0.0944854955889381,0.8569648113653952,0.0970993860913329,0.0459358025432716,5.075846562018762,0.015015015015015,0.5155155155155154,0.029029029029029,0.001001001001001,0.002002002002002,0.005005005005005,0.1481481481481481,0.006006006006006,0.014014014014014,0.0,0.002002002002002,0.0,0.002002002002002,0.0,0.063063063063063,0.002002002002002,0.1951951951951951,4.849912166595459,4.09419584274292,5.8356146812438965,6.1330180168151855,2.7941813468933105,4.4626078605651855,5.0207200050354,5.4907965660095215,5.837522029876709,6.312097072601318,4.977877616882324,5.634623050689697,4.542839050292969,0.22691002747995181,0.09447531307982532,0.4961816983873804,0.4017063853075551
A6_A7_test_1m,test,1m,True,127,0.998,0.0140280561122244,0.3031265664160401,0.0380631472132353,0.9278533785123316,0.0681669485488662,0.0039796729388022,5.145153375772329,0.0,0.4338677354709419,0.0070140280561122,0.3076152304609218,0.0,0.0060120240480961,0.0,0.0140280561122244,0.0110220440881763,0.0,0.003006012024048,0.0,0.1452905811623246,0.0090180360721442,0.0,0.06312625250501,0.0,5.552592754364014,4.138077735900879,4.18839693069458,6.315741062164307,2.688095569610596,6.081597328186035,5.465789794921875,5.541308403015137,5.8840012550354,4.850398063659668,5.659172058105469,4.984810829162598,5.537012100219727,0.1807557570060313,0.03348772673300668,0.5047809337974193,0.4712932070644126
A6_A7_test_1m,test,1m,True,128,1.0,0.645,0.1283740141215724,0.1144689503646763,0.8002572972809319,0.1705475047087832,0.0291951980102847,5.006139021653396,0.302,0.027,0.036,0.082,0.0,0.0,0.061,0.002,0.064,0.0,0.073,0.145,0.084,0.026,0.013,0.085,0.0,3.9447197914123535,4.925541400909424,4.429626941680908,5.979283809661865,5.41388463973999,4.617212295532227,4.754766941070557,5.068110466003418,5.470154762268066,4.976600170135498,5.033500671386719,5.005953788757324,5.460451602935791,0.15028258682919798,0.10134268298095468,0.2630169891084143,0.16167430612745964
A6_A7_test_1m,test,1m,True,129,1.001,0.9820179820179822,0.2570045275172285,0.25346441441396,0.5650314423918261,0.3630082863884279,0.071960271219746,5.386295612041767,0.0,0.0,0.0079920079920079,0.0,0.0309690309690309,0.0039960039960039,0.2057942057942058,0.0,0.0,0.0,0.0009990009990009,0.7442557442557444,0.0,0.0019980019980019,0.0,0.0,0.0039960039960039,6.677750587463379,5.44780158996582,6.271968364715576,5.347390651702881,3.0995593070983887,4.307790756225586,5.10968017578125,5.231082439422607,5.215922832489014,7.107138633728027,5.12764835357666,5.777606010437012,5.300503253936768,0.2550284397089732,0.2524559708107795,0.2615116389105249,0.00905566809974545
A6_A7_test_1m,test,1m,True,130,1.0,0.537,0.4628193641685776,0.2746781639964507,0.5954317660679763,0.259780139871146,0.1447880940608776,4.963192664659941,0.0,0.022,0.04,0.179,0.026,0.053,0.45,0.002,0.002,0.023,0.005,0.054,0.097,0.006,0.0,0.041,0.0,5.722676753997803,5.094728946685791,4.382060050964356,5.734604358673096,2.0663137435913086,3.984846830368042,4.9769439697265625,5.573207855224609,5.673957824707031,4.992778301239014,5.531230449676514,5.141210079193115,5.646945476531982,0.3286028120791012,0.27164641708056525,0.4835759485585262,0.21192953147796095
A6_A7_test_1m,test,1m,True,131,1.0,0.472,0.1095987497147088,0.068332981917188,0.8722324843000461,0.1188690675655319,0.008898448134422,5.076912788244394,0.047,0.129,0.003,0.001,0.025,0.009,0.006,0.0,0.0,0.004,0.198,0.196,0.001,0.0,0.08,0.0,0.301,4.629683017730713,4.435621738433838,5.723870754241943,5.474818229675293,2.5684268474578857,5.575578689575195,5.674116611480713,4.788957118988037,5.371663093566895,6.868988037109375,4.80772590637207,5.693981647491455,4.386434555053711,0.1395342734366637,0.06833298191718798,0.31976980986534254,0.2514368279481546
A6_A7_test_1m,test,1m,True,132,1.0,0.88,0.2394767010826542,0.222455491233058,0.6080036894021171,0.3390816387296496,0.0529146718682332,5.258599299650926,0.373,0.0,0.0,0.001,0.005,0.0,0.117,0.0,0.384,0.0,0.0,0.001,0.006,0.001,0.055,0.04,0.017,3.8699581623077393,6.305392742156982,5.4308695793151855,6.107271671295166,5.199743747711182,4.220847606658936,4.261429309844971,5.812968730926514,5.912191867828369,5.740954399108887,4.962138652801514,5.403643608093262,5.13438081741333,0.23613087494803714,0.22195076520966622,0.27165749695273567,0.04970673174306944
A6_A7_test_1m,test,1m,True,133,1.003,0.1754735792622133,0.4165395193698065,0.0894605429107191,0.8602272958683541,0.1006243224418537,0.0391483816897922,4.978934398064246,0.0019940179461615,0.0009970089730807,0.0,0.2502492522432702,0.0338983050847457,0.0319042871385842,0.0917248255234297,0.0458624127617148,0.0259222333000997,0.0109670987038883,0.0219341974077766,0.0,0.0009970089730807,0.0,0.0598205383848454,0.4147557328015952,0.0089730807577268,5.159289360046387,5.841323852539063,4.061378479003906,5.602715492248535,2.153970241546631,4.584442615509033,4.982475757598877,5.315028190612793,5.776102066040039,6.647067546844482,4.97953462600708,4.520909786224365,5.101909160614014,0.18545807877787945,0.08938278833714508,0.4916625178555193,0.4022797295183742
A6_A7_test_1m,test,1m,True,134,1.001,0.7692307692307693,0.1756354681435135,0.1440728635200558,0.7227280976146713,0.2663980777305457,0.0108738246547829,5.45208663206834,0.0,0.0,0.0,0.0049950049950049,0.0219780219780219,0.0,0.0,0.0199800199800199,0.0,0.0,0.0589410589410589,0.6883116883116883,0.0059940059940059,0.0139860139860139,0.0,0.0779220779220779,0.1078921078921079,6.531673431396484,5.38051176071167,5.032177448272705,5.316520690917969,5.657011032104492,6.449549198150635,5.965469837188721,4.937533855438232,5.134125709533691,5.630267143249512,5.218482494354248,5.031378269195557,4.592425346374512,0.1666266994831114,0.13697988441632863,0.25225420626424094,0.11527432184791231
A6_A7_test_1m,test,1m,True,135,1.0,0.58,0.499644447771249,0.2910252406582975,0.5925604491530898,0.2328286203772251,0.1746109304696849,5.882924281633818,0.0,0.418,0.0,0.002,0.0,0.0,0.58,0.0,0.0,0.0,0.0,0.0,0.0,0.0,0.0,0.0,0.0,6.660762310028076,4.219965934753418,6.153250694274902,6.6320013999938965,5.500192165374756,3.925327062606812,5.119602203369141,5.814503192901611,6.250197410583496,7.464506149291992,5.817731857299805,6.812508583068848,6.107466697692871,0.36934294992026234,0.2910252406582975,0.5030067797073244,0.21198153904902695
A6_A7_test_1m,test,1m,True,136,0.999,0.2242242242242242,0.2305013353696742,0.0603213398112508,0.9067785302102556,0.0658002599569871,0.0274212098327572,5.645181380785429,0.0,0.019019019019019,0.0,0.7277277277277278,0.1011011011011011,0.0,0.0,0.0,0.0,0.0,0.1231231231231231,0.0,0.0,0.0,0.029029029029029,0.0,0.0,5.418982028961182,5.005815982818604,3.936906576156616,5.323731422424316,5.674269676208496,7.244078159332275,6.624621868133545,4.95549201965332,5.768805980682373,7.876951694488525,5.08675479888916,5.043766021728516,5.427181720733643,0.15317209580922425,0.060321339811250804,0.4455065556784855,0.3851852158672347
A6_A7_test_1m,test,1m,True,137,0.999,0.6096096096096096,0.4572864812655176,0.2804389559483739,0.5550592822547277,0.3290035235937969,0.1159371941514754,5.335846644181472,0.0,0.0,0.0,0.0,0.2392392392392392,0.0,0.1571571571571571,0.0,0.2032032032032032,0.0,0.007007007007007,0.003003003003003,0.003003003003003,0.0,0.0,0.0,0.3873873873873873,5.357742786407471,5.937755107879639,6.1898040771484375,5.148161888122559,5.163258075714111,4.239112854003906,4.466028213500977,5.500097751617432,5.694329738616943,6.130125522613525,5.451999187469482,5.763524055480957,4.324067115783691,0.3269386613233438,0.2804389559483739,0.47694791500570594,0.196508959057332
A6_A7_test_1m,test,1m,True,138,1.001,0.779220779220779,0.4781451677669512,0.3736005098753236,0.471630795680053,0.3095373888892465,0.2188318154307003,5.734728152935322,0.0,0.0,0.0,0.0,0.0,0.0,0.7242757242757242,0.0,0.0039960039960039,0.0,0.0,0.0509490509490509,0.0,0.0,0.0,0.2207792207792207,0.0,6.295181751251221,6.299370765686035,6.005677223205566,6.347551345825195,5.362894058227539,3.8254008293151855,4.919998645782471,5.899643421173096,5.919300556182861,7.431379795074463,5.642645359039307,4.889341354370117,5.713080883026123,0.39968039882537576,0.3736005098753235,0.48465922163658515,0.11105871176126164
A6_A7_test_1m,test,1m,True,139,1.0,0.989,0.0609421580633715,0.0604978116198813,0.9120978333156882,0.0548087101288609,0.0330934565554508,5.872643544123723,0.873,0.0,0.0,0.01,0.0,0.0,0.101,0.0,0.015,0.0,0.0,0.0,0.001,0.0,0.0,0.0,0.0,3.671714782714844,6.788173198699951,5.300378322601318,6.951011657714844,5.494720935821533,4.57624101638794,5.079064846038818,6.702983379364014,6.533925533294678,7.017121315002441,6.055709838867188,6.276899337768555,5.896421909332275,0.061793930352481034,0.060497811619881284,0.06585594432467438,0.0053581327047931004
A6_A7_test_1m,test,1m,True,140,1.0000000000000002,0.1749999999999999,0.172173254799626,0.0883983775553018,0.8504575931679463,0.1222880585535028,0.0272543482785504,5.057002562742967,0.0399999999999999,0.4759999999999998,0.0269999999999999,0.0,0.0449999999999999,0.0059999999999999,0.0069999999999999,0.0019999999999999,0.0,0.0199999999999999,0.0639999999999999,0.0189999999999999,0.1489999999999999,0.0509999999999999,0.0,0.0939999999999999,0.0,4.622122764587402,4.089564800262451,5.804679870605469,5.525557518005371,2.6767919063568115,5.606978416442871,5.754541873931885,5.045261859893799,5.598879337310791,4.798337936401367,5.526392936706543,5.089614868164063,5.602309226989746,0.20237617631445903,0.06265395958678471,0.44894156958993403,0.3862876100031493
A6_A7_test_1m,test,1m,True,141,0.999,0.8818818818818818,0.3516315775610132,0.3120875641756827,0.552258817386383,0.2713072368758686,0.1764339457377483,5.358076884196355,0.2492492492492492,0.0,0.018018018018018,0.001001001001001,0.001001001001001,0.051051051051051,0.5725725725725725,0.006006006006006,0.058058058058058,0.0,0.001001001001001,0.0,0.0,0.003003003003003,0.0,0.0,0.039039039039039,4.077527523040772,6.31956672668457,5.870813846588135,6.517495632171631,2.078190803527832,3.871651411056519,4.633816242218018,6.185008525848389,6.326244354248047,6.864109516143799,5.815622329711914,5.99468469619751,5.100267887115479,0.324440933026387,0.31056168790263045,0.3700601800112638,0.05949849210863334
A6_A7_test_1m,test,1m,True,142,1.0,0.8360000000000001,0.4211006425536094,0.3539987121254218,0.4682656575788043,0.3554712605915477,0.176263081829648,5.228418221840491,0.009,0.015,0.0,0.135,0.683,0.001,0.009,0.0,0.001,0.005,0.134,0.0,0.0,0.0,0.002,0.006,0.0,4.969357490539551,4.974414348602295,4.43655252456665,4.776713371276856,3.770874738693237,5.500547885894775,5.744140625,4.86914587020874,5.578034400939941,7.088576316833496,5.40285587310791,5.353428840637207,5.504794597625732,0.37442242597465436,0.3539987121254218,0.43529473717481754,0.08129602504939576
A6_A7_test_1m,test,1m,True,143,0.999,0.4894894894894894,0.1550309816969789,0.1472127819448135,0.7391478495794533,0.2272787369514664,0.0335734134690802,4.8701782409961405,0.064064064064064,0.2102102102102102,0.041041041041041,0.001001001001001,0.0,0.018018018018018,0.005005005005005,0.0,0.1741741741741741,0.0,0.2162162162162162,0.03003003003003,0.072072072072072,0.0970970970970971,0.045045045045045,0.004004004004004,0.022022022022022,4.40112829208374,4.363267421722412,5.533700942993164,6.12816858291626,2.2634193897247314,4.956255912780762,4.567550659179688,4.848708152770996,5.59820032119751,4.948129653930664,4.919602394104004,5.668335437774658,5.11584997177124,0.1911748924463603,0.09820535024410687,0.3350466967465691,0.23684134650246225
A6_A7_test_1m,test,1m,True,144,1.001,0.2967032967032967,0.0660820131943606,0.0238582870170105,0.9633730158796908,0.0255373942065972,0.0110895899137119,5.2966673007378215,0.0489510489510489,0.0279720279720279,0.0,0.6003996003996005,0.0369630369630369,0.0399600399600399,0.0,0.0079920079920079,0.0,0.0059940059940059,0.2107892107892108,0.0,0.0,0.0,0.0,0.0209790209790209,0.0,4.527892589569092,4.914856910705566,3.983014106750488,5.546998023986816,2.0818707942962646,6.919756889343262,6.64104700088501,4.870213031768799,5.866272449493408,7.237038612365723,5.826571941375732,4.939925670623779,5.501216888427734,0.10806822211261481,0.023844737464424844,0.37663532259612875,0.3527905851317039
A6_A7_test_1m,test,1m,True,145,1.001,0.92007992007992,0.4916575045680365,0.4650376689462359,0.3145379450468893,0.4408487720137495,0.2446132829393611,5.112739893106314,0.0159840159840159,0.0,0.0009990009990009,0.0019980019980019,0.5714285714285714,0.0119880119880119,0.3206793206793207,0.0,0.0,0.0,0.0009990009990009,0.0109890109890109,0.0359640359640359,0.0119880119880119,0.0,0.0009990009990009,0.0159840159840159,4.8802642822265625,5.861334800720215,5.662802696228027,4.904504776000977,2.4722819328308105,4.146614074707031,5.069773197174072,5.69153356552124,5.597898006439209,5.33738374710083,5.652265548706055,5.979859352111816,5.209102630615234,0.4703791252463067,0.4589870073271532,0.4929356260810802,0.03394861875392702
A6_A7_test_1m,test,1m,True,146,1.0,0.646,0.4344535917202685,0.3047167285982727,0.5315352206989828,0.3274961014054889,0.1409686778955282,5.457334096615131,0.094,0.0,0.0,0.0,0.552,0.175,0.0,0.05,0.0,0.0,0.0,0.0,0.128,0.0,0.0,0.0,0.001,4.331920146942139,5.947840213775635,6.317363262176514,4.869094371795654,1.8657586574554443,6.987948894500732,6.398065567016602,6.004548072814941,5.661558151245117,4.897433280944824,5.967612266540527,6.115662097930908,5.580538272857666,0.342156503419251,0.30463195920990893,0.46036512025129356,0.15573316104138463
A6_A7_test_1m,test,1m,True,147,1.001,0.8691308691308691,0.4247614782747906,0.3832721406704602,0.3484284324857298,0.5365988536876198,0.1149727138266502,5.307218826734102,0.0,0.0129870129870129,0.0,0.0,0.0009990009990009,0.0,0.3036963036963037,0.0,0.5634365634365635,0.0239760239760239,0.0009990009990009,0.0,0.0299700299700299,0.0039960039960039,0.0119880119880119,0.0209790209790209,0.0269730269730269,5.145749568939209,5.314467430114746,6.15535831451416,6.273492336273193,5.043026447296143,3.926011800765991,4.149660110473633,5.780931949615479,5.913308143615723,5.351818561553955,5.13267183303833,5.670753002166748,5.136595249176025,0.39846036012372765,0.3812552534640991,0.43560902707199556,0.05435377360789645
A6_A7_test_1m,test,1m,True,148,0.999,0.1801801801801802,0.464343188520996,0.1318078384129719,0.7915115581180656,0.1533612069379246,0.0551272349440096,5.206482538810144,0.002002002002002,0.0,0.04004004004004,0.2202202202202202,0.0,0.004004004004004,0.1331331331331331,0.0,0.044044044044044,0.0,0.0,0.001001001001001,0.0,0.049049049049049,0.1161161161161161,0.0,0.3903903903903904,5.083690166473389,6.265787124633789,4.25341796875,6.436063289642334,2.977813959121704,4.418440818786621,4.81911563873291,5.821794509887695,5.955146789550781,7.332421779632568,4.872215270996094,5.155866622924805,4.29249906539917,0.21372958971268047,0.10705150693529536,0.49984697090468394,0.3927954639693886
A6_A7_test_1m,test,1m,True,149,1.0,0.709,0.4767911193991414,0.3391839967674104,0.4993030437891259,0.3230259188869272,0.1776710373239468,5.430807131987351,0.0,0.006,0.0,0.0,0.0,0.001,0.571,0.0,0.137,0.0,0.001,0.0,0.0,0.0,0.0,0.169,0.115,5.469716548919678,5.604626178741455,5.929510593414307,6.599309921264648,3.7919235229492174,3.855419874191284,4.511900424957275,5.979915618896484,6.180553436279297,7.351847171783447,5.688609600067139,4.948363304138184,4.688796520233154,0.3740703129588509,0.33918399676741046,0.4857710536539913,0.14658705688658086
A6_A7_test_1m,test,1m,True,150,1.001,0.0979020979020978,0.3752696938612193,0.0891365422430226,0.8535411886619733,0.1146445381900079,0.0318142731480186,5.428873428931603,0.0069930069930069,0.0009990009990009,0.0189810189810189,0.4465534465534465,0.0129870129870129,0.0,0.0009990009990009,0.0,0.0769230769230769,0.0039960039960039,0.0,0.0,0.0,0.0949050949050949,0.0019980019980019,0.0049950049950049,0.3296703296703296,4.794095039367676,6.039641380310059,4.046075820922852,5.843268394470215,5.3583984375,5.324781894683838,4.855601787567139,6.0118408203125,6.010025501251221,7.483278751373291,5.48311185836792,5.000144958496094,4.325089931488037,0.16633941692318804,0.041235471091951345,0.49468969030809107,0.4534542192161397
A6_A7_test_1m,test,1m,True,151,1.001,0.6023976023976025,0.3775636076684826,0.2304002781353602,0.570634475470303,0.397930492788674,0.0314350317410232,5.222006137554462,0.0059940059940059,0.0609390609390609,0.0009990009990009,0.3226773226773227,0.0159840159840159,0.0,0.0169830169830169,0.0049950049950049,0.5474525474525476,0.0069930069930069,0.0159840159840159,0.0,0.0,0.0,0.0,0.0,0.0009990009990009,4.687842845916748,4.765976428985596,4.212439060211182,5.769584655761719,5.041998386383057,4.499855995178223,4.172466278076172,5.3972883224487305,5.841559886932373,7.223141193389893,5.479610443115234,5.3078293800354,5.486486911773682,0.281544626822575,0.23039180966499415,0.4292862691549399,0.19889445948994575
A6_A7_test_1m,test,1m,True,152,1.001,0.4065934065934065,0.3086606391675265,0.1495163269039432,0.7404602612914086,0.220046823609296,0.0394929150992951,4.884913802146912,0.1098901098901098,0.0,0.0499500499500499,0.1498501498501498,0.0709290709290709,0.1178821178821178,0.0179820179820179,0.0,0.2077922077922077,0.0019980019980019,0.0,0.0,0.0419580419580419,0.0269730269730269,0.0019980019980019,0.0,0.2027972027972027,4.178101539611816,6.187445163726807,4.335921764373779,5.48917818069458,1.903225302696228,4.718531608581543,4.480552673339844,6.029713153839111,5.80357027053833,5.237669467926025,5.4460039138793945,5.22704029083252,4.466926097869873,0.20994180815644656,0.13590233826100703,0.4267422379032797,0.29083989964227264
A6_A7_test_1m,test,1m,True,153,1.001,0.6023976023976023,0.1133255223755036,0.0811443666616307,0.8738170351118058,0.0900771964531264,0.0361057684350675,4.9806958345266485,0.1118881118881118,0.0,0.0089910089910089,0.0019980019980019,0.0779220779220779,0.0039960039960039,0.0389610389610389,0.0409590409590409,0.0199800199800199,0.0029970029970029,0.3536463536463536,0.0,0.0289710289710289,0.0109890109890109,0.0,0.2467532467532467,0.0519480519480519,4.280613422393799,5.871471881866455,5.189465045928955,5.400033950805664,2.8982133865356445,4.93928861618042,5.132405757904053,4.765091896057129,5.713578224182129,5.394778251647949,5.596206665039063,4.759949684143066,4.807949066162109,0.1239646046045218,0.07552848538713694,0.27010988011231596,0.19458139472517902
A6_A7_test_1m,test,1m,True,154,1.0,0.9,0.3671562210765668,0.3396266044325533,0.4969362782183922,0.3268742346981087,0.1761894870834989,5.267538877633902,0.199,0.004,0.016,0.004,0.167,0.0,0.432,0.001,0.073,0.0,0.025,0.004,0.0,0.001,0.047,0.023,0.004,4.120835304260254,5.502684593200684,5.298316478729248,5.310888767242432,5.338210105895996,3.977132797241211,4.589841842651367,5.290974140167236,5.761105060577393,7.301799774169922,5.020141124725342,5.505825519561768,5.460249900817871,0.3515092124457949,0.33912018302139413,0.3812055989689102,0.04208541594751608
A6_A7_test_1m,test,1m,True,155,1.003,0.267198404785643,0.285689572726315,0.0860710104003886,0.8628580279512192,0.1021419232967834,0.0350000487519968,4.885753613251906,0.0009970089730807,0.3838484546360917,0.0059820538384845,0.1435692921236291,0.1226321036889331,0.036889332003988,0.0,0.0009970089730807,0.0338983050847457,0.0,0.1056829511465603,0.003988035892323,0.0059820538384845,0.0069790628115653,0.0139581256231306,0.1326021934197407,0.0019940179461615,5.265762805938721,4.135551929473877,4.300395011901856,5.26401948928833,2.108719110488892,5.72605562210083,5.129754543304443,4.936532497406006,5.61843729019165,5.685671329498291,5.13460111618042,4.877258777618408,5.332037448883057,0.19615581756746328,0.08254680546368864,0.44834252790693147,0.3657957224432428
A6_A7_test_1m,test,1m,True,156,1.0,0.185,0.3756677632424878,0.0733757931055493,0.8726479641858476,0.1079524854172063,0.0193995503969462,5.346514151646541,0.0,0.037,0.0,0.776,0.0,0.0,0.044,0.0,0.108,0.0,0.0,0.033,0.001,0.0,0.0,0.001,0.0,5.108784198760986,4.914933204650879,3.93255615234375,6.170358657836914,5.310113430023193,4.703760147094727,4.715267658233643,5.828745365142822,5.763425350189209,6.913164138793945,5.660538196563721,5.022506713867188,5.460530757904053,0.17218649661524082,0.07337579310554934,0.48323328619986033,0.40985749309431097
A6_A7_test_1m,test,1m,True,157,0.999,0.8458458458458458,0.1798814933437516,0.1567739532382854,0.734587591920976,0.2172769096814771,0.0481354983975467,5.070986362603994,0.0,0.045045045045045,0.0,0.042042042042042,0.1851851851851851,0.013013013013013,0.0,0.003003003003003,0.009009009009009,0.0,0.3533533533533533,0.2982982982982983,0.01001001001001,0.0,0.013013013013013,0.0,0.028028028028028,5.948561668395996,4.683602333068848,4.813197135925293,5.084901809692383,2.4556872844696045,6.009251594543457,5.455173969268799,4.6640167236328125,5.263872146606445,5.896131992340088,4.959841251373291,5.680508136749268,5.0080766677856445,0.17774847137821995,0.15676886198372886,0.23040837024571573,0.07363950826198687
A6_A7_test_1m,test,1m,True,158,1.0,0.5660000000000001,0.0502482209254182,0.030790619593589,0.948020769060055,0.042377222692712,0.0096020082472329,5.234849067834707,0.46,0.001,0.0,0.0,0.028,0.008,0.0,0.0,0.007,0.0,0.019,0.052,0.002,0.0,0.0,0.421,0.002,3.8178727626800537,5.937216758728027,5.445944309234619,5.608988285064697,2.5395374298095703,6.071639060974121,5.553700923919678,5.371470928192139,5.687014102935791,6.521498680114746,5.687009334564209,4.545361042022705,5.26578426361084,0.08198154028362847,0.030790619593588982,0.2487605930437867,0.21796997345019772
A6_A7_test_1m,test,1m,True,159,0.999,0.7427427427427428,0.4996444477712489,0.3739872369981851,0.4759006763824663,0.3002241732386968,0.2238751503788368,5.512349660579975,0.0,0.0,0.0,0.01001001001001,0.0,0.0960960960960961,0.7427427427427428,0.0,0.0,0.001001001001001,0.0,0.0,0.01001001001001,0.0,0.0,0.0,0.1401401401401401,6.247360229492188,6.662154197692871,5.401625633239746,6.980316638946533,1.981421947479248,3.8092663288116455,5.016618728637695,6.391761302947998,6.459420204162598,6.013600826263428,5.882899761199951,6.065789222717285,4.748310565948486,0.40281129512465474,0.3739872369981852,0.5017039341804471,0.12771669718226192
A6_A7_test_1m,test,1m,True,160,1.0,0.2309999999999999,0.3255258316031419,0.1121030660340566,0.8340744710451692,0.1076449258415481,0.0582806031132825,5.117385690028851,0.0,0.005,0.006,0.104,0.0,0.08,0.134,0.0,0.0,0.003,0.052,0.045,0.0,0.065,0.002,0.38,0.124,5.89473295211792,5.449395656585693,4.242276191711426,6.136405944824219,1.985182404518128,4.494307994842529,5.338701248168945,5.203752517700195,5.763484477996826,7.474424362182617,5.39012336730957,4.578621864318848,4.5746049880981445,0.18150351838791765,0.07929587451358877,0.46557931710032585,0.3862834425867371
A6_A7_test_1m,test,1m,True,161,1.0,0.752,0.2066189032114333,0.1843106209723998,0.6510801273235194,0.3292185034081618,0.0197013692683189,5.324403762817383,0.001,0.038,0.001,0.046,0.062,0.0,0.0,0.019,0.0,0.0,0.0,0.6890000000000001,0.114,0.008,0.022,0.0,0.0,5.63856315612793,4.695094585418701,4.757755279541016,5.221917629241943,5.561545372009277,6.409974098205566,5.916885852813721,5.174674987792969,5.1293768882751465,4.842673778533936,4.850586414337158,5.630184173583984,5.388016700744629,0.212909164489882,0.1802406004176871,0.28127461521499786,0.10103401479731075
A6_A7_test_1m,test,1m,True,162,0.999,0.6766766766766766,0.4876615698366705,0.3371339836449893,0.5232540548548451,0.2792239230003311,0.1975220221448237,5.353014890964214,0.01001001001001,0.085085085085085,0.0,0.0,0.006006006006006,0.001001001001001,0.6506506506506506,0.0,0.0,0.005005005005005,0.0,0.01001001001001,0.0,0.0,0.03003003003003,0.0,0.2022022022022022,5.031570911407471,4.747625827789307,6.270637035369873,6.08092212677002,3.796479463577272,3.858211040496826,4.942712306976318,5.719088077545166,5.957798957824707,7.353227138519287,5.16398811340332,6.064412593841553,4.602519989013672,0.3813048000325044,0.33713398364498925,0.4941242955050943,0.15699031186010504
A6_A7_test_1m,test,1m,True,163,1.001,0.7892107892107894,0.2867685636800107,0.233435998559628,0.5615431459875626,0.4100417109056188,0.0284151431068186,5.048737287521362,0.1988011988011988,0.0009990009990009,0.0299700299700299,0.1118881118881119,0.0,0.0239760239760239,0.0119880119880119,0.0029970029970029,0.5624375624375625,0.0059940059940059,0.0,0.0159840159840159,0.0009990009990009,0.0069930069930069,0.0079920079920079,0.0189810189810189,0.0,4.011780738830566,6.046144485473633,4.440919876098633,6.276053428649902,2.185805082321167,4.515972137451172,4.144168853759766,5.850054740905762,5.816027641296387,6.327666282653809,5.179225921630859,5.259621620178223,5.580143928527832,0.256260644055517,0.22990136486627682,0.33332798731988805,0.10342662245361123
A6_A7_test_1m,test,1m,True,164,1.001,0.5754245754245755,0.3868802905768362,0.2397364863719799,0.6329385535358087,0.2546499201844228,0.1124115262797685,4.96267975293673,0.0,0.0259740259740259,0.0179820179820179,0.0739260739260739,0.4265734265734266,0.0249750249750249,0.0109890109890109,0.0,0.0,0.0,0.1368631368631369,0.0009990009990009,0.0799200799200799,0.0019980019980019,0.0029970029970029,0.0,0.1968031968031968,6.056221961975098,4.860141277313232,4.55435037612915,4.931146621704102,2.238828182220459,5.467553615570068,5.769820213317871,4.886828899383545,5.531689167022705,5.091686725616455,5.245638370513916,5.386738300323486,4.494193077087402,0.29084583592488855,0.2387280427687994,0.4381561412310264,0.19942809846222703
A6_A7_test_1m,test,1m,True,165,0.999,0.1661661661661661,0.0478695194478187,0.0278205930415216,0.947374004385726,0.0496108051455043,0.0030151904687694,4.915715235930223,0.003003003003003,0.079079079079079,0.028028028028028,0.059059059059059,0.004004004004004,0.1311311311311311,0.002002002002002,0.0,0.007007007007007,0.001001001001001,0.1401401401401401,0.01001001001001,0.087087087087087,0.001001001001001,0.005005005005005,0.05005005005005,0.3923923923923924,5.253416538238525,4.618142604827881,4.49786376953125,5.926396369934082,1.8874828815460205,5.86924934387207,5.533151149749756,4.94484281539917,5.714432239532471,5.100078582763672,5.248359203338623,5.035247802734375,4.275634765625,0.12973152057968948,0.027315361786875082,0.43125004026860636,0.40393467848173126
A6_A7_test_1m,test,1m,True,166,1.001,0.1708291708291708,0.3364112162947457,0.0609778682210791,0.9110808092837228,0.0558826449903966,0.0330365457258808,5.286557564368615,0.0209790209790209,0.2757242757242757,0.0189810189810189,0.0559440559440559,0.0329670329670329,0.0,0.0769230769230769,0.0,0.0049950049950049,0.0009990009990009,0.0339660339660339,0.0009990009990009,0.0,0.0,0.0,0.4605394605394606,0.0169830169830169,4.727263927459717,4.261969089508057,4.333044052124023,5.589776992797852,5.628060340881348,4.724417209625244,5.319344997406006,5.190066814422607,5.866954326629639,7.832571029663086,5.738810062408447,4.520357131958008,4.992612361907959,0.17821808943846584,0.06097786822107901,0.47839742056583556,0.4174195523447566
A6_A7_test_1m,test,1m,True,167,0.999,0.4974974974974975,0.2636934606547874,0.187284410017718,0.7316734310052914,0.1620843179539808,0.1062422510407276,5.133503042734587,0.1951951951951952,0.023023023023023,0.002002002002002,0.022022022022022,0.0,0.2382382382382382,0.2582582582582582,0.0,0.002002002002002,0.0,0.04004004004004,0.002002002002002,0.0,0.1071071071071071,0.0,0.073073073073073,0.037037037037037,4.125431537628174,5.112470626831055,4.831787109375,6.507710933685303,1.855529427528381,4.2317986488342285,5.132421970367432,5.347728252410889,6.170643329620361,7.510526657104492,5.690083026885986,5.210649967193604,5.008758068084717,0.21012513131888283,0.1332246657705468,0.38628223217760677,0.25305756640705995
A6_A7_test_1m,test,1m,True,168,1.0,0.884,0.318325642774485,0.2821114981143227,0.4710357512528449,0.4937055012656647,0.0352587474814903,5.197917736493624,0.0,0.003,0.0,0.0,0.036,0.002,0.003,0.009,0.638,0.0,0.12,0.087,0.001,0.0,0.001,0.0,0.1,5.097537040710449,5.454891204833984,6.269974708557129,5.529474258422852,3.456082582473755,4.624978065490723,4.103747367858887,4.961787223815918,5.5316901206970215,6.623201847076416,5.156177043914795,6.053810119628906,4.709578990936279,0.2959195922385178,0.28209623962441727,0.3402872682126448,0.058191028588227556
A6_A7_test_1m,test,1m,True,169,1.0,0.141,0.3146526730684238,0.0500861037719377,0.908837332076863,0.0821531283023982,0.0090095396207386,5.126447888521048,0.004,0.0,0.001,0.634,0.001,0.213,0.009,0.0,0.102,0.002,0.025,0.0,0.008,0.0,0.0,0.001,0.0,4.892451286315918,6.332028865814209,3.971746683120728,6.218138694763184,1.834458470344544,5.007083415985107,4.749551296234131,5.418554782867432,5.996246337890625,5.867876529693604,5.730959892272949,5.061327934265137,5.563398361206055,0.14783428053051637,0.05008610377193774,0.48043737690264776,0.43035127313071003
A6_A7_test_1m,test,1m,True,170,1.001,0.6273726273726274,0.2299779507612447,0.163674353080718,0.6960581192731273,0.2805350552923095,0.0234068254345633,5.287885409135085,0.0,0.0009990009990009,0.0009990009990009,0.1628371628371628,0.0799200799200799,0.0,0.0,0.0,0.0299700299700299,0.0009990009990009,0.0049950049950049,0.5124875124875126,0.0,0.0,0.0999000999000999,0.1038961038961039,0.0029970029970029,5.438581943511963,5.396077632904053,4.247554779052734,5.195154190063477,5.406993389129639,5.642096996307373,5.029777526855469,5.134975433349609,5.231898307800293,7.2760009765625,4.698311805725098,4.869803428649902,5.175283908843994,0.20746266686789738,0.16367435308071795,0.3334461569211403,0.16977180384042237
A6_A7_test_1m,test,1m,True,171,1.0,0.747,0.3819675147809132,0.3111282846084963,0.4274216373412422,0.5229001561005227,0.0496782065582349,5.30585241317749,0.016,0.011,0.0,0.006,0.016,0.0,0.018,0.0,0.696,0.0,0.0,0.001,0.0,0.049,0.0,0.187,0.0,4.544562816619873,5.338084697723389,4.9285807609558105,5.8292436599731445,4.924466133117676,4.415668487548828,4.079287528991699,5.916296482086182,5.912374019622803,7.105379581451416,5.579216003417969,4.84722900390625,5.555692195892334,0.3262161226931449,0.28639670946229745,0.4137651835413421,0.12736847407904467
A6_A7_test_1m,test,1m,True,172,0.999,0.7537537537537538,0.2384121633811445,0.2019592256345272,0.6164236292111838,0.3632342903085778,0.0203420804802383,4.837997051385733,0.1381381381381381,0.024024024024024,0.0,0.1101101101101101,0.001001001001001,0.002002002002002,0.013013013013013,0.0,0.3113113113113113,0.0,0.0,0.2902902902902902,0.041041041041041,0.01001001001001,0.051051051051051,0.001001001001001,0.007007007007007,4.123993873596191,4.9337358474731445,4.509666919708252,5.739023208618164,3.214830160140991,4.634483337402344,4.315379619598389,5.358857154846191,5.350613117218018,5.185835838317871,4.81644868850708,5.51285982131958,5.198234081268311,0.22919043005851014,0.19690691308806266,0.30471096999599767,0.10780405690793501
A6_A7_test_1m,test,1m,True,173,1.0,0.719,0.0704939033034007,0.0521007189676394,0.8993256268333903,0.0971473083979403,0.0035270647686692,5.239429235458374,0.477,0.004,0.0,0.245,0.002,0.001,0.0,0.0,0.021,0.0,0.0,0.219,0.0,0.0,0.001,0.0,0.03,3.8102214336395264,5.410892009735107,4.2451934814453125,5.778469562530518,3.5963940620422363,5.939730167388916,5.183269023895264,5.554690837860107,5.530271530151367,7.484628677368164,5.367134094238281,5.283402442932129,4.928282737731934,0.08557868907075669,0.05210071896763938,0.1933347664751451,0.14123404750750573
A6_A7_test_1m,test,1m,True,174,0.999,0.874874874874875,0.3965085180809246,0.3585686411993203,0.4894659997737869,0.303930718053786,0.2066032821724272,5.488476863274207,0.0,0.087087087087087,0.001001001001001,0.008008008008008,0.1301301301301301,0.0,0.5575575575575576,0.0,0.004004004004004,0.001001001001001,0.1821821821821821,0.001001001001001,0.0,0.022022022022022,0.0,0.0,0.006006006006006,6.246375560760498,4.697358131408691,5.493171691894531,5.394025802612305,5.448988914489746,3.9144749641418457,4.988384246826172,4.948824405670166,5.856611728668213,6.967538833618164,5.6398773193359375,6.196712493896484,5.557855129241943,0.3723720400841121,0.347453553597098,0.4104151099126405,0.06296155631554251
A6_A7_test_1m,test,1m,True,175,1.0,0.3899999999999999,0.4884739631166144,0.2004656940085716,0.7113862743080209,0.1762960633668146,0.1123176623251643,5.475210226499117,0.0,0.044,0.02,0.531,0.0,0.0,0.352,0.0,0.038,0.001,0.0,0.0,0.0,0.014,0.0,0.0,0.0,5.305058479309082,4.947902202606201,4.100272178649902,6.463493347167969,5.337512016296387,4.090061664581299,4.812682151794434,6.051648616790772,6.184336185455322,7.32526159286499,5.806252479553223,5.147824764251709,5.605427265167236,0.2714599501387585,0.19339952968108623,0.5001713456154797,0.3067718159343935
A6_A7_test_1m,test,1m,True,176,1.001,0.2637362637362637,0.2563296126990219,0.0906459704859006,0.8419362843876412,0.1348354902529162,0.0232282253594425,4.92287250665518,0.0,0.1408591408591408,0.0,0.0379620379620379,0.0439560439560439,0.1808191808191808,0.0,0.0,0.0289710289710289,0.0039960039960039,0.0009990009990009,0.1898101898101898,0.0039960039960039,0.0369630369630369,0.0,0.2647352647352647,0.0669330669330669,5.611825942993164,4.407441139221191,4.445734977722168,5.395559787750244,1.8428325653076167,5.713093280792236,5.125351428985596,5.364785194396973,5.416192531585693,6.000617504119873,5.29197359085083,4.67934513092041,4.702589511871338,0.17248134633824797,0.07198976382706229,0.44136770005248904,0.36937793622542675
A6_A7_test_1m,test,1m,True,177,1.0,0.622,0.1752731775013086,0.1110865070811288,0.7797570665580544,0.2183128527216336,0.0019300807203119,5.35578047312223,0.0,0.008,0.0,0.253,0.0,0.001,0.0,0.0,0.0,0.003,0.016,0.606,0.0,0.0,0.0,0.0,0.113,5.686744213104248,5.042717933654785,4.2186384201049805,5.678227424621582,3.708628416061402,6.499893665313721,6.066365718841553,5.085705280303955,5.229490756988525,7.342972278594971,5.28298807144165,5.195086479187012,4.5876874923706055,0.15641211639231517,0.11108650708112874,0.30091161640581393,0.1898251093246852
A6_A7_test_1m,test,1m,True,178,1.0,0.476,0.3642577554800495,0.2180802778826298,0.6657308144543457,0.2323778153260491,0.1018913702196052,5.141142294957088,0.0,0.264,0.0,0.061,0.171,0.0,0.149,0.004,0.0,0.0,0.09,0.066,0.087,0.052,0.008,0.0,0.048,6.092309951782227,4.286564350128174,4.758702754974365,5.223290920257568,5.549035549163818,4.469011306762695,5.235332012176514,4.975412368774414,5.461565017700195,5.002923488616943,5.127837181091309,5.697092533111572,4.955772399902344,0.2812683815941625,0.19182774311518636,0.4393952916085035,0.24756754849331714
A6_A7_test_1m,test,1m,True,179,0.999,0.6736736736736737,0.1352069045114942,0.1277659834512193,0.7873242745430651,0.1698194840114313,0.0428562414455036,5.151545451237605,0.3503503503503504,0.001001001001001,0.0,0.0,0.0960960960960961,0.034034034034034,0.0,0.01001001001001,0.0,0.0,0.001001001001001,0.2262262262262262,0.006006006006006,0.067067067067067,0.004004004004004,0.018018018018018,0.1861861861861862,3.900837421417236,5.600709915161133,5.82058048248291,5.281688690185547,2.1142354011535645,6.5850677490234375,6.005456924438477,5.442333221435547,5.4029645919799805,5.684805393218994,5.214491844177246,5.408607482910156,4.508311748504639,0.14447568580167278,0.09389851854138523,0.2567448916278634,0.16284637308647817
A6_A7_test_1m,test,1m,True,180,1.001,0.1948051948051948,0.0325547289562993,0.0099575467546614,0.9823598630525494,0.0153651803855778,0.0022749565618725,5.563087665117704,0.0649350649350649,0.6673326673326673,0.0149850149850149,0.0059940059940059,0.0,0.0,0.0049950049950049,0.0,0.0,0.0029970029970029,0.1068931068931068,0.0179820179820179,0.0,0.0009990009990009,0.0,0.1128871128871128,0.0,4.539026260375977,3.97832989692688,5.05195951461792,6.132345676422119,5.723028659820557,5.928643226623535,6.133123874664307,4.9475998878479,5.804419994354248,7.751485347747803,5.721259593963623,5.029794216156006,5.579123497009277,0.15087135092314435,0.009453324953071125,0.41509897317330474,0.40564564822023363
A6_A7_test_1m,test,1m,True,181,1.0,0.5980000000000001,0.4896907241405959,0.2949735517001711,0.5593032069202892,0.2914464827590796,0.1492503103206313,5.219185086397024,0.018,0.22,0.0,0.001,0.518,0.112,0.057,0.053,0.002,0.001,0.0,0.003,0.0,0.001,0.0,0.0,0.014,4.816356182098389,4.301235198974609,5.944514751434326,4.886903285980225,1.9057801961898804,4.807597160339356,5.400056838989258,5.489869117736816,5.698268413543701,7.614415168762207,5.756467342376709,6.020548343658447,5.207394123077393,0.3543650594622128,0.29437897012511377,0.49691035303607645,0.20253138291096268
A6_A7_test_1m,test,1m,True,182,1.001,0.7362637362637363,0.0669852634312399,0.0689903247335021,0.8699910425551776,0.1220372654226405,0.0079716920221819,5.26178763462947,0.5524475524475525,0.0619380619380619,0.0049950049950049,0.0039960039960039,0.0009990009990009,0.0,0.0089910089910089,0.0,0.0779220779220779,0.0009990009990009,0.0309690309690309,0.0649350649350649,0.0,0.0009990009990009,0.1028971028971029,0.0009990009990009,0.0869130869130869,3.7604551315307617,4.708717346191406,5.291438102722168,5.960997104644775,5.374574661254883,5.016709327697754,4.74761962890625,5.176697731018066,5.650343894958496,7.365629196166992,4.827580451965332,5.77849006652832,4.7439866065979,0.10392892545192799,0.06848610293191179,0.1832045346142092,0.11471843168229742
A6_A7_test_1m,test,1m,True,183,1.0,0.214,0.2581652113571831,0.0598656412706528,0.8862898520117913,0.1076890134351116,0.0060211345530969,5.371381301146287,0.055,0.761,0.0,0.0,0.0,0.0,0.003,0.002,0.124,0.0,0.0,0.032,0.012,0.0,0.001,0.01,0.0,4.452420234680176,3.9439990520477295,6.111060619354248,6.195303916931152,5.380699157714844,5.135225772857666,4.697432041168213,5.518424987792969,5.686014652252197,5.839864253997803,5.335335731506348,5.851657390594482,5.680519104003906,0.2048936138453039,0.059862250495118216,0.45426025523043717,0.39439800473531894
A6_A7_test_1m,test,1m,True,184,1.001,0.8361638361638362,0.1751938917177412,0.1696513605106475,0.6788550802490145,0.3029871184806761,0.0181578012703094,5.240099540123572,0.0319680319680319,0.0,0.0359640359640359,0.0,0.0,0.0,0.0539460539460539,0.0,0.0009990009990009,0.0,0.0889110889110889,0.6603396603396604,0.0849150849150849,0.0,0.0429570429570429,0.0,0.0,4.705950736999512,5.396965026855469,5.972686767578125,5.670981407165527,5.452118873596191,4.805090427398682,5.207158088684082,4.89879322052002,5.157615184783936,5.042966365814209,4.784725189208984,5.620729923248291,5.405512809753418,0.1892162933283334,0.16965136051064736,0.22966222514260662,0.06001086463195926
A6_A7_test_1m,test,1m,True,185,1.0,0.993,0.1863143834020204,0.1850323459422309,0.6333530564027535,0.3632291953100312,0.0034177482872152,5.576606750488281,0.0,0.006,0.0,0.0,0.0,0.0,0.0,0.001,0.034,0.0,0.003,0.956,0.0,0.0,0.0,0.0,0.0,5.845683574676514,5.026473045349121,5.965794086456299,5.578114986419678,5.52545166015625,5.753807067871094,4.994338035583496,5.10711669921875,5.131345272064209,7.234371662139893,5.1431193351745605,5.802956581115723,5.38731575012207,0.18625339944372044,0.18503065055446355,0.18856373271820623,0.003533082163742679
A6_A7_test_1m,test,1m,True,186,1.0,0.991,0.1054591465923567,0.106128427136096,0.8109160009826129,0.1659111437625822,0.0231728552548049,5.590281853309045,0.742,0.0,0.0,0.0,0.055,0.0,0.0,0.0,0.19,0.0,0.004,0.0,0.0,0.0,0.009,0.0,0.0,3.679962635040283,6.279786109924316,6.174776554107666,5.627956390380859,4.261010646820068,5.298785209655762,4.509804725646973,5.739317417144775,5.983713150024414,7.514615535736084,5.282374382019043,6.529664039611816,5.791897296905518,0.10716210570456076,0.10612842713609603,0.10907886427302549,0.002950437136929454
A6_A7_test_1m,test,1m,True,187,1.0,0.8190000000000001,0.4641071478728702,0.3840648206314678,0.4199945607437468,0.3918812372495708,0.1881242020066823,5.33940498645489,0.01,0.06,0.001,0.094,0.733,0.0,0.001,0.008,0.018,0.0,0.055,0.002,0.0,0.004,0.007,0.0,0.007,4.880374908447266,4.626051902770996,4.534642696380615,4.751798629760742,5.591771125793457,5.704861164093018,5.28550910949707,4.998798847198486,5.565810203552246,7.542651176452637,5.207347393035889,5.498960018157959,5.223687648773193,0.4081551710824219,0.3820323534357623,0.4719884041078808,0.08995605067211848
A6_A7_test_1m,test,1m,True,188,1.001,0.4545454545454545,0.2307906107605814,0.1714564782043799,0.7265024181878752,0.2040822072154896,0.0694153745966351,5.043212157029372,0.0939060939060938,0.0,0.0,0.2087912087912087,0.0719280719280719,0.0,0.0659340659340659,0.0069930069930069,0.0089910089910089,0.0039960039960039,0.0389610389610389,0.1748251748251748,0.0199800199800199,0.1168831168831168,0.0069930069930069,0.0699300699300699,0.1118881118881118,4.288296222686768,5.740536212921143,4.244524955749512,5.358599662780762,5.405598163604736,4.724864959716797,5.112442493438721,5.134272575378418,5.423893451690674,5.395915985107422,5.119528293609619,4.976807594299316,4.636477470397949,0.19872470733185216,0.11245067155981137,0.3818048230729911,0.2693541515131797
A6_A7_test_1m,test,1m,True,189,0.999,0.7577577577577578,0.1645975998674284,0.1329928325340544,0.7362673688167335,0.261479597298424,0.0022530338848424,5.405239325303298,0.07007007007007,0.1281281281281281,0.0,0.0,0.001001001001001,0.0,0.0,0.0,0.002002002002002,0.003003003003003,0.0,0.6846846846846847,0.0,0.0,0.039039039039039,0.072072072072072,0.0,4.4712114334106445,4.38454008102417,5.793232440948486,5.554213523864746,5.452239036560059,6.140355110168457,5.659651756286621,5.153487205505371,5.198238372802734,7.288589954376221,4.795013427734375,5.099696159362793,5.277642726898193,0.17030599701223553,0.1329928325340544,0.24769938248212536,0.11470654994807097
A6_A7_test_1m,test,1m,True,190,1.001,0.6673326673326675,0.2414318999585615,0.2225330304109071,0.592865992214597,0.369201954748992,0.0379320530364111,5.185509388263409,0.1818181818181818,0.1018981018981019,0.0,0.0,0.0179820179820179,0.0,0.0,0.0,0.3846153846153847,0.0,0.0669330669330669,0.0159840159840159,0.1448551448551448,0.0689310689310689,0.0,0.0169830169830169,0.0,4.074076175689697,4.611617565155029,5.959311008453369,5.762440204620361,5.279444694519043,5.048489093780518,4.286021709442139,5.135335445404053,5.680970191955566,4.698722839355469,5.453737735748291,5.711729049682617,5.709726333618164,0.24647309720783786,0.18774172610118164,0.329993965207112,0.14225223910593035
A6_A7_test_1m,test,1m,True,191,1.0,0.139,0.264985687780417,0.0679739376524757,0.9001946092356408,0.0636629062237667,0.0361424845405923,5.42188888329726,0.063,0.0,0.017,0.787,0.021,0.003,0.05,0.0,0.0,0.0,0.0,0.005,0.0,0.054,0.0,0.0,0.0,4.391707897186279,6.32806396484375,3.92312216758728,5.763014316558838,3.25441312789917,4.9018731117248535,5.5346550941467285,6.188416481018066,6.050917148590088,7.61151123046875,6.016087055206299,5.0008978843688965,5.519876003265381,0.1527855263121785,0.04071873238931781,0.473919660601478,0.43320092821216016
A6_A7_test_1m,test,1m,True,192,1.0000000000000002,0.6429999999999999,0.1818870390502098,0.1401458621131207,0.7390396686888706,0.2416289383960168,0.0193313929151123,4.8160657699291525,0.0079999999999999,0.0469999999999999,0.0389999999999999,0.0279999999999999,0.0019999999999999,0.0459999999999999,0.0249999999999999,0.0279999999999999,0.2659999999999999,0.0009999999999999,0.3419999999999999,0.0,0.0639999999999999,0.0009999999999999,0.0559999999999999,0.0,0.0469999999999999,4.787219047546387,4.797440052032471,4.861534118652344,6.005393981933594,2.054017782211304,4.637431621551514,4.426613807678223,4.767338275909424,5.74016809463501,5.099474906921387,4.886569023132324,5.610295295715332,4.935359001159668,0.18426845521967208,0.13959366523224506,0.2981844161092843,0.15859075087703925
A6_A7_test_1m,test,1m,True,193,0.999,0.8668668668668668,0.0305814204650011,0.0298971435660771,0.945585572845531,0.0490345671767834,0.0053798599776854,5.4283616084318895,0.7837837837837838,0.0,0.0,0.0,0.006006006006006,0.096096096096096,0.002002002002002,0.001001001001001,0.026026026026026,0.0,0.0,0.049049049049049,0.0,0.0,0.016016016016016,0.0,0.02002002002002,3.684379100799561,6.222388744354248,6.103455543518066,5.985702991485596,1.9350086450576784,5.4977617263793945,5.137670993804932,5.8369879722595215,5.8686347007751465,7.679845333099365,5.223450660705566,6.252409934997559,5.14100456237793,0.043890118352667096,0.029895446481224976,0.09409505517786877,0.06419960869664379
A6_A7_test_1m,test,1m,True,194,1.0,0.997,0.2266780026208859,0.2260118267061497,0.5593077733316348,0.429360799924431,0.0113314267439341,5.459724536308875,0.0,0.0,0.002,0.0,0.0,0.0,0.003,0.0,0.223,0.0,0.0,0.771,0.0,0.0,0.0,0.001,0.0,5.265629768371582,5.427516460418701,6.158743858337402,5.625347137451172,5.206242561340332,4.881931781768799,4.418045997619629,5.238959312438965,5.180870056152344,7.1873064041137695,5.166977405548096,5.822751522064209,5.396096706390381,0.22640124723106275,0.2260118267061496,0.22752091861302323,0.001509091906873622
A6_A7_test_1m,test,1m,True,195,0.999,0.1181181181181181,0.1578206097155044,0.044511001274006,0.9144821115593764,0.0820137743332346,0.0035041141073887,5.234574794769287,0.026026026026026,0.009009009009009,0.055055055055055,0.077077077077077,0.005005005005005,0.0,0.001001001001001,0.018018018018018,0.0,0.0,0.0,0.086086086086086,0.1151151151151151,0.001001001001001,0.009009009009009,0.3383383383383384,0.2592592592592592,4.705477714538574,5.21517276763916,4.256364345550537,5.808312892913818,5.639942646026611,6.225196361541748,5.976083755493164,5.654886245727539,5.547808647155762,4.925690650939941,5.192276477813721,4.553029537200928,4.3492302894592285,0.14948580919271884,0.04397522249202128,0.46632881075718663,0.42235358826516534
A6_A7_test_1m,test,1m,True,196,1.0,0.313,0.1957370574599021,0.0780716474417366,0.8856242203768399,0.0726082643628467,0.0417675152603132,5.184967343623821,0.191,0.0,0.002,0.209,0.0,0.152,0.117,0.0,0.005,0.0,0.0,0.0,0.029,0.017,0.0,0.278,0.0,4.104588508605957,6.602713584899902,4.15458869934082,6.635916709899902,1.893582463264465,4.529366493225098,5.168806076049805,6.458291053771973,6.267463207244873,5.3855881690979,5.936367034912109,4.673891067504883,5.593412399291992,0.15110546462109067,0.06949130504407577,0.4100212489849494,0.34052994394087366
A6_A7_test_1m,test,1m,True,197,1.001,0.8291708291708291,0.379642803549499,0.3593644385850091,0.4626170093177185,0.3560371041945448,0.1813458864877367,5.518194308647742,0.1968031968031968,0.0009990009990009,0.0,0.0,0.5384615384615384,0.0,0.0739260739260739,0.0189810189810189,0.0,0.0009990009990009,0.0,0.0199800199800199,0.0,0.0869130869130869,0.0,0.0,0.0629370629370629,4.11050271987915,5.640345096588135,6.024523735046387,4.879218578338623,5.618641376495361,4.715012550354004,5.376659870147705,5.737344741821289,5.660457611083984,7.449437141418457,5.773894309997559,5.917925834655762,4.832562446594238,0.35175859246019486,0.31546496165926885,0.4015101667793047,0.08604520512003583
A6_A7_test_1m,test,1m,True,198,1.0,0.897,0.461637977665166,0.4144175617605736,0.3640412259469096,0.4430824245850335,0.1928763494680568,5.557751985696646,0.0,0.087,0.0,0.016,0.003,0.0,0.6,0.0,0.292,0.0,0.0,0.002,0.0,0.0,0.0,0.0,0.0,5.2962164878845215,4.784078598022461,5.351661682128906,6.3051581382751465,5.126327991485596,3.795645713806152,4.332254886627197,5.933308124542236,6.116915225982666,7.224877834320068,5.647265911102295,6.33308219909668,6.003983020782471,0.4325589902067086,0.4144175617605736,0.4663772159656539,0.05195965420508031
A6_A7_test_1m,test,1m,True,199,1.0,0.508,0.146110791433091,0.0827072903644264,0.8530097648381632,0.1285658895948208,0.018424345567016,4.781108076755817,0.104,0.023,0.019,0.066,0.009,0.199,0.027,0.0,0.142,0.0,0.224,0.002,0.004,0.005,0.018,0.087,0.071,4.223243713378906,4.983717441558838,4.479368209838867,5.82330846786499,1.840436339378357,4.721961498260498,4.6035566329956055,4.853129386901856,5.786747932434082,5.995049953460693,5.088842868804932,4.999955177307129,4.755087375640869,0.13766442674743198,0.08018366024746733,0.3239880820480102,0.2438044218005429
A6_A7_test_1m,test,1m,True,200,0.999,0.4074074074074074,0.1270538288332571,0.0571466580089395,0.9005414130957362,0.0846238577906486,0.0148347291136152,5.06939539542565,0.09009009009009,0.1671671671671671,0.0,0.038038038038038,0.0,0.0,0.033033033033033,0.05005005005005,0.088088088088088,0.0,0.1941941941941942,0.002002002002002,0.002002002002002,0.001001001001001,0.012012012012012,0.3053053053053053,0.017017017017017,4.278744697570801,4.407111167907715,4.457496643066406,6.194127559661865,5.274935722351074,4.802746772766113,4.7637619972229,4.8558454513549805,5.772006511688232,6.2820024490356445,5.132025718688965,4.675342082977295,5.005993366241455,0.1373869781048804,0.05655657251168663,0.3525923006357713,0.2960357281240847
A6_A7_test_1m,test,1m,True,201,1.0,0.395,0.1572455765851069,0.0677512554449629,0.9007261101146208,0.0630452688808324,0.0362286210045467,5.339909296769362,0.259,0.079,0.0,0.509,0.0,0.0,0.114,0.0,0.0,0.0,0.0,0.022,0.0,0.0,0.017,0.0,0.0,4.021492004394531,4.697414398193359,4.072505950927734,6.239338397979736,5.398618221282959,4.564938068389893,5.282412528991699,5.712912559509277,5.8795366287231445,7.645595550537109,5.221138000488281,5.162591457366943,5.520327091217041,0.1445871979433293,0.0677512554449629,0.3692402527511172,0.3014889973061543
A6_A7_test_1m,test,1m,True,202,1.0,0.072,0.018370061136456,0.0107864819299189,0.9803005320491628,0.0178259720418364,0.0018734959090007,5.61352616090041,0.07,0.0,0.0,0.13,0.0,0.0,0.002,0.0,0.0,0.0,0.0,0.0,0.034,0.0,0.0,0.304,0.46,4.468957901000977,6.482122421264648,4.181067943572998,6.597650527954102,5.693904399871826,6.1449127197265625,6.198009014129639,6.549501895904541,6.2465128898620605,5.525065898895264,6.116645336151123,4.573901653289795,4.197587490081787,0.12076455779333316,0.010786481929918953,0.4724218444018249,0.46163536247190595
A6_A7_test_1m,test,1m,True,203,1.001,0.4925074925074924,0.3321802867921368,0.1900211978246539,0.6827617287052363,0.2544341469402192,0.0628041243545443,5.0352346163529615,0.0989010989010989,0.0009990009990009,0.0129870129870129,0.0059940059940059,0.1698301698301698,0.1798201798201797,0.0,0.0,0.1788211788211788,0.0,0.0,0.0449550449550449,0.0,0.0469530469530469,0.0049950049950049,0.0099900099900099,0.2457542457542457,4.221733093261719,5.692229270935059,5.059852123260498,5.195159912109375,1.870571851730347,5.245750427246094,4.5199384689331055,5.675422668457031,5.63444709777832,7.268923282623291,5.247743606567383,5.410767555236816,4.415510654449463,0.2324449720734499,0.16632277314991342,0.42122985153698606,0.2549070783870726
A6_A7_test_1m,test,1m,True,204,1.0000000000000002,0.4179999999999999,0.3337439109329136,0.1520311297222893,0.7397985137863223,0.2163407129827761,0.0438607732309013,4.877113030507014,0.0479999999999999,0.4849999999999999,0.0069999999999999,0.0079999999999999,0.0969999999999999,0.0139999999999999,0.0339999999999999,0.0089999999999999,0.1689999999999999,0.0089999999999999,0.0259999999999999,0.0439999999999999,0.0289999999999999,0.0079999999999999,0.0,0.0,0.0129999999999999,4.473621845245361,4.089553356170654,5.273103713989258,5.357473850250244,2.384979486465454,4.676882266998291,4.5668158531188965,5.13239049911499,5.532324314117432,5.351057052612305,5.41957950592041,5.921725273132324,5.222962379455566,0.251262795148883,0.14797806304524916,0.4349572547699573,0.2869791917247081
A6_A7_test_1m,test,1m,True,205,1.0,0.901,0.0610158079722615,0.0558750989168123,0.8957079083362909,0.0968339854937937,0.0074581061699155,5.267979805286114,0.533,0.01,0.0,0.0,0.022,0.047,0.0,0.0,0.0,0.0,0.118,0.228,0.003,0.0,0.0,0.0,0.039,3.811119318008423,5.122236728668213,6.092187404632568,5.541066646575928,2.053405523300171,6.728174686431885,6.128687381744385,4.92799711227417,5.435887336730957,6.171260833740234,5.451669692993164,6.056600093841553,4.963444709777832,0.0674627315855934,0.05587509891681231,0.10523259298300759,0.04935749406619528
A6_A7_test_1m,test,1m,True,206,0.999,0.2662662662662662,0.1280377794951237,0.0423483552241697,0.9390600398751148,0.0371832098014306,0.0237567503234544,5.150456776985755,0.0,0.2522522522522522,0.0,0.048048048048048,0.0,0.079079079079079,0.067067067067067,0.043043043043043,0.0,0.0,0.1991991991991992,0.0,0.0,0.011011011011011,0.0,0.1561561561561561,0.1441441441441441,5.965561866760254,4.293869495391846,4.53449296951294,6.140915393829346,1.9799916744232176,4.79062032699585,5.587605953216553,4.856499195098877,5.969985008239746,7.576611042022705,5.785908222198486,4.889357089996338,4.584519863128662,0.1408415453004138,0.03671783677441721,0.4065720714171198,0.3698542346427026
A6_A7_test_1m,test,1m,True,207,1.0,0.561,0.4785366906806995,0.2712912628881866,0.6162814911746238,0.2248544918743795,0.1588640169509968,5.140140955264752,0.02,0.225,0.0,0.167,0.001,0.016,0.523,0.0,0.017,0.006,0.0,0.0,0.0,0.0,0.001,0.0,0.024,4.766308307647705,4.42240571975708,4.510199546813965,6.266704082489014,2.379069328308105,3.9439351558685294,4.842450141906738,5.8187785148620605,6.112850189208984,7.5162248611450195,5.526334285736084,5.564969539642334,5.151602745056152,0.3383946008369071,0.2712912628881866,0.49131743347187246,0.22002617058368584
A6_A7_test_1m,test,1m,True,208,1.0,0.742,0.4996444477712489,0.4296713853103867,0.3933776501243983,0.35390192913043,0.2527204207451717,5.676010627012986,0.0,0.025,0.0,0.081,0.0,0.0,0.742,0.0,0.0,0.0,0.0,0.0,0.0,0.115,0.0,0.0,0.037,5.919497489929199,5.224860668182373,4.792242527008057,6.743717670440674,5.496065139770508,3.812071084976196,5.038978576660156,6.122286319732666,6.405393123626709,7.3601975440979,5.894667148590088,5.819509029388428,5.158651828765869,0.4253991924938169,0.37162789262032825,0.5017098802462667,0.13008198762593848
A6_A7_test_1m,test,1m,True,209,1.0,0.118,0.2319871298966171,0.0408657974339079,0.9201849302380872,0.0778985446560096,0.0019165251059031,5.377659724308894,0.0,0.0,0.0,0.176,0.0,0.0,0.0,0.0,0.03,0.0,0.0,0.088,0.06,0.0,0.0,0.0,0.646,5.433324337005615,6.019003868103027,4.289520740509033,6.09803581237793,5.513484001159668,5.909796237945557,5.111302375793457,5.795388698577881,5.600850582122803,5.220524311065674,5.593512058258057,5.196116924285889,4.128716468811035,0.14551414908332383,0.040865797433907905,0.4751217813278009,0.434255983893893
A6_A7_test_1m,test,1m,True,210,1.001,0.5564435564435565,0.2717545657488868,0.1640615145366043,0.7469983602995134,0.1778802503277643,0.0751213893727221,5.186076457683857,0.0219780219780219,0.0329670329670329,0.0019980019980019,0.0329670329670329,0.2737262737262737,0.0,0.0,0.0089910089910089,0.0029970029970029,0.0,0.1998001998001997,0.0579420579420579,0.0049950049950049,0.0209790209790209,0.0,0.0009990009990009,0.3396603396603396,4.707892417907715,4.797998905181885,4.751741886138916,5.0383124351501465,4.532986164093018,6.304175853729248,5.827737331390381,4.807717800140381,5.462355613708496,5.820539474487305,5.53679084777832,5.488771438598633,4.341973781585693,0.21226563488021977,0.15345761345655076,0.376387505616513,0.22292989215996226
A6_A7_test_1m,test,1m,True,211,0.999,0.851851851851852,0.4000592541346222,0.3628718861056095,0.3445982044072501,0.5850598189742808,0.0703419766184691,5.287550559410682,0.008008008008008,0.0,0.026026026026026,0.0,0.1081081081081081,0.0,0.055055055055055,0.0,0.6626626626626627,0.003003003003003,0.0,0.018018018018018,0.1191191191191191,0.0,0.0,0.0,0.0,4.712546348571777,5.993311405181885,5.878819465637207,5.3862152099609375,4.988478660583496,4.264763355255127,4.083533763885498,5.813806056976318,5.631716251373291,4.87050199508667,5.499094009399414,5.887876510620117,5.727494239807129,0.38046518326222395,0.3628718861056095,0.4159986238924559,0.0531267377868464
A6_A7_test_1m,test,1m,True,212,0.999,0.1731731731731731,0.2642905624731061,0.0606149719525946,0.8891209788852585,0.1005280983242927,0.0103509227904483,5.250837564468384,0.062062062062062,0.7147147147147146,0.008008008008008,0.012012012012012,0.008008008008008,0.0,0.015015015015015,0.0,0.088088088088088,0.0,0.0,0.0,0.002002002002002,0.0,0.068068068068068,0.0,0.022022022022022,4.425445556640625,3.963047742843628,5.151373863220215,5.901971817016602,5.503425121307373,4.958991050720215,4.778833389282227,5.488644123077393,5.786970615386963,6.349982738494873,4.920714378356934,5.897313117980957,5.134174823760986,0.20729882367490837,0.060614971952594604,0.46550667398182904,0.4048917020292344
A6_A7_test_1m,test,1m,True,213,1.0,0.533,0.0055481168771425,0.0054614072574768,0.9917463822097824,0.0055844210654809,0.0026691967247363,5.810631862053504,0.532,0.002,0.0,0.038,0.0,0.0,0.001,0.006,0.0,0.0,0.0,0.0,0.0,0.0,0.002,0.419,0.0,3.7925944328308105,5.839303016662598,4.364170074462891,6.610550880432129,5.589453220367432,6.54905366897583,6.450779914855957,6.270443439483643,6.354562282562256,7.9129815101623535,5.750631809234619,4.541323184967041,5.512366771697998,0.060650147402919415,0.0054512349308731296,0.240029696295517,0.23457846136464386
A6_A7_test_1m,test,1m,True,214,0.999,0.2452452452452452,0.2084438350115576,0.0544162731601552,0.8993229039518017,0.0925216457760864,0.008155450272112,5.2689264187446,0.0,0.0,0.0,0.6336336336336337,0.0,0.002002002002002,0.02002002002002,0.007007007007007,0.003003003003003,0.0,0.0,0.2222222222222222,0.0,0.0,0.0,0.0,0.1121121121121121,5.44927978515625,5.779677391052246,3.957507133483887,5.906195163726807,3.266964673995972,5.180927753448486,5.442145347595215,5.54588508605957,5.472773551940918,7.397069931030273,5.49673318862915,5.008478164672852,4.592406272888184,0.14352667932080604,0.054404393566190354,0.43427111068852015,0.3798667171223298
A6_A7_test_1m,test,1m,True,215,1.0020000000000002,0.2764471057884231,0.1782875623518656,0.0530097225217644,0.901422847003508,0.0911348609494545,0.0074422920470371,5.594226121902466,0.0429141716566866,0.6157684630738521,0.0,0.0,0.0259481037924151,0.0,0.0,0.0249500998003991,0.0,0.0009980039920159,0.0079840319361277,0.1996007984031935,0.0,0.0009980039920159,0.0049900199600798,0.0009980039920159,0.0748502994011975,4.616267204284668,3.97281813621521,6.2138848304748535,5.479498386383057,5.586437702178955,6.80279541015625,6.255648136138916,5.167592525482178,5.445015907287598,7.349711894989014,5.149385452270508,5.894502639770508,4.791381359100342,0.18007248167752962,0.05246370384155109,0.416598707356753,0.3641350035152019
A6_A7_test_1m,test,1m,True,216,1.0,0.983,0.4558647880665269,0.4483688201508556,0.3584239767103982,0.3864144062774922,0.2551616170121095,5.750330264751728,0.0,0.0,0.0,0.0,0.013,0.002,0.827,0.014,0.073,0.001,0.07,0.0,0.0,0.0,0.0,0.0,0.0,5.760912895202637,6.275198936462402,6.90211296081543,6.075754165649414,3.600881338119507,3.737175703048706,4.590068340301514,5.273990154266357,6.153403282165527,7.357165336608887,5.644794940948486,7.118744850158691,6.264090538024902,0.45010088927337966,0.44834508472211376,0.4567451366693959,0.008400051947282161
A6_A7_test_1m,test,1m,True,217,1.0,0.94,0.1512983465995523,0.1437121699612737,0.7153024955367883,0.281970669003876,0.0027268354593357,5.459014305701623,0.0,0.007,0.014,0.03,0.0,0.0,0.003,0.0,0.0,0.001,0.157,0.78,0.006,0.0,0.0,0.002,0.0,6.357555866241455,5.034622669219971,4.834133148193359,5.617217063903809,5.686010837554932,5.786232948303223,5.778188228607178,4.77316951751709,5.127173900604248,5.880961894989014,5.188234806060791,5.533542156219482,5.370142936706543,0.15151509894530193,0.1437121699612737,0.17267944580357916,0.028967275842305462
A6_A7_test_1m,test,1m,True,218,1.001,0.5824175824175825,0.0110498498360544,0.0399319044325872,0.9392763711842078,0.0415834487664101,0.0191401800493821,6.01004985662607,0.5734265734265734,0.0,0.0,0.0029970029970029,0.0059940059940059,0.0,0.0,0.0,0.0009990009990009,0.0,0.0,0.0019980019980019,0.0,0.0639360639360639,0.0,0.0,0.3506493506493506,3.761620998382568,6.4635009765625,5.288107872009277,6.15526008605957,5.633650302886963,7.186903953552246,6.481794357299805,6.43900728225708,6.30682897567749,8.027389526367188,6.307061195373535,5.73801326751709,4.341509342193604,0.06932160516884418,0.007661709130812811,0.2184213411133062,0.21075963198249337
A6_A7_test_1m,test,1m,True,219,0.9980000000000002,0.5601202404809618,0.4084111301642105,0.2318022108259275,0.614118154508816,0.3081592693305124,0.0777225761606713,4.837217972828792,0.001002004008016,0.0270541082164328,0.001002004008016,0.034068136272545,0.2705410821643286,0.0170340681362725,0.0,0.0,0.2254509018036071,0.0,0.0380761523046092,0.0250501002004008,0.0040080160320641,0.0,0.0050100200400801,0.0430861723446893,0.3086172344689378,4.981677532196045,4.878647804260254,4.652517318725586,5.049485206604004,2.27991271018982,5.152360916137695,4.458393096923828,5.115904808044434,5.495274543762207,6.183896541595459,5.142329692840576,5.139923572540283,4.353509902954102,0.28562505692081686,0.2318022108259275,0.4520643003625184,0.22026208953659088
A6_A7_test_1m,test,1m,True,220,1.0,0.191,0.0373812408518494,0.0115200567466718,0.9805497520969636,0.0158603823127286,0.0035898655903075,5.186958074569702,0.0,0.014,0.006,0.576,0.001,0.149,0.004,0.0,0.007,0.004,0.171,0.008,0.0,0.0,0.0,0.04,0.02,5.450137615203857,5.125910758972168,3.985089063644409,5.98702335357666,1.8790383338928225,5.677493572235107,5.628263473510742,4.926108360290527,5.848303318023682,7.268908023834228,5.7724809646606445,4.872258186340332,5.009439945220947,0.10559672684316357,0.011520056746671862,0.41782866700270327,0.40630861025603143
A6_A7_test_1m,test,1m,True,221,1.002,0.0638722554890219,0.0268037280701754,0.0633081767918861,0.8983211492898424,0.0767413478365431,0.0249375028736145,5.200841005031879,0.0,0.0219560878243512,0.0,0.0419161676646706,0.0,0.0079840319361277,0.0,0.0,0.0039920159680638,0.0039920159680638,0.059880239520958,0.0,0.0029940119760479,0.0958083832335329,0.0508982035928143,0.1047904191616766,0.6057884231536926,6.021594047546387,4.99551248550415,4.518436908721924,6.373299598693848,2.5609796047210693,6.368729114532471,5.782218456268311,5.135400772094727,5.888256549835205,5.911057472229004,5.011183261871338,4.897640705108643,4.1466240882873535,0.1453218377538621,0.014951192514826123,0.47693726406835435,0.4619860715535282
A6_A7_test_1m,test,1m,True,222,1.0,0.934,0.3415229371310923,0.3266170597944035,0.4694378267283751,0.4078902269544427,0.1226719463171821,5.261684747842642,0.0,0.016,0.0,0.0,0.321,0.007,0.131,0.0,0.019,0.002,0.0,0.463,0.0,0.0,0.04,0.0,0.001,6.06410026550293,4.943576335906982,6.300793170928955,4.961405754089356,2.6837472915649414,4.451971054077148,4.951589584350586,5.222625732421875,5.272136688232422,7.305287837982178,4.852182865142822,5.933949947357178,5.458535194396973,0.33527757366405464,0.32661705979440353,0.35248732328044025,0.025870263486036715
A6_A7_test_1m,test,1m,True,223,1.001,0.8511488511488513,0.2037404806105603,0.1777546700896902,0.7489732693690068,0.1465441210826063,0.1044826095483871,5.336975409434392,0.4245754245754246,0.0,0.0,0.0,0.0,0.1148851148851149,0.3426573426573427,0.0,0.0,0.0,0.0839160839160839,0.0,0.0209790209790209,0.0,0.0,0.0,0.0129870129870129,3.9099528789520255,6.38359260559082,6.343837261199951,6.725401401519775,1.945028305053711,4.113583087921143,5.079190254211426,5.224676609039307,6.27897834777832,5.651948928833008,5.765512466430664,6.586108207702637,5.372869968414307,0.19326964564366003,0.17775467008969023,0.24897776171847888,0.07122309162878865
A6_A7_test_1m,test,1m,True,224,1.001,0.0219780219780219,0.1905122155440374,0.0169312966614951,0.9685736493771052,0.0289901079227986,0.0024362427000957,5.489916590543894,0.0009990009990009,0.0,0.0539460539460539,0.7222777222777221,0.0,0.1548451548451548,0.0,0.0,0.0019980019980019,0.0,0.0,0.0189810189810189,0.0,0.0,0.0469530469530469,0.0,0.0,5.326233863830566,6.332752704620361,3.902482509613037,6.287076473236084,1.8607417345047,6.664388179779053,6.017526149749756,5.851256370544434,5.883039474487305,7.698601722717285,5.0540771484375,4.950583934783936,5.540155410766602,0.1305401737118137,0.016931296661495013,0.5006799388031655,0.4837486421416705
A6_A7_test_1m,test,1m,True,225,0.999,0.8698698698698699,0.2118303794971185,0.1848591947955325,0.6682934168605793,0.2936947766877762,0.0380118064516444,5.041584913547222,0.2862862862862863,0.004004004004004,0.04004004004004,0.001001001001001,0.0,0.017017017017017,0.087087087087087,0.028028028028028,0.2642642642642643,0.0,0.023023023023023,0.2092092092092092,0.0,0.0,0.0,0.04004004004004,0.0,3.9517393112182617,5.385530471801758,5.291998386383057,5.928831577301025,2.2977397441864014,4.342035293579102,4.365369319915772,5.225508689880371,5.525951862335205,7.143593788146973,5.354994773864746,5.245521068572998,5.481789588928223,0.20040878507362717,0.1848116764196729,0.2503254252082041,0.06551374878853122
A6_A7_test_1m,test,1m,True,226,1.0000000000000002,0.1929999999999999,0.2500382325223424,0.0648423977014364,0.8938996952713921,0.0825158140543422,0.0235844906742653,4.847743309461153,0.0849999999999999,0.0059999999999999,0.0,0.5249999999999999,0.0259999999999999,0.0219999999999999,0.0469999999999999,0.0149999999999999,0.0289999999999999,0.0049999999999999,0.0059999999999999,0.0,0.0119999999999999,0.0,0.0579999999999999,0.0029999999999999,0.1609999999999999,4.284907817840576,5.411829948425293,4.0258097648620605,5.678667068481445,2.2344086170196533,4.796428203582764,4.989132404327393,5.503357887268066,5.781830310821533,5.7667436599731445,4.986437797546387,5.032805919647217,4.528303623199463,0.15990880919118652,0.06481696688492715,0.45793092887681147,0.3931139619918843
A6_A7_test_1m,test,1m,True,227,1.0,0.969,0.3896240973512789,0.3855208301907358,0.4211946270488438,0.3865690855208405,0.1922362874303155,5.5380350809830885,0.156,0.0,0.004,0.0,0.0,0.0,0.605,0.0,0.181,0.0,0.0,0.027,0.016,0.01,0.0,0.0,0.001,4.211572647094727,6.351621150970459,6.202332019805908,6.46570348739624,5.208615779876709,3.815047025680542,4.411793231964111,6.028106689453125,5.954400062561035,5.510821342468262,5.622005462646484,6.388063907623291,5.824373245239258,0.3860272816133448,0.3804735699568177,0.39328290033338925,0.01280933037657156
A6_A7_test_1m,test,1m,True,228,1.001,0.98001998001998,0.0666364056110877,0.0729318381127071,0.8611715569723396,0.1317932098299064,0.0070352331977539,5.436667589040903,0.6033966033966034,0.0019980019980019,0.0019980019980019,0.0,0.0009990009990009,0.0009990009990009,0.0,0.0,0.0229770229770229,0.0,0.0579420579420579,0.2947052947052947,0.0,0.0149850149850149,0.0,0.0,0.0,3.762896060943604,5.41459846496582,5.981203079223633,5.790793895721436,3.933402538299561,5.939755916595459,5.136501312255859,5.056196212768555,5.458982944488525,7.223760604858398,5.408331394195557,6.037133693695068,5.533122539520264,0.07069017871364403,0.06536851108885369,0.07544786603843834,0.010079354949584646
A6_A7_test_1m,test,1m,True,229,0.998,0.9699398797595188,0.2617421186548438,0.2622133620368546,0.5550044747742815,0.3655643263777277,0.0794311988479906,5.461142650017371,0.094188376753507,0.0,0.0,0.0,0.2925851703406813,0.0,0.0040080160320641,0.0,0.0,0.0140280561122244,0.0070140280561122,0.5721442885771543,0.0,0.0100200400801603,0.0040080160320641,0.002004008016032,0.0,4.336804866790772,5.384772777557373,6.010633945465088,4.932473182678223,5.482056140899658,5.63563346862793,5.633186340332031,5.099416255950928,5.205061912536621,7.097602367401123,5.026455402374268,5.753485679626465,5.397272109985352,0.2626967179047581,0.2571559870529686,0.269134139136161,0.011978152083192417
A6_A7_test_1m,test,1m,True,230,1.0000000000000002,0.4649999999999999,0.3862938406130196,0.1941084379218679,0.7198638604103842,0.1720554033354953,0.1080807362541202,5.141164376185491,0.0679999999999999,0.0,0.0289999999999999,0.1379999999999999,0.0,0.0989999999999999,0.3379999999999999,0.0219999999999999,0.0,0.0139999999999999,0.0009999999999999,0.0579999999999999,0.0,0.0189999999999999,0.0,0.2139999999999999,0.0,4.412560939788818,6.042952537536621,4.2822113037109375,6.178530693054199,1.968984603881836,4.115249633789063,5.042686462402344,5.771297931671143,5.801111221313477,7.295351982116699,5.62072229385376,4.760817050933838,5.542660236358643,0.24978171516676814,0.18448134494654336,0.4512193858850537,0.2667380409385104
A6_A7_test_1m,test,1m,True,231,1.003,0.7906281156530408,0.1079937125590475,0.087334457539904,0.8721362108606197,0.0810586631989522,0.0468051259404278,5.319232243757981,0.2522432701894316,0.0807577268195413,0.007976071784646,0.0,0.0438683948155533,0.0,0.1156530408773678,0.0,0.0019940179461615,0.0049850448654037,0.3639082751744765,0.0129611166500498,0.0,0.0,0.0019940179461615,0.0538384845463609,0.0598205383848454,4.068207740783691,4.66101598739624,5.814191818237305,5.543057918548584,5.418052673339844,4.56856632232666,5.25019645690918,4.755180358886719,5.781971454620361,7.745333671569824,5.4014997482299805,5.273690700531006,4.869054317474365,0.11785145806001518,0.08733445753990388,0.19167050255166945,0.10433604501176558
A6_A7_test_1m,test,1m,True,232,1.0,0.145,0.4236902831273644,0.0733091307934335,0.8857891537384333,0.0818034309362669,0.0324074153253,4.92147761124831,0.007,0.024,0.0,0.511,0.084,0.206,0.025,0.0,0.006,0.023,0.001,0.022,0.006,0.006,0.0,0.0,0.079,4.918655872344971,4.957799434661865,4.022631645202637,5.387319087982178,1.853829860687256,5.095524787902832,5.383312225341797,5.641733646392822,5.667343616485596,5.742403984069824,5.5370283126831055,5.081353187561035,4.690273284912109,0.17070924650871974,0.0702807746530826,0.49547584105346787,0.4251950664003853
A6_A7_test_1m,test,1m,True,233,0.999,0.2932932932932933,0.4990720405904548,0.1494608242507663,0.7895986520023422,0.1218810474937827,0.0885203005038749,5.459875510289119,0.0,0.013013013013013,0.002002002002002,0.5995995995995996,0.019019019019019,0.0,0.2732732732732733,0.0,0.0,0.0,0.0,0.001001001001001,0.0,0.0,0.0,0.0,0.092092092092092,5.445868015289307,5.29637336730957,4.040679931640625,5.821308612823486,5.37486457824707,4.230453014373779,5.238819599151611,6.055431365966797,6.09477424621582,7.670958518981934,5.9128007888793945,5.082980632781982,4.713068962097168,0.23396402755404577,0.14946082425076623,0.5051341420350383,0.355673317784272
A6_A7_test_1m,test,1m,True,234,1.0,0.822,0.0050456521785685,0.0151316216000711,0.972100594914986,0.0255355669698853,0.0023638381151284,5.89896035194397,0.82,0.0,0.0,0.114,0.0,0.0,0.0,0.0,0.0,0.0,0.0,0.002,0.058,0.0,0.0,0.006,0.0,3.687286615371704,6.743469715118408,4.506223201751709,6.7654547691345215,5.64686393737793,7.229075908660889,6.56582498550415,6.632991313934326,6.28559684753418,5.254181861877441,6.116307258605957,5.49036169052124,5.76284646987915,0.03596829240786569,0.015131621600071112,0.09450922609078334,0.07937760449071223
A6_A7_test_1m,test,1m,True,235,1.0,0.292,0.1977867390439379,0.0608666093696756,0.8836480146220651,0.1109707520165184,0.0053812333614164,5.202117608143733,0.0,0.007,0.0,0.225,0.016,0.038,0.0,0.005,0.0,0.0,0.0,0.276,0.003,0.0,0.0,0.034,0.396,5.78446102142334,5.169610977172852,4.195723056793213,5.521090984344482,2.112262487411499,6.873979568481445,6.323254108428955,5.454501152038574,5.372480869293213,6.126413822174072,5.455903053283691,4.975701332092285,4.262146472930908,0.1446188393688562,0.06085813243083923,0.4171699278008299,0.3563117953699907
A6_A7_test_1m,test,1m,True,236,1.0,0.4669999999999999,0.1966861872437883,0.1104950983463101,0.8420858000155818,0.094838203276216,0.0630759967082021,5.195189402653621,0.04,0.0,0.0,0.009,0.002,0.008,0.18,0.0,0.0,0.0,0.245,0.0,0.0,0.028,0.012,0.472,0.004,4.591349124908447,6.134434223175049,4.767138481140137,6.141119956970215,2.614272117614746,4.3916544914245605,5.269236564636231,4.8738532066345215,6.117883682250977,7.512385845184326,5.269204139709473,4.562758922576904,5.292171478271484,0.16439342690524814,0.09636276969133936,0.3624298994428491,0.2660671297515097
A6_A7_test_1m,test,1m,True,237,1.001,0.8641358641358641,0.3708806977550037,0.3218534878759653,0.5494282272282431,0.2574365697915827,0.1931352029801739,5.716134273088896,0.2247752247752247,0.0,0.0,0.0,0.0,0.0,0.6393606393606392,0.0479520479520479,0.0,0.0019980019980019,0.0,0.0,0.0,0.0,0.0029970029970029,0.0,0.0829170829170829,4.125444412231445,6.444334030151367,6.199519634246826,6.732204914093018,5.303238868713379,3.8669183254241934,4.944849491119385,6.18256950378418,6.371654987335205,7.315260887145996,5.629465579986572,6.2777910232543945,4.916493892669678,0.3371387513082472,0.32177219056045164,0.3894627408172608,0.06769055025680915
A6_A7_test_1m,test,1m,True,238,0.999,0.037037037037037,0.0046193643754619,0.0084761480471822,0.9832032905175524,0.0166411228705306,0.0001555866119169,5.81378096800584,0.037037037037037,0.4154154154154154,0.0,0.0,0.0,0.0,0.0,0.0,0.0,0.0,0.0,0.0,0.0,0.0,0.031031031031031,0.0,0.5165165165165165,4.877975463867188,4.113835334777832,5.89127779006958,6.474612712860107,5.717641353607178,7.224616050720215,6.609991073608398,5.596437931060791,6.04299783706665,8.01566219329834,5.10300350189209,5.700027942657471,4.211073398590088,0.15117855664497476,0.008476148047182204,0.48901923571760975,0.4805430876704275
A6_A7_test_1m,test,1m,True,239,1.0,0.358,0.2946242863569156,0.1439929687182886,0.7513832660821087,0.2092475303992055,0.0393692035186858,4.748776215773362,0.096,0.084,0.0,0.019,0.069,0.028,0.03,0.0,0.127,0.0,0.002,0.034,0.132,0.025,0.0,0.349,0.005,4.2448554039001465,4.629025459289551,4.5793137550354,5.440937519073486,2.158689498901367,4.735533714294434,4.6136474609375,5.554534912109375,5.587849140167236,4.830128192901611,5.53196382522583,4.63231897354126,5.195292949676514,0.21674553336658067,0.13137481813349325,0.43138679451577583,0.3000119763822826
A6_A7_test_1m,test,1m,True,240,1.0,0.713,0.3344377667858808,0.2834281247833752,0.4671196649629059,0.4989044205074379,0.0339759145296561,4.957890822337224,0.091,0.022,0.005,0.003,0.0,0.018,0.0,0.03,0.615,0.0,0.0,0.007,0.04,0.036,0.106,0.025,0.002,4.21997594833374,5.075350284576416,5.315945148468018,6.309349060058594,2.251073122024536,4.849786281585693,4.1085309982299805,5.602438449859619,5.746788024902344,5.138121128082275,4.788302421569824,5.52042818069458,5.526491641998291,0.3061746744567138,0.26520712630825166,0.384149677718333,0.11894255141008137
A6_A7_test_1m,test,1m,True,241,1.001,0.8611388611388611,0.4409346509330297,0.3910688128802632,0.4466437316873702,0.3245749108647328,0.2287813574478968,5.62933349609375,0.0339660339660339,0.0729270729270729,0.0,0.0,0.0,0.0,0.7592407592407592,0.0,0.0,0.0,0.0679320679320679,0.0,0.0,0.0,0.0619380619380619,0.0,0.0039960039960039,4.718669414520264,4.829885482788086,6.6243510246276855,6.561168193817139,5.390805721282959,3.793962001800537,4.89468240737915,5.205544471740723,6.108450889587402,7.368131160736084,5.061339378356934,6.871212005615234,5.753133296966553,0.4122813075095894,0.3910688128802632,0.45019882028398744,0.05913000740372426
A6_A7_test_1m,test,1m,True,242,1.0,0.625,0.4119060584481004,0.2762104696591715,0.5206554600961594,0.4062681404893378,0.0730763994145027,5.148434042930603,0.001,0.039,0.0,0.205,0.0,0.097,0.15,0.0,0.474,0.0,0.0,0.0,0.0,0.034,0.0,0.0,0.0,4.916901111602783,4.961251735687256,4.397337436676025,6.420916557312012,1.9427989721298216,4.143960952758789,4.221693515777588,5.928933143615723,6.053693771362305,7.095282554626465,5.618533611297607,5.517325401306152,5.7110137939453125,0.31069435415918556,0.2590497848638499,0.4478100365300628,0.1887602516662129
A6_A7_test_1m,test,1m,True,243,1.0,0.4649999999999999,0.2174896108435687,0.1087003976103456,0.7907637727451149,0.2010716592890792,0.008164567965806,4.883842871739314,0.002,0.377,0.034,0.005,0.001,0.025,0.0,0.006,0.151,0.002,0.076,0.235,0.015,0.005,0.002,0.0,0.064,5.076855182647705,4.127524375915527,5.215417385101318,5.715251922607422,2.190179347991944,5.255934715270996,4.587838172912598,4.944833755493164,5.346567153930664,5.528577327728272,5.084507942199707,5.607994079589844,4.808475971221924,0.1962780092968271,0.10616659516678294,0.3727254190422595,0.2665588238754765
A6_A7_test_1m,test,1m,True,244,1.0,0.607,0.4046744067319485,0.2482050332142223,0.5899386512984248,0.3237126309747055,0.0863487177268695,5.041003465652466,0.061,0.0,0.051,0.248,0.299,0.01,0.001,0.0,0.238,0.004,0.0,0.008,0.0,0.0,0.001,0.006,0.073,4.3144211769104,5.826664924621582,4.212433338165283,5.046895503997803,2.486647367477417,4.9842023849487305,4.450036525726318,5.784707069396973,5.669930458068848,7.498936653137207,5.435507774353027,5.101297855377197,4.7213640213012695,0.29545405830985805,0.24820503321422233,0.4451438148862928,0.19693878167207046
A6_A7_test_1m,test,1m,True,245,1.0,0.527,0.1207139495667732,0.0757381467047794,0.8556499026338776,0.137223901322686,0.0071261960434363,4.897606299473689,0.322,0.001,0.0,0.136,0.0,0.021,0.0,0.0,0.124,0.003,0.001,0.08,0.033,0.001,0.018,0.245,0.015,3.8902103900909424,5.859865188598633,4.209007740020752,6.096580505371094,2.2109897136688232,5.372964859008789,4.632052421569824,5.601711750030518,5.620938777923584,5.421272277832031,5.067897319793701,4.690177917480469,4.995213031768799,0.13087062101754549,0.07523342068138757,0.3037347014216895,0.22850128074030196
A6_A7_test_1m,test,1m,True,246,1.0,0.884,0.368502393651327,0.3471672277244652,0.3783462775759054,0.5489729893992588,0.0726807330248358,5.2644751622126655,0.005,0.014,0.0,0.021,0.0,0.0,0.136,0.0,0.669,0.0,0.074,0.0,0.059,0.021,0.0,0.0,0.001,4.780612468719482,5.263875484466553,5.198092937469482,6.39744758605957,5.010557651519775,4.097672462463379,4.096575736999512,5.182701110839844,5.908317565917969,5.087718963623047,5.469857692718506,6.193135738372803,5.751611709594727,0.35497337956131303,0.3365679812332371,0.384643515987773,0.04807553475453591
A6_A7_test_1m,test,1m,True,247,1.0019999999999998,0.9820359281437128,0.2926116350115642,0.2896210820755613,0.5669196570100057,0.2869185218288665,0.1461618211611281,5.501915564903846,0.0009980039920159,0.0,0.0,0.0129740518962075,0.0548902195608782,0.0,0.4341317365269462,0.0,0.0,0.0,0.2594810379241518,0.2325349301397206,0.0,0.0039920159680638,0.0009980039920159,0.0,0.0,5.891910076141357,5.728123188018799,5.310207366943359,5.452707290649414,5.467451095581055,4.036389827728272,5.007435321807861,4.82304573059082,5.490572452545166,7.220464706420898,5.263428688049316,6.088035106658936,5.745131492614746,0.29047270479325266,0.2876062077306838,0.2964745996520749,0.008868391921391106
A6_A7_test_1m,test,1m,True,248,1.0,0.994,0.4742631695135252,0.4714453066826968,0.2532476725651444,0.5506140415043174,0.1961382859305381,5.475500913766714,0.002,0.0,0.0,0.0,0.729,0.0,0.004,0.0,0.258,0.0,0.001,0.0,0.0,0.0,0.0,0.006,0.0,5.035696983337402,5.824334144592285,6.15457010269165,4.761075496673584,4.410656452178955,4.879714488983154,4.416360855102539,5.678999900817871,5.6368842124938965,7.397626876831055,5.637359619140625,5.7540154457092285,5.594217300415039,0.47215406601769244,0.47144530668269685,0.4744634904964441,0.003018183813747244
A6_A7_test_1m,test,1m,True,249,1.0,0.758,0.3274870585774228,0.2898706767846706,0.5109909084632518,0.3982768295041552,0.0907322620325929,5.208934123699482,0.004,0.093,0.0,0.002,0.008,0.0,0.206,0.013,0.328,0.011,0.131,0.081,0.043,0.053,0.026,0.0,0.001,4.958425998687744,4.633884906768799,5.840107440948486,5.802106857299805,5.164788722991943,4.121370315551758,4.329113960266113,4.983701705932617,5.556590557098389,5.161942481994629,4.972825527191162,6.442943096160889,5.748342037200928,0.30766236948603615,0.2630981575039299,0.3710864904016865,0.10798833289775661
A6_A7_test_1m,test,1m,True,250,0.999,0.7447447447447448,0.4739093120557232,0.3660529996328205,0.4773114392060174,0.3132711223223239,0.2094174384716585,5.47858490393712,0.0,0.003003003003003,0.0,0.007007007007007,0.0,0.2052052052052051,0.6796796796796797,0.0,0.008008008008008,0.024024024024024,0.0,0.057057057057057,0.001001001001001,0.015015015015015,0.0,0.0,0.0,6.202254295349121,5.722742557525635,5.64144229888916,6.402864933013916,1.8590770959854128,3.822884321212769,4.873039245605469,5.907395362854004,5.918392181396484,6.63554573059082,5.628693580627441,6.4578142166137695,6.149457931518555,0.38826303756635355,0.3584745308131236,0.48252179996942735,0.12404726915630376
A6_A7_test_1m,test,1m,True,251,1.0,0.34,0.3730336004822826,0.1305437975940405,0.8026021142512602,0.1337081763093987,0.0636897094393411,5.338760412656344,0.078,0.202,0.0,0.456,0.243,0.0,0.0,0.0,0.008,0.0,0.011,0.0,0.0,0.002,0.0,0.0,0.0,4.3308610916137695,4.345057487487793,4.082890033721924,5.105418682098389,4.713761806488037,6.101052761077881,5.576383590698242,5.291919231414795,5.773908615112305,7.689095497131348,5.762279987335205,5.16278600692749,5.468470573425293,0.22174406471646135,0.12953434554725685,0.4618804241639761,0.3323460786167193
A6_A7_test_1m,test,1m,True,252,0.999,0.5395395395395394,0.493618545417449,0.2898280712770807,0.5679831916703555,0.2843774741051273,0.147639334224517,4.944269565435556,0.008008008008008,0.0,0.002002002002002,0.009009009009009,0.3463463463463462,0.102102102102102,0.1761761761761761,0.04004004004004,0.004004004004004,0.0,0.0,0.005005005005005,0.01001001001001,0.024024024024024,0.045045045045045,0.018018018018018,0.2102102102102102,5.027676582336426,5.886910915374756,5.061789035797119,5.023563861846924,1.9496877193450928,4.352073192596436,5.078932762145996,5.62200403213501,5.611886978149414,5.721476078033447,5.025096416473389,5.411105632781982,4.50330114364624,0.3341597063851063,0.27763463777148056,0.5000794754554602,0.2224448376839796
A6_A7_test_1m,test,1m,True,253,1.001,0.2717282717282717,0.3544705181170541,0.1152493694992112,0.8137959972672143,0.1419092664671486,0.0442947362656369,4.890296440858108,0.0019980019980019,0.0139860139860139,0.0,0.3546453546453545,0.0099900099900099,0.0739260739260739,0.1148851148851148,0.0,0.0379620379620379,0.0089910089910089,0.0,0.1068931068931068,0.0369630369630369,0.0149850149850149,0.0,0.2247752247752247,0.0,5.13908052444458,5.133501529693604,4.0607008934021,5.735812664031982,1.985156774520874,4.478029251098633,4.880375385284424,5.639832019805908,5.567873477935791,5.314200401306152,5.5189385414123535,4.6762800216674805,5.444072246551514,0.19614613129332845,0.10768604247535772,0.46602680412371467,0.35834076164835693
A6_A7_test_1m,test,1m,True,254,1.0,0.429,0.3188004097849669,0.1641418629041656,0.6961906873841133,0.279334899423442,0.0244744131924446,5.046159487504226,0.004,0.0,0.034,0.001,0.0,0.046,0.0,0.0,0.294,0.001,0.0,0.131,0.011,0.045,0.0,0.433,0.0,4.823798179626465,5.924375057220459,5.313653945922852,5.98740291595459,2.041407585144043,5.119088172912598,4.350292205810547,5.654865741729736,5.504987716674805,5.537445545196533,5.451479434967041,4.508522987365723,5.382753849029541,0.2170709806329903,0.14142919185153402,0.4266335257977508,0.2852043339462168
A6_A7_test_1m,test,1m,True,255,0.999,0.7087087087087087,0.4149743177387914,0.30022202854799,0.54648385028006,0.3065882423438998,0.1469279073760401,5.319039436487051,0.0,0.1041041041041041,0.0,0.08008008008008,0.5785785785785785,0.001001001001001,0.0,0.001001001001001,0.0,0.0,0.1301301301301301,0.0,0.029029029029029,0.0,0.0,0.0,0.076076076076076,5.931034564971924,4.4871320724487305,4.586355686187744,4.83264684677124,3.729362726211548,7.135905742645264,6.621979713439941,4.867965698242188,5.520207405090332,5.516657829284668,5.6568803787231445,5.5077643394470215,4.75361967086792,0.34172716647520895,0.3002203314631379,0.4419699368959601,0.14174960543282217
A6_A7_test_1m,test,1m,True,256,1.0,0.999,0.4413924370207162,0.4414586945836955,0.3687257640503042,0.3796310827320004,0.2516431532176953,5.699696925970224,0.031,0.0,0.0,0.0,0.001,0.0,0.833,0.0,0.0,0.0,0.0,0.134,0.0,0.001,0.0,0.0,0.0,4.766026973724365,6.054886341094971,6.5115485191345215,6.159643650054932,5.366244792938232,3.750855207443237,4.856042385101318,5.772369384765625,5.777328968048096,6.885187149047852,5.558407306671143,6.638265132904053,5.99925422668457,0.44125940147445275,0.4409539685603036,0.44145869458369547,0.0005047260233918549
A8_A9_test_60m,test,60m,True,1,0.999,0.4484484484484483,0.1426141914326235,0.0740357707088706,0.8541783815284674,0.1435716955253238,0.0022499229462087,3.8517696674053488,0.08008008008008,0.0,0.0,0.4644644644644644,0.0,0.0,0.0,0.0,0.0,0.0,0.015015015015015,0.3533533533533532,0.001001001001001,0.0,0.042042042042042,0.039039039039039,0.005005005005005,2.9710326194763184,4.223860740661621,2.7380499839782715,4.429556369781494,3.3373360633850098,3.5947976112365723,4.206147193908691,4.260997772216797,4.253109455108643,4.78766393661499,3.9552814960479736,3.576695442199707,3.7384769916534415,0.13905285080900398,0.07403577070887059,0.3439502580198351,0.2699144873109645
A8_A9_test_60m,test,60m,True,2,1.001,0.7632367632367631,0.1978471537578317,0.1634669289672052,0.6786163472440214,0.3158334475775464,0.0055502051784319,3.535141385518588,0.0349650349650349,0.0159840159840159,0.0,0.0219780219780219,0.0,0.0399600399600399,0.0,0.0009990009990009,0.0969030969030969,0.0,0.0,0.6313686313686313,0.0659340659340659,0.0,0.0,0.0,0.0919080919080918,3.040354013442993,3.640716075897217,3.3398211002349854,4.337239742279053,1.6829262971878052,2.788279294967652,3.1255481243133545,4.329345703125,4.123269557952881,3.627320528030396,4.225762367248535,4.298140048980713,3.3981151580810547,0.19169230187239292,0.16346523527313195,0.2711970783925906,0.10773184311945866
A8_A9_test_60m,test,60m,True,3,1.0,0.755,0.3309668393043337,0.2542496494802915,0.6370238496863253,0.2174530016667665,0.1455231486469082,3.6975777057500983,0.014,0.0,0.004,0.022,0.003,0.084,0.477,0.0,0.0,0.0,0.209,0.052,0.0,0.002,0.013,0.093,0.027,3.236415386199951,4.567698955535889,3.2393157482147217,4.611217021942139,1.5915392637252808,1.8803625106811523,3.390350818634033,4.027015209197998,4.73043155670166,5.05939245223999,4.225453853607178,3.803347110748291,3.705970287322998,0.28113909335407705,0.25324019743350784,0.37425421367477196,0.12101401624126412
A8_A9_test_60m,test,60m,True,4,1.001,0.7202797202797204,0.1448426791875159,0.1117228387027084,0.8033337704868578,0.1698867816208674,0.0267794478922747,3.747084856033325,0.2147852147852148,0.0,0.0,0.2377622377622378,0.0119880119880119,0.0,0.0499500499500499,0.0089910089910089,0.1858141858141858,0.0,0.2577422577422578,0.0,0.0,0.0009990009990009,0.0319680319680319,0.0,0.0,2.649466753005981,4.599228382110596,2.914285182952881,4.403463363647461,3.15556263923645,2.173018217086792,2.9588091373443604,3.923354387283325,4.733434200286865,5.012126445770264,4.0578155517578125,4.005099296569824,4.126439571380615,0.14418291083239884,0.11120337365445931,0.2463272444497491,0.13512387079528979
A8_A9_test_60m,test,60m,True,5,1.001,0.888111888111888,0.0757071413409373,0.0940430104378932,0.8391586685097183,0.1335966421047765,0.0272446893855049,3.976117363342872,0.7312687312687312,0.0,0.0,0.0,0.0039960039960039,0.0269730269730269,0.0349650349650349,0.0009990009990009,0.1128871128871128,0.0039960039960039,0.0,0.0049950049950049,0.0399600399600399,0.0369630369630369,0.0,0.0,0.0029970029970029,2.46390962600708,5.0421881675720215,4.223516464233398,4.896440982818604,1.710774064064026,2.311032295227051,3.114614725112915,5.106420516967773,5.038351535797119,3.682104349136353,4.752289772033691,5.19404411315918,4.153839111328125,0.09494492699482959,0.07538511008498165,0.12403641223985298,0.04865130215487133
A8_A9_test_60m,test,60m,True,6,1.001,0.6543456543456544,0.3435941485494876,0.245645964579397,0.614917189872588,0.27887369109603,0.106209119031382,3.496182386691754,0.0239760239760239,0.0339660339660339,0.0,0.0969030969030969,0.0009990009990009,0.0149850149850149,0.3376623376623377,0.0,0.0889110889110889,0.0009990009990009,0.0859140859140859,0.1168831168831169,0.0049950049950049,0.0,0.1048951048951049,0.0,0.0889110889110889,3.074078321456909,3.623189687728882,3.1367735862731934,4.521832942962647,1.7955834865570068,1.9187982082366943,3.026017904281616,4.142353534698486,4.458230018615723,4.144277095794678,3.911164522171021,4.240333080291748,3.4577386379241943,0.2882865795348839,0.24564596457939694,0.40030076653338076,0.15465480195398382
A8_A9_test_60m,test,60m,True,7,0.999,0.995995995995996,0.4961618592448464,0.4945444804607384,0.3086671278544775,0.3935767833695682,0.2977560887759543,4.51767621590541,0.007007007007007,0.0,0.0,0.0,0.0,0.0,0.988988988988989,0.0,0.0,0.002002002002002,0.0,0.0,0.0,0.0,0.0,0.002002002002002,0.0,3.510760307312012,5.408122539520264,4.567374229431152,5.70850944519043,3.0703349113464355,1.6727877855300903,3.3715171813964844,5.472181797027588,5.616564750671387,5.103374004364014,4.959788799285889,5.256828308105469,5.011646747589111,0.49503546090139194,0.49454448046073834,0.49620785780642856,0.0016633773456902201
A8_A9_test_60m,test,60m,True,8,1.0,0.976,0.3415466817658901,0.3334282137809416,0.3670634508036536,0.5990166708308093,0.0339198783655369,4.025382995605469,0.0,0.0,0.0,0.005,0.0,0.0,0.0,0.0,0.865,0.0,0.111,0.0,0.0,0.0,0.0,0.0,0.019,3.394014835357666,4.807981014251709,3.829377412796021,4.9715776443481445,2.965331077575684,2.4451146125793457,2.6288201808929443,4.1398234367370605,4.907922744750977,4.9736762046813965,4.460690975189209,4.986948013305664,3.8187007904052734,0.33628257854147076,0.3334282137809416,0.3455331614035088,0.012104947622567197
A8_A9_test_60m,test,60m,True,9,1.001,0.4935064935064934,0.1830607040466036,0.0947128552290387,0.8132648283246515,0.1840446328926193,0.002690538782729,3.851510653128991,0.0,0.0,0.0209790209790209,0.0009990009990009,0.0,0.0129870129870129,0.0049950049950049,0.0009990009990009,0.0,0.0,0.0,0.4885114885114884,0.0159840159840159,0.0,0.0,0.0009990009990009,0.4535464535464535,4.430359840393066,4.164130210876465,3.766970634460449,4.43239688873291,1.849078893661499,3.1883108615875244,4.08374547958374,4.420413494110107,4.189618110656738,4.091053009033203,4.353947639465332,4.060353755950928,3.039259672164917,0.15507441092673008,0.09471116153496541,0.34746307472429755,0.25275191318933216
A8_A9_test_60m,test,60m,True,10,1.0,0.2289999999999999,0.0190004923726095,0.0091187280431391,0.984054691311916,0.0136531612898896,0.0022921473981943,4.0511001623593845,0.189,0.0,0.0,0.752,0.0,0.0,0.0,0.0,0.0,0.0,0.021,0.019,0.003,0.0,0.004,0.0,0.012,2.763200283050537,4.773204326629639,2.627980232238769,4.870133876800537,3.366279602050781,4.05846118927002,4.650915622711182,4.4721527099609375,4.79919958114624,4.478034496307373,4.491420745849609,3.677099466323853,3.63621997833252,0.10018359571107906,0.009118728043139157,0.39574926275332767,0.3866305347101885
A8_A9_test_60m,test,60m,True,11,1.0,0.5750000000000001,0.4393802266625355,0.2593702103096045,0.5931367152468097,0.2949861488871717,0.1118771358660185,3.8083887008520274,0.0,0.011,0.0,0.0,0.02,0.0,0.328,0.0,0.204,0.023,0.023,0.0,0.008,0.0,0.0,0.0,0.383,3.5965447425842285,3.950361013412476,4.107580661773682,4.4849534034729,3.086139678955078,1.9052129983901973,2.9285638332366943,4.45278263092041,4.795907974243164,4.134376525878906,4.438450336456299,4.498901844024658,3.129277467727661,0.3108995998667456,0.25937021030960444,0.468394880330958,0.20902467002135355
A8_A9_test_60m,test,60m,True,12,1.0,0.804,0.1864587074998451,0.1536690100230111,0.6959804045040456,0.3007011709458866,0.0033184245500678,3.835879949422983,0.0,0.021,0.0,0.0,0.0,0.008,0.0,0.006,0.026,0.0,0.0,0.778,0.0,0.002,0.012,0.016,0.131,4.176828384399414,3.590027093887329,4.209578514099121,4.3343281745910645,1.9800567626953125,3.2184762954711914,3.5225400924682617,4.287161350250244,4.130082130432129,5.015744686126709,3.971376180648804,4.08173418045044,3.34850549697876,0.17747572697785216,0.15264938564962383,0.24941220082987545,0.09676281518025162
A8_A9_test_60m,test,60m,True,13,1.0,0.6480000000000001,0.465270835261858,0.3031147359587775,0.5731859132240927,0.2473987016342595,0.1794153851416478,3.818448671927819,0.0,0.004,0.0,0.331,0.037,0.001,0.562,0.015,0.0,0.0,0.039,0.01,0.0,0.0,0.0,0.001,0.0,3.637798309326172,4.180059909820557,2.885546922683716,4.339821815490723,2.407181978225708,1.7999036312103271,3.3954501152038574,4.391427516937256,4.83331298828125,4.991369724273682,4.651158332824707,3.939821720123291,4.1869797706604,0.34468455533383946,0.3030893051422684,0.4801883012496841,0.1770989961074157
A8_A9_test_60m,test,60m,True,14,1.001,0.6233766233766235,0.4567883807598435,0.2858625985035291,0.558644265393892,0.3109862722051579,0.1303694624009501,4.010570544462937,0.0,0.0,0.0059940059940059,0.0,0.5064935064935066,0.0,0.0019980019980019,0.0,0.0299700299700299,0.0,0.0009990009990009,0.0839160839160839,0.0,0.0,0.0,0.0,0.3706293706293707,4.078579902648926,4.295536518096924,4.216575145721436,3.581144332885742,3.4201903343200684,2.9695162773132324,3.4907264709472656,4.460884094238281,4.405274391174316,5.330337524414063,4.574332237243652,4.222954750061035,3.091365098953247,0.33083385468547477,0.28586259850352896,0.47594405553860364,0.19008145703507467
A8_A9_test_60m,test,60m,True,15,1.0,0.8300000000000001,0.4670276574544762,0.3973181002912651,0.3832595458969799,0.4388447076235102,0.1778957464795098,3.6536311369675856,0.017,0.0,0.004,0.0,0.4,0.001,0.229,0.004,0.182,0.017,0.002,0.0,0.031,0.001,0.001,0.0,0.111,3.109182357788086,4.390597820281982,4.00392484664917,3.7156670093536377,2.2308921813964844,1.968755960464477,2.9516472816467285,4.520833492279053,4.535963535308838,3.791520357131958,4.3552093505859375,4.508118629455566,3.4148919582366943,0.41722434050773116,0.39680659271680413,0.47393345568721534,0.07712686297041121
A8_A9_test_60m,test,60m,True,16,0.999,0.3803803803803804,0.085142806519352,0.057283912374142,0.9013880374807488,0.0826561002902181,0.0159558622290329,3.89364271897536,0.1741741741741742,0.0,0.0,0.5045045045045046,0.0,0.0,0.0,0.0,0.0810810810810811,0.0,0.1251251251251251,0.0,0.0,0.044044044044044,0.0,0.0,0.071071071071071,2.6841561794281006,4.751289367675781,2.7210469245910645,4.890394687652588,3.2260396480560303,3.096719264984131,3.2133734226226807,4.104400157928467,4.958288669586182,5.082982063293457,4.695086479187012,3.800194501876831,3.393383979797364,0.11656929407178675,0.03505373716969778,0.3469365530303842,0.3118828158606864
A8_A9_test_60m,test,60m,True,17,0.999,0.7417417417417417,0.0633231994771371,0.0525226390239991,0.9081488185427036,0.0786570848665944,0.0131940965907019,3.745860860897945,0.2402402402402402,0.001001001001001,0.0,0.0,0.0,0.011011011011011,0.038038038038038,0.0,0.0,0.0,0.3193193193193193,0.1441441441441441,0.0,0.001001001001001,0.022022022022022,0.2232232232232232,0.0,2.7653253078460693,4.258209228515625,3.553680658340454,4.554200172424316,1.852599740028381,2.6133904457092285,3.799774169921875,3.8593130111694336,4.497042655944824,5.319415092468262,4.0941596031188965,3.503187894821167,4.025893211364746,0.0825157959967819,0.0520174077693526,0.17807426507763618,0.1260568573082836
A8_A9_test_60m,test,60m,True,18,0.997,0.2808425275827482,0.3069382545921748,0.1475213351874924,0.7835874229403739,0.1377824837442669,0.0786300933153589,3.6736345291137695,0.1093279839518555,0.1163490471414242,0.0040120361083249,0.0,0.0,0.160481444332999,0.1715145436308926,0.0,0.0,0.0,0.0,0.0,0.0030090270812437,0.1033099297893681,0.0351053159478435,0.0310932798395185,0.2657973921765296,2.869727373123169,3.368227481842041,3.885349750518799,4.969221591949463,1.5462172031402588,2.170121431350708,3.5765044689178467,4.790013313293457,4.940231800079346,4.226518630981445,4.211342811584473,3.9856481552124015,3.218124866485596,0.20507435815681882,0.09537812514801726,0.45128160610412116,0.3559034809561039
A8_A9_test_60m,test,60m,True,19,1.0,0.686,0.4945931714100675,0.3486776092467715,0.5073896309921244,0.287865519522208,0.2047448494856675,3.986793637275696,0.007,0.0,0.0,0.001,0.0,0.0,0.679,0.0,0.0,0.0,0.0,0.0,0.0,0.0,0.047,0.09,0.176,3.378903388977051,4.947174072265625,3.608491182327272,5.159398078918457,3.136859178543091,1.771769404411316,3.331502676010132,4.98297643661499,5.113990306854248,5.124964714050293,4.185362339019775,3.784647226333618,3.3022782802581787,0.3857945317931685,0.3486776092467715,0.49869301558730633,0.15001540634053484
A8_A9_test_60m,test,60m,True,20,0.999,0.915915915915916,0.1992008185501992,0.2028705653701605,0.7062307470825686,0.1817973750945417,0.1119718778228897,3.921114582281846,0.5475475475475475,0.015015015015015,0.0,0.011011011011011,0.0,0.0,0.3323323323323323,0.006006006006006,0.036036036036036,0.0,0.0,0.0,0.001001001001001,0.036036036036036,0.01001001001001,0.005005005005005,0.0,2.5210065841674805,4.005507946014404,3.523514032363892,5.260273456573486,2.606289386749268,1.9054189920425413,3.148380756378174,5.045566082000732,5.139843463897705,4.522002696990967,4.4154157638549805,4.52885103225708,4.352419376373291,0.20225237348309505,0.18467205769377523,0.22513648545889114,0.04046442776511591
A8_A9_test_60m,test,60m,True,21,0.999,0.2502502502502502,0.3545017323084554,0.1327210991283304,0.8025584030323121,0.1294409956787146,0.0680006012889731,3.7338699560899,0.0,0.1421421421421421,0.014014014014014,0.5095095095095095,0.001001001001001,0.002002002002002,0.1481481481481481,0.0,0.034034034034034,0.0,0.062062062062062,0.005005005005005,0.0,0.081081081081081,0.0,0.0,0.001001001001001,3.496263265609741,3.268960475921631,2.770738363265991,4.721073627471924,2.163215160369873,2.157158136367798,3.320281982421875,4.2527360916137695,4.839320659637451,5.067257881164551,4.671318054199219,3.796841382980346,4.015144348144531,0.2055222685562596,0.09179736750196717,0.4693246076847985,0.37752724018283135
A8_A9_test_60m,test,60m,True,22,1.001,0.4405594405594407,0.4620731060044409,0.2483498399644715,0.6253882656599401,0.2525237887511766,0.1220879455888832,3.928368907708388,0.0089910089910089,0.4195804195804196,0.0,0.0,0.0,0.0,0.3426573426573427,0.0049950049950049,0.0839160839160839,0.0,0.0049950049950049,0.0,0.0699300699300699,0.0609390609390609,0.0,0.0039960039960039,0.0,3.3669116497039795,3.001953125,4.364232540130615,5.063848972320557,3.26189923286438,1.957852244377136,3.104923248291016,4.581408500671387,4.920549392700195,3.521484613418579,4.590067863464356,4.854928016662598,4.478736400604248,0.3235863391061566,0.21758384159710187,0.4875706690788795,0.26998682748177766
A8_A9_test_60m,test,60m,True,23,0.998,0.4478957915831663,0.0518548784615725,0.0482198999470693,0.9158183854120776,0.0719234292817056,0.0122581853062165,3.73233307324923,0.0,0.1062124248496994,0.0,0.1432865731462925,0.0420841683366733,0.0240480961923847,0.001002004008016,0.0100200400801603,0.0,0.001002004008016,0.4038076152304609,0.001002004008016,0.1222444889779559,0.001002004008016,0.003006012024048,0.1412825651302605,0.0,4.178257942199707,3.299001455307007,2.949981212615967,4.1897711753845215,1.7496473789215088,3.618410587310791,4.45974063873291,3.811214447021485,4.650949001312256,3.54373550415039,4.325958251953125,3.57688856124878,4.166773796081543,0.11941247700416922,0.047697174595301164,0.3035012832388003,0.2558041086434992
A8_A9_test_60m,test,60m,True,24,1.0,0.896,0.5011978377141744,0.4530391129630446,0.3458558243872204,0.4022101252994698,0.2519340503133098,3.828185631678655,0.0,0.011,0.008,0.006,0.36,0.0,0.533,0.004,0.0,0.0,0.003,0.0,0.02,0.0,0.0,0.055,0.0,4.133551597595215,3.915085554122925,3.4449565410614014,3.7796010971069336,3.2304022312164307,1.848737955093384,3.4336647987365723,4.573768615722656,4.656547546386719,3.98207426071167,4.668858051300049,3.9324288368225098,4.166736125946045,0.46608291559076787,0.4530323314119755,0.5018688625919002,0.0488365311799247
A8_A9_test_60m,test,60m,True,25,1.0,0.1659999999999999,0.1749415044453916,0.0361982457897011,0.9352664715412664,0.0570705653380645,0.0076629631206688,3.6098001094964833,0.025,0.064,0.002,0.001,0.007,0.038,0.011,0.051,0.002,0.0,0.015,0.106,0.005,0.007,0.0,0.086,0.58,3.1661179065704346,3.4090723991394043,3.4438140392303467,4.38179874420166,1.6754876375198364,2.926555633544922,3.872587203979492,4.333330154418945,4.496386528015137,4.0880560874938965,4.557778358459473,3.610368251800537,2.9660484790802,0.1359208693948189,0.032578698849827406,0.45242038973793497,0.4198416908881076
A8_A9_test_60m,test,60m,True,26,1.0,0.969,0.0078780739036018,0.0077770539082294,0.987378005042482,0.0096898820985766,0.0029321128589411,4.52334216924814,0.961,0.0,0.0,0.0,0.0,0.001,0.001,0.03,0.007,0.0,0.0,0.0,0.0,0.0,0.0,0.0,0.0,2.428633213043213,5.338113307952881,4.342170238494873,5.51939582824707,2.1944515705108643,3.18510365486145,3.9102396965026855,5.580061912536621,5.513369560241699,5.638660907745361,5.303886413574219,5.311653137207031,4.537708759307861,0.01088567152249794,0.0077261922752112095,0.023371003612590133,0.015644811337378925
A8_A9_test_60m,test,60m,True,27,1.0,0.091,0.3990340662630906,0.1103655753224935,0.8078210869356298,0.1636266754837531,0.028552237580617,3.8328062937809873,0.0,0.181,0.006,0.0,0.002,0.0,0.009,0.0,0.08,0.0,0.0,0.0,0.158,0.086,0.0,0.017,0.461,3.873882293701172,3.179824113845825,4.168198108673096,4.771812438964844,3.435977935791016,2.582714796066284,3.209890127182007,4.732139587402344,4.848074436187744,3.32613468170166,4.644986152648926,3.997984647750856,3.0548624992370605,0.20293088061407233,0.06695913731079764,0.4977659500299413,0.4308068127191437
A8_A9_test_60m,test,60m,True,28,0.9990000000000002,0.5625625625625624,0.3024136935317027,0.1818882664208824,0.7263945710781285,0.1834343250019778,0.0901711039198934,3.4803308156820445,0.006006006006006,0.2072072072072071,0.0,0.103103103103103,0.087087087087087,0.016016016016016,0.2202202202202201,0.001001001001001,0.034034034034034,0.001001001001001,0.2032032032032031,0.012012012012012,0.057057057057057,0.0,0.0,0.005005005005005,0.047047047047047,3.34967303276062,3.139564037322998,3.13627290725708,4.07346248626709,1.81367826461792,2.0723624229431152,3.242427349090576,3.959902048110962,4.5464582443237305,3.710779428482056,4.50296688079834,4.115134239196777,3.5816192626953125,0.24736201303922004,0.18188656933603012,0.39219173750231884,0.21030516816628872
A8_A9_test_60m,test,60m,True,29,1.0,0.966,0.4172061679747451,0.4035201482876867,0.4094199936438705,0.3741197161368855,0.2164602902192439,4.000280343569242,0.0,0.001,0.0,0.0,0.0,0.024,0.717,0.003,0.0,0.0,0.0,0.249,0.0,0.0,0.002,0.0,0.004,4.267311096191406,4.338508129119873,4.391971111297607,4.684310436248779,1.7387758493423462,1.7741845846176147,3.318775177001953,4.623241901397705,4.527253150939941,4.896777153015137,4.286316871643066,4.973340034484863,4.1828789710998535,0.4071285757319047,0.4035150621243848,0.42028125826360374,0.016766196139218925
A8_A9_test_60m,test,60m,True,30,0.998,0.3296593186372746,0.2533294210643475,0.0906665740076716,0.8344786822030872,0.1497094875784821,0.0158118302184305,3.791948520220243,0.003006012024048,0.0,0.0,0.0,0.0080160320641282,0.0,0.0200400801603206,0.0,0.1673346693386773,0.0,0.1052104208416833,0.0260521042084168,0.0,0.0,0.0250501002004008,0.4498997995991984,0.1953907815631262,3.2954025268554688,4.5701093673706055,3.675737857818604,4.431412696838379,3.229445219039917,2.3744771480560303,3.035080909729004,4.087376117706299,4.693281650543213,5.4025421142578125,4.092197895050049,3.242151498794556,3.1661157608032227,0.1699683692800216,0.09066657400767154,0.42381085123263557,0.33314427722496404
A8_A9_test_60m,test,60m,True,31,1.0,0.484,0.4841850276524209,0.2401626042038684,0.6547790938674287,0.2101166038574054,0.1351043022751657,3.952471513014573,0.0,0.0,0.002,0.0,0.0,0.0,0.442,0.0,0.029,0.0,0.0,0.013,0.0,0.0,0.021,0.348,0.145,3.879416942596436,4.82277250289917,3.760798931121826,4.999409198760986,3.1607697010040283,1.899515151977539,3.194463014602661,4.930480003356934,4.886844158172607,4.892301082611084,4.2806596755981445,3.3777718544006348,3.2969274520874023,0.3012297055939196,0.2401626042038684,0.4962929533837717,0.2561303491799033
A8_A9_test_60m,test,60m,True,32,1.0,0.242,0.2875401041467411,0.0897379887329422,0.8293092794307964,0.1619054636725226,0.0087852568966808,3.589862640087421,0.061,0.007,0.0,0.367,0.0,0.106,0.0,0.0,0.18,0.008,0.001,0.0,0.086,0.001,0.0,0.001,0.182,2.829645872116089,4.05780029296875,2.776201009750366,4.91691780090332,1.5634348392486572,2.5847558975219727,2.989807367324829,4.884099006652832,4.85126256942749,3.5528440475463867,4.644893646240234,3.804716110229492,3.2118358612060547,0.17755958972669772,0.08923326270955036,0.4543834052035114,0.36515014249396105
A8_A9_test_60m,test,60m,True,33,0.999,0.7927927927927927,0.2694721718650911,0.220359925288489,0.6381345315024534,0.2830110864181148,0.0788543820794315,3.531308650970459,0.1481481481481481,0.001001001001001,0.035035035035035,0.037037037037037,0.2582582582582582,0.066066066066066,0.039039039039039,0.022022022022022,0.002002002002002,0.0,0.003003003003003,0.3423423423423423,0.018018018018018,0.0,0.015015015015015,0.002002002002002,0.011011011011011,2.828237771987915,4.046315670013428,3.1978933811187744,3.733511924743652,1.6331548690795898,2.5259556770324707,3.598635673522949,4.303754806518555,4.1809983253479,3.997135162353516,4.049616813659668,4.079702854156494,3.732099533081055,0.24387143057742042,0.22032258942174213,0.3188243344516036,0.09850174502986145
A8_A9_test_60m,test,60m,True,34,1.0,0.7250000000000001,0.3038994796712198,0.2254315976273691,0.6589202537181693,0.2312962973089232,0.1097834489729074,3.9553150213681736,0.017,0.012,0.0,0.0,0.43,0.0,0.0,0.0,0.003,0.008,0.275,0.0,0.001,0.0,0.013,0.241,0.0,3.296025037765503,3.7502708435058594,3.9816298484802246,3.624446630477905,3.705920934677124,3.775212526321411,4.15617561340332,3.8452513217926025,4.533993244171143,4.983468532562256,4.227114200592041,3.4568777084350586,4.082708835601807,0.25876656032088446,0.2254315976273691,0.3599308727616343,0.1344992751342652
A8_A9_test_60m,test,60m,True,35,1.0,0.595,0.3245532564769192,0.1993375551271436,0.6612451564250531,0.2788345768956067,0.0599202666793402,3.491188040146461,0.049,0.0,0.009,0.061,0.132,0.146,0.062,0.003,0.154,0.0,0.0,0.198,0.002,0.001,0.02,0.163,0.0,2.9266068935394287,4.2790207862854,2.970580577850342,3.886514186859131,1.5429693460464478,2.208348035812378,3.0067057609558105,4.459160804748535,4.283089637756348,4.3368754386901855,4.018659114837647,3.5196752548217773,3.9472386837005615,0.2443354989282392,0.19882774294044991,0.39870743760376703,0.19987969466331712
A8_A9_test_60m,test,60m,True,36,1.0,0.429,0.2927528916106728,0.1336391996171995,0.8064031030635876,0.1199153946384255,0.0736815022979867,3.6330374754392185,0.138,0.049,0.012,0.324,0.049,0.071,0.194,0.0,0.0,0.017,0.031,0.017,0.0,0.005,0.0,0.093,0.0,2.803683042526245,3.563217639923096,2.802576780319214,4.219819068908691,1.6180500984191897,2.1207096576690674,3.5616025924682617,4.367608547210693,4.717825889587402,5.170333862304688,4.6622724533081055,3.560645580291748,4.0611419677734375,0.2019864050135151,0.13111556950024048,0.41545914050097865,0.28434357100073815
A8_A9_test_60m,test,60m,True,37,1.0,0.686,0.3943348946300605,0.2799278329154561,0.6055846401887222,0.2289750537916434,0.1654403060196343,3.8820956395222592,0.0,0.0,0.0,0.005,0.0,0.026,0.537,0.0,0.0,0.0,0.139,0.01,0.0,0.012,0.011,0.26,0.0,4.165543556213379,4.773970603942871,3.3192138671875,4.934205055236816,1.7155277729034424,1.8612033128738403,3.4541640281677246,4.1495890617370605,4.904531002044678,5.0882415771484375,4.333616256713867,3.518298864364624,4.249138355255127,0.3127189971224402,0.2738711206347543,0.42991583771622155,0.15604471708146728
A8_A9_test_60m,test,60m,True,38,0.999,0.5835835835835836,0.349703893596446,0.2060033334926456,0.7114456750868761,0.1651019828409566,0.1234523420721672,3.9896026299549994,0.1731731731731731,0.001001001001001,0.0,0.035035035035035,0.0,0.0,0.4054054054054054,0.0,0.0,0.0,0.001001001001001,0.004004004004004,0.0,0.0,0.0,0.3803803803803804,0.0,2.757852077484131,4.611738204956055,2.9860992431640625,5.104249000549316,3.1176464557647705,1.9222954511642456,3.4833834171295166,5.030563354492188,5.152402400970459,5.357301712036133,4.852390289306641,3.350913524627685,4.137999057769775,0.2552619104821461,0.20600333349264552,0.41547524521194,0.2094719117192945
A8_A9_test_60m,test,60m,True,39,1.0,0.606,0.231010277135901,0.1560038047615104,0.7032732828368407,0.2814458248032977,0.0152808923598615,3.7114682014171896,0.234,0.0,0.0,0.313,0.0,0.0,0.0,0.0,0.351,0.0,0.0,0.021,0.007,0.0,0.074,0.0,0.0,2.587684869766236,4.603988170623779,2.8109521865844727,4.798460006713867,3.0143282413482666,2.451186418533325,2.789159774780273,4.720088005065918,4.619754314422607,3.942195653915405,3.9233458042144775,3.945420742034912,4.042522430419922,0.20228052385329356,0.15600380476151043,0.34000632794435603,0.1840025231828456
A8_A9_test_60m,test,60m,True,40,0.999,0.8378378378378378,0.2936974887842809,0.2534171478682852,0.5557767875617334,0.3816121291399628,0.0626110832983038,3.487669403736408,0.03003003003003,0.091091091091091,0.001001001001001,0.001001001001001,0.0940940940940941,0.022022022022022,0.0850850850850851,0.0,0.2982982982982983,0.007007007007007,0.1051051051051051,0.2252252252252252,0.023023023023023,0.003003003003003,0.0,0.002002002002002,0.012012012012012,3.021392345428467,3.303825855255127,3.8059685230255127,3.970324993133545,1.737049221992493,2.081491708755493,2.8652703762054443,4.0147576332092285,4.265289783477783,3.767988204956055,4.17134952545166,4.538525104522705,3.79646897315979,0.27750648954190693,0.2519014541043458,0.32839249060304604,0.07649103649870026
A8_A9_test_60m,test,60m,True,41,1.0,0.449,0.3047123110684195,0.1418315966806849,0.7649380789980698,0.1864606486424902,0.0486012723594399,3.472649060762845,0.028,0.001,0.001,0.029,0.065,0.021,0.09,0.0,0.066,0.001,0.015,0.185,0.002,0.004,0.001,0.349,0.142,3.0318315029144287,4.165139675140381,2.974525690078736,4.030364036560059,1.7644305229187012,2.2179665565490723,3.1743485927581787,4.337403297424316,4.352048873901367,4.271018981933594,4.257364273071289,3.3255834579467773,3.2424123287200928,0.20551153140767783,0.13981269258711768,0.4165309776697203,0.27671828508260266
A8_A9_test_60m,test,60m,True,42,1.001,0.5174825174825174,0.5073514050020946,0.3160805737694932,0.5226858112336036,0.322467229993806,0.1548469587725901,4.010781966722929,0.0,0.1178821178821178,0.0209790209790209,0.0029970029970029,0.5124875124875125,0.0,0.0039960039960039,0.0,0.0009990009990009,0.0249750249750249,0.0,0.0,0.0079920079920079,0.0909090909090909,0.0,0.2167832167832167,0.0,4.932186603546143,3.245236158370972,3.424635648727417,3.6010091304779053,3.7524797916412354,3.435986280441284,4.337917327880859,4.502152919769287,4.5613112449646,4.052676677703857,4.757213592529297,3.470128059387207,4.067232131958008,0.35288344022589657,0.2701963898247829,0.5074954823087758,0.23729909248399295
A8_A9_test_60m,test,60m,True,43,1.0,0.994,0.4576716340028255,0.4549533203850613,0.2887806144215388,0.5125321303867996,0.1986872551916615,3.9998620473421536,0.0,0.0,0.005,0.001,0.762,0.0,0.001,0.0,0.127,0.0,0.0,0.104,0.0,0.0,0.0,0.0,0.0,3.776211977005005,4.2785325050354,3.940439462661743,3.49935245513916,3.4125213623046875,2.703566789627075,3.15397572517395,4.46236515045166,4.401841640472412,5.205449104309082,4.517419338226318,4.504105567932129,4.142425537109375,0.4557496818635953,0.45495332038506137,0.45797150419880867,0.0030181838137472994
A8_A9_test_60m,test,60m,True,44,1.001,0.3386613386613387,0.0320708964065547,0.0541065778005038,0.91334037441578,0.0651060955674325,0.0215535300167875,3.683179965386024,0.1938061938061938,0.2547452547452548,0.0,0.0349650349650349,0.0,0.0029970029970029,0.0,0.0,0.0249750249750249,0.0,0.1198801198801198,0.0,0.0079920079920079,0.0789210789210789,0.0,0.0,0.2817182817182817,2.7347447872161865,3.0762603282928467,3.2522244453430176,4.800480365753174,2.1323959827423096,3.2249488830566406,3.562262535095215,4.056448459625244,4.833725452423096,4.008034706115723,4.737922191619873,4.283623695373535,3.17826771736145,0.12487869584353112,0.0142730554748762,0.3465897441376843,0.33231668866280806
A8_A9_test_60m,test,60m,True,45,1.0,0.325,0.0726569004091944,0.072085720816436,0.8646265331441932,0.1265754920787411,0.0087979747770655,3.5566786986130934,0.22,0.031,0.001,0.381,0.0,0.014,0.001,0.0,0.02,0.004,0.004,0.08,0.152,0.022,0.04,0.03,0.0,2.706050395965576,3.6538710594177246,2.789212226867676,4.712309837341309,1.802682399749756,2.928326368331909,3.4791204929351807,4.542869091033936,4.5178422927856445,3.3583874702453613,4.062076091766357,3.6667866706848153,4.017288684844971,0.14614643178383405,0.06098174830181616,0.3662772426329882,0.3052954943311721
A8_A9_test_60m,test,60m,True,46,0.999,0.8908908908908909,0.4263990651236075,0.3842080172331842,0.3394765841423011,0.5526307972490292,0.1078926186086696,3.7220435234216542,0.0,0.0,0.005005005005005,0.0,0.3423423423423423,0.057057057057057,0.0,0.001001001001001,0.5245245245245245,0.0,0.001001001001001,0.023023023023023,0.0,0.001001001001001,0.019019019019019,0.022022022022022,0.004004004004004,3.491421699523926,4.452768325805664,4.097873210906982,3.716129779815674,1.6040199995040894,2.378770589828491,2.7386550903320312,4.491274356842041,4.492702007293701,4.863407611846924,4.0453715324401855,4.10377836227417,3.910393238067627,0.39579092794653953,0.38370108889368565,0.4352642822422528,0.05156319334856713
A8_A9_test_60m,test,60m,True,47,0.999,0.1381381381381381,0.4888446084884502,0.1065289071354778,0.8393395914959668,0.1082630027371102,0.0523974057669226,3.721112709779006,0.0,0.3743743743743743,0.007007007007007,0.2202202202202202,0.0,0.034034034034034,0.1251251251251251,0.007007007007007,0.013013013013013,0.001001001001001,0.0,0.0,0.0,0.052052052052052,0.053053053053053,0.1131131131131131,0.0,3.746927976608277,2.978280067443848,2.8725392818450928,4.90600061416626,1.6947920322418213,2.229840040206909,3.425755023956299,4.66325569152832,4.892468929290772,5.199211120605469,4.103324890136719,3.582082986831665,4.079986572265625,0.2167607388535459,0.08024500229989695,0.5050522582296357,0.4248072559297388
A8_A9_test_60m,test,60m,True,48,1.0,0.7650000000000001,0.3775046191754468,0.3104804957048492,0.5569397757153124,0.2651594571596766,0.1779007671250109,3.795633004261897,0.001,0.0,0.0,0.158,0.0,0.024,0.553,0.0,0.013,0.0,0.159,0.039,0.0,0.041,0.0,0.0,0.012,3.534072160720825,4.638156414031982,3.1049394607543945,4.804431438446045,1.7487034797668457,1.8225626945495603,3.215992927551269,4.116847515106201,4.762770652770996,4.882562637329102,4.5652689933776855,4.264795303344727,3.882125377655029,0.3248177465603617,0.2897867287457848,0.40808878366921686,0.11830205492343204
A8_A9_test_60m,test,60m,True,49,1.0,0.923,0.3777013736978697,0.3509713963833951,0.3344296131204102,0.6291979809923892,0.0363724058872005,3.98742308983436,0.019,0.062,0.0,0.0,0.004,0.0,0.0,0.0,0.9,0.0,0.0,0.0,0.0,0.0,0.012,0.003,0.0,3.0372984409332275,3.5606613159179688,4.288081169128418,4.79534387588501,3.0012876987457275,2.323469400405884,2.637223958969116,4.815392017364502,4.922618389129639,5.0714497566223145,4.137731075286865,4.843175411224365,4.402767658233643,0.36428547414533374,0.35097139638339514,0.3877074179231338,0.03673602153973865
A8_A9_test_60m,test,60m,True,50,0.999,0.4724724724724725,0.2247475655833074,0.1355953449712928,0.7697543510896471,0.18930060787812,0.0409450410322327,3.5141503444084754,0.006006006006006,0.029029029029029,0.0,0.028028028028028,0.0,0.001001001001001,0.08008008008008,0.001001001001001,0.1701701701701701,0.001001001001001,0.2162162162162162,0.0,0.028028028028028,0.036036036036036,0.022022022022022,0.3513513513513513,0.03003003003003,3.2290585041046143,3.668696880340576,3.020598888397217,4.707140922546387,2.432779788970948,2.1810245513916016,3.022612333297729,3.9675586223602295,4.712213039398193,3.717664003372192,4.1146745681762695,3.358631134033203,3.5513012409210205,0.1883055661573501,0.11740532271916804,0.3739863873426636,0.25658106462349556
A8_A9_test_60m,test,60m,True,51,1.0,0.578,0.0932730140603157,0.0759823993182889,0.8689030629061765,0.1102290755510691,0.0208678615427543,3.8121002637423,0.0,0.0,0.0,0.273,0.0,0.093,0.031,0.0,0.001,0.0,0.34,0.206,0.0,0.04,0.0,0.016,0.0,3.854114532470703,4.311865329742432,2.9199888706207275,4.52176570892334,1.594043493270874,2.702064752578736,3.8498709201812735,3.845459699630737,4.413074970245361,5.188960075378418,4.455076694488525,3.823710203170776,4.077308177947998,0.11150561940681658,0.05579335838261637,0.26814010212686246,0.21234674374424609
A8_A9_test_60m,test,60m,True,52,1.0,0.145,0.4842600338263937,0.0740824920574833,0.8952593653886395,0.0613162851077542,0.0434243495036061,4.036764676754292,0.0,0.0,0.0,0.805,0.001,0.0,0.137,0.0,0.0,0.0,0.0,0.007,0.0,0.0,0.0,0.0,0.05,3.621949434280396,4.878925800323486,2.6391046047210693,4.822075843811035,3.222553014755249,2.1854918003082275,3.689476728439331,5.083040714263916,4.991827487945557,5.324357986450195,4.868086814880371,3.689342975616455,3.461707592010498,0.17513155892736565,0.07408249205748327,0.5042584549048271,0.43017596284734383
A8_A9_test_60m,test,60m,True,53,1.0,0.318,0.1918215395634064,0.0948833506510399,0.827459920260171,0.1553134581775782,0.0172266215622507,3.593762764563927,0.008,0.003,0.0,0.076,0.061,0.126,0.001,0.025,0.004,0.001,0.09,0.154,0.177,0.0,0.0,0.01,0.264,3.395655393600464,4.033179759979248,3.0942821502685547,4.069576263427734,1.5597617626190186,3.3442039489746094,3.829930305480957,4.08146333694458,4.3555426597595215,3.403697967529297,4.434553146362305,3.936836242675781,3.1802330017089844,0.17269576611851323,0.09484096595685801,0.4072165495811632,0.3123755836243052
A8_A9_test_60m,test,60m,True,54,1.001,0.7502497502497503,0.0591076277212201,0.0839576419853019,0.8549534553073415,0.1221778054147134,0.0228687392779451,3.9291177712954006,0.6683316683316683,0.0149850149850149,0.0039960039960039,0.0129870129870129,0.0809190809190809,0.0,0.0,0.0,0.0,0.0149850149850149,0.0,0.0009990009990009,0.1518481518481518,0.0009990009990009,0.0499500499500499,0.0,0.0,2.5206494331359863,3.890857219696045,3.49266004562378,4.190983295440674,3.3432164192199707,3.539524555206299,4.202898025512695,4.737319469451904,4.743838310241699,3.399761915206909,4.104038715362549,4.610491752624512,4.302291870117188,0.1137159037255264,0.08345342018371159,0.1711311972214146,0.087677777037703
A8_A9_test_60m,test,60m,True,55,1.001,0.3506493506493507,0.3936445236213248,0.1410257027690644,0.7387717123900973,0.2404051696816767,0.020823117928226,3.815370046175443,0.0,0.0029970029970029,0.0,0.5934065934065934,0.0209790209790209,0.0,0.0039960039960039,0.0,0.3256743256743257,0.0,0.0,0.0,0.0,0.0,0.0,0.0529470529470529,0.0,3.240694284439087,4.263271808624268,2.649334669113159,4.374230861663818,3.0343217849731445,2.292855262756348,2.837514877319336,4.9344916343688965,4.838160514831543,5.019140720367432,4.665843963623047,3.466310977935791,3.9836392402648926,0.21793706625522266,0.14102570276906426,0.4676740537373475,0.32664835096828326
A8_A9_test_60m,test,60m,True,56,1.0,0.4319999999999999,0.2592176786813075,0.1331212265746711,0.7841900928398992,0.1653773611708594,0.0504325459892413,3.6355657394115743,0.185,0.004,0.002,0.384,0.142,0.108,0.002,0.023,0.096,0.0,0.001,0.006,0.0,0.033,0.011,0.0,0.003,2.696045398712158,4.108374118804932,2.798438310623169,3.960079908370972,1.5739502906799316,2.640857219696045,3.177028179168701,4.632142066955566,4.717411518096924,4.999767780303955,4.259591102600098,3.838045597076416,3.8606231212615967,0.18771605649852785,0.11642627388409389,0.4003272371903249,0.28390096330623105
A8_A9_test_60m,test,60m,True,57,1.0,0.001,0.4996444477712489,0.0212763738810469,0.9680029572673122,0.0214413377032816,0.010555705029406,4.346470979543833,0.0,0.0,0.0,0.901,0.0,0.0,0.001,0.0,0.0,0.0,0.0,0.0,0.0,0.032,0.001,0.0,0.065,3.732012033462525,5.057631015777588,2.594552516937256,5.142919063568115,3.4982707500457764,3.748965978622437,4.727361679077148,5.293051719665527,5.231387615203857,5.57124137878418,4.893837928771973,3.617717742919922,3.3951733112335205,0.12919022061676036,0.005125141132508851,0.5076419944477714,0.5025168533152625
A8_A9_test_60m,test,60m,True,58,1.0,0.6350000000000001,0.327042529871132,0.2377355229295806,0.5645894555535033,0.3953500430338322,0.0400605014126646,3.4814772605896,0.0,0.0,0.023,0.061,0.068,0.087,0.007,0.0,0.349,0.009,0.015,0.196,0.087,0.023,0.0,0.068,0.007,3.4013748168945312,4.273014545440674,3.049499750137329,4.029520988464356,1.582221746444702,2.2841742038726807,2.8287103176116943,4.3119940757751465,4.292943477630615,3.4336636066436768,4.27994966506958,3.72876238822937,3.76337480545044,0.27223301707343744,0.22612682439156892,0.39296425646816885,0.16683743207659993
A8_A9_test_60m,test,60m,True,59,0.999,0.3213213213213213,0.2192384728470827,0.0796141716616313,0.8479000676381769,0.1449715214003832,0.0071284109614396,3.544405753795917,0.028028028028028,0.065065065065065,0.023023023023023,0.006006006006006,0.002002002002002,0.2392392392392392,0.001001001001001,0.0,0.1361361361361361,0.022022022022022,0.064064064064064,0.09009009009009,0.016016016016016,0.0,0.0,0.0,0.3073073073073072,3.0959813594818115,3.409753561019897,3.439675807952881,4.506815910339356,1.5027196407318115,2.719810724258423,3.1038527488708496,4.151578903198242,4.458690166473389,4.051595687866211,4.294423580169678,4.200445652008057,3.1419310569763184,0.16092223100210368,0.07961417166163126,0.4149772270109244,0.3353630553492931
A8_A9_test_60m,test,60m,True,60,0.999,0.9109109109109108,0.2197487330879597,0.2132958926709459,0.5955912239392451,0.3822257667796178,0.0221830092811369,3.8489716053009033,0.3683683683683683,0.013013013013013,0.007007007007007,0.0,0.001001001001001,0.0,0.0,0.0,0.5135135135135135,0.0,0.027027027027027,0.001001001001001,0.0,0.003003003003003,0.064064064064064,0.002002002002002,0.0,2.5329997539520264,3.909390211105346,3.930142641067505,4.790255546569824,2.93245530128479,2.377827405929565,2.717772483825684,4.378222942352295,4.833556652069092,4.886917591094971,3.954265117645264,4.5526957511901855,4.240129470825195,0.22367314639974342,0.2117801989070065,0.24539759470474803,0.033617395797741534
A8_A9_test_60m,test,60m,True,61,1.0,1.0,0.2557261644694923,0.2557261644694923,0.5506357111654219,0.3872762487301715,0.0620880401044066,4.072615751853356,0.011,0.0,0.0,0.0,0.236,0.0,0.002,0.0,0.0,0.0,0.001,0.75,0.0,0.0,0.0,0.0,0.0,3.485160112380981,4.0621113777160645,4.286492347717285,3.710781812667847,3.5786924362182617,3.391380548477173,4.138760089874268,4.255244255065918,4.11625862121582,5.0841474533081055,4.293614387512207,4.529626846313477,4.011734485626221,0.25572616446949237,0.25572616446949237,0.25572616446949237,0.0
A8_A9_test_60m,test,60m,True,62,0.999,0.9689689689689688,0.2121072715438986,0.2056279778215401,0.6125120784964616,0.3637198873639964,0.0237680341395419,3.736805072197547,0.1401401401401401,0.0,0.0,0.0,0.001001001001001,0.0,0.047047047047047,0.002002002002002,0.1971971971971972,0.0,0.0,0.5835835835835835,0.0,0.0,0.0,0.005005005005005,0.024024024024024,2.75655484199524,4.090433120727539,3.837076425552368,4.256388187408447,3.05220913887024,2.1874804496765137,2.92948317527771,4.342302322387695,4.159592628479004,4.860031127929688,4.159719467163086,4.315689086914063,3.631505966186523,0.20928224989575106,0.20562458365183583,0.2212782671216154,0.015653683469779578
A8_A9_test_60m,test,60m,True,63,1.0,0.004,0.3758881769223021,0.026499540006785,0.9489885226843464,0.0490238746177372,0.0019876026979164,4.265139267994807,0.001,0.834,0.019,0.007,0.0,0.0,0.003,0.003,0.0,0.0,0.0,0.0,0.116,0.003,0.0,0.0,0.014,4.437568187713623,2.773023843765259,3.793358087539673,5.193777561187744,4.18635892868042,3.772349119186402,4.600271224975586,4.682653903961182,4.984995365142822,3.602405548095703,4.835427284240723,4.633358478546143,3.951262950897217,0.20038693849616024,0.024980275773307727,0.5071229527076894,0.4821426769343816
A8_A9_test_60m,test,60m,True,64,1.0,0.2239999999999999,0.4285895511518929,0.1169991267087704,0.8237574999695889,0.118486746643281,0.0577557533871299,3.545279539548434,0.028,0.138,0.0,0.395,0.001,0.087,0.177,0.001,0.018,0.0,0.0,0.0,0.072,0.008,0.006,0.042,0.027,3.083942174911499,3.310938596725464,2.809890031814575,4.806929111480713,1.619673728942871,2.128923177719116,3.3286404609680176,4.844079494476318,4.8915205001831055,3.6047794818878174,4.37639856338501,3.659412860870361,3.6235058307647705,0.21383260511989785,0.11295962313386858,0.489940459458024,0.3769808363241554
A8_A9_test_60m,test,60m,True,65,0.999,0.995995995995996,0.15550082300513,0.1548966930406468,0.7088533789188342,0.2724998560810379,0.0186467650001279,3.880960391117976,0.0990990990990991,0.0,0.004004004004004,0.0,0.0,0.0,0.056056056056056,0.0,0.0,0.0,0.1401401401401401,0.7007007007007007,0.0,0.0,0.0,0.0,0.0,2.995187997817993,4.056338310241699,4.130390644073486,4.330770969390869,2.641530752182007,2.506915807723999,3.6813535690307617,3.958815336227417,4.181614875793457,5.166206359863281,4.279687881469727,4.507937431335449,4.015735149383545,0.1554398241098771,0.1548966930406468,0.15691082971982412,0.002014136679177325
A8_A9_test_60m,test,60m,True,66,1.0,0.1169999999999999,0.1938528034897329,0.057802366858363,0.888809007362112,0.1067772515590497,0.0044137410788381,4.252322765497061,0.0,0.725,0.0,0.0,0.0,0.0,0.0,0.0,0.008,0.0,0.0,0.109,0.144,0.014,0.0,0.0,0.0,5.0644941329956055,2.823906898498535,5.020911693572998,4.813626289367676,2.818342924118042,3.885202646255493,4.069033622741699,4.518214225769043,4.564512252807617,3.52134108543396,4.573991775512695,5.175718307495117,4.430900096893311,0.20697948336451436,0.050736202530877635,0.47093572800829875,0.4201995254774211
A8_A9_test_60m,test,60m,True,67,1.0,0.952,0.0047951457385965,0.004786708233166,0.9925829976926795,0.0052605881483086,0.0021564141590117,4.332634650743925,0.753,0.0,0.009,0.001,0.001,0.0,0.0,0.004,0.0,0.0,0.198,0.0,0.0,0.0,0.0,0.034,0.0,2.484935760498047,4.897573947906494,3.638238430023194,4.906581878662109,3.387286901473999,3.861423969268799,4.729146480560303,4.02955961227417,5.195785999298096,5.769442081451416,5.085493564605713,4.021304607391357,4.317477226257324,0.010543028746454922,0.004779926682096929,0.028932178743143862,0.024152252061046934
A8_A9_test_60m,test,60m,True,68,1.0020000000000002,0.8622754491017963,0.2847050201981627,0.2637917259529984,0.5330031160041276,0.4064103160857476,0.0605865679101245,3.471749874261709,0.1247504990019959,0.0009980039920159,0.0009980039920159,0.0029940119760479,0.0678642714570858,0.0089820359281437,0.0818363273453093,0.0009980039920159,0.3233532934131736,0.0009980039920159,0.0139720558882235,0.2504990019960079,0.0059880239520958,0.0199600798403193,0.0369261477045908,0.0169660678642714,0.0419161676646706,2.757106304168701,4.133643627166748,3.4833428859710693,4.030405044555664,1.8563232421875,2.038034439086914,2.8181724548339844,4.288376331329346,4.277371883392334,3.817108154296875,3.927189350128174,4.156364440917969,3.549310207366944,0.2735468952511762,0.253715662224851,0.31541001741637953,0.06169435519152855
A8_A9_test_60m,test,60m,True,69,1.0,0.221,0.1987162252284213,0.0899313263753365,0.863791789025367,0.0925537691985928,0.0436544417760401,3.6408189810239353,0.001,0.32,0.001,0.188,0.0,0.11,0.08,0.01,0.006,0.025,0.127,0.007,0.008,0.073,0.003,0.0,0.041,3.728623628616333,3.052338123321533,3.0485997200012207,4.821005821228027,1.5844018459320068,2.450312376022339,3.6392760276794434,4.074929237365723,4.715939998626709,4.038676261901856,4.393748283386231,4.145674228668213,3.637121200561523,0.17889722539884872,0.05306937279006146,0.4393756357754812,0.38630626298541976
A8_A9_test_60m,test,60m,True,70,1.0,0.988,0.2640802176277717,0.2623666262975913,0.4934200991368132,0.4884265491311911,0.0181533517319957,3.8522486136509824,0.0,0.0,0.0,0.0,0.002,0.0,0.002,0.003,0.402,0.0,0.003,0.579,0.0,0.0,0.008,0.0,0.001,3.5428576469421387,4.1060943603515625,4.196284770965576,4.23582649230957,3.0715718269348145,2.3429081439971924,2.794651508331299,4.283602714538574,4.196120262145996,4.765366077423096,3.938756704330444,4.639639377593994,3.965552091598511,0.26370539662898945,0.2623615401342894,0.26700305501623844,0.004641514881949027
A8_A9_test_60m,test,60m,True,71,1.001,0.5934065934065935,0.5057092600657573,0.3021444416253244,0.5539450841312502,0.2878209484868511,0.1582339673818988,3.8086358858988834,0.0,0.0,0.0,0.2737262737262738,0.4495504495504496,0.1128871128871129,0.1438561438561438,0.0189810189810189,0.0,0.0,0.0,0.0,0.0009990009990009,0.0,0.0,0.0,0.0,3.780826330184937,4.483348369598389,2.903781652450561,3.6627585887908936,1.5627013444900513,2.196587562561035,3.696113109588623,4.7451276779174805,4.692411422729492,4.795347690582275,4.820403099060059,4.020425796508789,4.1524338722229,0.3478538280183069,0.3021122614379334,0.5064983521269328,0.20438609068899943
A8_A9_test_60m,test,60m,True,72,1.001,0.3526473526473526,0.1047118867826667,0.0396373105108448,0.9265423927732386,0.0676405934318333,0.0058170137949281,3.9089009211613583,0.2507492507492507,0.4705294705294705,0.0,0.0,0.0049950049950049,0.1678321678321678,0.0019980019980019,0.0,0.0739260739260739,0.0029970029970029,0.0,0.0209790209790209,0.0,0.0,0.0,0.0019980019980019,0.0039960039960039,2.727010726928711,2.923788785934448,4.22996997833252,4.653733730316162,1.5342745780944824,2.835946559906006,3.3213870525360107,4.642019271850586,4.82650089263916,5.581882953643799,4.690596580505371,4.772012233734131,4.0765886306762695,0.1455091872551203,0.039637310510844626,0.36555494109318787,0.32591763058234324
A8_A9_test_60m,test,60m,True,73,0.9980000000000002,0.0761523046092184,0.2006726949814619,0.0255353238889922,0.954750538661933,0.0394282748981491,0.0058211864399176,3.974696287742028,0.002004008016032,0.0,0.0080160320641282,0.5521042084168336,0.002004008016032,0.0,0.0040080160320641,0.0,0.0,0.0090180360721442,0.0,0.0681362725450901,0.0,0.0070140280561122,0.0050100200400801,0.3426853707414829,0.0,3.548140525817871,4.584400177001953,2.615305662155152,4.553611755371094,2.5744335651397705,3.2556698322296143,4.213369846343994,4.751099586486816,4.701290607452393,5.337407112121582,4.392001152038574,3.2142674922943115,3.930054426193237,0.13264501117352115,0.02199516140027199,0.4842729707601111,0.46227780935983914
A8_A9_test_60m,test,60m,True,74,0.999,0.5795795795795795,0.1786015466174352,0.120080517336403,0.7687123618541679,0.2224142416188578,0.0088733965269741,4.132767347189096,0.0,0.3623623623623623,0.0,0.0,0.0,0.002002002002002,0.0,0.0,0.0,0.0,0.004004004004004,0.5755755755755755,0.0,0.03003003003003,0.001001001001001,0.0,0.025025025025025,5.212856292724609,2.9541943073272705,4.618522644042969,4.416444301605225,2.244848251342773,3.932767868041992,4.450212478637695,4.227795124053955,4.209365367889404,4.9272966384887695,4.20923376083374,4.604609489440918,3.71782898902893,0.18508216845014724,0.10492357969700915,0.31694023572722213,0.21201665603021297
A8_A9_test_60m,test,60m,True,75,0.999,0.4894894894894894,0.4278387606738444,0.2620333995640937,0.5953791002651869,0.2851750003414387,0.1194458993933743,3.692255946306082,0.045045045045045,0.019019019019019,0.006006006006006,0.089089089089089,0.3943943943943944,0.048048048048048,0.0,0.004004004004004,0.0,0.014014014014014,0.0,0.05005005005005,0.0,0.072072072072072,0.066066066066066,0.1921921921921921,0.0,3.036027193069458,3.663715124130249,2.9206557273864746,3.643186330795288,1.6453183889389038,3.705310821533203,4.344072818756104,4.44128942489624,4.406352043151856,4.719168186187744,4.010082244873047,3.4594802856445312,4.004668712615967,0.2998688585937808,0.22564996089014008,0.46858323720671646,0.24293327631657638
A8_A9_test_60m,test,60m,True,76,1.001,0.6243756243756244,0.2409739459831054,0.1618493352720583,0.7049203398378094,0.2664606497802646,0.0286190103819259,3.5244153096125674,0.0579420579420579,0.0189810189810189,0.0,0.1018981018981019,0.0249750249750249,0.0009990009990009,0.0249750249750249,0.0189810189810189,0.2247752247752248,0.0,0.0789210789210789,0.2127872127872128,0.0,0.0199800199800199,0.0,0.0009990009990009,0.2137862137862138,2.846831560134888,3.6322548389434814,3.017641544342041,4.117405414581299,2.386651992797852,2.2247073650360107,2.907747983932495,4.070959568023682,4.308024883270264,4.884373188018799,4.216056823730469,4.017836570739746,3.186907291412353,0.2010429226547942,0.15173271905286295,0.34114397226717347,0.18941125321431052
A8_A9_test_60m,test,60m,True,77,1.002,0.9540918163672656,0.3936190878609633,0.3759339796962692,0.4068287889152012,0.4344744627770593,0.1586967483077395,4.122740873923669,0.0009980039920159,0.0009980039920159,0.0,0.0,0.6227544910179641,0.0429141716566866,0.0,0.0009980039920159,0.0,0.0009980039920159,0.0,0.3303393213572854,0.0,0.0,0.0,0.0,0.0,4.323828220367432,4.061959266662598,4.503468990325928,3.52771258354187,1.6800389289855957,3.90244197845459,4.466945171356201,4.345620632171631,4.232698917388916,5.417948722839356,4.437271595001221,4.5783371925354,4.117359161376953,0.38066476455874687,0.37593228769250947,0.39885403991525037,0.0229217522227409
A8_A9_test_60m,test,60m,True,78,0.999,0.2202202202202202,0.4388815203800619,0.1098968565901464,0.8402077685639476,0.0997907496918116,0.0600014817442406,3.7407119549237766,0.021021021021021,0.001001001001001,0.032032032032032,0.5755755755755755,0.001001001001001,0.0960960960960961,0.1921921921921922,0.0,0.0,0.024024024024024,0.006006006006006,0.0,0.031031031031031,0.0,0.0,0.02002002002002,0.0,3.124234914779663,4.437271595001221,2.7303740978240967,4.927417278289795,1.5865398645401,2.135944128036499,3.5453813076019287,4.753759860992432,4.945533275604248,3.962376356124878,4.738672256469727,3.604369401931762,4.137381076812744,0.20107030479507057,0.1098968565901464,0.49250579027388747,0.38260893368374105
A8_A9_test_60m,test,60m,True,79,1.0,0.997,0.4578011799411305,0.4564416344944335,0.3619875702741403,0.3631415904628524,0.2748708392630073,4.322127452263465,0.004,0.0,0.0,0.003,0.0,0.0,0.913,0.0,0.0,0.0,0.08,0.0,0.0,0.0,0.0,0.0,0.0,3.6169066429138175,5.094168663024902,4.1924004554748535,5.3881659507751465,3.047580003738404,1.6869521141052246,3.348217725753784,4.398848056793213,5.29987907409668,4.778100967407227,4.819452285766602,5.58658504486084,4.930399894714356,0.4567960141619312,0.4564416344944334,0.4579507264013071,0.0015090919068736497
A8_A9_test_60m,test,60m,True,80,1.0,0.168,0.3151874913343367,0.0632850417224209,0.9046601759490338,0.0641095646570904,0.0312302593938757,3.985917604886569,0.06,0.0,0.0,0.475,0.101,0.002,0.001,0.0,0.0,0.0,0.001,0.005,0.0,0.013,0.0,0.313,0.029,2.965315103530884,4.707980155944824,2.638877391815185,4.051571369171143,2.260745048522949,3.6033124923706055,4.57708740234375,4.798717021942139,4.882167816162109,5.531243801116943,5.058727741241455,3.243092536926269,3.498090982437134,0.15743433941889223,0.05672360341832733,0.47531629854416857,0.41859269512584124
A8_A9_test_60m,test,60m,True,81,0.999,0.1621621621621621,0.3301237080468305,0.0978470969468142,0.8409377152332085,0.1224303756399542,0.0366319091268371,3.587507523023165,0.0,0.074074074074074,0.001001001001001,0.065065065065065,0.055055055055055,0.013013013013013,0.005005005005005,0.0,0.023023023023023,0.0,0.0,0.079079079079079,0.006006006006006,0.073073073073073,0.016016016016016,0.5615615615615616,0.028028028028028,3.822430849075317,3.4087817668914795,2.8708488941192627,4.122794628143311,1.8333141803741453,2.929086208343506,3.595489501953125,4.588628768920898,4.500638008117676,4.045116901397705,4.210300922393799,3.1979644298553467,3.512202739715576,0.17845588817050603,0.06096521535762265,0.47886195265624265,0.41789673729862
A8_A9_test_60m,test,60m,True,82,1.001,0.5464535464535465,0.3942007219782544,0.2218764355388773,0.6684044914884206,0.219438145945404,0.1121573625661753,3.6867511364129872,0.0069930069930069,0.0029970029970029,0.0,0.2007992007992008,0.0009990009990009,0.0,0.3556443556443556,0.0109890109890109,0.0959040959040959,0.0009990009990009,0.0869130869130869,0.0,0.0239760239760239,0.0,0.0,0.2127872127872128,0.0009990009990009,3.1605000495910645,4.278130531311035,2.83610200881958,4.7485175132751465,3.040258407592773,1.8803318738937376,3.0295801162719727,4.23336124420166,4.84483003616333,3.830910205841065,4.568141460418701,3.461875438690185,4.015225887298584,0.2753933816240686,0.22185780490407206,0.4456552396824225,0.22379743477835043
A8_A9_test_60m,test,60m,True,83,1.0,0.292,0.2952516692702076,0.0992869605421932,0.8378642311173335,0.1256976166809464,0.0364381522017199,3.774580882145808,0.0,0.005,0.0,0.647,0.129,0.0,0.0,0.0,0.053,0.0,0.11,0.0,0.0,0.0,0.056,0.0,0.0,3.3929264545440674,3.971814393997192,2.659210205078125,3.913282632827759,3.2746565341949463,2.8816161155700684,3.306081771850586,4.0423431396484375,4.650643825531006,5.191229820251465,4.007911205291748,3.762843608856201,4.014991760253906,0.18308060863514658,0.09928696054219319,0.4456296874269007,0.34634272688470746
A8_A9_test_60m,test,60m,True,84,1.001,0.7812187812187814,0.2421821285843018,0.1902078574936566,0.6309566733105807,0.3576709383915257,0.0113723882978937,3.641198974389297,0.0019980019980019,0.0,0.0,0.1598401598401598,0.0,0.0549450549450549,0.0,0.0009990009990009,0.2477522477522477,0.0,0.0099900099900099,0.5214785214785216,0.0,0.0,0.0,0.0029970029970029,0.0,3.235382080078125,4.086909294128418,2.984414339065552,4.346414566040039,1.6245242357254028,2.6913087368011475,2.907664060592652,4.261115550994873,4.197600841522217,4.890602111816406,4.210120677947998,3.976158380508423,3.9233717918396,0.21507122676653714,0.19020616379958336,0.300261513039884,0.11005534924030067
A8_A9_test_60m,test,60m,True,85,1.0,0.519,0.4930640607073902,0.2715513668721244,0.6134425434252143,0.2300121794053227,0.156545277169463,4.032860379952651,0.0,0.0,0.002,0.008,0.0,0.0,0.491,0.0,0.027,0.0,0.0,0.001,0.002,0.026,0.0,0.443,0.0,3.808349847793579,5.062248229980469,3.168230533599853,5.176577091217041,3.1513051986694336,1.858378767967224,3.214103937149048,5.194764137268066,5.157136917114258,4.268784046173096,4.827779769897461,3.319716453552246,4.2198100090026855,0.3201458230299409,0.25842849026393716,0.5000798975071356,0.2416514072431984
A8_A9_test_60m,test,60m,True,86,0.999,0.963963963963964,0.0196695451198693,0.0199458509856017,0.9676844679162468,0.0247393621963022,0.0075761698874506,3.985370525946984,0.8798798798798798,0.0,0.0,0.0,0.0,0.008008008008008,0.017017017017017,0.0,0.0,0.0,0.032032032032032,0.035035035035035,0.002002002002002,0.001001001001001,0.0,0.004004004004004,0.021021021021021,2.443638324737549,4.771965503692627,4.052507400512695,4.916659832000732,1.8535535335540767,2.781940460205078,3.996703386306762,4.451662063598633,4.854806900024414,4.564836502075195,4.79467248916626,4.561192989349365,3.7656774520874015,0.02375945262522805,0.01944061973095527,0.03725442637681088,0.01781380664585561
A8_A9_test_60m,test,60m,True,87,0.999,0.033033033033033,0.50765,0.0213690726123293,0.9656599127387772,0.0259420292977867,0.0083980579634359,4.9417715806227465,0.0,0.955955955955956,0.0,0.0,0.033033033033033,0.0,0.0,0.001001001001001,0.0,0.0,0.0,0.0,0.0,0.0,0.01001001001001,0.0,0.0,5.253716468811035,2.740884304046631,5.100874423980713,4.449618339538574,4.700700759887695,5.617336273193359,5.571836948394775,4.627392292022705,5.038930416107178,6.663201808929443,4.467394828796387,5.37464714050293,4.636496543884277,0.20118953546446802,0.021367375527477153,0.50765,0.4862826244725229
A8_A9_test_60m,test,60m,True,88,0.999,0.3963963963963963,0.2021557445252933,0.0821499000163259,0.8445385620063375,0.1466230759546729,0.0088383620389895,3.900594830513001,0.008008008008008,0.002002002002002,0.0,0.0,0.03003003003003,0.1481481481481481,0.0,0.0,0.002002002002002,0.0,0.0,0.3563563563563563,0.0,0.0,0.0,0.0,0.4534534534534534,3.48767638206482,3.968016862869263,4.069034099578857,4.093541145324707,1.544437050819397,3.690632581710816,4.074830055236816,4.42996883392334,4.2822794914245605,5.483257293701172,4.323696613311768,4.227322101593018,3.0330402851104736,0.15145464324532235,0.0821499000163259,0.3865531780100261,0.3044032779937002
A8_A9_test_60m,test,60m,True,89,1.0,0.915,0.3678780298869751,0.3512591663512573,0.4254438263153829,0.4465940146667196,0.1279621590178974,3.725365675412692,0.0,0.029,0.001,0.002,0.467,0.002,0.0,0.0,0.108,0.008,0.018,0.322,0.0,0.018,0.022,0.001,0.002,3.790414094924927,3.524672508239746,3.744230270385742,3.5870072841644287,2.19775128364563,2.735711574554444,3.156780242919922,4.147400856018066,4.223076820373535,4.906610488891602,3.967564582824707,4.496715545654297,3.951818227767944,0.35756226661398316,0.3421740979302046,0.37975864734658227,0.03758454941637768
A8_A9_test_60m,test,60m,True,90,0.999,0.6386386386386385,0.214504332633077,0.142559677406003,0.7946855500782434,0.1255095450315069,0.0798049048902495,3.672991991043091,0.2942942942942942,0.079079079079079,0.0,0.016016016016016,0.002002002002002,0.0,0.2572572572572572,0.013013013013013,0.012012012012012,0.012012012012012,0.066066066066066,0.007007007007007,0.011011011011011,0.0,0.0,0.2302302302302302,0.0,2.659501314163208,3.46052360534668,3.109436511993408,4.680165767669678,3.1184818744659424,2.0284171104431152,3.3064558506011963,4.2517595291137695,4.774064064025879,4.118334770202637,4.621156215667725,3.5201001167297363,4.100499153137207,0.19051606279586017,0.14253761530292533,0.320435850069973,0.17789823476704766
A8_A9_test_60m,test,60m,True,91,0.998,0.8897795591182365,0.0704454321905942,0.0793275602960698,0.8449751799424382,0.1513945195229837,0.0036303005345779,3.714325721447284,0.4458917835671342,0.0080160320641282,0.0,0.0,0.0,0.002004008016032,0.0050100200400801,0.0070140280561122,0.0040080160320641,0.0080160320641282,0.1222444889779559,0.312625250501002,0.0070140280561122,0.0,0.0771543086172344,0.001002004008016,0.0,2.583040952682495,3.806276798248291,3.98029351234436,4.443683624267578,2.17977237701416,2.886223793029785,3.669564008712769,3.98573899269104,4.258637428283691,4.049234390258789,3.8708300590515137,4.532397747039795,4.04054069519043,0.09253417565295197,0.0793156687987041,0.11863431241006756,0.03931864361136346
A8_A9_test_60m,test,60m,True,92,1.0,0.464,0.2987885042147888,0.1434300008712586,0.736966687773179,0.2392066227111245,0.0238266895156963,3.6817013300382175,0.094,0.0,0.0,0.0,0.001,0.004,0.037,0.0,0.309,0.001,0.022,0.001,0.016,0.0,0.001,0.02,0.494,2.77229905128479,4.774813652038574,3.7515246868133545,4.845702171325684,2.037031888961792,2.1600759029388428,2.8544130325317383,4.468408107757568,4.852323532104492,4.002895832061768,4.387966156005859,3.943190813064575,3.011472463607788,0.20713161014885903,0.1434300008712586,0.41073826595566204,0.2673082650844034
A8_A9_test_60m,test,60m,True,93,0.999,0.5905905905905906,0.4404195592221698,0.2842666175291589,0.5906953889517663,0.2500759870381494,0.1592286240100842,3.9557971312449527,0.067067067067067,0.0,0.01001001001001,0.036036036036036,0.0,0.2252252252252252,0.5185185185185185,0.026026026026026,0.0,0.0,0.001001001001001,0.004004004004004,0.1041041041041041,0.008008008008008,0.0,0.0,0.0,3.017505407333374,5.075416088104248,3.4849565029144287,5.359809875488281,1.5118322372436523,1.8728877305984497,3.3945870399475098,5.049236297607422,5.151448249816895,3.513512134552002,4.777576446533203,4.659241676330566,4.557353019714356,0.32551059450401154,0.28018064328583187,0.4679443342753554,0.18776369098952356
A8_A9_test_60m,test,60m,True,94,1.001,0.7522477522477521,0.2530847822219269,0.1913270605611259,0.7118826268212144,0.193580625235319,0.0945367479434664,3.953624633642344,0.3756243756243755,0.0079920079920079,0.0,0.0,0.3666333666333666,0.0,0.0009990009990009,0.0089910089910089,0.0019980019980019,0.0,0.0,0.0069930069930069,0.0,0.0,0.0,0.1208791208791208,0.1098901098901098,2.5863115787506104,3.888901948928833,3.692618608474731,3.681314706802368,3.3364384174346924,3.4506707191467285,4.124279022216797,4.6598944664001465,4.6862382888793945,5.50762939453125,4.860886573791504,3.605064630508423,3.3168718814849854,0.2210932097839053,0.19131181731446698,0.3161538871259846,0.1248420698115176
A8_A9_test_60m,test,60m,True,95,1.0,0.545,0.5027726122044996,0.2771505470626103,0.58059412667779,0.2845106525191996,0.1348952208030103,3.789031028747559,0.0,0.0,0.0,0.299,0.525,0.142,0.0,0.0,0.019,0.0,0.0,0.001,0.006,0.0,0.0,0.0,0.008,3.6856517791748047,4.51381778717041,2.8530712127685547,3.583370923995972,1.5347938537597656,3.202901840209961,3.6605045795440674,4.812691688537598,4.5971999168396,4.234522342681885,4.893393516540527,3.9219701290130615,3.763513803482056,0.3283987266618782,0.2771505470626102,0.5049918236514523,0.22784127658884212
A8_A9_test_60m,test,60m,True,96,1.0,0.62,0.3861094623977862,0.2492026223548367,0.5283635083955898,0.4448677384991467,0.0267687531052633,3.855214687494131,0.0,0.0,0.0,0.322,0.0,0.0,0.006,0.012,0.614,0.0,0.0,0.0,0.0,0.0,0.046,0.0,0.0,3.229876518249512,4.8120527267456055,2.8382928371429443,4.936298847198486,2.937630653381348,2.1481759548187256,2.6849310398101807,4.793817043304443,4.856142520904541,4.792741775512695,4.001481056213379,3.9830007553100586,4.103349208831787,0.2937258239443855,0.24918227770162943,0.4322948666866274,0.183112588984998
A8_A9_test_60m,test,60m,True,97,1.001,0.4965034965034964,0.1835902277001076,0.1504686017309401,0.7358303438342643,0.227402108869591,0.0367675472961445,4.108679881462684,0.0,0.3656343656343656,0.0,0.0,0.0,0.0,0.0229770229770229,0.0049950049950049,0.0,0.0,0.0309690309690309,0.4425574425574425,0.0019980019980019,0.1138861138861138,0.0,0.0,0.0169830169830169,5.074363708496094,2.983182191848755,4.561298370361328,4.478520393371582,3.707388639450073,2.900599956512451,4.009698390960693,4.149142742156982,4.266873836517334,4.358345985412598,4.384292602539063,4.715426921844482,3.823704719543457,0.19882529015664302,0.09297884787928865,0.34675318997697635,0.2537743420976877
A8_A9_test_60m,test,60m,True,98,1.0,0.1,0.5000447253826864,0.08015999312762,0.8710136910317875,0.0976526316811847,0.0313336772870276,3.7424087707812967,0.0,0.093,0.004,0.159,0.005,0.0,0.095,0.0,0.0,0.0,0.0,0.0,0.148,0.0,0.003,0.316,0.177,3.967296600341797,3.4061100482940674,2.834388256072998,4.689832210540772,3.501763343811035,2.3415677547454834,3.701509952545166,4.84491491317749,4.873475551605225,3.501634359359741,4.415590286254883,3.341216564178467,3.2320141792297363,0.19261616496959855,0.08015999312762,0.5068894725382687,0.42672947941064865
A8_A9_test_60m,test,60m,True,99,1.0,0.474,0.3886279888535205,0.2276421741522651,0.576953145359649,0.3908093609761717,0.0322374936641793,3.812870979309082,0.0,0.328,0.0,0.017,0.0,0.0,0.015,0.01,0.459,0.002,0.0,0.0,0.129,0.037,0.0,0.0,0.003,3.5057573318481445,3.032899618148804,3.625990629196167,4.953299522399902,3.137757539749145,2.233574151992798,2.806471824645996,4.688733577728272,4.7872419357299805,3.3842320442199707,4.470710754394531,4.823118686676025,4.11753511428833,0.2999765376220359,0.2089503574090953,0.4512335667165688,0.2422832093074735
A8_A9_test_60m,test,60m,True,100,1.0,0.372,0.208102553862782,0.0890051539360226,0.8357028744529468,0.1505839432220611,0.013713182324992,3.768987252162053,0.173,0.2,0.002,0.01,0.0,0.0,0.0,0.055,0.199,0.0,0.0,0.0,0.0,0.018,0.0,0.328,0.015,2.696629285812378,3.14890193939209,3.077547788619995,4.862703323364258,3.2626490592956543,2.696732759475708,3.002131223678589,4.723118305206299,4.839178562164307,5.063516616821289,4.651920795440674,3.362498044967652,3.609306573867798,0.17027734076124706,0.07982683918776985,0.39621835003695494,0.3163915108491851
A8_A9_test_60m,test,60m,True,101,1.002,0.217564870259481,0.0079612116214765,0.0317997801214675,0.9484303782161896,0.0395396833246854,0.0120299384591248,4.178329962950486,0.1257485029940119,0.0059880239520958,0.0109780439121756,0.0,0.0,0.0,0.0,0.0,0.0,0.0,0.0868263473053892,0.0049900199600798,0.0,0.0459081836327345,0.0259481037924151,0.0,0.6936127744510977,2.845696449279785,4.080577373504639,4.024472236633301,4.999231338500977,3.6319406032562256,3.982583284378052,4.580526828765869,4.169412612915039,4.946279048919678,5.660587787628174,4.238821506500244,4.210878372192383,2.947282075881958,0.11087815915382446,0.008628725155376294,0.39893527358630915,0.3903065484309329
A8_A9_test_60m,test,60m,True,102,1.0,0.208,0.0274731425146638,0.0093034393299576,0.9863825084027305,0.008628104534624,0.0049893870626456,3.867125015992385,0.082,0.031,0.004,0.741,0.0,0.006,0.01,0.0,0.0,0.0,0.116,0.0,0.0,0.0,0.0,0.0,0.01,2.991284132003784,3.626936912536621,2.6424272060394287,4.905739784240723,1.9225330352783203,2.9422619342803955,4.218915939331055,4.109843254089356,5.000565528869629,5.611428260803223,4.9430766105651855,3.6749789714813232,3.682633638381958,0.10496360978932388,0.009303439329957626,0.4077732136430501,0.39846977431309244
A8_A9_test_60m,test,60m,True,103,0.998,0.408817635270541,0.0096927166808547,0.033410389097886,0.9493679725964002,0.0344432766114274,0.0161887507921722,3.916417360305786,0.1643286573146292,0.001002004008016,0.0,0.0,0.0,0.0470941883767535,0.0050100200400801,0.0,0.0,0.0,0.2394789579158316,0.0,0.0,0.0541082164328657,0.0,0.1943887775551102,0.2945891783567134,2.7878527641296387,4.387335300445557,3.559479236602783,5.008052349090576,1.6731007099151611,3.267951011657715,4.392778396606445,3.9602415561676025,5.0358734130859375,5.22542142868042,5.020312309265137,3.473224401473999,3.121802806854248,0.08561307794177717,0.0061005641849021025,0.3040762809677241,0.297975716782822
A8_A9_test_60m,test,60m,True,104,0.999,0.8008008008008006,0.0824186107135099,0.0719194049948967,0.880572929046782,0.095015331916642,0.0244117390365757,3.653308199002193,0.5775775775775774,0.1551551551551551,0.0,0.005005005005005,0.034034034034034,0.008008008008008,0.046046046046046,0.001001001001001,0.005005005005005,0.005005005005005,0.021021021021021,0.1171171171171171,0.005005005005005,0.0,0.02002002002002,0.0,0.0,2.54643177986145,3.215895414352417,3.622714042663574,4.229249954223633,1.8727504014968872,2.437107801437378,3.544307231903076,4.281793594360352,4.464935779571533,4.238381862640381,4.134045600891113,4.7426276206970215,4.162765502929688,0.10590971438612357,0.07191770791004454,0.16712436293374155,0.09520665502369702
A8_A9_test_60m,test,60m,True,105,1.0,0.621,0.3821197629997945,0.2384045599573753,0.616392166315326,0.2904065474545971,0.0932012862300766,3.771743297576904,0.018,0.093,0.0,0.0,0.352,0.0,0.004,0.0,0.059,0.0,0.0,0.188,0.0,0.0,0.0,0.0,0.286,3.1442675590515137,3.2580373287200928,3.964314222335816,3.650546073913574,3.3622286319732666,2.6899282932281494,3.278310537338257,4.350615978240967,4.271882057189941,5.1982951164245605,4.416743755340576,4.300578594207764,3.1469147205352783,0.289851873471092,0.23840455995737528,0.4296957228228724,0.1912911628654971
A8_A9_test_60m,test,60m,True,106,1.001,0.952047952047952,0.3754781964550978,0.3665744350785904,0.3147717892737988,0.6373075512952215,0.0479206594309797,3.946311969023484,0.0,0.0009990009990009,0.0,0.0,0.0379620379620379,0.0,0.0179820179820179,0.0,0.8191808191808192,0.0,0.0,0.0769230769230769,0.0,0.0019980019980019,0.0449550449550449,0.0,0.0,3.429748058319092,4.332162380218506,4.388047218322754,4.27225399017334,2.9352941513061523,2.058640718460083,2.620208740234375,4.609456062316895,4.543624877929688,4.798689365386963,3.930553913116455,5.091071128845215,4.292304992675781,0.37152608779170193,0.36556599147540997,0.3818161051165915,0.016250113641181507
A8_A9_test_60m,test,60m,True,107,1.0020000000000002,0.7275449101796405,0.1798811834083147,0.1339487048856651,0.7407646306972869,0.2505733288340951,0.0086620404686175,3.6469135192724376,0.0399201596806387,0.0,0.0,0.1247504990019959,0.0059880239520958,0.0099800399201596,0.0169660678642714,0.0009980039920159,0.0,0.0029940119760479,0.0019960079840319,0.6626746506986027,0.0,0.0,0.0079840319361277,0.0638722554890219,0.06187624750499,3.0955724716186523,4.055495738983154,2.9589874744415283,4.134875297546387,1.90524160861969,2.775068044662476,3.8153812885284415,4.2848334312438965,4.1411638259887695,5.113150596618652,4.021850109100342,3.683312177658081,3.424943685531616,0.16600393659899396,0.13394701288190528,0.2691834657731149,0.13523645289120964
A8_A9_test_60m,test,60m,True,108,1.0,0.495,0.1293453255428054,0.0664480340112902,0.8932797590003869,0.0805444139766456,0.0261758270229674,3.727438816657433,0.001,0.003,0.0,0.263,0.001,0.0,0.082,0.0,0.004,0.0,0.295,0.112,0.002,0.0,0.0,0.086,0.151,3.6522891521453857,4.016738414764404,2.836952209472656,4.45193338394165,3.4063937664031982,2.360286235809326,3.5858397483825684,3.880452156066896,4.447658538818359,4.480020046234131,4.483036041259766,3.5716118812561035,3.2834930419921875,0.12645501363380698,0.06644803401129025,0.3203891861436887,0.2539411521323985
A8_A9_test_60m,test,60m,True,109,1.0,0.913,0.1829428183625078,0.1675954052138752,0.669981759563696,0.3248456704448577,0.0051725699914464,3.960403882540189,0.002,0.0,0.0,0.001,0.0,0.079,0.01,0.001,0.0,0.001,0.0,0.901,0.0,0.0,0.0,0.0,0.005,3.982944011688232,4.056334972381592,4.057692050933838,4.329255104064941,1.6336936950683594,3.0822689533233643,3.982656717300415,4.300498962402344,4.11794376373291,5.265988826751709,4.255051612854004,4.532651901245117,3.8882699012756334,0.1764845199788856,0.16759370982610797,0.2111923431649696,0.04359863333886163
A8_A9_test_60m,test,60m,True,110,1.0,0.509,0.3871058045291231,0.2001584016234536,0.6251666799317912,0.3493498368895103,0.0254834831786984,3.8622882457879872,0.001,0.0,0.0,0.0,0.0,0.046,0.016,0.013,0.491,0.002,0.001,0.0,0.0,0.001,0.0,0.429,0.0,3.3275842666625977,4.865065574645996,3.725405216217041,4.92430591583252,1.6393274068832395,2.1738901138305664,2.7623400688171387,4.870853900909424,4.966875076293945,5.071235656738281,4.634693622589111,3.269265651702881,3.9789047241210938,0.25682099080711424,0.19963163555908722,0.4462930045053237,0.2466613689462365
A8_A9_test_60m,test,60m,True,111,0.999,0.9159159159159158,0.1780984567286899,0.1657011424863514,0.6876119161710555,0.2933738826851857,0.0190142011437585,3.8817020379579983,0.4984984984984984,0.0,0.0,0.012012012012012,0.0,0.004004004004004,0.001001001001001,0.022022022022022,0.4164164164164163,0.0,0.0,0.0,0.0,0.004004004004004,0.001001001001001,0.041041041041041,0.0,2.489187240600586,4.974512577056885,3.2923367023468018,5.099503517150879,1.9612040519714355,2.3690338134765625,2.78985857963562,5.02462100982666,5.035583019256592,4.868659019470215,4.455806255340576,3.9908697605133057,4.110950946807861,0.1738960251645315,0.16364288160101872,0.20580849640315435,0.042165614802135626
A8_A9_test_60m,test,60m,True,112,0.999,0.1281281281281281,0.3671696577050998,0.077965407112799,0.8492742330596433,0.1455207196551149,0.0052050472852415,3.730443312571599,0.006006006006006,0.2622622622622622,0.021021021021021,0.0,0.0,0.002002002002002,0.0,0.0,0.1221221221221221,0.001001001001001,0.0,0.0,0.1591591591591591,0.0,0.0,0.0,0.4264264264264263,3.3413939476013184,3.066767454147339,4.025661468505859,5.011148452758789,2.220522403717041,2.9604289531707764,3.123924493789673,4.7497382164001465,4.828518390655518,3.386530637741089,4.477657794952393,4.239706039428711,3.063764810562134,0.19922149731483968,0.07796540711279905,0.4896505167029557,0.41168510959015664
A8_A9_test_60m,test,60m,True,113,0.997,0.6990972918756269,0.2198379192632851,0.1549465972792336,0.7477315380645808,0.1946437293123706,0.0576247326230483,3.612603407639724,0.0511534603811434,0.0962888665997993,0.0010030090270812,0.0100300902708124,0.0180541624874623,0.0,0.1695085255767301,0.0010030090270812,0.033099297893681,0.0,0.1695085255767301,0.2577733199598796,0.0020060180541624,0.0,0.0,0.0020060180541624,0.1885656970912738,3.0084211826324463,3.3088293075561523,3.435576915740967,4.174965858459473,3.2815215587615967,2.1367621421813965,3.228423595428467,3.945491313934326,4.2885422706604,4.2761712074279785,4.325899600982666,4.274477005004883,3.2787623405456543,0.19728837713882902,0.15494489678999857,0.30644135378787307,0.1514964569978745
A8_A9_test_60m,test,60m,True,114,1.0,0.292,0.4571549429485742,0.1619773029435019,0.7271981126529726,0.221649168807051,0.0511527185399763,3.597884233181293,0.001,0.006,0.0,0.532,0.178,0.002,0.0,0.023,0.112,0.0,0.001,0.0,0.144,0.0,0.0,0.0,0.001,3.286540985107422,3.994273662567138,2.7135467529296875,3.8863024711608887,2.1484594345092773,2.6920998096466064,3.107313871383667,4.6505656242370605,4.58926248550415,3.394144296646118,4.623013973236084,3.783233880996704,3.903737783432007,0.24510677237667963,0.16193830902485454,0.4929054433409837,0.3309671343161291
A8_A9_test_60m,test,60m,True,115,1.0,0.71,0.2102614691372359,0.1506252587563214,0.705235746302997,0.2882779898813631,0.0064862638156398,3.7760184361384463,0.005,0.0,0.0,0.29,0.001,0.0,0.0,0.0,0.108,0.0,0.0,0.596,0.0,0.0,0.0,0.0,0.0,3.223031520843506,4.094864368438721,2.857753276824951,4.208217620849609,3.1892147064208984,2.887876272201538,3.1076409816741943,4.352805137634277,4.139836311340332,4.99869966506958,4.238325595855713,3.917691469192505,3.87228274345398,0.18488195994777237,0.15062525875632138,0.29650414308743744,0.14587888433111607
A8_A9_test_60m,test,60m,True,116,0.998,0.8837675350701402,0.3304542809312766,0.3076467868951459,0.5377752836319256,0.3091558589458568,0.1530688574222174,3.814143125827496,0.2945891783567134,0.033066132264529,0.002004008016032,0.001002004008016,0.5561122244488977,0.0180360721442885,0.0120240480961923,0.0280561122244488,0.0,0.0,0.0080160320641282,0.0130260521042084,0.0,0.0300601202404809,0.0,0.0040080160320641,0.0,2.682600736618042,3.5693745613098145,3.763619899749756,3.591804027557373,1.766801834106445,2.86027193069458,4.039799690246582,4.34882402420044,4.580199718475342,5.267709732055664,4.595178604125977,4.362452507019043,4.155223369598389,0.31332398792997773,0.2924270959540255,0.35105017613365297,0.058623080179627474
A8_A9_test_60m,test,60m,True,117,1.0,0.894,0.3831705900434238,0.3437432818831599,0.3496822186403244,0.6131489989530314,0.0371687824066441,3.928957407291119,0.0,0.001,0.007,0.089,0.0,0.0,0.009,0.005,0.872,0.0,0.0,0.013,0.0,0.0,0.004,0.0,0.0,3.2907419204711914,4.609747409820557,3.172859668731689,4.95452880859375,2.9606916904449463,2.1049907207489014,2.6262338161468506,4.84788179397583,4.843066215515137,4.850607872009277,4.219725131988525,4.337612628936768,4.257758617401123,0.35635361993098136,0.3437348049443235,0.396365407498821,0.052630602554497474
A8_A9_test_60m,test,60m,True,118,0.999,0.1551551551551551,0.0097717059569908,0.0067725986061932,0.9884044185263192,0.0096459657349746,0.0019496157387059,4.136897508914654,0.0,0.029029029029029,0.0,0.7987987987987988,0.0,0.0,0.0,0.0,0.0,0.003003003003003,0.1491491491491491,0.006006006006006,0.005005005005005,0.0,0.0,0.009009009009009,0.0,4.038217544555664,3.6495048999786377,2.642646789550781,4.840428352355957,3.519718647003174,4.315948009490967,4.94999361038208,4.062897682189941,4.803623676300049,4.4984893798828125,4.856046199798584,3.5533218383789062,4.048830986022949,0.10857528676304529,0.0067725986061931975,0.43040161603937294,0.4236290174331797
A8_A9_test_60m,test,60m,True,119,0.999,0.7217217217217217,0.4641833011600479,0.3478882323014752,0.4787614229812988,0.3467006894344516,0.1745378875842494,3.5129338869681725,0.046046046046046,0.015015015015015,0.0,0.027027027027027,0.5485485485485485,0.1341341341341341,0.1111111111111111,0.0,0.002002002002002,0.0,0.014014014014014,0.0,0.03003003003003,0.005005005005005,0.022022022022022,0.033033033033033,0.012012012012012,3.055326461791992,3.754017353057861,3.262986898422241,3.61203670501709,1.5552347898483276,2.2698113918304443,3.5289745330810547,4.3157219886779785,4.531509399414063,3.82823657989502,4.188030242919922,3.9730749130249023,3.793179273605346,0.37769444400561053,0.345362076028243,0.47627913927567006,0.13091706324742708
A8_A9_test_60m,test,60m,True,120,1.002,0.4261477045908183,0.4787105669704115,0.2142439676697099,0.6735521673291043,0.2244077300023714,0.1020401026685242,3.837407992436336,0.0119760479041916,0.4960079840319361,0.0279441117764471,0.0049900199600798,0.3952095808383233,0.0,0.0,0.0,0.0029940119760479,0.0,0.0039920159680638,0.0119760479041916,0.029940119760479,0.0059880239520958,0.0009980039920159,0.0079840319361277,0.0,3.4319751262664795,2.85443377494812,3.573878765106201,3.680636167526245,3.002686023712158,3.742382049560547,4.1121745109558105,4.311971187591553,4.495730400085449,3.921056032180786,4.437463760375977,4.167721271514893,4.1541948318481445,0.3145802234653258,0.21122165615239363,0.495317527042281,0.28409587088988736
A8_A9_test_60m,test,60m,True,121,1.001,0.879120879120879,0.2882207812111599,0.2553395253265396,0.6397951310079154,0.2097306873310894,0.1504741816609949,3.866949686637291,0.1668331668331668,0.0,0.0499500499500499,0.0009990009990009,0.0189810189810189,0.0,0.4815184815184814,0.0029970029970029,0.0,0.0009990009990009,0.2017982017982018,0.0099900099900099,0.0,0.0,0.0069930069930069,0.0589410589410589,0.0,2.7787468433380127,4.659557819366455,3.603653907775879,4.416163921356201,3.1280782222747803,1.8564684391021729,3.382718086242676,4.040306091308594,4.813520431518555,5.192177772521973,4.323739051818848,3.850785732269287,4.224429607391357,0.27042627269904107,0.2553344442443198,0.3147451922735468,0.05941074802922702
A8_A9_test_60m,test,60m,True,122,1.0,0.443,0.4173632674077068,0.1999198511212687,0.7009749845145702,0.198210328728322,0.1008146867571077,3.603101601967445,0.012,0.0,0.046,0.023,0.064,0.064,0.27,0.0,0.0,0.002,0.0,0.097,0.049,0.007,0.0,0.365,0.001,3.2768962383270264,4.433290004730225,3.0482637882232666,4.158285617828369,1.6387677192687988,2.044822454452514,3.4683635234832764,4.688116073608398,4.527790546417236,3.713289737701416,4.543399810791016,3.3535892963409424,3.945446014404297,0.2630376421209211,0.19638676895752605,0.4676529774616142,0.27126620850408817
A8_A9_test_60m,test,60m,True,123,0.999,0.5745745745745745,0.1598236603538632,0.0943219457096289,0.8233682751436248,0.1646195582934922,0.0120121665628827,3.9023352769704966,0.3413413413413413,0.0,0.0,0.0,0.0,0.0,0.004004004004004,0.024024024024024,0.2292292292292292,0.0,0.0,0.0,0.003003003003003,0.0,0.0,0.3983983983983983,0.0,2.549311399459839,4.942192077636719,3.45386290550232,5.020200252532959,3.0837738513946533,2.3946330547332764,2.936922311782837,5.063202857971191,4.986494064331055,4.217572212219238,4.74658203125,3.2870147228240967,4.048596858978272,0.14413709879662298,0.09428121567317782,0.3077978288719894,0.2135166131988116
A8_A9_test_60m,test,60m,True,124,1.0,0.316,0.0627637122333946,0.0240170778167531,0.96469681582024,0.022572212726014,0.0127309714537461,3.848479756942162,0.0,0.016,0.0,0.165,0.0,0.157,0.037,0.0,0.0,0.005,0.276,0.003,0.001,0.0,0.0,0.34,0.0,3.9826176166534415,3.839976072311402,2.8364577293396,4.906110286712647,1.5396322011947632,2.733839273452759,4.081881523132324,3.932009696960449,4.89158296585083,5.163188457489014,4.709059715270996,3.3303866386413574,4.083494663238525,0.1032053583882464,0.024017077816753156,0.36706593306575275,0.3430488552489996
A8_A9_test_60m,test,60m,True,125,0.999,0.3063063063063063,0.1352453285800617,0.0515519002280699,0.9028251077468396,0.0912459840501806,0.0059289082029796,3.615976682076088,0.002002002002002,0.0,0.0,0.2752752752752753,0.0,0.001001001001001,0.0,0.018018018018018,0.068068068068068,0.003003003003003,0.1541541541541541,0.082082082082082,0.014014014014014,0.009009009009009,0.0,0.024024024024024,0.3493493493493493,3.324939727783203,4.377040863037109,2.807926893234253,4.585773944854736,2.2815513610839844,2.869781494140625,3.2509865760803223,3.994171380996704,4.4554853439331055,3.877009868621826,4.470061779022217,3.639411449432373,3.0735561847686768,0.13063307778249228,0.04697427140891345,0.39358010064614496,0.3466058292372315
A8_A9_test_60m,test,60m,True,126,0.999,0.1811811811811811,0.4443525783922272,0.0944854955889381,0.8569648113653952,0.0970993860913329,0.0459358025432716,3.6746405271383433,0.015015015015015,0.5155155155155154,0.029029029029029,0.001001001001001,0.002002002002002,0.005005005005005,0.1481481481481481,0.006006006006006,0.014014014014014,0.0,0.002002002002002,0.0,0.002002002002002,0.0,0.063063063063063,0.002002002002002,0.1951951951951951,3.303395986557007,2.9017279148101807,3.872922897338867,4.740582466125488,2.0109517574310303,2.2445905208587646,3.404587745666504,4.534888744354248,4.787973880767822,4.357974052429199,4.069590091705322,4.249035358428955,3.292105436325073,0.22691002747995181,0.09447531307982532,0.4961816983873804,0.4017063853075551
A8_A9_test_60m,test,60m,True,127,0.998,0.0140280561122244,0.3031265664160401,0.0380631472132353,0.9278533785123316,0.0681669485488662,0.0039796729388022,3.77904565517719,0.0,0.4338677354709419,0.0070140280561122,0.3076152304609218,0.0,0.0060120240480961,0.0,0.0140280561122244,0.0110220440881763,0.0,0.003006012024048,0.0,0.1452905811623246,0.0090180360721442,0.0,0.06312625250501,0.0,3.832296133041382,2.945514440536499,2.8532817363739014,4.938685894012451,2.0061519145965576,3.4295926094055176,3.796463251113892,4.553131103515625,4.83809757232666,3.479584217071533,4.710287570953369,3.644338846206665,4.100168228149414,0.1807557570060313,0.03348772673300668,0.5047809337974193,0.4712932070644126
A8_A9_test_60m,test,60m,True,128,1.0,0.645,0.1283740141215724,0.1144689503646763,0.8002572972809319,0.1705475047087832,0.0291951980102847,3.570678234100342,0.302,0.027,0.036,0.082,0.0,0.0,0.061,0.002,0.064,0.0,0.073,0.145,0.084,0.026,0.013,0.085,0.0,2.645131826400757,3.648083448410034,2.990302085876465,4.569580078125,3.2030138969421387,2.2955946922302246,3.1787569522857666,4.150672435760498,4.40135669708252,3.5813772678375244,4.084480285644531,3.670602321624756,3.999865055084229,0.15028258682919798,0.10134268298095468,0.2630169891084143,0.16167430612745964
A8_A9_test_60m,test,60m,True,129,1.001,0.9820179820179822,0.2570045275172285,0.25346441441396,0.5650314423918261,0.3630082863884279,0.071960271219746,3.890173545250526,0.0,0.0,0.0079920079920079,0.0,0.0309690309690309,0.0039960039960039,0.2057942057942058,0.0,0.0,0.0,0.0009990009990009,0.7442557442557444,0.0,0.0019980019980019,0.0,0.0,0.0039960039960039,4.504121780395508,4.074819087982178,4.199173450469971,4.048671245574951,2.103775978088379,2.150451898574829,3.507540702819824,4.317992687225342,4.1654486656188965,4.930987358093262,4.162528038024902,4.485832214355469,3.920912981033325,0.2550284397089732,0.2524559708107795,0.2615116389105249,0.00905566809974545
A8_A9_test_60m,test,60m,True,130,1.0,0.537,0.4628193641685776,0.2746781639964507,0.5954317660679763,0.259780139871146,0.1447880940608776,3.607477536568275,0.0,0.022,0.04,0.179,0.026,0.053,0.45,0.002,0.002,0.023,0.005,0.054,0.097,0.006,0.0,0.041,0.0,3.754565954208374,3.789579391479492,2.97161602973938,4.382721900939941,1.6382310390472412,1.887300729751587,3.312837839126587,4.610492706298828,4.60459566116333,3.4879307746887207,4.511927604675293,3.783324241638184,4.162084102630615,0.3286028120791012,0.27164641708056525,0.4835759485585262,0.21192953147796095
A8_A9_test_60m,test,60m,True,131,1.0,0.472,0.1095987497147088,0.068332981917188,0.8722324843000461,0.1188690675655319,0.008898448134422,3.660531016496512,0.047,0.129,0.003,0.001,0.025,0.009,0.006,0.0,0.0,0.004,0.198,0.196,0.001,0.0,0.08,0.0,0.301,3.142808198928833,3.189364194869995,3.758135318756104,4.131487846374512,1.88900887966156,3.049456834793091,3.986196756362915,3.8785617351531982,4.29656982421875,4.9308295249938965,3.881462574005127,4.308111667633057,3.1449098587036133,0.1395342734366637,0.06833298191718798,0.31976980986534254,0.2514368279481546
A8_A9_test_60m,test,60m,True,132,1.0,0.88,0.2394767010826542,0.222455491233058,0.6080036894021171,0.3390816387296496,0.0529146718682332,3.755847738339351,0.373,0.0,0.0,0.001,0.005,0.0,0.117,0.0,0.384,0.0,0.0,0.001,0.006,0.001,0.055,0.04,0.017,2.5517897605896,4.837932586669922,3.521533727645874,4.738949298858643,2.965798854827881,1.9742707014083865,2.782623767852783,4.836524486541748,4.8384552001953125,3.993685722351074,4.040750503540039,4.0236334800720215,3.720072507858277,0.23613087494803714,0.22195076520966622,0.27165749695273567,0.04970673174306944
A8_A9_test_60m,test,60m,True,133,1.003,0.1754735792622133,0.4165395193698065,0.0894605429107191,0.8602272958683541,0.1006243224418537,0.0391483816897922,3.6148468255996704,0.0019940179461615,0.0009970089730807,0.0,0.2502492522432702,0.0338983050847457,0.0319042871385842,0.0917248255234297,0.0458624127617148,0.0259222333000997,0.0109670987038883,0.0219341974077766,0.0,0.0009970089730807,0.0,0.0598205383848454,0.4147557328015952,0.0089730807577268,3.4361910820007324,4.381273746490479,2.740166187286377,4.299097537994385,1.6888598203659058,2.2771713733673096,3.358891010284424,4.3901801109313965,4.730384349822998,4.643649101257324,4.08468770980835,3.263498067855835,3.6989586353302,0.18545807877787945,0.08938278833714508,0.4916625178555193,0.4022797295183742
A8_A9_test_60m,test,60m,True,134,1.001,0.7692307692307693,0.1756354681435135,0.1440728635200558,0.7227280976146713,0.2663980777305457,0.0108738246547829,3.948196851290189,0.0,0.0,0.0,0.0049950049950049,0.0219780219780219,0.0,0.0,0.0199800199800199,0.0,0.0,0.0589410589410589,0.6883116883116883,0.0059940059940059,0.0139860139860139,0.0,0.0779220779220779,0.1078921078921079,4.5933837890625,4.058060169219971,3.401331663131714,4.040715217590332,3.5670526027679443,3.784874200820923,4.221546649932861,4.064799308776856,4.136418342590332,4.056899547576904,4.292855739593506,3.754092216491699,3.354529619216919,0.1666266994831114,0.13697988441632863,0.25225420626424094,0.11527432184791231
A8_A9_test_60m,test,60m,True,135,1.0,0.58,0.499644447771249,0.2910252406582975,0.5925604491530898,0.2328286203772251,0.1746109304696849,4.25965980383066,0.0,0.418,0.0,0.002,0.0,0.0,0.58,0.0,0.0,0.0,0.0,0.0,0.0,0.0,0.0,0.0,0.0,4.386571407318115,3.01086688041687,4.162360668182373,5.205437660217285,3.254570960998535,1.8503053188323968,3.491114616394043,4.838104724884033,5.154306411743164,5.233258724212647,4.778304100036621,5.393173694610596,4.617202281951904,0.36934294992026234,0.2910252406582975,0.5030067797073244,0.21198153904902695
A8_A9_test_60m,test,60m,True,136,0.999,0.2242242242242242,0.2305013353696742,0.0603213398112508,0.9067785302102556,0.0658002599569871,0.0274212098327572,4.012937289017898,0.0,0.019019019019019,0.0,0.7277277277277278,0.1011011011011011,0.0,0.0,0.0,0.0,0.0,0.1231231231231231,0.0,0.0,0.0,0.029029029029029,0.0,0.0,3.659090518951416,3.701939582824707,2.649387121200561,3.9984922409057617,3.4755935668945312,3.993256330490112,4.63305139541626,4.039748668670654,4.7307610511779785,5.445401668548584,4.169885635375977,3.714708805084229,3.956868171691896,0.15317209580922425,0.060321339811250804,0.4455065556784855,0.3851852158672347
A8_A9_test_60m,test,60m,True,137,0.999,0.6096096096096096,0.4572864812655176,0.2804389559483739,0.5550592822547277,0.3290035235937969,0.1159371941514754,3.7768317002516527,0.0,0.0,0.0,0.0,0.2392392392392392,0.0,0.1571571571571571,0.0,0.2032032032032032,0.0,0.007007007007007,0.003003003003003,0.003003003003003,0.0,0.0,0.0,0.3873873873873873,3.55594539642334,4.457184791564941,4.033921718597412,3.820358276367188,3.098036766052246,2.008610963821411,2.9249279499053955,4.457490921020508,4.589161396026611,4.257528781890869,4.42259693145752,4.39000129699707,3.0830469131469727,0.3269386613233438,0.2804389559483739,0.47694791500570594,0.196508959057332
A8_A9_test_60m,test,60m,True,138,1.001,0.779220779220779,0.4781451677669512,0.3736005098753236,0.471630795680053,0.3095373888892465,0.2188318154307003,4.100774379876944,0.0,0.0,0.0,0.0,0.0,0.0,0.7242757242757242,0.0,0.0039960039960039,0.0,0.0,0.0509490509490509,0.0,0.0,0.0,0.2207792207792207,0.0,4.108218193054199,4.776614189147949,3.886088132858277,4.946835041046143,3.1237053871154785,1.7788207530975342,3.285759210586548,4.932852268218994,4.860597610473633,5.137997150421143,4.658181667327881,3.577284812927246,4.237112522125244,0.39968039882537576,0.3736005098753235,0.48465922163658515,0.11105871176126164
A8_A9_test_60m,test,60m,True,139,1.0,0.989,0.0609421580633715,0.0604978116198813,0.9120978333156882,0.0548087101288609,0.0330934565554508,4.305909285178552,0.873,0.0,0.0,0.01,0.0,0.0,0.101,0.0,0.015,0.0,0.0,0.0,0.001,0.0,0.0,0.0,0.0,2.435605049133301,5.311388969421387,3.629241943359375,5.512693881988525,3.063662052154541,2.2166850566864014,3.430755615234375,5.4649338722229,5.46112060546875,4.998013496398926,5.032571792602539,4.93532133102417,4.484827041625977,0.061793930352481034,0.060497811619881284,0.06585594432467438,0.0053581327047931004
A8_A9_test_60m,test,60m,True,140,1.0000000000000002,0.1749999999999999,0.172173254799626,0.0883983775553018,0.8504575931679463,0.1222880585535028,0.0272543482785504,3.7063923615675702,0.0399999999999999,0.4759999999999998,0.0269999999999999,0.0,0.0449999999999999,0.0059999999999999,0.0069999999999999,0.0019999999999999,0.0,0.0199999999999999,0.0639999999999999,0.0189999999999999,0.1489999999999999,0.0509999999999999,0.0,0.0939999999999999,0.0,3.1972551345825195,2.918260335922241,3.895865201950073,4.223012924194336,2.0122663974761963,3.187649726867676,4.096928596496582,4.1454901695251465,4.587141036987305,3.40191388130188,4.579240322113037,3.770609855651856,4.16746711730957,0.20237617631445903,0.06265395958678471,0.44894156958993403,0.3862876100031493
A8_A9_test_60m,test,60m,True,141,0.999,0.8818818818818818,0.3516315775610132,0.3120875641756827,0.552258817386383,0.2713072368758686,0.1764339457377483,3.9241505769582896,0.2492492492492492,0.0,0.018018018018018,0.001001001001001,0.001001001001001,0.051051051051051,0.5725725725725725,0.006006006006006,0.058058058058058,0.0,0.001001001001001,0.0,0.0,0.003003003003003,0.0,0.0,0.039039039039039,2.6775267124176025,4.83282995223999,3.825098752975464,5.126534938812256,1.6385056972503662,1.7841038703918457,3.0454888343811035,5.090539932250977,5.20445442199707,4.737147808074951,4.750407695770264,4.609455585479736,3.6918632984161377,0.324440933026387,0.31056168790263045,0.3700601800112638,0.05949849210863334
A8_A9_test_60m,test,60m,True,142,1.0,0.8360000000000001,0.4211006425536094,0.3539987121254218,0.4682656575788043,0.3554712605915477,0.176263081829648,3.752855484302228,0.009,0.015,0.0,0.135,0.683,0.001,0.009,0.0,0.001,0.005,0.134,0.0,0.0,0.0,0.002,0.006,0.0,3.349463939666748,3.67072319984436,3.027827739715576,3.505913734436035,2.389634370803833,2.973958969116211,4.01820707321167,3.953845739364624,4.517346382141113,4.903335571289063,4.409055709838867,3.964677095413208,4.103131771087647,0.37442242597465436,0.3539987121254218,0.43529473717481754,0.08129602504939576
A8_A9_test_60m,test,60m,True,143,0.999,0.4894894894894894,0.1550309816969789,0.1472127819448135,0.7391478495794533,0.2272787369514664,0.0335734134690802,3.5172098783346324,0.064064064064064,0.2102102102102102,0.041041041041041,0.001001001001001,0.0,0.018018018018018,0.005005005005005,0.0,0.1741741741741741,0.0,0.2162162162162162,0.03003003003003,0.072072072072072,0.0970970970970971,0.045045045045045,0.004004004004004,0.022022022022022,2.955583333969116,3.132408380508423,3.670964956283569,4.701728343963623,1.765371799468994,2.5075597763061523,3.0440073013305664,3.935648679733277,4.528758525848389,3.4849724769592285,3.992788076400757,4.266581535339356,3.7373552322387695,0.1911748924463603,0.09820535024410687,0.3350466967465691,0.23684134650246225
A8_A9_test_60m,test,60m,True,144,1.001,0.2967032967032967,0.0660820131943606,0.0238582870170105,0.9633730158796908,0.0255373942065972,0.0110895899137119,3.866101384162903,0.0489510489510489,0.0279720279720279,0.0,0.6003996003996005,0.0369630369630369,0.0399600399600399,0.0,0.0079920079920079,0.0,0.0059940059940059,0.2107892107892108,0.0,0.0,0.0,0.0,0.0209790209790209,0.0,3.0412700176239014,3.629964590072632,2.695067405700684,4.217874526977539,1.6593559980392456,3.859438896179199,4.711812973022461,3.957828521728516,4.788722038269043,5.226177215576172,4.819184303283691,3.5775725841522217,4.075048923492432,0.10806822211261481,0.023844737464424844,0.37663532259612875,0.3527905851317039
A8_A9_test_60m,test,60m,True,145,1.001,0.92007992007992,0.4916575045680365,0.4650376689462359,0.3145379450468893,0.4408487720137495,0.2446132829393611,3.7117647849596462,0.0159840159840159,0.0,0.0009990009990009,0.0019980019980019,0.5714285714285714,0.0119880119880119,0.3206793206793207,0.0,0.0,0.0,0.0009990009990009,0.0109890109890109,0.0359640359640359,0.0119880119880119,0.0,0.0009990009990009,0.0159840159840159,3.26379132270813,4.416308403015137,3.77269458770752,3.632791757583618,1.8246701955795288,1.9948196411132808,3.4687840938568115,4.593559265136719,4.528491973876953,3.7328290939331055,4.610213756561279,4.590094566345215,3.8238935470581055,0.4703791252463067,0.4589870073271532,0.4929356260810802,0.03394861875392702
A8_A9_test_60m,test,60m,True,146,1.0,0.646,0.4344535917202685,0.3047167285982727,0.5315352206989828,0.3274961014054889,0.1409686778955282,4.060513707307669,0.094,0.0,0.0,0.0,0.552,0.175,0.0,0.05,0.0,0.0,0.0,0.0,0.128,0.0,0.0,0.0,0.001,2.9717533588409424,4.589582920074463,4.384326457977295,3.6279900074005127,1.5333086252212524,4.071995258331299,4.590493202209473,4.87076473236084,4.675951480865479,3.508587598800659,4.96889591217041,4.783631801605225,4.209396839141846,0.342156503419251,0.30463195920990893,0.46036512025129356,0.15573316104138463
A8_A9_test_60m,test,60m,True,147,1.001,0.8691308691308691,0.4247614782747906,0.3832721406704602,0.3484284324857298,0.5365988536876198,0.1149727138266502,3.83463414815756,0.0,0.0129870129870129,0.0,0.0,0.0009990009990009,0.0,0.3036963036963037,0.0,0.5634365634365635,0.0239760239760239,0.0009990009990009,0.0,0.0299700299700299,0.0039960039960039,0.0119880119880119,0.0209790209790209,0.0269730269730269,3.41622257232666,4.004913330078125,4.130031585693359,4.938412189483643,2.997169017791748,1.8420363664627075,2.732127904891968,4.834203720092773,4.862547397613525,3.7956738471984863,4.203685760498047,4.328991413116455,3.764228820800781,0.39846036012372765,0.3812552534640991,0.43560902707199556,0.05435377360789645
A8_A9_test_60m,test,60m,True,148,0.999,0.1801801801801802,0.464343188520996,0.1318078384129719,0.7915115581180656,0.1533612069379246,0.0551272349440096,3.7881136123950654,0.002002002002002,0.0,0.04004004004004,0.2202202202202202,0.0,0.004004004004004,0.1331331331331331,0.0,0.044044044044044,0.0,0.0,0.001001001001001,0.0,0.049049049049049,0.1161161161161161,0.0,0.3903903903903904,3.36069393157959,4.790843963623047,2.881852149963379,5.013079643249512,2.0442612171173096,2.1571578979492188,3.2094531059265137,4.854108333587647,4.933850765228272,5.116960525512695,3.956326723098755,3.845829725265503,3.081058979034424,0.21372958971268047,0.10705150693529536,0.49984697090468394,0.3927954639693886
A8_A9_test_60m,test,60m,True,149,1.0,0.709,0.4767911193991414,0.3391839967674104,0.4993030437891259,0.3230259188869272,0.1776710373239468,3.9071736427453847,0.0,0.006,0.0,0.0,0.0,0.001,0.571,0.0,0.137,0.0,0.001,0.0,0.0,0.0,0.0,0.169,0.115,3.632301568984986,4.230327606201172,3.8376970291137695,5.152605056762695,2.337244987487793,1.784485936164856,2.955785036087036,4.959939956665039,5.138200759887695,5.124395847320557,4.655999183654785,3.61061429977417,3.373660087585449,0.3740703129588509,0.33918399676741046,0.4857710536539913,0.14658705688658086
A8_A9_test_60m,test,60m,True,150,1.001,0.0979020979020978,0.3752696938612193,0.0891365422430226,0.8535411886619733,0.1146445381900079,0.0318142731480186,3.882493936098539,0.0069930069930069,0.0009990009990009,0.0189810189810189,0.4465534465534465,0.0129870129870129,0.0,0.0009990009990009,0.0,0.0769230769230769,0.0039960039960039,0.0,0.0,0.0,0.0949050949050949,0.0019980019980019,0.0049950049950049,0.3296703296703296,3.153665065765381,4.553030490875244,2.7158803939819336,4.4881134033203125,3.31421160697937,2.705041646957397,3.2417314052581787,4.9496026039123535,4.965594291687012,5.209910869598389,4.4719061851501465,3.622407197952272,3.0813260078430176,0.16633941692318804,0.041235471091951345,0.49468969030809107,0.4534542192161397
A8_A9_test_60m,test,60m,True,151,1.001,0.6023976023976025,0.3775636076684826,0.2304002781353602,0.570634475470303,0.397930492788674,0.0314350317410232,3.6868716203249416,0.0059940059940059,0.0609390609390609,0.0009990009990009,0.3226773226773227,0.0159840159840159,0.0,0.0169830169830169,0.0049950049950049,0.5474525474525476,0.0069930069930069,0.0159840159840159,0.0,0.0,0.0,0.0,0.0,0.0009990009990009,3.03768253326416,3.4546916484832764,2.8340446949005127,4.39422607421875,2.9725418090820312,2.1056225299835205,2.716892004013061,4.426477432250977,4.740255832672119,4.883079051971436,4.458906650543213,3.945563316345215,3.959347486495972,0.281544626822575,0.23039180966499415,0.4292862691549399,0.19889445948994575
A8_A9_test_60m,test,60m,True,152,1.001,0.4065934065934065,0.3086606391675265,0.1495163269039432,0.7404602612914086,0.220046823609296,0.0394929150992951,3.554682584909292,0.1098901098901098,0.0,0.0499500499500499,0.1498501498501498,0.0709290709290709,0.1178821178821178,0.0179820179820179,0.0,0.2077922077922077,0.0019980019980019,0.0,0.0,0.0419580419580419,0.0269730269730269,0.0019980019980019,0.0,0.2027972027972027,2.7670814990997314,4.697575569152832,2.942152976989746,4.167779922485352,1.5558679103851318,2.3169615268707275,2.9704911708831787,4.842250823974609,4.739476203918457,3.698355436325073,4.385847091674805,3.9107494354248047,3.2162840366363525,0.20994180815644656,0.13590233826100703,0.4267422379032797,0.29083989964227264
A8_A9_test_60m,test,60m,True,153,1.001,0.6023976023976023,0.1133255223755036,0.0811443666616307,0.8738170351118058,0.0900771964531264,0.0361057684350675,3.6115563282599816,0.1118881118881118,0.0,0.0089910089910089,0.0019980019980019,0.0779220779220779,0.0039960039960039,0.0389610389610389,0.0409590409590409,0.0199800199800199,0.0029970029970029,0.3536463536463536,0.0,0.0289710289710289,0.0109890109890109,0.0,0.2467532467532467,0.0519480519480519,2.870253801345825,4.523017406463623,3.373652935028076,4.0830397605896,2.0294737815856934,2.5707337856292725,3.51235580444336,3.858609437942505,4.668120384216309,3.8316164016723633,4.658936500549316,3.4697811603546143,3.500641107559204,0.1239646046045218,0.07552848538713694,0.27010988011231596,0.19458139472517902
A8_A9_test_60m,test,60m,True,154,1.0,0.9,0.3671562210765668,0.3396266044325533,0.4969362782183922,0.3268742346981087,0.1761894870834989,3.708408630811251,0.199,0.004,0.016,0.004,0.167,0.0,0.432,0.001,0.073,0.0,0.025,0.004,0.0,0.001,0.047,0.023,0.004,2.706575870513916,4.096388339996338,3.4640157222747803,3.968469858169556,3.0146658420562744,1.8365612030029297,3.010460376739502,4.345686912536621,4.701193332672119,4.918275833129883,4.0775346755981445,4.108101844787598,3.961382389068604,0.3515092124457949,0.33912018302139413,0.3812055989689102,0.04208541594751608
A8_A9_test_60m,test,60m,True,155,1.003,0.267198404785643,0.285689572726315,0.0860710104003886,0.8628580279512192,0.1021419232967834,0.0350000487519968,3.5387800198334918,0.0009970089730807,0.3838484546360917,0.0059820538384845,0.1435692921236291,0.1226321036889331,0.036889332003988,0.0,0.0009970089730807,0.0338983050847457,0.0,0.1056829511465603,0.003988035892323,0.0059820538384845,0.0069790628115653,0.0139581256231306,0.1326021934197407,0.0019940179461615,3.583193778991699,2.9213671684265137,2.9151976108551025,3.9421708583831774,1.6804674863815308,3.111025333404541,3.525315523147583,4.012666702270508,4.548190116882324,4.132590293884277,4.196453094482422,3.5553877353668213,3.880114555358887,0.19615581756746328,0.08254680546368864,0.44834252790693147,0.3657957224432428
A8_A9_test_60m,test,60m,True,156,1.0,0.185,0.3756677632424878,0.0733757931055493,0.8726479641858476,0.1079524854172063,0.0193995503969462,3.794059973496658,0.0,0.037,0.0,0.776,0.0,0.0,0.044,0.0,0.108,0.0,0.0,0.033,0.001,0.0,0.0,0.001,0.0,3.3686697483062744,3.596142530441284,2.6320126056671143,4.757624626159668,3.133446216583252,2.253192663192749,3.1082136631011963,4.779178142547607,4.654719829559326,4.8413920402526855,4.610171318054199,3.639561414718628,3.948454856872559,0.17218649661524082,0.07337579310554934,0.48323328619986033,0.40985749309431097
A8_A9_test_60m,test,60m,True,157,0.999,0.8458458458458458,0.1798814933437516,0.1567739532382854,0.734587591920976,0.2172769096814771,0.0481354983975467,3.6939790615668655,0.0,0.045045045045045,0.0,0.042042042042042,0.1851851851851851,0.013013013013013,0.0,0.003003003003003,0.009009009009009,0.0,0.3533533533533533,0.2982982982982983,0.01001001001001,0.0,0.013013013013013,0.0,0.028028028028028,4.12912130355835,3.431970357894897,3.328860282897949,3.7904107570648193,1.85774040222168,3.37398099899292,3.793445348739624,3.780369997024536,4.213905334472656,4.2574310302734375,4.039535045623779,4.359557151794434,3.6653997898101807,0.17774847137821995,0.15676886198372886,0.23040837024571573,0.07363950826198687
A8_A9_test_60m,test,60m,True,158,1.0,0.5660000000000001,0.0502482209254182,0.030790619593589,0.948020769060055,0.042377222692712,0.0096020082472329,3.809880742659936,0.46,0.001,0.0,0.0,0.028,0.008,0.0,0.0,0.007,0.0,0.019,0.052,0.002,0.0,0.0,0.421,0.002,2.5699005126953125,4.459210395812988,3.542125701904297,4.297011375427246,1.8900796175003047,3.345467567443848,3.8495373725891113,4.42335844039917,4.649545669555664,4.662458896636963,4.7208662033081055,3.2768633365631104,3.842024564743042,0.08198154028362847,0.030790619593588982,0.2487605930437867,0.21796997345019772
A8_A9_test_60m,test,60m,True,159,0.999,0.7427427427427428,0.4996444477712489,0.3739872369981851,0.4759006763824663,0.3002241732386968,0.2238751503788368,4.096861582535964,0.0,0.0,0.0,0.01001001001001,0.0,0.0960960960960961,0.7427427427427428,0.0,0.0,0.001001001001001,0.0,0.0,0.01001001001001,0.0,0.0,0.0,0.1401401401401401,4.106846332550049,5.176133155822754,3.6895718574523926,5.510231018066406,1.576932072639465,1.7730523347854614,3.3822598457336426,5.341710090637207,5.343270301818848,4.258224487304688,4.874856948852539,4.760477542877197,3.46563458442688,0.40281129512465474,0.3739872369981852,0.5017039341804471,0.12771669718226192
A8_A9_test_60m,test,60m,True,160,1.0,0.2309999999999999,0.3255258316031419,0.1121030660340566,0.8340744710451692,0.1076449258415481,0.0582806031132825,3.73585228736584,0.0,0.005,0.006,0.104,0.0,0.08,0.134,0.0,0.0,0.003,0.052,0.045,0.0,0.065,0.002,0.38,0.124,3.9474403858184814,4.093287467956543,2.8601067066192627,4.770506858825684,1.6075469255447388,2.262417316436768,3.7045533657073975,4.2945733070373535,4.753809928894043,5.219038009643555,4.438103199005127,3.3092432022094727,3.305453062057495,0.18150351838791765,0.07929587451358877,0.46557931710032585,0.3862834425867371
A8_A9_test_60m,test,60m,True,161,1.0,0.752,0.2066189032114333,0.1843106209723998,0.6510801273235194,0.3292185034081618,0.0197013692683189,3.874891794644869,0.001,0.038,0.001,0.046,0.062,0.0,0.0,0.019,0.0,0.0,0.0,0.6890000000000001,0.114,0.008,0.022,0.0,0.0,3.979967594146729,3.4968037605285645,3.3363497257232666,3.9629697799682617,3.566951274871826,3.631770849227905,4.172334671020508,4.283541202545166,4.132036209106445,3.489423990249634,3.9512460231781006,4.355804920196533,4.014393329620361,0.212909164489882,0.1802406004176871,0.28127461521499786,0.10103401479731075
A8_A9_test_60m,test,60m,True,162,0.999,0.6766766766766766,0.4876615698366705,0.3371339836449893,0.5232540548548451,0.2792239230003311,0.1975220221448237,3.8448636623529286,0.01001001001001,0.085085085085085,0.0,0.0,0.006006006006006,0.001001001001001,0.6506506506506506,0.0,0.0,0.005005005005005,0.0,0.01001001001001,0.0,0.0,0.03003003003003,0.0,0.2022022022022022,3.31048321723938,3.453619956970215,4.082340717315674,4.695987701416016,2.2878189086914062,1.7902265787124634,3.3240349292755127,4.772571086883545,4.886459827423096,5.187766075134277,4.208178520202637,4.678783893585205,3.3049561977386475,0.3813048000325044,0.33713398364498925,0.4941242955050943,0.15699031186010504
A8_A9_test_60m,test,60m,True,163,1.001,0.7892107892107894,0.2867685636800107,0.233435998559628,0.5615431459875626,0.4100417109056188,0.0284151431068186,3.676275317485516,0.1988011988011988,0.0009990009990009,0.0299700299700299,0.1118881118881119,0.0,0.0239760239760239,0.0119880119880119,0.0029970029970029,0.5624375624375625,0.0059940059940059,0.0,0.0159840159840159,0.0009990009990009,0.0069930069930069,0.0079920079920079,0.0189810189810189,0.0,2.63431978225708,4.525259494781494,3.000190258026123,4.885715007781982,1.711223006248474,2.1332225799560547,2.7119903564453125,4.831088066101074,4.733984470367432,4.4603424072265625,4.189526081085205,3.879257678985596,4.095459938049316,0.256260644055517,0.22990136486627682,0.33332798731988805,0.10342662245361123
A8_A9_test_60m,test,60m,True,164,1.001,0.5754245754245755,0.3868802905768362,0.2397364863719799,0.6329385535358087,0.2546499201844228,0.1124115262797685,3.590802495296185,0.0,0.0259740259740259,0.0179820179820179,0.0739260739260739,0.4265734265734266,0.0249750249750249,0.0109890109890109,0.0,0.0,0.0,0.1368631368631369,0.0009990009990009,0.0799200799200799,0.0019980019980019,0.0029970029970029,0.0,0.1968031968031968,4.128191947937012,3.560655355453491,3.086261034011841,3.621741533279419,1.7212129831314087,2.9238359928131104,4.037591934204102,3.954700946807861,4.491860389709473,3.604733228683472,4.275822162628174,4.046271800994873,3.227553129196167,0.29084583592488855,0.2387280427687994,0.4381561412310264,0.19942809846222703
A8_A9_test_60m,test,60m,True,165,0.999,0.1661661661661661,0.0478695194478187,0.0278205930415216,0.947374004385726,0.0496108051455043,0.0030151904687694,3.582403274682852,0.003003003003003,0.079079079079079,0.028028028028028,0.059059059059059,0.004004004004004,0.1311311311311311,0.002002002002002,0.0,0.007007007007007,0.001001001001001,0.1401401401401401,0.01001001001001,0.087087087087087,0.001001001001001,0.005005005005005,0.05005005005005,0.3923923923923924,3.581715583801269,3.3657023906707764,3.041494607925415,4.560114860534668,1.5487537384033203,3.2963132858276367,3.825993537902832,4.020682334899902,4.664827823638916,3.637763023376465,4.290172100067139,3.67790460586548,3.059804677963257,0.12973152057968948,0.027315361786875082,0.43125004026860636,0.40393467848173126
A8_A9_test_60m,test,60m,True,166,1.001,0.1708291708291708,0.3364112162947457,0.0609778682210791,0.9110808092837228,0.0558826449903966,0.0330365457258808,3.829378549869244,0.0209790209790209,0.2757242757242757,0.0189810189810189,0.0559440559440559,0.0329670329670329,0.0,0.0769230769230769,0.0,0.0049950049950049,0.0009990009990009,0.0339660339660339,0.0009990009990009,0.0,0.0,0.0,0.4605394605394606,0.0169830169830169,3.2283897399902344,3.07238507270813,2.93025016784668,4.292762756347656,3.522928476333618,2.463053226470948,3.6968841552734375,4.291527271270752,4.87806510925293,5.724837303161621,4.779452323913574,3.2757959365844727,3.625589609146118,0.17821808943846584,0.06097786822107901,0.47839742056583556,0.4174195523447566
A8_A9_test_60m,test,60m,True,167,0.999,0.4974974974974975,0.2636934606547874,0.187284410017718,0.7316734310052914,0.1620843179539808,0.1062422510407276,3.8095065630399274,0.1951951951951952,0.023023023023023,0.002002002002002,0.022022022022022,0.0,0.2382382382382382,0.2582582582582582,0.0,0.002002002002002,0.0,0.04004004004004,0.002002002002002,0.0,0.1071071071071071,0.0,0.073073073073073,0.037037037037037,2.785259962081909,3.892883777618408,3.2831506729125977,5.1551008224487305,1.5144219398498535,2.097918748855591,3.51806902885437,4.47261905670166,5.161177158355713,5.31423807144165,4.741422176361084,3.8961644172668457,3.69115948677063,0.21012513131888283,0.1332246657705468,0.38628223217760677,0.25305756640705995
A8_A9_test_60m,test,60m,True,168,1.0,0.884,0.318325642774485,0.2821114981143227,0.4710357512528449,0.4937055012656647,0.0352587474814903,3.7210366909320536,0.0,0.003,0.0,0.0,0.036,0.002,0.003,0.009,0.638,0.0,0.12,0.087,0.001,0.0,0.001,0.0,0.1,3.423220634460449,4.036011695861816,4.174227237701416,4.192597389221191,2.19768500328064,2.2359166145324707,2.690692901611328,4.044181346893311,4.470788955688477,4.711792469024658,4.141517162322998,4.647307872772217,3.4075376987457275,0.2959195922385178,0.28209623962441727,0.3402872682126448,0.058191028588227556
A8_A9_test_60m,test,60m,True,169,1.0,0.141,0.3146526730684238,0.0500861037719377,0.908837332076863,0.0821531283023982,0.0090095396207386,3.767973863161527,0.004,0.0,0.001,0.634,0.001,0.213,0.009,0.0,0.102,0.002,0.025,0.0,0.008,0.0,0.0,0.001,0.0,3.204420804977417,4.89787483215332,2.6778457164764404,4.862301349639893,1.4979498386383057,2.485396146774292,3.16965651512146,4.500021457672119,4.924368381500244,4.210259437561035,4.743811130523682,3.696321725845337,4.113432884216309,0.14783428053051637,0.05008610377193774,0.48043737690264776,0.43035127313071003
A8_A9_test_60m,test,60m,True,170,1.001,0.6273726273726274,0.2299779507612447,0.163674353080718,0.6960581192731273,0.2805350552923095,0.0234068254345633,3.764651555281419,0.0,0.0009990009990009,0.0009990009990009,0.1628371628371628,0.0799200799200799,0.0,0.0,0.0,0.0299700299700299,0.0009990009990009,0.0049950049950049,0.5124875124875126,0.0,0.0,0.0999000999000999,0.1038961038961039,0.0029970029970029,3.720026969909668,4.010232925415039,2.9003703594207764,3.902617692947388,3.3909661769866943,3.0028152465820312,3.4126522541046143,4.221076488494873,4.176131248474121,5.068085670471191,3.797587394714356,3.579620599746704,3.758287191390991,0.20746266686789738,0.16367435308071795,0.3334461569211403,0.16977180384042237
A8_A9_test_60m,test,60m,True,171,1.0,0.747,0.3819675147809132,0.3111282846084963,0.4274216373412422,0.5229001561005227,0.0496782065582349,3.804078744007991,0.016,0.011,0.0,0.006,0.016,0.0,0.018,0.0,0.696,0.0,0.0,0.001,0.0,0.049,0.0,0.187,0.0,3.012589454650879,4.011684417724609,3.2611546516418457,4.5008416175842285,3.001138925552368,2.118727684020996,2.692201375961304,4.878355979919434,4.862642288208008,4.812439918518066,4.5896100997924805,3.563440561294556,4.148196697235107,0.3262161226931449,0.28639670946229745,0.4137651835413421,0.12736847407904467
A8_A9_test_60m,test,60m,True,172,0.999,0.7537537537537538,0.2384121633811445,0.2019592256345272,0.6164236292111838,0.3632342903085778,0.0203420804802383,3.452861584149874,0.1381381381381381,0.024024024024024,0.0,0.1101101101101101,0.001001001001001,0.002002002002002,0.013013013013013,0.0,0.3113113113113113,0.0,0.0,0.2902902902902902,0.041041041041041,0.01001001001001,0.051051051051051,0.001001001001001,0.007007007007007,2.720209836959839,3.613687753677368,3.057053804397583,4.352680206298828,2.0729687213897705,2.217177629470825,2.825608253479004,4.421996593475342,4.250823974609375,3.614179372787476,3.868699789047241,4.119795322418213,3.7523193359375,0.22919043005851014,0.19690691308806266,0.30471096999599767,0.10780405690793501
A8_A9_test_60m,test,60m,True,173,1.0,0.719,0.0704939033034007,0.0521007189676394,0.8993256268333903,0.0971473083979403,0.0035270647686692,3.737874984741211,0.477,0.004,0.0,0.245,0.002,0.001,0.0,0.0,0.021,0.0,0.0,0.219,0.0,0.0,0.001,0.0,0.03,2.5343167781829834,4.016817092895508,2.864003896713257,4.395425796508789,2.3040664196014404,3.0896387100219727,3.4832639694213867,4.542972087860107,4.39728307723999,5.1552348136901855,4.338369846343994,3.9394664764404297,3.5315158367156982,0.08557868907075669,0.05210071896763938,0.1933347664751451,0.14123404750750573
A8_A9_test_60m,test,60m,True,174,0.999,0.874874874874875,0.3965085180809246,0.3585686411993203,0.4894659997737869,0.303930718053786,0.2066032821724272,3.887841673997732,0.0,0.087087087087087,0.001001001001001,0.008008008008008,0.1301301301301301,0.0,0.5575575575575576,0.0,0.004004004004004,0.001001001001001,0.1821821821821821,0.001001001001001,0.0,0.022022022022022,0.0,0.0,0.006006006006006,4.08095121383667,3.4047844409942627,3.738605976104736,4.038406848907471,3.160921335220337,1.832016110420227,3.3066720962524414,4.0191144943237305,4.749458312988281,4.705569744110107,4.603982925415039,4.818493366241455,4.082964897155762,0.3723720400841121,0.347453553597098,0.4104151099126405,0.06296155631554251
A8_A9_test_60m,test,60m,True,175,1.0,0.3899999999999999,0.4884739631166144,0.2004656940085716,0.7113862743080209,0.1762960633668146,0.1123176623251643,3.917629507871775,0.0,0.044,0.02,0.531,0.0,0.0,0.352,0.0,0.038,0.001,0.0,0.0,0.0,0.014,0.0,0.0,0.0,3.4998021125793457,3.653648853302002,2.7598140239715576,5.030574798583984,3.1001574993133545,1.919002652168274,3.196226119995117,4.982585906982422,5.0640549659729,5.004230499267578,4.751621246337891,3.836125373840332,4.131339550018311,0.2714599501387585,0.19339952968108623,0.5001713456154797,0.3067718159343935
A8_A9_test_60m,test,60m,True,176,1.001,0.2637362637362637,0.2563296126990219,0.0906459704859006,0.8419362843876412,0.1348354902529162,0.0232282253594425,3.57160405929272,0.0,0.1408591408591408,0.0,0.0379620379620379,0.0439560439560439,0.1808191808191808,0.0,0.0,0.0289710289710289,0.0039960039960039,0.0009990009990009,0.1898101898101898,0.0039960039960039,0.0369630369630369,0.0,0.2647352647352647,0.0669330669330669,3.840682029724121,3.190347194671631,3.0063607692718506,4.081587314605713,1.5338526964187622,3.1351213455200195,3.513855457305908,4.427550315856934,4.340425491333008,4.26163911819458,4.322381973266602,3.392235279083252,3.3848137855529785,0.17248134633824797,0.07198976382706229,0.44136770005248904,0.36937793622542675
A8_A9_test_60m,test,60m,True,177,1.0,0.622,0.1752731775013086,0.1110865070811288,0.7797570665580544,0.2183128527216336,0.0019300807203119,3.853797637499296,0.0,0.008,0.0,0.253,0.0,0.001,0.0,0.0,0.0,0.003,0.016,0.606,0.0,0.0,0.0,0.0,0.113,3.880099296569824,3.738219738006592,2.885906934738159,4.320422649383545,2.3455793857574463,3.619160890579224,4.239070415496826,4.182729244232178,4.150521278381348,5.233579158782959,4.288217544555664,3.898917675018311,3.316945075988769,0.15641211639231517,0.11108650708112874,0.30091161640581393,0.1898251093246852
A8_A9_test_60m,test,60m,True,178,1.0,0.476,0.3642577554800495,0.2180802778826298,0.6657308144543457,0.2323778153260491,0.1018913702196052,3.6695265769958496,0.0,0.264,0.0,0.061,0.171,0.0,0.149,0.004,0.0,0.0,0.09,0.066,0.087,0.052,0.008,0.0,0.048,4.10399341583252,3.066973924636841,3.2657251358032227,3.905803203582764,3.3917250633239746,2.2166967391967773,3.592289447784424,4.068559646606445,4.417853832244873,3.554600238800049,4.176167964935303,4.342536449432373,3.6009204387664795,0.2812683815941625,0.19182774311518636,0.4393952916085035,0.24756754849331714
A8_A9_test_60m,test,60m,True,179,0.999,0.6736736736736737,0.1352069045114942,0.1277659834512193,0.7873242745430651,0.1698194840114313,0.0428562414455036,3.700124126214248,0.3503503503503504,0.001001001001001,0.0,0.0,0.0960960960960961,0.034034034034034,0.0,0.01001001001001,0.0,0.0,0.001001001001001,0.2262262262262262,0.006006006006006,0.067067067067067,0.004004004004004,0.018018018018018,0.1861861861861862,2.6074767112731934,4.144269943237305,3.792564868927002,3.965813398361206,1.7010678052902222,3.5760698318481445,4.113364219665527,4.448553085327148,4.319857120513916,3.946342468261719,4.218874454498291,4.017039299011231,3.2503204345703125,0.14447568580167278,0.09389851854138523,0.2567448916278634,0.16284637308647817
A8_A9_test_60m,test,60m,True,180,1.001,0.1948051948051948,0.0325547289562993,0.0099575467546614,0.9823598630525494,0.0153651803855778,0.0022749565618725,4.098448294859666,0.0649350649350649,0.6673326673326673,0.0149850149850149,0.0059940059940059,0.0,0.0,0.0049950049950049,0.0,0.0,0.0029970029970029,0.1068931068931068,0.0179820179820179,0.0,0.0009990009990009,0.0,0.1128871128871128,0.0,3.1252098083496094,2.8001134395599365,3.38632869720459,4.8084797859191895,3.768105983734131,3.523631811141968,4.50609302520752,4.0418195724487305,4.779174327850342,5.914457321166992,4.7745513916015625,3.7026383876800537,4.149224281311035,0.15087135092314435,0.009453324953071125,0.41509897317330474,0.40564564822023363
A8_A9_test_60m,test,60m,True,181,1.0,0.5980000000000001,0.4896907241405959,0.2949735517001711,0.5593032069202892,0.2914464827590796,0.1492503103206313,3.8129103917341967,0.018,0.22,0.0,0.001,0.518,0.112,0.057,0.053,0.002,0.001,0.0,0.003,0.0,0.001,0.0,0.0,0.014,3.301015138626098,3.0888819694519043,3.974885225296021,3.6221132278442383,1.5822293758392334,2.510744333267212,3.756017446517944,4.455582618713379,4.613883972167969,5.430609226226807,4.729435920715332,4.667571067810059,3.83486557006836,0.3543650594622128,0.29437897012511377,0.49691035303607645,0.20253138291096268
A8_A9_test_60m,test,60m,True,182,1.001,0.7362637362637363,0.0669852634312399,0.0689903247335021,0.8699910425551776,0.1220372654226405,0.0079716920221819,3.7027198718144345,0.5524475524475525,0.0619380619380619,0.0049950049950049,0.0039960039960039,0.0009990009990009,0.0,0.0089910089910089,0.0,0.0779220779220779,0.0009990009990009,0.0309690309690309,0.0649350649350649,0.0,0.0009990009990009,0.1028971028971029,0.0009990009990009,0.0869130869130869,2.487592458724976,3.4213438034057617,3.4673309326171875,4.582043647766113,3.090845823287964,2.466102123260498,3.134235143661499,4.251961708068848,4.5500664710998535,5.052858352661133,3.895705461502075,4.345414638519287,3.389857769012451,0.10392892545192799,0.06848610293191179,0.1832045346142092,0.11471843168229742
A8_A9_test_60m,test,60m,True,183,1.0,0.214,0.2581652113571831,0.0598656412706528,0.8862898520117913,0.1076890134351116,0.0060211345530969,3.957926475084745,0.055,0.761,0.0,0.0,0.0,0.0,0.003,0.002,0.124,0.0,0.0,0.032,0.012,0.0,0.001,0.01,0.0,3.062159776687622,2.8268747329711914,4.277729034423828,4.897993087768555,3.46173095703125,2.759610652923584,3.215147018432617,4.604197978973389,4.731125831604004,4.339056491851807,4.427581310272217,4.552850246429443,4.296987056732178,0.2048936138453039,0.059862250495118216,0.45426025523043717,0.39439800473531894
A8_A9_test_60m,test,60m,True,184,1.001,0.8361638361638362,0.1751938917177412,0.1696513605106475,0.6788550802490145,0.3029871184806761,0.0181578012703094,3.802668644831731,0.0319680319680319,0.0,0.0359640359640359,0.0,0.0,0.0,0.0539460539460539,0.0,0.0009990009990009,0.0,0.0889110889110889,0.6603396603396604,0.0849150849150849,0.0,0.0429570429570429,0.0,0.0,3.273094654083252,4.090939998626709,4.084753513336182,4.37056303024292,3.431755542755127,2.524089097976685,3.603524923324585,4.025076389312744,4.152238368988037,3.643270254135132,3.882726907730103,4.320262432098389,4.032397270202637,0.1892162933283334,0.16965136051064736,0.22966222514260662,0.06001086463195926
A8_A9_test_60m,test,60m,True,185,1.0,0.993,0.1863143834020204,0.1850323459422309,0.6333530564027535,0.3632291953100312,0.0034177482872152,4.054521358930147,0.0,0.006,0.0,0.0,0.0,0.0,0.0,0.001,0.034,0.0,0.003,0.956,0.0,0.0,0.0,0.0,0.0,4.1531500816345215,3.780935049057007,4.058945178985596,4.298536777496338,3.4780430793762207,3.229722738265991,3.474506139755249,4.214847564697266,4.101565361022949,5.129252433776856,4.222656726837158,4.536171913146973,4.030444622039795,0.18625339944372044,0.18503065055446355,0.18856373271820623,0.003533082163742679
A8_A9_test_60m,test,60m,True,186,1.0,0.991,0.1054591465923567,0.106128427136096,0.8109160009826129,0.1659111437625822,0.0231728552548049,4.024204914386456,0.742,0.0,0.0,0.0,0.055,0.0,0.0,0.0,0.19,0.0,0.004,0.0,0.0,0.0,0.009,0.0,0.0,2.4288833141326904,4.842998504638672,4.14412260055542,4.284794807434082,2.4322328567504883,2.643472194671631,2.974930047988892,4.695501804351807,4.951519012451172,5.201647758483887,4.295964241027832,5.084738254547119,4.333858489990234,0.10716210570456076,0.10612842713609603,0.10907886427302549,0.002950437136929454
A8_A9_test_60m,test,60m,True,187,1.0,0.8190000000000001,0.4641071478728702,0.3840648206314678,0.4199945607437468,0.3918812372495708,0.1881242020066823,3.8589374468876767,0.01,0.06,0.001,0.094,0.733,0.0,0.001,0.008,0.018,0.0,0.055,0.002,0.0,0.004,0.007,0.0,0.007,3.3184914588928223,3.396857261657715,3.143437623977661,3.5079009532928467,3.612014770507813,3.1566929817199707,3.680762767791748,4.1002702713012695,4.556312561035156,5.38279390335083,4.279675483703613,4.187860488891602,3.843116283416748,0.4081551710824219,0.3820323534357623,0.4719884041078808,0.08995605067211848
A8_A9_test_60m,test,60m,True,188,1.001,0.4545454545454545,0.2307906107605814,0.1714564782043799,0.7265024181878752,0.2040822072154896,0.0694153745966351,3.5756070613861084,0.0939060939060938,0.0,0.0,0.2087912087912087,0.0719280719280719,0.0,0.0659340659340659,0.0069930069930069,0.0089910089910089,0.0039960039960039,0.0389610389610389,0.1748251748251748,0.0199800199800199,0.1168831168831168,0.0069930069930069,0.0699300699300699,0.1118881118881118,2.84130859375,4.296891689300537,2.860398530960083,4.026107311248779,3.2206506729125977,2.3338000774383545,3.436966896057129,4.213062763214111,4.353090286254883,3.771347522735596,4.17039680480957,3.6293210983276367,3.329549551010132,0.19872470733185216,0.11245067155981137,0.3818048230729911,0.2693541515131797
A8_A9_test_60m,test,60m,True,189,0.999,0.7577577577577578,0.1645975998674284,0.1329928325340544,0.7362673688167335,0.261479597298424,0.0022530338848424,3.886023374704214,0.07007007007007,0.1281281281281281,0.0,0.0,0.001001001001001,0.0,0.0,0.0,0.002002002002002,0.003003003003003,0.0,0.6846846846846847,0.0,0.0,0.039039039039039,0.072072072072072,0.0,3.0627660751342773,3.1945762634277344,3.928903102874756,4.254059314727783,3.4743993282318115,3.4433162212371826,3.954332828521729,4.247855186462402,4.122085571289063,5.235084056854248,3.8958568572998047,3.8138833045959473,3.891185760498047,0.17030599701223553,0.1329928325340544,0.24769938248212536,0.11470654994807097
A8_A9_test_60m,test,60m,True,190,1.001,0.6673326673326675,0.2414318999585615,0.2225330304109071,0.592865992214597,0.369201954748992,0.0379320530364111,3.6874592304229736,0.1818181818181818,0.1018981018981019,0.0,0.0,0.0179820179820179,0.0,0.0,0.0,0.3846153846153847,0.0,0.0669330669330669,0.0159840159840159,0.1448551448551448,0.0689310689310689,0.0,0.0169830169830169,0.0,2.713719367980957,3.355588912963867,3.945632219314575,4.41388463973999,3.1052818298339844,2.4608306884765625,2.82129454612732,4.202649116516113,4.627903938293457,3.29723858833313,4.439491271972656,4.325327396392822,4.228127479553223,0.24647309720783786,0.18774172610118164,0.329993965207112,0.14225223910593035
A8_A9_test_60m,test,60m,True,191,1.0,0.139,0.264985687780417,0.0679739376524757,0.9001946092356408,0.0636629062237667,0.0361424845405923,3.9413101306328406,0.063,0.0,0.017,0.787,0.021,0.003,0.05,0.0,0.0,0.0,0.0,0.005,0.0,0.054,0.0,0.0,0.0,2.89209532737732,4.870208740234375,2.631564855575561,4.423892498016357,2.1510462760925293,2.439027786254883,3.826357364654541,5.063754558563232,4.956977367401123,5.281161785125732,4.973637104034424,3.665358304977417,4.061949729919434,0.1527855263121785,0.04071873238931781,0.473919660601478,0.43320092821216016
A8_A9_test_60m,test,60m,True,192,1.0000000000000002,0.6429999999999999,0.1818870390502098,0.1401458621131207,0.7390396686888706,0.2416289383960168,0.0193313929151123,3.49213052712954,0.0079999999999999,0.0469999999999999,0.0389999999999999,0.0279999999999999,0.0019999999999999,0.0459999999999999,0.0249999999999999,0.0279999999999999,0.2659999999999999,0.0009999999999999,0.3419999999999999,0.0,0.0639999999999999,0.0009999999999999,0.0559999999999999,0.0,0.0469999999999999,3.209688901901245,3.5195400714874268,3.3078837394714355,4.611378192901611,1.648779273033142,2.2824227809906006,2.9224777221679688,3.857426166534424,4.639878273010254,3.5901477336883545,3.950117826461792,4.269448280334473,3.588507890701294,0.18426845521967208,0.13959366523224506,0.2981844161092843,0.15859075087703925
A8_A9_test_60m,test,60m,True,193,0.999,0.8668668668668668,0.0305814204650011,0.0298971435660771,0.945585572845531,0.0490345671767834,0.0053798599776854,3.988500723472008,0.7837837837837838,0.0,0.0,0.0,0.006006006006006,0.096096096096096,0.002002002002002,0.001001001001001,0.026026026026026,0.0,0.0,0.049049049049049,0.0,0.0,0.016016016016016,0.0,0.02002002002002,2.460479736328125,4.778719902038574,4.05672550201416,4.657409191131592,1.5660195350646973,2.8555455207824707,3.485272169113159,4.831301689147949,4.816282749176025,5.470736026763916,4.2824225425720215,4.821257591247559,3.7683372497558594,0.043890118352667096,0.029895446481224976,0.09409505517786877,0.06419960869664379
A8_A9_test_60m,test,60m,True,194,1.0,0.997,0.2266780026208859,0.2260118267061497,0.5593077733316348,0.429360799924431,0.0113314267439341,3.90186410683852,0.0,0.0,0.002,0.0,0.0,0.0,0.003,0.0,0.223,0.0,0.0,0.771,0.0,0.0,0.0,0.001,0.0,3.566173553466797,4.06679105758667,4.162745952606201,4.304000377655029,3.153543710708618,2.4814159870147705,2.9562828540802,4.317512512207031,4.1096625328063965,4.945775985717773,4.186684608459473,4.486320495605469,3.987323760986328,0.22640124723106275,0.2260118267061496,0.22752091861302323,0.001509091906873622
A8_A9_test_60m,test,60m,True,195,0.999,0.1181181181181181,0.1578206097155044,0.044511001274006,0.9144821115593764,0.0820137743332346,0.0035041141073887,3.758896772678082,0.026026026026026,0.009009009009009,0.055055055055055,0.077077077077077,0.005005005005005,0.0,0.001001001001001,0.018018018018018,0.0,0.0,0.0,0.086086086086086,0.1151151151151151,0.001001001001001,0.009009009009009,0.3383383383383384,0.2592592592592592,3.1836161613464355,3.914441347122192,2.848530530929565,4.468271255493164,3.485170841217041,3.489375829696656,4.177358150482178,4.650782585144043,4.514228343963623,3.5196070671081543,4.23058032989502,3.2699785232543945,3.1137170791625977,0.14948580919271884,0.04397522249202128,0.46632881075718663,0.42235358826516534
A8_A9_test_60m,test,60m,True,196,1.0,0.313,0.1957370574599021,0.0780716474417366,0.8856242203768399,0.0726082643628467,0.0417675152603132,3.841763377189636,0.191,0.0,0.002,0.209,0.0,0.152,0.117,0.0,0.005,0.0,0.0,0.0,0.029,0.017,0.0,0.278,0.0,2.759150981903076,5.101464748382568,2.7980663776397705,5.217247009277344,1.5406032800674438,2.2478177547454834,3.513823747634888,5.299083709716797,5.153761863708496,3.850114583969116,4.945172309875488,3.3769962787628174,4.139621257781982,0.15110546462109067,0.06949130504407577,0.4100212489849494,0.34052994394087366
A8_A9_test_60m,test,60m,True,197,1.001,0.8291708291708291,0.379642803549499,0.3593644385850091,0.4626170093177185,0.3560371041945448,0.1813458864877367,3.956094301663912,0.1968031968031968,0.0009990009990009,0.0,0.0,0.5384615384615384,0.0,0.0739260739260739,0.0189810189810189,0.0,0.0009990009990009,0.0,0.0199800199800199,0.0,0.0869130869130869,0.0,0.0,0.0629370629370629,2.746981382369995,4.217854499816895,4.042840957641602,3.620859622955322,3.398810625076294,2.3845114707946777,3.739646434783936,4.61883544921875,4.614013195037842,5.212416648864746,4.742320537567139,4.5595383644104,3.5305967330932617,0.35175859246019486,0.31546496165926885,0.4015101667793047,0.08604520512003583
A8_A9_test_60m,test,60m,True,198,1.0,0.897,0.461637977665166,0.4144175617605736,0.3640412259469096,0.4430824245850335,0.1928763494680568,4.024665905879094,0.0,0.087,0.0,0.016,0.003,0.0,0.6,0.0,0.292,0.0,0.0,0.002,0.0,0.0,0.0,0.0,0.0,3.546097755432129,3.513096570968628,3.713808536529541,4.933109283447266,2.966339588165283,1.7487444877624512,2.8376591205596924,4.904982089996338,5.048762798309326,4.9825053215026855,4.578115940093994,5.005295276641846,4.542140007019043,0.4325589902067086,0.4144175617605736,0.4663772159656539,0.05195965420508031
A8_A9_test_60m,test,60m,True,199,1.0,0.508,0.146110791433091,0.0827072903644264,0.8530097648381632,0.1285658895948208,0.018424345567016,3.478434911141029,0.104,0.023,0.019,0.066,0.009,0.199,0.027,0.0,0.142,0.0,0.224,0.002,0.004,0.005,0.018,0.087,0.071,2.8242897987365723,3.7169065475463854,3.041980028152466,4.4846625328063965,1.5161640644073486,2.3779871463775635,3.085389375686645,3.956937074661255,4.725146770477295,4.211836338043213,4.147373199462891,3.679741382598877,3.451239585876465,0.13766442674743198,0.08018366024746733,0.3239880820480102,0.2438044218005429
A8_A9_test_60m,test,60m,True,200,0.999,0.4074074074074074,0.1270538288332571,0.0571466580089395,0.9005414130957362,0.0846238577906486,0.0148347291136152,3.600207989032452,0.09009009009009,0.1671671671671671,0.0,0.038038038038038,0.0,0.0,0.033033033033033,0.05005005005005,0.088088088088088,0.0,0.1941941941941942,0.002002002002002,0.002002002002002,0.001001001001001,0.012012012012012,0.3053053053053053,0.017017017017017,2.8472704887390137,3.167815685272217,2.9731273651123047,4.736610889434815,3.275898694992065,2.3889236450195312,3.1784465312957764,3.943204164505005,4.698727607727051,4.423740863800049,4.18943977355957,3.375461339950561,3.604036808013916,0.1373869781048804,0.05655657251168663,0.3525923006357713,0.2960357281240847
A8_A9_test_60m,test,60m,True,201,1.0,0.395,0.1572455765851069,0.0677512554449629,0.9007261101146208,0.0630452688808324,0.0362286210045467,3.820918468328623,0.259,0.079,0.0,0.509,0.0,0.0,0.114,0.0,0.0,0.0,0.0,0.022,0.0,0.0,0.017,0.0,0.0,2.6850972175598145,3.442389249801636,2.745917320251465,4.8436713218688965,3.1270012855529785,2.206887722015381,3.612104654312134,4.7650065422058105,4.7887864112854,5.262514114379883,4.2946062088012695,3.856137990951538,4.041820049285889,0.1445871979433293,0.0677512554449629,0.3692402527511172,0.3014889973061543
A8_A9_test_60m,test,60m,True,202,1.0,0.072,0.018370061136456,0.0107864819299189,0.9803005320491628,0.0178259720418364,0.0018734959090007,4.130558710831862,0.07,0.0,0.0,0.13,0.0,0.0,0.002,0.0,0.0,0.0,0.0,0.0,0.034,0.0,0.0,0.304,0.46,3.0515575408935547,5.065159320831299,2.807015419006348,5.210389137268066,3.638227701187134,3.4586260318756104,4.420742511749268,5.427589416503906,5.131022930145264,4.017392635345459,5.169780254364014,3.295975923538208,3.003784418106079,0.12076455779333316,0.010786481929918953,0.4724218444018249,0.46163536247190595
A8_A9_test_60m,test,60m,True,203,1.001,0.4925074925074924,0.3321802867921368,0.1900211978246539,0.6827617287052363,0.2544341469402192,0.0628041243545443,3.623501108242915,0.0989010989010989,0.0009990009990009,0.0129870129870129,0.0059940059940059,0.1698301698301698,0.1798201798201797,0.0,0.0,0.1788211788211788,0.0,0.0,0.0449550449550449,0.0,0.0469530469530469,0.0049950049950049,0.0099900099900099,0.2457542457542457,2.8052749633789062,4.220415592193604,3.3593392372131348,3.892167329788208,1.5210915803909302,2.667621374130249,3.008284568786621,4.618276119232178,4.543909072875977,5.034379005432129,4.244753837585449,4.010160446166992,3.1798412799835205,0.2324449720734499,0.16632277314991342,0.42122985153698606,0.2549070783870726
A8_A9_test_60m,test,60m,True,204,1.0000000000000002,0.4179999999999999,0.3337439109329136,0.1520311297222893,0.7397985137863223,0.2163407129827761,0.0438607732309013,3.5280830401640677,0.0479999999999999,0.4849999999999999,0.0069999999999999,0.0079999999999999,0.0969999999999999,0.0139999999999999,0.0339999999999999,0.0089999999999999,0.1689999999999999,0.0089999999999999,0.0259999999999999,0.0439999999999999,0.0289999999999999,0.0079999999999999,0.0,0.0,0.0129999999999999,2.990209579467773,2.881698608398437,3.5689401626586914,4.026740074157715,1.83601462841034,2.3228063583374023,3.0407402515411377,4.205996990203857,4.460178852081299,3.758615732192993,4.427660942077637,4.546372890472412,3.7991044521331774,0.251262795148883,0.14797806304524916,0.4349572547699573,0.2869791917247081
A8_A9_test_60m,test,60m,True,205,1.0,0.901,0.0610158079722615,0.0558750989168123,0.8957079083362909,0.0968339854937937,0.0074581061699155,3.811831960311303,0.533,0.01,0.0,0.0,0.022,0.047,0.0,0.0,0.0,0.0,0.118,0.228,0.003,0.0,0.0,0.0,0.039,2.562032461166382,3.8104653358459473,4.012805938720703,4.197254657745361,1.650015950202942,3.638641595840454,4.270161151885986,4.032938480377197,4.357501983642578,4.400958061218262,4.44116735458374,4.5935492515563965,3.5863232612609863,0.0674627315855934,0.05587509891681231,0.10523259298300759,0.04935749406619528
A8_A9_test_60m,test,60m,True,206,0.999,0.2662662662662662,0.1280377794951237,0.0423483552241697,0.9390600398751148,0.0371832098014306,0.0237567503234544,3.7758293885451097,0.0,0.2522522522522522,0.0,0.048048048048048,0.0,0.079079079079079,0.067067067067067,0.043043043043043,0.0,0.0,0.1991991991991992,0.0,0.0,0.011011011011011,0.0,0.1561561561561561,0.1441441441441441,4.071284770965576,3.086448907852173,3.072801351547241,4.746818542480469,1.6093668937683103,2.489469289779663,3.931979179382324,3.973660469055176,4.903532981872559,5.51683521270752,4.779156684875488,3.5794687271118164,3.3249590396881104,0.1408415453004138,0.03671783677441721,0.4065720714171198,0.3698542346427026
A8_A9_test_60m,test,60m,True,207,1.0,0.561,0.4785366906806995,0.2712912628881866,0.6162814911746238,0.2248544918743795,0.1588640169509968,3.7110812664031982,0.02,0.225,0.0,0.167,0.001,0.016,0.523,0.0,0.017,0.006,0.0,0.0,0.0,0.0,0.001,0.0,0.024,3.1164300441741943,3.148552179336548,3.0380096435546875,4.823004722595215,1.7866483926773071,1.822734236717224,3.190443754196167,4.802926063537598,4.977184295654297,5.182395935058594,4.487742900848389,4.17084264755249,3.697141647338867,0.3383946008369071,0.2712912628881866,0.49131743347187246,0.22002617058368584
A8_A9_test_60m,test,60m,True,208,1.0,0.742,0.4996444477712489,0.4296713853103867,0.3933776501243983,0.35390192913043,0.2527204207451717,4.100145028187678,0.0,0.025,0.0,0.081,0.0,0.0,0.742,0.0,0.0,0.0,0.0,0.0,0.0,0.115,0.0,0.0,0.037,3.872934579849243,3.925494909286499,3.2827043533325195,5.318850040435791,3.117445230484009,1.761413335800171,3.4170069694519043,5.131905555725098,5.338902950286865,5.020840644836426,4.85465145111084,4.485090732574463,3.774644613265991,0.4253991924938169,0.37162789262032825,0.5017098802462667,0.13008198762593848
A8_A9_test_60m,test,60m,True,209,1.0,0.118,0.2319871298966171,0.0408657974339079,0.9201849302380872,0.0778985446560096,0.0019165251059031,3.871746448370127,0.0,0.0,0.0,0.176,0.0,0.0,0.0,0.0,0.03,0.0,0.0,0.088,0.06,0.0,0.0,0.0,0.646,3.655099391937256,4.557505130767822,2.8958053588867188,4.754489421844482,3.423931837081909,3.1758744716644287,3.446277618408203,4.759838581085205,4.553203582763672,3.6772172451019287,4.614815711975098,3.87481689453125,2.943828582763672,0.14551414908332383,0.040865797433907905,0.4751217813278009,0.434255983893893
A8_A9_test_60m,test,60m,True,210,1.001,0.5564435564435565,0.2717545657488868,0.1640615145366043,0.7469983602995134,0.1778802503277643,0.0751213893727221,3.7084686205937314,0.0219780219780219,0.0329670329670329,0.0019980019980019,0.0329670329670329,0.2737262737262737,0.0,0.0,0.0089910089910089,0.0029970029970029,0.0,0.1998001998001997,0.0579420579420579,0.0049950049950049,0.0209790209790209,0.0,0.0009990009990009,0.3396603396603396,3.1920244693756104,3.5152230262756348,3.2215707302093506,3.729604482650757,2.7858898639678955,3.5445926189422607,4.049542427062988,3.89945387840271,4.389829158782959,4.083056926727295,4.559422016143799,4.125253677368164,3.114628791809082,0.21226563488021977,0.15345761345655076,0.376387505616513,0.22292989215996226
A8_A9_test_60m,test,60m,True,211,0.999,0.851851851851852,0.4000592541346222,0.3628718861056095,0.3445982044072501,0.5850598189742808,0.0703419766184691,3.7856003871330848,0.008008008008008,0.0,0.026026026026026,0.0,0.1081081081081081,0.0,0.055055055055055,0.0,0.6626626626626627,0.003003003003003,0.0,0.018018018018018,0.1191191191191191,0.0,0.0,0.0,0.0,3.116951942443848,4.493456840515137,3.875219583511353,4.070342540740967,2.9803357124328613,2.018257141113281,2.67598819732666,4.733392715454102,4.566832065582275,3.443832397460937,4.447554111480713,4.523407936096191,4.267233848571777,0.38046518326222395,0.3628718861056095,0.4159986238924559,0.0531267377868464
A8_A9_test_60m,test,60m,True,212,0.999,0.1731731731731731,0.2642905624731061,0.0606149719525946,0.8891209788852585,0.1005280983242927,0.0103509227904483,3.77112707724938,0.062062062062062,0.7147147147147146,0.008008008008008,0.012012012012012,0.008008008008008,0.0,0.015015015015015,0.0,0.088088088088088,0.0,0.0,0.0,0.002002002002002,0.0,0.068068068068068,0.0,0.022022022022022,2.9938108921051025,2.788851022720337,3.547880887985229,4.542668342590332,3.426617383956909,2.5574724674224854,3.2240116596221924,4.5494890213012695,4.736166000366211,4.343966007232666,4.011167526245117,4.554431438446045,3.748119354248047,0.20729882367490837,0.060614971952594604,0.46550667398182904,0.4048917020292344
A8_A9_test_60m,test,60m,True,213,1.0,0.533,0.0055481168771425,0.0054614072574768,0.9917463822097824,0.0055844210654809,0.0026691967247363,4.290385869833139,0.532,0.002,0.0,0.038,0.0,0.0,0.001,0.006,0.0,0.0,0.0,0.0,0.0,0.0,0.002,0.419,0.0,2.546609401702881,4.476778984069824,2.916020393371582,5.312704563140869,3.435667037963867,3.800516843795776,4.660774230957031,5.178480625152588,5.307381629943848,5.992075443267822,4.750063419342041,3.274542570114136,4.123401165008545,0.060650147402919415,0.0054512349308731296,0.240029696295517,0.23457846136464386
A8_A9_test_60m,test,60m,True,214,0.999,0.2452452452452452,0.2084438350115576,0.0544162731601552,0.8993229039518017,0.0925216457760864,0.008155450272112,3.7944410214057336,0.0,0.0,0.0,0.6336336336336337,0.0,0.002002002002002,0.02002002002002,0.007007007007007,0.003003003003003,0.0,0.0,0.2222222222222222,0.0,0.0,0.0,0.0,0.1121121121121121,3.686979293823242,4.3342061042785645,2.6666619777679443,4.510941982269287,2.154215097427368,2.663538217544556,3.723002433776856,4.565754413604736,4.432470321655273,5.140498161315918,4.479276180267334,3.6854655742645264,3.2847235202789307,0.14352667932080604,0.054404393566190354,0.43427111068852015,0.3798667171223298
A8_A9_test_60m,test,60m,True,215,1.0020000000000002,0.2764471057884231,0.1782875623518656,0.0530097225217644,0.901422847003508,0.0911348609494545,0.0074422920470371,4.103272841526912,0.0429141716566866,0.6157684630738521,0.0,0.0,0.0259481037924151,0.0,0.0,0.0249500998003991,0.0,0.0009980039920159,0.0079840319361277,0.1996007984031935,0.0,0.0009980039920159,0.0049900199600798,0.0009980039920159,0.0748502994011975,3.203153610229492,2.819105863571167,4.274238586425781,4.19364595413208,3.708018779754639,4.135233879089356,4.540182590484619,4.25239372253418,4.43113374710083,5.510866641998291,4.226423263549805,4.540101051330566,3.508049249649048,0.18007248167752962,0.05246370384155109,0.416598707356753,0.3641350035152019
A8_A9_test_60m,test,60m,True,216,1.0,0.983,0.4558647880665269,0.4483688201508556,0.3584239767103982,0.3864144062774922,0.2551616170121095,4.2124140446002665,0.0,0.0,0.0,0.0,0.013,0.002,0.827,0.014,0.073,0.001,0.07,0.0,0.0,0.0,0.0,0.0,0.0,3.80099105834961,4.8979692459106445,4.7536725997924805,4.72564697265625,2.177016019821167,1.6888923645019531,2.99955153465271,4.372328281402588,5.131587505340576,4.9691925048828125,4.655004978179932,5.789244651794434,4.800284862518311,0.45010088927337966,0.44834508472211376,0.4567451366693959,0.008400051947282161
A8_A9_test_60m,test,60m,True,217,1.0,0.94,0.1512983465995523,0.1437121699612737,0.7153024955367883,0.281970669003876,0.0027268354593357,3.9720353346604567,0.0,0.007,0.014,0.03,0.0,0.0,0.003,0.0,0.0,0.001,0.157,0.78,0.006,0.0,0.0,0.002,0.0,4.48423433303833,3.776793956756592,3.36776089668274,4.304829120635986,3.609029531478882,3.3131048679351807,4.133081436157227,3.9171605110168457,4.100112915039063,4.168586254119873,4.243686199188232,4.220179557800293,3.9978997707366943,0.15151509894530193,0.1437121699612737,0.17267944580357916,0.028967275842305462
A8_A9_test_60m,test,60m,True,218,1.001,0.5824175824175825,0.0110498498360544,0.0399319044325872,0.9392763711842078,0.0415834487664101,0.0191401800493821,4.362709907385019,0.5734265734265734,0.0,0.0,0.0029970029970029,0.0059940059940059,0.0,0.0,0.0,0.0009990009990009,0.0,0.0,0.0019980019980019,0.0,0.0639360639360639,0.0,0.0,0.3506493506493506,2.50972318649292,5.1009955406188965,3.5028655529022217,4.819754600524902,3.3134520053863525,3.982008695602417,4.459149360656738,5.300663948059082,5.272956371307373,5.674153804779053,5.260504245758057,4.402264595031738,3.116736888885498,0.06932160516884418,0.007661709130812811,0.2184213411133062,0.21075963198249337
A8_A9_test_60m,test,60m,True,219,0.9980000000000002,0.5601202404809618,0.4084111301642105,0.2318022108259275,0.614118154508816,0.3081592693305124,0.0777225761606713,3.44262762253101,0.001002004008016,0.0270541082164328,0.001002004008016,0.034068136272545,0.2705410821643286,0.0170340681362725,0.0,0.0,0.2254509018036071,0.0,0.0380761523046092,0.0250501002004008,0.0040080160320641,0.0,0.0050100200400801,0.0430861723446893,0.3086172344689378,3.2618184089660645,3.558767557144165,3.0946080684661865,3.726945161819458,1.7497936487197876,2.528036832809448,2.9255125522613525,4.160254001617432,4.413105010986328,4.347332000732422,4.151851177215576,3.741567373275757,3.09456729888916,0.28562505692081686,0.2318022108259275,0.4520643003625184,0.22026208953659088
A8_A9_test_60m,test,60m,True,220,1.0,0.191,0.0373812408518494,0.0115200567466718,0.9805497520969636,0.0158603823127286,0.0035898655903075,3.807428268285898,0.0,0.014,0.006,0.576,0.001,0.149,0.004,0.0,0.007,0.004,0.171,0.008,0.0,0.0,0.0,0.04,0.02,3.750785350799561,3.839242696762085,2.704249143600464,4.653040409088135,1.5401949882507324,3.108854055404663,3.922110557556152,4.035218238830566,4.799008846282959,5.198148250579834,4.777921199798584,3.5390496253967285,3.628744125366211,0.10559672684316357,0.011520056746671862,0.41782866700270327,0.40630861025603143
A8_A9_test_60m,test,60m,True,221,1.002,0.0638722554890219,0.0268037280701754,0.0633081767918861,0.8983211492898424,0.0767413478365431,0.0249375028736145,3.8140864739051232,0.0,0.0219560878243512,0.0,0.0419161676646706,0.0,0.0079840319361277,0.0,0.0,0.0039920159680638,0.0039920159680638,0.059880239520958,0.0,0.0029940119760479,0.0958083832335329,0.0508982035928143,0.1047904191616766,0.6057884231536926,4.140557289123535,3.727487802505493,3.0497076511383057,5.008645057678223,1.8851637840271,3.7026946544647217,4.050487041473389,4.229076862335205,4.845542907714844,4.330594539642334,4.101925373077393,3.5544567108154297,2.95678448677063,0.1453218377538621,0.014951192514826123,0.47693726406835435,0.4619860715535282
A8_A9_test_60m,test,60m,True,222,1.0,0.934,0.3415229371310923,0.3266170597944035,0.4694378267283751,0.4078902269544427,0.1226719463171821,3.7926635283690233,0.0,0.016,0.0,0.0,0.321,0.007,0.131,0.0,0.019,0.002,0.0,0.463,0.0,0.0,0.04,0.0,0.001,4.103756427764893,3.677855730056762,4.243632793426514,3.699366331100464,1.95702874660492,2.2353932857513428,3.340447902679444,4.308898448944092,4.185943603515625,4.964632987976074,3.938272714614868,4.602254390716553,4.047142505645752,0.33527757366405464,0.32661705979440353,0.35248732328044025,0.025870263486036715
A8_A9_test_60m,test,60m,True,223,1.001,0.8511488511488513,0.2037404806105603,0.1777546700896902,0.7489732693690068,0.1465441210826063,0.1044826095483871,3.965152126092178,0.4245754245754246,0.0,0.0,0.0,0.0,0.1148851148851149,0.3426573426573427,0.0,0.0,0.0,0.0839160839160839,0.0,0.0209790209790209,0.0,0.0,0.0,0.0129870129870129,2.6098856925964355,4.9859137535095215,4.277374267578125,5.256740570068359,1.5615708827972412,1.958867430686951,3.4716899394989014,4.327326774597168,5.17024040222168,3.970152616500856,4.803829669952393,5.18187141418457,3.971514225006104,0.19326964564366003,0.17775467008969023,0.24897776171847888,0.07122309162878865
A8_A9_test_60m,test,60m,True,224,1.001,0.0219780219780219,0.1905122155440374,0.0169312966614951,0.9685736493771052,0.0289901079227986,0.0024362427000957,4.039348638974703,0.0009990009990009,0.0,0.0539460539460539,0.7222777222777221,0.0,0.1548451548451548,0.0,0.0,0.0019980019980019,0.0,0.0,0.0189810189810189,0.0,0.0,0.0469530469530469,0.0,0.0,3.61908769607544,4.842878818511963,2.630712509155273,4.914595603942871,1.5301284790039062,3.762335777282715,4.149305820465088,4.867842674255371,4.832467079162598,5.487562656402588,4.146575450897217,3.640400886535645,4.087638854980469,0.1305401737118137,0.016931296661495013,0.5006799388031655,0.4837486421416705
A8_A9_test_60m,test,60m,True,225,0.999,0.8698698698698699,0.2118303794971185,0.1848591947955325,0.6682934168605793,0.2936947766877762,0.0380118064516444,3.612400119121258,0.2862862862862863,0.004004004004004,0.04004004004004,0.001001001001001,0.0,0.017017017017017,0.087087087087087,0.028028028028028,0.2642642642642643,0.0,0.023023023023023,0.2092092092092092,0.0,0.0,0.0,0.04004004004004,0.0,2.6026153564453125,3.977346181869507,3.4026567935943604,4.508497714996338,1.761893630027771,2.060267686843872,2.858262777328491,4.3022003173828125,4.4104719161987305,4.914519309997559,4.319262504577637,3.859223127365112,3.983984231948853,0.20040878507362717,0.1848116764196729,0.2503254252082041,0.06551374878853122
A8_A9_test_60m,test,60m,True,226,1.0000000000000002,0.1929999999999999,0.2500382325223424,0.0648423977014364,0.8938996952713921,0.0825158140543422,0.0235844906742653,3.4943402913900523,0.0849999999999999,0.0059999999999999,0.0,0.5249999999999999,0.0259999999999999,0.0219999999999999,0.0469999999999999,0.0149999999999999,0.0289999999999999,0.0049999999999999,0.0059999999999999,0.0,0.0119999999999999,0.0,0.0579999999999999,0.0029999999999999,0.1609999999999999,2.8200347423553467,4.01920223236084,2.697693109512329,4.323246955871582,1.7279703617095947,2.3283498287200928,3.309190511703491,4.536653995513916,4.692684650421143,4.0442328453063965,4.053843975067139,3.646036386489868,3.2272841930389404,0.15990880919118652,0.06481696688492715,0.45793092887681147,0.3931139619918843
A8_A9_test_60m,test,60m,True,227,1.0,0.969,0.3896240973512789,0.3855208301907358,0.4211946270488438,0.3865690855208405,0.1922362874303155,4.001542632396404,0.156,0.0,0.004,0.0,0.0,0.0,0.605,0.0,0.181,0.0,0.0,0.027,0.016,0.01,0.0,0.0,0.001,2.785959959030152,4.875377178192139,4.159005165100098,5.081728935241699,2.892333030700684,1.752573847770691,2.886146783828736,4.970592021942139,4.89378023147583,3.8039474487304688,4.594758987426758,5.007373809814453,4.316476821899414,0.3860272816133448,0.3804735699568177,0.39328290033338925,0.01280933037657156
A8_A9_test_60m,test,60m,True,228,1.001,0.98001998001998,0.0666364056110877,0.0729318381127071,0.8611715569723396,0.1317932098299064,0.0070352331977539,3.9004869827857385,0.6033966033966034,0.0019980019980019,0.0019980019980019,0.0,0.0009990009990009,0.0009990009990009,0.0,0.0,0.0229770229770229,0.0,0.0579420579420579,0.2947052947052947,0.0,0.0149850149850149,0.0,0.0,0.0,2.523671865463257,4.045820236206055,3.941168785095215,4.43115758895874,2.4897890090942383,3.1710469722747803,3.4697160720825195,4.147334098815918,4.373221397399902,5.058969974517822,4.380147457122803,4.604627132415772,4.069660186767578,0.07069017871364403,0.06536851108885369,0.07544786603843834,0.010079354949584646
A8_A9_test_60m,test,60m,True,229,0.998,0.9699398797595188,0.2617421186548438,0.2622133620368546,0.5550044747742815,0.3655643263777277,0.0794311988479906,3.951046118369469,0.094188376753507,0.0,0.0,0.0,0.2925851703406813,0.0,0.0040080160320641,0.0,0.0,0.0140280561122244,0.0070140280561122,0.5721442885771543,0.0,0.0100200400801603,0.0040080160320641,0.002004008016032,0.0,2.9909982681274414,4.0727949142456055,4.1305975914001465,3.698755979537964,3.4564754962921143,3.141620397567749,3.989827156066896,4.212265968322754,4.162869453430176,4.96696662902832,4.095666408538818,4.421893119812012,4.0228681564331055,0.2626967179047581,0.2571559870529686,0.269134139136161,0.011978152083192417
A8_A9_test_60m,test,60m,True,230,1.0000000000000002,0.4649999999999999,0.3862938406130196,0.1941084379218679,0.7198638604103842,0.1720554033354953,0.1080807362541202,3.77346264399015,0.0679999999999999,0.0,0.0289999999999999,0.1379999999999999,0.0,0.0989999999999999,0.3379999999999999,0.0219999999999999,0.0,0.0139999999999999,0.0009999999999999,0.0579999999999999,0.0,0.0189999999999999,0.0,0.2139999999999999,0.0,2.9454798698425293,4.601484298706055,2.890752077102661,4.803370952606201,1.5845887660980225,1.9825599193573,3.470611572265625,4.751794815063477,4.750619888305664,5.058709621429443,4.625392436981201,3.4789352416992188,4.110714912414551,0.24978171516676814,0.18448134494654336,0.4512193858850537,0.2667380409385104
A8_A9_test_60m,test,60m,True,231,1.003,0.7906281156530408,0.1079937125590475,0.087334457539904,0.8721362108606197,0.0810586631989522,0.0468051259404278,3.765969606546255,0.2522432701894316,0.0807577268195413,0.007976071784646,0.0,0.0438683948155533,0.0,0.1156530408773678,0.0,0.0019940179461615,0.0049850448654037,0.3639082751744765,0.0129611166500498,0.0,0.0,0.0019940179461615,0.0538384845463609,0.0598205383848454,2.7227416038513184,3.374678373336792,3.794859647750856,4.186287879943848,3.3252694606781006,2.247867584228516,3.5512073040008545,3.837820053100586,4.695773124694824,5.420959949493408,4.398941516876221,3.890046834945679,3.5111515522003174,0.11785145806001518,0.08733445753990388,0.19167050255166945,0.10433604501176558
A8_A9_test_60m,test,60m,True,232,1.0,0.145,0.4236902831273644,0.0733091307934335,0.8857891537384333,0.0818034309362669,0.0324074153253,3.60424305842473,0.007,0.024,0.0,0.511,0.084,0.206,0.025,0.0,0.006,0.023,0.001,0.022,0.006,0.006,0.0,0.0,0.079,3.322011709213257,3.696971893310547,2.739194393157959,4.090909004211426,1.5078351497650146,2.667844772338867,3.7145068645477295,4.632012844085693,4.616809368133545,4.1146674156188965,4.553264617919922,3.7990260124206543,3.4001057147979736,0.17070924650871974,0.0702807746530826,0.49547584105346787,0.4251950664003853
A8_A9_test_60m,test,60m,True,233,0.999,0.2932932932932933,0.4990720405904548,0.1494608242507663,0.7895986520023422,0.1218810474937827,0.0885203005038749,3.908458581337562,0.0,0.013013013013013,0.002002002002002,0.5995995995995996,0.019019019019019,0.0,0.2732732732732733,0.0,0.0,0.0,0.0,0.001001001001001,0.0,0.0,0.0,0.0,0.092092092092092,3.615740776062012,3.949668884277344,2.723489284515381,4.472808837890625,3.1442947387695312,2.002557277679444,3.562282085418701,4.968621253967285,5.025757312774658,5.353190898895264,4.834439754486084,3.7731950283050537,3.383915424346924,0.23396402755404577,0.14946082425076623,0.5051341420350383,0.355673317784272
A8_A9_test_60m,test,60m,True,234,1.0,0.822,0.0050456521785685,0.0151316216000711,0.972100594914986,0.0255355669698853,0.0023638381151284,4.292688644849337,0.82,0.0,0.0,0.114,0.0,0.0,0.0,0.0,0.0,0.0,0.0,0.002,0.058,0.0,0.0,0.006,0.0,2.4814136028289795,5.297269344329834,3.069913148880005,5.369460105895996,3.29620099067688,3.917029857635498,4.508192539215088,5.423913478851318,5.197825908660889,3.752744674682617,5.097304344177246,4.093715190887451,4.29996919631958,0.03596829240786569,0.015131621600071112,0.09450922609078334,0.07937760449071223
A8_A9_test_60m,test,60m,True,235,1.0,0.292,0.1977867390439379,0.0608666093696756,0.8836480146220651,0.1109707520165184,0.0053812333614164,3.7696188871677103,0.0,0.007,0.0,0.225,0.016,0.038,0.0,0.005,0.0,0.0,0.0,0.276,0.003,0.0,0.0,0.034,0.396,3.942281484603882,3.8478965759277344,2.834818124771118,4.173309326171875,1.6775423288345337,3.851274967193604,4.397124290466309,4.479742527008057,4.308783531188965,4.356858730316162,4.46489143371582,3.62069582939148,3.0498263835906982,0.1446188393688562,0.06085813243083923,0.4171699278008299,0.3563117953699907
A8_A9_test_60m,test,60m,True,236,1.0,0.4669999999999999,0.1966861872437883,0.1104950983463101,0.8420858000155818,0.094838203276216,0.0630759967082021,3.7924403869188743,0.04,0.0,0.0,0.009,0.002,0.008,0.18,0.0,0.0,0.0,0.245,0.0,0.0,0.028,0.012,0.472,0.004,3.082566738128662,4.767054080963135,3.152017831802368,4.740566730499268,1.9276095628738403,2.1922852993011475,3.632954597473145,3.99375319480896,4.978359699249268,5.338592529296875,4.346708297729492,3.296502113342285,3.8527543544769287,0.16439342690524814,0.09636276969133936,0.3624298994428491,0.2660671297515097
A8_A9_test_60m,test,60m,True,237,1.001,0.8641358641358641,0.3708806977550037,0.3218534878759653,0.5494282272282431,0.2574365697915827,0.1931352029801739,4.106463899979224,0.2247752247752247,0.0,0.0,0.0,0.0,0.0,0.6393606393606392,0.0479520479520479,0.0,0.0019980019980019,0.0,0.0,0.0,0.0,0.0029970029970029,0.0,0.0829170829170829,2.698366641998291,4.964296817779541,4.065901279449463,5.282641410827637,2.9822933673858643,1.76980459690094,3.309669017791748,5.081565380096436,5.243547439575195,4.992857933044434,4.597373008728027,4.847537517547607,3.5481762886047363,0.3371387513082472,0.32177219056045164,0.3894627408172608,0.06769055025680915
A8_A9_test_60m,test,60m,True,238,0.999,0.037037037037037,0.0046193643754619,0.0084761480471822,0.9832032905175524,0.0166411228705306,0.0001555866119169,4.26254784143888,0.037037037037037,0.4154154154154154,0.0,0.0,0.0,0.0,0.0,0.0,0.0,0.0,0.0,0.0,0.0,0.0,0.031031031031031,0.0,0.5165165165165165,3.341517448425293,2.9199540615081787,3.927938222885132,5.050143718719482,3.7797677516937256,4.329525470733643,4.736227989196777,4.6599650382995605,4.97779655456543,6.105024337768555,4.196462154388428,4.364145278930664,3.024653911590576,0.15117855664497476,0.008476148047182204,0.48901923571760975,0.4805430876704275
A8_A9_test_60m,test,60m,True,239,1.0,0.358,0.2946242863569156,0.1439929687182886,0.7513832660821087,0.2092475303992055,0.0393692035186858,3.450591444969177,0.096,0.084,0.0,0.019,0.069,0.028,0.03,0.0,0.127,0.0,0.002,0.034,0.132,0.025,0.0,0.349,0.005,2.8385698795318604,3.4017486572265625,3.0427920818328857,4.121985912322998,1.7102919816970823,2.3814969062805176,3.09511661529541,4.590308666229248,4.535068511962891,3.4829344749450684,4.534780025482178,3.3506712913513184,3.771923780441284,0.21674553336658067,0.13137481813349325,0.43138679451577583,0.3000119763822826
A8_A9_test_60m,test,60m,True,240,1.0,0.713,0.3344377667858808,0.2834281247833752,0.4671196649629059,0.4989044205074379,0.0339759145296561,3.605923139131986,0.091,0.022,0.005,0.003,0.0,0.018,0.0,0.03,0.615,0.0,0.0,0.007,0.04,0.036,0.106,0.025,0.002,2.7908523082733154,3.782268285751343,3.5530548095703125,4.903542518615723,1.7392430305480957,2.425334930419922,2.6941380500793457,4.680080890655518,4.682521343231201,3.5556652545928955,3.875837564468384,4.156765460968018,4.037696361541748,0.3061746744567138,0.26520712630825166,0.384149677718333,0.11894255141008137
A8_A9_test_60m,test,60m,True,241,1.001,0.8611388611388611,0.4409346509330297,0.3910688128802632,0.4466437316873702,0.3245749108647328,0.2287813574478968,4.0380394367071295,0.0339660339660339,0.0729270729270729,0.0,0.0,0.0,0.0,0.7592407592407592,0.0,0.0,0.0,0.0679320679320679,0.0,0.0,0.0,0.0619380619380619,0.0,0.0039960039960039,3.1084959506988525,3.53067398071289,4.515002727508545,5.110032558441162,3.008085966110229,1.7278133630752563,3.27839469909668,4.28648567199707,4.9881696701049805,5.132205486297607,4.118609428405762,5.428599834442139,4.261943340301514,0.4122813075095894,0.3910688128802632,0.45019882028398744,0.05913000740372426
A8_A9_test_60m,test,60m,True,242,1.0,0.625,0.4119060584481004,0.2762104696591715,0.5206554600961594,0.4062681404893378,0.0730763994145027,3.7682379942673903,0.001,0.039,0.0,0.205,0.0,0.097,0.15,0.0,0.474,0.0,0.0,0.0,0.0,0.034,0.0,0.0,0.0,3.231088161468506,3.686028242111206,2.9998555183410645,5.048554420471191,1.5670784711837769,1.9408713579177856,2.7729332447052,4.914831638336182,4.993424415588379,4.834091663360596,4.576125144958496,4.187907695770264,4.234303951263428,0.31069435415918556,0.2590497848638499,0.4478100365300628,0.1887602516662129
A8_A9_test_60m,test,60m,True,243,1.0,0.4649999999999999,0.2174896108435687,0.1087003976103456,0.7907637727451149,0.2010716592890792,0.008164567965806,3.5302089636142435,0.002,0.377,0.034,0.005,0.001,0.025,0.0,0.006,0.151,0.002,0.076,0.235,0.015,0.005,0.002,0.0,0.064,3.4271929264068604,2.926971435546875,3.503777980804444,4.369012355804443,1.7397609949111938,2.735962390899658,3.07888126373291,4.041505813598633,4.291628837585449,3.912904500961304,4.123337745666504,4.257492542266846,3.484287738800049,0.1962780092968271,0.10616659516678294,0.3727254190422595,0.2665588238754765
A8_A9_test_60m,test,60m,True,244,1.0,0.607,0.4046744067319485,0.2482050332142223,0.5899386512984248,0.3237126309747055,0.0863487177268695,3.570804009070763,0.061,0.0,0.051,0.248,0.299,0.01,0.001,0.0,0.238,0.004,0.0,0.008,0.0,0.0,0.001,0.006,0.073,2.818942785263061,4.28524112701416,2.8136138916015625,3.720018148422241,1.822871685028076,2.4252076148986816,2.9179461002349854,4.620391845703125,4.572352886199951,4.999055862426758,4.362679958343506,3.7003602981567374,3.361769914627075,0.29545405830985805,0.24820503321422233,0.4451438148862928,0.19693878167207046
A8_A9_test_60m,test,60m,True,245,1.0,0.527,0.1207139495667732,0.0757381467047794,0.8556499026338776,0.137223901322686,0.0071261960434363,3.526940694222084,0.322,0.001,0.0,0.136,0.0,0.021,0.0,0.0,0.124,0.003,0.001,0.08,0.033,0.001,0.018,0.245,0.015,2.576798915863037,4.346288681030273,2.807574987411499,4.677577972412109,1.7285635471343994,2.6625425815582275,3.069042205810547,4.607980251312256,4.523085594177246,3.783922910690308,4.110799312591553,3.377779483795166,3.578272581100464,0.13087062101754549,0.07523342068138757,0.3037347014216895,0.22850128074030196
A8_A9_test_60m,test,60m,True,246,1.0,0.884,0.368502393651327,0.3471672277244652,0.3783462775759054,0.5489729893992588,0.0726807330248358,3.79582939698146,0.005,0.014,0.0,0.021,0.0,0.0,0.136,0.0,0.669,0.0,0.074,0.0,0.059,0.021,0.0,0.0,0.001,3.16109561920166,3.9415342807769775,3.5821757316589355,5.007681369781494,2.9107394218444824,1.907202124595642,2.677828550338745,4.2626142501831055,4.840285778045654,3.5157933235168457,4.445314407348633,4.831896781921387,4.26162052154541,0.35497337956131303,0.3365679812332371,0.384643515987773,0.04807553475453591
A8_A9_test_60m,test,60m,True,247,1.0019999999999998,0.9820359281437128,0.2926116350115642,0.2896210820755613,0.5669196570100057,0.2869185218288665,0.1461618211611281,3.911018885098971,0.0009980039920159,0.0,0.0,0.0129740518962075,0.0548902195608782,0.0,0.4341317365269462,0.0,0.0,0.0,0.2594810379241518,0.2325349301397206,0.0,0.0039920159680638,0.0009980039920159,0.0,0.0,3.873223781585693,4.271255493164063,3.627481698989868,4.100001811981201,3.1642396450042725,1.9104254245758057,3.394101142883301,3.915693998336792,4.421603202819824,4.90025806427002,4.259371280670166,4.744289875030518,4.261300086975098,0.29047270479325266,0.2876062077306838,0.2964745996520749,0.008868391921391106
A8_A9_test_60m,test,60m,True,248,1.0,0.994,0.4742631695135252,0.4714453066826968,0.2532476725651444,0.5506140415043174,0.1961382859305381,3.911881373478816,0.002,0.0,0.0,0.0,0.729,0.0,0.004,0.0,0.258,0.0,0.001,0.0,0.0,0.0,0.0,0.006,0.0,3.35984206199646,4.423903942108154,4.1710052490234375,3.512683868408203,2.6313252449035645,2.446919202804565,2.943117618560791,4.526930332183838,4.568757057189941,5.091513633728027,4.600640296936035,4.366607666015625,4.211211681365967,0.47215406601769244,0.47144530668269685,0.4744634904964441,0.003018183813747244
A8_A9_test_60m,test,60m,True,249,1.0,0.758,0.3274870585774228,0.2898706767846706,0.5109909084632518,0.3982768295041552,0.0907322620325929,3.7244341465143056,0.004,0.093,0.0,0.002,0.008,0.0,0.206,0.013,0.328,0.011,0.131,0.081,0.043,0.053,0.026,0.0,0.001,3.29156494140625,3.372425079345703,3.9432647228240967,4.44469690322876,3.152003765106201,1.9512494802474976,2.844285011291504,4.0634284019470215,4.482534885406494,3.5740807056427,4.014201641082764,5.017387866973877,4.2665205001831055,0.30766236948603615,0.2630981575039299,0.3710864904016865,0.10798833289775661
A8_A9_test_60m,test,60m,True,250,0.999,0.7447447447447448,0.4739093120557232,0.3660529996328205,0.4773114392060174,0.3132711223223239,0.2094174384716585,4.07816101037539,0.0,0.003003003003003,0.0,0.007007007007007,0.0,0.2052052052052051,0.6796796796796797,0.0,0.008008008008008,0.024024024024024,0.0,0.057057057057057,0.001001001001001,0.015015015015015,0.0,0.0,0.0,4.110737323760986,4.35637903213501,3.9378502368927,5.069919109344482,1.5109310150146484,1.7800112962722778,3.246377468109131,4.9525299072265625,4.867381572723389,4.61196231842041,4.648342609405518,5.2074174880981445,4.716253757476807,0.38826303756635355,0.3584745308131236,0.48252179996942735,0.12404726915630376
A8_A9_test_60m,test,60m,True,251,1.0,0.34,0.3730336004822826,0.1305437975940405,0.8026021142512602,0.1337081763093987,0.0636897094393411,3.837748582546528,0.078,0.202,0.0,0.456,0.243,0.0,0.0,0.0,0.008,0.0,0.011,0.0,0.0,0.002,0.0,0.0,0.0,2.905153751373291,3.108606100082397,2.769337654113769,3.794823408126831,2.8579955101013184,3.3768322467803955,3.862782001495361,4.324092864990234,4.706838130950928,5.459566116333008,4.828409671783447,3.8636393547058105,4.032654762268066,0.22174406471646135,0.12953434554725685,0.4618804241639761,0.3323460786167193
A8_A9_test_60m,test,60m,True,252,0.999,0.5395395395395394,0.493618545417449,0.2898280712770807,0.5679831916703555,0.2843774741051273,0.147639334224517,3.5872572660446167,0.008008008008008,0.0,0.002002002002002,0.009009009009009,0.3463463463463462,0.102102102102102,0.1761761761761761,0.04004004004004,0.004004004004004,0.0,0.0,0.005005005005005,0.01001001001001,0.024024024024024,0.045045045045045,0.018018018018018,0.2102102102102102,3.3586058616638184,4.445044040679932,3.421210289001465,3.750738859176636,1.584328532218933,2.1416385173797607,3.422072649002075,4.577450752258301,4.532176494598389,4.008660793304443,4.094269752502441,4.036110877990723,3.2620370388031006,0.3341597063851063,0.27763463777148056,0.5000794754554602,0.2224448376839796
A8_A9_test_60m,test,60m,True,253,1.001,0.2717282717282717,0.3544705181170541,0.1152493694992112,0.8137959972672143,0.1419092664671486,0.0442947362656369,3.563312347118671,0.0019980019980019,0.0139860139860139,0.0,0.3546453546453545,0.0099900099900099,0.0739260739260739,0.1148851148851148,0.0,0.0379620379620379,0.0089910089910089,0.0,0.1068931068931068,0.0369630369630369,0.0149850149850149,0.0,0.2247752247752247,0.0,3.4195501804351807,3.8445231914520255,2.735642671585083,4.39482307434082,1.6088268756866455,2.2001681327819824,3.280216693878174,4.681220531463623,4.510892868041992,3.764120817184448,4.508732318878174,3.3817944526672363,3.992548704147339,0.19614613129332845,0.10768604247535772,0.46602680412371467,0.35834076164835693
A8_A9_test_60m,test,60m,True,254,1.0,0.429,0.3188004097849669,0.1641418629041656,0.6961906873841133,0.279334899423442,0.0244744131924446,3.653720222986661,0.004,0.0,0.034,0.001,0.0,0.046,0.0,0.0,0.294,0.001,0.0,0.131,0.011,0.045,0.0,0.433,0.0,3.215105533599853,4.452892303466797,3.3986215591430664,4.61400032043457,1.647860407829285,2.58797287940979,2.897066831588745,4.650477886199951,4.465429782867432,3.891027688980103,4.451420783996582,3.262394905090332,3.9640920162200928,0.2170709806329903,0.14142919185153402,0.4266335257977508,0.2852043339462168
A8_A9_test_60m,test,60m,True,255,0.999,0.7087087087087087,0.4149743177387914,0.30022202854799,0.54648385028006,0.3065882423438998,0.1469279073760401,3.829012852448684,0.0,0.1041041041041041,0.0,0.08008008008008,0.5785785785785785,0.001001001001001,0.0,0.001001001001001,0.0,0.0,0.1301301301301301,0.0,0.029029029029029,0.0,0.0,0.0,0.076076076076076,4.04960823059082,3.235390901565552,3.141672372817993,3.550539493560791,2.365967273712158,4.067893505096436,4.676738262176514,3.953593015670776,4.516616344451904,3.920210599899292,4.662872791290283,4.193144798278809,3.4429194927215576,0.34172716647520895,0.3002203314631379,0.4419699368959601,0.14174960543282217
A8_A9_test_60m,test,60m,True,256,1.0,0.999,0.4413924370207162,0.4414586945836955,0.3687257640503042,0.3796310827320004,0.2516431532176953,4.086858556820796,0.031,0.0,0.0,0.0,0.001,0.0,0.833,0.0,0.0,0.0,0.0,0.134,0.0,0.001,0.0,0.0,0.0,3.1422460079193115,4.555665016174316,4.380831241607666,4.774593353271484,2.9970386028289795,1.714649319648743,3.26613450050354,4.771870136260986,4.644951343536377,4.660635471343994,4.503812789916992,5.2223005294799805,4.4944329261779785,0.44125940147445275,0.4409539685603036,0.44145869458369547,0.0005047260233918549
A10_A11_test_1b,test,1b,True,0,1.0,0.502,0.1980057349293236,0.1010686381440743,0.8199327752277203,0.1579971732564105,0.022070051515869,2.268910171230769,0.123,0.065,0.0,0.126,0.036,0.0,0.034,0.0,0.039,0.0,0.0,0.27,0.0,0.0,0.0,0.0,0.307,1.772475243,1.929630041,1.771565676,2.464135885,2.071599376,1.139918923,1.869868159,3.004983805,2.932116032,2.854564877,3.07279878,2.561388472,2.050786957,0.16467158047543118,0.10106863814407425,0.3522085789345205,0.25113994079044627
A10_A11_test_1b,test,1b,True,1,0.998,0.4308617234468938,0.3229235287313071,0.1433948695819256,0.7677807412776385,0.1776487782808712,0.05457048044149,2.2202228678461537,0.0661322645290581,0.0711422845691382,0.0,0.2114228456913827,0.0130260521042084,0.0,0.1533066132264529,0.033066132264529,0.0971943887775551,0.0,0.0,0.1012024048096192,0.0,0.0,0.0110220440881763,0.1362725450901803,0.1062124248496994,1.82132411,1.933466315,1.707535386,2.625478745,1.660228216,0.945311725,1.759435415,3.127051616,3.065447092,2.910561164,2.84590098,2.258346934,2.202809584,0.2149920576461179,0.14333880966577325,0.42805843422290774,0.2847196245571345
A10_A11_test_1b,test,1b,True,2,1.0,0.747,0.2620252776545777,0.1978595609902222,0.6464360070294883,0.3114088639605787,0.0421551290099328,2.158954113923077,0.055,0.052,0.004,0.177,0.02,0.011,0.095,0.0,0.18,0.0,0.016,0.381,0.001,0.0,0.005,0.0,0.003,1.852889061,1.95453918,1.763566494,2.495107412,1.34842858,0.982568622,1.703691363,2.664145139,2.887698889,2.552369055,2.810529253,2.56329232,2.487578113,0.23117724970353853,0.19785956099022223,0.3241683324079696,0.12630877141774738
A10_A11_test_1b,test,1b,True,3,0.998,0.6232464929859719,0.356243981422207,0.2794451713262137,0.5732722986728094,0.2945650600019536,0.1321626413252369,2.2978220733846157,0.0591182364729458,0.0831663326653306,0.0,0.1743486973947895,0.1773547094188376,0.0,0.1943887775551102,0.0,0.0,0.0,0.0,0.1923847695390781,0.0050100200400801,0.1092184368737475,0.0,0.0050100200400801,0.0,1.871118426,1.921996236,1.781103969,2.307990551,2.067314806,0.950841486,2.076438189,3.025715754,2.983541489,2.341011081,3.339028852,2.542783248,2.662802867,0.2949764168601004,0.2243197840018574,0.41328672990442133,0.18896694590256394
A10_A11_test_1b,test,1b,True,4,0.999,0.6926926926926927,0.1715556165840531,0.1202447039167446,0.7731892800153094,0.2131320321358919,0.0136786878487986,2.259644238769231,0.2012012012012012,0.004004004004004,0.014014014014014,0.2432432432432432,0.01001001001001,0.03003003003003,0.017017017017017,0.0,0.1031031031031031,0.0,0.002002002002002,0.3593593593593593,0.0,0.0,0.0,0.014014014014014,0.002002002002002,1.718078017,2.224662781,1.712182164,2.542777061,1.280074385,1.17312777,1.768723369,2.871865072,2.903541088,3.040912651,3.244347956,2.399535512,2.495547278,0.15654224645049628,0.12024470391674459,0.2748398765527174,0.15459517263597283
A10_A11_test_1b,test,1b,True,5,1.0,0.53,0.3237543435172633,0.1738112654223788,0.7195734227772843,0.2132306236006734,0.0671959536220421,2.250573700384616,0.036,0.212,0.0,0.153,0.005,0.047,0.205,0.0,0.075,0.0,0.0,0.209,0.0,0.001,0.0,0.002,0.055,1.901320457,1.78795743,1.781135678,2.64007473,1.258559084,0.924151599,1.78302002,3.031377172,2.983458757,3.038995902,3.271326735,2.564927231,2.29115331,0.24280410611027964,0.17330653939898702,0.4101853020641496,0.23687876266516258
A10_A11_test_1b,test,1b,True,6,0.998,0.5531062124248497,0.1303278041707798,0.1501157924170177,0.7450287546256872,0.2097109059145902,0.0452603394597226,2.1365596063076926,0.0420841683366733,0.1132264529058116,0.0,0.0891783567134268,0.0220440881763527,0.0070140280561122,0.0280561122244488,0.0,0.0110220440881763,0.0,0.2174348697394789,0.2324649298597194,0.0801603206412825,0.1172344689378757,0.0180360721442885,0.0110220440881763,0.0110220440881763,1.921761632,1.873723388,1.845577598,2.516471148,1.382343393,1.196356654,1.995227337,2.344593933,2.953521729,1.957720802,2.773050563,2.556264589,2.458662116,0.17303557426918156,0.09094450510555262,0.29895074940107225,0.20800624429551962
A10_A11_test_1b,test,1b,True,7,0.998,0.6422845691382765,0.2091364996771014,0.1356208195831004,0.7514874247033273,0.2257835114271442,0.0227290638695283,2.2200372773846158,0.12625250501002,0.2104208416833667,0.0,0.1232464929859719,0.0551102204408817,0.0080160320641282,0.0080160320641282,0.0,0.1292585170340681,0.0,0.0350701402805611,0.2885771543086172,0.0,0.0,0.0,0.0160320641282565,0.0,1.77666688,1.777289391,1.782250285,2.400994778,1.361461239,1.239314795,1.756182194,2.560659283,2.907395601,2.965600229,3.255798042,2.475817577,2.601054312,0.19218591587054062,0.1356208195831003,0.31591938506314815,0.18029856548004786
A10_A11_test_1b,test,1b,True,8,1.0000000000000002,0.8079999999999998,0.2321409525421604,0.1886648036158568,0.6704562216000473,0.2817579495681915,0.047785828831761,2.211698407846154,0.1839999999999999,0.0089999999999999,0.0,0.0939999999999999,0.0349999999999999,0.0069999999999999,0.1059999999999999,0.0,0.1419999999999999,0.0,0.0,0.3409999999999999,0.0,0.0,0.0019999999999999,0.0049999999999999,0.0749999999999999,1.733498216,2.150779009,1.796490788,2.457215786,1.365791748,0.973023057,1.717704773,2.984162243,2.905272961,2.983678682,2.896047123,2.544957132,2.243457784,0.21191024569655384,0.18866480361585664,0.2850386896540651,0.09637388603820846
A10_A11_test_1b,test,1b,True,9,1.0,0.617,0.2368858395612034,0.1483194567926802,0.7650373724442391,0.1732863415261615,0.0616762860295993,2.182831441846154,0.226,0.046,0.0,0.261,0.001,0.001,0.189,0.0,0.077,0.0,0.01,0.114,0.003,0.0,0.0,0.039,0.033,1.698770761,1.987907529,1.698378682,2.750323534,1.465964686,0.920929253,1.765942097,2.821070007,3.06698823,2.419606044,3.107153075,2.35053658,2.323238266,0.1967270303440437,0.1483194567926801,0.3405885130092625,0.1922690562165824
A10_A11_test_1b,test,1b,True,10,1.0000000000000002,0.4649999999999999,0.1844825151779905,0.0951588984273879,0.8232658211112232,0.1631505609227771,0.0135836179659994,2.2403361748461537,0.1069999999999999,0.2759999999999999,0.0,0.1569999999999999,0.0089999999999999,0.0,0.0239999999999999,0.0,0.0509999999999999,0.0,0.0009999999999999,0.2729999999999999,0.0,0.0029999999999999,0.0339999999999999,0.0089999999999999,0.0559999999999999,1.793516636,1.744507432,1.762725472,2.570724487,2.069928596,1.165017128,1.846324086,2.930554712,2.925321341,2.888525089,2.675413838,2.476934515,2.274876941,0.17630326423702236,0.09364472035721237,0.3573771195577652,0.2637323992005528
A10_A11_test_1b,test,1b,True,11,1.0,0.6890000000000001,0.2176921754567718,0.1528542445045288,0.7257133488896008,0.2428648132117405,0.0314218378986586,2.249554406846154,0.139,0.048,0.0,0.184,0.032,0.001,0.055,0.0,0.109,0.0,0.0,0.354,0.0,0.003,0.0,0.075,0.0,1.759275317,1.963539481,1.726604939,2.456609964,1.521095621,1.055192709,1.756072998,2.980760282,2.89629674,3.026083492,3.229554371,2.321108264,2.552013111,0.19191804087991185,0.15134006643435338,0.30786905888971583,0.15652899245536245
A10_A11_test_1b,test,1b,True,12,0.998,0.565130260521042,0.2058916469788873,0.1281944058823899,0.7812971464349371,0.1810168953653454,0.0376859581997171,2.1134832436153848,0.1012024048096192,0.0470941883767535,0.001002004008016,0.1192384769539078,0.0490981963927855,0.0921843687374749,0.0781563126252505,0.0,0.002004008016032,0.0,0.0511022044088176,0.283567134268537,0.0571142284569138,0.0,0.0,0.0611222444889779,0.0571142284569138,1.804684877,1.970746756,1.767432809,2.423353434,1.219493369,1.056476116,2.019491434,2.528429764,2.924890757,2.011688993,3.11616733,2.355455017,2.276971511,0.18107167189538112,0.1281944058823898,0.3371172233427778,0.20892281746038802
A10_A11_test_1b,test,1b,True,13,0.999,0.3303303303303303,0.1383503193530379,0.0516632222906697,0.908348763552098,0.0799760283144642,0.0116752081334375,2.301508649846154,0.0990990990990991,0.002002002002002,0.022022022022022,0.5015015015015015,0.003003003003003,0.0,0.017017017017017,0.043043043043043,0.065065065065065,0.0,0.091091091091091,0.055055055055055,0.0,0.006006006006006,0.0,0.007007007007007,0.088088088088088,1.770414352,2.378318071,1.646798015,2.721501112,1.656821814,1.183585525,1.832362771,2.482357877,3.131352186,3.132860956,3.411323905,2.357311472,2.214604392,0.12870676320189148,0.048558860114149414,0.38565911450100343,0.33710025438685404
A10_A11_test_1b,test,1b,True,14,1.0,0.8150000000000001,0.2148443089491835,0.1788497884705218,0.7017768830021431,0.2387466570546704,0.0594764599431865,2.2374433647692302,0.251,0.024,0.0,0.101,0.17,0.0,0.048,0.019,0.007,0.0,0.0,0.339,0.017,0.0,0.0,0.0,0.024,1.709278941,2.043212175,1.798157573,2.281183004,1.927816931,1.115984082,1.982399583,2.950737151,2.894127131,2.148647456,3.254193661,2.621867779,2.359158275,0.20198074524563014,0.17881757610294352,0.26901336179358454,0.09019578569064102
A10_A11_test_1b,test,1b,True,15,1.0,0.7070000000000001,0.3299311085084589,0.2346577315187202,0.6409758356883005,0.2487328655859585,0.1102912987257409,2.200567332384615,0.147,0.046,0.0,0.196,0.14,0.008,0.237,0.0,0.06,0.0,0.012,0.111,0.0,0.0,0.001,0.01,0.032,1.754067659,1.985329509,1.741275907,2.335630178,1.352117009,0.903721273,1.793732285,2.750845534,3.029270887,3.098874081,3.056008303,2.468921354,2.337581342,0.272316801574654,0.23465773151872013,0.38200274371548043,0.1473450121967603
A10_A11_test_1b,test,1b,True,16,1.0,0.514,0.128105204255617,0.0700320023301342,0.8742377829735666,0.1114604293925981,0.0143017876338351,2.269338471769231,0.228,0.016,0.0,0.204,0.02,0.036,0.02,0.004,0.002,0.0,0.0,0.244,0.0,0.004,0.0,0.196,0.026,1.700834513,2.101693392,1.690371156,2.523807049,1.270254751,1.23278451,2.11239934,3.017164888,2.95811367,3.010311501,3.344694657,2.21014311,2.328827596,0.12659484337358046,0.06800631668549788,0.31256397498738714,0.24455765830188925
A10_A11_test_1b,test,1b,True,17,1.001,0.5844155844155843,0.2934211034600634,0.2251642257713474,0.5972359630182651,0.3551996224207746,0.0475644145609601,2.2269126127692305,0.0,0.0189810189810189,0.0,0.0839160839160839,0.1588411588411588,0.0089910089910089,0.0119880119880119,0.0,0.0519480519480519,0.0,0.0009990009990009,0.3606393606393606,0.2957042957042957,0.0,0.0,0.0009990009990009,0.0069930069930069,2.271117926,2.084325552,1.865561604,2.297910452,1.372556316,1.257833362,1.856941223,2.896000391,2.891341448,1.765116104,3.238645355,2.663124948,2.489389285,0.27444086472454227,0.22516422577134737,0.38245129422990687,0.1572870684585595
A10_A11_test_1b,test,1b,True,18,1.0,0.8180000000000001,0.1643668338568208,0.1356313352709963,0.7826241667975173,0.1634889958629727,0.0538868373395098,2.2847994710769237,0.501,0.005,0.0,0.156,0.17,0.0,0.022,0.017,0.062,0.0,0.002,0.061,0.002,0.0,0.0,0.0,0.002,1.618142962,2.254678011,1.748286128,2.31829834,1.805385822,1.155425191,1.825154066,2.982484897,3.091902494,2.454433373,3.284224034,2.602948994,2.561028812,0.1571656004590604,0.13560251367895257,0.22684437009487946,0.09124185641592689
A10_A11_test_1b,test,1b,True,19,1.0,0.567,0.2547422475944446,0.1468573004078859,0.7551045233895683,0.1960763524050913,0.0488191242053402,2.200563970615385,0.101,0.03,0.0,0.272,0.021,0.099,0.124,0.0,0.113,0.0,0.054,0.154,0.0,0.001,0.0,0.011,0.02,1.782048702,2.026126862,1.7100178,2.535834551,1.207641524,0.956748188,1.741969228,2.532587109,3.001332521,3.048768464,3.281247812,2.41874416,2.364264697,0.1980346372140819,0.1463525743844941,0.3642513043860502,0.2178987300015561
A10_A11_test_1b,test,1b,True,20,0.999,0.7667667667667666,0.365679526400587,0.2919827670052729,0.5222218711659472,0.3715907236575597,0.106187405176493,2.1784147224615387,0.047047047047047,0.014014014014014,0.0,0.1631631631631631,0.2182182182182181,0.0,0.1371371371371371,0.0,0.1731731731731731,0.0,0.001001001001001,0.1901901901901901,0.029029029029029,0.007007007007007,0.011011011011011,0.008008008008008,0.001001001001001,1.876127839,2.127156258,1.777980566,2.276982307,1.705852722,0.951963186,1.713380694,2.961901045,2.961784363,2.068814743,2.811564416,2.519042107,2.566841146,0.31814195462282086,0.28844614822274767,0.3987917589818312,0.11034561075908356
A10_A11_test_1b,test,1b,True,21,1.002,0.4910179640718563,0.3156844835354685,0.1628280640944272,0.7327288782716901,0.2088861152677654,0.0583850064605444,2.149851227,0.030938123752495,0.0728542914171656,0.0,0.0528942115768463,0.1287425149700599,0.0,0.0658682634730539,0.0,0.1197604790419161,0.0,0.0888223552894211,0.0568862275449101,0.0009980039920159,0.0,0.030938123752495,0.3502994011976048,0.0009980039920159,1.906871796,1.923280239,1.772812486,2.343648434,1.605948029,1.041365027,1.762238383,2.474646503,3.054457903,2.567356814,2.737299739,2.18347252,2.574668078,0.2278518256579272,0.16282806409442704,0.41339148293358324,0.2505634188391562
A10_A11_test_1b,test,1b,True,22,1.0,0.653,0.193699063338501,0.128012115348799,0.7651262637350181,0.2137232418323654,0.0211504944326163,2.2783338171538463,0.078,0.024,0.0,0.302,0.027,0.0,0.04,0.0,0.007,0.0,0.002,0.499,0.0,0.0,0.0,0.0,0.021,1.817482591,2.027499437,1.70693171,2.443053484,1.670460384,1.143073201,1.996132016,2.819352114,2.847448587,3.080217679,3.229791853,2.487786857,2.34910971,0.1706715005762659,0.12801211534879905,0.3026400383600411,0.17462792301124205
A10_A11_test_1b,test,1b,True,23,0.999,0.5965965965965966,0.3855976981146433,0.2315414742483883,0.6235139747320229,0.2898891020391774,0.0865969232287996,2.2616511383846154,0.068068068068068,0.1811811811811811,0.0,0.1261261261261261,0.07007007007007,0.001001001001001,0.1951951951951951,0.0,0.2402402402402402,0.0,0.0,0.023023023023023,0.0,0.0,0.0,0.059059059059059,0.036036036036036,1.827135563,1.81673646,1.769877315,2.461703777,1.453074942,0.906314373,1.677154541,3.163745211,3.180683136,3.077856632,3.355683372,2.377372356,2.334127121,0.291655174590162,0.23154147424838822,0.4348340120884156,0.20329253784002738
A10_A11_test_1b,test,1b,True,24,1.0,0.3189999999999999,0.286678264728885,0.0947889337533762,0.8516048459292972,0.1072124406346529,0.0411827134360497,2.2326221901538457,0.074,0.214,0.0,0.135,0.011,0.0,0.121,0.006,0.024,0.0,0.001,0.088,0.001,0.0,0.004,0.132,0.189,1.819347143,1.784926534,1.735267162,2.643065691,2.066571151,0.990238309,1.888345957,3.042556886,3.082452297,2.609074167,2.96527544,2.271061026,2.125906709,0.18999748513972572,0.09477876142677256,0.4371600164485143,0.34238125502174177
A10_A11_test_1b,test,1b,True,25,1.0,0.6970000000000001,0.2440884577063158,0.1717339276532351,0.705025477146201,0.2464811904011276,0.0484933324526713,2.229065296769231,0.076,0.085,0.0,0.214,0.005,0.0,0.127,0.0,0.204,0.0,0.147,0.138,0.002,0.0,0.0,0.001,0.001,1.817542076,1.90008831,1.747023582,2.642925262,2.009400777,0.950198472,1.693772197,2.399357917,3.014286995,2.41114802,3.243299042,2.552621569,2.596184639,0.2133577953631234,0.17173392765323509,0.3239476050213022,0.15221367736806712
A10_A11_test_1b,test,1b,True,26,0.998,0.6192384769539078,0.2690650769091207,0.1719071914568433,0.6948580276121676,0.2664695618619779,0.0386724105258543,2.212113792,0.0501002004008016,0.0390781563126252,0.0,0.0490981963927855,0.0681362725450901,0.0190380761523046,0.0420841683366733,0.0,0.1462925851703406,0.0,0.0100200400801603,0.3026052104208416,0.0,0.0080160320641282,0.0,0.0100200400801603,0.2555110220440881,1.867398977,1.99461019,1.84950614,2.389622211,1.315774692,1.079162836,1.738507986,2.732801263,2.914672852,3.006989559,3.250029229,2.529228248,2.089175113,0.21695069480226015,0.1678612914697345,0.3599090356010385,0.192047744131304
A10_A11_test_1b,test,1b,True,27,1.001,0.6993006993006994,0.1668764312143001,0.1225485332938293,0.7996966652368183,0.1555096029387052,0.0447937318244767,2.2114889487692304,0.0669330669330669,0.0519480519480519,0.0,0.2207792207792208,0.0519480519480519,0.0,0.1008991008991009,0.0,0.0009990009990009,0.0,0.2647352647352647,0.2137862137862138,0.0259740259740259,0.0,0.0,0.0019980019980019,0.0,1.847033381,1.953591824,1.749462605,2.415326357,1.878203621,1.029386163,2.061135292,2.299435777,2.94673419,2.111459306,3.314567064,2.535692867,2.607327887,0.16155141747472695,0.12254853329382918,0.26934680504496494,0.14679827175113574
A10_A11_test_1b,test,1b,True,28,0.999,0.8888888888888888,0.2149532496660778,0.1932857020889923,0.6761345540997118,0.2611594876225919,0.0627059582776964,2.2115665394615385,0.2442442442442442,0.023023023023023,0.0,0.064064064064064,0.1511511511511511,0.0,0.073073073073073,0.0,0.02002002002002,0.0,0.017017017017017,0.3833833833833834,0.01001001001001,0.0,0.0,0.007007007007007,0.007007007007007,1.712209702,2.037532568,1.829063654,2.285975933,1.97360207,1.047486782,1.893887401,2.638953252,2.874346972,2.224412577,3.234814558,2.552971132,2.445108412,0.20796625443332606,0.19328570208899223,0.24747511081429127,0.05418940872529904
A10_A11_test_1b,test,1b,True,29,0.998,0.3647294589178356,0.2782982048099106,0.1464607635670989,0.754699273490102,0.1976799258855978,0.0476208006242999,2.1808748666923075,0.0731462925851703,0.0871743486973947,0.0260521042084168,0.1753507014028056,0.0170340681362725,0.1012024048096192,0.1002004008016032,0.0190380761523046,0.0541082164328657,0.0,0.0,0.1202404809619238,0.1342685370741483,0.0370741482965931,0.0,0.0531062124248496,0.002004008016032,1.832629085,1.913353801,1.747409821,2.601226807,1.211900973,0.993856013,1.81689918,3.069857709,3.056817055,1.868226534,3.308858234,2.355970554,2.574367501,0.21362723706396072,0.1277161992052999,0.4239986438384842,0.2962824446331843
A10_A11_test_1b,test,1b,True,30,1.0,0.7170000000000001,0.2780036659265186,0.2003832958102456,0.6860582702535087,0.2271168678724913,0.0868248618739999,2.230228607384616,0.234,0.015,0.0,0.086,0.287,0.026,0.04,0.0,0.022,0.0,0.0,0.134,0.0,0.0,0.0,0.022,0.134,1.711629391,2.115322351,1.790459871,2.235873461,1.291792054,1.128371716,1.928955317,3.046414687,2.993082285,2.756694447,3.368788235,2.445066672,2.180521409,0.23452395693326428,0.20038329581024567,0.34299357846931394,0.14261028265906828
A10_A11_test_1b,test,1b,True,31,1.001,0.5504495504495504,0.279286630182585,0.1555693328038053,0.7568812669822902,0.1750988004278085,0.068019932589901,2.2045516753076924,0.0799200799200799,0.1338661338661338,0.0,0.2547452547452547,0.0579420579420579,0.0369630369630369,0.1708291708291708,0.0,0.0149850149850149,0.0,0.0449550449550449,0.1818181818181818,0.0,0.0,0.0,0.0159840159840159,0.0079920079920079,1.815322042,1.838795066,1.720708609,2.416088104,1.268845066,0.953660727,1.903256178,2.54843412,2.972913504,3.059209029,3.306315529,2.412181263,2.443442542,0.21722644675822042,0.15556933280380525,0.3819474857448592,0.22637815294105396
A10_A11_test_1b,test,1b,True,32,0.9990000000000002,0.4694694694694694,0.2353733570437943,0.1164506018072041,0.7921829321357998,0.1827329321139913,0.0250841357502085,2.2179513809230764,0.105105105105105,0.007007007007007,0.0,0.4074074074074073,0.045045045045045,0.054054054054054,0.017017017017017,0.0,0.1261261261261261,0.0,0.009009009009009,0.1671671671671671,0.0,0.007007007007007,0.0,0.047047047047047,0.008008008008008,1.770895004,2.194992304,1.664762259,2.455331326,1.242625635,1.159087777,1.751788855,2.811875153,2.989976645,2.768311875,3.303146826,2.29782962,2.422744673,0.17643845961490195,0.1129139830246789,0.37982442888242174,0.2669104458577428
A10_A11_test_1b,test,1b,True,33,0.999,0.8428428428428427,0.1605848161598626,0.149755128624081,0.7422453685734429,0.2159990056049519,0.041755625821605,2.2848637036153843,0.2952952952952952,0.029029029029029,0.0,0.061061061061061,0.1241241241241241,0.0,0.006006006006006,0.0,0.006006006006006,0.0,0.047047047047047,0.3643643643643643,0.0,0.026026026026026,0.004004004004004,0.0,0.037037037037037,1.694593787,2.018740892,1.837630868,2.310950279,2.025455408,1.371160507,2.071642399,2.523039088,2.886336088,3.108337993,2.883659234,2.648759076,2.322922528,0.1620764163662407,0.136619116003273,0.21512859380040456,0.07850947779713155
A10_A11_test_1b,test,1b,True,34,0.999,0.7817817817817817,0.1475169893699975,0.1162600324495557,0.7711811938603336,0.225117547380221,0.0037012587594452,2.2607303840769237,0.1421421421421421,0.1221221221221221,0.001001001001001,0.065065065065065,0.0,0.001001001001001,0.006006006006006,0.003003003003003,0.001001001001001,0.0,0.014014014014014,0.6186186186186186,0.001001001001001,0.0,0.0,0.0,0.025025025025025,1.773963928,1.836924434,1.839129567,2.672827005,1.54620685,1.39827621,2.149958134,2.639478547,2.817120314,2.497406466,3.232984467,2.639764184,2.345454887,0.15039221743297096,0.11625494119499934,0.22610457327123926,0.10984963207623992
A10_A11_test_1b,test,1b,True,35,1.0,0.7210000000000001,0.1779674356384465,0.1295829791028665,0.7788777618450624,0.1830785181041421,0.0380437200507954,2.259474341615385,0.279,0.01,0.0,0.184,0.0,0.0,0.108,0.0,0.097,0.0,0.039,0.198,0.0,0.0,0.0,0.083,0.002,1.679174662,2.157022953,1.714757085,2.772733688,1.998600162,0.97308594,1.75348568,2.588482193,2.984440327,2.655125073,3.272802458,2.302544055,2.520912165,0.16322903450701745,0.12958297910286648,0.2699488710953199,0.14036589199245342
A10_A11_test_1b,test,1b,True,36,1.0,0.138,0.2256591081086665,0.037956097890012,0.9373139373473356,0.0494599295253044,0.0132261331273597,2.444239974538461,0.052,0.07,0.253,0.4,0.003,0.0,0.033,0.0,0.019,0.0,0.0,0.031,0.0,0.0,0.018,0.002,0.119,1.912855387,2.029915094,1.733725667,2.944387674,2.182944706,1.224697351,2.047427654,3.447351329,3.340331554,3.150656575,2.980066857,2.509507104,2.271252717,0.14908297033003823,0.037956097890011954,0.46873525691899603,0.43077915902898406
A10_A11_test_1b,test,1b,True,37,1.0,0.516,0.2511601832438473,0.1528233382176544,0.7631225224528468,0.1681082786589973,0.0687691988881556,2.260743969153846,0.251,0.007,0.007,0.331,0.107,0.0,0.13,0.0,0.021,0.0,0.001,0.006,0.12,0.0,0.0,0.005,0.014,1.692226887,2.27069068,1.689585686,2.414070606,1.869588309,0.975606084,1.878979921,3.130741551,3.273200512,1.903542394,3.433000979,2.443930429,2.414507561,0.2102213680148554,0.15282333821765443,0.37530125455382524,0.2224779163361708
A10_A11_test_1b,test,1b,True,38,0.998,0.6763527054108216,0.2164902898564187,0.1477693449126619,0.7360114251670244,0.2324384598406273,0.0315501149923483,2.291458922769231,0.2394789579158316,0.0871743486973947,0.0,0.2234468937875751,0.0290581162324649,0.0,0.0490981963927855,0.0,0.2024048096192384,0.0,0.0,0.156312625250501,0.0,0.0,0.0,0.0120240480961923,0.001002004008016,1.693622828,1.893389344,1.719364762,2.516539574,1.918037401,1.037318826,1.691018224,3.05889434,2.999653339,3.038144929,3.247869975,2.428412307,2.546700147,0.19198807032545248,0.14776934491266183,0.3107233423377579,0.16295399742509606
A10_A11_test_1b,test,1b,True,39,1.0,0.6799999999999999,0.2610607563116097,0.2256055130280859,0.6206075548149189,0.3075738643139902,0.0718185808710908,2.182367508076923,0.157,0.062,0.0,0.039,0.096,0.007,0.057,0.0,0.174,0.0,0.015,0.181,0.0,0.089,0.012,0.016,0.095,1.761396408,1.950439811,1.865528226,2.375950336,1.373941558,1.039267898,1.719983816,2.712838116,2.978061438,3.024896236,2.799376964,2.534143607,2.234953191,0.23934798776742594,0.18068489694621462,0.33996931429189453,0.1592844173456799
A10_A11_test_1b,test,1b,True,40,1.0,0.506,0.0601682452813016,0.032198137130427,0.9498565448470672,0.0358906360450114,0.0142528191079213,2.2950587230769237,0.422,0.213,0.0,0.08,0.019,0.001,0.026,0.0,0.003,0.0,0.01,0.026,0.0,0.0,0.0,0.101,0.099,1.636999965,1.785862088,1.759807229,2.64171505,1.523516422,1.202476621,2.114892006,2.858855538,3.229916811,3.225806486,3.337870243,2.307553106,2.210491835,0.10526280396714847,0.03219813713042704,0.2812242321123386,0.24902609498191156
A10_A11_test_1b,test,1b,True,41,0.998,0.7955911823647294,0.1173521533896179,0.0941285060326851,0.8313824170752465,0.1489781537841365,0.0196394291406168,2.2760151351538465,0.4669338677354709,0.0751503006012024,0.0,0.0701402805611222,0.0060120240480961,0.0,0.0440881763527054,0.0,0.0781563126252505,0.0,0.0,0.2004008016032064,0.0,0.0,0.0,0.0280561122244488,0.0310621242484969,1.623373389,1.910992384,1.788724303,2.62486577,1.718988064,1.07633841,1.782186508,3.043124765,2.984581947,3.08239796,3.196723169,2.432397733,2.323502355,0.12346687333113449,0.09412850603268502,0.19713247474083814,0.10300396870815312
A10_A11_test_1b,test,1b,True,42,1.001,0.8011988011988012,0.2440556851156137,0.1966734078938515,0.6390318891245068,0.3285894059632833,0.0323787049122098,2.1902820931538463,0.0269730269730269,0.0409590409590409,0.0,0.1158841158841158,0.0209790209790209,0.0009990009990009,0.0669330669330669,0.0,0.1368631368631368,0.0,0.0009990009990009,0.5484515484515484,0.0019980019980019,0.0,0.0,0.0019980019980019,0.0369630369630369,1.928222656,1.975226521,1.801280379,2.466973305,1.482576089,1.034046412,1.737078786,2.854251071,2.838392258,2.434076508,3.028771107,2.579322021,2.313450098,0.2229833715897538,0.19667340789385135,0.2964585509118101,0.09978514301795877
A10_A11_test_1b,test,1b,True,43,1.0,0.595,0.3189298038701356,0.1921614212862066,0.7052829640407509,0.2051112293460848,0.0896058066131642,2.259092208923077,0.063,0.089,0.0,0.219,0.001,0.05,0.291,0.0,0.002,0.0,0.0,0.238,0.0,0.001,0.001,0.045,0.0,1.845522523,1.899145484,1.734078288,2.712808132,1.248003653,0.89366287,1.964516521,3.002593541,2.978356838,3.075605506,3.033838023,2.367844801,2.612222536,0.24491769748407316,0.19165669526281484,0.39536148330273074,0.2037047880399159
A10_A11_test_1b,test,1b,True,44,1.0,0.711,0.2753388325582152,0.1996086351904915,0.6235968079632597,0.3535891136924976,0.0228140783442426,2.196005157692308,0.121,0.008,0.0,0.093,0.008,0.016,0.012,0.0,0.408,0.0,0.006,0.156,0.013,0.001,0.0,0.005,0.153,1.765939713,2.208936691,1.801998615,2.643113613,1.31825893,1.138341069,1.6276443,2.881691281,3.020575285,2.166395942,3.252965965,2.558464602,2.163741044,0.23381191542771418,0.19910390916709964,0.34247675994889104,0.1433728507817914
A10_A11_test_1b,test,1b,True,45,1.001,0.5914085914085914,0.3269804620447693,0.2228303666269391,0.6217123974933979,0.3109144717593257,0.0673731307472762,2.111309207076923,0.0409590409590409,0.0249750249750249,0.0,0.1108891108891108,0.0919080919080918,0.0619380619380619,0.1208791208791208,0.0,0.1238761238761238,0.0,0.0,0.2137862137862137,0.1288711288711288,0.0059940059940059,0.0119880119880119,0.0119880119880119,0.0519480519480519,1.88476193,2.052605152,1.799130917,2.37244606,1.239317411,0.961004138,1.730748296,3.023983099,2.95250845,1.85507975,2.773547508,2.509233111,2.29265387,0.269414887823346,0.2198050358173976,0.4008004830474555,0.18099544723005792
A10_A11_test_1b,test,1b,True,46,1.0,0.6799999999999999,0.2737360979669265,0.1874525952164649,0.6873158023141869,0.2504632049386964,0.0622209927471167,2.208471379769231,0.033,0.048,0.0,0.22,0.027,0.002,0.169,0.0,0.082,0.0,0.057,0.312,0.0,0.0,0.0,0.0,0.05,1.89928925,1.965020418,1.742106318,2.475737333,1.445367287,0.941100001,1.771437764,2.504724105,2.910966158,2.983030013,3.233900763,2.549721702,2.287726825,0.22856513079387755,0.18745259521646487,0.34858854661751004,0.16113595140104517
A10_A11_test_1b,test,1b,True,47,1.0,0.7110000000000001,0.2133466648048065,0.1529538480415479,0.7381235153437212,0.2178452732294617,0.0440312114268171,2.173961432692308,0.114,0.116,0.0,0.081,0.038,0.031,0.109,0.0,0.001,0.0,0.021,0.428,0.001,0.0,0.0,0.031,0.029,1.795859933,1.854085207,1.807201862,2.429303885,1.28402801,1.016085625,2.036367178,2.617231067,2.872348547,2.516399247,3.246430039,2.443977053,2.342180972,0.19454137334665775,0.15295384804154794,0.29840032867621746,0.14544648063466953
A10_A11_test_1b,test,1b,True,48,0.999,0.7617617617617618,0.2856675747183845,0.218500705704613,0.6444638337517824,0.274070921087209,0.0814652451610085,2.235983221076923,0.082082082082082,0.1201201201201201,0.0,0.051051051051051,0.067067067067067,0.034034034034034,0.2052052052052052,0.0,0.036036036036036,0.0,0.0,0.3713713713713714,0.0,0.0,0.0,0.029029029029029,0.004004004004004,1.834916949,1.860092878,1.854009032,2.386642456,1.279370474,0.932895362,1.835905433,2.95723773,2.89528656,3.011356025,3.23593757,2.485421216,2.498710189,0.2542995415216193,0.218500705704613,0.3385522766373278,0.12005157093271479
A10_A11_test_1b,test,1b,True,49,1.001,0.3846153846153847,0.2540992303115866,0.1022817567260264,0.8415829275206815,0.112270631506584,0.0461464409727344,2.202063035692308,0.0909090909090909,0.0839160839160839,0.0,0.3426573426573427,0.0,0.1738261738261738,0.1438561438561438,0.0,0.0089910089910089,0.0,0.0189810189810189,0.1218781218781218,0.0009990009990009,0.0029970029970029,0.0009990009990009,0.0059940059940059,0.0039960039960039,1.793205857,1.900776982,1.692210078,2.851662874,1.180990467,0.966184497,1.94066596,2.708598787,3.055478334,2.506101472,3.093063536,2.437020233,2.500860387,0.176738346742963,0.10076909132125562,0.41013047319676377,0.30936138187550816
A10_A11_test_1b,test,1b,True,50,1.0,0.656,0.19457708144628,0.1301240970647602,0.7718638220271521,0.1960241618161755,0.0321120161566725,2.187208932769231,0.194,0.04,0.022,0.126,0.046,0.028,0.048,0.01,0.099,0.0,0.04,0.229,0.0,0.002,0.0,0.089,0.027,1.723504901,1.984735727,1.738213181,2.431320667,1.284084044,1.067343712,1.766240835,2.562374399,2.943610668,3.029079142,3.264163986,2.304242556,2.334802308,0.1726153880341438,0.1290976911403038,0.3022741654287597,0.17317647428845587
A10_A11_test_1b,test,1b,True,51,1.0,0.532,0.214606585413823,0.1224019866681696,0.8024001102772995,0.1503958061090622,0.0472040836136384,2.151937621846154,0.011,0.022,0.0,0.37,0.006,0.0,0.14,0.0,0.058,0.0,0.216,0.101,0.033,0.0,0.002,0.026,0.015,1.987421393,2.069823503,1.695324421,2.640327692,1.572589845,0.967883766,1.813545585,2.347271207,3.051230907,2.065844331,2.984993729,2.373526302,2.405406403,0.17909667102855445,0.12240198666816955,0.35175090344015386,0.22934891677198432
A10_A11_test_1b,test,1b,True,52,1.0,0.802,0.3665852135624051,0.2947210058301537,0.5570079720637474,0.2965420442121976,0.1464499837240549,2.2681441679230767,0.039,0.063,0.0,0.079,0.0,0.002,0.482,0.0,0.012,0.0,0.0,0.269,0.0,0.0,0.0,0.002,0.052,1.905190349,1.947031856,1.844300747,2.730347872,1.431928307,0.831067204,1.86265409,3.047344516,2.967854261,2.704577582,3.25806724,2.645423714,2.310086445,0.3224542038536179,0.29472100583015376,0.3945160412770489,0.09979503544689516
A10_A11_test_1b,test,1b,True,53,1.001,0.5554445554445554,0.1137035092404262,0.0688846369827158,0.876733287106625,0.1087641518213179,0.0145025610720568,2.187429321615385,0.2937062937062936,0.1188811188811188,0.0,0.1858141858141858,0.0229770229770229,0.0049950049950049,0.0229770229770229,0.0,0.0009990009990009,0.0,0.0019980019980019,0.2127872127872127,0.0229770229770229,0.0,0.0,0.0239760239760239,0.0879120879120878,1.675474167,1.850112319,1.723280311,2.518544197,1.380700342,1.209388494,2.135176897,2.929589442,2.965378284,2.126141673,3.320211891,2.386400587,2.216182577,0.12948884782439823,0.06888463698271564,0.2888345665711055,0.21994992958838988
A10_A11_test_1b,test,1b,True,54,0.999,0.4204204204204204,0.177391586535734,0.0780529327678185,0.8837418859247792,0.0764103626148041,0.0398477514604164,2.227650901846154,0.012012012012012,0.1601601601601601,0.0,0.3113113113113113,0.014014014014014,0.0,0.1171171171171171,0.0,0.004004004004004,0.0,0.2362362362362362,0.037037037037037,0.007007007007007,0.0,0.0,0.007007007007007,0.0940940940940941,2.000249386,1.822113037,1.715187669,2.617889404,1.78605917,1.00979805,2.030132532,2.334677637,3.149806738,2.36357518,3.457481465,2.444207175,2.228284281,0.15758783948537228,0.07805293276781844,0.3688026189639722,0.29074968619615377
A10_A11_test_1b,test,1b,True,55,1.0,0.745,0.1689362028303877,0.1269252088195088,0.7699209099828382,0.2063077623953058,0.0237713276218558,2.2585364458461545,0.25,0.058,0.0,0.104,0.044,0.0,0.028,0.0,0.06,0.0,0.0,0.363,0.0,0.0,0.0,0.086,0.007,1.700823069,1.935306311,1.75629878,2.418775797,2.040744133,1.141554713,1.822455764,2.941230353,2.889985323,2.848643927,3.115848664,2.322724908,2.426582054,0.16103752998236054,0.12692520881950878,0.2553082211086388,0.12838301228913004
A10_A11_test_1b,test,1b,True,56,1.0,0.694,0.1943214590785548,0.1376737157023507,0.7535225293781868,0.217607509838925,0.0288699607828882,2.252677299846154,0.137,0.085,0.0,0.085,0.059,0.0,0.039,0.0,0.017,0.009,0.007,0.435,0.0,0.0,0.001,0.004,0.122,1.772464275,1.886731267,1.806898475,2.379571199,2.085706639,1.141046047,1.935325623,2.737732085,2.8610425,2.98950763,2.952221981,2.547611391,2.188945786,0.17985924617917104,0.1376737157023507,0.29019999260051704,0.15252627689816634
A10_A11_test_1b,test,1b,True,57,1.001,0.7742257742257743,0.2411938546790643,0.1947196748278057,0.6743820588895952,0.261796532565198,0.0638214085452067,2.197322574153846,0.1758241758241758,0.0069930069930069,0.0,0.0499500499500499,0.1218781218781218,0.0009990009990009,0.0879120879120879,0.0689310689310689,0.0499500499500499,0.0,0.0,0.3386613386613387,0.0059940059940059,0.0119880119880119,0.0,0.0039960039960039,0.0769230769230769,1.749443054,2.18036437,1.853727937,2.323466539,1.487762663,1.015905738,1.827180743,2.94223612,2.904024839,2.307071061,3.115009855,2.602976681,2.256023864,0.21687464406367774,0.18855214831767209,0.3013527845916828,0.11280063627401071
A10_A11_test_1b,test,1b,True,58,0.999,0.7197197197197197,0.1106152470045294,0.0838134739138457,0.8654224108052626,0.1015282305617832,0.0330493586329541,2.209680951538461,0.4714714714714714,0.038038038038038,0.0,0.2182182182182182,0.005005005005005,0.0,0.0970970970970971,0.0,0.016016016016016,0.0,0.018018018018018,0.1121121121121121,0.017017017017017,0.0,0.0,0.001001001001001,0.006006006006006,1.618191242,2.005319118,1.714857101,2.685310602,1.648767589,1.000048041,1.89790535,2.725076439,3.068170786,2.145767331,3.238878009,2.515766957,2.461793805,0.11948454159796204,0.08381347391384568,0.22189625885511172,0.13808278494126602
A10_A11_test_1b,test,1b,True,59,1.0,0.485,0.2212995947192854,0.1260671628318448,0.7691159160360262,0.2096338422642578,0.0212502416997159,2.166673793,0.081,0.153,0.0,0.17,0.017,0.033,0.041,0.048,0.077,0.0,0.001,0.268,0.095,0.0,0.0,0.0,0.016,1.822707176,1.828627229,1.771233797,2.537379026,1.279437165,1.103004694,1.796471715,2.935739698,2.940165758,1.919956616,3.242210773,2.589107027,2.400718635,0.1956789045937541,0.12598578421901557,0.3687700534388534,0.2427842692198378
A10_A11_test_1b,test,1b,True,60,1.001,0.7322677322677325,0.2910636203993894,0.2144991622849172,0.649176659679438,0.27264835607129,0.0781749842492721,2.184510765692308,0.1068931068931069,0.0159840159840159,0.0,0.2177822177822178,0.0029970029970029,0.0,0.2377622377622378,0.0,0.1128871128871129,0.0,0.0,0.2717282717282718,0.0009990009990009,0.0,0.0,0.0199800199800199,0.0129870129870129,1.788510799,2.098105431,1.732894301,2.634582996,1.473131576,0.899435103,1.739066482,2.828013376,2.958841801,2.457704885,2.972730461,2.422380078,2.393242665,0.24723303499682556,0.2144991622849171,0.3490507829697825,0.13455162068486537
A10_A11_test_1b,test,1b,True,61,1.0,0.573,0.1840128848881182,0.1071388941986827,0.8257911665405341,0.1341398785215662,0.0400689549378996,2.2594306072307697,0.278,0.141,0.0,0.257,0.099,0.009,0.041,0.0,0.027,0.0,0.0,0.128,0.0,0.0,0.0,0.0,0.02,1.683397532,1.833518147,1.708714008,2.368860483,1.349857561,1.117126703,1.903519034,3.028511022,3.010350943,3.115333341,3.35389071,2.535585046,2.363933364,0.16712423158171869,0.10713889419868272,0.3222059330408918,0.21506703884220907
A10_A11_test_1b,test,1b,True,62,1.0,0.481,0.1854351432530764,0.0920834962838956,0.8361565992847502,0.1435198088627083,0.0203235918525414,2.2119779854615382,0.119,0.085,0.027,0.294,0.02,0.073,0.038,0.0,0.046,0.001,0.026,0.232,0.0,0.001,0.0,0.013,0.025,1.771267414,1.893473268,1.699028254,2.517937183,1.229804138,1.117470622,1.855293393,2.627224487,2.951977491,3.099171854,3.275360685,2.377167469,2.340537553,0.1581392926334021,0.09157877026050378,0.3526646539047298,0.261085883644226
A10_A11_test_1b,test,1b,True,63,1.0,0.75,0.3225155098493624,0.2476788117386345,0.6201088942703966,0.2644245879819377,0.1154665177476656,2.2107204720000007,0.131,0.006,0.03,0.075,0.0,0.093,0.369,0.0,0.06,0.0,0.002,0.188,0.001,0.003,0.017,0.016,0.009,1.773458838,2.24131465,1.814669013,2.865906,1.212895713,0.848714828,1.768502593,2.987658588,3.016209126,2.499511378,2.771228405,2.477572256,2.461724748,0.27551666603578095,0.24616463366845903,0.36879913238702183,0.1226344987185628
A12_A13_est_10b,estimate,10b,False,1,1.0,0.996,0.142703137353471,0.142150802261559,0.7174223172564484,0.2808537609639851,0.0017239217795664,1.7115076923076924,0.0,0.0,0.0,0.0,0.0,0.0,0.0,0.004,0.0,0.0,0.209,0.787,0.0,0.0,0.0,0.0,0.0,2.0364,1.5538,1.8945,1.6347,1.6872,1.9226,1.7704,1.37,1.4984,2.094,1.5093,1.708,1.5703,0.1425518704598448,0.14214402071048987,0.14416292480405712,0.002018904093567253
A12_A13_est_10b,estimate,10b,False,2,0.998,0.782565130260521,0.2958903810585427,0.2729049271938661,0.5692138138544084,0.3157625179034509,0.1150236682421405,1.718530769230769,0.0250501002004008,0.002004008016032,0.0501002004008016,0.0,0.0470941883767535,0.0,0.3046092184368737,0.0090180360721442,0.003006012024048,0.001002004008016,0.1032064128256513,0.2995991983967935,0.0240480961923847,0.0400801603206412,0.0901803607214428,0.001002004008016,0.0,1.5864,1.8299,1.9445,1.8164,1.545,1.3866,1.6481,1.6586,1.7889,1.767,1.6073,1.8927,1.8695,0.28635696164752195,0.2526601381902808,0.3419343062191599,0.08927416802887905
A12_A13_est_10b,estimate,10b,False,3,1.0,0.948,0.0543345049067537,0.0519245218862034,0.8984733718698399,0.0992042124879135,0.0023224156422466,1.8022153846153848,0.679,0.0,0.0,0.044,0.0,0.001,0.0,0.003,0.0,0.001,0.0,0.269,0.0,0.0,0.0,0.003,0.0,1.213,1.8841,1.5353,1.9293,1.3259,2.127,1.9768,1.8085,1.7906,2.431,1.7869,1.8295,1.7909,0.05800499546044819,0.05191943572290154,0.0779069106516025,0.025987474928700967
A12_A13_est_10b,estimate,10b,False,4,1.001,0.6683316683316685,0.3730902261912603,0.2549591153048965,0.5995297313842708,0.2910223066216655,0.1094479619940637,1.8228307692307693,0.0079920079920079,0.0249750249750249,0.0,0.0069930069930069,0.0149850149850149,0.0,0.3146853146853147,0.0,0.2157842157842158,0.0,0.1088911088911089,0.0059940059940059,0.0,0.0089910089910089,0.0,0.0539460539460539,0.2367632367632367,1.6841,1.7367,1.8507,2.0186,1.8257,1.4301,1.5351,1.7557,2.0084,2.5813,1.9128,1.8155,1.5421,0.2932399378274669,0.25042111909058445,0.41771944188007293,0.16729832278948847
A12_A13_est_10b,estimate,10b,False,5,1.001,0.8001998001998003,0.2326247247729975,0.1911459037428844,0.6487150499759398,0.3202780925623516,0.0310068574617086,1.9229615384615388,0.1928071928071928,0.0029970029970029,0.0,0.0599400599400599,0.0099900099900099,0.0609390609390609,0.0309690309690309,0.0,0.4165834165834166,0.0,0.1278721278721279,0.0219780219780219,0.0,0.0079920079920079,0.0009990009990009,0.0,0.0669330669330669,1.5624,2.1678,1.8174,2.2517,0.7776,1.7369,1.6455,1.9377,2.2307,2.7498,2.0637,2.1934,1.8639,0.2114137383681532,0.18711212933016252,0.28757482971345727,0.10046270038329475
A12_A13_est_10b,estimate,10b,False,6,0.999,0.8548548548548549,0.2076328248313185,0.2329167376163809,0.6588818132240936,0.2164028983190512,0.1247152884568553,1.654623076923077,0.5065065065065065,0.005005005005005,0.0,0.011011011011011,0.1381381381381381,0.0,0.2102102102102102,0.0,0.0,0.002002002002002,0.0,0.0,0.026026026026026,0.0990990990990991,0.0,0.001001001001001,0.001001001001001,1.1882,1.7042,1.6125,1.6679,1.6803,1.3326,1.5894,1.852,1.829,1.6405,1.7962,1.8661,1.7512,0.218883756868692,0.1828988434063814,0.2511788612672131,0.06828001786083171
A12_A13_est_10b,estimate,10b,False,7,1.0,0.2329999999999999,0.223954812983283,0.0604743109180212,0.8854689924009098,0.108113393362138,0.0064176142369521,1.9834153846153848,0.0,0.0,0.009,0.319,0.016,0.004,0.0,0.001,0.028,0.019,0.004,0.185,0.008,0.0,0.004,0.001,0.402,2.1039,2.2486,1.6181,2.1823,1.1519,2.2485,2.0108,2.1146,2.1248,2.3015,2.0232,1.9877,1.6685,0.15168760958004074,0.06047261553025388,0.441549021425105,0.3810764058948511
A12_A13_est_10b,estimate,10b,False,8,0.999,0.3963963963963964,0.1784835024004329,0.0725762350399701,0.8557901170710266,0.1432672957780065,0.0009425871509668,1.738023076923077,0.0,0.5675675675675675,0.014014014014014,0.0,0.0,0.0,0.0,0.022022022022022,0.0,0.0,0.003003003003003,0.3933933933933934,0.0,0.0,0.0,0.0,0.0,2.1141,1.1729,1.9352,1.7047,1.7029,1.9577,1.8435,1.5258,1.568,2.1604,1.5733,1.7125,1.6233,0.18270561700233598,0.07253889917322333,0.3771695865371085,0.3046306873638852
A12_A13_est_10b,estimate,10b,False,9,1.0,0.003,0.50765,0.0061284562823355,0.9908721335233872,0.0059988203885545,0.0031290460880582,1.6371,0.0,0.0,0.0,0.828,0.003,0.0,0.0,0.0,0.0,0.0,0.0,0.0,0.0,0.0,0.0,0.169,0.0,1.5099,1.742,1.0114,1.6294,1.4993,2.0438,1.8349,1.7567,1.6738,2.214,1.7046,1.2101,1.4524,0.1239006324474274,0.006128456282335515,0.50765,0.5015215437176646
A12_A13_est_10b,estimate,10b,False,10,1.0,0.6930000000000001,0.4668008188436066,0.3249111123218863,0.5034942804968701,0.3431892143624874,0.1533165051406425,1.8495230769230768,0.006,0.0,0.0,0.307,0.59,0.0,0.005,0.0,0.036,0.0,0.014,0.042,0.0,0.0,0.0,0.0,0.0,1.6872,1.9667,1.4361,1.6512,1.8667,1.8169,1.7326,1.7984,1.8932,2.6158,1.9118,1.798,1.8692,0.36117596496249127,0.32491111232188624,0.4793415174586194,0.15443040513673317
A12_A13_est_10b,estimate,10b,False,11,1.0,0.027,0.1467438276533537,0.006890186587003,0.9883399153539344,0.0095397961181247,0.0021202885279407,1.7043076923076923,0.0,0.924,0.0,0.0,0.003,0.0,0.004,0.0,0.001,0.0,0.019,0.0,0.0,0.0,0.0,0.049,0.0,2.1503,1.0885,1.7411,1.7098,1.7134,1.6952,1.7847,1.4694,1.7082,2.2971,1.6728,1.5099,1.6156,0.1852795014181993,0.006890186587003065,0.4979055333466406,0.49101534675963754
A12_A13_est_10b,estimate,10b,False,12,0.998,0.1753507014028056,0.0130588571428571,0.0050969520023176,0.9909473102579094,0.0079114754795458,0.0011412142625447,1.6439384615384611,0.0,0.5911823647294588,0.0460921843687374,0.1342685370741483,0.002004008016032,0.0,0.0,0.0130260521042084,0.002004008016032,0.0,0.1713426853707415,0.0,0.0,0.0,0.0,0.0400801603206412,0.0,1.7387,1.1543,1.2636,1.7125,1.6563,1.9263,1.8277,1.3948,1.7084,2.2451,1.6817,1.4684,1.5934,0.14368204360563028,0.005074867792924224,0.42092309619238466,0.41584822839946045
A12_A13_est_10b,estimate,10b,False,13,1.0,0.161,0.1798236514522821,0.0357729729229263,0.9310320788223744,0.0663898965093982,0.0025780246682272,1.8157230769230768,0.0,0.006,0.0,0.818,0.0,0.0,0.0,0.0,0.0,0.002,0.0,0.161,0.0,0.001,0.012,0.0,0.0,1.811,1.7189,1.2529,1.9163,1.7771,2.2243,2.056,1.791,1.7871,2.2652,1.6632,1.6052,1.7362,0.1349544633764942,0.03526824689953451,0.45486995788381746,0.41960171098428295
A12_A13_est_10b,estimate,10b,False,14,1.001,0.2347652347652347,0.3059662888674391,0.1013485751105576,0.83387258669555,0.1295576763877845,0.0365697369166653,1.9477384615384612,0.0,0.0089910089910089,0.0339660339660339,0.1858141858141858,0.0459540459540459,0.0189810189810189,0.0719280719280719,0.0079920079920079,0.0259740259740259,0.0,0.0779220779220779,0.0129870129870129,0.0349650349650349,0.0019980019980019,0.1078921078921078,0.3436563436563435,0.0209790209790209,2.1978,2.1098,1.6711,2.2264,0.9423,1.8851,2.0109,2.0407,2.263,2.1723,1.9536,1.848,1.9996,0.19139986563652378,0.10032658195479138,0.46030167620764006,0.3599750942528487
A12_A13_est_10b,estimate,10b,False,15,0.998,0.6503006012024047,0.4047821089431905,0.2709633455866733,0.5375539033430894,0.3829655021404746,0.0794805945164358,1.8105615384615383,0.003006012024048,0.0,0.001002004008016,0.0160320641282565,0.1302605210420841,0.0080160320641282,0.1002004008016032,0.001002004008016,0.3797595190380761,0.0,0.033066132264529,0.0040080160320641,0.0,0.003006012024048,0.0270541082164328,0.2144288577154308,0.0791583166332665,1.7649,2.1811,1.7141,1.9293,0.9534,1.5569,1.5596,1.9024,2.0813,2.61,1.8236,1.7462,1.7145,0.31116914374420424,0.26944443430616943,0.440754948601333,0.17131051429516359
A12_A13_est_10b,estimate,10b,False,16,1.0,0.369,0.2784171384627257,0.1307167744144179,0.7807866593800462,0.1769931324110714,0.0422202082088822,1.9567230769230768,0.094,0.07,0.022,0.131,0.002,0.222,0.1,0.006,0.133,0.0,0.04,0.0,0.087,0.02,0.0,0.003,0.07,1.7386,1.9295,1.8135,2.5032,0.7558,1.8065,1.8731,2.1526,2.4014,2.0405,2.2718,2.1914,1.9595,0.1998884001855535,0.120612081619978,0.42306307409274585,0.30245099247276785
A12_A13_est_10b,estimate,10b,False,17,0.999,0.7117117117117118,0.0913499734976825,0.0738398247148474,0.8630776586992492,0.1261650331718062,0.0107573081289444,1.8412,0.5335335335335335,0.1791791791791791,0.003003003003003,0.0,0.001001001001001,0.005005005005005,0.013013013013013,0.0,0.1311311311311311,0.001001001001001,0.005005005005005,0.028028028028028,0.043043043043043,0.0,0.001001001001001,0.0,0.056056056056056,1.384,1.6211,2.1906,2.2266,0.9781,1.7851,1.6943,2.0101,2.1053,1.9599,1.9625,2.2223,1.7957,0.12008554784070669,0.07383982471484742,0.2113643955524046,0.1375245708375572
A12_A13_est_10b,estimate,10b,False,18,0.999,0.5785785785785785,0.2420883927519447,0.1575915573554436,0.7040229395822928,0.2767710061245272,0.01920605429318,1.9124230769230768,0.0,0.005005005005005,0.025025025025025,0.2402402402402402,0.018018018018018,0.012012012012012,0.028028028028028,0.019019019019019,0.1031031031031031,0.0,0.0,0.4294294294294294,0.084084084084084,0.001001001001001,0.002002002002002,0.033033033033033,0.0,2.0365,2.0635,1.6685,2.1519,0.9632,1.879,1.8386,2.1079,2.0731,1.9829,2.0035,1.9871,2.1058,0.20700511132081018,0.15705408148860667,0.3540017427533772,0.19694766126477053
A12_A13_est_10b,estimate,10b,False,19,0.999,0.6706706706706707,0.1904926870196313,0.1544932178977873,0.7187470174865276,0.2535195292313701,0.0277334532821022,1.899384615384616,0.1561561561561561,0.1781781781781781,0.039039039039039,0.004004004004004,0.067067067067067,0.009009009009009,0.0,0.001001001001001,0.061061061061061,0.002002002002002,0.0,0.3863863863863864,0.023023023023023,0.027027027027027,0.043043043043043,0.0,0.003003003003003,1.6176,1.6935,2.0167,2.0638,0.9706,2.1303,1.8828,2.041,2.05,2.0772,1.8881,2.1875,2.0729,0.19736561244655404,0.14085027693748065,0.2949418921953481,0.15409161525786746
A12_A13_est_10b,estimate,10b,False,20,1.0,0.441,0.1645448674894495,0.0844703540094759,0.8511444332900021,0.1287704254010437,0.020085141308954,1.804807692307692,0.001,0.0,0.016,0.396,0.04,0.0,0.022,0.0,0.0,0.0,0.151,0.227,0.022,0.006,0.014,0.104,0.001,1.8685,1.9755,1.4084,1.8739,1.9175,1.7985,1.9157,1.6962,1.8602,1.8989,1.7393,1.6634,1.8465,0.14876208308531091,0.08144199786912504,0.35634063656284726,0.2748986386937222
A12_A13_est_10b,estimate,10b,False,21,1.001,0.813186813186813,0.0508297082828794,0.0604937814292828,0.9007339772630284,0.077544482615377,0.0217215401215943,1.7212615384615384,0.7382617382617381,0.0019980019980019,0.0,0.0319680319680319,0.0609390609390609,0.0,0.0139860139860139,0.0019980019980019,0.0,0.0,0.0,0.0,0.0619380619380619,0.0,0.0429570429570429,0.0,0.0459540459540459,1.2036,1.8713,1.5686,1.808,1.8189,1.7246,1.8052,1.8861,1.9045,1.6741,1.6411,1.8739,1.5965,0.08236628586403756,0.060490394041136375,0.13616976277948406,0.07567936873834769
A12_A13_est_10b,estimate,10b,False,22,1.0,0.5800000000000001,0.15794671252471,0.1292808557777847,0.8143338768883898,0.1127705346676509,0.0728955884439592,1.8810307692307693,0.004,0.118,0.011,0.004,0.0,0.026,0.181,0.02,0.0,0.0,0.395,0.0,0.0,0.072,0.0,0.0,0.169,1.8974,1.6342,1.979,2.2744,0.7975,1.5756,1.9102,1.6997,2.1646,2.712,2.0596,2.0939,1.6553,0.163694909071962,0.09290667433822863,0.3048220932643318,0.21191541892610316
A12_A13_est_10b,estimate,10b,False,23,1.0,0.059,0.479791807958341,0.0601408362673224,0.8986454471509809,0.0824274331633933,0.0189271196856257,1.831015384615385,0.002,0.024,0.0,0.4,0.006,0.0,0.049,0.0,0.002,0.0,0.0,0.0,0.148,0.004,0.0,0.12,0.245,1.826,1.7669,1.4184,2.1054,1.9448,1.7199,1.8944,2.1094,2.0901,1.6982,2.0224,1.6652,1.5421,0.171441116644276,0.05812193217375513,0.5060063666695421,0.447884434495787
A12_A13_est_10b,estimate,10b,False,24,0.999,0.018018018018018,0.251284212189718,0.0165450963917718,0.9736950692456824,0.0195196687250911,0.0067852620292262,1.7026692307692306,0.0,0.6946946946946947,0.0,0.0,0.0,0.0,0.009009009009009,0.0,0.0,0.006006006006006,0.009009009009009,0.0,0.0,0.016016016016016,0.0,0.0,0.2652652652652653,2.1918,1.125,1.9149,1.8275,1.6991,1.6036,1.7406,1.5173,1.7244,2.1805,1.6645,1.6829,1.2626,0.1754887962785877,0.008461396317428461,0.503030796616031,0.4945694002986025
A12_A13_est_10b,estimate,10b,False,25,0.999,0.5525525525525526,0.385,0.2184838255865424,0.5852987239208278,0.3924349009852593,0.0222663750939127,1.7796076923076924,0.0,0.2962962962962963,0.0,0.1131131131131131,0.0,0.0,0.0,0.009009009009009,0.5525525525525526,0.0,0.0,0.0,0.021021021021021,0.001001001001001,0.0,0.007007007007007,0.0,1.7058,1.4533,1.5506,2.1382,1.7232,1.675,1.4232,1.9355,1.9921,1.8582,1.8851,1.8784,1.9163,0.291138825911393,0.21796332056822684,0.4398794294294294,0.22191610886120258
A12_A13_est_10b,estimate,10b,False,26,0.999,0.4364364364364363,0.0705132304329648,0.036863379692412,0.9421686635709122,0.0419359134733512,0.0158954229557363,1.9114461538461545,0.3773773773773773,0.003003003003003,0.002002002002002,0.5145145145145145,0.052052052052052,0.0,0.001001001001001,0.0,0.005005005005005,0.0,0.0,0.001001001001001,0.02002002002002,0.0,0.0,0.014014014014014,0.01001001001001,1.3732,2.0121,1.4237,1.9713,1.9206,2.1658,2.0047,2.1644,2.1019,2.0306,2.0971,1.7679,1.8155,0.10362114750527848,0.03686337969241193,0.31686758605482745,0.2800042063624155
A12_A13_est_10b,estimate,10b,False,27,1.0,0.26,0.2585851179507644,0.0824756549686938,0.8705593039854214,0.0939300820917697,0.0355106139228089,1.861076923076923,0.0,0.258,0.0,0.234,0.101,0.011,0.029,0.008,0.001,0.001,0.125,0.004,0.003,0.0,0.066,0.158,0.001,2.1256,1.6039,1.5747,1.9992,0.9298,1.9218,2.0749,1.8477,2.1098,2.3167,1.8516,1.8076,2.0307,0.18705501707015926,0.08246209186655558,0.4428931306671989,0.3604310388006433
A12_A13_est_10b,estimate,10b,False,28,0.999,0.4584584584584584,0.3112946907801896,0.1446521325104597,0.7293705397242927,0.2519546555304952,0.018674804745212,1.7525384615384614,0.013013013013013,0.3193193193193193,0.0,0.0,0.003003003003003,0.1531531531531531,0.014014014014014,0.055055055055055,0.3343343343343343,0.0,0.065065065065065,0.029029029029029,0.0,0.0,0.0,0.0,0.014014014014014,1.6015,1.439,2.0701,2.0128,0.6287,1.5871,1.4806,1.7272,1.9497,2.4732,1.865,2.1537,1.7944,0.2268982965836247,0.14455879284359266,0.4176292476249517,0.27307045478135905
A12_A13_est_10b,estimate,10b,False,29,1.001,0.3136863136863136,0.0091318976235361,0.0109253654743768,0.9812216620063224,0.0157059450386014,0.0030723929550761,1.6738307692307697,0.0019980019980019,0.0,0.0,0.0009990009990009,0.0,0.0,0.0,0.0,0.0,0.0,0.3006993006993007,0.0109890109890109,0.0,0.0119880119880119,0.0,0.0009990009990009,0.6723276723276723,1.5444,1.6447,1.5731,1.7241,1.6231,2.2234,1.9493,1.3043,1.6259,2.2647,1.6218,1.5332,1.1278,0.08887592037598657,0.00487470385529412,0.35127169415963055,0.34639699030433646
A12_A13_est_10b,estimate,10b,False,30,1.001,0.5714285714285714,0.2594763130370657,0.1502355909061186,0.780488233183536,0.1385523518206907,0.0809594149957732,1.766946153846154,0.0,0.0009990009990009,0.0,0.0019980019980019,0.1508491508491508,0.0,0.1418581418581418,0.0,0.0,0.0,0.2787212787212788,0.0,0.0039960039960039,0.0,0.0,0.0,0.4215784215784216,2.1942,1.8404,1.8095,1.6859,1.8046,1.4412,1.7355,1.5395,1.8402,2.0278,1.8216,1.8469,1.383,0.20134562316862983,0.1502355909061186,0.3658364645926088,0.21560087368649022
A12_A13_est_10b,estimate,10b,False,31,1.0,0.827,0.2061314472918848,0.17299816438937,0.7336904335913532,0.1866228040385534,0.0796867623700932,1.820169230769231,0.082,0.013,0.0,0.006,0.308,0.001,0.003,0.0,0.0,0.0,0.372,0.062,0.0,0.0,0.01,0.142,0.001,1.523,1.7361,1.72,1.7295,1.3172,2.0454,2.0455,1.6235,1.9046,2.6725,1.7734,1.705,1.8665,0.19427754695677246,0.17299816438936996,0.25829415691038876,0.0852959925210188
A12_A13_est_10b,estimate,10b,False,32,0.999,0.028028028028028,0.1798236514522821,0.0083992365014778,0.9835329840164376,0.0161355589641687,0.0003314570193934,1.598,0.0,0.9449449449449449,0.0,0.0,0.0,0.0,0.0,0.0,0.0,0.0,0.0,0.028028028028028,0.0,0.001001001001001,0.0,0.007007007007007,0.019019019019019,2.0256,0.9749,1.7385,1.5767,1.6111,1.9269,1.793,1.3925,1.4675,1.996,1.4682,1.4887,1.3144,0.187807037500555,0.007894005246831324,0.4984616739145784,0.4905676686677471
A12_A13_est_10b,estimate,10b,False,33,1.0,0.999,0.2322472116576517,0.2320195838103695,0.6523317681465962,0.2312972960860684,0.1163709357673353,1.7194153846153846,0.0,0.0,0.0,0.0,0.0,0.0,0.385,0.0,0.0,0.0,0.4,0.214,0.0,0.0,0.0,0.001,0.0,2.0081,1.7163,1.9626,1.7789,1.6543,1.2204,1.5189,1.4155,1.6518,2.1999,1.6133,1.8795,1.7329,0.2321377103662021,0.2320195838103695,0.23252261444599404,0.0005030306356245406
A12_A13_est_10b,estimate,10b,False,34,1.001,0.8381618381618381,0.4795598201644824,0.4572701321608549,0.3449915879154713,0.3954765598473477,0.2595318522371809,1.8206615384615383,0.0,0.0189810189810189,0.0019980019980019,0.0169830169830169,0.0,0.0,0.7712287712287712,0.0009990009990009,0.0429570429570429,0.0009990009990009,0.0239760239760239,0.0,0.0209790209790209,0.1008991008991009,0.0,0.0,0.0,1.891,1.7438,1.7656,2.1739,1.7419,1.2368,1.5367,1.8104,2.0294,1.7794,1.868,2.0677,2.024,0.44562108157749936,0.40634203650616896,0.4841058832347656,0.07776384672859665
A12_A13_est_10b,estimate,10b,False,35,1.0,0.7909999999999999,0.4386496839443742,0.3500397985993933,0.4055695514822053,0.4887812998368024,0.1056491486809921,1.782907692307692,0.0,0.0,0.0,0.003,0.346,0.194,0.0,0.0,0.445,0.0,0.0,0.0,0.012,0.0,0.0,0.0,0.0,1.7655,2.0615,1.9235,1.7146,0.6258,1.6926,1.444,2.033,1.9371,1.9569,1.9331,2.1253,1.9649,0.3712900050204096,0.3500397985993934,0.45307075,0.10303095140060664
A12_A13_est_10b,estimate,10b,False,36,0.999,0.7757757757757757,0.0692623944526218,0.0664956940234498,0.874331749584901,0.1183451127832982,0.0073231376318007,1.9867230769230768,0.5775775775775776,0.0,0.016016016016016,0.1361361361361361,0.0,0.007007007007007,0.0,0.0,0.1321321321321321,0.0,0.066066066066066,0.0,0.064064064064064,0.001001001001001,0.0,0.0,0.0,1.4513,2.4423,1.7185,2.5116,0.988,2.1142,1.793,2.0147,2.3305,1.9838,2.1823,2.1153,2.1819,0.0926129275369985,0.06599046276880333,0.1675595152159978,0.10156905244719447
A12_A13_est_10b,estimate,10b,False,37,0.9980000000000002,0.3987975951903807,0.4866610568373103,0.201729588091511,0.6941272247445525,0.2082863743278725,0.0975864009275748,1.911807692307692,0.0050100200400801,0.0130260521042084,0.0400801603206412,0.1843687374749498,0.3426853707414829,0.0681362725450901,0.0290581162324649,0.0,0.0130260521042084,0.0,0.0060120240480961,0.003006012024048,0.0,0.002004008016032,0.0240480961923847,0.0771543086172344,0.1923847695390781,1.9338,1.9516,1.6248,1.9229,0.7696,1.9283,2.0062,2.0613,2.1816,2.9153,1.9633,1.8764,1.7184,0.2726313867878714,0.20071811309473384,0.4992796599411315,0.2985615468463977
A12_A13_est_10b,estimate,10b,False,38,0.999,0.6576576576576577,0.1774235927252024,0.1510438248913472,0.7161135561232985,0.2656852379707087,0.0182012059059928,1.856107692307692,0.009009009009009,0.015015015015015,0.0,0.0,0.0,0.0,0.0,0.0,0.0,0.0,0.0,0.6486486486486487,0.0,0.066066066066066,0.0,0.008008008008008,0.2532532532532532,1.676,1.6417,2.0231,1.904,1.8552,2.2089,2.0113,1.7564,1.742,2.2539,1.7642,1.8226,1.4701,0.1718015945161288,0.11769856208468084,0.2904740744949529,0.17277551241027206
A12_A13_est_10b,estimate,10b,False,39,1.0,0.841,0.4346224438932426,0.3685929186763508,0.375352542713878,0.512109077219542,0.1125383800665798,1.8007307692307692,0.0,0.042,0.046,0.007,0.37,0.02,0.002,0.006,0.457,0.0,0.008,0.004,0.0,0.0,0.014,0.0,0.024,1.844,1.7229,1.8426,1.792,0.8066,1.7098,1.5208,1.914,2.0175,2.6107,1.8149,2.0096,1.8041,0.39058619122305044,0.36858274634974725,0.44623382531421707,0.07765107896446982
A12_A13_est_10b,estimate,10b,False,40,1.001,0.1218781218781218,0.1932597761850873,0.0269607037213043,0.9488726477907702,0.0483332969758507,0.002794055233379,1.782646153846154,0.0409590409590409,0.4865134865134864,0.0,0.3596403596403595,0.0,0.0,0.0,0.0,0.0429570429570429,0.0,0.0,0.0379620379620379,0.0,0.0,0.0009990009990009,0.0309690309690309,0.0,1.4871,1.3547,1.3773,2.0249,1.7757,1.8922,1.6771,1.8496,1.9014,2.5401,1.8054,1.6731,1.8158,0.16409640487232838,0.026960703721304307,0.46933270998459586,0.44237200626329154
A12_A13_est_10b,estimate,10b,False,41,1.0,0.921,0.4408807208454975,0.4160504215615165,0.412788567586069,0.342322021704829,0.2448894107091019,1.796930769230769,0.034,0.0,0.002,0.005,0.02,0.011,0.783,0.016,0.001,0.0,0.061,0.022,0.011,0.015,0.001,0.01,0.008,1.6296,2.1327,1.9097,2.0438,0.8833,1.3072,1.6922,1.8319,2.0397,2.0148,1.9137,2.051,1.9105,0.42014654582019284,0.40845240500636293,0.4461554938987033,0.037703088892340364
A12_A13_est_10b,estimate,10b,False,42,1.001,0.5214785214785214,0.4664663247086978,0.3232659869332464,0.5234421042358168,0.3065838176618731,0.1699740781023097,1.8521923076923077,0.0059940059940059,0.0009990009990009,0.0009990009990009,0.0259740259740259,0.1088911088911088,0.0119880119880119,0.3756243756243755,0.0,0.0,0.0,0.0299700299700299,0.0009990009990009,0.0,0.1138861138861138,0.1188811188811188,0.0219780219780219,0.1838161838161837,1.8592,2.1192,1.7777,1.9713,0.9095,1.4838,1.8293,1.9112,2.1182,2.6642,1.7841,1.9795,1.6713,0.34331629991987694,0.2657847015519609,0.4861735979000398,0.2203888963480789
A12_A13_est_10b,estimate,10b,False,43,1.001,0.8441558441558442,0.160864989831529,0.1470878264066255,0.7557326933348059,0.1943589605171371,0.049908346148057,1.914153846153846,0.3266733266733267,0.0,0.0329670329670329,0.0,0.1448551448551448,0.0829170829170829,0.0069930069930069,0.0,0.1308691308691308,0.0019980019980019,0.1998001998001998,0.0349650349650349,0.0,0.0189810189810189,0.0039960039960039,0.0,0.0149850149850149,1.4773,2.1971,2.139,1.9769,0.7406,1.8696,1.7462,1.8293,2.125,2.7305,1.9572,2.1554,1.9399,0.15861719287877604,0.1375076121764112,0.21490940700064112,0.07740179482422993
A12_A13_est_10b,estimate,10b,False,44,1.0000000000000002,0.2089999999999999,0.3977392636599888,0.1075865863463764,0.819465242062468,0.1458963431823106,0.0346384147552211,1.7903,0.0029999999999999,0.1899999999999999,0.0,0.5059999999999999,0.0,0.0509999999999999,0.0569999999999999,0.0019999999999999,0.1399999999999999,0.0,0.0049999999999999,0.0039999999999999,0.0,0.0419999999999999,0.0,0.0,0.0,1.7381,1.5567,1.437,2.2164,0.7165,1.6102,1.6363,1.9583,2.0921,2.5587,1.9843,1.8277,1.9416,0.1998113305693962,0.08638470258838557,0.48467865610493727,0.3982939535165517
A12_A13_est_10b,estimate,10b,False,45,1.001,0.954045954045954,0.0234585839050127,0.0229022554028945,0.9581658897075724,0.0378637097790656,0.0039704005133617,1.6108692307692312,0.903096903096903,0.0239760239760239,0.0169830169830169,0.0,0.0,0.0019980019980019,0.0,0.0009990009990009,0.0449550449550449,0.0019980019980019,0.0009990009990009,0.0049950049950049,0.0,0.0,0.0,0.0,0.0,1.0486,1.471,1.7161,1.8941,0.9507,1.6402,1.4474,1.7199,1.7775,2.2368,1.6834,1.7145,1.6411,0.030239778077446204,0.022900561708821297,0.045709138490796095,0.022808576781974798
A12_A13_est_10b,estimate,10b,False,46,1.001,0.5104895104895105,0.3991597595483368,0.2180678550955015,0.6532604442673859,0.2573434012742246,0.0893961544583891,1.850523076923077,0.0079920079920079,0.0219780219780219,0.0,0.3506493506493506,0.2777222777222777,0.0019980019980019,0.0519480519480519,0.0079920079920079,0.0519480519480519,0.0,0.0279720279720279,0.0929070929070929,0.0279720279720279,0.0,0.0409590409590409,0.0379620379620379,0.0,1.8378,1.8755,1.5753,1.9192,1.3117,1.7919,1.8419,1.9496,2.0525,2.0618,1.8756,1.902,2.062,0.27699792324564626,0.21805430554291583,0.4522668702589409,0.23421256471602508
A12_A13_est_10b,estimate,10b,False,47,1.001,0.5464535464535464,0.50765,0.2889460407832843,0.561557228017014,0.2989934623994032,0.1394493095835827,1.6495769230769228,0.0,0.0,0.0189810189810189,0.0,0.5464535464535464,0.0039960039960039,0.0,0.0009990009990009,0.0,0.0,0.0,0.0,0.0169830169830169,0.0029970029970029,0.0319680319680319,0.0,0.3776223776223776,2.3615,1.6995,1.8928,1.3918,0.8306,2.1586,1.941,1.6633,1.6091,1.6397,1.4418,1.5967,1.2181,0.3420392101402913,0.2874316816844404,0.5076499999999997,0.22021831831555932
A12_A13_est_10b,estimate,10b,False,48,1.0,0.527,0.3069636753816491,0.1635038431296275,0.6982516075006437,0.2764890987394576,0.0252592937598986,1.791553846153846,0.118,0.0,0.003,0.204,0.04,0.0,0.0,0.0,0.366,0.0,0.003,0.0,0.0,0.0,0.0,0.0,0.266,1.38,2.0723,1.5269,1.8765,1.7363,1.7243,1.4428,1.9525,1.9455,2.5387,1.879,1.7578,1.4576,0.21970084921222247,0.16350384312962746,0.4018883069261291,0.23838446379650163
A12_A13_est_10b,estimate,10b,False,49,1.0,0.7799999999999999,0.0207920677979376,0.0168814323893998,0.9681044663315432,0.0300282025581137,0.0018673311103429,1.7416461538461538,0.708,0.164,0.012,0.0,0.0,0.0,0.0,0.0,0.0,0.0,0.0,0.072,0.0,0.0,0.0,0.0,0.044,1.1251,1.3382,1.8102,1.8619,1.7188,2.092,1.9301,1.6815,1.7374,2.3648,1.7259,1.765,1.4905,0.054386352583336565,0.016881432389399792,0.12790081288239136,0.11101938049299157
A12_A13_est_10b,estimate,10b,False,50,1.0000000000000002,0.6819999999999999,0.1020463560963576,0.0933279642492873,0.8481114110038415,0.1171212494937419,0.0347673395024164,1.7364769230769228,0.5459999999999999,0.0179999999999999,0.0,0.0569999999999999,0.1299999999999999,0.0059999999999999,0.0,0.0139999999999999,0.0,0.0169999999999999,0.0,0.0059999999999999,0.0009999999999999,0.0,0.1099999999999999,0.0169999999999999,0.0779999999999999,1.2817,1.6953,1.5531,1.7886,0.9004,2.1913,2.0289,1.8643,1.9194,2.29,1.6407,1.8143,1.6062,0.13164199100290752,0.09330422882054541,0.23102831485771538,0.13772408603716996
A12_A13_est_10b,estimate,10b,False,51,0.999,0.8068068068068067,0.4795662078264124,0.3878097105430956,0.4324542028144693,0.3594721732848698,0.2080736239006607,1.6761076923076923,0.0,0.0,0.0,0.0,0.0,0.0,0.6726726726726726,0.0,0.1301301301301301,0.0,0.0,0.004004004004004,0.0,0.0,0.0,0.1931931931931931,0.0,1.6246,1.9168,1.7474,1.9471,1.5174,1.1153,1.3223,1.8094,1.817,2.1553,1.6739,1.4525,1.6904,0.41063095706530756,0.38780971054309554,0.48499180531340164,0.0971820947703061
A12_A13_est_10b,estimate,10b,False,52,0.999,0.1401401401401401,0.1374256192032186,0.0220666513299518,0.9583530181873928,0.0391606609653107,0.0024863208472964,1.9167615384615384,0.064064064064064,0.5815815815815815,0.011011011011011,0.002002002002002,0.0,0.011011011011011,0.0,0.0,0.049049049049049,0.0,0.027027027027027,0.0,0.0,0.0,0.0,0.1491491491491491,0.1051051051051051,1.6363,1.4974,1.927,2.3449,0.897,2.0728,1.867,1.9368,2.22,2.8968,2.061,1.8279,1.733,0.16368374847196887,0.022066651329951805,0.4557667033918424,0.4337000520618906
A12_A13_est_10b,estimate,10b,False,53,0.999,0.024024024024024,0.3137078357612987,0.0240705323338137,0.9632375863747612,0.0253837625828494,0.011378651042389,1.6852461538461538,0.0,0.6426426426426426,0.001001001001001,0.004004004004004,0.001001001001001,0.002002002002002,0.014014014014014,0.0,0.0,0.0,0.009009009009009,0.0,0.0,0.027027027027027,0.0,0.016016016016016,0.2832832832832832,2.1233,1.2095,1.6372,1.8753,0.9718,1.6552,1.8139,1.6258,1.8441,2.3684,1.79,1.6557,1.338,0.1751819626687893,0.010429288458359262,0.5029907287870582,0.4925614403286989
A12_A13_est_10b,estimate,10b,False,54,1.001,0.9340659340659342,0.1638864295294749,0.1532786016278734,0.6976311774153074,0.2981804419136384,0.0041883806710542,1.8305307692307693,0.0989010989010989,0.0,0.0,0.0,0.0,0.0029970029970029,0.0069930069930069,0.0,0.0009990009990009,0.0,0.0,0.8271728271728273,0.0,0.0,0.0,0.0,0.0629370629370629,1.5015,1.8577,2.0585,1.9459,1.1202,1.8874,1.9079,1.8099,1.7886,2.5222,1.7735,1.9792,1.6444,0.16107867860732467,0.1532786016278733,0.18655215945060832,0.03327355782273503
A12_A13_est_10b,estimate,10b,False,55,1.0,0.238,0.1546277064834746,0.0410555806605247,0.9222511090012402,0.0733866206764699,0.0043622703222897,1.8313230769230768,0.108,0.497,0.0,0.0,0.0,0.0,0.0,0.001,0.088,0.002,0.029,0.013,0.0,0.0,0.007,0.255,0.0,1.4609,1.4038,1.9362,2.1223,1.857,1.8519,1.6543,1.7935,1.9785,2.4393,1.7918,1.6377,1.88,0.16517480578309368,0.04105388527275748,0.42363069414306703,0.38257680887030954
A12_A13_est_10b,estimate,10b,False,56,1.0020000000000002,0.6347305389221555,0.1412165767793761,0.1033529865976942,0.8008001907434839,0.1916936453176429,0.0075061639388728,1.8824615384615384,0.0528942115768462,0.0089820359281437,0.0199600798403193,0.0089820359281437,0.0,0.0079840319361277,0.0079840319361277,0.0129740518962075,0.0888223552894211,0.0,0.2035928143712574,0.2814371257485029,0.0429141716566866,0.0019960079840319,0.0219560878243512,0.0489021956087824,0.1906187624750498,1.7269,2.0011,1.9172,2.2695,1.0304,1.9676,1.8531,1.878,2.0795,2.0635,1.915,2.0123,1.7579,0.14644391871333368,0.10232355337637863,0.27506351580008276,0.17273996242370412
A12_A13_est_10b,estimate,10b,False,57,1.001,0.998001998001998,0.1552099829804811,0.155914158838662,0.6905497482401611,0.3070721858423541,0.002378065917485,1.7857384615384613,0.0,0.0,0.0,0.0,0.0,0.0,0.0,0.0,0.0,0.0,0.1388611388611388,0.8591408591408592,0.0,0.0019980019980019,0.0,0.0,0.0,2.1192,1.6218,1.9782,1.7032,1.7527,2.0347,1.8466,1.4485,1.561,2.1545,1.5757,1.779,1.6395,0.15551597080820703,0.15490571523548152,0.15591415883866191,0.0010084436031803923
A12_A13_est_10b,estimate,10b,False,58,1.0,1.0,0.2567498911403679,0.2567498911403679,0.5585521668628055,0.3693958839936532,0.0720519491435412,1.702676923076923,0.019,0.0,0.0,0.0,0.108,0.0,0.143,0.0,0.0,0.0,0.005,0.725,0.0,0.0,0.0,0.0,0.0,1.5226,1.6896,1.8547,1.6176,1.7015,1.3997,1.6021,1.6234,1.6362,2.2918,1.6403,1.8494,1.7059,0.25674989114036784,0.25674989114036784,0.25674989114036784,0.0
A12_A13_est_10b,estimate,10b,False,59,0.999,0.2922922922922923,0.0228567921108849,0.0099500239337637,0.9829916818729828,0.014116588386507,0.0028917297405102,1.6271923076923078,0.2782782782782783,0.0,0.035035035035035,0.5735735735735735,0.0,0.0,0.0,0.0,0.014014014014014,0.0,0.0,0.0,0.0,0.0,0.0,0.0990990990990991,0.0,1.1181,1.8646,1.1129,1.8486,1.5161,1.6799,1.5326,1.871,1.7717,2.2291,1.723,1.3333,1.5526,0.09416292681505475,0.009950023933763728,0.3659486819783567,0.355998658044593
A12_A13_est_10b,estimate,10b,False,60,1.0,0.8089999999999999,0.1907710079688483,0.1743312081962439,0.6802161570206948,0.2909052695661224,0.0288785734131827,1.7722615384615388,0.311,0.0,0.0,0.087,0.003,0.0,0.008,0.0,0.382,0.0,0.105,0.0,0.0,0.038,0.0,0.066,0.0,1.3011,2.053,1.4878,2.0208,1.7378,1.5578,1.4272,1.6942,1.9902,2.353,1.8477,1.7082,1.8606,0.1848314330874084,0.15515161930735508,0.2512948954467983,0.0961432761394432
A12_A13_est_10b,estimate,10b,False,61,0.999,0.3353353353353352,0.355522174964669,0.140940858460071,0.7341368927936875,0.2498444974924828,0.0160186097138296,1.922492307692307,0.022022022022022,0.2742742742742743,0.0,0.0,0.003003003003003,0.001001001001001,0.01001001001001,0.0,0.2872872872872872,0.0,0.002002002002002,0.011011011011011,0.0,0.0,0.1091091091091091,0.2802802802802803,0.0,1.7121,1.5992,2.1141,2.2332,1.3201,1.7799,1.6434,2.053,2.1524,2.766,1.8024,1.7704,2.0462,0.23791545211408907,0.14094085846007096,0.4566361647779421,0.3156953063178711
A12_A13_est_10b,estimate,10b,False,62,1.0,0.424,0.3114565870230347,0.1680160956922088,0.717329405741684,0.2293089971322146,0.0533615971261015,1.8331846153846152,0.11,0.005,0.0,0.301,0.011,0.003,0.083,0.009,0.219,0.008,0.0,0.001,0.003,0.063,0.0,0.0,0.184,1.537,2.0333,1.5437,2.161,1.1158,1.6162,1.6391,2.2052,2.1706,2.1402,2.0892,1.9212,1.6589,0.21643889565269525,0.1362030977286191,0.4244639928977668,0.2882608951691477
A12_A13_est_10b,estimate,10b,False,63,1.0,0.372,0.3044891977461021,0.1197605516964503,0.7740662522513436,0.2123463921044119,0.0135873556442444,1.9015846153846157,0.029,0.034,0.011,0.0,0.0,0.0,0.0,0.0,0.262,0.0,0.013,0.068,0.001,0.007,0.0,0.546,0.029,1.6455,1.7912,2.0179,2.218,1.893,1.844,1.6127,1.9627,2.0472,2.3307,1.9617,1.6249,1.7711,0.19427586251439447,0.11622746953270767,0.43207418156155003,0.31584671202884235
A14_A15_est_70b,estimate,70b,False,1,1.0,0.996,0.142703137353471,0.142150802261559,0.7174223172564484,0.2808537609639851,0.0017239217795664,1.3061538461538462,0.0,0.0,0.0,0.0,0.0,0.0,0.0,0.004,0.0,0.0,0.209,0.787,0.0,0.0,0.0,0.0,0.0,1.5541,1.1858,1.4458,1.2475,1.2876,1.4672,1.3511,1.0456,1.1435,1.5981,1.1518,1.3035,1.1984,0.1425518704598448,0.14214402071048987,0.14416292480405712,0.002018904093567253
A14_A15_est_70b,estimate,70b,False,2,0.998,0.782565130260521,0.2958903810585427,0.2729049271938661,0.5692138138544084,0.3157625179034509,0.1150236682421405,1.3529692307692307,0.0250501002004008,0.002004008016032,0.0501002004008016,0.0,0.0470941883767535,0.0,0.3046092184368737,0.0090180360721442,0.003006012024048,0.001002004008016,0.1032064128256513,0.2995991983967935,0.0240480961923847,0.0400801603206412,0.0901803607214428,0.001002004008016,0.0,1.2489,1.4407,1.5309,1.43,1.2163,1.0916,1.2975,1.3058,1.4084,1.3911,1.2654,1.4901,1.4719,0.28635696164752195,0.2526601381902808,0.3419343062191599,0.08927416802887905
A14_A15_est_70b,estimate,70b,False,3,1.0,0.948,0.0543345049067537,0.0519245218862034,0.8984733718698399,0.0992042124879135,0.0023224156422466,1.4120307692307692,0.679,0.0,0.0,0.044,0.0,0.001,0.0,0.003,0.0,0.001,0.0,0.269,0.0,0.0,0.0,0.003,0.0,0.9504,1.4762,1.2029,1.5116,1.0388,1.6665,1.5489,1.4169,1.403,1.9047,1.4,1.4334,1.4031,0.05800499546044819,0.05191943572290154,0.0779069106516025,0.025987474928700967
A14_A15_est_70b,estimate,70b,False,4,1.001,0.6683316683316685,0.3730902261912603,0.2549591153048965,0.5995297313842708,0.2910223066216655,0.1094479619940637,1.4423230769230768,0.0079920079920079,0.0249750249750249,0.0,0.0069930069930069,0.0149850149850149,0.0,0.3146853146853147,0.0,0.2157842157842158,0.0,0.1088911088911089,0.0059940059940059,0.0,0.0089910089910089,0.0,0.0539460539460539,0.2367632367632367,1.3325,1.3742,1.4644,1.5972,1.4446,1.1316,1.2146,1.3892,1.5892,2.0425,1.5135,1.4365,1.2202,0.2932399378274669,0.25042111909058445,0.41771944188007293,0.16729832278948847
A14_A15_est_70b,estimate,70b,False,5,1.001,0.8001998001998003,0.2326247247729975,0.1911459037428844,0.6487150499759398,0.3202780925623516,0.0310068574617086,1.5518307692307696,0.1928071928071928,0.0029970029970029,0.0,0.0599400599400599,0.0099900099900099,0.0609390609390609,0.0309690309690309,0.0,0.4165834165834166,0.0,0.1278721278721279,0.0219780219780219,0.0,0.0079920079920079,0.0009990009990009,0.0,0.0669330669330669,1.2608,1.7494,1.4666,1.8171,0.6276,1.4017,1.3279,1.5637,1.8002,2.2191,1.6654,1.7701,1.5042,0.2114137383681532,0.18711212933016252,0.28757482971345727,0.10046270038329475
A14_A15_est_70b,estimate,70b,False,6,0.999,0.8548548548548549,0.2076328248313185,0.2329167376163809,0.6588818132240936,0.2164028983190512,0.1247152884568553,1.2822384615384617,0.5065065065065065,0.005005005005005,0.0,0.011011011011011,0.1381381381381381,0.0,0.2102102102102102,0.0,0.0,0.002002002002002,0.0,0.0,0.026026026026026,0.0990990990990991,0.0,0.001001001001001,0.001001001001001,0.9208,1.3206,1.2496,1.2925,1.3022,1.0327,1.2317,1.4352,1.4174,1.2713,1.3919,1.4461,1.3571,0.218883756868692,0.1828988434063814,0.2511788612672131,0.06828001786083171
A14_A15_est_70b,estimate,70b,False,7,1.0,0.2329999999999999,0.223954812983283,0.0604743109180212,0.8854689924009098,0.108113393362138,0.0064176142369521,1.5931923076923076,0.0,0.0,0.009,0.319,0.016,0.004,0.0,0.001,0.028,0.019,0.004,0.185,0.008,0.0,0.004,0.001,0.402,1.69,1.8062,1.2997,1.7529,0.9252,1.8061,1.6152,1.6986,1.7068,1.8487,1.6251,1.5967,1.3403,0.15168760958004074,0.06047261553025388,0.441549021425105,0.3810764058948511
A14_A15_est_70b,estimate,70b,False,8,0.999,0.3963963963963964,0.1784835024004329,0.0725762350399701,0.8557901170710266,0.1432672957780065,0.0009425871509668,1.3274461538461535,0.0,0.5675675675675675,0.014014014014014,0.0,0.0,0.0,0.0,0.022022022022022,0.0,0.0,0.003003003003003,0.3933933933933934,0.0,0.0,0.0,0.0,0.0,1.6147,0.8958,1.478,1.302,1.3006,1.4953,1.408,1.1654,1.1976,1.65,1.2016,1.3079,1.2399,0.18270561700233598,0.07253889917322333,0.3771695865371085,0.3046306873638852
A14_A15_est_70b,estimate,70b,False,9,1.0,0.003,0.50765,0.0061284562823355,0.9908721335233872,0.0059988203885545,0.0031290460880582,1.2251307692307694,0.0,0.0,0.0,0.828,0.003,0.0,0.0,0.0,0.0,0.0,0.0,0.0,0.0,0.0,0.0,0.169,0.0,1.1299,1.3036,0.7569,1.2194,1.122,1.5295,1.3731,1.3146,1.2526,1.6569,1.2757,0.9056,1.0869,0.1239006324474274,0.006128456282335515,0.50765,0.5015215437176646
A14_A15_est_70b,estimate,70b,False,10,1.0,0.6930000000000001,0.4668008188436066,0.3249111123218863,0.5034942804968701,0.3431892143624874,0.1533165051406425,1.455723076923077,0.006,0.0,0.0,0.307,0.59,0.0,0.005,0.0,0.036,0.0,0.014,0.042,0.0,0.0,0.0,0.0,0.0,1.3279,1.548,1.1303,1.2996,1.4693,1.43,1.3637,1.4155,1.4901,2.0588,1.5048,1.4152,1.4712,0.36117596496249127,0.32491111232188624,0.4793415174586194,0.15443040513673317
A14_A15_est_70b,estimate,70b,False,11,1.0,0.027,0.1467438276533537,0.006890186587003,0.9883399153539344,0.0095397961181247,0.0021202885279407,1.2944384615384616,0.0,0.924,0.0,0.0,0.003,0.0,0.004,0.0,0.001,0.0,0.019,0.0,0.0,0.0,0.0,0.049,0.0,1.6332,0.8267,1.3224,1.2986,1.3014,1.2875,1.3555,1.116,1.2974,1.7446,1.2705,1.1468,1.2271,0.1852795014181993,0.006890186587003065,0.4979055333466406,0.49101534675963754
A14_A15_est_70b,estimate,70b,False,12,0.998,0.1753507014028056,0.0130588571428571,0.0050969520023176,0.9909473102579094,0.0079114754795458,0.0011412142625447,1.248923076923077,0.0,0.5911823647294588,0.0460921843687374,0.1342685370741483,0.002004008016032,0.0,0.0,0.0130260521042084,0.002004008016032,0.0,0.1713426853707415,0.0,0.0,0.0,0.0,0.0400801603206412,0.0,1.3209,0.877,0.96,1.301,1.2583,1.4634,1.3885,1.0597,1.2979,1.7057,1.2776,1.1155,1.2105,0.14368204360563028,0.005074867792924224,0.42092309619238466,0.41584822839946045
A14_A15_est_70b,estimate,70b,False,13,1.0,0.161,0.1798236514522821,0.0357729729229263,0.9310320788223744,0.0663898965093982,0.0025780246682272,1.4180692307692306,0.0,0.006,0.0,0.818,0.0,0.0,0.0,0.0,0.0,0.002,0.0,0.161,0.0,0.001,0.012,0.0,0.0,1.4144,1.3425,0.9785,1.4966,1.3879,1.7372,1.6057,1.3988,1.3957,1.7691,1.299,1.2536,1.3559,0.1349544633764942,0.03526824689953451,0.45486995788381746,0.41960171098428295
A14_A15_est_70b,estimate,70b,False,14,1.001,0.2347652347652347,0.3059662888674391,0.1013485751105576,0.83387258669555,0.1295576763877845,0.0365697369166653,1.583992307692308,0.0,0.0089910089910089,0.0339660339660339,0.1858141858141858,0.0459540459540459,0.0189810189810189,0.0719280719280719,0.0079920079920079,0.0259740259740259,0.0,0.0779220779220779,0.0129870129870129,0.0349650349650349,0.0019980019980019,0.1078921078921078,0.3436563436563435,0.0209790209790209,1.7874,1.7158,1.359,1.8106,0.7663,1.533,1.6354,1.6596,1.8404,1.7666,1.5887,1.5029,1.6262,0.19139986563652378,0.10032658195479138,0.46030167620764006,0.3599750942528487
A14_A15_est_70b,estimate,70b,False,15,0.998,0.6503006012024047,0.4047821089431905,0.2709633455866733,0.5375539033430894,0.3829655021404746,0.0794805945164358,1.4487384615384615,0.003006012024048,0.0,0.001002004008016,0.0160320641282565,0.1302605210420841,0.0080160320641282,0.1002004008016032,0.001002004008016,0.3797595190380761,0.0,0.033066132264529,0.0040080160320641,0.0,0.003006012024048,0.0270541082164328,0.2144288577154308,0.0791583166332665,1.4122,1.7452,1.3716,1.5437,0.7629,1.2457,1.2479,1.5222,1.6654,2.0884,1.4592,1.3973,1.3719,0.31116914374420424,0.26944443430616943,0.440754948601333,0.17131051429516359
A14_A15_est_70b,estimate,70b,False,16,1.0,0.369,0.2784171384627257,0.1307167744144179,0.7807866593800462,0.1769931324110714,0.0422202082088822,1.5975076923076923,0.094,0.07,0.022,0.131,0.002,0.222,0.1,0.006,0.133,0.0,0.04,0.0,0.087,0.02,0.0,0.003,0.07,1.4194,1.5753,1.4806,2.0437,0.6171,1.4748,1.5292,1.7574,1.9606,1.6659,1.8547,1.7891,1.5998,0.1998884001855535,0.120612081619978,0.42306307409274585,0.30245099247276785
A14_A15_est_70b,estimate,70b,False,17,0.999,0.7117117117117118,0.0913499734976825,0.0738398247148474,0.8630776586992492,0.1261650331718062,0.0107573081289444,1.4732923076923077,0.5335335335335335,0.1791791791791791,0.003003003003003,0.0,0.001001001001001,0.005005005005005,0.013013013013013,0.0,0.1311311311311311,0.001001001001001,0.005005005005005,0.028028028028028,0.043043043043043,0.0,0.001001001001001,0.0,0.056056056056056,1.1074,1.2972,1.7529,1.7817,0.7827,1.4284,1.3558,1.6084,1.6846,1.5683,1.5703,1.7782,1.4369,0.12008554784070669,0.07383982471484742,0.2113643955524046,0.1375245708375572
A14_A15_est_70b,estimate,70b,False,18,0.999,0.5785785785785785,0.2420883927519447,0.1575915573554436,0.7040229395822928,0.2767710061245272,0.01920605429318,1.556346153846154,0.0,0.005005005005005,0.025025025025025,0.2402402402402402,0.018018018018018,0.012012012012012,0.028028028028028,0.019019019019019,0.1031031031031031,0.0,0.0,0.4294294294294294,0.084084084084084,0.001001001001001,0.002002002002002,0.033033033033033,0.0,1.6573,1.6793,1.3578,1.7513,0.7839,1.5292,1.4963,1.7154,1.6871,1.6137,1.6304,1.6171,1.7137,0.20700511132081018,0.15705408148860667,0.3540017427533772,0.19694766126477053
A14_A15_est_70b,estimate,70b,False,19,0.999,0.6706706706706707,0.1904926870196313,0.1544932178977873,0.7187470174865276,0.2535195292313701,0.0277334532821022,1.5334846153846156,0.1561561561561561,0.1781781781781781,0.039039039039039,0.004004004004004,0.067067067067067,0.009009009009009,0.0,0.001001001001001,0.061061061061061,0.002002002002002,0.0,0.3863863863863864,0.023023023023023,0.027027027027027,0.043043043043043,0.0,0.003003003003003,1.306,1.3672,1.6282,1.6663,0.7836,1.7199,1.5201,1.6478,1.6551,1.677,1.5244,1.7661,1.6736,0.19736561244655404,0.14085027693748065,0.2949418921953481,0.15409161525786746
A14_A15_est_70b,estimate,70b,False,20,1.0,0.441,0.1645448674894495,0.0844703540094759,0.8511444332900021,0.1287704254010437,0.020085141308954,1.4248692307692308,0.001,0.0,0.016,0.396,0.04,0.0,0.022,0.0,0.0,0.0,0.151,0.227,0.022,0.006,0.014,0.104,0.001,1.4751,1.5597,1.1119,1.4794,1.5138,1.4199,1.5124,1.3391,1.4686,1.4992,1.3732,1.3132,1.4578,0.14876208308531091,0.08144199786912504,0.35634063656284726,0.2748986386937222
A14_A15_est_70b,estimate,70b,False,21,1.001,0.813186813186813,0.0508297082828794,0.0604937814292828,0.9007339772630284,0.077544482615377,0.0217215401215943,1.3425153846153846,0.7382617382617381,0.0019980019980019,0.0,0.0319680319680319,0.0609390609390609,0.0,0.0139860139860139,0.0019980019980019,0.0,0.0,0.0,0.0,0.0619380619380619,0.0,0.0429570429570429,0.0,0.0459540459540459,0.9388,1.4596,1.2234,1.4102,1.4187,1.3451,1.408,1.471,1.4854,1.3057,1.28,1.4616,1.2452,0.08236628586403756,0.060490394041136375,0.13616976277948406,0.07567936873834769
A14_A15_est_70b,estimate,70b,False,22,1.0,0.5800000000000001,0.15794671252471,0.1292808557777847,0.8143338768883898,0.1127705346676509,0.0728955884439592,1.495884615384615,0.004,0.118,0.011,0.004,0.0,0.026,0.181,0.02,0.0,0.0,0.395,0.0,0.0,0.072,0.0,0.0,0.169,1.5089,1.2996,1.5738,1.8087,0.6342,1.253,1.5191,1.3517,1.7214,2.1567,1.6379,1.6651,1.3164,0.163694909071962,0.09290667433822863,0.3048220932643318,0.21191541892610316
A14_A15_est_70b,estimate,70b,False,23,1.0,0.059,0.479791807958341,0.0601408362673224,0.8986454471509809,0.0824274331633933,0.0189271196856257,1.453323076923077,0.002,0.024,0.0,0.4,0.006,0.0,0.049,0.0,0.002,0.0,0.0,0.0,0.148,0.004,0.0,0.12,0.245,1.4494,1.4024,1.1258,1.6711,1.5436,1.3652,1.5036,1.6743,1.659,1.3479,1.6052,1.3217,1.224,0.171441116644276,0.05812193217375513,0.5060063666695421,0.447884434495787
A14_A15_est_70b,estimate,70b,False,24,0.999,0.018018018018018,0.251284212189718,0.0165450963917718,0.9736950692456824,0.0195196687250911,0.0067852620292262,1.294607692307692,0.0,0.6946946946946947,0.0,0.0,0.0,0.0,0.009009009009009,0.0,0.0,0.006006006006006,0.009009009009009,0.0,0.0,0.016016016016016,0.0,0.0,0.2652652652652653,1.6665,0.8554,1.456,1.3895,1.2918,1.2192,1.3235,1.1537,1.3112,1.6579,1.2656,1.2796,0.96,0.1754887962785877,0.008461396317428461,0.503030796616031,0.4945694002986025
A14_A15_est_70b,estimate,70b,False,25,0.999,0.5525525525525526,0.385,0.2184838255865424,0.5852987239208278,0.3924349009852593,0.0222663750939127,1.406853846153846,0.0,0.2962962962962963,0.0,0.1131131131131131,0.0,0.0,0.0,0.009009009009009,0.5525525525525526,0.0,0.0,0.0,0.021021021021021,0.001001001001001,0.0,0.007007007007007,0.0,1.3485,1.1489,1.2258,1.6904,1.3623,1.3242,1.1251,1.5301,1.5748,1.469,1.4902,1.4849,1.5149,0.291138825911393,0.21796332056822684,0.4398794294294294,0.22191610886120258
A14_A15_est_70b,estimate,70b,False,26,0.999,0.4364364364364363,0.0705132304329648,0.036863379692412,0.9421686635709122,0.0419359134733512,0.0158954229557363,1.5043230769230769,0.3773773773773773,0.003003003003003,0.002002002002002,0.5145145145145145,0.052052052052052,0.0,0.001001001001001,0.0,0.005005005005005,0.0,0.0,0.001001001001001,0.02002002002002,0.0,0.0,0.014014014014014,0.01001001001001,1.0807,1.5835,1.1205,1.5514,1.5116,1.7045,1.5777,1.7034,1.6542,1.5981,1.6504,1.3914,1.4288,0.10362114750527848,0.03686337969241193,0.31686758605482745,0.2800042063624155
A14_A15_est_70b,estimate,70b,False,27,1.0,0.26,0.2585851179507644,0.0824756549686938,0.8705593039854214,0.0939300820917697,0.0355106139228089,1.494876923076923,0.0,0.258,0.0,0.234,0.101,0.011,0.029,0.008,0.001,0.001,0.125,0.004,0.003,0.0,0.066,0.158,0.001,1.7073,1.2883,1.2648,1.6058,0.7468,1.5437,1.6667,1.4841,1.6947,1.8609,1.4873,1.4519,1.6311,0.18705501707015926,0.08246209186655558,0.4428931306671989,0.3604310388006433
A14_A15_est_70b,estimate,70b,False,28,0.999,0.4584584584584584,0.3112946907801896,0.1446521325104597,0.7293705397242927,0.2519546555304952,0.018674804745212,1.3880461538461537,0.013013013013013,0.3193193193193193,0.0,0.0,0.003003003003003,0.1531531531531531,0.014014014014014,0.055055055055055,0.3343343343343343,0.0,0.065065065065065,0.029029029029029,0.0,0.0,0.0,0.0,0.014014014014014,1.2684,1.1397,1.6396,1.5942,0.498,1.257,1.1726,1.368,1.5442,1.9588,1.4771,1.7058,1.4212,0.2268982965836247,0.14455879284359266,0.4176292476249517,0.27307045478135905
A14_A15_est_70b,estimate,70b,False,29,1.001,0.3136863136863136,0.0091318976235361,0.0109253654743768,0.9812216620063224,0.0157059450386014,0.0030723929550761,1.2589,0.0019980019980019,0.0,0.0,0.0009990009990009,0.0,0.0,0.0,0.0,0.0,0.0,0.3006993006993007,0.0109890109890109,0.0,0.0119880119880119,0.0,0.0009990009990009,0.6723276723276723,1.1615,1.237,1.1832,1.2967,1.2207,1.6723,1.4661,0.981,1.2228,1.7033,1.2198,1.1531,0.8482,0.08887592037598657,0.00487470385529412,0.35127169415963055,0.34639699030433646
A14_A15_est_70b,estimate,70b,False,30,1.001,0.5714285714285714,0.2594763130370657,0.1502355909061186,0.780488233183536,0.1385523518206907,0.0809594149957732,1.376053846153846,0.0,0.0009990009990009,0.0,0.0019980019980019,0.1508491508491508,0.0,0.1418581418581418,0.0,0.0,0.0,0.2787212787212788,0.0,0.0039960039960039,0.0,0.0,0.0,0.4215784215784216,1.7088,1.4333,1.4092,1.313,1.4054,1.1223,1.3516,1.1989,1.4331,1.5792,1.4186,1.4383,1.077,0.20134562316862983,0.1502355909061186,0.3658364645926088,0.21560087368649022
A14_A15_est_70b,estimate,70b,False,31,1.0,0.827,0.2061314472918848,0.17299816438937,0.7336904335913532,0.1866228040385534,0.0796867623700932,1.435346153846154,0.082,0.013,0.0,0.006,0.308,0.001,0.003,0.0,0.0,0.0,0.372,0.062,0.0,0.0,0.01,0.142,0.001,1.201,1.3691,1.3564,1.3638,1.0387,1.6129,1.6131,1.2802,1.5019,2.1075,1.3985,1.3445,1.4719,0.19427754695677246,0.17299816438936996,0.25829415691038876,0.0852959925210188
A14_A15_est_70b,estimate,70b,False,32,0.999,0.028028028028028,0.1798236514522821,0.0083992365014778,0.9835329840164376,0.0161355589641687,0.0003314570193934,1.190292307692308,0.0,0.9449449449449449,0.0,0.0,0.0,0.0,0.0,0.0,0.0,0.0,0.0,0.028028028028028,0.0,0.001001001001001,0.0,0.007007007007007,0.019019019019019,1.5088,0.7261,1.2949,1.1744,1.2001,1.4353,1.3356,1.0372,1.0931,1.4867,1.0936,1.1089,0.9791,0.187807037500555,0.007894005246831324,0.4984616739145784,0.4905676686677471
A14_A15_est_70b,estimate,70b,False,33,1.0,0.999,0.2322472116576517,0.2320195838103695,0.6523317681465962,0.2312972960860684,0.1163709357673353,1.3266692307692307,0.0,0.0,0.0,0.0,0.0,0.0,0.385,0.0,0.0,0.0,0.4,0.214,0.0,0.0,0.0,0.001,0.0,1.5494,1.3243,1.5143,1.3726,1.2764,0.9416,1.1719,1.0922,1.2745,1.6974,1.2448,1.4502,1.3371,0.2321377103662021,0.2320195838103695,0.23252261444599404,0.0005030306356245406
A14_A15_est_70b,estimate,70b,False,34,1.001,0.8381618381618381,0.4795598201644824,0.4572701321608549,0.3449915879154713,0.3954765598473477,0.2595318522371809,1.4226461538461537,0.0,0.0189810189810189,0.0019980019980019,0.0169830169830169,0.0,0.0,0.7712287712287712,0.0009990009990009,0.0429570429570429,0.0009990009990009,0.0239760239760239,0.0,0.0209790209790209,0.1008991008991009,0.0,0.0,0.0,1.4776,1.3626,1.3796,1.6987,1.3611,0.9664,1.2008,1.4146,1.5858,1.3904,1.4596,1.6157,1.5815,0.44562108157749936,0.40634203650616896,0.4841058832347656,0.07776384672859665
A14_A15_est_70b,estimate,70b,False,35,1.0,0.7909999999999999,0.4386496839443742,0.3500397985993933,0.4055695514822053,0.4887812998368024,0.1056491486809921,1.4142,0.0,0.0,0.0,0.003,0.346,0.194,0.0,0.0,0.445,0.0,0.0,0.0,0.012,0.0,0.0,0.0,0.0,1.4004,1.6352,1.5257,1.36,0.4964,1.3425,1.1454,1.6126,1.5365,1.5522,1.5333,1.6858,1.5586,0.3712900050204096,0.3500397985993934,0.45307075,0.10303095140060664
A14_A15_est_70b,estimate,70b,False,36,0.999,0.7757757757757757,0.0692623944526218,0.0664956940234498,0.874331749584901,0.1183451127832982,0.0073231376318007,1.6167,0.5775775775775776,0.0,0.016016016016016,0.1361361361361361,0.0,0.007007007007007,0.0,0.0,0.1321321321321321,0.0,0.066066066066066,0.0,0.064064064064064,0.001001001001001,0.0,0.0,0.0,1.181,1.9874,1.3984,2.0438,0.804,1.7205,1.4591,1.6395,1.8964,1.6143,1.7758,1.7213,1.7756,0.0926129275369985,0.06599046276880333,0.1675595152159978,0.10156905244719447
A14_A15_est_70b,estimate,70b,False,37,0.9980000000000002,0.3987975951903807,0.4866610568373103,0.201729588091511,0.6941272247445525,0.2082863743278725,0.0975864009275748,1.543053846153846,0.0050100200400801,0.0130260521042084,0.0400801603206412,0.1843687374749498,0.3426853707414829,0.0681362725450901,0.0290581162324649,0.0,0.0130260521042084,0.0,0.0060120240480961,0.003006012024048,0.0,0.002004008016032,0.0240480961923847,0.0771543086172344,0.1923847695390781,1.5608,1.5752,1.3114,1.552,0.6212,1.5563,1.6192,1.6637,1.7608,2.353,1.5846,1.5145,1.387,0.2726313867878714,0.20071811309473384,0.4992796599411315,0.2985615468463977
A14_A15_est_70b,estimate,70b,False,38,0.999,0.6576576576576577,0.1774235927252024,0.1510438248913472,0.7161135561232985,0.2656852379707087,0.0182012059059928,1.456723076923077,0.009009009009009,0.015015015015015,0.0,0.0,0.0,0.0,0.0,0.0,0.0,0.0,0.0,0.6486486486486487,0.0,0.066066066066066,0.0,0.008008008008008,0.2532532532532532,1.3154,1.2885,1.5878,1.4943,1.456,1.7336,1.5785,1.3785,1.3671,1.7689,1.3846,1.4305,1.1537,0.1718015945161288,0.11769856208468084,0.2904740744949529,0.17277551241027206
A14_A15_est_70b,estimate,70b,False,39,1.0,0.841,0.4346224438932426,0.3685929186763508,0.375352542713878,0.512109077219542,0.1125383800665798,1.4358076923076923,0.0,0.042,0.046,0.007,0.37,0.02,0.002,0.006,0.457,0.0,0.008,0.004,0.0,0.0,0.014,0.0,0.024,1.4703,1.3738,1.4692,1.4288,0.6432,1.3633,1.2126,1.5261,1.6087,2.0816,1.4471,1.6023,1.4385,0.39058619122305044,0.36858274634974725,0.44623382531421707,0.07765107896446982
A14_A15_est_70b,estimate,70b,False,40,1.001,0.1218781218781218,0.1932597761850873,0.0269607037213043,0.9488726477907702,0.0483332969758507,0.002794055233379,1.4061538461538463,0.0409590409590409,0.4865134865134864,0.0,0.3596403596403595,0.0,0.0,0.0,0.0,0.0429570429570429,0.0,0.0,0.0379620379620379,0.0,0.0,0.0009990009990009,0.0309690309690309,0.0,1.173,1.0686,1.0864,1.5973,1.4007,1.4925,1.3229,1.4589,1.4998,2.0037,1.4241,1.3198,1.4323,0.16409640487232838,0.026960703721304307,0.46933270998459586,0.44237200626329154
A14_A15_est_70b,estimate,70b,False,41,1.0,0.921,0.4408807208454975,0.4160504215615165,0.412788567586069,0.342322021704829,0.2448894107091019,1.4296692307692307,0.034,0.0,0.002,0.005,0.02,0.011,0.783,0.016,0.001,0.0,0.061,0.022,0.011,0.015,0.001,0.01,0.008,1.2966,1.6968,1.5194,1.6261,0.7027,1.0401,1.3463,1.4575,1.6228,1.603,1.5226,1.6318,1.52,0.42014654582019284,0.40845240500636293,0.4461554938987033,0.037703088892340364
A14_A15_est_70b,estimate,70b,False,42,1.001,0.5214785214785214,0.4664663247086978,0.3232659869332464,0.5234421042358168,0.3065838176618731,0.1699740781023097,1.4742769230769233,0.0059940059940059,0.0009990009990009,0.0009990009990009,0.0259740259740259,0.1088911088911088,0.0119880119880119,0.3756243756243755,0.0,0.0,0.0,0.0299700299700299,0.0009990009990009,0.0,0.1138861138861138,0.1188811188811188,0.0219780219780219,0.1838161838161837,1.4799,1.6868,1.415,1.5691,0.7239,1.181,1.4561,1.5212,1.686,2.1206,1.4201,1.5756,1.3303,0.34331629991987694,0.2657847015519609,0.4861735979000398,0.2203888963480789
A14_A15_est_70b,estimate,70b,False,43,1.001,0.8441558441558442,0.160864989831529,0.1470878264066255,0.7557326933348059,0.1943589605171371,0.049908346148057,1.5365076923076926,0.3266733266733267,0.0,0.0329670329670329,0.0,0.1448551448551448,0.0829170829170829,0.0069930069930069,0.0,0.1308691308691308,0.0019980019980019,0.1998001998001998,0.0349650349650349,0.0,0.0189810189810189,0.0039960039960039,0.0,0.0149850149850149,1.1858,1.7636,1.717,1.5869,0.5945,1.5008,1.4017,1.4684,1.7058,2.1918,1.571,1.7301,1.5572,0.15861719287877604,0.1375076121764112,0.21490940700064112,0.07740179482422993
A14_A15_est_70b,estimate,70b,False,44,1.0000000000000002,0.2089999999999999,0.3977392636599888,0.1075865863463764,0.819465242062468,0.1458963431823106,0.0346384147552211,1.4217923076923076,0.0029999999999999,0.1899999999999999,0.0,0.5059999999999999,0.0,0.0509999999999999,0.0569999999999999,0.0019999999999999,0.1399999999999999,0.0,0.0049999999999999,0.0039999999999999,0.0,0.0419999999999999,0.0,0.0,0.0,1.3804,1.2363,1.1412,1.7602,0.569,1.2788,1.2995,1.5552,1.6614,2.032,1.5758,1.4515,1.542,0.1998113305693962,0.08638470258838557,0.48467865610493727,0.3982939535165517
A14_A15_est_70b,estimate,70b,False,45,1.001,0.954045954045954,0.0234585839050127,0.0229022554028945,0.9581658897075724,0.0378637097790656,0.0039704005133617,1.2298076923076922,0.903096903096903,0.0239760239760239,0.0169830169830169,0.0,0.0,0.0019980019980019,0.0,0.0009990009990009,0.0449550449550449,0.0019980019980019,0.0009990009990009,0.0049950049950049,0.0,0.0,0.0,0.0,0.0,0.8006,1.123,1.3101,1.446,0.7258,1.2522,1.105,1.313,1.357,1.7077,1.2852,1.309,1.2529,0.030239778077446204,0.022900561708821297,0.045709138490796095,0.022808576781974798
A14_A15_est_70b,estimate,70b,False,46,1.001,0.5104895104895105,0.3991597595483368,0.2180678550955015,0.6532604442673859,0.2573434012742246,0.0893961544583891,1.4916692307692307,0.0079920079920079,0.0219780219780219,0.0,0.3506493506493506,0.2777222777222777,0.0019980019980019,0.0519480519480519,0.0079920079920079,0.0519480519480519,0.0,0.0279720279720279,0.0929070929070929,0.0279720279720279,0.0,0.0409590409590409,0.0379620379620379,0.0,1.4814,1.5118,1.2698,1.5471,1.0574,1.4444,1.4847,1.5715,1.6545,1.662,1.5118,1.5332,1.6621,0.27699792324564626,0.21805430554291583,0.4522668702589409,0.23421256471602508
A14_A15_est_70b,estimate,70b,False,47,1.001,0.5464535464535464,0.50765,0.2889460407832843,0.561557228017014,0.2989934623994032,0.1394493095835827,1.2510076923076925,0.0,0.0,0.0189810189810189,0.0,0.5464535464535464,0.0039960039960039,0.0,0.0009990009990009,0.0,0.0,0.0,0.0,0.0169830169830169,0.0029970029970029,0.0319680319680319,0.0,0.3776223776223776,1.7909,1.2889,1.4355,1.0555,0.6299,1.6371,1.472,1.2614,1.2203,1.2435,1.0934,1.2109,0.9238,0.3420392101402913,0.2874316816844404,0.5076499999999997,0.22021831831555932
A14_A15_est_70b,estimate,70b,False,48,1.0,0.527,0.3069636753816491,0.1635038431296275,0.6982516075006437,0.2764890987394576,0.0252592937598986,1.4048538461538462,0.118,0.0,0.003,0.204,0.04,0.0,0.0,0.0,0.366,0.0,0.003,0.0,0.0,0.0,0.0,0.0,0.266,1.0821,1.6251,1.1973,1.4714,1.3615,1.3521,1.1314,1.531,1.5256,1.9907,1.4735,1.3784,1.143,0.21970084921222247,0.16350384312962746,0.4018883069261291,0.23838446379650163
A14_A15_est_70b,estimate,70b,False,49,1.0,0.7799999999999999,0.0207920677979376,0.0168814323893998,0.9681044663315432,0.0300282025581137,0.0018673311103429,1.336684615384615,0.708,0.164,0.012,0.0,0.0,0.0,0.0,0.0,0.0,0.0,0.0,0.072,0.0,0.0,0.0,0.0,0.044,0.8635,1.0271,1.3893,1.429,1.3191,1.6056,1.4813,1.2905,1.3334,1.815,1.3246,1.3546,1.1439,0.054386352583336565,0.016881432389399792,0.12790081288239136,0.11101938049299157
A14_A15_est_70b,estimate,70b,False,50,1.0000000000000002,0.6819999999999999,0.1020463560963576,0.0933279642492873,0.8481114110038415,0.1171212494937419,0.0347673395024164,1.3706769230769231,0.5459999999999999,0.0179999999999999,0.0,0.0569999999999999,0.1299999999999999,0.0059999999999999,0.0,0.0139999999999999,0.0,0.0169999999999999,0.0,0.0059999999999999,0.0009999999999999,0.0,0.1099999999999999,0.0169999999999999,0.0779999999999999,1.0117,1.3382,1.2259,1.4118,0.7107,1.7297,1.6015,1.4716,1.515,1.8076,1.2951,1.4321,1.2679,0.13164199100290752,0.09330422882054541,0.23102831485771538,0.13772408603716996
A14_A15_est_70b,estimate,70b,False,51,0.999,0.8068068068068067,0.4795662078264124,0.3878097105430956,0.4324542028144693,0.3594721732848698,0.2080736239006607,1.2810384615384616,0.0,0.0,0.0,0.0,0.0,0.0,0.6726726726726726,0.0,0.1301301301301301,0.0,0.0,0.004004004004004,0.0,0.0,0.0,0.1931931931931931,0.0,1.2417,1.465,1.3355,1.4882,1.1597,0.8524,1.0106,1.3829,1.3887,1.6473,1.2794,1.1101,1.292,0.41063095706530756,0.38780971054309554,0.48499180531340164,0.0971820947703061
A14_A15_est_70b,estimate,70b,False,52,0.999,0.1401401401401401,0.1374256192032186,0.0220666513299518,0.9583530181873928,0.0391606609653107,0.0024863208472964,1.534530769230769,0.064064064064064,0.5815815815815815,0.011011011011011,0.002002002002002,0.0,0.011011011011011,0.0,0.0,0.049049049049049,0.0,0.027027027027027,0.0,0.0,0.0,0.0,0.1491491491491491,0.1051051051051051,1.31,1.1988,1.5427,1.8773,0.7181,1.6595,1.4947,1.5506,1.7773,2.3191,1.65,1.4634,1.3874,0.16368374847196887,0.022066651329951805,0.4557667033918424,0.4337000520618906
A14_A15_est_70b,estimate,70b,False,53,0.999,0.024024024024024,0.3137078357612987,0.0240705323338137,0.9632375863747612,0.0253837625828494,0.011378651042389,1.3008923076923078,0.0,0.6426426426426426,0.001001001001001,0.004004004004004,0.001001001001001,0.002002002002002,0.014014014014014,0.0,0.0,0.0,0.009009009009009,0.0,0.0,0.027027027027027,0.0,0.016016016016016,0.2832832832832832,1.6391,0.9336,1.2638,1.4476,0.7502,1.2777,1.4002,1.255,1.4235,1.8282,1.3818,1.2781,1.0328,0.1751819626687893,0.010429288458359262,0.5029907287870582,0.4925614403286989
A14_A15_est_70b,estimate,70b,False,54,1.001,0.9340659340659342,0.1638864295294749,0.1532786016278734,0.6976311774153074,0.2981804419136384,0.0041883806710542,1.444653846153846,0.0989010989010989,0.0,0.0,0.0,0.0,0.0029970029970029,0.0069930069930069,0.0,0.0009990009990009,0.0,0.0,0.8271728271728273,0.0,0.0,0.0,0.0,0.0629370629370629,1.185,1.4661,1.6246,1.5357,0.8841,1.4895,1.5057,1.4283,1.4116,1.9905,1.3997,1.562,1.2977,0.16107867860732467,0.1532786016278733,0.18655215945060832,0.03327355782273503
A14_A15_est_70b,estimate,70b,False,55,1.0,0.238,0.1546277064834746,0.0410555806605247,0.9222511090012402,0.0733866206764699,0.0043622703222897,1.447576923076923,0.108,0.497,0.0,0.0,0.0,0.0,0.0,0.001,0.088,0.002,0.029,0.013,0.0,0.0,0.007,0.255,0.0,1.1548,1.1097,1.5304,1.6776,1.4679,1.4638,1.3076,1.4177,1.5639,1.9282,1.4163,1.2945,1.4861,0.16517480578309368,0.04105388527275748,0.42363069414306703,0.38257680887030954
A14_A15_est_70b,estimate,70b,False,56,1.0020000000000002,0.6347305389221555,0.1412165767793761,0.1033529865976942,0.8008001907434839,0.1916936453176429,0.0075061639388728,1.5292615384615382,0.0528942115768462,0.0089820359281437,0.0199600798403193,0.0089820359281437,0.0,0.0079840319361277,0.0079840319361277,0.0129740518962075,0.0888223552894211,0.0,0.2035928143712574,0.2814371257485029,0.0429141716566866,0.0019960079840319,0.0219560878243512,0.0489021956087824,0.1906187624750498,1.4029,1.6257,1.5575,1.8437,0.837,1.5984,1.5054,1.5256,1.6894,1.6763,1.5557,1.6347,1.4281,0.14644391871333368,0.10232355337637863,0.27506351580008276,0.17273996242370412
A14_A15_est_70b,estimate,70b,False,57,1.001,0.998001998001998,0.1552099829804811,0.155914158838662,0.6905497482401611,0.3070721858423541,0.002378065917485,1.3659538461538463,0.0,0.0,0.0,0.0,0.0,0.0,0.0,0.0,0.0,0.0,0.1388611388611388,0.8591408591408592,0.0,0.0019980019980019,0.0,0.0,0.0,1.6211,1.2405,1.5132,1.3028,1.3407,1.5564,1.4125,1.108,1.194,1.648,1.2053,1.3608,1.2541,0.15551597080820703,0.15490571523548152,0.15591415883866191,0.0010084436031803923
A14_A15_est_70b,estimate,70b,False,58,1.0,1.0,0.2567498911403679,0.2567498911403679,0.5585521668628055,0.3693958839936532,0.0720519491435412,1.3264538461538462,0.019,0.0,0.0,0.0,0.108,0.0,0.143,0.0,0.0,0.0,0.005,0.725,0.0,0.0,0.0,0.0,0.0,1.1862,1.3163,1.4448,1.2602,1.3255,1.0904,1.2481,1.2647,1.2746,1.7854,1.2779,1.4408,1.329,0.25674989114036784,0.25674989114036784,0.25674989114036784,0.0
A14_A15_est_70b,estimate,70b,False,59,0.999,0.2922922922922923,0.0228567921108849,0.0099500239337637,0.9829916818729828,0.014116588386507,0.0028917297405102,1.238769230769231,0.2782782782782783,0.0,0.035035035035035,0.5735735735735735,0.0,0.0,0.0,0.0,0.014014014014014,0.0,0.0,0.0,0.0,0.0,0.0,0.0990990990990991,0.0,0.8512,1.4195,0.8472,1.4073,1.1542,1.2789,1.1667,1.4244,1.3488,1.697,1.3117,1.0151,1.182,0.09416292681505475,0.009950023933763728,0.3659486819783567,0.355998658044593
A14_A15_est_70b,estimate,70b,False,60,1.0,0.8089999999999999,0.1907710079688483,0.1743312081962439,0.6802161570206948,0.2909052695661224,0.0288785734131827,1.3886,0.311,0.0,0.0,0.087,0.003,0.0,0.008,0.0,0.382,0.0,0.105,0.0,0.0,0.038,0.0,0.066,0.0,1.0194,1.6086,1.1657,1.5833,1.3616,1.2206,1.1182,1.3275,1.5593,1.8436,1.4477,1.3385,1.4578,0.1848314330874084,0.15515161930735508,0.2512948954467983,0.0961432761394432
A14_A15_est_70b,estimate,70b,False,61,0.999,0.3353353353353352,0.355522174964669,0.140940858460071,0.7341368927936875,0.2498444974924828,0.0160186097138296,1.541,0.022022022022022,0.2742742742742743,0.0,0.0,0.003003003003003,0.001001001001001,0.01001001001001,0.0,0.2872872872872872,0.0,0.002002002002002,0.011011011011011,0.0,0.0,0.1091091091091091,0.2802802802802803,0.0,1.3723,1.2818,1.6946,1.79,1.0582,1.4267,1.3173,1.6456,1.7253,2.2171,1.4448,1.4191,1.6402,0.23791545211408907,0.14094085846007096,0.4566361647779421,0.3156953063178711
A14_A15_est_70b,estimate,70b,False,62,1.0,0.424,0.3114565870230347,0.1680160956922088,0.717329405741684,0.2293089971322146,0.0533615971261015,1.4675307692307693,0.11,0.005,0.0,0.301,0.011,0.003,0.083,0.009,0.219,0.008,0.0,0.001,0.003,0.063,0.0,0.0,0.184,1.2304,1.6278,1.2358,1.73,0.8932,1.2939,1.3121,1.7654,1.7376,1.7133,1.6724,1.538,1.328,0.21643889565269525,0.1362030977286191,0.4244639928977668,0.2882608951691477
A14_A15_est_70b,estimate,70b,False,63,1.0,0.372,0.3044891977461021,0.1197605516964503,0.7740662522513436,0.2123463921044119,0.0135873556442444,1.5115076923076922,0.029,0.034,0.011,0.0,0.0,0.0,0.0,0.0,0.262,0.0,0.013,0.068,0.001,0.007,0.0,0.546,0.029,1.308,1.4237,1.604,1.763,1.5047,1.4657,1.2819,1.5601,1.6272,1.8526,1.5593,1.2916,1.4078,0.19427586251439447,0.11622746953270767,0.43207418156155003,0.31584671202884235
